base_x,base_y,base_z,base_error,base_ncams,base_score,thumb_CMC_x,thumb_CMC_y,thumb_CMC_z,thumb_CMC_error,thumb_CMC_ncams,thumb_CMC_score,thumb_MCP_x,thumb_MCP_y,thumb_MCP_z,thumb_MCP_error,thumb_MCP_ncams,thumb_MCP_score,thumb_DIP_x,thumb_DIP_y,thumb_DIP_z,thumb_DIP_error,thumb_DIP_ncams,thumb_DIP_score,thumb_tip_x,thumb_tip_y,thumb_tip_z,thumb_tip_error,thumb_tip_ncams,thumb_tip_score,index_MCP_x,index_MCP_y,index_MCP_z,index_MCP_error,index_MCP_ncams,index_MCP_score,index_PIP_x,index_PIP_y,index_PIP_z,index_PIP_error,index_PIP_ncams,index_PIP_score,index_DIP_x,index_DIP_y,index_DIP_z,index_DIP_error,index_DIP_ncams,index_DIP_score,index_tip_x,index_tip_y,index_tip_z,index_tip_error,index_tip_ncams,index_tip_score,middle_MCP_x,middle_MCP_y,middle_MCP_z,middle_MCP_error,middle_MCP_ncams,middle_MCP_score,middle_PIP_x,middle_PIP_y,middle_PIP_z,middle_PIP_error,middle_PIP_ncams,middle_PIP_score,middle_DIP_x,middle_DIP_y,middle_DIP_z,middle_DIP_error,middle_DIP_ncams,middle_DIP_score,middle_tip_x,middle_tip_y,middle_tip_z,middle_tip_error,middle_tip_ncams,middle_tip_score,ring_MCP_x,ring_MCP_y,ring_MCP_z,ring_MCP_error,ring_MCP_ncams,ring_MCP_score,ring_PIP_x,ring_PIP_y,ring_PIP_z,ring_PIP_error,ring_PIP_ncams,ring_PIP_score,ring_DIP_x,ring_DIP_y,ring_DIP_z,ring_DIP_error,ring_DIP_ncams,ring_DIP_score,ring_tip_x,ring_tip_y,ring_tip_z,ring_tip_error,ring_tip_ncams,ring_tip_score,pinky_MCP_x,pinky_MCP_y,pinky_MCP_z,pinky_MCP_error,pinky_MCP_ncams,pinky_MCP_score,pinky_PIP_x,pinky_PIP_y,pinky_PIP_z,pinky_PIP_error,pinky_PIP_ncams,pinky_PIP_score,pinky_DIP_x,pinky_DIP_y,pinky_DIP_z,pinky_DIP_error,pinky_DIP_ncams,pinky_DIP_score,pinky_tip_x,pinky_tip_y,pinky_tip_z,pinky_tip_error,pinky_tip_ncams,pinky_tip_score,M_00,M_01,M_02,M_10,M_11,M_12,M_20,M_21,M_22,center_0,center_1,center_2,fnum
-0.06450623251987832,0.08338167417406316,0.3928392401097075,5.5057386965717345,4.0,1.0,-0.03559169210730198,0.06353771406606563,0.3844522158473158,5.789387962876681,4.0,1.0,-0.011407789399655402,0.05086930552256156,0.38078927786976235,10.492649215274414,4.0,1.0,0.011287574679487935,0.04212684562429019,0.3826490332738435,18.991702688631754,4.0,1.0,0.040425191277099426,0.03325640281687277,0.37959223997924996,31.698807433281036,4.0,1.0,-0.014033338837114545,0.025751616555665675,0.42541835290527524,7.238795106627719,4.0,1.0,0.004480652588979304,0.004877672804561778,0.4411859380216156,10.985756344097414,4.0,1.0,0.014887197244710068,-0.012395633290214272,0.4491144685002458,13.662707982755139,4.0,1.0,0.027123348398467622,-0.03159803420644348,0.46075018068477497,18.83083478111478,4.0,1.0,-0.030359848078914342,0.017893822028290384,0.4380744360757477,5.817089256236748,4.0,1.0,-0.019893057591592392,-0.004378786826614087,0.45715331018001115,7.909763998734627,4.0,1.0,-0.014674831193699426,-0.025135469104802573,0.4671565028687822,8.566410837224346,4.0,1.0,-0.0077254259593341704,-0.048078913917302395,0.47933308716954126,12.273126140882514,4.0,1.0,-0.05487357164136036,0.01982962205075511,0.43687534741617123,4.49211190118006,4.0,1.0,-0.05288471888767603,-0.0026231403224495943,0.45318132818674417,5.355327354719824,4.0,1.0,-0.055548968966700064,-0.023715705883863868,0.4653551809005271,4.493116782594954,4.0,1.0,-0.054293753182160696,-0.04551358508249347,0.47932513226992823,5.677414083761657,4.0,1.0,-0.07433432022913913,0.02129136366023882,0.4319786058350011,7.495875549381296,4.0,1.0,-0.08108249521198331,0.0036046514765025535,0.43612760340123735,9.966309070042978,4.0,1.0,-0.08696759685951104,-0.012693086962507361,0.4396166437081942,12.828630358521746,4.0,1.0,-0.09035582425632194,-0.031587737153310015,0.446167074718861,13.237081532806407,4.0,1.0,1.0,0.0,0.0,0.0,1.0,0.0,0.0,0.0,1.0,0.0,0.0,0.0,0
-0.06791257945527246,0.08831227620692836,0.3926216953968421,5.978395900857891,4.0,1.0,-0.03830142638945537,0.06868543066711494,0.3846804941344575,6.302684666064902,4.0,1.0,-0.013999722957913355,0.05633353567296363,0.3814966796704069,10.998743947909851,4.0,1.0,0.008718262651460409,0.04822747694995422,0.3841131695475801,19.723969427263413,4.0,1.0,0.03760252309842456,0.039069156089275865,0.38198096817949995,34.305648319972455,4.0,1.0,-0.016238412922116405,0.03213324266978718,0.4265464008733829,7.879035747565146,4.0,1.0,0.0024384710049591015,0.01148386854474907,0.4428849825001785,10.52131405678922,4.0,1.0,0.012946223303165395,-0.005814407767740248,0.4511493125486708,13.76852690225593,4.0,1.0,0.02520679021788998,-0.024626649685937897,0.4629575818167872,19.19531158393179,4.0,1.0,-0.03261586323404343,0.024317461895471914,0.43937117557967664,5.955846942703788,4.0,1.0,-0.021878392438655303,0.002034250667116623,0.45840756375930636,7.646177329262979,4.0,1.0,-0.016245996538094123,-0.018976478254976167,0.46814855114379145,9.27523732946668,4.0,1.0,-0.0087219080318324,-0.042022651841853303,0.4801927650564076,13.632399158399732,4.0,1.0,-0.05740069895039617,0.02591203424949868,0.4380400160898786,4.644985846574588,4.0,1.0,-0.05479328312000182,0.0031934654917310594,0.45440299870156964,5.330662625127923,4.0,1.0,-0.056658435876189454,-0.018182290689984185,0.4665475577724247,4.99787165845712,4.0,1.0,-0.05463420175040139,-0.040048134467168546,0.480365497622612,6.18440025234379,4.0,1.0,-0.07694519847828571,0.026896787587663167,0.4330022091853209,7.434115548150832,4.0,1.0,-0.08278156831789531,0.008337670554230861,0.43624333819310207,9.749840565451038,4.0,1.0,-0.08783388039898707,-0.008682760859903693,0.4391621074874516,12.229256327781716,4.0,1.0,-0.09054971134436546,-0.028410463813020377,0.4453772818830949,12.789001589131537,4.0,1.0,1.0,0.0,0.0,0.0,1.0,0.0,0.0,0.0,1.0,0.0,0.0,0.0,1
-0.07186085862934358,0.09453879476270881,0.3885074139079755,5.83686609356065,4.0,1.0,-0.04190510926394377,0.07533763471962485,0.37993816199288055,5.727609791414709,4.0,1.0,-0.017099089302061953,0.0633113126282264,0.3762732102228502,8.560916392067675,4.0,1.0,0.005831521362760705,0.0554207109826143,0.3783747809593885,16.370839721398827,4.0,1.0,0.03520915575370485,0.046924824756904356,0.37587373810492725,29.391598847834892,4.0,1.0,-0.01985903250709103,0.038084305845771396,0.42093524360419626,6.297780945217979,4.0,1.0,-0.0018266133152482344,0.016446296760184945,0.4356549684140603,8.049962702775545,4.0,1.0,0.008279945844963024,-0.0012936043299444017,0.44271783038988033,10.940443258393778,4.0,1.0,0.02022154238286818,-0.02054196853416296,0.45350816452226195,15.67973779797837,4.0,1.0,-0.03630921415614922,0.02983484366102228,0.4336884287274786,4.129594193349714,4.0,1.0,-0.024952735942449376,0.006984223891981627,0.4521837334727844,6.170710913886751,4.0,1.0,-0.018967599492530837,-0.013924550897030702,0.4618240751337714,6.934208972467458,4.0,1.0,-0.011179756413917906,-0.03674456102593499,0.47386739399617833,10.861266247153106,4.0,1.0,-0.061107521219306536,0.031194562294791867,0.4325203817031289,3.37142917544829,4.0,1.0,-0.05803934424162458,0.007563632243508133,0.4477297910429439,4.749291771921056,4.0,1.0,-0.05957322192412302,-0.014467532668704142,0.4591048608458821,4.535207472252851,4.0,1.0,-0.05721878724927235,-0.03685469193760334,0.472564113066808,6.339545776920907,4.0,1.0,-0.08067928578647145,0.03210604452326021,0.42758245466052763,6.703494500401439,4.0,1.0,-0.08638962143135291,0.013534764484333653,0.43079746856160495,9.122929406629147,4.0,1.0,-0.0914053441637815,-0.003409695996145985,0.4337081425100968,11.703116967863643,4.0,1.0,-0.09388197648693349,-0.022780866091864284,0.44012757594657104,12.304581874943425,4.0,1.0,1.0,0.0,0.0,0.0,1.0,0.0,0.0,0.0,1.0,0.0,0.0,0.0,2
-0.07478873351007168,0.0964877073225484,0.3843804679061723,6.74706979017243,4.0,1.0,-0.04502495440332885,0.0768948851103032,0.375171282414757,6.396612322541181,4.0,1.0,-0.02034348466181662,0.06454679111924996,0.3714498205579117,9.88210639809228,4.0,1.0,0.0024195375579896326,0.05589569808386345,0.3732712066484728,18.27241980475614,4.0,1.0,0.03143148627978177,0.04686511991108642,0.3699526645550139,33.4311492175324,4.0,1.0,-0.02309958637741713,0.03703779048343139,0.4145520909356084,7.700259684917927,4.0,1.0,-0.005140652805552878,0.014683257596893774,0.4284361620772211,10.049271711220591,4.0,1.0,0.00495802612558936,-0.0032313901100776443,0.4350599464919804,12.64574143335032,4.0,1.0,0.01680283154962145,-0.02290521460598604,0.44560226689087845,17.679466784443218,4.0,1.0,-0.039367600178564256,0.028429728153629676,0.4269719389179564,5.637807332336715,4.0,1.0,-0.02792731679564616,0.004449857102154507,0.4442051489889675,7.387456287132637,4.0,1.0,-0.021949655620037985,-0.016706737739262935,0.4533501640848475,8.111524256509297,4.0,1.0,-0.014150336265338206,-0.03980239961238527,0.4653060410321745,11.264936442292107,4.0,1.0,-0.06398581532181631,0.030354177635217815,0.425908678594481,3.240653821827274,4.0,1.0,-0.06093346019141838,0.006278329037177922,0.440450811027594,3.6590208901819463,4.0,1.0,-0.0625258608410452,-0.015890149128230877,0.451544596544833,3.0102225203421953,4.0,1.0,-0.06046800413004015,-0.03829565897426375,0.4648733282273634,6.230626398784802,4.0,1.0,-0.08349723766379727,0.03204298959687099,0.4210850956810164,5.706994301101892,4.0,1.0,-0.08957104951656131,0.013720866040246872,0.42393827783515864,7.884130139277589,4.0,1.0,-0.09471990974183135,-0.0030348511718912637,0.42655486634121753,10.144385516806151,4.0,1.0,-0.09755167367494895,-0.02238846646253644,0.4329449285057495,10.325627342538944,4.0,1.0,1.0,0.0,0.0,0.0,1.0,0.0,0.0,0.0,1.0,0.0,0.0,0.0,3
-0.07877186018275809,0.09923334839989047,0.37928197704254624,6.931155956851814,4.0,1.0,-0.049173302756879575,0.07958937328718592,0.36988551691783206,6.027700719676603,4.0,1.0,-0.024645233558114217,0.06682193531056442,0.3659454224467672,10.40365632286148,4.0,1.0,-0.0017845980891247075,0.057614953504975475,0.367625885752383,19.256931297949922,4.0,1.0,0.027079361343556194,0.04817833025286498,0.3638108848152897,34.206233128860866,4.0,1.0,-0.02780846478998432,0.037990563105450924,0.40831133781656137,7.59532137946897,4.0,1.0,-0.009632440171412881,0.015734199085314992,0.4232540444840909,11.749465715641549,4.0,1.0,0.0007860895046913184,-0.0018858062228817648,0.4309645858637347,15.69191480234193,4.0,1.0,0.01279863984448385,-0.021432339800946318,0.4424303973924068,21.880697592745292,4.0,1.0,-0.04411481714055654,0.029086718813638782,0.42021839446960557,5.291818391574782,4.0,1.0,-0.03351279148739023,0.004185047427477875,0.4358130429864301,7.7318260238719985,4.0,1.0,-0.02795962777503434,-0.01705155547324986,0.44439457380891484,8.998272929010565,4.0,1.0,-0.020565005470985526,-0.04014822957254294,0.4563205414922444,12.63235123327053,4.0,1.0,-0.06854380603112513,0.031412706670150184,0.41887410225251204,3.3835650247888034,4.0,1.0,-0.06567207005859897,0.007346306232452278,0.4326986536175616,3.851704071215819,4.0,1.0,-0.0674392707888461,-0.014489993453622637,0.4436476860515381,2.9775649988913275,4.0,1.0,-0.06545208208183521,-0.036547084748487904,0.4570096066457328,5.755576189059395,4.0,1.0,-0.08789764473282648,0.0335910156014545,0.41390120177960843,5.53117283392633,4.0,1.0,-0.09403967676222155,0.015479775239333993,0.41662897124420434,7.322532128299816,4.0,1.0,-0.09951298804041175,-0.0009668938254350433,0.4192215041380495,9.805354039899623,4.0,1.0,-0.10270936656194392,-0.019853222042844954,0.42521659115791083,10.541586131381067,4.0,1.0,1.0,0.0,0.0,0.0,1.0,0.0,0.0,0.0,1.0,0.0,0.0,0.0,4
-0.08335474548703996,0.10091054167675666,0.3767452797789054,7.056062438440909,4.0,1.0,-0.05381887254697971,0.08132106735081247,0.3673882944121864,6.139417687338003,4.0,1.0,-0.029177890589525267,0.06867142979587984,0.3638662398257648,11.250239659904897,4.0,1.0,-0.006661207798458499,0.05906356145157916,0.36613786695933787,21.179216318814657,4.0,1.0,0.021605126667957938,0.048811980174461006,0.3628304433519871,37.78300278885088,4.0,1.0,-0.03283370483936141,0.039034340244266545,0.40534357910498053,8.381307017539202,4.0,1.0,-0.014843151468564143,0.016826797164836194,0.42061295558938055,12.477960702084328,4.0,1.0,-0.004547108882562037,-0.0008080894168043086,0.4285609087051518,16.869249660380454,4.0,1.0,0.00743291770504993,-0.020294940402813877,0.4403939507743871,23.247842091873682,4.0,1.0,-0.049108628269383836,0.029990879958895784,0.4169223552744313,5.740184000764901,4.0,1.0,-0.03890055143127051,0.004556910771284286,0.43214451135292475,8.153079219019808,4.0,1.0,-0.033624453464218634,-0.016808202950010717,0.44067241618710734,10.43637017476538,4.0,1.0,-0.026342944605169713,-0.04001048995540938,0.45285416575707166,14.564895236167317,4.0,1.0,-0.07341672364065222,0.032442835412535544,0.41541249327760627,4.585333595204742,4.0,1.0,-0.07099668918080018,0.008229842479977243,0.428911425496176,3.957206044486419,4.0,1.0,-0.07304287350122955,-0.01364118840538581,0.43958836342538204,2.743084425246862,4.0,1.0,-0.0713226652692987,-0.035660769656156215,0.45269967397301175,5.502900840723572,4.0,1.0,-0.09268760295454254,0.034791912624603606,0.41033945546936285,6.778444396538892,4.0,1.0,-0.09905538758548339,0.0167844307321638,0.4128758320994453,7.057599977397903,4.0,1.0,-0.10470986127969437,0.0003590433726206318,0.4152787379496623,9.630997040860743,4.0,1.0,-0.10806616817923098,-0.01837581229915288,0.4211797414007417,10.689204559879112,4.0,1.0,1.0,0.0,0.0,0.0,1.0,0.0,0.0,0.0,1.0,0.0,0.0,0.0,5
-0.08605790306956654,0.10146749385011326,0.37679569751390407,6.174395266202309,4.0,1.0,-0.05627933279083535,0.08239488442960555,0.3678687186603603,5.629098730790214,4.0,1.0,-0.03146145489753769,0.07004460839304591,0.36463605698457957,12.173052994680685,4.0,1.0,-0.008919812461239674,0.06024598545411492,0.36718593297100277,22.92203907205623,4.0,1.0,0.01894912921630582,0.049327600525882136,0.3638220976698937,40.457098326794835,4.0,1.0,-0.03530101843465696,0.04032253917345166,0.40581043371234704,7.956573332675974,4.0,1.0,-0.017460394175282876,0.018002650942918422,0.42074138266922245,12.004138468402594,4.0,1.0,-0.007107550492839631,0.00040346909035500613,0.4285540091753932,16.030180955904132,4.0,1.0,0.0049042384833878055,-0.01913686578015436,0.4402115469231612,21.87933174089748,4.0,1.0,-0.05170735308989982,0.030991477602518677,0.41697653834855547,5.140533642137426,4.0,1.0,-0.04135392403923718,0.005877637362509996,0.432596626089748,7.14052751149081,4.0,1.0,-0.035888694680632376,-0.015320868770694888,0.4413595080888809,9.267270996830502,4.0,1.0,-0.02853561850676412,-0.03834384196220038,0.45343291740803865,13.544219329034007,4.0,1.0,-0.07605168462238615,0.033095099405574986,0.4150892803193977,4.286402176876381,4.0,1.0,-0.07370751188591516,0.008868334722098883,0.4285976296876453,4.3146882453813955,4.0,1.0,-0.07588144275125608,-0.01291949436347155,0.43929737179312506,3.7656301403806647,4.0,1.0,-0.07429187386057458,-0.03464188800278789,0.4524967274192961,5.9377126837446275,4.0,1.0,-0.09526058876065029,0.03515467449831223,0.40979100746346253,7.479746824598767,4.0,1.0,-0.1015672896826324,0.017098978017997767,0.41211358178071483,8.780737675636047,4.0,1.0,-0.10724863011205843,0.0007178694786307369,0.4145020775265139,11.646543693505691,4.0,1.0,-0.1108275872930686,-0.018022495888737687,0.42038860757138086,12.609860272979635,4.0,1.0,1.0,0.0,0.0,0.0,1.0,0.0,0.0,0.0,1.0,0.0,0.0,0.0,6
-0.08846132396255668,0.10199620052530008,0.3779108914930972,6.091841502885394,4.0,1.0,-0.05848720267410921,0.0826977783057814,0.3695066336883673,6.448188941057603,4.0,1.0,-0.033659283142683634,0.06988596060956727,0.36655184521813583,13.471659612690988,4.0,1.0,-0.010941216842850926,0.060521153384198736,0.36913295474572927,24.579347588550423,4.0,1.0,0.017303701715758586,0.0502875894357622,0.36591573001503963,42.46431651545883,4.0,1.0,-0.037347219548652145,0.04079534997830001,0.40775628314984663,9.307280718188494,4.0,1.0,-0.019512877120074195,0.018292266463517455,0.4232694523707782,13.911575628904815,4.0,1.0,-0.009330666749598758,0.0004894251970497728,0.4313044803184764,18.622136026556,4.0,1.0,0.002389218828166928,-0.019291657792788897,0.44281828791265015,25.344385031747027,4.0,1.0,-0.053735402980895165,0.03173498515551537,0.4186555793354988,5.997893002095699,4.0,1.0,-0.04346577215096115,0.006479792977947273,0.4343385724623419,8.142947773728068,4.0,1.0,-0.038129438850544324,-0.01480957400392103,0.4430250494686971,10.586274998745633,4.0,1.0,-0.030970721794094165,-0.037985619736145906,0.45500785349041245,15.205715111721444,4.0,1.0,-0.07800446095616953,0.03395992946677902,0.41650418066739403,5.916189613825495,4.0,1.0,-0.07558132368576916,0.009782657131711347,0.4296839146182171,5.44020998208111,4.0,1.0,-0.07764298397817711,-0.011975168889485806,0.44020305051255704,4.358928056793633,4.0,1.0,-0.07592978268208857,-0.03386436454318377,0.453237114276098,5.4720213812215,4.0,1.0,-0.09720493736248559,0.03610202677598115,0.4110443010588932,9.605508374715923,4.0,1.0,-0.10357347524620454,0.018172169466042647,0.41321676943069957,10.540589222162827,4.0,1.0,-0.10928699206193143,0.0019029379926222632,0.4155250265116872,13.653309754533232,4.0,1.0,-0.11302421664029053,-0.016656270697315078,0.4213053446346833,15.019234685962676,4.0,1.0,1.0,0.0,0.0,0.0,1.0,0.0,0.0,0.0,1.0,0.0,0.0,0.0,7
-0.08939138129817474,0.10205887778866847,0.3793349560474986,5.936677772864686,4.0,1.0,-0.059362237284718,0.08311364139455958,0.37096931899454444,6.161441666432289,4.0,1.0,-0.03454545815099343,0.0705975545796885,0.3682099897326776,13.377811060225014,4.0,1.0,-0.01184838450846008,0.061378982964114974,0.3709434567600159,24.13045203303268,4.0,1.0,0.016150804702799285,0.05100761237327092,0.36761952806347237,41.20445999371489,4.0,1.0,-0.038499856635844765,0.04112872963234025,0.4090688953058434,8.583876586227472,4.0,1.0,-0.02086151997173218,0.018717713734721364,0.4242056352298548,12.66547538304702,4.0,1.0,-0.010844793524977147,0.0010919720892112845,0.43181925863380244,16.696703398230913,4.0,1.0,0.0006842878538384338,-0.018363205699220973,0.44293490637881,22.675617657050722,4.0,1.0,-0.05502731864956462,0.03186701555384276,0.4198280896554332,5.233286550854706,4.0,1.0,-0.04480671842097868,0.006838771109478574,0.4356664956172555,7.495764527206723,4.0,1.0,-0.03936188559250517,-0.01427136840868158,0.4445369930668539,9.944413720082844,4.0,1.0,-0.03212619583835042,-0.03720403210572973,0.4566496930295571,14.640898834412287,4.0,1.0,-0.07934425062065573,0.033964985769240806,0.41754855624759213,4.668567795983488,4.0,1.0,-0.07706210996763689,0.009904421266833099,0.43095541989201946,4.791405615010364,4.0,1.0,-0.07908144711975845,-0.011804953175437139,0.4416744956924226,4.069169814205003,4.0,1.0,-0.07732433587310801,-0.03369011182367923,0.4548501856359295,5.834184660771924,4.0,1.0,-0.09850816729823042,0.03606640226968255,0.4119872640064735,8.331094720837138,4.0,1.0,-0.10511054064583167,0.018330182103410066,0.41431411204985813,9.962091682393082,4.0,1.0,-0.11096686955847251,0.0021305979041623705,0.4166678775618857,13.259727743924103,4.0,1.0,-0.11483323589624525,-0.01636270295102135,0.4222201681892884,14.721427473555321,4.0,1.0,1.0,0.0,0.0,0.0,1.0,0.0,0.0,0.0,1.0,0.0,0.0,0.0,8
-0.0898332586894046,0.10378786428536192,0.3816963467772305,7.3564154806701865,4.0,1.0,-0.0592806384164255,0.08527093839980797,0.3735910524326624,7.236631145259533,4.0,1.0,-0.03447542151960611,0.07265014742732319,0.37111101244542577,14.491179030186967,4.0,1.0,-0.01205349511585434,0.06308143203397139,0.3743079833160394,26.040064331550035,4.0,1.0,0.015509249714565798,0.05234102885239002,0.3715058295008177,45.10365914621542,4.0,1.0,-0.03867427338547999,0.04426438497709797,0.41228407212871543,9.030384394482153,4.0,1.0,-0.02145895683534166,0.021989241109732768,0.42788780384438874,11.879190880831061,4.0,1.0,-0.01156205794100085,0.004375957883456308,0.4357337695489613,15.158960186241751,4.0,1.0,-7.329122878905647e-05,-0.01505000556696397,0.4472012453330966,20.00155440451862,4.0,1.0,-0.05557860712583332,0.034804423089802056,0.42304677905048454,5.549501573593421,4.0,1.0,-0.04528051720707592,0.009958338708622639,0.4390878174706705,6.697823014390078,4.0,1.0,-0.03972863916345467,-0.010962291893587783,0.4482437231029224,8.280792455927564,4.0,1.0,-0.03226486480035244,-0.03350041637890303,0.46078495505240136,12.313672384953428,4.0,1.0,-0.08011842405399175,0.03638981853385965,0.42064776102872176,4.180281694663762,4.0,1.0,-0.07784304674981145,0.012229900649281493,0.4338494274950045,3.8220983750630535,4.0,1.0,-0.07975399620073692,-0.009650256939511536,0.44455518602508215,4.025232178035491,4.0,1.0,-0.07785183018925758,-0.03147420948395372,0.45791614576996337,6.231654117868102,4.0,1.0,-0.09935834840532996,0.037982670207837875,0.41498102749629645,7.989036268541586,4.0,1.0,-0.10589470525576251,0.019922482024165043,0.4169613550497036,10.330896730105184,4.0,1.0,-0.1117663398560432,0.00354911716448489,0.41912863865414224,13.797459129425238,4.0,1.0,-0.11579182227144316,-0.015074740546472972,0.424934612636487,15.635511068357665,4.0,1.0,1.0,0.0,0.0,0.0,1.0,0.0,0.0,0.0,1.0,0.0,0.0,0.0,9
-0.08941737060058404,0.10658408550767753,0.38565706527792243,6.712511788303663,4.0,1.0,-0.05856995953683836,0.0881665779391689,0.3778626935977869,7.035093480143404,4.0,1.0,-0.033500938628049474,0.07587724071839193,0.37500318239830466,12.610649983234008,4.0,1.0,-0.010778379343859966,0.06680020365193098,0.3778914425386541,22.482080878285498,4.0,1.0,0.017769693283462337,0.057342618898076465,0.3750547747528307,38.47043585405938,4.0,1.0,-0.03861726985408793,0.04796223741204859,0.4169504182383284,8.888490694217866,4.0,1.0,-0.02189948996287139,0.025802767620085335,0.43223849412207677,11.452928353618738,4.0,1.0,-0.012152167658148916,0.008204560548131358,0.439939878600187,14.17595349064285,4.0,1.0,-0.0008780912387782324,-0.011197474940435596,0.4514586220486185,18.72759796874039,4.0,1.0,-0.0559635469775801,0.038544005762993945,0.4276249918956242,5.8028980656664695,4.0,1.0,-0.04558034797598035,0.013845042741100221,0.4444498610678764,6.790939364879846,4.0,1.0,-0.039822767647057784,-0.007136061942130889,0.45406325839176453,8.342651350432554,4.0,1.0,-0.03206484742973463,-0.029838604663901945,0.46704011336421436,12.548180098005794,4.0,1.0,-0.08077457181621264,0.03988724906771983,0.4250305197707279,4.02430532054225,4.0,1.0,-0.07847774458110786,0.015910042619567584,0.4389047024966936,3.3166079641849846,4.0,1.0,-0.0803048425234176,-0.0059304001912361785,0.45016480822572197,3.8620257377071816,4.0,1.0,-0.07834202880575326,-0.027669466373964318,0.4640387282002814,6.871711615982996,4.0,1.0,-0.10013333519279592,0.04125412804493169,0.4192001462185722,7.515603175048897,4.0,1.0,-0.10674458184799192,0.02308513399483208,0.4215331073336244,9.027405081772184,4.0,1.0,-0.11248041050615674,0.0065842405317533,0.4240664378622089,12.46116315515443,4.0,1.0,-0.11609505950248526,-0.012068682945099971,0.4299897593797653,13.889234857468807,4.0,1.0,1.0,0.0,0.0,0.0,1.0,0.0,0.0,0.0,1.0,0.0,0.0,0.0,10
-0.08956718565115608,0.10817623460384049,0.387058361441183,6.659923360728201,4.0,1.0,-0.059030843936451104,0.08991091204962805,0.3796429187751842,7.1291584625542495,4.0,1.0,-0.03389627948982817,0.07770868236529431,0.37746985430060714,13.688621462133973,4.0,1.0,-0.011056597570167482,0.06867817686476839,0.3808498711236646,24.56076143691522,4.0,1.0,0.017475185728363474,0.05877683861031614,0.37905282036909504,42.416749177927024,4.0,1.0,-0.03945973664268209,0.050198631364633005,0.4194584931898213,9.172254316386928,4.0,1.0,-0.02269142446830024,0.027877071303803045,0.4364072498224809,12.356406382903407,4.0,1.0,-0.012778270173142668,0.01005590722711381,0.44556425832316615,15.75405708608033,4.0,1.0,-0.0013473957102090061,-0.009744259486468254,0.45842564713156214,21.276823715420317,4.0,1.0,-0.05683431363356942,0.04087237623426669,0.4302131477511079,6.219971751343371,4.0,1.0,-0.04710225000393723,0.01629021633294121,0.44713161935507784,7.703644036651613,4.0,1.0,-0.04155831541350305,-0.004935800144425284,0.45676879620099947,9.266334936193921,4.0,1.0,-0.03404153648959334,-0.028001202422340693,0.46968284126586834,13.44076424424853,4.0,1.0,-0.08158400527950177,0.042086286983692114,0.42752508179346393,4.462227685224836,4.0,1.0,-0.07958963379734571,0.018279068634236686,0.4417041081082918,3.843299137067465,4.0,1.0,-0.08155930999596459,-0.003384836219932352,0.4533683167434634,4.0726867486954,4.0,1.0,-0.07967778939246561,-0.024971477355603868,0.4675542543583727,6.409131961221973,4.0,1.0,-0.10084555878650477,0.04327927584047271,0.4216002610496311,7.915747594818399,4.0,1.0,-0.10756317951614658,0.025113156848870256,0.42422876989361424,9.422056043518939,4.0,1.0,-0.11335268612083314,0.008644313374424764,0.42704176451892895,12.87729270790626,4.0,1.0,-0.11696630495352031,-0.009908453898803314,0.43327250977976794,14.172959625807785,4.0,1.0,1.0,0.0,0.0,0.0,1.0,0.0,0.0,0.0,1.0,0.0,0.0,0.0,11
-0.08912910039789079,0.10951995630279505,0.38840348785351064,5.517204472538971,4.0,1.0,-0.05865075047778776,0.0918173189647659,0.38090679140428507,6.38345078911834,4.0,1.0,-0.033616851941690055,0.07902148464624031,0.37860883204338497,14.122012122438106,4.0,1.0,-0.011530576000769649,0.06808054075244216,0.3822596644991559,28.363991033349272,4.0,1.0,0.014326393839642943,0.053740215678775516,0.3802080654295015,55.93943939897063,4.0,1.0,-0.039419171294747785,0.0521934781296152,0.4203062043115156,7.01148039919481,4.0,1.0,-0.022931533779657936,0.029686722415506295,0.4354758980324157,8.398027705063168,4.0,1.0,-0.013252627883375402,0.011976266380961767,0.4433074290498729,10.137261046885072,4.0,1.0,-0.0019824677482332743,-0.007615500246141274,0.45485540699830723,13.889406260148272,4.0,1.0,-0.05688405696253254,0.04256001098087334,0.4308840890858044,4.54122186178074,4.0,1.0,-0.047152844867053095,0.018089569611664726,0.44798057192837937,5.046506570230063,4.0,1.0,-0.041560492052926425,-0.00294393129708192,0.4577370315233908,6.1599482790359215,4.0,1.0,-0.03405739625412217,-0.025803588926068828,0.47055268800130523,9.779435750443932,4.0,1.0,-0.0816385316142947,0.043509895789101305,0.4281169532770745,4.042556818074873,4.0,1.0,-0.07997171527222144,0.01969097231740829,0.44250419323686996,4.855999433147773,4.0,1.0,-0.08215863888322075,-0.001832339846153864,0.45429109653487276,5.6086001567176975,4.0,1.0,-0.08055023068520484,-0.02327939332346351,0.4686310719395886,7.061109873620389,4.0,1.0,-0.1008328280957774,0.0444790685873257,0.422117038627047,8.37690791763958,4.0,1.0,-0.10771110279244495,0.026405967478856235,0.42479387759130977,10.200244987282847,4.0,1.0,-0.1138208052758333,0.010052524742376405,0.42790846387817794,13.731032283720104,4.0,1.0,-0.11773017717238722,-0.008252565186202002,0.43413453592427087,14.615689302002531,4.0,1.0,1.0,0.0,0.0,0.0,1.0,0.0,0.0,0.0,1.0,0.0,0.0,0.0,12
-0.08925747393697823,0.10958790649608177,0.38947939327298686,4.925075417931912,4.0,1.0,-0.05909571489174071,0.09139227206162952,0.38168734736467974,5.977948848827429,4.0,1.0,-0.03395628996700849,0.07982843021191394,0.3790946543890927,11.460380689714876,4.0,1.0,-0.011268322393830861,0.07111315265760033,0.382199790214532,20.652265419786282,4.0,1.0,0.01758030115211034,0.06224435650116927,0.380430514590164,35.5332861611698,4.0,1.0,-0.04016020667749445,0.0515065852367175,0.42103567830324384,7.499124025865451,4.0,1.0,-0.023600718292613686,0.02869248582541733,0.43737836572164446,10.35905587969209,4.0,1.0,-0.013815814171167545,0.010766941061011582,0.4463082574903732,13.378522567503667,4.0,1.0,-0.0025366898648689655,-0.009077176512957261,0.45931273309639303,18.75847776960936,4.0,1.0,-0.05764219313887051,0.042084445534817126,0.43185998299964623,5.130972755418856,4.0,1.0,-0.048245499102895134,0.01764136724288365,0.4491026436654147,6.405210035771244,4.0,1.0,-0.04284690050745897,-0.0035357744694255065,0.4591248644057927,7.54368670167697,4.0,1.0,-0.03549464414320092,-0.026509900962808385,0.4724698121070216,11.5841320436502,4.0,1.0,-0.082370821944426,0.04338148929955535,0.42931939817183273,4.316468791790161,4.0,1.0,-0.08092432519363785,0.01968619631003433,0.4439825701119347,4.329878261407268,4.0,1.0,-0.083266235175376,-0.0017433296061967428,0.45608394190429535,5.313463501379894,4.0,1.0,-0.08174740452627413,-0.023009611787308128,0.47075144279173564,7.54937723407511,4.0,1.0,-0.10159790510974627,0.044632527481074366,0.42344370490653405,8.396252162136264,4.0,1.0,-0.10867593398446604,0.02654333189873707,0.42604707770253103,10.099163958658451,4.0,1.0,-0.11485931533887694,0.010203763863765833,0.42905374012564457,13.567289336901313,4.0,1.0,-0.11878223444113903,-0.008155008011438748,0.4354107669154663,14.492933817893114,4.0,1.0,1.0,0.0,0.0,0.0,1.0,0.0,0.0,0.0,1.0,0.0,0.0,0.0,13
-0.08954861339466576,0.10912126238366869,0.3894324849529525,6.02730164869987,4.0,1.0,-0.05914915464826242,0.09048403901147853,0.3818958821666331,6.896260035280294,4.0,1.0,-0.03431504401960457,0.07772851622941065,0.3791954307572785,13.443827381189214,4.0,1.0,-0.011826852433172408,0.06837493084980013,0.3821227920812605,23.75516389202296,4.0,1.0,0.016698130286964416,0.05891726113568817,0.380093809645038,40.67269629034617,4.0,1.0,-0.04038679071290052,0.05040457787190183,0.421424295180431,9.229173888137696,4.0,1.0,-0.023974159769954147,0.027620949475756208,0.43792426464420886,12.547115134807353,4.0,1.0,-0.01425433489026075,0.00962571386551745,0.4470933690424813,15.749974227285863,4.0,1.0,-0.003095884331974426,-0.01038271537499753,0.4602584053416297,21.148972316195,4.0,1.0,-0.057888133396858214,0.04134054146082634,0.4321565821545153,5.784899472244586,4.0,1.0,-0.04831034126238699,0.016850999268285857,0.4496131133067111,6.7590389843149605,4.0,1.0,-0.04270791544094966,-0.004312418772994213,0.4598581368598189,8.09766748929506,4.0,1.0,-0.03509672957869125,-0.02728392097578161,0.47330006953830267,12.189739513980157,4.0,1.0,-0.08247594241853017,0.04291187555689457,0.42952212271959755,4.441812423040647,4.0,1.0,-0.08095376526631336,0.019181913713932377,0.444113089577939,4.961534091872143,4.0,1.0,-0.0831492376176937,-0.0020692372630985245,0.45629831116146485,5.844815782496865,4.0,1.0,-0.08155082136728936,-0.023194631106149402,0.4710249147574145,7.717396040168128,4.0,1.0,-0.10156753642009839,0.04432498376755079,0.42361623658346537,8.787730641924309,4.0,1.0,-0.10846902618272755,0.026289657275928146,0.426332190397402,10.552397327842396,4.0,1.0,-0.11448290193347141,0.010087225749106303,0.4295428612585655,13.959198627455645,4.0,1.0,-0.11841018923294774,-0.00824643406683396,0.43595527919189636,14.518957822903728,4.0,1.0,1.0,0.0,0.0,0.0,1.0,0.0,0.0,0.0,1.0,0.0,0.0,0.0,14
-0.08969208038529254,0.10753392961020522,0.39033469138480326,6.166119318726855,4.0,1.0,-0.05953866600648687,0.08833582488805747,0.38292121581910454,6.59508463065357,4.0,1.0,-0.03445668868943052,0.07590268435765876,0.3803110718623279,12.846060264579236,4.0,1.0,-0.011721654035619623,0.06682334804236134,0.38309758806367883,22.57618552217831,4.0,1.0,0.01725145260659833,0.0575141649918441,0.3810089658484394,38.30423726440097,4.0,1.0,-0.04050782233973167,0.047995564593449794,0.42234125049495413,8.907198888281128,4.0,1.0,-0.0241910145364774,0.0252063905622095,0.4386361326221126,12.230026948579518,4.0,1.0,-0.014692626845043095,0.007374022301629829,0.44768174911615927,15.464230480307524,4.0,1.0,-0.0038210105617356347,-0.012338359908319158,0.46065190135464895,20.84669367687635,4.0,1.0,-0.057908543924828776,0.03925449788537227,0.4330549737472864,5.5755190499284115,4.0,1.0,-0.04845616602267088,0.015101480864847102,0.4505341146992832,6.7177734145723775,4.0,1.0,-0.04315380276903465,-0.005745009429928298,0.46085347774666174,8.166990946797391,4.0,1.0,-0.03597932198519182,-0.028368539328345693,0.4743410168745859,12.311978408154669,4.0,1.0,-0.0824889369439854,0.04122914951294642,0.43047031221027865,4.855962171317302,4.0,1.0,-0.08099459772839397,0.017807792045621447,0.44511277557330625,4.805829201613465,4.0,1.0,-0.08323867551845711,-0.003414998694052403,0.45719061087817436,5.600952428982051,4.0,1.0,-0.081539112867335,-0.024708320549175447,0.4717641718992759,7.949622862971308,4.0,1.0,-0.10168732301297619,0.04300952678894188,0.4246100099724014,8.794834939279525,4.0,1.0,-0.10894442079941073,0.02540452518718652,0.4276505722048645,10.396287679186399,4.0,1.0,-0.1150582587491939,0.009385857355407416,0.4308173171334778,13.706998009944359,4.0,1.0,-0.11890981234415016,-0.008969339487807476,0.4370633045605089,14.99025477218364,4.0,1.0,1.0,0.0,0.0,0.0,1.0,0.0,0.0,0.0,1.0,0.0,0.0,0.0,15
-0.08955207699088465,0.1058041305797926,0.39018904352005296,6.802342051116792,4.0,1.0,-0.05952501920526957,0.08624092362637609,0.3826614049197606,6.759074350672984,4.0,1.0,-0.034687746639933834,0.07305572349270624,0.38011046220524747,13.531092812822457,4.0,1.0,-0.01219632304572941,0.0636091963832554,0.383199590674841,24.068220587782083,4.0,1.0,0.016461723217089223,0.05390191436612893,0.3814754092564732,41.2398297360598,4.0,1.0,-0.041025922815441894,0.04593610249190011,0.42218584519534874,9.319450909176997,4.0,1.0,-0.024791973128819866,0.023083939467805847,0.4389123271421121,12.748578024351415,4.0,1.0,-0.015403430597525752,0.005068397018923476,0.4481399471545412,16.233791189870324,4.0,1.0,-0.004739784579327375,-0.014917395968253784,0.46135929463328573,21.865940633715624,4.0,1.0,-0.058440556681435774,0.03740077212331913,0.4330247238274364,5.7549450357821,4.0,1.0,-0.04907498892829141,0.013392678891734074,0.450492465218178,6.8335956826637565,4.0,1.0,-0.043865851441863904,-0.007472094997894606,0.4607229279990867,8.228684975490117,4.0,1.0,-0.0368216360911167,-0.030110348543207117,0.474168228858238,12.118285526037262,4.0,1.0,-0.08289720113388312,0.039659503325773934,0.4305113753130941,5.098110002316346,4.0,1.0,-0.08129480824090445,0.016192557239329376,0.4451533637035155,5.850186754302928,4.0,1.0,-0.08347168418345685,-0.00512270577509413,0.45713735053186166,6.109286415223483,4.0,1.0,-0.08181160799955046,-0.02650614332015578,0.4715798587700004,7.510139009523284,4.0,1.0,-0.10201239389170351,0.04159546534425481,0.42472751591083463,8.950729226057895,4.0,1.0,-0.10916872726712629,0.02394808612478968,0.4278051618479086,10.623891287704197,4.0,1.0,-0.11533625144038875,0.0078612187929586,0.43104505535700055,13.923455410939336,4.0,1.0,-0.11926991439460145,-0.010509538262160993,0.4373182948354577,14.659667611629477,4.0,1.0,1.0,0.0,0.0,0.0,1.0,0.0,0.0,0.0,1.0,0.0,0.0,0.0,16
-0.0897557274437627,0.1049124256215161,0.39017409240552153,7.081152392738448,4.0,1.0,-0.06039338897213125,0.08502681922490798,0.3825244496948432,6.246959131039557,4.0,1.0,-0.035583792460211094,0.07199450837225402,0.37991285431952426,11.41832406153235,4.0,1.0,-0.012717622194153719,0.06294139895314024,0.3826271489505289,20.873838952058566,4.0,1.0,0.016594641513996474,0.05397794819332295,0.3804883986440636,36.4896327836038,4.0,1.0,-0.04183835905129418,0.044455519282899536,0.42248067665653827,8.017792238670543,4.0,1.0,-0.025780354137677538,0.021665117544760543,0.4389974808082503,10.623672499578747,4.0,1.0,-0.01663030161968716,0.003695650552796753,0.44796625650316196,13.679873051277362,4.0,1.0,-0.005927259711272386,-0.016120988744980018,0.460998944640264,18.723769517632178,4.0,1.0,-0.05902991696861453,0.036110491833324015,0.4337097819465631,5.36135028195188,4.0,1.0,-0.049695350082410265,0.011984834159091337,0.45133204196864324,5.945770460514445,4.0,1.0,-0.044800089964200436,-0.008798983336228972,0.46166273209015285,6.977082251926391,4.0,1.0,-0.037896918435443065,-0.031345091316420576,0.47525871738364917,10.907226815278442,4.0,1.0,-0.08349249878644267,0.038638566935843895,0.43144817005446107,5.132022233301976,4.0,1.0,-0.08198089007671101,0.015146863343643251,0.4464127230332814,5.261914078686501,4.0,1.0,-0.08445268910128997,-0.006250396860607448,0.45850407262906556,5.651299856911997,4.0,1.0,-0.08310360484680923,-0.027711925872564564,0.4730472885580793,7.407936770694068,4.0,1.0,-0.10265319061293181,0.04081331991135463,0.4257938086601554,8.6609906739643,4.0,1.0,-0.10991057916638636,0.023153613938410447,0.4290870000733689,10.616551040104547,4.0,1.0,-0.11611668663107418,0.006892573042145399,0.4322539797679372,13.795870245989912,4.0,1.0,-0.12020987436615178,-0.011710771446515502,0.4386678911246494,14.605904579594966,4.0,1.0,1.0,0.0,0.0,0.0,1.0,0.0,0.0,0.0,1.0,0.0,0.0,0.0,17
-0.08995507903338344,0.10380713333197328,0.3912113162906674,7.111792362398699,4.0,1.0,-0.06074723621950213,0.08365407538778809,0.3835502386692598,6.32358013820071,4.0,1.0,-0.036355726702210475,0.07040035659053522,0.38102528333102925,10.570067101241154,4.0,1.0,-0.013805934521837704,0.060940542771359865,0.3837619616769885,19.472036001890327,4.0,1.0,0.015212256862843321,0.051359199888703674,0.3814339134471943,34.47180755482751,4.0,1.0,-0.042193596844632884,0.04344656404680366,0.4235451449072962,7.816762280199738,4.0,1.0,-0.026215277569424596,0.020939643865605616,0.44036155020125056,10.708673801291898,4.0,1.0,-0.01727194811697356,0.0030338937723929805,0.44928220221117615,14.044022342307223,4.0,1.0,-0.006838758247929998,-0.01681046592907851,0.46201274278514043,19.537764724059432,4.0,1.0,-0.05942613205535373,0.03534704919374897,0.43489625871397164,5.363876814589018,4.0,1.0,-0.05023514213936533,0.011402508092458468,0.4525037476450563,6.140781686161719,4.0,1.0,-0.0455148904675455,-0.009353660907323385,0.4627033560445536,7.242603985073703,4.0,1.0,-0.03878709530882623,-0.031926657013383104,0.4761136578210422,11.311698628435174,4.0,1.0,-0.08392425865260228,0.03804258378242579,0.43269786040076663,4.829660559746498,4.0,1.0,-0.08239448239418914,0.014666674189677644,0.4477686354445578,4.592358661550936,4.0,1.0,-0.08497668347458609,-0.006578645122838448,0.4598854344337742,4.981040601890687,4.0,1.0,-0.08364277642278846,-0.028081763905433675,0.47437735686866656,7.20047158738658,4.0,1.0,-0.10318357374235405,0.040285325321860764,0.4271081070880294,7.873534859847402,4.0,1.0,-0.11043382823215202,0.02263584796786828,0.4302745356323224,9.548376319754384,4.0,1.0,-0.11670422576568802,0.006440598483250836,0.4333514531905136,12.709608197116285,4.0,1.0,-0.1207640895409125,-0.012142612048405473,0.43964841309345115,13.322473599976977,4.0,1.0,1.0,0.0,0.0,0.0,1.0,0.0,0.0,0.0,1.0,0.0,0.0,0.0,18
-0.08995416168742978,0.10224276128628913,0.39051251133132514,7.577463115738341,4.0,1.0,-0.06125871437550396,0.08194001675348739,0.3821235803158565,5.729299648589324,4.0,1.0,-0.03714413184395168,0.06873871598201622,0.3791327010432041,7.926071718657434,4.0,1.0,-0.014500947214223018,0.0596449609717989,0.3814733926572446,15.65242621768836,4.0,1.0,0.014489201669296858,0.05030961301472131,0.37894274520944293,29.048918538505262,4.0,1.0,-0.04209571205635726,0.04260897051819408,0.42251391854383996,6.504651772069412,4.0,1.0,-0.026072119214280168,0.020511806774842208,0.4392855726176708,8.949272268742941,4.0,1.0,-0.017284619417587698,0.0027120097130850767,0.4481465732448694,11.87180613088254,4.0,1.0,-0.00696002341929109,-0.01700792645128229,0.4607324029566996,16.868228912932096,4.0,1.0,-0.059057791641066164,0.03485340933766413,0.43480953587910914,4.897201885150852,4.0,1.0,-0.049714856661089366,0.010938549298158226,0.45249226267439663,5.7834600940078715,4.0,1.0,-0.045174294650760255,-0.009798565161420374,0.4626096713212995,6.9010238598544635,4.0,1.0,-0.03873230590276968,-0.03233499882103301,0.475836054237427,10.878218059030235,4.0,1.0,-0.0835913442132094,0.03759718788350889,0.43341199099718136,3.929525871824736,4.0,1.0,-0.08185918053186343,0.014163303971313866,0.44857962915888755,4.1348443417145875,4.0,1.0,-0.084518150671142,-0.007228284392759341,0.46054005722582286,4.102438829695709,4.0,1.0,-0.08333484725874862,-0.029051384851983088,0.4745130437938903,6.772204095643918,4.0,1.0,-0.1030174947373465,0.03981350085474826,0.42835327813567786,6.2963105089113265,4.0,1.0,-0.11014384148042046,0.022003345072560798,0.43154325783157316,7.918447989001624,4.0,1.0,-0.11635267240175144,0.005747373663697429,0.4346341797200819,10.78924575789869,4.0,1.0,-0.12020674276018666,-0.012998817877124187,0.4407657735627081,10.802320171155795,4.0,1.0,1.0,0.0,0.0,0.0,1.0,0.0,0.0,0.0,1.0,0.0,0.0,0.0,19
-0.09070399539838987,0.0997764628856114,0.3887867812378316,9.289855097408353,4.0,1.0,-0.062272599744365026,0.07824422783598776,0.38066675111394055,7.857605773731875,4.0,1.0,-0.038337751153070435,0.06352017132414979,0.37799409469722695,10.044925360605774,4.0,1.0,-0.015593179771109546,0.053461958687039096,0.3807537587499542,18.646568703975372,4.0,1.0,0.01294335506066231,0.04144979624284392,0.37894077006596316,34.65365913833608,4.0,1.0,-0.04098112006970161,0.040902265660469936,0.42306037647376055,7.7679718891895195,4.0,1.0,-0.025262051366608487,0.0178836604336168,0.43853520582360594,9.839072743732922,4.0,1.0,-0.01786802235254228,-0.0011841384811175303,0.4446495612399481,12.419046285033904,4.0,1.0,-0.008978494869042924,-0.02264306343348992,0.4534884908868364,16.98943093044709,4.0,1.0,-0.05733456420970579,0.03425229385348814,0.4364572228007593,5.649528130119152,4.0,1.0,-0.04783657545935317,0.010233212937768259,0.4541378114693075,7.353696738229752,4.0,1.0,-0.04426950618535941,-0.011458847865669091,0.4620982359210555,8.23893817764225,4.0,1.0,-0.039086301215877736,-0.03557272727639487,0.47198027636776263,11.198245032897177,4.0,1.0,-0.08215945839522885,0.03736327659247198,0.4356495380459301,3.5593861781706875,4.0,1.0,-0.07971857010571773,0.013102213489986126,0.45056929635343085,3.094610488132332,4.0,1.0,-0.08257048528875015,-0.009198148739331408,0.4607940651884966,3.2637782502125434,4.0,1.0,-0.08183296398388878,-0.0324093284509873,0.47227528669231683,5.563247666604177,4.0,1.0,-0.10212473888480905,0.03966552462548402,0.43103838296295494,5.320450877498591,4.0,1.0,-0.10865164026342364,0.021476935163570583,0.43438498467366626,7.0351668798149625,4.0,1.0,-0.11419770552136821,0.004689567199104348,0.43662288042347813,9.792312389390254,4.0,1.0,-0.11752663945769881,-0.014895837135086236,0.44133334790461887,10.10113103701568,4.0,1.0,1.0,0.0,0.0,0.0,1.0,0.0,0.0,0.0,1.0,0.0,0.0,0.0,20
-0.09171070806154791,0.09235486906289765,0.38472272915001043,9.748566817993282,4.0,1.0,-0.06394407104830144,0.06993476000665014,0.37688353820578746,6.727969286514369,4.0,1.0,-0.04099150110190338,0.05356605309544326,0.3750668350830155,6.051042553505215,4.0,1.0,-0.018641647651734095,0.04291078342200867,0.37805608912935273,10.06629306244069,4.0,1.0,0.008527202308456171,0.02747265635106076,0.3775539777873985,20.321229863882554,4.0,1.0,-0.037600618713602714,0.040671302036722826,0.42137759354278903,4.265854969128984,4.0,1.0,-0.0238532814085305,0.018224084593570958,0.43792136322088887,6.80180760133314,4.0,1.0,-0.02082531515303375,-0.0021425496342605535,0.44258474754252625,9.641664816680127,4.0,1.0,-0.017436178160722442,-0.025549878890291998,0.44832349288534507,13.291782236879284,4.0,1.0,-0.05179454179461423,0.03678995129819763,0.4377994093496976,4.2571857896049865,4.0,1.0,-0.04454664330256376,0.011150459576648359,0.4527033820312159,6.627774638532457,4.0,1.0,-0.04462716714820058,-0.011340392333641394,0.4557761285073253,7.9367664975241325,4.0,1.0,-0.04359361915603498,-0.036868186263100976,0.45874639998760863,11.871750278009156,4.0,1.0,-0.07646721579575229,0.04002047944128295,0.4395837543110263,3.9079683698903818,4.0,1.0,-0.07327544175109811,0.01485484078888147,0.45220603659748454,2.666374511833067,4.0,1.0,-0.07709097235697475,-0.008327212219433588,0.45691604699491567,1.6944803513153992,4.0,1.0,-0.07763586750920116,-0.03292311259302143,0.46034403272764934,3.019937530117077,4.0,1.0,-0.09688269759564987,0.04162658526689093,0.43702077364897207,4.606277848392784,4.0,1.0,-0.1009287935732752,0.022521869686503812,0.4399178734317709,5.032218478488759,4.0,1.0,-0.10471493401925133,0.005007162712192519,0.43944706026123026,6.784924807430567,4.0,1.0,-0.10633209957296978,-0.015327782646543841,0.4394969541279624,5.957020947275481,4.0,1.0,1.0,0.0,0.0,0.0,1.0,0.0,0.0,0.0,1.0,0.0,0.0,0.0,21
-0.09071477456205326,0.08198857562784066,0.3790033170857018,8.952046719781599,4.0,1.0,-0.0653507224253928,0.05893870321908029,0.3738512222313571,7.167774498146398,4.0,1.0,-0.045530642627467977,0.03954847700704473,0.37270020294336065,3.35097149674965,4.0,1.0,-0.026913976666791153,0.02440757071654127,0.37615939176442537,4.932079194907518,4.0,1.0,-0.010016390999913145,7.526769887454354e-06,0.3800580939242535,6.285033218717578,4.0,1.0,-0.034238875871594444,0.04263512552094406,0.41854033393711476,5.727115319451308,4.0,1.0,-0.024013480638427835,0.019610950635479105,0.43817225742286586,5.059724351835487,4.0,1.0,-0.030219529236027942,0.0005974385157503969,0.43990670297531137,5.239680907298852,4.0,1.0,-0.04051086087291153,-0.018676017002657207,0.43795054899674424,10.095581263576292,4.0,1.0,-0.04515846428830701,0.043993524183168854,0.4367266998265489,5.2155275125910405,4.0,1.0,-0.041018408211279764,0.017090800858234747,0.45066206681973625,6.995236414768195,4.0,1.0,-0.048201326121658186,-0.002507957977840471,0.4466728058341224,6.811107910762016,4.0,1.0,-0.05656924683528042,-0.02204727400993633,0.4366861349137932,8.301998139967242,4.0,1.0,-0.0684652362115591,0.048458899460989635,0.4410503351298104,4.897920874535469,4.0,1.0,-0.06545388923984138,0.02379725518135894,0.4521514162284949,4.12783833905681,4.0,1.0,-0.07314505822329781,0.003290753706751359,0.4470094637110745,2.516734670104748,4.0,1.0,-0.07878777187954344,-0.014924635237113147,0.43436348962883536,3.3716427074266515,4.0,1.0,-0.08861631147556262,0.04994544299640824,0.4409349749602447,5.009236244350939,4.0,1.0,-0.08842319633222477,0.031255486625801354,0.4469010079458661,3.7663923539697604,4.0,1.0,-0.09105675270826591,0.015074617415602481,0.44249508518154357,4.427044124169537,4.0,1.0,-0.0918769243693505,0.0001448435861636699,0.4328437473641286,5.959433910755183,4.0,1.0,1.0,0.0,0.0,0.0,1.0,0.0,0.0,0.0,1.0,0.0,0.0,0.0,22
-0.09115187395787024,0.07205651223304964,0.37630684203758136,8.594167798387225,4.0,1.0,-0.0677887549130868,0.047958425776325114,0.3722125365338487,5.537731967487153,4.0,1.0,-0.05104130173047482,0.02698294612758102,0.37347595089695695,3.047570443639675,4.0,1.0,-0.036281419422455934,0.011070985480239999,0.38056841927063345,2.8656756652575113,4.0,1.0,-0.028509804641245487,-0.01326035549640153,0.39430308311106427,3.393791589673748,4.0,1.0,-0.0318645004348813,0.04086125012644321,0.41356920009444476,3.407065602354024,4.0,1.0,-0.023247339971747365,0.020781680211039447,0.4349660310638382,2.763377234278103,4.0,1.0,-0.034244523178534235,0.005786929755162033,0.4324320571443381,4.427782504513488,4.0,1.0,-0.04861283924566534,-0.0036650337453250225,0.4196040966534996,8.138765997385907,4.0,1.0,-0.03951549199759333,0.04674964950529955,0.43221046242412026,3.9415073998538013,4.0,1.0,-0.040632335488285626,0.020901976434471062,0.44527938201386197,1.8932541615708085,4.0,1.0,-0.053269676659737884,0.008164946449045085,0.43602940584805533,3.531875329562931,4.0,1.0,-0.0638255102440673,0.0036139662624700467,0.4180967388531891,5.216398086777125,4.0,1.0,-0.0612578558176228,0.05316612490441893,0.438335333367368,4.209466633956451,4.0,1.0,-0.05920824295358991,0.028901180431001334,0.4492792229676365,2.0883476214901497,4.0,1.0,-0.070825474019868,0.014441604013260988,0.43884312050476615,2.74024310804522,4.0,1.0,-0.07895524235840314,0.0115794893426381,0.4204161764499918,5.32614969347992,4.0,1.0,-0.08084658291823998,0.05573018974946074,0.44042176401077615,4.1460613138411375,4.0,1.0,-0.0787819039675813,0.03790199036713965,0.4487565537320065,4.6226644662619485,4.0,1.0,-0.0830746531121883,0.024329004120562697,0.4415404127349807,3.291706126667987,4.0,1.0,-0.08613901314796599,0.018382151511704872,0.4270925705889332,4.852791499472321,4.0,1.0,1.0,0.0,0.0,0.0,1.0,0.0,0.0,0.0,1.0,0.0,0.0,0.0,23
-0.09124699409641161,0.0680580890995637,0.37369777417327993,10.148365487952281,4.0,1.0,-0.07033184250552876,0.04141626388277743,0.3677087682652555,5.4195821056534905,4.0,1.0,-0.05498665408394027,0.019186437793407455,0.3691614144900643,4.833855922457106,4.0,1.0,-0.04127975785882262,0.0029049544721953527,0.37729630179307194,3.8540759356869114,4.0,1.0,-0.03642910195688018,-0.018933821136969897,0.39485047324936773,4.617347741571296,4.0,1.0,-0.029477582805469246,0.03195208891084358,0.40341796803717794,2.885240962622947,4.0,1.0,-0.02310696028144764,0.010471062922541763,0.42307536165976223,8.123716680892278,4.0,1.0,-0.03982460518663933,0.003948647835072961,0.4174318581954059,9.484137793796545,4.0,1.0,-0.05369204727612745,0.009721994381979432,0.40306433262652447,10.672726480343092,4.0,1.0,-0.03308825594677432,0.03913835395232238,0.4230361031946183,4.050793604659095,4.0,1.0,-0.03784025433755557,0.014528296537193694,0.4351328722894445,2.291007947134863,4.0,1.0,-0.054120026946283636,0.008342623526026605,0.4240529044018386,6.308204849837644,4.0,1.0,-0.06257939868391006,0.01538703050845947,0.40707320085811105,9.986680707832463,4.0,1.0,-0.05228084991362968,0.04765595384308594,0.4320352231869296,4.807129852515058,4.0,1.0,-0.052394250592626375,0.023897485596503794,0.44176954077060254,4.251379830152463,4.0,1.0,-0.06816359017096865,0.016361850934863215,0.42934874439297666,5.262955785115717,4.0,1.0,-0.0751233008784597,0.02528651704301944,0.4127648672630986,9.833454206831803,4.0,1.0,-0.07068319156570127,0.052010338952446056,0.43675593193338913,5.666470210662221,4.0,1.0,-0.06843759577809998,0.034341726936752075,0.44423884514538986,6.706317902714071,4.0,1.0,-0.07649515142928837,0.025172300786976767,0.4348292947190381,5.694656156701084,4.0,1.0,-0.08139034011451997,0.02951429781477431,0.4204709064556685,4.603717224973947,4.0,1.0,1.0,0.0,0.0,0.0,1.0,0.0,0.0,0.0,1.0,0.0,0.0,0.0,24
-0.09472446836315546,0.0643013778495848,0.3697345191271263,11.955431493224452,4.0,1.0,-0.07720201167147189,0.03416824055289467,0.36060171182305845,7.67736166644454,4.0,1.0,-0.06037003707356048,0.012024212387804307,0.36128520937034925,4.68437612568845,4.0,1.0,-0.044403466559519,-0.0033190445992619237,0.36652738111748817,4.308830300667749,4.0,1.0,-0.029376183883297814,-0.021631579328946,0.3840700647152393,2.8512504384955064,4.0,1.0,-0.03114692790989679,0.02058827577708784,0.3786386755951274,5.434596176651866,4.0,1.0,-0.03377789147688292,-0.00451814977486825,0.3933010086058257,5.319921551760347,4.0,1.0,-0.05027975198888242,0.0007370203187092215,0.38807246131685647,5.9297427616506475,4.0,1.0,-0.06014246575848732,0.014796077539674985,0.376956786105061,5.239863596585679,4.0,1.0,-0.029122701871669016,0.029359112754749374,0.3969220045869379,4.279229028937541,4.0,1.0,-0.04136253030189863,0.00756520093414289,0.4065164197787834,4.392729424177991,4.0,1.0,-0.05867854023769281,0.009820186081144332,0.3984668882122607,4.754297778338599,4.0,1.0,-0.06733183856301111,0.02171094852631339,0.384110704509211,3.1715276667381187,4.0,1.0,-0.043402633079383295,0.040529233885820214,0.4103872610258089,4.248331066221226,4.0,1.0,-0.05022216775016938,0.017798425765000903,0.416832605309372,5.766623735826034,4.0,1.0,-0.06770087284693486,0.02009854093717488,0.4067348773884345,5.7941996551811545,4.0,1.0,-0.07314426554526382,0.034585974669978196,0.3933647031000202,2.5205669331563714,4.0,1.0,-0.058453564627513145,0.047112972522025745,0.41979460814840386,5.512749538277132,4.0,1.0,-0.05992358667414013,0.0298624647839194,0.42503598580470386,6.265765717508221,4.0,1.0,-0.0719379909859773,0.029654022327834026,0.415870727296124,8.228869970621101,4.0,1.0,-0.07656345965129809,0.04016905547573512,0.4039352193698209,8.484866441746137,4.0,1.0,1.0,0.0,0.0,0.0,1.0,0.0,0.0,0.0,1.0,0.0,0.0,0.0,25
-0.09446388657032648,0.06163623903177108,0.3685538463726929,14.724181394273147,3.0,1.0,-0.08145592501724992,0.028701819610813632,0.3573702469316183,9.551670633055137,3.0,1.0,-0.06666151276041957,0.005678721716646216,0.35630644967307923,6.6112976771993415,3.0,1.0,-0.050729995784504434,-0.00936848563308482,0.3577171746277863,4.581366391539556,3.0,1.0,-0.029905684187649495,-0.02736063876104421,0.3720866013530887,1.673585739188524,3.0,1.0,-0.033625040725581735,0.009762577734389691,0.3635946148440954,4.851844749206915,3.0,1.0,-0.04308676080841809,-0.011512464765505357,0.3821209954065363,3.1555965783663225,3.0,1.0,-0.05944144230355546,-0.004549914407571867,0.38074217866836985,6.633903848930262,3.0,1.0,-0.06888940726121313,0.007486628491241213,0.36988559255881986,11.619891674871475,3.0,1.0,-0.027838513824024948,0.019779276553456134,0.38132657716605256,3.1895163695813777,3.0,1.0,-0.04570600034134816,0.0027270701209640607,0.3960235575236537,2.244406119087349,3.0,1.0,-0.06475602038695163,0.0068127654974372565,0.3918580171305394,4.004748984428764,3.0,1.0,-0.07394821733350941,0.016570767822389344,0.3775312684273957,7.626504482949269,3.0,1.0,-0.03875349310862491,0.03392133419395496,0.3973035450230508,3.3796771416016753,3.0,1.0,-0.05227211803426503,0.014727095712832908,0.40642880080137056,3.9647503232964305,3.0,1.0,-0.07141545333277838,0.018571554848640072,0.39960577998163815,4.424876398158386,3.0,1.0,-0.07579902603713677,0.030397831752897137,0.38540727288983445,5.9857042202938695,3.0,1.0,-0.0520158924216981,0.043316608609553706,0.40915959080082986,3.5980857993987776,3.0,1.0,-0.06019947532416731,0.02826365423909332,0.4139531473211891,4.7133982724668035,3.0,1.0,-0.07395883794894634,0.030710764970636233,0.4069328712006309,4.672238291300153,3.0,1.0,-0.07726231539408587,0.04031935330403773,0.3949172104866237,2.0025397255757267,3.0,1.0,1.0,0.0,0.0,0.0,1.0,0.0,0.0,0.0,1.0,0.0,0.0,0.0,26
-0.09547193534635513,0.05746379982488256,0.3669381780389818,14.111898982236397,3.0,1.0,-0.08456521742968377,0.024023726182226125,0.35571556464262455,8.908461664512357,3.0,1.0,-0.0704608687034163,0.000703216639365548,0.354321631194972,6.902683871525042,3.0,1.0,-0.05453660748244197,-0.014229875972418971,0.3562010200565798,4.798986520362711,3.0,1.0,-0.031903244807351364,-0.02983600687105867,0.37423259540127046,7.187663546803557,3.0,1.0,-0.038345996334547314,0.0033139587927076683,0.359098421541836,6.337138992861622,3.0,1.0,-0.048856059617717794,-0.01654436145916196,0.37904697192876696,4.119558747734804,3.0,1.0,-0.0642999092825616,-0.008737765946323844,0.37769225112343574,6.441610159167844,3.0,1.0,-0.07196912905166064,0.0038116817214414304,0.36671385090904185,12.772558118242676,3.0,1.0,-0.031485857847985015,0.013509170987780782,0.37656709947614353,6.227897439281194,3.0,1.0,-0.04986673220163235,-0.001950934349520148,0.3925099081028015,3.465136867925171,3.0,1.0,-0.06800159339663621,0.003132374236121601,0.38901336914599116,4.020308520565792,3.0,1.0,-0.07644600447856542,0.01298516790713736,0.3745897085861811,9.505313318675109,3.0,1.0,-0.04061793697137799,0.02849831226389182,0.3932986153302177,6.029943780845973,3.0,1.0,-0.05463452753790153,0.010364736470214683,0.40339489690794583,5.251700361449698,3.0,1.0,-0.07335469406539648,0.015206306246184915,0.39711165624614864,4.1487184362960745,3.0,1.0,-0.0769338004269954,0.02680851032707021,0.3826064719970952,7.214920978176868,3.0,1.0,-0.052451622502632016,0.03866413791935713,0.4059836907357948,5.924554878853411,3.0,1.0,-0.05959175164880694,0.023717753134623164,0.4113289614917056,6.046841886186353,3.0,1.0,-0.07384215760875794,0.02626752612861597,0.4045850791945852,3.012889648636765,3.0,1.0,-0.07902691208612997,0.036336660755693986,0.3918726385809755,2.693138955537137,3.0,1.0,1.0,0.0,0.0,0.0,1.0,0.0,0.0,0.0,1.0,0.0,0.0,0.0,27
-0.09601761150173312,0.055693888231229255,0.36547552356636376,13.197788741115376,3.0,1.0,-0.08703109605226456,0.02188677336521676,0.3542715138922437,8.54069307282497,3.0,1.0,-0.07370804751437403,-0.002306021566767455,0.35247735396050495,7.34931520167089,3.0,1.0,-0.05818550459043221,-0.018150776011920857,0.3547097983123148,6.0155176216529265,3.0,1.0,-0.03570169170231196,-0.033378248387135566,0.37384766509956513,8.995745797511272,3.0,1.0,-0.0409441877121449,-0.001465740966989369,0.3576122093678042,6.60476170546588,3.0,1.0,-0.05188686697785526,-0.021013602751398523,0.37798310323306666,4.258603366536782,3.0,1.0,-0.06714703509472006,-0.012094655029511611,0.37640534878791726,5.986204087428249,3.0,1.0,-0.07412877612458278,0.0009571861700490467,0.3648806591533771,11.562840015120178,3.0,1.0,-0.032879383479535645,0.00823501570767204,0.37516435996245184,5.277225030044632,3.0,1.0,-0.051769237154297036,-0.006328598813911089,0.3912408175362202,2.586417398124562,3.0,1.0,-0.06991035832935169,-0.0002391094892394707,0.3877553393871962,3.227027790752331,3.0,1.0,-0.07810902789619999,0.01005587075364768,0.37276022817474047,8.545795809544758,3.0,1.0,-0.04055434150775642,0.023532751822751136,0.39206032052503925,5.43282051494355,3.0,1.0,-0.05550830254439084,0.006149398266661006,0.4022696930721462,4.93898003861453,3.0,1.0,-0.0743851081097807,0.01205626884098679,0.3957103696715692,4.050901930833437,3.0,1.0,-0.07790491188292399,0.02415962706552903,0.3808390540317225,5.771575937842094,3.0,1.0,-0.051229898175893386,0.0340863942930131,0.40489502263799493,5.78869478192233,3.0,1.0,-0.059456814640793255,0.01974845892880415,0.4100252718711893,5.6835196671889605,3.0,1.0,-0.07386387621529253,0.02351172123532396,0.4029015127009207,3.9758014175647705,3.0,1.0,-0.0787036682078463,0.03419903883820591,0.39035727458871927,2.2372832693494846,3.0,1.0,1.0,0.0,0.0,0.0,1.0,0.0,0.0,0.0,1.0,0.0,0.0,0.0,28
-0.09520161901148207,0.054260971381674517,0.3641842101737516,14.292260068407751,3.0,1.0,-0.08726269101308848,0.020505043079547317,0.3529892003825922,9.159521794048795,3.0,1.0,-0.07484812955395084,-0.004018300189658394,0.3505697215318944,7.378075213678618,3.0,1.0,-0.059629912891123474,-0.020114047754694154,0.3529515997204991,6.002688887297308,3.0,1.0,-0.0373153970258478,-0.034849341024132285,0.3725631760202176,11.074359571590255,3.0,1.0,-0.04166313871817547,-0.004581464318139626,0.3555477696880149,7.099215527766695,3.0,1.0,-0.052906481981904695,-0.023765336116047617,0.37588890685174786,5.018447834840473,3.0,1.0,-0.06788928959017883,-0.014155357394466345,0.3742345490863403,6.4357063185245975,3.0,1.0,-0.07511108727007215,-0.0007902761361243656,0.3626057630479326,11.334689076097952,3.0,1.0,-0.033391523531918856,0.0046811889955376655,0.37283317159906915,5.191317745277389,3.0,1.0,-0.05265947805598911,-0.009186946162292573,0.389032509252549,2.487071525077692,3.0,1.0,-0.0704013314831814,-0.002079150163405554,0.3855187975592806,3.2749354359394207,3.0,1.0,-0.07868099649460365,0.00887561230080138,0.37054744757149216,8.4450470855499,3.0,1.0,-0.04057972789431463,0.02005459057432157,0.389734221609386,5.170167150360143,3.0,1.0,-0.05617028370872262,0.003307856170876537,0.4000152928446051,4.341382983008966,3.0,1.0,-0.07456630835031997,0.01025529158087154,0.3934838493921476,2.7429526715848467,3.0,1.0,-0.07864090188968961,0.02287925248559852,0.3785736278877254,5.18393757069208,3.0,1.0,-0.05092859894344474,0.030835483392175872,0.402578498855137,5.448328219682483,3.0,1.0,-0.05988378450971951,0.01708580230139201,0.4080604529166665,4.94499167926192,3.0,1.0,-0.07385244538793904,0.021426269611864005,0.4009677165318431,3.448766688665213,3.0,1.0,-0.07877036732877228,0.03233782066046485,0.38830310613647845,4.153081059548813,3.0,1.0,1.0,0.0,0.0,0.0,1.0,0.0,0.0,0.0,1.0,0.0,0.0,0.0,29
-0.09488920368051301,0.052143446756108984,0.36162871032784905,15.1244615720354,3.0,1.0,-0.08857090831807105,0.018238639030683866,0.3509031162627468,9.515806362056138,3.0,1.0,-0.07721968233819618,-0.006714337484226819,0.34865938905620975,6.900856395257907,3.0,1.0,-0.06298848351671385,-0.02355241580316866,0.35114757876734826,5.040748883038485,3.0,1.0,-0.04075314719650585,-0.03920829593248953,0.37045806356045025,11.062872172546212,3.0,1.0,-0.04413390002470051,-0.008859980883153753,0.3529994467563294,6.968286549717828,3.0,1.0,-0.05609282247826288,-0.02742818923749868,0.373531086383169,4.478654175983263,3.0,1.0,-0.07071177764004657,-0.01710994551536988,0.37193192683697673,5.404001969111561,3.0,1.0,-0.07778336722774322,-0.003305250990582226,0.36032695046987073,10.386952487701718,3.0,1.0,-0.0351399384896099,0.00019429217929113355,0.37000793497523443,5.398279872898434,3.0,1.0,-0.05449762231844042,-0.012759327592489288,0.386769204673702,2.337155725923022,3.0,1.0,-0.07188823321163276,-0.004879050966532904,0.38351144933750214,2.1801261631938833,3.0,1.0,-0.08007059209227876,0.006373912441258178,0.3686843935016927,7.865945248485045,3.0,1.0,-0.041186844629898405,0.015991894717383232,0.38690267681250895,5.496005398185918,3.0,1.0,-0.05695487856881032,4.553189048573891e-05,0.3978139692780253,4.751418228441353,3.0,1.0,-0.0752047527588215,0.0076292993829603405,0.39159517260602605,1.4032956746973155,3.0,1.0,-0.07934949391385213,0.020293834041475743,0.3765272048125996,4.477057887694758,3.0,1.0,-0.05052619103239207,0.027260433678003765,0.39985196114092325,5.952179036451549,3.0,1.0,-0.05903574074176182,0.01370337803672931,0.4059623023583971,5.9118659415689905,3.0,1.0,-0.073242888082025,0.018121606903599218,0.3991144065825946,4.53023574662985,3.0,1.0,-0.0801235461974993,0.0290133991077559,0.38591644071650927,6.669486325556302,3.0,1.0,1.0,0.0,0.0,0.0,1.0,0.0,0.0,0.0,1.0,0.0,0.0,0.0,30
-0.09570179403418506,0.051279866194490466,0.35930109393118304,11.820786075158413,4.0,1.0,-0.09206491985119221,0.01738631718340498,0.34857937206425527,7.643073368535433,4.0,1.0,-0.08157419154564723,-0.007893823759024607,0.34748578875791225,5.137055724367851,4.0,1.0,-0.0677706098154582,-0.02545743050626982,0.35044949186272834,4.4618119005705115,4.0,1.0,-0.04940048192688498,-0.041668159297620244,0.3649871154112667,10.806402356877223,4.0,1.0,-0.047894162960195885,-0.011764906033176068,0.35225219894094284,5.776052682569702,4.0,1.0,-0.05875106918310939,-0.029876984430330242,0.37179362661332965,5.114492834903199,4.0,1.0,-0.07266670084861933,-0.01882640275203362,0.37035041091855975,5.947505235198352,4.0,1.0,-0.07856166819209896,-0.005110686157965096,0.35954196475802785,9.328631845865722,4.0,1.0,-0.03754638777841959,-0.0030384050011256583,0.36903001495268,4.42921998599729,4.0,1.0,-0.05714709954916199,-0.014637285385285801,0.38493398782499105,3.188892197670826,4.0,1.0,-0.0737742051374168,-0.005893394065871621,0.3814410426012975,3.9008335269909074,4.0,1.0,-0.08041376809542279,0.005437980182519934,0.367250362527346,6.691473436956127,4.0,1.0,-0.04181035298872641,0.013201795135106298,0.3861876474675028,4.880014098020565,4.0,1.0,-0.0596817174209396,-0.0009610416514407108,0.3963784166732272,3.820307601393475,4.0,1.0,-0.07689983671503203,0.0077732278456683285,0.3896256502442075,3.3221139034430434,4.0,1.0,-0.07940687483311604,0.020157670285527042,0.37487759303881324,4.421536237768798,4.0,1.0,-0.04975009605767319,0.024981205491308046,0.3996892033503834,5.843213631031771,4.0,1.0,-0.06167069306843667,0.01314121241098626,0.4053897843050841,6.116389381566098,4.0,1.0,-0.07530055110571952,0.018257747866984326,0.39840179314998503,4.02327038742227,4.0,1.0,-0.08004383701793712,0.028542820470170257,0.3850989824850765,5.437069229474826,4.0,1.0,1.0,0.0,0.0,0.0,1.0,0.0,0.0,0.0,1.0,0.0,0.0,0.0,31
-0.09530961957677278,0.05102756975175499,0.3582469677021682,11.977376351204189,4.0,1.0,-0.09356980913982171,0.01709309628354428,0.3477170809127759,7.930968581076163,4.0,1.0,-0.08396127620992634,-0.008632239869430217,0.34711218761436047,4.876688599644798,4.0,1.0,-0.07082372618345792,-0.02683523027724058,0.3499492010338919,4.88571308295697,4.0,1.0,-0.052935468279968714,-0.042980394042378835,0.3638634749991563,12.720992682362573,4.0,1.0,-0.050696780026466395,-0.013858195294585427,0.3505508086671605,4.6795181048747505,4.0,1.0,-0.06136923857706605,-0.03154370582211204,0.37033818306196237,5.535184571266217,4.0,1.0,-0.0748064276682816,-0.019647131395803836,0.36946442817104774,5.971631773580604,4.0,1.0,-0.08066926128979371,-0.0057757867322496695,0.3588326442437631,8.195633113537783,4.0,1.0,-0.03958129208616537,-0.0054152292638287285,0.3670342292920822,3.09705490481617,4.0,1.0,-0.058889266912504575,-0.016208788118066118,0.3836303280592892,2.7909681551536107,4.0,1.0,-0.0752117994620185,-0.006675925857534261,0.38063228551668266,3.5420473302496314,4.0,1.0,-0.08210269255083949,0.004824137854999615,0.3665521134964505,6.027872360408621,4.0,1.0,-0.04251576561337975,0.011126485638691367,0.3843094568032089,3.743862091495705,4.0,1.0,-0.06040595284763385,-0.00226473089239401,0.39509810888045227,3.869580829401705,4.0,1.0,-0.07743144726305065,0.0072051392165181785,0.3887170334504166,2.4602811669416305,4.0,1.0,-0.08029366216062278,0.01949068129590144,0.3739570895183801,3.4706532618413415,4.0,1.0,-0.04938504477546152,0.02326638155270277,0.39806248152871226,4.83769345328519,4.0,1.0,-0.061701385483848584,0.011973061376846925,0.4039734955051295,6.26662381384201,4.0,1.0,-0.07523676912352538,0.018069827851587512,0.39713123429328023,4.547205352673322,4.0,1.0,-0.07938707928216943,0.028536063945056946,0.383791666456123,4.962866318185601,4.0,1.0,1.0,0.0,0.0,0.0,1.0,0.0,0.0,0.0,1.0,0.0,0.0,0.0,32
-0.09553749071805784,0.05039058846008947,0.35716739383136925,11.092652616167154,4.0,1.0,-0.094708596680757,0.016343614419057868,0.3467076906627835,7.204618530283083,4.0,1.0,-0.08580685734857253,-0.009823370090459374,0.34600227508600395,5.500589248648144,4.0,1.0,-0.07344194369736749,-0.028624554841067188,0.34832081628812256,6.012619093666187,4.0,1.0,-0.05604138058870573,-0.045501129490921804,0.3628364421090129,11.672383253960875,4.0,1.0,-0.05302513188153209,-0.016061566242786547,0.348533159155508,5.651036155173376,4.0,1.0,-0.06333932858727297,-0.03346649350352595,0.3687802939667426,7.143424406546656,4.0,1.0,-0.0764598954454437,-0.02126228112453368,0.3682745779536581,6.918901101134537,4.0,1.0,-0.0825936622879604,-0.0074316710489564335,0.35790968897091985,8.645591277760126,4.0,1.0,-0.041584227687395996,-0.007868147847755483,0.36470912211062395,4.435985695110302,4.0,1.0,-0.060705644930843336,-0.018034108484798063,0.3818210689453924,4.842567807255284,4.0,1.0,-0.07665176387384785,-0.008068519028620803,0.3792604651109358,4.883682140408215,4.0,1.0,-0.08384441506287861,0.003492308823202902,0.3652992109675769,6.342632442125634,4.0,1.0,-0.04374851306210232,0.008887482502349374,0.38206660046767604,4.762375129234947,4.0,1.0,-0.061656741387173766,-0.003936369461149015,0.3933789258106912,4.704954671007426,4.0,1.0,-0.07823412456042374,0.006026684593333384,0.3872209453359494,3.9453895401370884,4.0,1.0,-0.08135928978728653,0.018181250380543554,0.3722612599545786,4.251720797454345,4.0,1.0,-0.049905922359384736,0.021289717978169698,0.3959952656870242,5.542308790543317,4.0,1.0,-0.06229340042064942,0.010521267180853281,0.40225040607989926,6.047226729837702,4.0,1.0,-0.07557951650484472,0.016888748751829965,0.3956262287148853,3.2327997935053396,4.0,1.0,-0.07995596309829055,0.027227654356288537,0.3821317822247055,3.6775753753614184,4.0,1.0,1.0,0.0,0.0,0.0,1.0,0.0,0.0,0.0,1.0,0.0,0.0,0.0,33
-0.09678607458566776,0.049822322137932334,0.35467992719722,11.406194063898026,4.0,1.0,-0.09570051894968089,0.015459732286162878,0.3444588037230002,7.549121710328484,4.0,1.0,-0.08730111869374216,-0.010995483248934197,0.3436395144312446,5.295238240263885,4.0,1.0,-0.0753142331473963,-0.030420243370403492,0.34588274974763467,5.435510717077175,4.0,1.0,-0.05855505724614954,-0.04823711857632797,0.3595625698647696,11.497636075882788,4.0,1.0,-0.05362518068381074,-0.017464262476659987,0.3462497630705087,6.529600881614167,4.0,1.0,-0.06435389970657851,-0.03469429122903938,0.3664452855063785,7.384064808764166,4.0,1.0,-0.077689889174385,-0.022472136096766793,0.366045234278031,7.260975068286745,4.0,1.0,-0.08382632013062805,-0.008443383874668031,0.3557206091465979,8.815161052659807,4.0,1.0,-0.04247163089144923,-0.009062698457489521,0.36226394892541247,4.797391526924174,4.0,1.0,-0.06175311605197191,-0.019375107413556966,0.37917003956072,5.166614623429015,4.0,1.0,-0.07779241089444011,-0.00930543907609015,0.376513057791828,5.265691941938071,4.0,1.0,-0.0848290402333343,0.00236533133989477,0.3625210743794648,6.988950107805803,4.0,1.0,-0.04510987187754368,0.008161657093445844,0.37943549465761417,5.056501411090113,4.0,1.0,-0.06304644577419771,-0.004911680646001085,0.3905533844454418,4.124941502819363,4.0,1.0,-0.07985188252362363,0.004906290917544265,0.38458504613299377,4.488117424198736,4.0,1.0,-0.0833348146155986,0.01719588053512604,0.3697470569645219,4.557083014111274,4.0,1.0,-0.05177606357667183,0.02101146583887895,0.3932253042192181,5.998076840458472,4.0,1.0,-0.06432790080044816,0.010072896356048354,0.39937626456622005,4.26776118350633,4.0,1.0,-0.07780650677656739,0.016140852654937712,0.39288317976562603,1.7498297750789114,4.0,1.0,-0.08226194240198705,0.026330202745936906,0.3795275061390875,5.430970423766913,4.0,1.0,1.0,0.0,0.0,0.0,1.0,0.0,0.0,0.0,1.0,0.0,0.0,0.0,34
-0.0973053334443313,0.04880105635298092,0.3527454828374943,11.09804076807049,4.0,1.0,-0.09796103852550885,0.014901912645239287,0.3423618642901789,7.054232429263914,4.0,1.0,-0.0898845647834419,-0.011838753418803905,0.3409481753478981,5.875775865109228,4.0,1.0,-0.07789995872329096,-0.0319250876275507,0.34303284302766307,7.4931289208899585,4.0,1.0,-0.060944542955219894,-0.05058248430170273,0.3566650924801742,10.095280406934187,4.0,1.0,-0.05668120272028644,-0.019920654177406266,0.34291016722287065,6.578547052179244,4.0,1.0,-0.06698998455762822,-0.037245574465570294,0.3636894127034686,7.771817770508318,4.0,1.0,-0.07999270749775289,-0.024268668491290467,0.36381443332568625,7.448044131538265,4.0,1.0,-0.08586230262366812,-0.009699030775718497,0.3533925651504122,9.854420338814139,4.0,1.0,-0.044437447229212876,-0.0124418263052382,0.3587778711681698,5.32805966810335,4.0,1.0,-0.06284279652543068,-0.022682259589372485,0.37666090950230996,5.207915704170644,4.0,1.0,-0.07878596815565578,-0.011832501366589145,0.3747279036498914,4.65498897105999,4.0,1.0,-0.08604423884246161,0.0007044492247349639,0.36079150278628885,6.654028247184619,4.0,1.0,-0.04545931344303604,0.0043489916051974754,0.3762892065097136,5.631005539912245,4.0,1.0,-0.06264920393889252,-0.008880332861503729,0.38839097693311253,4.935985392656423,4.0,1.0,-0.07960906276824199,0.0017606981680421583,0.38310526214913265,3.6037326055811922,4.0,1.0,-0.08356871995081823,0.014953302872035045,0.36830576376201274,4.677793936341407,4.0,1.0,-0.050742322339860965,0.016982862151714604,0.39050099600138405,6.407124167730146,4.0,1.0,-0.06255625504667849,0.0058617307736944955,0.3975262174840945,6.582559615930404,4.0,1.0,-0.07623742119530844,0.012343222337640226,0.3916017957690347,3.491121639599057,4.0,1.0,-0.08171902956011463,0.023240898032013395,0.3782555943603248,4.260283451751798,4.0,1.0,1.0,0.0,0.0,0.0,1.0,0.0,0.0,0.0,1.0,0.0,0.0,0.0,35
-0.0963834781846336,0.04706448369036599,0.3518571175137565,14.138512691444312,3.0,1.0,-0.09830969145984939,0.013912243434048501,0.34180097411482396,8.820280050774441,3.0,1.0,-0.09174462887386718,-0.012948995602224286,0.3381829681122329,6.862840207408758,3.0,1.0,-0.08101326171708206,-0.03346432729978247,0.3394867902022456,8.147631681734621,3.0,1.0,-0.060992345557417775,-0.05258652795341824,0.35738867676106284,13.341175806093652,3.0,1.0,-0.059265748612731727,-0.021775627620796604,0.33974760850811353,6.488631112996785,3.0,1.0,-0.07062608875203862,-0.039398071415078846,0.3616195965740602,5.233626529058191,3.0,1.0,-0.08315912844352914,-0.02637301743474772,0.3625291244659457,6.20962593048139,3.0,1.0,-0.08797584124072108,-0.011493491104101234,0.3512633487249785,10.820430395582116,3.0,1.0,-0.04664494082123087,-0.015021011013671754,0.3559925078744901,4.460590052523592,3.0,1.0,-0.06458045163832692,-0.025799804064050098,0.37497211431252253,2.3262787279466113,3.0,1.0,-0.08023078687243901,-0.01463165284225557,0.37358506803240576,3.0626959889004968,3.0,1.0,-0.08682582878221766,-0.0015075596427513059,0.35882154225585655,7.240018226177185,3.0,1.0,-0.04667772494726125,0.0012450196987758497,0.37377106406807875,4.909740081744203,3.0,1.0,-0.06259870877899362,-0.012743055668033944,0.3862181304632417,4.066530684984778,3.0,1.0,-0.07952026295915429,-0.0017734793986868553,0.3818248524059732,3.1069270424835977,3.0,1.0,-0.08224520836291783,0.011870721688767365,0.36716712696574855,4.630593104534126,3.0,1.0,-0.050886929691986806,0.013458569598494195,0.38784521120835175,6.387982672074577,3.0,1.0,-0.06100782598182607,0.0017993992561187732,0.39499864792613115,5.8993608521112675,3.0,1.0,-0.07448563778095327,0.009005325662556338,0.3890200683265666,2.428219070742609,3.0,1.0,-0.07912240281041383,0.020485782812720194,0.37647062063705916,2.564489526420441,3.0,1.0,1.0,0.0,0.0,0.0,1.0,0.0,0.0,0.0,1.0,0.0,0.0,0.0,36
-0.09694708025241539,0.045385278831877915,0.34901331610061354,11.505158126547045,4.0,1.0,-0.10017207470338153,0.01225053786943628,0.33921939689492936,7.963799560393191,4.0,1.0,-0.09417054739083298,-0.014791444706439862,0.33733963330185746,5.225553895997814,4.0,1.0,-0.084015905063206,-0.03623296789256597,0.339046628920609,7.237096109296224,4.0,1.0,-0.07196675805428676,-0.05973338150243519,0.35207728393450977,4.744082483966236,4.0,1.0,-0.06081430144684934,-0.025840185758292566,0.3399332551831726,6.255191252958428,4.0,1.0,-0.06982408849512996,-0.04549163616568251,0.36043304920829594,3.8674279550920785,4.0,1.0,-0.08309732212470401,-0.03242331469411029,0.36174002753317724,2.7296566459847105,4.0,1.0,-0.08968571547730257,-0.015967687844415053,0.35291959449538657,4.776799804412478,4.0,1.0,-0.04759466742859155,-0.019660615508397403,0.35542672086458,4.330352871878568,4.0,1.0,-0.06439924104099586,-0.03178731365022302,0.37347190385481194,3.046996883485054,4.0,1.0,-0.08031185961264424,-0.020135091350399474,0.3728734665349796,1.9415498199947372,4.0,1.0,-0.08780971948446699,-0.005791002178846657,0.36040177715914856,4.161862295897432,4.0,1.0,-0.04690646663335488,-0.003114789216135571,0.372578424391008,3.8179842525395014,4.0,1.0,-0.062300644492032306,-0.018215126836952016,0.3854110948420152,4.444332012151337,4.0,1.0,-0.07972548080777545,-0.007423064344577936,0.38184645767000636,2.73784707238866,4.0,1.0,-0.08427218321381211,0.007146267009375136,0.3681855294058536,3.3538552515057796,4.0,1.0,-0.050640379859953635,0.009601021637337039,0.3865866050757735,4.506870286282289,4.0,1.0,-0.060901297248415025,-0.0028954607496922777,0.39474246782366834,6.485578486439055,4.0,1.0,-0.07478807119904282,0.0035513488656490296,0.38979091584375714,5.2944483075738304,4.0,1.0,-0.08042971430097975,0.015163304127478195,0.37732647262312424,5.026223712432913,4.0,1.0,1.0,0.0,0.0,0.0,1.0,0.0,0.0,0.0,1.0,0.0,0.0,0.0,37
-0.09378946701432515,0.04327107973188402,0.3452063228825939,8.214163758757104,4.0,1.0,-0.10137027253750662,0.00973863457032203,0.3392484848890393,5.628440415807363,4.0,1.0,-0.10042012124228585,-0.018206633440742498,0.3419153381540846,5.09766343385243,4.0,1.0,-0.09405753355063418,-0.04154926409809987,0.34744283321573133,7.091345617846654,4.0,1.0,-0.0878760185027659,-0.06349148629118148,0.36228362939991166,5.807785001731847,4.0,1.0,-0.06585316551674497,-0.03270469172444392,0.34172708266603063,6.856910329734496,4.0,1.0,-0.06989879260145547,-0.056485786616090494,0.3608806206560765,3.3603288728176013,4.0,1.0,-0.08499491508462016,-0.04690909383941867,0.3683444200306285,2.9522468108480044,4.0,1.0,-0.09585698998128551,-0.0305084340423537,0.3674425525159022,7.106282996141486,4.0,1.0,-0.0517757454512316,-0.026103103625088647,0.35577316587438235,5.588990004836899,4.0,1.0,-0.06465185020498457,-0.04293827717261575,0.374500249028376,3.6423568297615025,4.0,1.0,-0.08208214869763929,-0.03361771049482346,0.3791829598938787,5.0283741047761765,4.0,1.0,-0.09342155599828252,-0.019397146072149752,0.37247127542948294,8.461399681002097,4.0,1.0,-0.04915212056343231,-0.007397396214191922,0.37126707972735473,4.768042677107167,4.0,1.0,-0.06155556283416623,-0.024840532749522144,0.3863759618943227,4.772659483528617,4.0,1.0,-0.08017830965663698,-0.01593724052636217,0.3859264819598786,5.43763468118767,4.0,1.0,-0.08730018586944914,-0.002292845460178876,0.3733083015970556,6.864157161066942,4.0,1.0,-0.05152425891181539,0.007475495254974528,0.384385961621753,4.795677810473585,4.0,1.0,-0.05982133170293041,-0.005779336171536622,0.3948872134259742,5.409719369935079,4.0,1.0,-0.0745958102397543,-0.002157936068114487,0.3917444013317214,5.939573338984555,4.0,1.0,-0.08269974242614786,0.0077262576656219085,0.3795647407323434,5.685664087380852,4.0,1.0,1.0,0.0,0.0,0.0,1.0,0.0,0.0,0.0,1.0,0.0,0.0,0.0,38
-0.0950536965378928,0.042501614815398325,0.3446032810930362,9.463778998470316,4.0,1.0,-0.10475266656022295,0.010214074953793596,0.34007665278776805,4.761142722642758,4.0,1.0,-0.10670665667708724,-0.015107514304815222,0.35265301086509077,2.426377338274457,4.0,1.0,-0.10254522371160657,-0.03679038352300401,0.36607007485634263,3.256828014581436,4.0,1.0,-0.09429743303215453,-0.05224227806250378,0.3882598833291518,9.329490889188378,4.0,1.0,-0.06961816184462154,-0.0341710909814445,0.34224423386013597,5.260146276369188,4.0,1.0,-0.06794755817817677,-0.06153493770719311,0.3546213158281259,5.199568929877677,4.0,1.0,-0.07781737040368719,-0.07242459202671934,0.36931701795539296,2.525453217996048,4.0,1.0,-0.09215777860486235,-0.08038568831490675,0.38470050451375737,4.600886932636914,4.0,1.0,-0.05421399156095861,-0.028787564068715056,0.35574337681790613,3.586159274041745,4.0,1.0,-0.05700682936721459,-0.05148242818423707,0.37522716743942414,4.242684064344822,4.0,1.0,-0.07043576848785274,-0.05840975211172869,0.38793651696563186,5.2323547654666775,4.0,1.0,-0.0887396696168247,-0.06365131236169463,0.39918473369487595,7.181093849902406,4.0,1.0,-0.049939273226701136,-0.010821352421080592,0.3708382014399759,2.961637341816355,4.0,1.0,-0.058676784116428335,-0.02989565919973769,0.38638629202948926,4.6815256850390385,4.0,1.0,-0.07582756684645794,-0.028696065981126107,0.39127787913511297,7.78643910123767,4.0,1.0,-0.09191875607452278,-0.02425439931478486,0.3850359793569431,19.17651479995482,4.0,1.0,-0.05092956521353287,0.0036440401424401372,0.3837509217768679,3.154665632081807,4.0,1.0,-0.06040509108293672,-0.008971688954240766,0.39297501122398637,3.6798665994925557,4.0,1.0,-0.07470219376245481,-0.008952629642750681,0.39308384170684296,4.850824119807744,4.0,1.0,-0.08862805108804148,-0.00497621947056443,0.3844686644361131,12.824343251808273,4.0,1.0,1.0,0.0,0.0,0.0,1.0,0.0,0.0,0.0,1.0,0.0,0.0,0.0,39
-0.09368873369333917,0.04235973571475108,0.34614540750546186,8.570479940556218,4.0,1.0,-0.10423136023223561,0.0097736492342698,0.34262195788060296,4.402600979582658,4.0,1.0,-0.10423722757414086,-0.014357423039514833,0.3572410714034728,8.097291450608518,4.0,1.0,-0.0978431766804452,-0.03287933833188712,0.3716531246897929,10.066731423813476,4.0,1.0,-0.08806122126959108,-0.03843292233797027,0.39670328293132434,11.36378321547099,4.0,1.0,-0.07083997227599624,-0.03389286307429461,0.3460442388977164,5.098170323227153,4.0,1.0,-0.06709921468709773,-0.061461061701940635,0.35435953017535154,5.054427124294354,4.0,1.0,-0.07025063157406101,-0.07908039897858975,0.365577404251235,4.112933891725248,4.0,1.0,-0.07325820157437783,-0.09984752043527663,0.3764856679017013,1.4253364845461234,4.0,1.0,-0.055418718324254386,-0.02750278259668729,0.3596386140832782,3.1055064737567193,4.0,1.0,-0.05529853001195661,-0.04890887532768673,0.3812854268562623,6.515342413513675,4.0,1.0,-0.06379945091003149,-0.05975449145205992,0.39717357842547363,7.941192691457072,4.0,1.0,-0.07535399248499704,-0.07201245136175217,0.41307474997251487,8.998041880686397,4.0,1.0,-0.05063003827251657,-0.00864576707482738,0.3744409883441511,4.040939285981202,4.0,1.0,-0.056563675444470676,-0.028195050886922618,0.3905413305377723,6.064256079275299,4.0,1.0,-0.07278787116531565,-0.02661682693852238,0.40110851777815415,12.301480738511852,4.0,1.0,-0.08902265212227761,-0.01917964249246162,0.40311862195616155,23.169970334501215,4.0,1.0,-0.05097294697821529,0.006472320258312349,0.38710837076675014,5.786674779603603,4.0,1.0,-0.061379156797443685,-0.0060766859429875935,0.39590849641684145,5.609423714957833,4.0,1.0,-0.07704306453103234,-0.004857932050051545,0.39645582298298276,5.509865932682725,4.0,1.0,-0.09151063379150319,0.001519163949678553,0.3884138979827349,10.048926534184858,4.0,1.0,1.0,0.0,0.0,0.0,1.0,0.0,0.0,0.0,1.0,0.0,0.0,0.0,40
-0.0927397036271587,0.04223197025285817,0.3484229389016986,6.010662078117281,4.0,1.0,-0.10483363366036887,0.01010470422632271,0.3506508120326362,5.082888486722582,4.0,1.0,-0.10457064163505538,-0.010248079820343783,0.37090794684566125,5.584627847704164,4.0,1.0,-0.09706311274634885,-0.024520130130244094,0.3882252744944465,5.625512104265271,4.0,1.0,-0.08912268928020685,-0.02298481934950093,0.4140415261136285,6.12901238020406,4.0,1.0,-0.07145822171338845,-0.03446088361687629,0.36516584205841746,7.200747181901821,4.0,1.0,-0.06165790192412328,-0.06141325914938696,0.37416793487831873,5.771292874617847,4.0,1.0,-0.057865581522409656,-0.07990699056120447,0.3829125709661628,3.7878731839723008,4.0,1.0,-0.05057759670092917,-0.10094259491019782,0.38898192294030953,2.9589788216560047,4.0,1.0,-0.055346119736276324,-0.027045621531082385,0.37871850383526384,5.941014868411103,4.0,1.0,-0.054737840019563645,-0.04668130227484178,0.40239881521224163,3.4362221661583936,4.0,1.0,-0.059806329340745035,-0.05749069925939715,0.4202934820970703,3.969458242717393,4.0,1.0,-0.06441628954372616,-0.07257939771372104,0.43824038224089973,7.710592261911158,4.0,1.0,-0.05019475992951356,-0.006512260979871099,0.38998627260146906,4.3475402123665035,4.0,1.0,-0.06276110171392928,-0.02342297384137612,0.40432316759340386,11.332640186053077,4.0,1.0,-0.07815434313943484,-0.020662821896170414,0.40333183347413637,18.728454993390006,4.0,1.0,-0.09320842755866454,-0.016131180533371814,0.3936687988541534,23.059365879130645,4.0,1.0,-0.050587128983542874,0.010129714912002881,0.3995346654798023,5.738375696403093,4.0,1.0,-0.06373600794646785,-0.00065160594552518,0.4060467301075369,8.908036987349888,4.0,1.0,-0.07890942450893129,0.0004418682895735271,0.40383849473495,10.448249688110751,4.0,1.0,-0.09458175188344183,0.005045401059949811,0.39424360204903025,9.286766004711724,4.0,1.0,1.0,0.0,0.0,0.0,1.0,0.0,0.0,0.0,1.0,0.0,0.0,0.0,41
-0.08999201028607356,0.04512111087301791,0.3547540263757425,7.267251608692467,4.0,1.0,-0.10234700664767019,0.014035772947298429,0.36143355778200326,4.460540552442056,4.0,1.0,-0.1045641680763647,-0.002497101400020169,0.38393846020134265,2.420326880014869,4.0,1.0,-0.09877439705303678,-0.013475085204999484,0.4032805097148812,3.238478619504261,4.0,1.0,-0.08881103033805118,-0.008824090290778961,0.42879484097844844,3.129342955584113,4.0,1.0,-0.07023502474739934,-0.027966256305348252,0.38409659818281716,5.664472480604238,4.0,1.0,-0.05797707246734592,-0.05358253148379295,0.3920750682248473,6.660066472112696,4.0,1.0,-0.05084894407425049,-0.0708696500607214,0.39938718002082557,5.340018722525247,4.0,1.0,-0.039553896775280796,-0.0900744499838603,0.40476013823895557,2.9417360169319715,4.0,1.0,-0.054532184618921065,-0.018910269884722847,0.3971317419199952,5.094373784873999,4.0,1.0,-0.05266160754874309,-0.0329584415405814,0.42302248122240543,5.410196630548764,4.0,1.0,-0.05300910992287107,-0.041026416446366176,0.4420298307796891,5.071964326079323,4.0,1.0,-0.0495237620501296,-0.0534982820262998,0.4618419467931207,6.55013364628782,4.0,1.0,-0.04981504666698305,0.002878354039967383,0.40536317052256543,5.4401092123565125,4.0,1.0,-0.06506862998484213,-0.009083656527205088,0.42039767575627196,8.760953580323203,4.0,1.0,-0.08381564114928132,-0.0006464342091325093,0.4156641536745435,9.012695575797652,4.0,1.0,-0.09681264977401384,0.007603677532176529,0.4021169617835879,12.77096064109016,4.0,1.0,-0.05060605596793486,0.020684574987357644,0.4121952065589532,6.504604975135081,4.0,1.0,-0.064401161284879,0.011840852260973091,0.41971481110973174,8.211852555600712,4.0,1.0,-0.08096494385469913,0.014058439602829003,0.4161096001648851,8.755744015248258,4.0,1.0,-0.09423345852522613,0.019044499939302104,0.4041563724618834,7.311271850474002,4.0,1.0,1.0,0.0,0.0,0.0,1.0,0.0,0.0,0.0,1.0,0.0,0.0,0.0,42
-0.08994719235732272,0.04676562011404264,0.35882952982070615,7.658270425576455,4.0,1.0,-0.10218852414219706,0.015618228231129306,0.3648215648252406,7.068805854902032,4.0,1.0,-0.10415814564976743,-0.0015722412714780697,0.3867695863828582,4.948129356529643,4.0,1.0,-0.09778187780032732,-0.012864541688281392,0.4060753849841126,4.142081846182039,4.0,1.0,-0.08689705044973346,-0.008740834939664582,0.43232846261420477,4.527544907770199,4.0,1.0,-0.07020246482576435,-0.025980002058254667,0.38582659060108115,6.562414641659793,4.0,1.0,-0.057487316607292276,-0.05112850234283276,0.39372287530594696,6.366651573899876,4.0,1.0,-0.05008615073009746,-0.06825743024510385,0.4004543514657467,4.866042479787143,4.0,1.0,-0.03856012855243931,-0.08707215833841453,0.40416948907052486,3.3065918972068653,4.0,1.0,-0.05473797247428794,-0.01700737070118466,0.398767976613372,6.575814011314593,4.0,1.0,-0.05292121946719654,-0.03093242807784664,0.4243287142092819,4.936319267823537,4.0,1.0,-0.05214577009320458,-0.039270407736723134,0.4433202733894334,3.5740866200066908,4.0,1.0,-0.04659129209711349,-0.05218426678959457,0.4626745757579841,3.901019671658047,4.0,1.0,-0.05008262437110865,0.004646919710247518,0.40763678022687244,6.929462041352407,4.0,1.0,-0.06517903973572238,-0.00787310227067729,0.42353737501753597,8.428519801427694,4.0,1.0,-0.08393215910338642,0.0005449852701873147,0.4206884158701889,11.826907013440511,4.0,1.0,-0.09635215088707384,0.009290538314643684,0.4084607359496923,18.045640771699578,4.0,1.0,-0.0508851261057525,0.02235104835775146,0.4150301367366836,7.837637881545129,4.0,1.0,-0.06418828700687498,0.012837818372078895,0.4237090965428656,7.752519475630046,4.0,1.0,-0.08076275503848283,0.014670999523748694,0.4211387732151482,8.964595572683006,4.0,1.0,-0.09361147735558556,0.020013124227583837,0.40965256518627857,11.466411523990006,4.0,1.0,1.0,0.0,0.0,0.0,1.0,0.0,0.0,0.0,1.0,0.0,0.0,0.0,43
-0.09119461795844921,0.048126472829804444,0.3565036620133855,5.957715004184012,4.0,1.0,-0.1030444373372169,0.016826820363256757,0.3619359169441446,5.7603919143580935,4.0,1.0,-0.10505807786971941,-0.0004913853896264884,0.38364513732379235,5.353328390693741,4.0,1.0,-0.09900384983774937,-0.011829074213809212,0.4029773942058157,5.569306665019583,4.0,1.0,-0.08863646065944755,-0.00818075080982058,0.4290259674232942,4.223486223333305,4.0,1.0,-0.07061115068768715,-0.0251078817632848,0.3831868651395701,6.888142393756265,4.0,1.0,-0.05818777780087168,-0.051044087595432205,0.39135108786400186,6.7369212848482505,4.0,1.0,-0.05096139133075521,-0.0687064817197939,0.3982242692397825,5.260353820572755,4.0,1.0,-0.03970815772317003,-0.08844346135393458,0.4029042292634243,4.9373793314444105,4.0,1.0,-0.05537907142507173,-0.01620519881099396,0.39642123696146636,7.170155074765369,4.0,1.0,-0.052909620910808995,-0.030808947812209768,0.42177827828214554,5.540994498541272,4.0,1.0,-0.051438563774964405,-0.03977306680259748,0.44048468785560196,4.177830018629643,4.0,1.0,-0.04510669153264857,-0.05337813087340951,0.45945193607512036,3.3735931746481604,4.0,1.0,-0.05116491734407966,0.005473461135512774,0.40535389157859153,8.143120163512844,4.0,1.0,-0.06647884303276064,-0.006534324347091813,0.4197937352427467,10.751906109437986,4.0,1.0,-0.08529697030759557,0.0031252395869524364,0.41502432136390516,11.272269933747953,4.0,1.0,-0.09635875701394356,0.01223418572150606,0.40169294085907503,12.513654576169122,4.0,1.0,-0.05232532587971555,0.02321463041819614,0.41271529462216916,9.660564945000797,4.0,1.0,-0.06569749981240519,0.014021142755484372,0.4200385551479303,10.442996235122333,4.0,1.0,-0.08236381229331195,0.0165839989685479,0.41676340917404503,10.049939199232359,4.0,1.0,-0.09452755888543478,0.022127513055738336,0.40500935950749223,8.317936202524866,4.0,1.0,1.0,0.0,0.0,0.0,1.0,0.0,0.0,0.0,1.0,0.0,0.0,0.0,44
-0.09193814295780715,0.04954316503021579,0.35573582834201356,7.106377743191751,4.0,1.0,-0.10328331105195741,0.018097574280758963,0.36018974747809374,6.180002352177417,4.0,1.0,-0.10553131134590385,0.0009539139049207494,0.3820272944389902,4.402841927315821,4.0,1.0,-0.10004664577657647,-0.010151077905045524,0.401456112253031,5.256066257561539,4.0,1.0,-0.0905150266127076,-0.005988483094120603,0.42746678426147355,3.7660914878942013,4.0,1.0,-0.07096206182998394,-0.023282067730920394,0.37982528159026363,6.660897220631725,4.0,1.0,-0.05867723699385704,-0.04915658101536573,0.3878906177911006,6.206827377301917,4.0,1.0,-0.051577362782717226,-0.06694221049108495,0.394968067860746,4.383935089425796,4.0,1.0,-0.040387590627293704,-0.08709017482707768,0.4003063116508152,5.278709320828439,4.0,1.0,-0.05610595625912042,-0.014443982401688473,0.39314865091496026,7.047392503357789,4.0,1.0,-0.05319095256134866,-0.029197191633660646,0.4180278425254557,6.0796067274753565,4.0,1.0,-0.05147845485450777,-0.03823990999442109,0.43659193447343486,4.913620264569622,4.0,1.0,-0.04477339601506413,-0.0519582323807672,0.455266779219984,5.495853598674811,4.0,1.0,-0.05214601676456162,0.006988302702993462,0.40271427598025317,8.043319977595008,4.0,1.0,-0.06770030611846929,-0.005269004663313959,0.4174863000905,9.670745316649555,4.0,1.0,-0.08671677391767033,0.0033103586195415385,0.4144217786289459,11.723705090902545,4.0,1.0,-0.09790306840817896,0.012002235733712733,0.4017427654142671,16.009804856822978,4.0,1.0,-0.05351283573489016,0.024416443070458864,0.4106403390452714,9.462501791640022,4.0,1.0,-0.06717567766864989,0.015082659309661479,0.4179248083490345,9.352261336890063,4.0,1.0,-0.0840311811106195,0.017480180351383254,0.4152520334130987,9.7132312275387,4.0,1.0,-0.09787687413774847,0.023627930872621244,0.40405732297343333,10.317464704363669,4.0,1.0,1.0,0.0,0.0,0.0,1.0,0.0,0.0,0.0,1.0,0.0,0.0,0.0,45
-0.09279969384131685,0.05108658694324465,0.35402789849947475,7.195818154715513,4.0,1.0,-0.10434766047091741,0.019776433445505188,0.3590997743501363,6.520404655589931,4.0,1.0,-0.10660075063594403,0.0020548027814604316,0.38064296843623385,4.200531840759588,4.0,1.0,-0.10090982946927599,-0.00951255327289087,0.40011502253844566,3.8802513594718695,4.0,1.0,-0.09043750900444601,-0.006010385168752992,0.42641160863306854,1.8889263098646814,4.0,1.0,-0.07199493483179048,-0.022244479009083145,0.3802471700319399,6.613752058615697,4.0,1.0,-0.06015796479826536,-0.04818750657868951,0.3887480968282108,5.766593220721322,4.0,1.0,-0.053342086525942835,-0.06593808599928228,0.3959014490341971,5.18463249452842,4.0,1.0,-0.04241291178694807,-0.08586449780477212,0.40107286850420015,6.543744961990975,4.0,1.0,-0.05675542417543928,-0.013587424464882319,0.3935764553709283,5.835853621097482,4.0,1.0,-0.05368616251306289,-0.028841114085412102,0.41860854849906254,4.154525753155612,4.0,1.0,-0.05185139624330097,-0.038228827070033014,0.4370305673115485,4.1003488913782675,4.0,1.0,-0.0449978541495227,-0.052443821621734436,0.4558175536899709,6.834417951929771,4.0,1.0,-0.05243695004831256,0.007808587048187186,0.4025885653505365,6.648685450374268,4.0,1.0,-0.06654061189027087,-0.004934812610081302,0.4171515033785478,10.355774507934049,4.0,1.0,-0.08512260998481642,0.003902824930362315,0.41253355135693,10.812899568406706,4.0,1.0,-0.09667783143174755,0.013423124361176899,0.3982403527177114,10.993603186803368,4.0,1.0,-0.05337319865239518,0.02529205351524175,0.4100556640902125,8.298458875607356,4.0,1.0,-0.06611618750661126,0.015902866161049658,0.4179782201334057,9.664813927724662,4.0,1.0,-0.08258624929996691,0.017897354478132264,0.41530507414586554,9.542973713800203,4.0,1.0,-0.09585990409623359,0.02346760555057018,0.40346124757914886,7.4780444183412955,4.0,1.0,1.0,0.0,0.0,0.0,1.0,0.0,0.0,0.0,1.0,0.0,0.0,0.0,46
-0.09237578122536838,0.050680165968127716,0.35440492458481093,6.820287868920901,4.0,1.0,-0.10394042167293414,0.019262294235068346,0.3594725403429639,6.335343231038763,4.0,1.0,-0.10533743399630374,0.0010316143476385782,0.3804147671302824,6.569163861784947,4.0,1.0,-0.09906116491372187,-0.010894085415866978,0.39943059646934226,7.7054313410542,4.0,1.0,-0.08837730939859385,-0.008137762156940715,0.4255477021906393,8.68761491947889,4.0,1.0,-0.0717935030685615,-0.022604832382554806,0.3805297573639454,6.76990127209962,4.0,1.0,-0.06018123003773482,-0.04861245724295942,0.3891117819209421,6.386118740530369,4.0,1.0,-0.05358345221482776,-0.06634926248311054,0.3962615523607869,5.302431824923926,4.0,1.0,-0.04273696388691754,-0.08638433243097315,0.4014574132645924,5.510379577170807,4.0,1.0,-0.05665337229272542,-0.013813493934510257,0.39383958251684215,6.172770882337869,4.0,1.0,-0.05331564322239283,-0.028681178120045055,0.4190647307572477,4.5265880177679545,4.0,1.0,-0.05102202020831364,-0.03783848512215132,0.4374808045184381,4.655233525365402,4.0,1.0,-0.04345302469173306,-0.051791205777032244,0.4562907879729586,7.471287679586695,4.0,1.0,-0.052403916810568635,0.0077494704803050445,0.4028732570025325,6.994647647682628,4.0,1.0,-0.06686288461893307,-0.004659935513154281,0.41728698233692973,10.276193329227887,4.0,1.0,-0.08616263346409699,0.0036817406402340903,0.41399560748188585,13.796749634789577,4.0,1.0,-0.09834488916413865,0.012200663333317178,0.40253691863572144,18.014284185057694,4.0,1.0,-0.053483041039387905,0.025385187999754675,0.41031671735631414,8.586204665530143,4.0,1.0,-0.06653855712710725,0.01619614233102147,0.4178732964352223,9.638381054936858,4.0,1.0,-0.08340925839072073,0.018235321319769796,0.4155122290654179,9.793194227642228,4.0,1.0,-0.09652010068481337,0.0231489990091185,0.40478761289552984,7.544424268361252,4.0,1.0,1.0,0.0,0.0,0.0,1.0,0.0,0.0,0.0,1.0,0.0,0.0,0.0,47
-0.09251733556859598,0.05046830583212518,0.3545860593158511,7.470134178598911,4.0,1.0,-0.10403828139748311,0.019452123315913065,0.359623972109557,5.5608101281401545,4.0,1.0,-0.10589699718070103,0.002023881295698607,0.3810310781578876,5.062099984548934,4.0,1.0,-0.10019699109708459,-0.009116153470047704,0.40017494687456356,6.09669232657499,4.0,1.0,-0.08966353170774148,-0.0054189394004614646,0.4261246208419516,5.218312892684315,4.0,1.0,-0.07186574128454747,-0.022520477151628603,0.38025841411350775,5.656626376540571,4.0,1.0,-0.060231186846509153,-0.048425075601116,0.3888168190304501,4.9464584330566534,4.0,1.0,-0.053649057398408626,-0.06607390686473519,0.3961091344052374,3.8933716138527323,4.0,1.0,-0.04300240460432488,-0.08624166157861017,0.40174607031558734,5.5062329199519535,4.0,1.0,-0.05666721550049875,-0.013830661074962638,0.393409215800212,5.604964285316216,4.0,1.0,-0.05365043076623026,-0.028369329253532864,0.4186911965473226,4.092357183319386,4.0,1.0,-0.051335395482302926,-0.03726132398884113,0.4370812517224041,4.147167829949126,4.0,1.0,-0.043716699250457194,-0.0510498100731879,0.4557891443690651,6.133779463971365,4.0,1.0,-0.052328301518023396,0.007608717687493756,0.4024307301095783,6.661074573134202,4.0,1.0,-0.06722377715824421,-0.004253787616122331,0.4163070691040797,10.468051604864462,4.0,1.0,-0.08636407613597695,0.004883813152456015,0.4122926019040696,12.288295111309205,4.0,1.0,-0.09890533743247844,0.014096376453741817,0.3993754076369076,13.499117553035322,4.0,1.0,-0.05331139416818534,0.02520837834599339,0.40986963802396953,8.354885804356059,4.0,1.0,-0.06667979104743466,0.016251391356709385,0.4166975313590593,10.0315987025075,4.0,1.0,-0.0832114768642184,0.018500551485410268,0.4141452026196876,10.2961064383536,4.0,1.0,-0.09787219096273528,0.02403219094847931,0.4031457547988626,9.07372378412223,4.0,1.0,1.0,0.0,0.0,0.0,1.0,0.0,0.0,0.0,1.0,0.0,0.0,0.0,48
-0.09143126058720197,0.05209095408233879,0.35348305713245076,10.480845868744604,4.0,1.0,-0.10179048243385155,0.030016650184836544,0.35701169367152175,23.24195898084728,4.0,1.0,-0.1031656896074714,0.011872831469485385,0.37655975355765836,20.9329219996582,4.0,1.0,-0.09817129944179927,-0.0031454373231847767,0.3959202449179414,14.62926275627637,4.0,1.0,-0.08898383959456072,-0.007687891278911293,0.42294391620765714,4.186546644446193,4.0,1.0,-0.07081953269630889,-0.018564924854729378,0.3782070730663903,6.874364718426461,4.0,1.0,-0.05956858919083546,-0.04552051078138317,0.38633769114197797,5.647839661287616,4.0,1.0,-0.0533188279425645,-0.0638598051919601,0.39350362476821016,6.479823333365338,4.0,1.0,-0.04294104517962571,-0.0848484248086295,0.39907839564879866,8.019299099324197,4.0,1.0,-0.05597485867826115,-0.01759637094159138,0.39281807048080397,9.48377172647543,4.0,1.0,-0.053222358722131075,-0.030195480016999014,0.4173797543839301,6.411307816096327,4.0,1.0,-0.05095428971180877,-0.039091779826969805,0.4353765368341026,6.713097197138909,4.0,1.0,-0.04303658742651446,-0.05351344769051098,0.4539348732434461,8.681668886628717,4.0,1.0,-0.05196273758160497,-0.0016001098981560484,0.4025241397115366,20.663126982889022,4.0,1.0,-0.0662081050296057,-0.00864197549684479,0.415583421163665,16.327602191311307,4.0,1.0,-0.08521750289303258,0.004216750825156091,0.4113167668357574,11.128920931626222,4.0,1.0,-0.09777557702903408,0.01803366071847249,0.39813230156152896,11.443728779550165,4.0,1.0,-0.05317118211793808,0.01269017889441005,0.410043414596789,28.212178248237713,4.0,1.0,-0.0656338802261317,0.007853866698258233,0.4161162378622029,22.216615140585535,4.0,1.0,-0.08169306210522959,0.013885915277306817,0.4124076838950929,14.770851973368703,4.0,1.0,-0.09503987622146885,0.02360486837644827,0.4007338438592782,7.044389480312246,4.0,1.0,1.0,0.0,0.0,0.0,1.0,0.0,0.0,0.0,1.0,0.0,0.0,0.0,49
-0.09173465922783086,0.053545550993053324,0.35122400606793586,11.860910884062863,4.0,1.0,-0.10287099024355716,0.03146649477009062,0.35596551791630976,23.116102479438656,4.0,1.0,-0.1040226954668694,0.013391751622846513,0.37550858838532036,21.111419461502685,4.0,1.0,-0.09889342781164846,-0.001758489684307278,0.3949256296417377,14.558891282381769,4.0,1.0,-0.0891524774062183,-0.007146832005247714,0.4215613222041512,6.765240618451196,4.0,1.0,-0.07140519045392911,-0.017447157974246418,0.37646075552938935,6.865178568915772,4.0,1.0,-0.06000747079450868,-0.044120093343497396,0.38433081284133436,5.366142274126724,4.0,1.0,-0.05350144360825131,-0.062235015149976654,0.3916326409089322,5.5788902833754825,4.0,1.0,-0.04289020842282063,-0.0831988036380508,0.39784653340723164,7.218384255968581,4.0,1.0,-0.05607094425014752,-0.01677018490356127,0.3902523263332324,10.48445741438024,4.0,1.0,-0.05357389630397385,-0.029333556530092543,0.41507221921768883,5.814764338032964,4.0,1.0,-0.05165702106232887,-0.038193881490063766,0.43325057867502803,5.763191831201507,4.0,1.0,-0.04448049803600112,-0.05253954553369626,0.45191786355045593,6.950023115913559,4.0,1.0,-0.051687030574632885,-0.0010386708925301347,0.39945210160521283,21.70991645250105,4.0,1.0,-0.06608711117489117,-0.008484252446026167,0.41330508379399994,17.183208155587604,4.0,1.0,-0.08564609269856477,0.004301363287713834,0.4099446256041312,12.574737631374344,4.0,1.0,-0.09917408312733862,0.018715551893764663,0.39768796365227693,10.96615546031214,4.0,1.0,-0.05273048634365184,0.01306457890425867,0.4067126995731097,29.300104132170198,4.0,1.0,-0.06528756886219396,0.007733464485432595,0.41357814677985694,24.156673465049355,4.0,1.0,-0.08209112564404038,0.013463964504012873,0.4110711647969578,18.15495565034209,4.0,1.0,-0.09696693066131858,0.023632192326689404,0.40084926047142766,10.16290238179819,4.0,1.0,1.0,0.0,0.0,0.0,1.0,0.0,0.0,0.0,1.0,0.0,0.0,0.0,50
-0.09289233363089992,0.05063826857283327,0.3514541485095333,6.210414466517461,4.0,1.0,-0.10455434221129394,0.019480524492039124,0.3564800733461801,5.609085551881396,4.0,1.0,-0.10629124288514277,0.0020368126244958615,0.3778847946193211,4.7508193686863835,4.0,1.0,-0.1007292349693436,-0.009381371463950464,0.3967484023803765,4.44877451462211,4.0,1.0,-0.09139258580689051,-0.005737733995767415,0.4218349739930728,3.520271561756619,4.0,1.0,-0.07198869148463184,-0.022430914416836954,0.3768321957410032,6.2558505259026145,4.0,1.0,-0.060815746250942555,-0.0485943302724354,0.38562825943848017,5.8147195312641635,4.0,1.0,-0.054448252142767654,-0.06651751182391001,0.39307084560255384,4.733863247480414,4.0,1.0,-0.043677294735560625,-0.08694029326819798,0.39857960425754585,6.096588451808035,4.0,1.0,-0.05655833359371078,-0.013730768348699357,0.3900293347099414,5.893082786078464,4.0,1.0,-0.053956538149607186,-0.028528842481062966,0.41517389290874446,4.443537750739411,4.0,1.0,-0.051876186521674354,-0.03764118436881783,0.43335807714271873,4.653840899984043,4.0,1.0,-0.04439394250447078,-0.051781533086680334,0.4516916541433671,6.814815500120941,4.0,1.0,-0.05206879234318632,0.007743709333025675,0.39910558693921117,6.828492745891394,4.0,1.0,-0.0667846824120565,-0.004570172612980925,0.4132011975390599,11.523006333599689,4.0,1.0,-0.08531671736088094,0.003997746066196313,0.40906385905092135,12.06296311164879,4.0,1.0,-0.09885036486271755,0.013353191863132037,0.39545212686032666,12.115117133243054,4.0,1.0,-0.05294510864176382,0.025297581970079887,0.4066502208916163,8.630856850992425,4.0,1.0,-0.06590305186634432,0.016000011180629294,0.41395164724538824,10.561616292769626,4.0,1.0,-0.08196843530698948,0.017624782938748616,0.4112932223227151,10.905065861424,4.0,1.0,-0.09616481804638992,0.022639919907481685,0.39988327141492136,9.26365829309485,4.0,1.0,1.0,0.0,0.0,0.0,1.0,0.0,0.0,0.0,1.0,0.0,0.0,0.0,51
-0.09266627657754532,0.05081613774357187,0.35053239645323153,6.283444805038846,4.0,1.0,-0.10459456846378547,0.019859101944989518,0.3562780797556255,4.8966548902466185,4.0,1.0,-0.10577210920659126,0.0017771902249683188,0.37743920338205633,4.782758642573178,4.0,1.0,-0.09983431281416533,-0.010142477946945774,0.3962764576656159,5.129105205082665,4.0,1.0,-0.08888103776191382,-0.006768915598678653,0.42175411380300026,3.892283164294391,4.0,1.0,-0.07208637960735349,-0.02224845704835589,0.37624186656502373,5.683850670188094,4.0,1.0,-0.060779912470021756,-0.04834223487195347,0.3849741085396153,5.447969493520617,4.0,1.0,-0.054233956609253405,-0.06607157714090403,0.39257289579859733,3.9726820343168505,4.0,1.0,-0.043573743569431465,-0.0863137511308288,0.3982499756006742,4.9777390836293876,4.0,1.0,-0.05616167876520983,-0.01363447157217874,0.3889667951818326,5.096947503441211,4.0,1.0,-0.054096465356657304,-0.027905799683059306,0.4144211004387988,4.488677127903819,4.0,1.0,-0.052696645430016995,-0.036609208491770996,0.43282296996027214,4.660515548581713,4.0,1.0,-0.04648754412493698,-0.050181856847665664,0.45144611695578707,6.338860627613474,4.0,1.0,-0.050945835190868156,0.0077600057684509205,0.3978087289718869,5.982454503829615,4.0,1.0,-0.06526023162261413,-0.004359969642548329,0.4130441342987729,9.68014709937924,4.0,1.0,-0.08450492464164108,0.0041802235890782535,0.41035284286144963,11.917550672198953,4.0,1.0,-0.09743925534217653,0.012940998729656837,0.39844430841935957,15.707460582763254,4.0,1.0,-0.051164871675859494,0.025273034864825815,0.4052488728965752,7.829294692632802,4.0,1.0,-0.06406452963401718,0.01643434563728313,0.4137096002607041,9.29871645166312,4.0,1.0,-0.0808595727924673,0.01856463664380262,0.41214229862146007,9.67821584954968,4.0,1.0,-0.09561114779010514,0.02392372739404445,0.40166310933180727,8.736986279609619,4.0,1.0,1.0,0.0,0.0,0.0,1.0,0.0,0.0,0.0,1.0,0.0,0.0,0.0,52
-0.09279454516328496,0.05130368355774177,0.34957923931611523,6.486667245471979,4.0,1.0,-0.1045393303358386,0.020012867849640747,0.35432410137892095,3.444063737756292,4.0,1.0,-0.10631290679818538,0.0019060022530752903,0.3754416220822437,3.9050417257293044,4.0,1.0,-0.10052124458208522,-0.009833380172988878,0.3944049187459679,4.459498014695431,4.0,1.0,-0.08987182489747678,-0.00542250426965797,0.41982828987839776,3.3955914260093216,4.0,1.0,-0.07127521055663148,-0.0220386796269687,0.3757768248119343,4.883479402190531,4.0,1.0,-0.05963591788529423,-0.04823091032826852,0.3844877098246745,3.827843775345692,4.0,1.0,-0.05309768052060192,-0.06579803127355255,0.39198309915827395,2.5540514420532787,4.0,1.0,-0.042156387640305056,-0.08558123676163829,0.3975440748825433,1.9614596722362307,4.0,1.0,-0.055554076068712856,-0.013381514615968303,0.38950378722329293,4.275200532288314,4.0,1.0,-0.05364616675297462,-0.028596944226349553,0.41447576862324714,3.3334330006338853,4.0,1.0,-0.053025241589702586,-0.03785088224481656,0.43284778013152714,3.594259727168252,4.0,1.0,-0.04782631726409073,-0.051796443524385845,0.45149966437591244,6.360447795437216,4.0,1.0,-0.05105067185775154,0.008044455991566021,0.39855402435183235,4.805795345800275,4.0,1.0,-0.06674628242031601,-0.004070616720282201,0.41232271424485584,10.417868198863486,4.0,1.0,-0.08640197351992361,0.004826399668495262,0.4081137597766556,11.583826970175158,4.0,1.0,-0.09984265844630134,0.01361779117293964,0.39520321565694927,14.482823568552693,4.0,1.0,-0.05195729194142291,0.025518860694783346,0.4058803802211392,6.844771664455102,4.0,1.0,-0.06623075030520051,0.016654836422654893,0.4119033356548828,10.03369605254289,4.0,1.0,-0.08307234017752324,0.01888844264549846,0.40859598325421487,10.19391929971473,4.0,1.0,-0.09766750233580879,0.024056392762457187,0.39732118181204545,9.92089922860848,4.0,1.0,1.0,0.0,0.0,0.0,1.0,0.0,0.0,0.0,1.0,0.0,0.0,0.0,53
-0.09250411735047553,0.051376075607399915,0.34619834251738857,8.190112766170502,4.0,1.0,-0.10394640534795004,0.019313294677972423,0.35065423373406573,4.821937872051173,4.0,1.0,-0.10538259383529922,-0.0005310010061163751,0.37144070203474727,3.995117255141703,4.0,1.0,-0.09959349354196469,-0.01445654797185029,0.38988438939877135,6.699501075310724,4.0,1.0,-0.09051890010919895,-0.014263710733476395,0.41429548445362097,12.198838873948288,4.0,1.0,-0.07046398924751082,-0.02387954651799949,0.3715030737587539,7.071413668272003,4.0,1.0,-0.059728707002123044,-0.04989110908621869,0.3824281356781979,4.78952747062986,4.0,1.0,-0.05427802093657858,-0.06773398804221388,0.39216416869049875,3.7497429710028825,4.0,1.0,-0.044563149888083874,-0.08836016159254723,0.40059975456112407,4.234137103259365,4.0,1.0,-0.05498167437401542,-0.01543963302474194,0.3852701647109169,5.872294652144472,4.0,1.0,-0.05399195656369811,-0.03300357595050294,0.41023218523771404,4.811192392708854,4.0,1.0,-0.05682352232686694,-0.042943199532188274,0.4283780053708031,5.00572081712463,4.0,1.0,-0.05757541210747557,-0.05717928362107881,0.44729663451783774,7.349485984034986,4.0,1.0,-0.05078069824108692,0.005962701650411543,0.39459695459187244,3.527850424049764,4.0,1.0,-0.0628940728555132,-0.008583274115899306,0.4090046362296769,11.310389287309588,4.0,1.0,-0.07767108749126626,-0.005122819395834528,0.40577153936426963,18.458679124638213,4.0,1.0,-0.08964717504087213,-0.0013081129378621024,0.39272337081893555,22.804367450686033,4.0,1.0,-0.05196829773526062,0.0233703745614828,0.4022881303845049,4.005010178197588,4.0,1.0,-0.06443721912139024,0.013492137028122346,0.40927243695611387,9.476131344718072,4.0,1.0,-0.07973641769591505,0.014120410125151514,0.40664097268505833,12.503140491114957,4.0,1.0,-0.0942292316439741,0.017856088285540778,0.3954482435872872,10.138769712112428,4.0,1.0,1.0,0.0,0.0,0.0,1.0,0.0,0.0,0.0,1.0,0.0,0.0,0.0,54
-0.09246845188484903,0.050064309613297726,0.34282856830959196,7.270662648183341,4.0,1.0,-0.10341244428741793,0.017196127907451814,0.3458725812209219,4.177036381545093,4.0,1.0,-0.10763183744575022,-0.004238610600642968,0.3638226669484978,4.206600129434754,4.0,1.0,-0.10402263769166757,-0.01960792350144162,0.3809413264600333,3.5357021181486754,4.0,1.0,-0.09677617069543255,-0.014659311412387603,0.40638876291931914,5.917592902886282,4.0,1.0,-0.06989869112520394,-0.026321541416754482,0.3632668994216064,6.959774192508634,4.0,1.0,-0.06188164427542628,-0.05139718440246108,0.3771311464660994,4.418795779843605,4.0,1.0,-0.06209308589283061,-0.06715766350847469,0.3913046129254821,3.7872095184651844,4.0,1.0,-0.062210523011503115,-0.08570946380461887,0.40619621096802516,7.062162960266376,4.0,1.0,-0.05473660631899853,-0.01777908403298642,0.3770089627984227,5.454172923517558,4.0,1.0,-0.053509052119344966,-0.035804875125929184,0.4015645649021563,6.218255039481489,4.0,1.0,-0.06236818639122796,-0.04356358432840922,0.4187576651866877,5.3867572052294594,4.0,1.0,-0.07534245561929087,-0.05246363049780992,0.43599510853209367,8.24407185558421,4.0,1.0,-0.05087996627184229,0.0037346122624876974,0.3875062718289645,4.711095388107081,4.0,1.0,-0.05854767337679102,-0.012779686763732522,0.4047543901580615,6.524358060162172,4.0,1.0,-0.07848205647887485,-0.007650151880908804,0.4074810289289053,8.429156788743327,4.0,1.0,-0.09791445261155622,0.0009631332465564429,0.40059203769947077,7.337810201268473,4.0,1.0,-0.052333149825498894,0.02116659682651002,0.39630642002274746,6.541974346941959,4.0,1.0,-0.06381226891395508,0.010452126504243958,0.4056146286397835,6.130839206622316,4.0,1.0,-0.08021690246031427,0.011110409999753039,0.40537916631696697,6.560822535741904,4.0,1.0,-0.096550703508876,0.015655727598640267,0.39658814212292864,5.872707040949845,4.0,1.0,1.0,0.0,0.0,0.0,1.0,0.0,0.0,0.0,1.0,0.0,0.0,0.0,55
-0.09507550365716497,0.04677248428860152,0.335795073729489,8.687441745828979,4.0,1.0,-0.10546819758387864,0.014623474202176615,0.33736634738213384,7.200720796410133,4.0,1.0,-0.11158122823832459,-0.008272350538437688,0.35218818216361636,5.01868677478299,4.0,1.0,-0.11092203330593982,-0.0275686214887325,0.36736388308388895,4.486686387216394,4.0,1.0,-0.10771450133469089,-0.03511787113239145,0.39290148383554163,6.643662636677191,4.0,1.0,-0.07246113511789838,-0.02875374325476141,0.3513411015094041,8.118771400268066,4.0,1.0,-0.06541706206329488,-0.05115072124212648,0.37136907748214476,5.4332309224166995,4.0,1.0,-0.07446741534251337,-0.057273131901953885,0.38713883925308407,2.765779123828536,4.0,1.0,-0.09056300645077904,-0.0591491527825383,0.40270708048691867,7.94798894811354,4.0,1.0,-0.05754576641713307,-0.02139539715572852,0.364979217901089,7.917967179648058,4.0,1.0,-0.05608496834437594,-0.04021591412082306,0.3887519212393809,9.468774493822838,4.0,1.0,-0.06916908739761635,-0.044266399945965165,0.401915301289002,7.468531723904908,4.0,1.0,-0.08870062185094992,-0.04618507964865233,0.41188938647071077,6.5238971889821915,4.0,1.0,-0.0535730836291016,-0.0011785060990461692,0.3766666857704639,7.759879536913053,4.0,1.0,-0.0568957172870003,-0.01889829961964517,0.3960109636497471,9.663376203799391,4.0,1.0,-0.07219159347382308,-0.0189152381599924,0.4059314344453458,8.615535933411032,4.0,1.0,-0.09089724719950902,-0.016032081649661203,0.4051886588816276,12.79056849874424,4.0,1.0,-0.05498466174175464,0.015238060319091787,0.38654826109920176,8.149925072181688,4.0,1.0,-0.060260782868029134,0.003469216915897446,0.40022017489073497,7.641068913148349,4.0,1.0,-0.07279622036063915,0.0008028064063836869,0.4057161560848776,5.279162588720656,4.0,1.0,-0.08893370833644203,0.0011286820001867159,0.40368022698968686,8.449203868689292,4.0,1.0,1.0,0.0,0.0,0.0,1.0,0.0,0.0,0.0,1.0,0.0,0.0,0.0,56
-0.10077794521950473,0.03971424003081591,0.3293135901430119,7.625952462042449,4.0,1.0,-0.10869223858829588,0.007585008293338438,0.3239895379380095,4.968790963269306,4.0,1.0,-0.11303049386839031,-0.018352160115363333,0.3294228423357741,3.283355568131802,4.0,1.0,-0.11159587580233539,-0.04062721936073676,0.3376130162559695,2.3286102483259965,4.0,1.0,-0.11065896093575839,-0.05753290855521666,0.3577802264220706,5.088554712446649,4.0,1.0,-0.07279582601761511,-0.034877237626503084,0.3301809701749642,5.027555560299006,4.0,1.0,-0.07017283056171839,-0.05501506319528438,0.3425961032700698,8.465873278166168,4.0,1.0,-0.08531170645932672,-0.05432989619876026,0.35499169412726916,5.714134502073635,4.0,1.0,-0.10376853613706741,-0.04728924988589515,0.3647884679952352,10.910518821336584,4.0,1.0,-0.058518748908851566,-0.028790947694972875,0.34477845415419783,4.667261886887027,4.0,1.0,-0.06410614478676274,-0.04655636950346042,0.36483573726678026,6.049683135124262,4.0,1.0,-0.08208812861524188,-0.0403747577693703,0.369144453105214,4.892978375194643,4.0,1.0,-0.1001991144348359,-0.028445309644151047,0.3644248215622303,4.849434181093044,4.0,1.0,-0.0560092120680658,-0.010614678068596738,0.3593805645355064,4.807352795462924,4.0,1.0,-0.06097651420901932,-0.029894549166640198,0.37465859639940324,5.958728577368813,4.0,1.0,-0.08018076365671806,-0.026397783734530243,0.37891842784826213,5.821518062623002,4.0,1.0,-0.09814154310797976,-0.015378304753075434,0.3713223679428149,4.574464424252296,4.0,1.0,-0.05863524977916949,0.003917804233714738,0.37140744659248703,5.7553930736019385,4.0,1.0,-0.06280736775071816,-0.009585451097828705,0.3828376659739773,5.110244168882873,4.0,1.0,-0.07744606768063195,-0.010622377856768816,0.3848460864267557,2.9468299942337106,4.0,1.0,-0.09335492492635075,-0.004916142331678146,0.37803229138270794,3.5777568950070755,4.0,1.0,1.0,0.0,0.0,0.0,1.0,0.0,0.0,0.0,1.0,0.0,0.0,0.0,57
-0.10772224279175337,0.03695446178770885,0.32411912663352543,9.105666405897693,3.0,1.0,-0.11186421602814252,0.004497542262186166,0.31300191154094487,6.087722671430234,3.0,1.0,-0.11246200787176236,-0.02241565430908943,0.31079023070355577,2.7043880960154922,3.0,1.0,-0.10934392495011311,-0.04551615400541372,0.3118114878046871,4.605505091539181,3.0,1.0,-0.10268289035327428,-0.0709284717130047,0.3256469576301497,4.326416394639418,3.0,1.0,-0.07277830913239618,-0.03376612932520486,0.30824632816256886,6.80343738676995,3.0,1.0,-0.07703816813328937,-0.058021394088293037,0.32619790394609355,5.265602969747078,3.0,1.0,-0.09097643024130841,-0.0480452324100906,0.3296453857607052,3.399226065847946,3.0,1.0,-0.10078985925606634,-0.03249676599386787,0.3219764116758248,5.5961865416320995,3.0,1.0,-0.05829848480098684,-0.028320226566030806,0.32462539153584064,4.20461294186308,3.0,1.0,-0.06877578222699786,-0.045773936400972486,0.3428808463202896,3.700757785023668,3.0,1.0,-0.0857421609693452,-0.03710962825581766,0.34316396830015455,5.831641418206065,3.0,1.0,-0.09789697842498066,-0.022817364342665118,0.3310158079644661,3.551482007886252,3.0,1.0,-0.05610873977409454,-0.012665391341240414,0.34331157869761436,3.3113224026594392,3.0,1.0,-0.06473129988113435,-0.0318677138790473,0.3563010910988168,4.9704983020233175,3.0,1.0,-0.08261803348549968,-0.02510003377127005,0.35466444155981103,5.360899637453006,3.0,1.0,-0.09326755351697845,-0.010359606459815044,0.34073074051534546,3.0949979823608484,3.0,1.0,-0.05849321119284561,-0.0007112578188707842,0.3580627114632616,6.142697723981006,3.0,1.0,-0.06386015417167952,-0.014692907525418263,0.36598860170215824,6.7402830209701206,3.0,1.0,-0.07735547884273178,-0.01100588926446457,0.3614689724967914,5.003114152826154,3.0,1.0,-0.08795915295241419,-0.00031186846067240975,0.34960943774654907,4.7335581801005935,3.0,1.0,1.0,0.0,0.0,0.0,1.0,0.0,0.0,0.0,1.0,0.0,0.0,0.0,58
-0.11045620195631474,0.03320568378207577,0.31742134300203956,12.263629952567905,3.0,1.0,-0.11490463769144206,0.0020520304447388064,0.30422214922763674,8.296953405620826,3.0,1.0,-0.1121047723968207,-0.024219451766234294,0.2973626946265982,3.3976424445349593,3.0,1.0,-0.10475128857489806,-0.046023716701899794,0.293448125322255,5.563896520824294,3.0,1.0,-0.08976250172848217,-0.07139675697492176,0.3030801786808215,7.0074522881705406,3.0,1.0,-0.07731597410912218,-0.03435849285765699,0.29012878135492304,2.5406292348039266,3.0,1.0,-0.08695937777144236,-0.053074286497422594,0.31092679258048306,3.256623502025333,3.0,1.0,-0.09838881564350198,-0.039926511414419955,0.3152229296723264,3.591209958277419,3.0,1.0,-0.10459264240269099,-0.02466013769176405,0.30647338099974347,8.980146814369958,3.0,1.0,-0.0628232919349922,-0.029594999681070835,0.30517011551024054,2.283908743844395,3.0,1.0,-0.07816128359924773,-0.04080515411971184,0.32594176375191986,3.9184214783723506,3.0,1.0,-0.09281498811805712,-0.029414239141763002,0.32786776639824017,3.875570163314778,3.0,1.0,-0.10128382659074345,-0.015444264836038264,0.3155206318310369,4.687412689264008,3.0,1.0,-0.059543872816325526,-0.01543802937328707,0.3257443913089881,5.067959441698136,3.0,1.0,-0.07316510150942537,-0.029163716243974666,0.33956270092536683,7.152723668002306,3.0,1.0,-0.08911876682345427,-0.017928670911469137,0.33869369866581833,5.4442842072194155,3.0,1.0,-0.09519735888767662,-0.0029908879599241213,0.324870495231362,3.2851711722612715,3.0,1.0,-0.0603681458117411,-0.004800820918753909,0.3425382001460554,8.167442737295639,3.0,1.0,-0.06893746336559181,-0.01584284864089907,0.35022078724671246,9.603930864827301,3.0,1.0,-0.08158182121300761,-0.008037990933495595,0.34693975409959754,6.3360214287270535,3.0,1.0,-0.08838245018221232,0.0038447851137415425,0.33486969950358936,3.728845817021126,3.0,1.0,1.0,0.0,0.0,0.0,1.0,0.0,0.0,0.0,1.0,0.0,0.0,0.0,59
-0.11366169240418057,0.029884261370576006,0.312750081436503,12.849125047661095,3.0,1.0,-0.11719328136290723,-0.0009241086837012601,0.29864759855078793,9.296408633839581,3.0,1.0,-0.11346604989516539,-0.026889790765554027,0.29054641771522277,4.763134738704747,3.0,1.0,-0.10496322263822049,-0.04807013168190486,0.28726068509510383,5.960413555867839,3.0,1.0,-0.08828499861341955,-0.07121292870145193,0.29889913146611713,6.696444924565953,3.0,1.0,-0.07923089283927019,-0.03739055302708503,0.28711637200827633,5.769893797426257,3.0,1.0,-0.09087398405975632,-0.055764376057003295,0.3065093730243326,5.473976082839251,3.0,1.0,-0.10206936015434968,-0.041926271596107054,0.30945230236200316,5.2126711132054915,3.0,1.0,-0.10645039594828384,-0.025641521967654346,0.29984843069464695,9.08761016341845,3.0,1.0,-0.06570993786298947,-0.03322496749356377,0.3028455773690382,3.509783368903264,3.0,1.0,-0.08387029231533473,-0.04293235234360483,0.32141717809074083,4.040333170811914,3.0,1.0,-0.09835259028169509,-0.030721437818818774,0.3224828567313845,4.0661380793408926,3.0,1.0,-0.10542777906006257,-0.01601922285393934,0.31069024501066916,5.116906486974774,3.0,1.0,-0.0637132768649956,-0.019537784180123186,0.3231227128495385,5.344741123255996,3.0,1.0,-0.07985595376709742,-0.03157071991800084,0.33563367313223,6.762568734933999,3.0,1.0,-0.09568361252342576,-0.019113776711596264,0.3333445909138611,5.161523356738743,3.0,1.0,-0.10005272616487945,-0.003764399043675273,0.32087819868501943,3.0819100837250932,3.0,1.0,-0.06583673362374799,-0.009231285447299115,0.33934810526615494,8.529725989204826,3.0,1.0,-0.0763041889875002,-0.01895218670511325,0.34657321744717245,8.41779303917219,3.0,1.0,-0.0888371802860748,-0.010101466605852661,0.34235453720331266,5.218098245211876,3.0,1.0,-0.09436995120720666,0.0025000865123510135,0.3314083577099667,2.2498524670789144,3.0,1.0,1.0,0.0,0.0,0.0,1.0,0.0,0.0,0.0,1.0,0.0,0.0,0.0,60
-0.11528667372192226,0.02925061423851178,0.31137075401461595,12.87351905471352,3.0,1.0,-0.11889053192944964,-0.0013475578865045374,0.2965772405377406,9.382635149389461,3.0,1.0,-0.11583029905881718,-0.027402334837403428,0.28905187037201563,5.01291434742059,3.0,1.0,-0.10811546247483017,-0.048634661250331675,0.2865377358563354,5.998517577822647,3.0,1.0,-0.09228606973062706,-0.07066733440479213,0.29909706222024096,6.951647894530356,3.0,1.0,-0.0817473579860553,-0.03812753603297592,0.28463083723946087,5.0488993805887,3.0,1.0,-0.09336446703262087,-0.05678978000149011,0.3039545475092437,5.417085413069143,3.0,1.0,-0.1047264869139598,-0.043511347063861276,0.3073752412841591,5.491077267396251,3.0,1.0,-0.10920401659200679,-0.027920855578890284,0.29798851354958245,10.253668013861384,3.0,1.0,-0.06861141232564447,-0.03428502800229121,0.3007179165906158,2.4761597944697513,3.0,1.0,-0.08701887425307603,-0.04430336934479494,0.31976781714571745,3.2033540369532627,3.0,1.0,-0.10127352190934241,-0.03219047017751937,0.3211047302800972,3.1779141670842024,3.0,1.0,-0.10804506528922009,-0.018007409747859308,0.30928741548644967,5.986726251398108,3.0,1.0,-0.06688586945882444,-0.020890836454064452,0.3214914704054883,5.086714281808487,3.0,1.0,-0.0833092662763236,-0.033294324520276745,0.334039705864868,6.799385775866193,3.0,1.0,-0.09872117411199062,-0.0209495486442392,0.33213798846414694,4.560616966174887,3.0,1.0,-0.10271771690335137,-0.005823884797549382,0.3197810045453245,3.1970856000664285,3.0,1.0,-0.06910642580789528,-0.01077750678059131,0.3381258501070413,8.348504191228715,3.0,1.0,-0.07926911281141158,-0.020949135452683353,0.345158782840997,8.698060855172207,3.0,1.0,-0.09137918316711631,-0.012128350272274876,0.340897471650109,5.498225378829129,3.0,1.0,-0.09648452876951372,0.0005276706506821497,0.329575704140655,2.595703537746642,3.0,1.0,1.0,0.0,0.0,0.0,1.0,0.0,0.0,0.0,1.0,0.0,0.0,0.0,61
-0.11573293916432854,0.029510107166462428,0.31126700620935976,13.05305449652549,3.0,1.0,-0.11913726152620589,-0.001163281199773683,0.29661745706239784,9.512285275920675,3.0,1.0,-0.11604536099219086,-0.027224546133030502,0.28926928241737054,5.2825381560480045,3.0,1.0,-0.10826862928559813,-0.04845668212265013,0.28680775389657187,5.859641235382317,3.0,1.0,-0.09274405877763602,-0.07051801651304417,0.2994877273409516,6.3783512131452555,3.0,1.0,-0.08151862705253969,-0.0377776392931053,0.28511997551631557,4.989570983194289,3.0,1.0,-0.09364143475613444,-0.05627185253159124,0.3043907716528864,5.233991253232398,3.0,1.0,-0.10517892082734313,-0.043004649196600374,0.30779651285505366,5.7052626609172234,3.0,1.0,-0.10973428005842079,-0.027276824682358522,0.2985735376817628,10.019292570227885,3.0,1.0,-0.06847855020555423,-0.03380267559339635,0.30120598400577875,2.933908541312068,3.0,1.0,-0.08732421926574153,-0.04374745737207894,0.3199495210851474,3.013349508714945,3.0,1.0,-0.10178706588695453,-0.031738922508871864,0.32132189551372314,3.233040136408322,3.0,1.0,-0.10847272497409524,-0.017441628884974275,0.3096447331124844,6.014835996293798,3.0,1.0,-0.06699408223188599,-0.020309251573206226,0.32182299457617625,5.482858375697699,3.0,1.0,-0.08360277411030557,-0.0329333534663956,0.33417013599572437,6.672951934804175,3.0,1.0,-0.09938539620645209,-0.020756541426310827,0.332472488228736,4.577109518057755,3.0,1.0,-0.10289068294139549,-0.005600892876392205,0.32047123662898125,3.6864256869130476,3.0,1.0,-0.06955274417531387,-0.010077754120476968,0.3382812744169256,8.42184419429372,3.0,1.0,-0.0798417058494639,-0.020646267885929635,0.34522324965123985,8.451018032731765,3.0,1.0,-0.09230467493925025,-0.011992127921616363,0.341178916333105,5.287714038398465,3.0,1.0,-0.09695577301993852,0.0006651162148548146,0.33049119697934043,2.595586438563663,3.0,1.0,1.0,0.0,0.0,0.0,1.0,0.0,0.0,0.0,1.0,0.0,0.0,0.0,62
-0.11645816055051424,0.030485936202971846,0.311173581184535,12.435850673524657,3.0,1.0,-0.12003805771469671,-0.00017199432462808835,0.2966532531222448,8.856125051539378,3.0,1.0,-0.11672562645845769,-0.026267194992485587,0.2893609256797345,5.103376868561889,3.0,1.0,-0.10878916809841631,-0.0475741095278678,0.2867315326067928,6.186627001939612,3.0,1.0,-0.0934528442696121,-0.07007029558939924,0.29949807330704364,6.572185683507484,3.0,1.0,-0.08250259299610968,-0.03687737333296303,0.2850909142911537,4.349096076553763,3.0,1.0,-0.09446392603395629,-0.05551505892578266,0.304610623466045,4.886161277389447,3.0,1.0,-0.10596108485079425,-0.0421617355630111,0.30786350354497305,5.401825854527353,3.0,1.0,-0.11054116972293979,-0.026272439014081255,0.2988391306655846,10.049416083300274,3.0,1.0,-0.06932985814879095,-0.0328705094069666,0.30118707958209323,2.852896217593569,3.0,1.0,-0.08777966311769159,-0.042926014350182694,0.32025486664351016,3.331624355376631,3.0,1.0,-0.10232809330521996,-0.030872794513586505,0.3216058197534074,3.4420798762358373,3.0,1.0,-0.10937137161737004,-0.016431546681268193,0.3101607643633754,6.281714565811971,3.0,1.0,-0.0676807845224063,-0.01931170017006007,0.3218267780804153,5.575608014605824,3.0,1.0,-0.08391644521412266,-0.03193423061749834,0.33443760158057406,7.158121590231688,3.0,1.0,-0.09971413442850387,-0.01977471423129092,0.3327500026967352,4.954151798268572,3.0,1.0,-0.10383259743204953,-0.004473216369286039,0.3206065154663425,3.6774381626886807,3.0,1.0,-0.07012231500117942,-0.009017674163540563,0.33831870808001796,8.518700095175346,3.0,1.0,-0.08012931857278198,-0.01938849481365302,0.3455438271051212,9.129249098288314,3.0,1.0,-0.0926125199910678,-0.010854179194252996,0.34152896518109904,5.80506632035964,3.0,1.0,-0.0977827636743525,0.0017931749202662064,0.33049632484376934,2.725451249726207,3.0,1.0,1.0,0.0,0.0,0.0,1.0,0.0,0.0,0.0,1.0,0.0,0.0,0.0,63
-0.11714388881625747,0.03121907841157712,0.3109242604144578,12.839420783015816,3.0,1.0,-0.12092549630273391,0.00045652720914408516,0.29692144339222437,8.949466893352005,3.0,1.0,-0.11814537611839071,-0.02565591465527042,0.2897100569758102,5.458003679696758,3.0,1.0,-0.11095994312940712,-0.04703684193675653,0.2869244629049836,6.598796813203378,3.0,1.0,-0.09611775042029354,-0.06956904448820303,0.2988386291025469,7.396425417278436,3.0,1.0,-0.0833277988013145,-0.03708239592698728,0.2860084828443339,5.274845053457643,3.0,1.0,-0.09538066747385682,-0.055430858875630366,0.3058246483136887,4.68173010453637,3.0,1.0,-0.10725124185966342,-0.042288169252218455,0.3088799131808955,4.372046128508629,3.0,1.0,-0.11187335238508024,-0.02644834310933345,0.2992125406893366,8.870763311975004,3.0,1.0,-0.07026145075778217,-0.033084110698099516,0.30189528882636896,2.7515137973130397,3.0,1.0,-0.08866732631807411,-0.043172004316976424,0.3209084060094313,3.1812596122579087,3.0,1.0,-0.10325188708287304,-0.031108681296598977,0.32158815706810573,2.9151749535169653,3.0,1.0,-0.1099745533588131,-0.016859951191846537,0.3090771030215259,4.997089433261682,3.0,1.0,-0.06887317222449293,-0.019175217731740767,0.32210198085787667,4.742937951810474,3.0,1.0,-0.08484677416530509,-0.03191723232847778,0.3347104886876374,6.933800511717987,3.0,1.0,-0.10079401502911686,-0.020141028626642087,0.33230753204219293,4.408546101319288,3.0,1.0,-0.10564237135962795,-0.004890796865908575,0.31973084239954963,0.8954897392736997,3.0,1.0,-0.07165707503861263,-0.008536796132381508,0.33827194466462523,7.7937694549533765,3.0,1.0,-0.08082331008604747,-0.019291754215747976,0.34555310750846263,9.001485129294844,3.0,1.0,-0.09320900774557504,-0.01117920106815039,0.34098215978871527,6.067358249585634,3.0,1.0,-0.09925960695600641,0.0011747115091926919,0.3295651684744416,4.52863074494627,3.0,1.0,1.0,0.0,0.0,0.0,1.0,0.0,0.0,0.0,1.0,0.0,0.0,0.0,64
-0.11759959545800361,0.031572138857315066,0.3112853536144134,12.862209779317338,3.0,1.0,-0.12169825074599286,0.0008431420239165795,0.2972361028632726,8.831273213043469,3.0,1.0,-0.11901615142579122,-0.025314377299717403,0.28993512919802633,5.074155178834764,3.0,1.0,-0.11196914918519707,-0.04674372859904813,0.28705586534522176,6.2756113758351,3.0,1.0,-0.09727394961963431,-0.06981266301966402,0.2988231238814729,7.457952577772506,3.0,1.0,-0.08444007149720646,-0.03693170865510447,0.28562972510402135,4.7251066635905685,3.0,1.0,-0.09622766998305984,-0.055386813993107194,0.3056184510763828,4.883387949277865,3.0,1.0,-0.10798930519714187,-0.04207307079892973,0.3088221941048145,4.274453065504113,3.0,1.0,-0.11274265601182867,-0.026176882218317443,0.2992875046060889,8.788219020272637,3.0,1.0,-0.07123225936329448,-0.033016288953731016,0.3014722592279426,2.945093601430177,3.0,1.0,-0.08945644189599124,-0.043137364930002496,0.32084199520831747,3.497347757579588,3.0,1.0,-0.10415240756317919,-0.03101052813297356,0.321915382247274,2.874569444330957,3.0,1.0,-0.11112868618839745,-0.016656807488786018,0.3096063305999022,4.891506823701903,3.0,1.0,-0.06954437914311236,-0.01910037665421047,0.32185169768959043,5.303019459765309,3.0,1.0,-0.08555104326468535,-0.03188221481944963,0.33468438967165576,7.056297408585306,3.0,1.0,-0.10163206950117372,-0.01996180413864271,0.33279978242740804,4.2837480647192185,3.0,1.0,-0.10646809139749869,-0.0046330755487906765,0.32005731348614774,1.4660567698441147,3.0,1.0,-0.07202112148360743,-0.008454716688213999,0.33822095853578066,8.232612048888926,3.0,1.0,-0.08152662606835469,-0.01906117356251698,0.34551105743083116,9.196625590656724,3.0,1.0,-0.09404128318557858,-0.010768473358427353,0.34116412207838864,5.6683432399309845,3.0,1.0,-0.10008128665740312,0.0015705101870098408,0.3295800346760272,3.961429369736745,3.0,1.0,1.0,0.0,0.0,0.0,1.0,0.0,0.0,0.0,1.0,0.0,0.0,0.0,65
-0.11750905201338353,0.03142959307819399,0.3108292462145127,9.73164117933247,4.0,1.0,-0.12297297243076848,0.00038733367253605144,0.2950001421650726,7.910219551820332,4.0,1.0,-0.12032586963988792,-0.025585958979188545,0.2884621284170425,4.9576260389517754,4.0,1.0,-0.11219077097520545,-0.046887363045002614,0.28682439572056456,4.929484731151971,4.0,1.0,-0.09861286051388037,-0.06966933425918438,0.29767188976152675,6.414753985367392,4.0,1.0,-0.08444574273172863,-0.03777197213818143,0.28596173737618985,4.339302811140631,4.0,1.0,-0.09592948824624739,-0.05602818804502319,0.3048546566078881,4.541413341700662,4.0,1.0,-0.10798108677582965,-0.04241059013624782,0.30750308851087166,3.6191134573003243,4.0,1.0,-0.11306908891231908,-0.025962845617527545,0.299805220888903,6.393327369720859,4.0,1.0,-0.07049682920744405,-0.034011989186100995,0.30173870163276867,3.1011648082967795,4.0,1.0,-0.08980309038863167,-0.043647379593438944,0.3191778350436279,3.5302936200752884,4.0,1.0,-0.10447333421507128,-0.03114266426180422,0.32000317080200186,3.03361246824595,4.0,1.0,-0.11113896631073392,-0.01636061551023526,0.3093109838740991,3.086118103381626,4.0,1.0,-0.06850453552299991,-0.019944503821663524,0.3219266851742173,4.461063538685501,4.0,1.0,-0.08661865586150949,-0.032158586929905884,0.3333864437695427,6.008646138056408,4.0,1.0,-0.10231330227051653,-0.019986881265831858,0.33086543824682957,4.086132066895313,4.0,1.0,-0.106941235054837,-0.004554487262030865,0.31925958996731185,1.2684792471474575,4.0,1.0,-0.0711457995981753,-0.008971809471016955,0.33845921559822767,6.811438674365579,4.0,1.0,-0.08323639254576039,-0.019198612270780187,0.34473593277955067,8.57165906560244,4.0,1.0,-0.09541799146662625,-0.010732535771608653,0.3407435464458028,6.6309264224305755,4.0,1.0,-0.10010892095454287,0.0014992366357713535,0.3303223204521524,5.0152137244067445,4.0,1.0,1.0,0.0,0.0,0.0,1.0,0.0,0.0,0.0,1.0,0.0,0.0,0.0,66
-0.11777282594458922,0.03078475008568947,0.3102083722344666,12.501225131158748,3.0,1.0,-0.12181078666619047,-9.228275513027898e-05,0.2962561149834785,8.28202202714786,3.0,1.0,-0.11941273090024761,-0.026231136347466526,0.28912726364933383,4.451433973011795,3.0,1.0,-0.11250302953443232,-0.047784603955001816,0.286268259343544,6.182904334554956,3.0,1.0,-0.09726248132792129,-0.07101748738874473,0.297576522438083,7.8375808149141095,3.0,1.0,-0.08408873424491572,-0.0380522342941055,0.28548786250616787,5.104014130510621,3.0,1.0,-0.09542473708862848,-0.05670407405234807,0.30497856220550484,4.507937546106191,3.0,1.0,-0.10738502974883585,-0.04337297079338862,0.30795156846272415,3.1021086944556715,3.0,1.0,-0.11213552106228167,-0.027441455578849906,0.29803017681409577,7.189398073223707,3.0,1.0,-0.0707624683619563,-0.034052233793949144,0.3013857808459907,2.9304594888279127,3.0,1.0,-0.08857799471230358,-0.044626946044104346,0.3199145728664156,3.44439314270153,3.0,1.0,-0.10336852829085909,-0.03239815278333434,0.3206483978358033,2.7531564276602176,3.0,1.0,-0.11022264843662245,-0.01776479872693833,0.30799733139030255,2.76001623092027,3.0,1.0,-0.06908478685173017,-0.020052570823706976,0.3215057289929104,4.831246541640119,3.0,1.0,-0.08428242565449354,-0.033561782103814025,0.33343894463614504,6.860590920172854,3.0,1.0,-0.10031699695555052,-0.021583453756553468,0.33081778692312674,4.670377656922549,3.0,1.0,-0.10514875472792122,-0.006154750063065862,0.3174794908217184,0.4108943572918334,3.0,1.0,-0.07155149128838506,-0.009308401427217252,0.337612722878706,8.01959278020931,3.0,1.0,-0.0802336271418788,-0.02059583314568072,0.34429753127781537,9.016479310629963,3.0,1.0,-0.09263313338198982,-0.01223594561487683,0.3395489721134389,5.985141307349173,3.0,1.0,-0.09838089368250799,9.277627374476395e-05,0.32761723531402587,3.8734952583573548,3.0,1.0,1.0,0.0,0.0,0.0,1.0,0.0,0.0,0.0,1.0,0.0,0.0,0.0,67
-0.11823144629980847,0.03030919842462836,0.30975024811108887,11.977599434383203,3.0,1.0,-0.12250070968260807,-0.0007087595124563611,0.29642893222417666,7.5707234839396165,3.0,1.0,-0.11966361843536961,-0.027076162382548258,0.2892399284055193,3.9599025618319192,3.0,1.0,-0.11192870061045902,-0.048922646541561636,0.2858853458855213,6.283039379731615,3.0,1.0,-0.09569787538385628,-0.07260913219252539,0.29670388787697866,6.891218473722101,3.0,1.0,-0.08362190497426407,-0.03899228593943236,0.285211511554293,5.424310570922721,3.0,1.0,-0.09562225597782373,-0.057370184972333114,0.3045873969672441,4.432866665099525,3.0,1.0,-0.1077501494884588,-0.04363203620824641,0.3077294405952762,3.189541476997786,3.0,1.0,-0.11204907968276907,-0.027445195124604676,0.29750477055321556,7.724127015676082,3.0,1.0,-0.06959262621469367,-0.03508440487936286,0.3006173355124753,3.7885088370676034,3.0,1.0,-0.0875185342909916,-0.0456949643452348,0.3190573838340498,4.056564678610484,3.0,1.0,-0.10261186090922203,-0.03325587619160462,0.3199385971111263,3.4583291506325318,3.0,1.0,-0.10941028408306612,-0.018489797513733926,0.30723078855200964,3.6454150328974575,3.0,1.0,-0.06756730448902475,-0.021090533923498654,0.32030065526498985,5.369852839197523,3.0,1.0,-0.0830711658602876,-0.03452345069788448,0.33232440637130456,7.070120271269492,3.0,1.0,-0.09938457489086415,-0.02230284925745586,0.3298941136687589,4.979656983414283,3.0,1.0,-0.10398927956072049,-0.006842160718558027,0.3163920704648736,2.045207737138772,3.0,1.0,-0.06978123978835267,-0.010368195810542628,0.3361026317880253,8.674269749081098,3.0,1.0,-0.07909553943207813,-0.021477403505837697,0.34294879113833493,9.310051047941556,3.0,1.0,-0.09174253306076056,-0.012962493883520719,0.33833469825091916,5.788575079727726,3.0,1.0,-0.09723909891563083,-0.0006147183466057644,0.32625536962673457,2.8329251793558083,3.0,1.0,1.0,0.0,0.0,0.0,1.0,0.0,0.0,0.0,1.0,0.0,0.0,0.0,68
-0.11789432722669946,0.029066640083719383,0.30837233524662166,11.130628108429915,3.0,1.0,-0.12199896638281349,-0.0020131044473514054,0.2948321742473117,7.0346661284546,3.0,1.0,-0.11924235180988103,-0.028327894134063558,0.2879496759998886,4.0786104416108975,3.0,1.0,-0.11168596657192849,-0.0501082864159845,0.28468518008263033,6.985122260270534,3.0,1.0,-0.09583912415614258,-0.07391532053219187,0.2952131541687949,7.050810553076393,3.0,1.0,-0.08316288912158296,-0.03980908826509207,0.28371068396200977,6.5145647449439705,3.0,1.0,-0.09494130523672747,-0.058558482845188185,0.3030426888531281,5.248669962724118,3.0,1.0,-0.10702776542096601,-0.045116804092053465,0.306280436800643,4.5649646161118165,3.0,1.0,-0.1119568339689358,-0.028510654476414925,0.296693017383609,9.081114417204011,3.0,1.0,-0.06922408479229217,-0.035749870853739235,0.2991963470373419,4.649310245373294,3.0,1.0,-0.08674470389390201,-0.04701150249794362,0.3176002449673719,3.582461523837667,3.0,1.0,-0.10193703052578336,-0.03494411995584109,0.31875284107951835,2.9564293044777776,3.0,1.0,-0.1095137620681077,-0.01967262119819547,0.3067374283922601,4.069549438371286,3.0,1.0,-0.0672276523938706,-0.02172621583026652,0.3189637648574799,5.398421927211825,3.0,1.0,-0.08234967359578331,-0.03569095013844168,0.3306437947714416,6.141850783850393,3.0,1.0,-0.09873984176981533,-0.023973305463337608,0.3283851261035167,4.351753843733354,3.0,1.0,-0.1042636425816064,-0.008110767507314973,0.31514091903898045,2.4499786534752293,3.0,1.0,-0.06949063239984604,-0.011021935508391695,0.3347993022565066,8.29934020655322,3.0,1.0,-0.0784597295519848,-0.02234523697889271,0.3414901082176108,8.644542823507676,3.0,1.0,-0.09115775828828027,-0.014364944423156332,0.33691580613944033,5.068599453839449,3.0,1.0,-0.09729533168830116,-0.002018662458556817,0.3248184778632638,3.9517655025438168,3.0,1.0,1.0,0.0,0.0,0.0,1.0,0.0,0.0,0.0,1.0,0.0,0.0,0.0,69
-0.11751187446522353,0.02826785481410761,0.30743590391434933,11.987215208814234,3.0,1.0,-0.1218906495969052,-0.0026584754693710112,0.2936580338233614,7.884638985422772,3.0,1.0,-0.11923069346181699,-0.029042485225776786,0.2867529875237549,3.0598557905512105,3.0,1.0,-0.1116778127424625,-0.05101952900966238,0.283672668667561,5.919116048355934,3.0,1.0,-0.09602088144331627,-0.0756159281028885,0.2938656471562456,6.763636604513707,3.0,1.0,-0.08321071784609463,-0.040833558025803705,0.28215083372265504,5.465103984285527,3.0,1.0,-0.09394180166185594,-0.06020273592263774,0.30109296901258964,5.167860907486725,3.0,1.0,-0.10603302753201616,-0.04679395721414107,0.3046271494866693,4.74523830048957,3.0,1.0,-0.11126943005046515,-0.030324954077774035,0.29493288200962103,9.38734372343868,3.0,1.0,-0.06913525897741268,-0.03697635419955002,0.29772509225654525,3.216234916746975,3.0,1.0,-0.0860059712628498,-0.048958554794404086,0.31599074970566665,2.712246739880708,3.0,1.0,-0.10119993109224414,-0.03693374947320817,0.31722308930803467,2.543702700376539,3.0,1.0,-0.10858234009697523,-0.021820109049836695,0.30496004293042933,3.9875256715039415,3.0,1.0,-0.06689199587058843,-0.023108337167676088,0.31768696202998076,4.324561558401208,3.0,1.0,-0.08191612473962633,-0.03734867587248713,0.32936463470408517,5.326979798405674,3.0,1.0,-0.09837868913235054,-0.025500360441645994,0.32756105679162434,3.8866543925112746,3.0,1.0,-0.10335401656878009,-0.00987857973065226,0.3144708529790496,2.9311887385577093,3.0,1.0,-0.06895412788628065,-0.012493511319533393,0.3336440356497166,7.3647570485906355,3.0,1.0,-0.07828312262818371,-0.023748147062727088,0.34033368219852406,7.674904128926149,3.0,1.0,-0.09106965718473226,-0.015595991548929692,0.3359081777255853,4.481936562492683,3.0,1.0,-0.09674431443904091,-0.0032785276098809234,0.3239890650525641,4.322255795109336,3.0,1.0,1.0,0.0,0.0,0.0,1.0,0.0,0.0,0.0,1.0,0.0,0.0,0.0,70
-0.11693175423704312,0.027230701418645965,0.3063329626981918,11.99026983811649,3.0,1.0,-0.12141107662063033,-0.0033927442960044307,0.29257352527915176,7.285587495032118,3.0,1.0,-0.11886697216132697,-0.029605583880258843,0.28582610922708757,4.068144165585173,3.0,1.0,-0.11161868202388471,-0.051610398268082704,0.28267770081920973,7.751219983251352,3.0,1.0,-0.09653722234482447,-0.07711627845597328,0.2925376808182758,8.17022119787032,3.0,1.0,-0.08296985030992977,-0.04150499914229604,0.2812738773212712,6.2598704166426495,3.0,1.0,-0.09318247932856175,-0.06155634585855286,0.29964744279188266,5.493305757201573,3.0,1.0,-0.10534061230543892,-0.048699400843514026,0.30293882417522217,3.762024662870997,3.0,1.0,-0.11124308489492223,-0.03247539586832615,0.29299817316287596,8.597829144208402,3.0,1.0,-0.06893259721234005,-0.03782899441476264,0.2968168449596045,4.171190384361031,3.0,1.0,-0.08506469204281453,-0.050790444840550245,0.31455728803635286,3.8584422605773896,3.0,1.0,-0.10002896597016321,-0.03943651967159306,0.3155291668237851,4.0873498520586145,3.0,1.0,-0.10790845032388535,-0.024285247484937173,0.30295565698312504,2.5828634610322294,3.0,1.0,-0.06669108046383804,-0.024148092798099634,0.31661566126025376,4.777797784413056,3.0,1.0,-0.08063370280832059,-0.039439426690306124,0.3280984660973443,6.897244302019847,3.0,1.0,-0.09654084359102283,-0.02874833444057296,0.3262546546545251,6.411589887811535,3.0,1.0,-0.10248286693312537,-0.012700599482033986,0.3131463119183818,1.6715540559582795,3.0,1.0,-0.06864801885557814,-0.013692321287897272,0.332495474120824,8.210997329872475,3.0,1.0,-0.07665055292977571,-0.025930556382727576,0.33929583861092166,9.847744025231258,3.0,1.0,-0.08883575801426045,-0.01858261794060359,0.33498307345176476,7.805656681092864,3.0,1.0,-0.09476537233550959,-0.006376851929786762,0.32329872244825913,5.140519668093019,3.0,1.0,1.0,0.0,0.0,0.0,1.0,0.0,0.0,0.0,1.0,0.0,0.0,0.0,71
-0.1169310871244504,0.02549566098552643,0.3050840479828982,8.988340221108054,4.0,1.0,-0.12134658613996821,-0.004983466288333127,0.290137530032213,5.789331397792203,4.0,1.0,-0.11846616145472666,-0.03090946694963745,0.2836893387827443,2.6222661131128553,4.0,1.0,-0.110811923853695,-0.052975158373275225,0.28111802163255584,7.1369298082974275,4.0,1.0,-0.0976566537625114,-0.07956887630560991,0.2907659171349406,6.960417532060647,4.0,1.0,-0.08263206452589518,-0.04241615667528169,0.2795985369301669,5.767282687292326,4.0,1.0,-0.08889737877298103,-0.06378251896651235,0.2946750880942771,11.426147845105808,4.0,1.0,-0.10151925850764919,-0.050880318594500276,0.29928969639309944,8.678063905066066,4.0,1.0,-0.11113335016596206,-0.03323438048883473,0.29484916902437364,7.158193032653813,4.0,1.0,-0.06835982845235386,-0.039268515975317685,0.29392732596876775,4.512601083594321,4.0,1.0,-0.0821100995947459,-0.05355560186075512,0.30940186816202003,7.345473637756024,4.0,1.0,-0.09734639118342948,-0.042067098224911635,0.31211843962859864,5.275423810117709,4.0,1.0,-0.10888994975709233,-0.025456003938820703,0.30484423305014596,4.827234330232707,4.0,1.0,-0.06578104101012361,-0.026166155159249357,0.3129716757826675,4.6133643239692175,4.0,1.0,-0.07909525476867789,-0.04193535120129902,0.3236870119677411,6.659881923202986,4.0,1.0,-0.09591822268151971,-0.031097130297479243,0.32403691428687265,4.811691406991613,4.0,1.0,-0.10561951622549796,-0.014220076543918955,0.3150888227824287,5.955470380100429,4.0,1.0,-0.06746432596024697,-0.016144939903091383,0.3287527357448933,7.447081880853591,4.0,1.0,-0.07668586571304027,-0.02845006785984373,0.33566434776823445,7.468374265247169,4.0,1.0,-0.09008851286710104,-0.020868833840936015,0.3331541286924431,5.645111578490182,4.0,1.0,-0.09926955235556363,-0.00796225313044521,0.3242056219048928,8.097095430280199,4.0,1.0,1.0,0.0,0.0,0.0,1.0,0.0,0.0,0.0,1.0,0.0,0.0,0.0,72
-0.11742383293020127,0.0250634426516563,0.30315690058803535,8.963322497676938,4.0,1.0,-0.12189604259711648,-0.00539594481622651,0.28789529505765177,6.406936107103492,4.0,1.0,-0.11894973979807356,-0.03128835942869588,0.2816255819231272,3.1283752911236697,4.0,1.0,-0.11105306165580062,-0.05345961080201099,0.27945056331261486,7.2973692470811855,4.0,1.0,-0.09880503324742947,-0.08047727993948199,0.28922152074904195,7.171358567322761,4.0,1.0,-0.08280133333057049,-0.04320560965885202,0.27789544520587317,5.978227021203465,4.0,1.0,-0.08904797043692987,-0.06531772556265329,0.29268292972611315,10.544215291004335,4.0,1.0,-0.1021045272348867,-0.053079987984406,0.2972364818559648,8.040614529433169,4.0,1.0,-0.11233062587588581,-0.03563501154641053,0.2927495564584651,7.897940682984435,4.0,1.0,-0.06855153993996431,-0.04016798790222934,0.2925396874036531,4.767475808332012,4.0,1.0,-0.08319602001012186,-0.055334448487585765,0.30811592548792943,4.701791861679271,4.0,1.0,-0.09846780996584327,-0.044712347184327005,0.31030039298927137,4.403548232134295,4.0,1.0,-0.10905319922334103,-0.02849195185810668,0.3020328772587146,4.932846573295123,4.0,1.0,-0.0662312514086516,-0.027070134523990336,0.31176610811945654,4.221157970352104,4.0,1.0,-0.08009441024203615,-0.04373968128001827,0.32239623995431005,4.567025650471169,4.0,1.0,-0.0967524845728104,-0.03402404567137167,0.32250032810786844,3.929740795803535,4.0,1.0,-0.10535814126984187,-0.01742661535475667,0.3126496140239536,3.782857094720943,4.0,1.0,-0.06827100216410269,-0.017015925674464628,0.3276440783835079,6.538386463307977,4.0,1.0,-0.07772793804230033,-0.029819566084731852,0.3344250640514564,6.107165978156582,4.0,1.0,-0.09118558570257244,-0.023083013814310275,0.3319177083953784,5.128190412788529,4.0,1.0,-0.09945408528348677,-0.01078334837825199,0.32250732111208424,7.35634263765403,4.0,1.0,1.0,0.0,0.0,0.0,1.0,0.0,0.0,0.0,1.0,0.0,0.0,0.0,73
-0.11752709152766602,0.02386135144035166,0.30148192615496605,8.0706358048679,4.0,1.0,-0.12205860066215127,-0.006246059765191624,0.28526997106457685,5.954141521474019,4.0,1.0,-0.11933844761477427,-0.03207134853505214,0.27947942290570743,3.9412521225694013,4.0,1.0,-0.1118381903557104,-0.053872111400362285,0.2775473346630153,6.350484200239628,4.0,1.0,-0.10107270715767938,-0.0803279659687731,0.2877351315116919,6.858926560709442,4.0,1.0,-0.08323343531872665,-0.04401892275085708,0.27603244877140565,6.308558503571167,4.0,1.0,-0.09003122687377224,-0.06767699562057124,0.2907795863314605,5.964010833410994,4.0,1.0,-0.10292080661794539,-0.05680158506283117,0.2951487637814297,3.482588568376662,4.0,1.0,-0.11204296952968797,-0.039482027180600295,0.29045131885397474,8.549864275371561,4.0,1.0,-0.06936334717736008,-0.04150056606095704,0.29153192874898703,5.573482090058631,4.0,1.0,-0.08405235641380135,-0.05865979503870854,0.3063905875006499,3.8634449687218613,4.0,1.0,-0.09919696246897064,-0.048587398087976665,0.30812553285776995,3.467981661105962,4.0,1.0,-0.10930971828258991,-0.03209208473247567,0.29987775858666155,6.707555522939866,4.0,1.0,-0.0673783002772311,-0.02888784512414085,0.3112860599888915,5.455875742731839,4.0,1.0,-0.08166675654470348,-0.04683990645988932,0.3208864612277873,4.796107910699935,4.0,1.0,-0.0982478524177767,-0.03777485224943932,0.3204068190474655,4.340058039200416,4.0,1.0,-0.10660437492244079,-0.020749164729110713,0.3107918355650958,5.405243907938276,4.0,1.0,-0.06979074590068314,-0.019126251335227423,0.3273547398932521,7.211489445502622,4.0,1.0,-0.07964166803106232,-0.03303040450148366,0.3327233112888458,6.625032023384627,4.0,1.0,-0.09302891469882278,-0.02713523684304655,0.32996226611980695,5.602821428278773,4.0,1.0,-0.10120059847296894,-0.014422625297450673,0.3208770459746453,7.729220380772763,4.0,1.0,1.0,0.0,0.0,0.0,1.0,0.0,0.0,0.0,1.0,0.0,0.0,0.0,74
-0.12051972294808973,0.023367557061657145,0.29379562270712445,7.81185007946463,4.0,1.0,-0.12672286551418374,-0.005107787659516344,0.2772101158937979,5.167531055863978,4.0,1.0,-0.12609980198532417,-0.031271598355572756,0.2688612478023042,3.89177960529173,4.0,1.0,-0.11985015254545388,-0.05395737131440442,0.2679988703702596,4.782270699982984,4.0,1.0,-0.11637348005464683,-0.07793198311466856,0.2824876961606848,5.3970857874319496,4.0,1.0,-0.0868047551515391,-0.0455788826538137,0.2680998042289993,3.8929878914905727,4.0,1.0,-0.08531463150579367,-0.07304489439559955,0.27978986504471426,5.3055242338789785,4.0,1.0,-0.10001146251255802,-0.08085006606207532,0.29126375490036566,6.665217208060906,4.0,1.0,-0.11990084167542676,-0.08137439945689232,0.3016105713319191,9.349471812386033,4.0,1.0,-0.07266880592756614,-0.04553425493274423,0.2842732405880862,2.974581086959953,4.0,1.0,-0.08040038264769102,-0.07056488014424697,0.2980324031321545,4.236401920133881,4.0,1.0,-0.09789544049010643,-0.07643163835654007,0.3082168271960624,3.7094987312058305,4.0,1.0,-0.11987962948934436,-0.07530118430774285,0.31594593163388995,7.380494653204513,4.0,1.0,-0.07115964262619187,-0.03464114687590638,0.30446640202160435,3.215625606257436,4.0,1.0,-0.07802955063398674,-0.05893949547088585,0.3130643034379189,3.7164553867119854,4.0,1.0,-0.09688947085755958,-0.066537225871494,0.32250010447264454,3.088632531699801,4.0,1.0,-0.11913957155204867,-0.06478394385783287,0.3268660153154462,5.721312222535392,4.0,1.0,-0.07445689345746283,-0.02588358761748701,0.32072922924939123,5.116532610467694,4.0,1.0,-0.08075404950526512,-0.04306226704895199,0.3258255469854234,2.841421663158382,4.0,1.0,-0.0958962459217747,-0.047059927490945196,0.3290026771221271,4.351400616454869,4.0,1.0,-0.11276328901344564,-0.042851947520846013,0.32720966096167226,10.842601047505797,4.0,1.0,1.0,0.0,0.0,0.0,1.0,0.0,0.0,0.0,1.0,0.0,0.0,0.0,75
-0.1224687198677842,0.021804138509617436,0.2912964393333737,10.341171409560769,4.0,1.0,-0.1284321502737858,-0.0063945349488562205,0.27353073220241847,6.312447766099545,4.0,1.0,-0.12960907181270273,-0.03230165943058687,0.26488114023854104,4.908725460947093,4.0,1.0,-0.12421804479478811,-0.055399172640989515,0.26500417735311715,5.874916625617112,4.0,1.0,-0.12117342908510895,-0.07903920805254015,0.2819622093771527,5.653014388825226,4.0,1.0,-0.08995815922598627,-0.04972277703265943,0.2651410082214073,4.150898915042282,4.0,1.0,-0.0877598293932311,-0.07720433905356476,0.2740548027092135,5.5203172335612125,4.0,1.0,-0.09728376634163075,-0.09259201000475868,0.28500821066459586,5.102052578385553,4.0,1.0,-0.11052336830846199,-0.10808128607870254,0.2964080028625441,2.3860673801418795,4.0,1.0,-0.0767834739977818,-0.05074930012304154,0.2814208417294799,4.2910651401097795,4.0,1.0,-0.08074439746203972,-0.07737975912525893,0.2916027118807146,5.931655083750963,4.0,1.0,-0.09265281229585894,-0.09251474230781881,0.3016322844243474,4.644974755397972,4.0,1.0,-0.10856216361813283,-0.10750864532514753,0.3111269705194817,3.859018867203908,4.0,1.0,-0.07589090931145796,-0.03979037772371702,0.30123409841707555,5.8238568645772935,4.0,1.0,-0.08013459217834563,-0.06464711235599402,0.3069736739233618,3.8716103551526113,4.0,1.0,-0.09300749865774428,-0.07942196402933628,0.3173272502283281,3.6688932799280733,4.0,1.0,-0.11033159124659689,-0.09075396637032311,0.32515812213896783,10.22769607777766,4.0,1.0,-0.0795761550135318,-0.03067625507872262,0.31693289647992273,7.52442417814758,4.0,1.0,-0.085325940869847,-0.04808039834520931,0.31980303686311146,6.009146369188664,4.0,1.0,-0.09770260713212386,-0.053647957760440346,0.3215822049902659,9.182289032532214,4.0,1.0,-0.1121864408722926,-0.053001572907565006,0.319127067495267,16.726850301371066,4.0,1.0,1.0,0.0,0.0,0.0,1.0,0.0,0.0,0.0,1.0,0.0,0.0,0.0,76
-0.12569898151755177,0.020920398727534147,0.2902433081538747,10.918047010091273,4.0,1.0,-0.13190838462242913,-0.006635226710514003,0.2720831531370085,7.094504750571314,4.0,1.0,-0.13434140943893133,-0.032974768706350736,0.2654301279909847,6.753569486544034,4.0,1.0,-0.12982429266589768,-0.055632862084167595,0.2675409598240746,5.957401359463606,4.0,1.0,-0.12466695446592195,-0.07396054220262348,0.28555061179910185,4.00514639549694,4.0,1.0,-0.09531677514972303,-0.05047071343937242,0.26022068718536273,7.376352574115829,4.0,1.0,-0.08965999394179741,-0.07878094931446172,0.2668842131540382,7.696229913201422,4.0,1.0,-0.09515566160961565,-0.0962247617321136,0.2771426051927509,5.45374240713318,4.0,1.0,-0.10251606044776645,-0.11654696183726594,0.28784579073572236,4.0780927996804355,4.0,1.0,-0.08218882083891207,-0.05203937469352899,0.2753455567622442,5.1059977786903366,4.0,1.0,-0.08140924945223024,-0.08013492566719041,0.2836943462418193,7.1927701623888165,4.0,1.0,-0.08814128251811519,-0.09878350159544506,0.29243961711567623,4.224925901762572,4.0,1.0,-0.09699679542368167,-0.12088573592284023,0.30022854036425056,2.845512105120366,4.0,1.0,-0.08058275511617008,-0.041496076770820955,0.2952089526515589,3.830489335621942,4.0,1.0,-0.0824259924233153,-0.06699285730486634,0.30045730956161887,4.289493181428382,4.0,1.0,-0.09076954858229527,-0.08552331617161929,0.3100397633350502,4.329365807989795,4.0,1.0,-0.10219713573837835,-0.10466077504015234,0.3170988051010391,5.116150722033524,4.0,1.0,-0.08353581161503884,-0.03261233557708289,0.31126208665980015,5.0624390842241835,4.0,1.0,-0.08799815252612057,-0.05009915656312651,0.31422177078398417,4.676478666120467,4.0,1.0,-0.0985689654111092,-0.0569380172815539,0.31670316207179366,7.01130349133201,4.0,1.0,-0.11051617698103594,-0.05802210180760796,0.31425721278516644,16.42407621089812,4.0,1.0,1.0,0.0,0.0,0.0,1.0,0.0,0.0,0.0,1.0,0.0,0.0,0.0,77
-0.13029081236761766,0.020037692581463394,0.2900995118811915,13.955560543682143,4.0,1.0,-0.13743214149930316,-0.005300171450355188,0.2729865858297271,11.623057313521622,4.0,1.0,-0.13893104409165155,-0.03072008287333199,0.2697885847876936,10.36300730782283,4.0,1.0,-0.13354836113432597,-0.0539426496352094,0.2736361090963752,7.436124067875187,4.0,1.0,-0.1267514461041721,-0.0792894962500201,0.291563840919554,2.3296361845929225,4.0,1.0,-0.09954916651309338,-0.05029393724056974,0.25924402963790966,5.5133864677060025,4.0,1.0,-0.09367179725056955,-0.07828050962001411,0.2645450223923314,6.560121935200851,4.0,1.0,-0.0975703746018561,-0.09664535470947179,0.2736580943494077,5.1475073224116175,4.0,1.0,-0.10163108540624402,-0.11880245686472928,0.2826923970824197,3.4398578813778267,4.0,1.0,-0.08526483982062992,-0.05361233503554533,0.2730935243688388,4.8067304431878,4.0,1.0,-0.08410977338106622,-0.08155617009222287,0.28058781304582364,7.620943534526837,4.0,1.0,-0.08934959801723856,-0.1010577899307243,0.2886878314305525,4.407218436020168,4.0,1.0,-0.09581410234080708,-0.12433738721902017,0.295872236511022,3.4143673087052138,4.0,1.0,-0.08295371398720244,-0.04445134865614862,0.2921042941833347,4.9398966263789905,4.0,1.0,-0.08406852601247838,-0.06956852375701157,0.2955048402041815,5.521278448156383,4.0,1.0,-0.09470988499092058,-0.0849714784449759,0.3053978894066853,5.0871663347177085,4.0,1.0,-0.10874527733412029,-0.09508405900578805,0.3111782668130131,21.048775386328966,4.0,1.0,-0.08554500425344774,-0.03646417818194067,0.30749992586819663,6.814055562776419,4.0,1.0,-0.09179423652204531,-0.052731794321720836,0.3101578440859045,5.518447483495676,4.0,1.0,-0.10344867558808384,-0.057836285636305884,0.3122937311011418,5.6020000412739215,4.0,1.0,-0.11622729821268157,-0.05691431805797322,0.3093874276145472,19.54358574495486,4.0,1.0,1.0,0.0,0.0,0.0,1.0,0.0,0.0,0.0,1.0,0.0,0.0,0.0,78
-0.13158813487371368,0.02013170177382684,0.29446463618116603,13.890968796425838,4.0,1.0,-0.13940807228072316,-0.005011365963765248,0.2779426119718113,12.430389616532686,4.0,1.0,-0.1398326899881776,-0.03084696166048017,0.2764566701563638,10.647890408767932,4.0,1.0,-0.13392406783417735,-0.053932802341233335,0.2805051024051954,7.18138090083457,4.0,1.0,-0.12619821279652085,-0.08074278484532231,0.29658048069742987,2.2546857665950233,4.0,1.0,-0.10118741792842328,-0.04955321075983579,0.26227173567734025,7.028396007525461,4.0,1.0,-0.09672342594645544,-0.07714313344836497,0.2681255342437244,8.978359021581694,4.0,1.0,-0.10088620282180738,-0.09474953765994588,0.2772224999961666,11.723990766150179,4.0,1.0,-0.10491287615834671,-0.11593258219710022,0.28648610556421805,16.728234956538053,4.0,1.0,-0.08642235619883752,-0.052839086296762434,0.27477148838190424,5.246519150016248,4.0,1.0,-0.08388213885131388,-0.08093326794450521,0.2806997444326711,7.4880971867050405,4.0,1.0,-0.0884801000138632,-0.10066285723417892,0.28842283701897986,4.721186956394113,4.0,1.0,-0.0941757887936868,-0.12394118291015839,0.29522623402392906,3.4704695831999577,4.0,1.0,-0.08376280474467981,-0.04394940293231583,0.2929609722984675,6.845121631439278,4.0,1.0,-0.08587412032188829,-0.06786534639549618,0.29777579578432584,6.737882700833067,4.0,1.0,-0.09732477023280674,-0.07680581470901993,0.307257894011696,21.093716133202307,4.0,1.0,-0.1094435389901148,-0.08083787616807551,0.3095255307492159,44.554825005772734,4.0,1.0,-0.08620972947834386,-0.03618232377647671,0.3078266010896369,9.268984046304077,4.0,1.0,-0.09329023759315522,-0.05185165586421319,0.3103761650194274,6.257275260043363,4.0,1.0,-0.10504037940297328,-0.056562003840123054,0.31252892946358696,7.715632224779938,4.0,1.0,-0.11764355279962743,-0.05552087560724805,0.3095657448937948,22.121848577082886,4.0,1.0,1.0,0.0,0.0,0.0,1.0,0.0,0.0,0.0,1.0,0.0,0.0,0.0,79
-0.1324751660416943,0.020143115979371847,0.29849070469634115,13.405317135059867,4.0,1.0,-0.14054960643932154,-0.005404819540101331,0.2830796917365623,12.994009872697234,4.0,1.0,-0.13950862434451466,-0.03151857723649146,0.2859431674569401,8.583479572540218,4.0,1.0,-0.13230985240539486,-0.0544526109350101,0.29265585664089233,4.399847096807436,4.0,1.0,-0.12214874951950254,-0.0763065580172823,0.3077808593174245,8.217549748559271,4.0,1.0,-0.10245438805264334,-0.05050641107947215,0.26751693451221015,9.180745962034724,4.0,1.0,-0.09875570497521259,-0.07797454722667638,0.27259041985737364,11.439726259961649,4.0,1.0,-0.10252223443823524,-0.0953097881671707,0.2813002171720477,11.914861713364042,4.0,1.0,-0.10494297979939485,-0.11609332706551567,0.28942825783552206,15.098377695729525,4.0,1.0,-0.08730525078352053,-0.05343283946193208,0.27932748275807207,8.437536116868316,4.0,1.0,-0.08495906640644023,-0.08084472891529627,0.2859932962493227,9.828774906397294,4.0,1.0,-0.08960525918273204,-0.10013534175602588,0.29389420718408055,6.79655030554174,4.0,1.0,-0.09515641914253435,-0.12286913084393507,0.30059622139034115,6.438760039571363,4.0,1.0,-0.08422596726088435,-0.043999932523409516,0.29685421379140486,9.699021861398808,4.0,1.0,-0.08602746081938671,-0.0678308239425174,0.3006343413955841,8.344269802839055,4.0,1.0,-0.09780973355954897,-0.07872694362790483,0.3093998001010663,17.44172299963274,4.0,1.0,-0.1107998858876878,-0.08099049518630308,0.30799793276698495,36.00159850869748,4.0,1.0,-0.08630051063590088,-0.03582314857574469,0.3113182280237902,11.860935745492544,4.0,1.0,-0.09430549347141662,-0.05068329509541954,0.31218808267537024,7.554647920656683,4.0,1.0,-0.1060490800711549,-0.053430593566064555,0.31249799454252414,9.144230810859508,4.0,1.0,-0.11870588801519778,-0.04920351307903478,0.30796731983096165,29.81124744789564,4.0,1.0,1.0,0.0,0.0,0.0,1.0,0.0,0.0,0.0,1.0,0.0,0.0,0.0,80
-0.13325327448566754,0.020868875773657647,0.3027879210708935,14.095304495960908,4.0,1.0,-0.13940258410005693,-0.0033852533796061273,0.2864581884196883,16.44101031075051,4.0,1.0,-0.13603227707284316,-0.027426219842959097,0.2895237910523749,13.526982871105345,4.0,1.0,-0.12614951776869707,-0.04820564304247416,0.2968098648867771,9.70159939333027,4.0,1.0,-0.1159171275631326,-0.06153035061165486,0.3166879022752284,10.461239145196714,4.0,1.0,-0.10142396144445422,-0.04821895509536469,0.2722989638054386,9.419315032912724,4.0,1.0,-0.0966001535029796,-0.07555773531004774,0.2772491995637015,11.463713408162517,4.0,1.0,-0.09901426803740433,-0.09349950017679014,0.28504543610567057,11.639715594023027,4.0,1.0,-0.09950103160810954,-0.1150735248053477,0.291670051864469,11.626962855304335,4.0,1.0,-0.08763602225167734,-0.051664567962202444,0.2856716911541916,4.746172103754163,4.0,1.0,-0.08489497603587201,-0.07842609232873392,0.29190900344998,10.165284324957614,4.0,1.0,-0.08822716999624279,-0.09772979050092667,0.29923324022277076,8.41948621054365,4.0,1.0,-0.09139560680712373,-0.12073161427233925,0.30478712919975964,8.47018878195306,4.0,1.0,-0.08581544207915218,-0.04268121264863789,0.30421769015739414,6.822584880493711,4.0,1.0,-0.08651582101071187,-0.06539870300087838,0.30782441166480823,10.654556179453827,4.0,1.0,-0.09629298930400705,-0.07335545269457966,0.31688903305995497,24.657726535821745,4.0,1.0,-0.1058333470910095,-0.07749153556504078,0.3162438793294129,48.94427074035079,4.0,1.0,-0.0887220878532536,-0.03462737763258592,0.319277786828515,10.711249566210586,4.0,1.0,-0.09688574293458009,-0.048470263636691595,0.31979345323241887,8.337957653596465,4.0,1.0,-0.1098030078535345,-0.04988260261241578,0.3196427597493307,8.319791314491907,4.0,1.0,-0.12455082262791552,-0.04047462693957638,0.31394747161796566,13.744095935626685,4.0,1.0,1.0,0.0,0.0,0.0,1.0,0.0,0.0,0.0,1.0,0.0,0.0,0.0,81
-0.12586662193215303,0.02092435998352321,0.31177762538233933,8.838224910779235,4.0,1.0,-0.12236039776511352,-0.002612717666393906,0.30276422633504996,30.60182612820799,4.0,1.0,-0.12165315669087254,-0.02627377018389501,0.316231777867721,27.24004241951542,4.0,1.0,-0.11882839269805026,-0.046472776421712096,0.32669080521516913,16.12552575061656,4.0,1.0,-0.12583388821101638,-0.05387046377404516,0.3438622834443388,19.959531017967294,4.0,1.0,-0.09118046731663419,-0.04800542221311431,0.2981988112971157,19.42873161582835,4.0,1.0,-0.08431521070315993,-0.0723655994783527,0.3063919848255505,14.86078206977702,4.0,1.0,-0.08270334579782236,-0.09056352304251385,0.31672147321801153,13.050274424886712,4.0,1.0,-0.07775642649817707,-0.11294566513301434,0.32523604469797834,10.053226715123081,4.0,1.0,-0.08737149301829013,-0.05204468056410784,0.30997260558527007,11.973276960446388,4.0,1.0,-0.0814063361287232,-0.07695625184473581,0.3231034387077915,17.488446932276247,4.0,1.0,-0.08103358523846264,-0.09704169271218863,0.3339205946150071,20.328879427139427,4.0,1.0,-0.07793925769164534,-0.12160463386416888,0.3418768062084122,22.651895136687493,4.0,1.0,-0.0953287549562002,-0.043352888596334994,0.3230180738688668,33.95473375118195,4.0,1.0,-0.09553858410921227,-0.06331141314981396,0.3319169813254582,32.28251095939837,4.0,1.0,-0.10673640303944631,-0.06753485753005137,0.33858279303235805,40.04251258222927,4.0,1.0,-0.11508584560704531,-0.07003994352330876,0.3391351401153228,51.73286165774084,4.0,1.0,-0.10559783456336032,-0.03527020576376077,0.3332992125634936,49.40905043504012,4.0,1.0,-0.1104932321552123,-0.047193699329215,0.33713024104296846,41.939377137404044,4.0,1.0,-0.12102850824281969,-0.04523871844184182,0.3411881919780981,35.507136792595475,4.0,1.0,-0.13227044029418336,-0.037819389497481676,0.34234710711515676,25.405915324767616,4.0,1.0,1.0,0.0,0.0,0.0,1.0,0.0,0.0,0.0,1.0,0.0,0.0,0.0,82
-0.12087059374387815,0.02484562199987737,0.32230976075538115,12.653904538431421,4.0,1.0,-0.12912919831051228,0.01110384711259179,0.32023969617287834,24.810324980534276,4.0,1.0,-0.12760822158748408,-0.008355184200344356,0.33909613050100657,19.255705967485873,4.0,1.0,-0.12153021767364512,-0.02794709955578712,0.35499494928824843,13.741522659363307,4.0,1.0,-0.10997829969428648,-0.04495736704351062,0.3799647873967218,12.491806495778055,4.0,1.0,-0.09941135626634653,-0.03678775869307686,0.32847095370872287,19.15893891757257,4.0,1.0,-0.08540999110014695,-0.055552315487411186,0.34812094509570773,13.626780548204394,4.0,1.0,-0.07707904191412551,-0.06666326227281417,0.3639135891654132,16.620756342233676,4.0,1.0,-0.06456551863073166,-0.08193861435999933,0.3772528633855479,18.887470263018578,4.0,1.0,-0.08427406540214874,-0.04476478849419415,0.3424004561453274,18.091333748545765,4.0,1.0,-0.0735879158373632,-0.06393184125842429,0.36148153821925616,11.33161583349153,4.0,1.0,-0.06526965601857099,-0.07994419167332228,0.3769341674362757,4.83639245818794,4.0,1.0,-0.054456168149397834,-0.10135315104452583,0.3894480136637738,7.34030407940349,4.0,1.0,-0.077847735761939,-0.03800651866106215,0.3559976954610605,15.641122715378849,4.0,1.0,-0.07205186326168081,-0.05734408823627867,0.3709587598364935,11.621053014643453,4.0,1.0,-0.06460319447255722,-0.07480193505812956,0.38751713790378817,13.31253522873117,4.0,1.0,-0.057138909915902,-0.09524757053067859,0.3996629542009867,18.49872100547538,4.0,1.0,-0.07554522269070767,-0.030513940348075776,0.3673349709132818,13.454181611093713,4.0,1.0,-0.07915167618824125,-0.04403649849037021,0.3745798336970884,16.90467717939694,4.0,1.0,-0.08365751402372336,-0.053090286656013085,0.38195307611309415,31.823262092044907,4.0,1.0,-0.09101644906696663,-0.06329313820330483,0.3881404192067295,53.43096903591652,4.0,1.0,1.0,0.0,0.0,0.0,1.0,0.0,0.0,0.0,1.0,0.0,0.0,0.0,83
-0.11381478624770185,0.02615622051983529,0.33296967736073374,11.974312699009687,4.0,1.0,-0.11794238942326234,-0.005206084309944161,0.32900339862567063,10.60130900129078,4.0,1.0,-0.11967287872291069,-0.025648948087961903,0.3489023289795978,7.441179879511175,4.0,1.0,-0.11490108971043174,-0.03709178735336092,0.36760742601431184,4.5574023598997435,4.0,1.0,-0.11512449283667452,-0.03157498694210814,0.39584341900061837,10.160752748670841,4.0,1.0,-0.0841576536263503,-0.04458640666511992,0.34666180171137034,9.73945011446245,4.0,1.0,-0.07458104769731798,-0.06415120560657732,0.3665209457977372,6.123374454692479,4.0,1.0,-0.07041971258862958,-0.07846462388971141,0.3809363940486128,4.066578888001793,4.0,1.0,-0.0592827457919244,-0.09395243030167531,0.39398206873354796,4.920506771182762,4.0,1.0,-0.07412924053748464,-0.03868510100332208,0.36354827817007507,5.95131318472061,4.0,1.0,-0.06638975963996385,-0.06018878705944265,0.3814063427230668,5.127095178030374,4.0,1.0,-0.06083565173731547,-0.07569441670836638,0.3960842389220989,2.6889596415772696,4.0,1.0,-0.04852962365278239,-0.09317094841462227,0.4087996474137237,3.6842559549481644,4.0,1.0,-0.0761368068004095,-0.021342512118369173,0.3766967098080358,5.561955501015434,4.0,1.0,-0.0709003991664625,-0.043940245707191024,0.3893933168638376,4.210535676925473,4.0,1.0,-0.06482392624379059,-0.06140306087548553,0.4041969266180619,2.7442966353346323,4.0,1.0,-0.054392528606944775,-0.08048892005857783,0.4155074168092971,3.987117646459985,4.0,1.0,-0.08228982567479709,-0.00761810490024056,0.38670442221474643,6.731285469301162,4.0,1.0,-0.08702300294165662,-0.024453235675738375,0.3916125375407789,8.12170771765004,4.0,1.0,-0.09387776406201388,-0.036270529432757874,0.39550362753266766,18.665786971771283,4.0,1.0,-0.09971376106801326,-0.048169181475106765,0.39815508543631983,40.285234091525595,4.0,1.0,1.0,0.0,0.0,0.0,1.0,0.0,0.0,0.0,1.0,0.0,0.0,0.0,84
-0.11377870784437759,0.028423299026001634,0.3308343742784084,14.486282957102032,3.0,1.0,-0.13389076236798655,0.017954034509874147,0.3361309202347025,24.700865870739516,3.0,1.0,-0.13312340731937222,-0.001383442849488979,0.3550658361661883,17.31781818323928,3.0,1.0,-0.1243371042710246,-0.02121149022612155,0.3707485694824419,8.534238590180172,3.0,1.0,-0.11055357883986375,-0.041795276098207663,0.39502211019883254,8.56883180332747,3.0,1.0,-0.09998277021529575,-0.02779504611322167,0.3518030707130224,21.148335420689218,3.0,1.0,-0.08878189701775799,-0.051203652942315596,0.37050953448406465,18.06760582689138,3.0,1.0,-0.08365936285853248,-0.06675487279126024,0.38373990647674583,15.76707387716297,3.0,1.0,-0.07303786757741454,-0.08437210867321317,0.39543104301708487,14.815776088910761,3.0,1.0,-0.0779879820538763,-0.038475645171403165,0.3619556949528042,5.70188245198674,3.0,1.0,-0.07259266969676681,-0.05958641876428016,0.37946281197863047,5.480762890963196,3.0,1.0,-0.06707027661237218,-0.07600776844491808,0.3930857540325556,3.3006067471533203,3.0,1.0,-0.05718435868186929,-0.09399321479187801,0.4046078549430703,3.601336765845851,3.0,1.0,-0.06713365258612365,-0.035787543943984326,0.3694398645758865,12.458783656652342,3.0,1.0,-0.06704641948903226,-0.05420308588558666,0.3829216893295086,10.672044115055973,3.0,1.0,-0.06311889306202469,-0.07089051285937348,0.39705065689147473,13.993393628439435,3.0,1.0,-0.057550046428403216,-0.08770099481626395,0.4079072069318027,13.382687883467113,3.0,1.0,-0.06345233941540712,-0.032136517808004826,0.3757423564105737,25.253273879004695,3.0,1.0,-0.07423661114081924,-0.045357246864000646,0.3803870719870112,27.47479948551408,3.0,1.0,-0.08514413794730313,-0.05831533742041517,0.38240696318906253,33.83887920648154,3.0,1.0,-0.09585710040511197,-0.07483286744463137,0.38281924746033197,42.1363708205051,3.0,1.0,1.0,0.0,0.0,0.0,1.0,0.0,0.0,0.0,1.0,0.0,0.0,0.0,85
-0.11429315042161613,0.02801398457825727,0.33162461482430144,10.707275413586679,4.0,1.0,-0.1294457667369593,0.0100797043134258,0.3377054808419379,25.36602489088924,4.0,1.0,-0.13106857084216997,-0.009351192651991646,0.35523730395508757,20.194542054048576,4.0,1.0,-0.12409940532042839,-0.025352394052096494,0.37026451944444777,11.094659789563016,4.0,1.0,-0.11722960272270262,-0.0340974757382993,0.39262913291982987,14.293188636661519,4.0,1.0,-0.09717491486997584,-0.030874701533110446,0.35241868952737276,24.19240906872163,4.0,1.0,-0.08676555535889476,-0.05487529375170277,0.36941181099052295,19.611557992311663,4.0,1.0,-0.08203196210642577,-0.07180889006800732,0.381554139112404,17.472290957563324,4.0,1.0,-0.0708010634168567,-0.09068873216971982,0.39254526525659,16.856746230345713,4.0,1.0,-0.08011587651461395,-0.03495967008329636,0.36182818578083287,6.072368434485701,4.0,1.0,-0.073896027571134,-0.05734338157761702,0.37851924224808337,5.273160876099013,4.0,1.0,-0.0692471842765008,-0.07442567089175578,0.3914455863210201,3.4642217446522814,4.0,1.0,-0.05903832554089749,-0.09360534327144139,0.402600609529779,3.983171597770519,4.0,1.0,-0.07428722876256279,-0.026999092309887812,0.368308986814943,17.782652605313253,4.0,1.0,-0.07277309750780643,-0.047504837261827026,0.3815610212576989,13.84051454834907,4.0,1.0,-0.06874576035570491,-0.06533728599309448,0.395135927126909,15.644942563442692,4.0,1.0,-0.06148129026936259,-0.08403338413303235,0.40573378801480037,13.665278222536202,4.0,1.0,-0.0744750768606462,-0.019906663660468327,0.37346379954896375,33.12896346582021,4.0,1.0,-0.08083681132815056,-0.03538543709703353,0.3786174856882513,29.92705013198791,4.0,1.0,-0.08774201396563985,-0.049736137733191875,0.38090038624289135,32.426107632965156,4.0,1.0,-0.09391112787233273,-0.06771666558194425,0.3817207873365561,39.47593451988877,4.0,1.0,1.0,0.0,0.0,0.0,1.0,0.0,0.0,0.0,1.0,0.0,0.0,0.0,86
-0.11544625278744479,0.03061906344263903,0.33220717894681373,12.257688536986567,4.0,1.0,-0.12491125469783614,0.01709590855751779,0.3394890051217536,34.637935897907354,4.0,1.0,-0.12796760296918563,-0.002028659636793121,0.35728045850278756,24.64374171527556,4.0,1.0,-0.12557265942995136,-0.02118917916502287,0.37079658102265295,8.88888653498393,4.0,1.0,-0.12783392177699454,-0.037867075167308556,0.3900275505954823,25.662477191860553,4.0,1.0,-0.09526070277171236,-0.02585808866742893,0.35341317160876856,29.16964752488895,4.0,1.0,-0.08542484050483061,-0.05078373369456834,0.37023125990437666,21.781927386486615,4.0,1.0,-0.08073855500083454,-0.06845044148572389,0.38220053799277187,17.59052924581934,4.0,1.0,-0.07006539749752065,-0.08805763133724084,0.3926962508868676,16.199336131755786,4.0,1.0,-0.08408207317700293,-0.035208459804098875,0.3608688367042766,7.5254241366993835,4.0,1.0,-0.07756720183608865,-0.05921686643629883,0.37677943527729185,6.280357225619962,4.0,1.0,-0.07223671867553247,-0.07820523078289487,0.38904661436431803,6.924667806850983,4.0,1.0,-0.06169465634345983,-0.098589195011648,0.39952479148110553,8.477565242145626,4.0,1.0,-0.08387766025617564,-0.032028133234834735,0.36509656714402594,31.34139154790394,4.0,1.0,-0.08807723986901597,-0.04710436233801426,0.3763124815762547,38.1467183282502,4.0,1.0,-0.09226062976239072,-0.050633474450192624,0.38856962079220736,57.478026598925524,4.0,1.0,-0.09224017656292034,-0.05253421755650324,0.3984645064451377,78.71274900742648,4.0,1.0,-0.08816316957854757,-0.02818632514740309,0.36829949043018156,52.87841347484058,4.0,1.0,-0.09759009876940429,-0.03773707431388286,0.3728894237061637,50.52177749705591,4.0,1.0,-0.10796010791269191,-0.04120348594448857,0.3753539744527217,52.60101879586167,4.0,1.0,-0.11787772152969785,-0.04441098950084519,0.3760256987328739,62.32524205125837,4.0,1.0,1.0,0.0,0.0,0.0,1.0,0.0,0.0,0.0,1.0,0.0,0.0,0.0,87
-0.11707868600989137,0.030045598645602873,0.33238508408836487,12.118430457873554,4.0,1.0,-0.12728719090452134,0.01643587271010016,0.3392890846427921,32.9150309018305,4.0,1.0,-0.13032734001603313,-0.0028214698059999643,0.3568296538136739,21.997795104985727,4.0,1.0,-0.12755628236097366,-0.022132544442935085,0.37008643059076624,7.664287377499262,4.0,1.0,-0.12910130915237597,-0.03873521534675771,0.3894313481396149,25.258040082416546,4.0,1.0,-0.09656797417979511,-0.026040905631561424,0.3527587804005172,29.26426883496466,4.0,1.0,-0.08670432260473111,-0.05103850492438775,0.3693910662672682,21.77724720718101,4.0,1.0,-0.08211729544909552,-0.06873754759117454,0.38126176182441995,17.353272738158793,4.0,1.0,-0.07122757242733219,-0.08825657136190572,0.39162693884336724,16.15057958731552,4.0,1.0,-0.08446019669694946,-0.03536996299372409,0.36025337524224943,7.084446464201004,4.0,1.0,-0.07793159581370473,-0.059463540160363676,0.37612338694035125,5.924052184443106,4.0,1.0,-0.07246822635810359,-0.07852018234965549,0.38842003294630745,6.443876864116739,4.0,1.0,-0.06159675508503502,-0.0989079434048342,0.39901034549713443,7.52208596674831,4.0,1.0,-0.08362740385587102,-0.03241514189018319,0.3647649600258294,29.30295434548311,4.0,1.0,-0.08075219080092406,-0.053235882666634385,0.37774365724746367,24.09023160873106,4.0,1.0,-0.084892087204275,-0.0643965494830272,0.38931079398182367,39.73368399353484,4.0,1.0,-0.08846064783296707,-0.0705221207568659,0.39812462768356105,59.07868916458926,4.0,1.0,-0.08757255008064863,-0.028851852185052144,0.36826135547057787,50.85881008229187,4.0,1.0,-0.09746372929775682,-0.038877048595120985,0.3726024749368024,49.84206145077837,4.0,1.0,-0.10842541191310323,-0.042758192200468115,0.3751971813484531,52.80259491965656,4.0,1.0,-0.11893126898357548,-0.04600185356903794,0.3764751016010124,62.70193279652993,4.0,1.0,1.0,0.0,0.0,0.0,1.0,0.0,0.0,0.0,1.0,0.0,0.0,0.0,88
-0.11592715166834745,0.026780197782360873,0.33264872364150183,11.17166126896931,4.0,1.0,-0.1312612136507333,0.008225622413552344,0.3378330268826286,24.665950273490196,4.0,1.0,-0.132806580310205,-0.01137162971961931,0.35472653228198214,19.229099577621692,4.0,1.0,-0.12585905220724833,-0.02781802120496967,0.3695926960594101,11.195386451945664,4.0,1.0,-0.11987093401986829,-0.03638991805304341,0.3939782135280344,12.026908420028313,4.0,1.0,-0.09909264990740373,-0.03459444452799713,0.3516175607352065,23.079364186220992,4.0,1.0,-0.08856684591900743,-0.058041542436645305,0.3683556362249402,18.849977945051556,4.0,1.0,-0.0835372909069483,-0.07449929969213075,0.38033996170085266,16.569005437429183,4.0,1.0,-0.07189914472383784,-0.09289936104399878,0.3910129762464687,16.023089677446052,4.0,1.0,-0.08202078232073659,-0.03845538479746027,0.36121418781451603,4.868698904907557,4.0,1.0,-0.07558743591407184,-0.061155705762594076,0.37735112003566723,4.855969030704503,4.0,1.0,-0.07024193644392637,-0.07842057782521322,0.389979949405911,3.0491818285984036,4.0,1.0,-0.059410457411542515,-0.09795932187847599,0.40072536343808335,4.50603456699176,4.0,1.0,-0.07610061481745872,-0.029675610837772943,0.36817987328445356,16.98499853009227,4.0,1.0,-0.07407721139025171,-0.050736615523214346,0.3810237996036855,13.205382609552641,4.0,1.0,-0.06938472944447495,-0.06903829081784192,0.39446021268423054,14.696246318788443,4.0,1.0,-0.06166959611767102,-0.08847100328172698,0.40506909737382135,12.633137599690762,4.0,1.0,-0.07627261327294046,-0.021797112389261637,0.37377799333460954,32.22540271392923,4.0,1.0,-0.08235662765847973,-0.03757283073113846,0.37861930726494775,29.53783314153715,4.0,1.0,-0.08859793934303992,-0.05204353359854131,0.3802928982186729,32.280025677234846,4.0,1.0,-0.09344272852135388,-0.06980474840227804,0.379738817588454,39.16505888809533,4.0,1.0,1.0,0.0,0.0,0.0,1.0,0.0,0.0,0.0,1.0,0.0,0.0,0.0,89
-0.11592905942583405,0.025974455627610717,0.33191466188971114,11.743882092236753,4.0,1.0,-0.13128291180953344,0.007310223663086146,0.3370933959432778,24.665396989529874,4.0,1.0,-0.13288789390757988,-0.012109834219083033,0.3539941742075367,19.343934732238726,4.0,1.0,-0.12590779541940583,-0.02838992341702652,0.3690246897013537,10.905084459353661,4.0,1.0,-0.1195352008831762,-0.036968448437898385,0.3929091571577289,13.294772320269495,4.0,1.0,-0.09917809748001238,-0.03581817456278353,0.3510283060171223,22.553408085474324,4.0,1.0,-0.08873988319444269,-0.05935940975885804,0.36801947168271315,18.65320088446738,4.0,1.0,-0.08364752221872626,-0.07589618866115044,0.38002766346775524,16.72678079621201,4.0,1.0,-0.07210741205926356,-0.0945124544600331,0.39077975008605426,16.419090435472548,4.0,1.0,-0.08210031155003887,-0.03959335197722381,0.3607219397284014,4.948558897927119,4.0,1.0,-0.07599211718626395,-0.06214738295273602,0.37731258315954624,4.4943851931297925,4.0,1.0,-0.07081920614748803,-0.07928686838028555,0.390118676161152,2.902428849990052,4.0,1.0,-0.06018394561805899,-0.09874882622269246,0.40112444499266625,4.190513160654418,4.0,1.0,-0.07619798475300217,-0.03063681951710891,0.36769739717353767,17.115808022208842,4.0,1.0,-0.07448467140702526,-0.05163802855764067,0.3804319316740581,13.26210536274295,4.0,1.0,-0.070349131005318,-0.06967274785462954,0.3939610661049032,15.264482503078609,4.0,1.0,-0.06316383493433297,-0.08897877174517406,0.4046412642411643,13.651504473116738,4.0,1.0,-0.07634393443599195,-0.022603253650135227,0.3733116363636568,31.936504846399988,4.0,1.0,-0.0826181979172589,-0.03828508227826857,0.3782653359528854,29.578956070076437,4.0,1.0,-0.08917249885134075,-0.05250885190489886,0.3799195233834975,32.18771036024373,4.0,1.0,-0.094699558939612,-0.06959860244918326,0.3786161987773031,37.93553541104391,4.0,1.0,1.0,0.0,0.0,0.0,1.0,0.0,0.0,0.0,1.0,0.0,0.0,0.0,90
-0.11744717532222652,0.028036429485517378,0.330769846500335,13.074628986475341,3.0,1.0,-0.13858521012798053,0.017420290358330964,0.33561789974809836,21.871828641759787,3.0,1.0,-0.13807504826504066,-0.0018156394423823946,0.35364240843233685,15.05585034918466,3.0,1.0,-0.12943100516390532,-0.022112709671083863,0.36861636706919887,8.530141931978184,3.0,1.0,-0.11680859716334786,-0.04472116985077711,0.392262016183833,6.723161261664558,3.0,1.0,-0.10523966396747776,-0.027554522847071525,0.35031000188042194,20.956433891117385,3.0,1.0,-0.09264463026016621,-0.05205756982004699,0.367964588690181,17.333141173367196,3.0,1.0,-0.08618358756941771,-0.06859971099632149,0.38057101659711445,15.071907556617864,3.0,1.0,-0.07460115183828675,-0.08711008018094364,0.39183922207840965,14.615652703050145,3.0,1.0,-0.08251145048751717,-0.03857475405020137,0.36004803236245897,5.501204702675625,3.0,1.0,-0.07665851312605103,-0.06088134569065521,0.37673180182410515,4.883508321086989,3.0,1.0,-0.07078144779373245,-0.07825219487421756,0.38982554984665735,3.1944327477357324,3.0,1.0,-0.060991838700755266,-0.09754876984473325,0.40113771572779533,4.781808597342411,3.0,1.0,-0.07056826659530786,-0.036528810306158004,0.3674035519332982,12.964633421023889,3.0,1.0,-0.07033822576825788,-0.055948150511673476,0.38006648927058034,11.218724797088912,3.0,1.0,-0.06603626936636521,-0.07374363986255966,0.3936049965082161,14.397938374921244,3.0,1.0,-0.06076626659915196,-0.09215060297878946,0.4041081341056664,14.069939379786534,3.0,1.0,-0.06601908481720764,-0.033492313959329216,0.37361710360418354,26.468573631483764,3.0,1.0,-0.07673199710722577,-0.04725660375248128,0.37748817516208627,29.116312749687186,3.0,1.0,-0.08778257249474482,-0.060030600404664576,0.378179620384631,35.12277156568219,3.0,1.0,-0.09986010541727514,-0.07559221457643105,0.3755990488861247,39.241910530335865,3.0,1.0,1.0,0.0,0.0,0.0,1.0,0.0,0.0,0.0,1.0,0.0,0.0,0.0,91
-0.11612453663263515,0.027707595827188153,0.3317357418456416,12.225932418031299,3.0,1.0,-0.13727898631442007,0.01733867123451199,0.33655667223140906,22.147744688779046,3.0,1.0,-0.1365301391998218,-0.0021045105959262025,0.35431503757700394,15.62813106399755,3.0,1.0,-0.12791259295761417,-0.022163860137637745,0.3691395875717699,9.040691225187825,3.0,1.0,-0.11652386714099472,-0.04324140154777736,0.39352190952214805,5.601237477676165,3.0,1.0,-0.1043252957967868,-0.027682153957891528,0.35068325690272834,22.229603722335636,3.0,1.0,-0.09184893072545841,-0.05230945227382865,0.36825708827240045,18.572983481464423,3.0,1.0,-0.08551357979378656,-0.06877141613326292,0.3808734746636645,16.278333533494326,3.0,1.0,-0.07397806290314222,-0.087232140775354,0.3919524946567792,16.14223507843147,3.0,1.0,-0.08159496766090406,-0.03891472794180845,0.36033702187335354,6.9104510999799045,3.0,1.0,-0.07581968322010273,-0.0612802054970042,0.37680832363865824,6.175182770213997,3.0,1.0,-0.07002756155688938,-0.0785745799594956,0.389792661725556,4.4427987298323615,3.0,1.0,-0.06028329977381425,-0.09760498625412765,0.4007474000547722,5.804257169719883,3.0,1.0,-0.06955530751445597,-0.03701513159268645,0.36780320860516014,12.687892268499526,3.0,1.0,-0.06933395483347839,-0.05644698347644647,0.38021926330220496,10.453018861746058,3.0,1.0,-0.0656418369557768,-0.07396446221472532,0.3936645146680725,14.347023635066455,3.0,1.0,-0.06083814578117494,-0.09188783079081261,0.4040071143833574,14.567258118933415,3.0,1.0,-0.06485363849157509,-0.03404595771734095,0.374187352711289,26.47084099900782,3.0,1.0,-0.07517524808378148,-0.04785428073631303,0.37823668062724225,28.45040641355905,3.0,1.0,-0.08608982404149808,-0.060722444272331214,0.37926336355873913,34.434585779242745,3.0,1.0,-0.09808705039843015,-0.07682648294971563,0.3776707640145059,39.19054047349879,3.0,1.0,1.0,0.0,0.0,0.0,1.0,0.0,0.0,0.0,1.0,0.0,0.0,0.0,92
-0.11547456591646202,0.025810614741620115,0.3315072461269771,11.42988663771928,4.0,1.0,-0.13085347729874527,0.007163891669336257,0.3366476172722172,24.165656538881397,4.0,1.0,-0.13243457596017094,-0.012538173165827064,0.353519480875653,18.254420870493586,4.0,1.0,-0.12514290148194987,-0.029203651294301212,0.36861527681856426,9.83693440763815,4.0,1.0,-0.1179133455353422,-0.0387193794956113,0.39261973994355687,12.002049561092953,4.0,1.0,-0.09924939776200548,-0.03615893504833506,0.35094755025966623,22.886489194015507,4.0,1.0,-0.08834827104748944,-0.05941680870102915,0.36811329731533793,18.68744320177648,4.0,1.0,-0.08290431129609849,-0.07569073269493727,0.3803333441601912,16.576170860715706,4.0,1.0,-0.07107521141421845,-0.09380391988319405,0.39101063565618127,16.12734315179246,4.0,1.0,-0.08207704138899541,-0.04002783150495953,0.3607076507343115,5.981762392654987,4.0,1.0,-0.07556181848660379,-0.06256348233806217,0.3771420509735357,5.869772166793075,4.0,1.0,-0.07013020230521524,-0.07962653547142422,0.3898845277130739,4.080862482800552,4.0,1.0,-0.059247965241880335,-0.09877188440713311,0.4004544417582145,5.583835421954713,4.0,1.0,-0.07582629254292764,-0.031004899562826285,0.3677643069915763,16.582898150831166,4.0,1.0,-0.07373517147032482,-0.05192009302395458,0.38057285880881114,12.596292082859044,4.0,1.0,-0.06876898833904979,-0.06987491420448741,0.39399241889420544,14.05668915001231,4.0,1.0,-0.060736870782541794,-0.08875669368122978,0.4043042646453198,11.825210520032854,4.0,1.0,-0.0757548698977606,-0.022830482433411098,0.37345003117950715,31.451612070927315,4.0,1.0,-0.08174458498852126,-0.03856410710580197,0.3783375592345115,29.27173048919331,4.0,1.0,-0.08794912102373105,-0.05300097766947935,0.3804175905439841,32.63832728406978,4.0,1.0,-0.09254584764713654,-0.07105107414242111,0.38066904006599095,40.61144232062408,4.0,1.0,1.0,0.0,0.0,0.0,1.0,0.0,0.0,0.0,1.0,0.0,0.0,0.0,93
-0.1155701242747251,0.025177366129871693,0.33057711812092555,11.248561333519767,4.0,1.0,-0.13112242552566966,0.006716046560307498,0.3364200880113288,24.249035221333408,4.0,1.0,-0.13259836034175695,-0.012749520046124077,0.35336901692227835,18.430183275118324,4.0,1.0,-0.12568351432995759,-0.029485503741572543,0.3681738663435184,10.450585145641044,4.0,1.0,-0.11887017281909658,-0.0388798648344766,0.39176730016351524,12.421997501744224,4.0,1.0,-0.09949678876556677,-0.035753531459708894,0.3505139839368572,23.04487937188126,4.0,1.0,-0.08854440916265034,-0.05909042143995012,0.3674168947794995,19.108114714019507,4.0,1.0,-0.08304835602514349,-0.07549234160652868,0.37956397260133856,16.916404062967683,4.0,1.0,-0.0714388399537964,-0.0938440839602535,0.39040975840561903,16.370591363239836,4.0,1.0,-0.08212656437584304,-0.039504735392791805,0.3598377699772694,5.411262374709461,4.0,1.0,-0.07514710621329744,-0.06187484076351478,0.37663891165602215,5.653937210962576,4.0,1.0,-0.06947406637913212,-0.07893538858579335,0.3896616475727765,3.502065535909165,4.0,1.0,-0.05869938115493016,-0.09833806197228136,0.40082369285550545,4.634793104746423,4.0,1.0,-0.0757351675331769,-0.030708409000703027,0.36653253281033676,16.337821707812168,4.0,1.0,-0.07369000436964047,-0.051586171214119916,0.37979313876231013,12.717108250257422,4.0,1.0,-0.0689973217994213,-0.0694619265859665,0.3935287952105124,14.636910292522618,4.0,1.0,-0.061512715323870745,-0.08868384898929901,0.4043759707355975,12.605855985062142,4.0,1.0,-0.07549374197579797,-0.022772872986389033,0.3719698083361109,31.50015384398628,4.0,1.0,-0.08171914267436398,-0.038347943671734164,0.3771553598577127,29.17994105170161,4.0,1.0,-0.08859054841197984,-0.05230445021498956,0.37905296558438695,31.709037230267754,4.0,1.0,-0.09499420765065593,-0.06936065411685285,0.37796189113955553,36.31494004274431,4.0,1.0,1.0,0.0,0.0,0.0,1.0,0.0,0.0,0.0,1.0,0.0,0.0,0.0,94
-0.11542186416345031,0.024831069069915772,0.330169457237155,11.159161448632513,4.0,1.0,-0.13082844217355843,0.00654942017332375,0.33494728161525805,24.657554629222986,4.0,1.0,-0.1319417391595182,-0.013590647358491192,0.35112153647389927,18.3623358024939,4.0,1.0,-0.12476592747938801,-0.030689774421896212,0.36596180305309556,12.225027134419104,4.0,1.0,-0.11839515735291657,-0.039602509717985616,0.39115454618839546,11.10298594783507,4.0,1.0,-0.09900410420208088,-0.037237316771729256,0.34814055639685737,21.19751371691038,4.0,1.0,-0.08850199004732597,-0.060207792510986215,0.36572221849913694,18.066865822866077,4.0,1.0,-0.08332968521759203,-0.07630969128125796,0.37836637455399985,16.663466221774765,4.0,1.0,-0.07186366522535477,-0.09464590290250334,0.38950889050854837,16.435253868024876,4.0,1.0,-0.08185096440961825,-0.04136341795825297,0.35819868906971225,4.97770934888068,4.0,1.0,-0.07543606988625294,-0.06366772331761597,0.375276198389566,5.220676211078346,4.0,1.0,-0.070183277895268,-0.08064234327170658,0.3886271241089093,3.4839658257949906,4.0,1.0,-0.05965217786737911,-0.10032033129300653,0.40001624579129663,4.449355233413196,4.0,1.0,-0.07577003551412322,-0.032502576894550786,0.3658646070125985,16.457561576743995,4.0,1.0,-0.07399864392804623,-0.05342551062097604,0.37900727879412016,12.810424691201444,4.0,1.0,-0.06950808296913823,-0.07133129986060253,0.39286502358771086,14.05167037268283,4.0,1.0,-0.06205193107371464,-0.09080936309203753,0.4037762053024272,11.8987704209956,4.0,1.0,-0.07579070157815529,-0.024384921272632656,0.37208243480468167,30.25419868865846,4.0,1.0,-0.08221151471860914,-0.040048542466278536,0.37683629134538343,28.26933321069911,4.0,1.0,-0.08925193598038442,-0.05409204309602153,0.3784872865456974,31.027556546409677,4.0,1.0,-0.09653399082827838,-0.0711269681751893,0.3768795437854081,34.927347722500365,4.0,1.0,1.0,0.0,0.0,0.0,1.0,0.0,0.0,0.0,1.0,0.0,0.0,0.0,95
-0.11584933984179141,0.023572606256274248,0.33028901839862473,11.886724334669099,4.0,1.0,-0.13264144055284383,0.005995784419925356,0.33479418600346167,23.42347141953575,4.0,1.0,-0.1339000730390846,-0.014679158325863532,0.35040035131420316,18.06832141241987,4.0,1.0,-0.12640494265750207,-0.03342302153911994,0.3642121191118068,12.033531678544684,4.0,1.0,-0.11698479180550235,-0.04479191190175334,0.38801335785229796,10.14822511668887,4.0,1.0,-0.10186896166373155,-0.03946819938000622,0.3460099470390436,19.412636010910603,4.0,1.0,-0.09190517285696742,-0.06215753637684197,0.36376323300882396,16.875543467381252,4.0,1.0,-0.08774962844334755,-0.07756621689759609,0.3768639954489299,15.648456649963343,4.0,1.0,-0.07799928921582568,-0.09600438178961343,0.3883926810434056,16.19336971508013,4.0,1.0,-0.08357560411845875,-0.04430369271692437,0.35603922569680285,6.107183170825678,4.0,1.0,-0.07880099373781063,-0.06660566295636033,0.3735070224515705,6.129224739393128,4.0,1.0,-0.07489454080266009,-0.08308966497783601,0.38713833814814014,5.738695588884574,4.0,1.0,-0.0662270174784899,-0.10288330315539211,0.39881852543461865,6.490881066132058,4.0,1.0,-0.07576174556901989,-0.03554170727351298,0.3643058956338143,14.756584994260354,4.0,1.0,-0.07496714371124553,-0.05660633634918426,0.3778033268016834,11.394563648959739,4.0,1.0,-0.07213821886122777,-0.07454586733348836,0.39212903503857877,12.714809227993252,4.0,1.0,-0.06713959833180853,-0.09435428714784198,0.40367287858995143,10.721689420888078,4.0,1.0,-0.07424218855984278,-0.027280316140801297,0.371228344441789,26.509356417593516,4.0,1.0,-0.08090030492979534,-0.042858888562152926,0.37656374804331344,25.117877647503978,4.0,1.0,-0.08765171825040835,-0.05706402426005528,0.3790051147928207,28.21165017695634,4.0,1.0,-0.09353399332524327,-0.07460265140254614,0.3786876559547543,34.482904158163095,4.0,1.0,1.0,0.0,0.0,0.0,1.0,0.0,0.0,0.0,1.0,0.0,0.0,0.0,96
-0.11831658283033883,0.024792222007073286,0.32927756908299805,8.369294704532848,4.0,1.0,-0.13215506309727543,0.005180173823508139,0.33016325606086483,21.797908010894766,4.0,1.0,-0.13332367848673368,-0.016614417254197652,0.343864656842336,16.133437867238435,4.0,1.0,-0.12751703390342087,-0.0356232670899945,0.3576018714830981,11.39866462345207,4.0,1.0,-0.12152122379756373,-0.04689485550128496,0.3820891206181129,9.257681414745393,4.0,1.0,-0.09768414236800489,-0.04144601755743464,0.3417482778827806,15.876585358382146,4.0,1.0,-0.0921857290995539,-0.06470636298104127,0.3602026663251596,14.912537746062824,4.0,1.0,-0.09469167317784519,-0.0794267622082718,0.3739667877290536,14.175716433638817,4.0,1.0,-0.09336961302170833,-0.09801424049141352,0.3879926719718337,13.706607362723785,4.0,1.0,-0.08109786465607238,-0.045499111185675276,0.3540437279704296,7.1188038128390865,4.0,1.0,-0.07942815613906316,-0.06765056794882698,0.3731119136278575,5.9358672912898935,4.0,1.0,-0.08236588804789814,-0.08352428325108137,0.3873641720482583,4.135417751333206,4.0,1.0,-0.08241458560861475,-0.10371641365361231,0.4010355235601789,6.849832998514167,4.0,1.0,-0.07654418263329943,-0.03584617926276684,0.363972719481164,17.01427961099586,4.0,1.0,-0.0772079407156053,-0.057107004291529075,0.37864377703919905,12.623607855193466,4.0,1.0,-0.07942026369533771,-0.07459434250144727,0.3934103571763845,13.740729546093412,4.0,1.0,-0.08061481697620063,-0.09446383275894167,0.40593613629836733,13.136532349839989,4.0,1.0,-0.07797327882018178,-0.027097587073311297,0.3716769627348079,27.619577327498956,4.0,1.0,-0.08510698707364057,-0.04287840234115368,0.3760743927866876,24.385794147973357,4.0,1.0,-0.09341679171567284,-0.055989581066133366,0.3765181603216618,26.055195029802164,4.0,1.0,-0.10024574783724498,-0.0709005839670453,0.3724616862106894,32.447377093772424,4.0,1.0,1.0,0.0,0.0,0.0,1.0,0.0,0.0,0.0,1.0,0.0,0.0,0.0,97
-0.12187487848600495,0.02597650746969528,0.3297100292549361,10.836080050815749,4.0,1.0,-0.12834307610004997,-0.005964766568179938,0.321976586112826,7.64295593552266,4.0,1.0,-0.1300672595442635,-0.03262528242808524,0.3292549748667972,7.852212184438663,4.0,1.0,-0.1245025949363716,-0.05421702058503504,0.34051663915049524,10.108526212739136,4.0,1.0,-0.12029571730251806,-0.06577792336057062,0.36649488420040244,15.322633401033318,4.0,1.0,-0.09015417685403855,-0.04994738151974514,0.32895596248115416,6.8387452751217825,4.0,1.0,-0.08331456984570687,-0.07310191703016813,0.34680762563904477,5.995293130990908,4.0,1.0,-0.0935819353850426,-0.08413362441665938,0.36099587211726974,4.944801922668897,4.0,1.0,-0.10957828355537348,-0.09362226949563111,0.3749827383202172,8.679377937037403,4.0,1.0,-0.07726858397724913,-0.04557727449062276,0.3452117670575609,7.4259058390679975,4.0,1.0,-0.07711780477768289,-0.06857600761807321,0.36464716641741035,7.82361136421066,4.0,1.0,-0.0901446690156584,-0.07950281445511441,0.37749939853581294,6.817001787583472,4.0,1.0,-0.10862222492142329,-0.09030875734378008,0.38895390622505477,8.651405494853563,4.0,1.0,-0.07715560643412689,-0.02867621211377418,0.3608241005893284,8.748293647578285,4.0,1.0,-0.07737763712383666,-0.051595915366204205,0.3751987462819454,6.4408763550451615,4.0,1.0,-0.08943149094629922,-0.06475617471100852,0.38910142627324096,4.163382110409906,4.0,1.0,-0.10699097426928059,-0.07648000974103257,0.39921593765656344,4.912242353597057,4.0,1.0,-0.0819579788380005,-0.015006341317071735,0.3732451975933511,10.838589218718676,4.0,1.0,-0.08504223672995,-0.03207011704925729,0.3821618296188465,8.924395798199832,4.0,1.0,-0.09481236517417702,-0.04185592187485083,0.3886245162134673,7.390689423936847,4.0,1.0,-0.10847719125628572,-0.04805812329596448,0.39136845049479096,15.917818688376453,4.0,1.0,1.0,0.0,0.0,0.0,1.0,0.0,0.0,0.0,1.0,0.0,0.0,0.0,98
-0.12623903335033132,0.023754576558680213,0.33094054491230723,6.530871745097876,4.0,1.0,-0.13138755078454092,-0.0074712328483603685,0.3200696723768834,4.311193297959899,4.0,1.0,-0.1325666941882024,-0.03425501690577272,0.31902567424267675,3.6947753318197174,4.0,1.0,-0.1277790214174966,-0.05673639615399952,0.32254266823519456,4.8195202257370555,4.0,1.0,-0.12545467686734843,-0.07227547654550272,0.3394855481539907,12.890512531529588,4.0,1.0,-0.09029255917964137,-0.04733645899498366,0.3180103722741148,5.191600713178991,4.0,1.0,-0.08538530093357467,-0.07223984980603768,0.33368478604086366,5.077995305049081,4.0,1.0,-0.10054466515990823,-0.07364305054254501,0.3427681063021535,3.0673387097625646,4.0,1.0,-0.11871072959144871,-0.06328112316673895,0.34490679137579633,10.733732712329097,4.0,1.0,-0.075746154842665,-0.043396339323217965,0.3330561642652186,5.362079910543776,4.0,1.0,-0.0790522922007182,-0.06640331984785869,0.3500164166429209,5.122676641645227,4.0,1.0,-0.09719840003231134,-0.06658500804333918,0.3563903179019205,2.500751608065398,4.0,1.0,-0.1159402251037123,-0.05573880826794037,0.3539236498070126,10.467303108799172,4.0,1.0,-0.07435488805893987,-0.028617529496732817,0.3503724230625582,5.869935455463289,4.0,1.0,-0.07571974741629121,-0.05150814621916895,0.36288555449046367,5.6675824009168805,4.0,1.0,-0.09412643838610565,-0.05596438812378026,0.3690651598647146,6.198513336413842,4.0,1.0,-0.11325255923156159,-0.04762284558254435,0.3643204548583754,9.079683572755984,4.0,1.0,-0.07785615735788395,-0.01708487374173979,0.3645126442569242,7.378500658135278,4.0,1.0,-0.07961507865533599,-0.03386547181842918,0.3729777571793182,3.9213615825944186,4.0,1.0,-0.0935474698409293,-0.039484333444509176,0.3751616485241087,3.283954649576653,4.0,1.0,-0.10929174448167348,-0.035201510977007175,0.3691838032715935,7.540913882367356,4.0,1.0,1.0,0.0,0.0,0.0,1.0,0.0,0.0,0.0,1.0,0.0,0.0,0.0,99
-0.13047260121750887,0.024153666549491453,0.3264349122302017,9.732068290445453,3.0,1.0,-0.13120790972951507,-0.007535140041971645,0.31155236512598083,6.479655438705881,3.0,1.0,-0.12803388556801734,-0.03391199568062063,0.30338742996533713,4.357353345001733,3.0,1.0,-0.12049129500039342,-0.055752727426825806,0.3017767269331391,5.446387311955394,3.0,1.0,-0.11051855592965006,-0.07707546193105516,0.3160303526391548,6.07425803189631,3.0,1.0,-0.08881724563992939,-0.0421088711374101,0.3044827370562238,7.904728265993079,3.0,1.0,-0.09382542339864153,-0.06760879189221326,0.31971300620637594,6.553551596516049,3.0,1.0,-0.10847286105499057,-0.05818061478093541,0.3238674226989717,3.41725108130539,3.0,1.0,-0.11687790071577728,-0.04130316171510761,0.3178645997061367,7.127226065600016,3.0,1.0,-0.07565274629663488,-0.0374590172608687,0.32162612068439733,5.815220085934366,3.0,1.0,-0.08557044224558706,-0.05842217568673208,0.33668745806934247,6.059820920843442,3.0,1.0,-0.1030124873970951,-0.05053859809841992,0.33714593555324157,7.713754876191494,3.0,1.0,-0.11464026141589526,-0.03429313062934923,0.3272947788183934,8.033999516227366,3.0,1.0,-0.07578720338044449,-0.02405017711338823,0.3415200278892052,5.111070944471278,3.0,1.0,-0.0844154293433879,-0.045642187413789614,0.35099028585081055,6.0209918344554865,3.0,1.0,-0.10310878491326124,-0.038648227503431214,0.34908478020743194,5.716402942737054,3.0,1.0,-0.11232967604503447,-0.02181406497614038,0.33794588773253786,5.210631728052193,3.0,1.0,-0.0800486819381057,-0.014184680578167397,0.35698843336956376,6.80816203346231,3.0,1.0,-0.08568329330525443,-0.030059463070959944,0.36227654429176886,6.740275458670383,3.0,1.0,-0.0992907888070306,-0.026191778744359104,0.3573054378783831,4.824755008375426,3.0,1.0,-0.10788055651696105,-0.013826340185772909,0.34603166443851485,5.898788282507726,3.0,1.0,1.0,0.0,0.0,0.0,1.0,0.0,0.0,0.0,1.0,0.0,0.0,0.0,100
-0.1294015985373621,0.02276034084876496,0.32426664374347075,11.934133613611088,3.0,1.0,-0.12935538621793383,-0.008863949606351122,0.3083321739259484,8.392140470026138,3.0,1.0,-0.12382717677940552,-0.03470656260129269,0.2984179960562229,6.994326570255676,3.0,1.0,-0.1138476773610517,-0.054963026393375226,0.2973617160575435,8.4403650252454,3.0,1.0,-0.09722077827473459,-0.07323814307482404,0.3151155748490138,10.435160742384845,3.0,1.0,-0.08893411592752266,-0.04203231167175764,0.30015172095851433,6.9757821716198025,3.0,1.0,-0.10061050989590219,-0.06125907079148322,0.3202138940588583,3.684732724173259,3.0,1.0,-0.11292031259293532,-0.0495268696091835,0.3220784307875118,3.2348344304607313,3.0,1.0,-0.11790334053679455,-0.033943158124435296,0.31125870661087474,8.973839415034957,3.0,1.0,-0.07681023152731922,-0.036894375651368744,0.31762367131814945,3.7688285484425124,3.0,1.0,-0.09438339364865546,-0.04946536135753202,0.33562249094537927,4.040578016236942,3.0,1.0,-0.10983404478447896,-0.03931118165146897,0.3356475922502081,3.170388196687164,3.0,1.0,-0.11741370278715961,-0.025093650974571256,0.3222338888910336,4.490153150627662,3.0,1.0,-0.07724503805227194,-0.023357186624156888,0.33831732595403946,5.3015051161967515,3.0,1.0,-0.09188502391869884,-0.03853351018461464,0.35022429353528517,7.805226302896575,3.0,1.0,-0.10828073637531446,-0.028840738518536958,0.34678411723465474,5.379157365645516,3.0,1.0,-0.11411459568843196,-0.013578263433092654,0.3325989704995945,1.6809956620458966,3.0,1.0,-0.08136219820338153,-0.013485725979173132,0.3544585505445504,8.742033456932262,3.0,1.0,-0.08998275853852453,-0.025568921210861437,0.3610748342586238,9.451055860214128,3.0,1.0,-0.10252741913481965,-0.018750859997115,0.35560902727024485,6.8398974793177025,3.0,1.0,-0.10920505871735238,-0.0065929761018354805,0.34342877801814164,4.775415277598964,3.0,1.0,1.0,0.0,0.0,0.0,1.0,0.0,0.0,0.0,1.0,0.0,0.0,0.0,101
-0.12998240763562616,0.02234440170614784,0.3255118804099426,12.088218145776311,3.0,1.0,-0.129991711871215,-0.008927940271639,0.3098642740656352,7.6233516514103705,3.0,1.0,-0.12413616718353257,-0.03458403203837658,0.30039925046028576,6.767456737996475,3.0,1.0,-0.11405915261248752,-0.054676348792459285,0.3003514707692868,7.532617119050308,3.0,1.0,-0.09796476287941598,-0.07188619424462026,0.3186337939892441,11.255878005298682,3.0,1.0,-0.09014258481458111,-0.04245624061817302,0.30267991265766364,7.049335719607218,3.0,1.0,-0.10316092037014153,-0.061183659010714195,0.3220008465547621,3.2932323091289404,3.0,1.0,-0.11561818897791692,-0.04925859903040182,0.32375425268657065,2.6137077778209217,3.0,1.0,-0.11989672748205986,-0.03374844627972733,0.31335183239473213,8.044347535085778,3.0,1.0,-0.07853293237758255,-0.037615209580547954,0.31997602744552756,4.83459901098571,3.0,1.0,-0.09758885552865483,-0.04961531151123976,0.33712553426114283,4.027533967893489,3.0,1.0,-0.11293975942817132,-0.039182248455404536,0.3370139283055738,2.937264846803504,3.0,1.0,-0.11958046599918788,-0.02531060057961244,0.323842236911739,4.937607695804018,3.0,1.0,-0.07954140286756875,-0.024201338326265722,0.3401760790446469,6.34514888316106,3.0,1.0,-0.09551225577423965,-0.038798273784457785,0.3513357262140112,8.140433930980546,3.0,1.0,-0.11200543666225,-0.028569186184414095,0.34789674069521065,5.374232034761064,3.0,1.0,-0.11611800036839201,-0.013602300750302108,0.33445224061843526,1.2883963220639159,3.0,1.0,-0.08423193123053717,-0.014351217731704743,0.35591372606076693,8.844694788965743,3.0,1.0,-0.09367880296937618,-0.026215937724027857,0.36214072399091257,9.716088282575207,3.0,1.0,-0.10632614841746092,-0.018881262147261327,0.35655026299058185,7.956997146184542,3.0,1.0,-0.11193175779982201,-0.006435512618701531,0.3449107741644617,5.198139126012955,3.0,1.0,1.0,0.0,0.0,0.0,1.0,0.0,0.0,0.0,1.0,0.0,0.0,0.0,102
-0.12905645799800905,0.021763226565880357,0.32565790971753494,9.915254750238617,4.0,1.0,-0.13043731966697794,-0.009594695420375967,0.3088025740614135,8.257570291209188,4.0,1.0,-0.12453821619614101,-0.03479225964268611,0.3016041036738332,6.287683392346932,4.0,1.0,-0.11362108171120396,-0.05472487796150624,0.3023730766136766,6.150309175043111,4.0,1.0,-0.09971442489458317,-0.07200041803557752,0.31799574386511975,9.760165459572933,4.0,1.0,-0.08937928061770986,-0.043474843205079806,0.30409819952415157,6.721059642048731,4.0,1.0,-0.10246092929240039,-0.06239288405325393,0.32220896450934833,4.734309470185225,4.0,1.0,-0.11497980591174446,-0.04972222145828104,0.3231729499590227,3.8257914180955708,4.0,1.0,-0.11965250283721514,-0.03319348676275353,0.3146650121030964,6.25551103311286,4.0,1.0,-0.07733614266637028,-0.03884094226315042,0.3214399990144601,5.636584012555314,4.0,1.0,-0.09762572867964402,-0.05059185626065718,0.3369306356972125,3.9242193284864664,4.0,1.0,-0.1129158906765089,-0.03966945567841015,0.3360785731112336,3.421791279191935,4.0,1.0,-0.11934693161941651,-0.025326055450194722,0.3244436574032166,4.761895260755944,4.0,1.0,-0.07838151789711882,-0.025336209091539677,0.34170233401581124,6.060996240791244,4.0,1.0,-0.09733450960899367,-0.03905983194841023,0.35130685227743824,6.012034224225412,4.0,1.0,-0.11352059832413465,-0.028269342827380053,0.3473879581728286,4.162809236720783,4.0,1.0,-0.11710324513768032,-0.013306152439214085,0.33535528682607335,2.7172971404233666,4.0,1.0,-0.08359289493721042,-0.015231841385530328,0.35777536243324354,7.121248649403365,4.0,1.0,-0.09671281146421797,-0.026209252597399386,0.3628140525834246,6.947731555317946,4.0,1.0,-0.10941295032813064,-0.018465768359848662,0.35755969751527966,5.758102968172597,4.0,1.0,-0.11356292155361916,-0.006054266730287668,0.3467106398919392,4.717183705742814,4.0,1.0,1.0,0.0,0.0,0.0,1.0,0.0,0.0,0.0,1.0,0.0,0.0,0.0,103
-0.12910357834369002,0.022667951647776317,0.32630767606759953,11.876136335772168,3.0,1.0,-0.1294086193525177,-0.008676542056778737,0.310743312751187,8.561842844026005,3.0,1.0,-0.12368055612891583,-0.034422840290802406,0.3013274790542175,7.98304068531822,3.0,1.0,-0.11418311834501066,-0.054581889849787076,0.3012163017417007,8.23686647004611,3.0,1.0,-0.09934918119762098,-0.07125551655986295,0.32064316522691627,10.250114944232129,3.0,1.0,-0.09006957911637616,-0.04286489794113988,0.30420872335456406,8.762485384611674,3.0,1.0,-0.1037882714259892,-0.061383447402766717,0.3232520523059048,5.3902210499168595,3.0,1.0,-0.11599485329417347,-0.048799516158572434,0.3245622230663516,4.453897832675094,3.0,1.0,-0.1204119979938756,-0.03274295181293686,0.3144142547955635,8.69021423553781,3.0,1.0,-0.07871730067726565,-0.03808802108667994,0.3215614007572845,6.007190605103243,3.0,1.0,-0.09825032542264057,-0.04969253397714966,0.33825385840088934,3.4197936146046204,3.0,1.0,-0.11327723537063335,-0.03867362884419517,0.3373960466651159,2.8772978998490264,3.0,1.0,-0.11936235099618912,-0.024719276865107758,0.32397393564283034,6.960907270806069,3.0,1.0,-0.07995329453602015,-0.02449282135990188,0.3416513510736985,6.1337957087804575,3.0,1.0,-0.09717979931299808,-0.038370696786311095,0.35239685465542325,6.050013006441833,3.0,1.0,-0.11348100776277391,-0.027359344209121547,0.34857335530954775,3.1677719540720157,3.0,1.0,-0.11621652696054142,-0.012827772031761995,0.3350482786956331,3.2448723674794917,3.0,1.0,-0.08487848216016863,-0.014400140233283953,0.35728265546357435,7.827236334898541,3.0,1.0,-0.09620231955751848,-0.025269052650134977,0.3634317419737292,7.433412971801064,3.0,1.0,-0.10863413671689183,-0.017227917214628834,0.3573950590079376,4.960289591245046,3.0,1.0,-0.1125394957941367,-0.0051413032324339435,0.3453501065909152,4.310384064834181,3.0,1.0,1.0,0.0,0.0,0.0,1.0,0.0,0.0,0.0,1.0,0.0,0.0,0.0,104
-0.12890169292138198,0.023247560351426527,0.32653018529732764,12.233839695905063,3.0,1.0,-0.1292277125554779,-0.008102626590103888,0.3112285354918494,8.908080581965015,3.0,1.0,-0.12379760183618066,-0.03387909300292905,0.30197437346597084,7.936681099421487,3.0,1.0,-0.1145308984918222,-0.05422564193936122,0.3016281725051057,7.883692233971668,3.0,1.0,-0.10017020053314342,-0.07139411847059848,0.32080638331969563,10.382359684345806,3.0,1.0,-0.08973397722478571,-0.042465788900786054,0.3048371411693094,8.434825127543553,3.0,1.0,-0.10368750503386003,-0.060789603910592314,0.3239451237860832,4.912118353085508,3.0,1.0,-0.11594546156178115,-0.04814075318352072,0.3252018635984015,4.2336697510733545,3.0,1.0,-0.12042962281749323,-0.03213918315405121,0.31537100125898837,8.435937871098652,3.0,1.0,-0.07841076133418999,-0.03762721030404602,0.3220898417129854,5.735729794819604,3.0,1.0,-0.0982942885207877,-0.04903743714513675,0.3386262356767547,3.0726703987046093,3.0,1.0,-0.1134017408700473,-0.03791865390280379,0.3378398991624148,3.0544158234911563,3.0,1.0,-0.11964793185491712,-0.02378564438935885,0.3248929173823031,7.161202291686592,3.0,1.0,-0.07971115180963895,-0.023916500458364326,0.3420085181906443,5.873295016938379,3.0,1.0,-0.09699775414456589,-0.03778635940033182,0.35274706809297546,5.269397207398478,3.0,1.0,-0.11334970972409299,-0.026674669197912795,0.34906554346536833,2.537522502731598,3.0,1.0,-0.11602581471816262,-0.0120359160801027,0.33585546306022723,3.6027545163341017,3.0,1.0,-0.08480871600664466,-0.013720052288422959,0.3574835450565885,7.297881850676816,3.0,1.0,-0.09590540601050669,-0.024622707620894135,0.36386453279487957,6.806288981438745,3.0,1.0,-0.10849209270504571,-0.01671249021751951,0.3578704314681634,4.707570696956735,3.0,1.0,-0.11246330039757381,-0.004660253939609473,0.34584624009727155,5.109571300710482,3.0,1.0,1.0,0.0,0.0,0.0,1.0,0.0,0.0,0.0,1.0,0.0,0.0,0.0,105
-0.1285714536239392,0.024575014508224923,0.32589626883125317,11.123888031230168,3.0,1.0,-0.1294444281397463,-0.007068963593029439,0.3109331690297377,7.31054078776116,3.0,1.0,-0.12439101953027146,-0.033061920197362316,0.3025334552179575,6.991838703965228,3.0,1.0,-0.11517394742873682,-0.053337607340093206,0.30240498427387713,7.658999707776695,3.0,1.0,-0.10000290664057439,-0.07032990577179676,0.32149387244775673,9.30846603856699,3.0,1.0,-0.09033674451375724,-0.04173285190344059,0.30472269407262975,7.8536781976629655,3.0,1.0,-0.10328526366338506,-0.06022848991681751,0.3243041869089232,5.344493534189332,3.0,1.0,-0.1153725493502939,-0.047304721892218446,0.3252807653033072,4.329872142300343,3.0,1.0,-0.12017400002440931,-0.03132610553265731,0.3146935652201902,8.215796941533126,3.0,1.0,-0.078589928037523,-0.03663887482311548,0.3220614022704707,5.29477731065711,3.0,1.0,-0.09787724151422142,-0.047866855657989885,0.3389732654745543,3.495494966130838,3.0,1.0,-0.11285158581072004,-0.03675538184621037,0.3381285216535457,3.006442465050027,3.0,1.0,-0.11944277029906791,-0.0228372634410992,0.32484781768482907,6.22313753224073,3.0,1.0,-0.07921094797955883,-0.02258930580679624,0.34207441196296257,6.114184489689534,3.0,1.0,-0.09598578217693611,-0.03617494885746377,0.35323464994869835,6.952688696488322,3.0,1.0,-0.11225904777883795,-0.025165146207451517,0.34941700720855334,4.297128000596725,3.0,1.0,-0.11558756692251311,-0.010635376555118956,0.3358006330601854,3.277415218340558,3.0,1.0,-0.08372069118479115,-0.012098501822664474,0.3576344994093138,8.386840503174655,3.0,1.0,-0.0945122321111715,-0.02283107887069478,0.3640106004131647,8.236383399524295,3.0,1.0,-0.10695355359627338,-0.01479386182228573,0.35804106565847627,5.306563919617539,3.0,1.0,-0.11109407726596912,-0.0026988872976464653,0.34586406344109255,3.3849513249697494,3.0,1.0,1.0,0.0,0.0,0.0,1.0,0.0,0.0,0.0,1.0,0.0,0.0,0.0,106
-0.12935343183760661,0.024470341061299514,0.3253103065161258,9.36669009193451,4.0,1.0,-0.1311882398508067,-0.007284415096274263,0.30909003325020384,7.360770206403089,4.0,1.0,-0.12576253252761221,-0.03295740436271119,0.30207485936442696,5.825187053276246,4.0,1.0,-0.11537761469223755,-0.05314555233853169,0.30297092408927573,6.184017852898613,4.0,1.0,-0.10132576393401353,-0.07056631474639607,0.31925007111191733,8.178586490851094,4.0,1.0,-0.09039007595217484,-0.0418961653609897,0.3046355038192436,6.155816462934708,4.0,1.0,-0.1026965712495034,-0.060640096835170514,0.32312007265068476,4.715074043777636,4.0,1.0,-0.11516796741148784,-0.04780932928571435,0.3240508869615334,3.519689020801302,4.0,1.0,-0.12005788222673962,-0.03175966932202908,0.3152129309593032,6.335837255460527,4.0,1.0,-0.07791751976528136,-0.037032699648064174,0.321841037218153,4.873101508127521,4.0,1.0,-0.0976926264646047,-0.048402302173909874,0.3375437726463126,4.124386743335251,4.0,1.0,-0.11298194417735662,-0.03726949542470002,0.336606479346368,3.4547647384640383,4.0,1.0,-0.11962870142277654,-0.02306627507015345,0.32470656976796636,4.675316550678064,4.0,1.0,-0.07827271254911747,-0.02307259933010506,0.3419517485791639,5.655799728027293,4.0,1.0,-0.09643132990300826,-0.03675585952499507,0.35207078007631604,6.468130279284493,4.0,1.0,-0.11267874315793276,-0.02585355577366028,0.34818379049965414,4.531930348297912,4.0,1.0,-0.11676509949495663,-0.010892724944601317,0.33585094644425617,2.9430891602581357,4.0,1.0,-0.08282233370306175,-0.012551982576787113,0.35801156341494544,7.320413899594204,4.0,1.0,-0.09548149400194718,-0.023327078794930615,0.36352507357954106,8.094295843996655,4.0,1.0,-0.10815172258649376,-0.015379819620171514,0.35834924007577623,6.699173578463716,4.0,1.0,-0.11220635676915218,-0.0031540929213704117,0.3472522324479363,4.779295406209081,4.0,1.0,1.0,0.0,0.0,0.0,1.0,0.0,0.0,0.0,1.0,0.0,0.0,0.0,107
-0.12872818866856853,0.02565138104643951,0.32504201989842185,12.111995770156819,3.0,1.0,-0.13012690913915353,-0.00585044003860655,0.31045206106731543,8.039141666723486,3.0,1.0,-0.1256948991183537,-0.03168773204494807,0.30130823852517197,7.341027116718583,3.0,1.0,-0.11695445011626436,-0.05226437272893875,0.301392023054014,8.305342407365918,3.0,1.0,-0.1022530181031506,-0.06959487439736294,0.3199694973358988,9.989250001381698,3.0,1.0,-0.09167700724150275,-0.0419466050910847,0.30532809807647165,9.710839186401373,3.0,1.0,-0.10527005146327097,-0.059874289147733385,0.3242700632690507,5.594340445612261,3.0,1.0,-0.11725228620187775,-0.04679258735279242,0.3249938709766835,3.5638720726738717,3.0,1.0,-0.12109870304812319,-0.03075282698731914,0.3142099092800817,7.64340524161202,3.0,1.0,-0.08000080446079072,-0.03734856844980994,0.32253856232255024,7.061145755238827,3.0,1.0,-0.09939725741019158,-0.04821614865775943,0.3386821322553288,3.6014911167206827,3.0,1.0,-0.11404492885303974,-0.036679270705508256,0.3374621311619392,2.3709398411569316,3.0,1.0,-0.1197680475142472,-0.02251635775941301,0.32391910293649434,5.572239428515466,3.0,1.0,-0.08067683695128032,-0.02320345138753519,0.34196591483519484,6.8199346843232895,3.0,1.0,-0.09716534281371916,-0.036913566658301956,0.3527347551907877,6.848319484838867,3.0,1.0,-0.11311576540075337,-0.0254770127343223,0.3484818001735389,4.381338641241885,3.0,1.0,-0.11622468765391362,-0.010466367466566233,0.33522836156828256,2.180334386650928,3.0,1.0,-0.08520033882286429,-0.01255842040937091,0.3570781786609281,8.631040095428862,3.0,1.0,-0.0946072097300564,-0.024040347778935576,0.36333471813967727,8.61200344893264,3.0,1.0,-0.1068295332963925,-0.015982453313693003,0.3572056874517253,6.800700798929497,3.0,1.0,-0.11171291300651785,-0.003559584460408138,0.34565539257685984,4.493911400960677,3.0,1.0,1.0,0.0,0.0,0.0,1.0,0.0,0.0,0.0,1.0,0.0,0.0,0.0,108
-0.12905326714492996,0.025425491573619733,0.3224359999790339,12.49882131841735,3.0,1.0,-0.1311607180619748,-0.0061192960019324704,0.3078729740457322,7.805009589317058,3.0,1.0,-0.1279198952721632,-0.032135008330349914,0.2995317407456827,5.981882417816482,3.0,1.0,-0.11997542731138272,-0.053156112730927914,0.2991633275989636,7.3211612047776065,3.0,1.0,-0.10696109695544723,-0.07203984235516192,0.31726637525038587,6.658665297265434,3.0,1.0,-0.0930799122647011,-0.04294844986583172,0.3018375865875627,7.499175703756342,3.0,1.0,-0.10601198429933559,-0.06153531187522456,0.321346005848141,5.1286984264678885,3.0,1.0,-0.11845966661093679,-0.04876459832647316,0.32283021244199805,3.124402910291245,3.0,1.0,-0.12340443389077028,-0.03260706763412602,0.3127369951548346,6.689140974683593,3.0,1.0,-0.08116084018624459,-0.03831574299922543,0.31916052499397124,5.393622411859231,3.0,1.0,-0.10013722920315166,-0.04963464709611712,0.33644092982130747,3.560869433602882,3.0,1.0,-0.11506441156360032,-0.03825959362814344,0.33556132353190904,2.2700914865967072,3.0,1.0,-0.12161227656224258,-0.023938661127722347,0.3221022166758513,4.166931361278853,3.0,1.0,-0.08146997373652669,-0.02381155038844462,0.3390007253601076,5.583832414880182,3.0,1.0,-0.09733405575686475,-0.03788840286947597,0.3506159448626917,6.690610968144178,3.0,1.0,-0.11374688930956475,-0.027533680538751708,0.3469559754793483,4.668919092135569,3.0,1.0,-0.11922315948839296,-0.012307561705709786,0.3330614324793287,2.494404192924337,3.0,1.0,-0.08592434802493254,-0.012760742696850418,0.35448593579804066,7.19974816129222,3.0,1.0,-0.09449019990373457,-0.024558073297954584,0.3613448477895553,8.594744704555806,3.0,1.0,-0.10669227330728628,-0.017845098692719944,0.3556347138387119,7.419825447661698,3.0,1.0,-0.1134546787469309,-0.006110494706641256,0.34306669153532243,8.743372784064247,3.0,1.0,1.0,0.0,0.0,0.0,1.0,0.0,0.0,0.0,1.0,0.0,0.0,0.0,109
-0.1288608563026528,0.025972500102481533,0.3203517655886552,11.776638049864388,3.0,1.0,-0.13204247138146466,-0.005309715962702989,0.30593628987493987,7.418084966748855,3.0,1.0,-0.12972845220400728,-0.031592069130545415,0.2978391370120807,5.278375814577349,3.0,1.0,-0.12295209791777297,-0.05337940567468911,0.29751212824050893,7.02754608102014,3.0,1.0,-0.11171721095218222,-0.07370866651201537,0.31518383842080666,7.187132759761873,3.0,1.0,-0.09499907678735714,-0.04402943126108156,0.3012048884356662,7.57228581336848,3.0,1.0,-0.10894680310186008,-0.0623886461132028,0.31997446768560345,4.703076771554877,3.0,1.0,-0.12093328155304073,-0.04906821794861195,0.32133650715364154,2.755990080837888,3.0,1.0,-0.12489241735770829,-0.03284250370156932,0.31168390784975003,6.1737069558819035,3.0,1.0,-0.08302079712180148,-0.039836815515565484,0.3187246285479029,6.211754564331717,3.0,1.0,-0.10254096156227206,-0.0509614544574528,0.3351002921814469,4.210212070570631,3.0,1.0,-0.11740874193665178,-0.038861871039320046,0.33401999655745956,2.4241038315170935,3.0,1.0,-0.12308895423200628,-0.024123149341241757,0.3210750458801801,3.082588301795328,3.0,1.0,-0.08320770500449767,-0.025123592335422235,0.33830710946287657,6.172770804912229,3.0,1.0,-0.09932779352549553,-0.039473286773779405,0.3490038246983122,6.198105455103647,3.0,1.0,-0.11576673416196201,-0.027969941671070583,0.34541089134563346,3.324300570639642,3.0,1.0,-0.11932716929656265,-0.012648860977968931,0.3324010298254023,1.3366621264625798,3.0,1.0,-0.08752622711026616,-0.013672516285644901,0.35343471263572257,7.700558674535895,3.0,1.0,-0.0961083290736386,-0.025693255173775197,0.35961535689227647,8.625357781359684,3.0,1.0,-0.1085346439250874,-0.018266568193763943,0.35372847145754677,5.351188068960908,3.0,1.0,-0.11440677945744951,-0.0060987027515063755,0.34165584097265955,5.1907922287447255,3.0,1.0,1.0,0.0,0.0,0.0,1.0,0.0,0.0,0.0,1.0,0.0,0.0,0.0,110
-0.12875552150826378,0.02592146342561373,0.3186152338854856,11.343279648405597,3.0,1.0,-0.13312953090397886,-0.005127370561748057,0.3048200462891968,6.454434351771188,3.0,1.0,-0.13102449992642073,-0.031977285124380285,0.29681305758606724,6.519766957112787,3.0,1.0,-0.12492457722392375,-0.05456334314014903,0.29595003236222006,9.11677761261863,3.0,1.0,-0.1152458289936388,-0.07754198947355095,0.3130616984954447,6.516484884296726,3.0,1.0,-0.09654473980494632,-0.04523417878808318,0.29958886440885435,7.528850052286393,3.0,1.0,-0.11059308251172781,-0.06601136314690027,0.3172125098036917,2.227008153846443,3.0,1.0,-0.12286779599558911,-0.05267106363303177,0.3196279901605312,1.673550893260156,3.0,1.0,-0.12666823824575857,-0.035078325380129206,0.31178269488489413,3.7797460175111515,3.0,1.0,-0.08429609533169648,-0.04164794982612736,0.3166535018057539,6.226973087569579,3.0,1.0,-0.10326991109268355,-0.05585261872911142,0.33214039235326376,3.418494070615953,3.0,1.0,-0.11864451664644671,-0.04380343480481118,0.3316458507109225,3.2070005142920635,3.0,1.0,-0.12450303318520232,-0.027193733106412453,0.32026647368658,0.7441484382213582,3.0,1.0,-0.08401829205133893,-0.02716213283519175,0.3360183474812845,6.078392057232975,3.0,1.0,-0.10006116224495486,-0.0435567000203807,0.34632989009710996,5.589113266794463,3.0,1.0,-0.11728032207689658,-0.032391757257293374,0.3438459711847436,3.2553468490443205,3.0,1.0,-0.12121750027943873,-0.015654626891820775,0.3321795337982739,0.6341678356545738,3.0,1.0,-0.08824122426493125,-0.01578501702971814,0.3511104544197038,6.78345676518412,3.0,1.0,-0.09678849816575544,-0.029361543885514534,0.35733775046340543,7.388597697527917,3.0,1.0,-0.10996019208094931,-0.022926064265208244,0.3522294345548229,5.437292383093346,3.0,1.0,-0.11638982873463324,-0.010365760720499087,0.34101137190512426,6.593658456541795,3.0,1.0,1.0,0.0,0.0,0.0,1.0,0.0,0.0,0.0,1.0,0.0,0.0,0.0,111
-0.12770605618452954,0.02562292331030138,0.31645141562470913,7.364412930797331,4.0,1.0,-0.13519181895051863,-0.005091393384577043,0.30166878027298466,5.192394917188016,4.0,1.0,-0.1374561842348866,-0.03222769533098297,0.2968000614020866,5.330484797997562,4.0,1.0,-0.13485545284489164,-0.055707659861887124,0.2966348836050066,6.620479388306624,4.0,1.0,-0.13056871754673252,-0.07791981626569447,0.31093220065425226,7.049225196834727,4.0,1.0,-0.09950344181408252,-0.0471919654071143,0.29677508741727254,4.904784246878196,4.0,1.0,-0.10581782750013946,-0.07319458684598018,0.3117362209953663,3.648177201535739,4.0,1.0,-0.11964260198815538,-0.06290564716960248,0.31624066333686224,2.055684161421997,4.0,1.0,-0.12716723786418865,-0.04571109143292547,0.3107101827780422,6.463639578324752,4.0,1.0,-0.08605032029982962,-0.04447434212393266,0.3130667073529002,4.211605655794191,4.0,1.0,-0.10177795884524432,-0.06232556022086239,0.3285288903665908,4.372881496412404,4.0,1.0,-0.11725257152027506,-0.05166603006529853,0.3294035392942577,4.277515670897139,4.0,1.0,-0.12401204546829489,-0.035408735916802506,0.31933393409674077,2.569492040822982,4.0,1.0,-0.0839699557776332,-0.030112706679997357,0.33244477141338247,5.30338886756099,4.0,1.0,-0.09942901151904118,-0.048469294046990755,0.34285828236652516,5.923755415633311,4.0,1.0,-0.11605081860587639,-0.04018940465567513,0.3414033131772717,5.172387885369242,4.0,1.0,-0.12168823481469827,-0.024104698338772997,0.3298862534549484,2.8454851405366672,4.0,1.0,-0.08667640982944753,-0.018522227099779645,0.34808652505127186,6.52829852094815,4.0,1.0,-0.09691741662357789,-0.032653087196286366,0.35434667072189907,7.4908719000660575,4.0,1.0,-0.10987908512194515,-0.0273361347858645,0.3503395406263271,6.258044818817768,4.0,1.0,-0.11544016514076849,-0.014991202047643929,0.33961208901998596,5.860032428276819,4.0,1.0,1.0,0.0,0.0,0.0,1.0,0.0,0.0,0.0,1.0,0.0,0.0,0.0,112
-0.12667649896002872,0.02429537844524979,0.31439285354818647,8.93070967073738,3.0,1.0,-0.1350440483578037,-0.0048917278722957315,0.30156375400135316,4.5767982078140825,3.0,1.0,-0.13977668872453006,-0.03168587478859812,0.2991342763717589,2.307344469263553,3.0,1.0,-0.1421295859273437,-0.05548500243604235,0.29997656063536665,2.885080624970684,3.0,1.0,-0.14557338887101118,-0.07914123857804452,0.31433574335582914,3.83965662802734,3.0,1.0,-0.09999188630447901,-0.047382020282740536,0.2937348066588002,4.305345834442131,3.0,1.0,-0.1045046194958463,-0.07297362385715968,0.30249181154161975,3.3130336855859586,3.0,1.0,-0.12188434076360738,-0.07705030515193824,0.31598390328552456,3.4702188146643933,3.0,1.0,-0.14342994420793126,-0.07354259234447556,0.32703660900980314,7.532572778297703,3.0,1.0,-0.08600744182198934,-0.04560825050653243,0.30969261477780785,2.462097831388465,3.0,1.0,-0.09541143811801016,-0.0682776335581934,0.3250678278244656,3.9689632554785454,3.0,1.0,-0.11264847369304017,-0.06695370343577021,0.32960940827635027,11.314824495929061,3.0,1.0,-0.12674451942531856,-0.05716776256627369,0.3206034410191913,21.24075524599679,3.0,1.0,-0.08357726101580681,-0.032222683507766164,0.32900483405755865,1.5572136298543338,3.0,1.0,-0.09145872359302018,-0.054587048020338015,0.33877594027156616,3.90547302810905,3.0,1.0,-0.11038346266314893,-0.05356122282580154,0.3424437370930691,10.110155545400177,3.0,1.0,-0.12359625276814401,-0.042472801710155744,0.33127359785045885,19.92886527439718,3.0,1.0,-0.08609232645426171,-0.021435270229439796,0.34423880865447926,2.160223508165581,3.0,1.0,-0.09002854995463516,-0.0377301900490583,0.35105998964095386,1.951804665445831,3.0,1.0,-0.10409975299945776,-0.03952339698203828,0.35172154202150785,4.235708950421528,3.0,1.0,-0.11511623864137326,-0.031518384078322234,0.3419232882167108,12.473029959107592,3.0,1.0,1.0,0.0,0.0,0.0,1.0,0.0,0.0,0.0,1.0,0.0,0.0,0.0,113
-0.1254273510763337,0.024582434476870408,0.31313184620367757,8.543368240135909,4.0,1.0,-0.13504296750710268,-0.005014583809069394,0.29970695146162984,4.688652494900269,4.0,1.0,-0.1431897407727913,-0.031474135373444616,0.3004106897153539,2.972187859400348,4.0,1.0,-0.14863698856362578,-0.05528622671768895,0.30372318577534413,3.401400259164839,4.0,1.0,-0.15466746126417671,-0.08054485191713101,0.31835265590532497,5.2223133777583675,4.0,1.0,-0.09882814295070269,-0.04994356033421993,0.29371973123450773,4.490206613513401,4.0,1.0,-0.10521963485868482,-0.0762334988523714,0.300559132929554,5.827407884421248,4.0,1.0,-0.11917677881491069,-0.08780340156205414,0.31091931921653354,4.255623768768912,4.0,1.0,-0.13706812067188898,-0.09757253348388802,0.32193452859050625,4.949613621254216,4.0,1.0,-0.08375074177281472,-0.04888622518347274,0.30885250297030853,3.707939889618148,4.0,1.0,-0.08309382718758304,-0.07543329841327295,0.32246328659425305,6.183536473593177,4.0,1.0,-0.09899381557936493,-0.0813574152819908,0.3291240850559241,6.080382511634281,4.0,1.0,-0.11863529486066934,-0.078584539087844,0.3305876999716526,12.756848280709315,4.0,1.0,-0.08021170076596268,-0.03533794697808222,0.3273322646721119,3.528303863194676,4.0,1.0,-0.07902193062449886,-0.060995356656531316,0.3349875327993113,4.610356736594012,4.0,1.0,-0.09565735315508253,-0.06926711050298946,0.3409746089942088,5.6670758102022765,4.0,1.0,-0.11541215555938872,-0.06292980190842384,0.33821491756143635,10.735081982818059,4.0,1.0,-0.08191837352882457,-0.024245543699794,0.3425147206251902,4.300513497881509,4.0,1.0,-0.07783005722858959,-0.0417606707876861,0.3488988505945433,6.522561122087469,4.0,1.0,-0.08752599517065222,-0.05144152334077808,0.3511240834855846,7.138020967966765,4.0,1.0,-0.10190666176136624,-0.051803350312408576,0.3463937595416285,10.794984261742789,4.0,1.0,1.0,0.0,0.0,0.0,1.0,0.0,0.0,0.0,1.0,0.0,0.0,0.0,114
-0.12448673170708567,0.020564740031702743,0.31179243221245445,7.558445942173215,4.0,1.0,-0.13382665646490455,-0.007878748387878803,0.29768691373955636,5.288604645547939,4.0,1.0,-0.14215368218174018,-0.033341147294311126,0.30090106608724815,3.934841811623511,4.0,1.0,-0.148005105540106,-0.05648518381942682,0.3053566927552897,2.67192133388133,4.0,1.0,-0.1539628989988111,-0.08202949431829674,0.31927505251476757,2.4294054375363654,4.0,1.0,-0.09668470982437467,-0.05190266062755021,0.28853898289322744,4.809363259402509,4.0,1.0,-0.10500659313253112,-0.07816415389859352,0.2961570326677304,5.20637831227913,4.0,1.0,-0.11892923786055587,-0.09005445473080635,0.30635274470155627,4.251644876866931,4.0,1.0,-0.13668942065100567,-0.10081437165102851,0.31706814540062134,6.219278404236248,4.0,1.0,-0.08120451511757229,-0.05181434099386278,0.3031592596092508,4.339971086474154,4.0,1.0,-0.0768666290762698,-0.078083755920728,0.3150588066703443,6.48114461196902,4.0,1.0,-0.0925640234455819,-0.08328979193686303,0.32243609154609604,7.323831810803437,4.0,1.0,-0.11251326235873421,-0.07616895851616419,0.323179995724483,11.091503939200992,4.0,1.0,-0.07745421054786174,-0.03964151881697205,0.3221462549161144,4.763967814529666,4.0,1.0,-0.07346904701658723,-0.06478474991855548,0.3297224508813686,6.78589016210445,4.0,1.0,-0.08907227915054085,-0.07208398711070023,0.3364832642061314,10.162242309006938,4.0,1.0,-0.10812336887787483,-0.0637143389073403,0.33281940859429887,12.38996969924484,4.0,1.0,-0.0788943602619585,-0.02968252803228029,0.3378398941778214,6.4170531341154735,4.0,1.0,-0.0735989960047917,-0.0463957053206196,0.345790810420797,9.969056978785243,4.0,1.0,-0.08267398362433527,-0.05377280868160529,0.3479265031772769,11.9532694193535,4.0,1.0,-0.09683388845427916,-0.050786238757743137,0.34222330202182394,14.966998565604506,4.0,1.0,1.0,0.0,0.0,0.0,1.0,0.0,0.0,0.0,1.0,0.0,0.0,0.0,115
-0.12111528020374829,0.017020869177384587,0.3102385033047828,5.248555784393506,4.0,1.0,-0.13248851281513674,-0.007427359638179652,0.2958939421217993,7.878105552484609,4.0,1.0,-0.13829215487177057,-0.03244967342548679,0.2996187269528552,6.5104400911165765,4.0,1.0,-0.14224776177867396,-0.05565980100770204,0.30250523508550226,6.945417219515286,4.0,1.0,-0.15243607797621467,-0.08286053518586309,0.31347056717556365,7.784941442986934,4.0,1.0,-0.09663075680438807,-0.05033876618085501,0.28090125830613727,4.975879041214266,4.0,1.0,-0.1046782903831667,-0.07649353601946858,0.2863384686209362,10.020177235876048,4.0,1.0,-0.11974365174443942,-0.08211338501705276,0.2973648026462758,12.90214389966862,4.0,1.0,-0.13742033226460804,-0.08055776600830274,0.3055382394651891,28.424258038274687,4.0,1.0,-0.07961523302960154,-0.052745951545453064,0.294157041977627,1.2643022440628897,4.0,1.0,-0.07301478847300996,-0.07813057973421625,0.3005576416122019,1.7677956374258406,4.0,1.0,-0.08816610457293096,-0.08391456543986377,0.3101016016649136,4.2806860823063,4.0,1.0,-0.10658561597174572,-0.07275173057042936,0.3119016060308671,6.397139540547732,4.0,1.0,-0.07360442833868838,-0.04348841385694956,0.3135299237984776,6.149171964172903,4.0,1.0,-0.06800368772249557,-0.0671119111884792,0.3181644824386871,6.906274653087281,4.0,1.0,-0.08098062666001307,-0.0798318894039873,0.3255839925425544,6.620275511679972,4.0,1.0,-0.09926536824168936,-0.07938879656737972,0.32656234349440744,17.75035392385436,4.0,1.0,-0.07301588412598793,-0.035618054176088855,0.32980146406856115,10.307907671850538,4.0,1.0,-0.06720471624006087,-0.051197422667909616,0.33686181856319414,11.23263411593108,4.0,1.0,-0.07507762553506236,-0.06238057851227605,0.33897286215397815,12.455016868876438,4.0,1.0,-0.08924865361134748,-0.06700307153634681,0.33627555841454243,20.601314884441138,4.0,1.0,1.0,0.0,0.0,0.0,1.0,0.0,0.0,0.0,1.0,0.0,0.0,0.0,116
-0.12043799010198662,0.013612922717932333,0.30678326363587766,8.366204400552599,3.0,1.0,-0.1277542976710461,-0.011225475366630487,0.28881550468060113,10.592272022834138,3.0,1.0,-0.12612027734262418,-0.03687915862852768,0.2857475106166482,17.465558629078874,3.0,1.0,-0.12545024159340282,-0.060345964877787935,0.2830323221354617,22.878339268690084,3.0,1.0,-0.13819352563051734,-0.08633460724652241,0.2925803880664764,24.09627311375785,3.0,1.0,-0.09418649257953658,-0.05116941009746431,0.2716007112632583,4.427527135128337,3.0,1.0,-0.09295276324947618,-0.07094134403861384,0.26734806024922336,22.66224088728441,3.0,1.0,-0.1065335045346644,-0.0780270638519207,0.2802754109495989,23.67831853108666,3.0,1.0,-0.12382987151408159,-0.07850625831011647,0.29034123197143025,28.198733172810147,3.0,1.0,-0.08011129268228841,-0.052474415647562035,0.28793357126327335,7.0091844855279275,3.0,1.0,-0.07030443193802104,-0.0754507229328552,0.28809848284660466,10.44707006339897,3.0,1.0,-0.08344559284535581,-0.08499610543209835,0.2992006515254837,8.0034803208928,3.0,1.0,-0.10195467568751003,-0.07957268592615795,0.3042769104732724,10.441357476011648,3.0,1.0,-0.07600243539130604,-0.043192035464223406,0.3106303132929556,9.789922017017341,3.0,1.0,-0.07044360776477515,-0.06373152312369283,0.3158138113566697,19.935146958405863,3.0,1.0,-0.08114084499806623,-0.07770073047247363,0.32587578428187775,18.400011122766852,3.0,1.0,-0.10005884249318854,-0.08092880418459478,0.32862258643794856,17.469238886148645,3.0,1.0,-0.07622774679279656,-0.03558473234180227,0.32858235655819834,14.95531586398517,3.0,1.0,-0.07092911418418366,-0.04887179735531352,0.33676995726276204,21.950812502806993,3.0,1.0,-0.07858227210541993,-0.06083729906639711,0.3408589285286628,22.70980171791146,3.0,1.0,-0.0926919494339364,-0.06738056941224693,0.3390454481185836,28.966094126423343,3.0,1.0,1.0,0.0,0.0,0.0,1.0,0.0,0.0,0.0,1.0,0.0,0.0,0.0,117
-0.12139169853083598,0.013569290168421639,0.30422745154903647,4.9688623001555845,4.0,1.0,-0.13524165097981047,-0.011979864920252428,0.29076966277403865,4.874951932440623,4.0,1.0,-0.13837010365989005,-0.03765077237964642,0.2937720134456459,4.607520536355681,4.0,1.0,-0.14065586924579454,-0.06100679859824232,0.2957669374690301,3.252344596915163,4.0,1.0,-0.153989832475931,-0.0867737160605927,0.3055917693431254,6.166087080382299,4.0,1.0,-0.09914758107985452,-0.05359073362597428,0.2683063252517081,4.862374127766391,4.0,1.0,-0.11182973371793718,-0.07328673951094034,0.27630517714591063,8.501793882136607,4.0,1.0,-0.12666867404188661,-0.07947859714279151,0.2885904004998773,6.990805807932411,4.0,1.0,-0.14452032348369576,-0.0827033256015269,0.3006082450156063,14.51920407177855,4.0,1.0,-0.07991940268058276,-0.05526659542313687,0.2779410708062534,3.3876442654630132,4.0,1.0,-0.07301323012285178,-0.08442160726139654,0.28255398162427536,6.824680860418877,4.0,1.0,-0.08520471917581483,-0.09126250789516889,0.2899831442993716,5.551409998542271,4.0,1.0,-0.1031014474138172,-0.08113845058593402,0.29513050010005093,11.052529643920767,4.0,1.0,-0.07151184717191339,-0.0461940107197677,0.2963591508634881,6.294933014264053,4.0,1.0,-0.06300714803634844,-0.07140908630022064,0.2962445258640169,7.124768388314935,4.0,1.0,-0.07373004931227364,-0.08371651692170606,0.3034530113537712,2.955273693409782,4.0,1.0,-0.09223781592448085,-0.07588593866170347,0.30585512656064595,9.433374738101405,4.0,1.0,-0.06909405099501421,-0.038830589965758396,0.31258492345103517,9.91743334796968,4.0,1.0,-0.06061326204050687,-0.055858277107068935,0.3150637231995152,10.524131384644202,4.0,1.0,-0.06485753002606569,-0.06659697837616468,0.31698377779339243,8.142047488343634,4.0,1.0,-0.07623393226921131,-0.06442822623593605,0.3143247543342992,15.213360713804244,4.0,1.0,1.0,0.0,0.0,0.0,1.0,0.0,0.0,0.0,1.0,0.0,0.0,0.0,118
-0.12014583607018721,0.012042195166409617,0.3008312028943159,5.603583100643697,4.0,1.0,-0.1331941187053638,-0.011642331272662156,0.28577382367573545,6.405908494445931,4.0,1.0,-0.13596763999092001,-0.035467715981213364,0.2880130268076352,6.384656248464128,4.0,1.0,-0.1385645759890471,-0.057181396639823925,0.2894468980171631,7.732955048096471,4.0,1.0,-0.15476892238971923,-0.07955031767874944,0.29836850071818893,9.21837691196041,4.0,1.0,-0.09978065770881499,-0.051924429145433854,0.2636909407171902,8.311656969754093,4.0,1.0,-0.11067558957986286,-0.07459061335903754,0.27043844954829727,7.976989610855195,4.0,1.0,-0.12511161395131037,-0.08058436458084874,0.28212840399964734,10.049224466927999,4.0,1.0,-0.1431518526265732,-0.0834028252705353,0.29316356978883423,13.26422680983309,4.0,1.0,-0.08207702327213093,-0.054184250988500805,0.27471576995358493,4.0510675368078335,4.0,1.0,-0.07458572753572439,-0.08180045514638606,0.27683287245505755,9.681342699863261,4.0,1.0,-0.08498041057042606,-0.09136061536916068,0.2839846361123661,4.5145558254994596,4.0,1.0,-0.10244007594209012,-0.08734972584130414,0.2897290748957517,5.4686784987250885,4.0,1.0,-0.07438036183323674,-0.04577775041020297,0.2943610611842661,4.970580942318255,4.0,1.0,-0.06515836029336898,-0.06876500703561629,0.29282683086473044,5.480460391501221,4.0,1.0,-0.0737763373257974,-0.08341177693769823,0.29946223681962764,2.596994190354523,4.0,1.0,-0.0910440586889138,-0.08185164885367012,0.3017726895261166,8.686580859339124,4.0,1.0,-0.07218599856991083,-0.03867858863045199,0.31136666992238954,9.655348954295416,4.0,1.0,-0.06321438022487792,-0.05432057154849939,0.31390524465659875,8.526168630845483,4.0,1.0,-0.0661506913386567,-0.06565825449991369,0.31577876690080536,10.279344079867142,4.0,1.0,-0.07636349187075776,-0.06691161551243231,0.31276937502024726,15.720974331404324,4.0,1.0,1.0,0.0,0.0,0.0,1.0,0.0,0.0,0.0,1.0,0.0,0.0,0.0,119
-0.12062285959248434,0.010952767031248738,0.30017146854006577,7.246171695267698,4.0,1.0,-0.13364169539919113,-0.012522013369616667,0.28517569494245515,6.927447293148081,4.0,1.0,-0.1359457698548546,-0.03629985879487808,0.287109782513972,7.031930856247909,4.0,1.0,-0.13826211073764502,-0.057740583980585236,0.28807938218829165,7.417331399974406,4.0,1.0,-0.15364377683695354,-0.08044458892616697,0.2967331681706794,6.933756480736278,4.0,1.0,-0.10029752462680351,-0.05187241490514311,0.2619962120968225,8.020580846311367,4.0,1.0,-0.11154759285046986,-0.07462970753625137,0.2694291616907075,6.953915709863818,4.0,1.0,-0.12571106247852165,-0.0807210809395482,0.281424700924108,8.61851210777475,4.0,1.0,-0.1434923242470513,-0.08352286556999317,0.29310199898253475,11.05505366771828,4.0,1.0,-0.08232373813781167,-0.05411493500026618,0.27260345941669556,3.6194763715022513,4.0,1.0,-0.07445467017172763,-0.08162800736391695,0.2739327354757112,10.88795266776032,4.0,1.0,-0.08385174843617554,-0.09158026230854718,0.28111854805047615,4.257689154478125,4.0,1.0,-0.10045717716917374,-0.0878596804499025,0.2870272453838589,4.952919122492717,4.0,1.0,-0.07422160044132212,-0.0461080293685004,0.292234041253335,4.8095903413462295,4.0,1.0,-0.06448988485766098,-0.06789989772237344,0.2892379611475956,4.4187278372955845,4.0,1.0,-0.0725803572069433,-0.08305059791506646,0.296352868624478,2.024746382995212,4.0,1.0,-0.08946154629705898,-0.08195299231345861,0.2995497146298031,6.668900658637297,4.0,1.0,-0.07158701043519182,-0.03946335929445751,0.309335271409295,9.023476060747383,4.0,1.0,-0.06278070582130034,-0.054840068850333,0.31141961484905856,7.629159914679581,4.0,1.0,-0.06664618410308037,-0.06588825079730341,0.31315394606336305,8.565962963503138,4.0,1.0,-0.07757045064105532,-0.06625154539661918,0.3107253226158005,12.436498998664538,4.0,1.0,1.0,0.0,0.0,0.0,1.0,0.0,0.0,0.0,1.0,0.0,0.0,0.0,120
-0.11913921550788628,0.011653173131418466,0.30508872398913045,8.126511878494288,4.0,1.0,-0.13218178227501862,-0.011665140383414081,0.29067348541916416,7.591052187601702,4.0,1.0,-0.13489411381486374,-0.036048264160864214,0.2931425594263239,7.846745586936615,4.0,1.0,-0.13684490261175267,-0.058349034410029976,0.2948089576322399,8.300663363461789,4.0,1.0,-0.15330646347742738,-0.07971810173311304,0.30424589083451403,10.364826285837616,4.0,1.0,-0.09818564323959675,-0.05123481289571059,0.2669765779379529,9.826634136657729,4.0,1.0,-0.10492628329958681,-0.07271840825920203,0.26951545349513767,13.450485916260547,4.0,1.0,-0.11836238907773569,-0.08007254161324823,0.28179294122166826,15.72348045260193,4.0,1.0,-0.13585346649529523,-0.08210684761742013,0.29301123867203094,18.74877972287159,4.0,1.0,-0.0800082431780114,-0.05361634126373323,0.2769803026808227,4.40875761499526,4.0,1.0,-0.07105549901014946,-0.08128132279011381,0.27783027750636935,8.688771115006247,4.0,1.0,-0.0811011170332029,-0.09066408252477999,0.28549083176036666,6.646308426078176,4.0,1.0,-0.09812073386343549,-0.08373634037195489,0.29060935091354867,9.441358813145275,4.0,1.0,-0.0719115264572397,-0.0456863668725505,0.2961781781719418,4.2563306882340735,4.0,1.0,-0.061330479756672496,-0.06867548263761933,0.29314970406832846,5.343727986668728,4.0,1.0,-0.0693143958441031,-0.08299892767446729,0.2995400928004561,4.981804788918631,4.0,1.0,-0.08704925677221531,-0.07978933364940177,0.3018531687104133,10.866800765941221,4.0,1.0,-0.06946259608663263,-0.039029517885007685,0.3129884689484789,9.365794184253975,4.0,1.0,-0.0597718889417953,-0.05393138769914229,0.31457913599884346,8.663748179369861,4.0,1.0,-0.06312636142949105,-0.06471539895146511,0.31723176871111597,9.736931287726112,4.0,1.0,-0.0734635792125065,-0.06439538225622796,0.3145768795428154,14.752006300767269,4.0,1.0,1.0,0.0,0.0,0.0,1.0,0.0,0.0,0.0,1.0,0.0,0.0,0.0,121
-0.11085008524299199,0.013394162281522798,0.324011309273652,7.73276212210496,4.0,1.0,-0.12188900364342498,-0.010213412976990702,0.3121522955716885,6.770450351714189,4.0,1.0,-0.12404475514162133,-0.03586327600335128,0.31676367043946635,6.126742084896495,4.0,1.0,-0.12545897838702477,-0.05906831418679012,0.3195536457564802,7.358924801558173,4.0,1.0,-0.1396927609849413,-0.08228275338171255,0.3305517449924425,10.016048068093117,4.0,1.0,-0.08492672050098408,-0.04969252081979202,0.2920035479783541,10.19698669575231,4.0,1.0,-0.09110903474430065,-0.07064440232699998,0.2931628307601584,14.734578538073574,4.0,1.0,-0.10464298611260993,-0.07873889412392107,0.30564744662148696,19.906658192508203,4.0,1.0,-0.12295429328557357,-0.0802256325298801,0.3175318531454196,24.72323830425038,4.0,1.0,-0.06704255974168104,-0.05151379185562504,0.30198762918511296,5.81127992379313,4.0,1.0,-0.05729358733675731,-0.0789507144628219,0.30580361293265357,3.1667794230633466,4.0,1.0,-0.06890421406667552,-0.08807012771647145,0.3150841259276569,5.2047193166223105,4.0,1.0,-0.08769779690596592,-0.0801416226400363,0.32071668101361867,11.158253177226046,4.0,1.0,-0.06050515365151697,-0.04299409066901145,0.32006618488252647,11.160377866042474,4.0,1.0,-0.04973350084206874,-0.06745035239097064,0.3213679838316498,8.831956070139928,4.0,1.0,-0.05809588961140342,-0.08099404188922356,0.32932063081657276,8.84188286432822,4.0,1.0,-0.07744658451607783,-0.07681466593208441,0.33143916779261595,12.681708636192887,4.0,1.0,-0.05962552081213048,-0.03594087812344526,0.3358208244749404,18.766092283717963,4.0,1.0,-0.0508860109607487,-0.0504731974708643,0.34216465139701535,17.9329122351242,4.0,1.0,-0.05231252789119038,-0.06126738577856867,0.34606598751636924,19.142715748291494,4.0,1.0,-0.06071419634898266,-0.06528316783565609,0.34448789628459825,23.57486519678713,4.0,1.0,1.0,0.0,0.0,0.0,1.0,0.0,0.0,0.0,1.0,0.0,0.0,0.0,122
-0.10901574502745365,0.01649610096220971,0.3319116903265407,8.286904251082216,3.0,1.0,-0.11738442213286027,-0.006973070285853226,0.3215208587004088,14.416056749639603,3.0,1.0,-0.11347795554360146,-0.032007807652378435,0.3213958917252635,16.411993106735526,3.0,1.0,-0.11030314012887314,-0.05476090938300658,0.3195565916465871,21.281752997469574,3.0,1.0,-0.12459264552414838,-0.07828448765350152,0.32086436757263964,33.447747898737845,3.0,1.0,-0.07958128262329286,-0.04879039123892212,0.3028224972558046,12.466269618649235,3.0,1.0,-0.08216145838144306,-0.06903824354598397,0.2953286411646224,12.498660934605835,3.0,1.0,-0.09612461186411464,-0.07722954953402895,0.3071983950353754,20.44646755607854,3.0,1.0,-0.11774608398120393,-0.07695687831365625,0.3221763817366536,28.25038613090918,3.0,1.0,-0.0630819424565328,-0.05084086705357495,0.31424948459374863,5.326080846472792,3.0,1.0,-0.05229771439069742,-0.07814454778665932,0.320402622546148,7.771185959238484,3.0,1.0,-0.06585495334907293,-0.08563139895396117,0.32821526706716175,2.9577841540053966,3.0,1.0,-0.08396755291269424,-0.07407995014247694,0.33157109946049707,4.136650265372627,3.0,1.0,-0.05829344218930928,-0.0415397043981009,0.33294028626761374,13.80628627385483,3.0,1.0,-0.0498592846103281,-0.06414987308033739,0.3412986640850709,16.892547207163897,3.0,1.0,-0.06030020277525337,-0.07610778055143279,0.3500741207152735,16.543024758238555,3.0,1.0,-0.08087964598261446,-0.07006388674369923,0.35061483213204,19.409595039601438,3.0,1.0,-0.058925926588837246,-0.03362439987215487,0.3485370600262838,22.562031102439814,3.0,1.0,-0.05283915719073956,-0.04678022551118368,0.3604810614900883,24.503626418293603,3.0,1.0,-0.05731583434157414,-0.05709995116639099,0.36396552879867866,27.433409952213793,3.0,1.0,-0.07149229125879387,-0.05959303088417688,0.3614712519970638,35.28883833030321,3.0,1.0,1.0,0.0,0.0,0.0,1.0,0.0,0.0,0.0,1.0,0.0,0.0,0.0,123
-0.10927448889807687,0.01867453156659116,0.33256347024078803,6.192055618976053,3.0,1.0,-0.1201316993384645,-0.009087304041875327,0.32514996169663235,3.7886100586470266,3.0,1.0,-0.11929944542255662,-0.03462827861459276,0.3308867390354931,3.80490634582506,3.0,1.0,-0.11855170163204636,-0.058496986644272136,0.3345571773114741,5.355038702784303,3.0,1.0,-0.1382626452511172,-0.08364659117370045,0.34439222769802047,6.1132312710603856,3.0,1.0,-0.08015645434431806,-0.05068893755563718,0.3037042730322375,7.590439040285868,3.0,1.0,-0.09336297345020102,-0.06855226044992664,0.31192262782512625,14.29424278053064,3.0,1.0,-0.10911107584550785,-0.0737458941020338,0.3261180180128997,11.895590781243818,3.0,1.0,-0.12956270330841851,-0.07708301888908016,0.341219180375056,12.855602343320683,3.0,1.0,-0.06138260004216664,-0.04959129791473461,0.31146105272106644,3.7551753430080255,3.0,1.0,-0.05149855112079496,-0.07708439846216374,0.3191747194654836,5.8897384881985495,3.0,1.0,-0.06532527288136623,-0.08490867945004552,0.3284353565382438,3.0517029665624027,3.0,1.0,-0.08402412767725145,-0.0736250924094132,0.3331685200842475,5.129763836688787,3.0,1.0,-0.05500007812294194,-0.03744560233935302,0.32749041275238705,7.971245011601461,3.0,1.0,-0.04247056967182426,-0.06020809059537163,0.32916144876404113,7.313799376842503,3.0,1.0,-0.05276732226718568,-0.07425174594512397,0.33897088489120886,5.78226611867148,3.0,1.0,-0.07388001745268255,-0.06747836611682174,0.341014623215715,8.278979051081366,3.0,1.0,-0.05467710810837406,-0.027787336951819692,0.34160269209554434,14.182951617824287,3.0,1.0,-0.042995991076451724,-0.04335475851641483,0.34551742451237366,15.722516707063875,3.0,1.0,-0.04743518511102613,-0.05539925427716575,0.3488511606217452,11.171676690986404,3.0,1.0,-0.06221298223896955,-0.05453240337492832,0.34523137861817155,10.452794681417949,3.0,1.0,1.0,0.0,0.0,0.0,1.0,0.0,0.0,0.0,1.0,0.0,0.0,0.0,124
-0.1084321053096235,0.018776643414432165,0.33309548990442706,6.076917021862529,3.0,1.0,-0.1199022276801227,-0.008882933120225528,0.32613978103764074,2.8723855813299597,3.0,1.0,-0.11891905758341043,-0.03480016661883972,0.33139714896496236,1.6741695332594135,3.0,1.0,-0.11863624718427643,-0.058638297780659744,0.3347978074515258,2.808503426929976,3.0,1.0,-0.1381229760427757,-0.08248780626331283,0.3460467225126443,6.800783280340714,3.0,1.0,-0.08050324377308059,-0.05063931809141826,0.3048878695127042,4.895179676295505,3.0,1.0,-0.09351653531749975,-0.06716086230540917,0.31323031432464954,13.645519156635062,3.0,1.0,-0.10836740221465463,-0.0722661074661969,0.32738386534857583,12.167233447632677,3.0,1.0,-0.1262250616825327,-0.07865642589470327,0.34219906504298553,14.351302704629362,3.0,1.0,-0.06121505071461024,-0.04951117951646431,0.31228902497177546,1.6144836765293575,3.0,1.0,-0.05221878819715915,-0.07650550545843753,0.32021707680787553,4.918217012354604,3.0,1.0,-0.0669807947212277,-0.08233349472435564,0.32998881478825265,5.150937826160677,3.0,1.0,-0.08432546789249892,-0.06933703559431074,0.3332891122643353,5.378280979100711,3.0,1.0,-0.053949447585209774,-0.03735326132987252,0.3280562664523238,7.6013967527211035,3.0,1.0,-0.042091053464316665,-0.06003927517435745,0.3296800038516709,6.571682881027837,3.0,1.0,-0.052752936844762385,-0.0730618362702464,0.34054663124411316,5.404024522857518,3.0,1.0,-0.07330523140803978,-0.06494003880431651,0.34151404427739845,7.824772175640029,3.0,1.0,-0.05283581552528899,-0.027693217360967207,0.342071505805682,13.45206169567483,3.0,1.0,-0.042106377458380875,-0.04297081108782495,0.34589245227647486,14.299082762830926,3.0,1.0,-0.04752574959406353,-0.05446503513306209,0.3500650548992267,9.686330550093267,3.0,1.0,-0.06209679198708831,-0.05286772835126339,0.3461243521653378,10.863069240719645,3.0,1.0,1.0,0.0,0.0,0.0,1.0,0.0,0.0,0.0,1.0,0.0,0.0,0.0,125
-0.10808803545792237,0.02047433098639919,0.3342511681714582,6.28968610507432,3.0,1.0,-0.11957673024292613,-0.007250014711988873,0.32716716080135844,4.739209718305705,3.0,1.0,-0.1193750540767043,-0.03295450125926301,0.3329410941065096,1.651987270275809,3.0,1.0,-0.1194053784340627,-0.05683392436306665,0.33668427284057967,2.428274545210362,3.0,1.0,-0.13794392129963823,-0.080743505838162,0.34862849090001197,6.168417044394427,3.0,1.0,-0.08046967160954636,-0.04940110722127085,0.30647506510329775,4.447504684916089,3.0,1.0,-0.09274170170063109,-0.0660665877200655,0.31532495352725615,14.18565603311969,3.0,1.0,-0.10690818597198543,-0.07166328548890451,0.3300492190606217,12.98925448666292,3.0,1.0,-0.12320406111904858,-0.07944668675065879,0.34480948452320986,15.287036530896772,3.0,1.0,-0.06141271918265957,-0.048296811416724615,0.3144381914579233,1.7074079484376306,3.0,1.0,-0.0516983310234827,-0.07521049909852227,0.3230529166982836,4.166133053659372,3.0,1.0,-0.06676640950527683,-0.08035194686782007,0.333069951415896,3.2169760361503017,3.0,1.0,-0.08345821657820938,-0.06659323704203629,0.33433901128629173,4.070048649073509,3.0,1.0,-0.054279713605579365,-0.036010250803482476,0.3305264767109897,7.321120303328669,3.0,1.0,-0.04215041081881487,-0.0589159598510033,0.3329614015835506,6.596641438034383,3.0,1.0,-0.05314786809815415,-0.07119169304945565,0.34387417764260486,3.865568493455235,3.0,1.0,-0.07318053110471834,-0.06212226577985078,0.3431399442116237,8.206556514496768,3.0,1.0,-0.053216425810483914,-0.026232016238844257,0.34471332743351707,12.377869845868702,3.0,1.0,-0.043059912083862006,-0.04211538143968191,0.348678808652649,13.15992203618787,3.0,1.0,-0.0491138005420536,-0.0533723276621999,0.3523329203497314,9.286729171460715,3.0,1.0,-0.06373511278597624,-0.05024746497582399,0.3474518355566669,11.454595109210457,3.0,1.0,1.0,0.0,0.0,0.0,1.0,0.0,0.0,0.0,1.0,0.0,0.0,0.0,126
-0.10812355671846202,0.02082517016936897,0.3361144375548476,6.476773003832754,3.0,1.0,-0.11912727775249847,-0.007124155900470467,0.32952104038999863,3.0417736311488883,3.0,1.0,-0.11874581972937216,-0.033036127031772895,0.33463575336305407,1.6124528027431058,3.0,1.0,-0.11877525162677618,-0.05692382091748869,0.3379007146768748,2.8422223195766354,3.0,1.0,-0.13757297458272003,-0.08037407813894576,0.35005108098024185,7.670452763368881,3.0,1.0,-0.07939843609549142,-0.04920435591139096,0.30901426333141724,5.387045202011431,3.0,1.0,-0.09173178703145074,-0.06491933369890913,0.31763630176803015,15.49028366810366,3.0,1.0,-0.10629157759690254,-0.06999269428592793,0.33109190288208046,15.096686665409711,3.0,1.0,-0.12319620101999848,-0.07809790283361275,0.34548785732759435,16.5099741432384,3.0,1.0,-0.060471276916509324,-0.047795599965562555,0.3165172649437389,2.9423190236551484,3.0,1.0,-0.050627594983716884,-0.07354891884213445,0.3237842845042326,3.630979997030187,3.0,1.0,-0.06513880816419139,-0.07965057722981209,0.33486212028842494,2.37234516528467,3.0,1.0,-0.0829215685544475,-0.06732677338906762,0.3359077935277323,5.733418736170417,3.0,1.0,-0.05381556313242553,-0.035261342159187754,0.33211902151449857,8.621269082668986,3.0,1.0,-0.041667062489621785,-0.05702585855985389,0.3332233488888653,8.68091713930361,3.0,1.0,-0.052370623050443287,-0.06950647823063827,0.3461568246439581,4.064116664954983,3.0,1.0,-0.07214746602123409,-0.062701675572692,0.3456657237089364,11.273779879771922,3.0,1.0,-0.05325626845662049,-0.02523164974545,0.34592871337455533,14.663587011931781,3.0,1.0,-0.04295793940359328,-0.03987426405208558,0.3487519911085344,15.750040564465413,3.0,1.0,-0.048190820362691955,-0.051694105852396754,0.3554566034188125,10.170958072785202,3.0,1.0,-0.061076657006675895,-0.05072307614196975,0.35162944163080595,9.571714970221633,3.0,1.0,1.0,0.0,0.0,0.0,1.0,0.0,0.0,0.0,1.0,0.0,0.0,0.0,127
-0.10798054630507879,0.020993565567408657,0.33594639913903723,6.639847947748429,3.0,1.0,-0.11922119045120706,-0.00678398095610248,0.3289997309532075,3.1854105985789674,3.0,1.0,-0.11872613833651317,-0.03287657247956638,0.33417664818488535,1.740139950507418,3.0,1.0,-0.11879710442350884,-0.05687917264757358,0.3373840105223957,2.641569238812039,3.0,1.0,-0.13759334066283443,-0.0803222942016638,0.34943093064468006,7.06193820093192,3.0,1.0,-0.07979992738935443,-0.04894504283649936,0.3081612597411972,4.151940040815038,3.0,1.0,-0.0917917481409405,-0.065068424319853,0.3164188094339439,13.798382941035456,3.0,1.0,-0.1060817440671998,-0.07031171034592086,0.3305154823821151,13.095390103464487,3.0,1.0,-0.1227154462648204,-0.07809691723364001,0.34529729529251985,14.527913538015058,3.0,1.0,-0.060684496887178155,-0.04784047456834442,0.31581829946831513,2.028346880192426,3.0,1.0,-0.05127686283246717,-0.07392439555124945,0.32391342672910456,4.236718375039798,3.0,1.0,-0.06600531734525143,-0.07910421579288583,0.33476189426162545,3.0862668318974893,3.0,1.0,-0.08317487098661164,-0.06594721535430516,0.3357578047287614,5.9644893302678055,3.0,1.0,-0.05356347133655317,-0.03557958511852566,0.3316757520065702,7.931096172190462,3.0,1.0,-0.041479658784022023,-0.057547640146114416,0.3331156766625096,7.858778562893021,3.0,1.0,-0.052487782956429335,-0.0694828023073247,0.34577631219696797,4.01126448476422,3.0,1.0,-0.07213614692538527,-0.06124105933695315,0.3451346005370948,10.107288534594046,3.0,1.0,-0.05250878995770432,-0.02582792804697331,0.3457202414241662,13.503977262867428,3.0,1.0,-0.04164492152650785,-0.0406503311702901,0.3487785141582647,14.488783604735616,3.0,1.0,-0.04728199621179237,-0.05233226176793863,0.35496216572632566,9.547212721574944,3.0,1.0,-0.06119199485991145,-0.0501105524993382,0.35072255939523594,8.561441629507799,3.0,1.0,1.0,0.0,0.0,0.0,1.0,0.0,0.0,0.0,1.0,0.0,0.0,0.0,128
-0.10822389024846654,0.02070269170466534,0.3364082223314541,7.066439401339269,3.0,1.0,-0.11955291920848723,-0.007000072569559845,0.32922866820060864,3.9609312804037056,3.0,1.0,-0.11928582975119688,-0.03278629930349149,0.3347100293826823,1.4229644634221452,3.0,1.0,-0.11937921812185515,-0.05653511125302476,0.3381172291445701,2.6610336534436594,3.0,1.0,-0.13831097224612762,-0.07969662472348077,0.35059227969393647,6.988815757951682,3.0,1.0,-0.08013449394427234,-0.04918646980280622,0.3085576292005047,4.024172236311256,3.0,1.0,-0.09236514631295187,-0.06542563265550373,0.3182703122173251,14.025690484799995,3.0,1.0,-0.10675351817172404,-0.07083408538971754,0.3330125487703476,13.00378688329055,3.0,1.0,-0.12307708856091673,-0.0783642201371534,0.3468176746234433,16.36195877380924,3.0,1.0,-0.06112849922259903,-0.048059631339748984,0.31651607375472995,2.1463616130697223,3.0,1.0,-0.05157036114823935,-0.07419783817260076,0.32486800231732504,3.2659264844067217,3.0,1.0,-0.06625619642510522,-0.07939810856477003,0.33541725547214524,2.428131254541869,3.0,1.0,-0.0834922540103482,-0.06614211621210234,0.3358210754260043,4.980360836067969,3.0,1.0,-0.05421961340696497,-0.03576572330957561,0.3325323077404904,7.567546196808956,3.0,1.0,-0.04219339157985857,-0.05777773829499634,0.3337906110851969,7.736019933803633,3.0,1.0,-0.05298223024294405,-0.06982399111466547,0.34594216490081664,4.258785850047111,3.0,1.0,-0.07242987202319162,-0.06109671015771082,0.34475506101798403,10.180508466455665,3.0,1.0,-0.0532398071185578,-0.025956824201781168,0.34659678059459575,12.67424839699794,3.0,1.0,-0.04252151404389747,-0.04038870048775622,0.3487455276979714,13.954526554997578,3.0,1.0,-0.04816919252432649,-0.05253744613123376,0.3554157196742808,9.399936440977857,3.0,1.0,-0.062232158597525046,-0.05072088783206868,0.3521179093005273,6.778381291195228,3.0,1.0,1.0,0.0,0.0,0.0,1.0,0.0,0.0,0.0,1.0,0.0,0.0,0.0,129
-0.10843487014816139,0.02001831206742801,0.3359292980322315,6.622570749757682,3.0,1.0,-0.12003500259767828,-0.007613775642547744,0.3288728293369372,2.761664272488428,3.0,1.0,-0.11933303199805105,-0.03304752594796901,0.3344800700931101,2.8265766639151937,3.0,1.0,-0.11940387534344431,-0.05656146683054495,0.33797237239343525,4.531504813163628,3.0,1.0,-0.13811397910598924,-0.0793240387085432,0.3509919062202077,4.925710779430175,3.0,1.0,-0.0810535127462362,-0.04999885806119246,0.30843718842932866,2.708595091777326,3.0,1.0,-0.09272535406907252,-0.06581079527020979,0.3174319643731436,14.549221549316874,3.0,1.0,-0.10679500508143393,-0.07115257023624955,0.3317806569410464,14.004746347172857,3.0,1.0,-0.12269934175493259,-0.07983104389094121,0.34600582704600596,16.355159658126304,3.0,1.0,-0.06183466320482657,-0.048947316513174965,0.31633653809725215,2.5871178592737887,3.0,1.0,-0.05215111267683921,-0.07453433649639826,0.3246698439013993,3.225547396513649,3.0,1.0,-0.06707687349693925,-0.07943247614942546,0.33591578822521195,2.9540477450996185,3.0,1.0,-0.08435882693860983,-0.06643764200401397,0.3366304776884743,6.416738299386572,3.0,1.0,-0.05449074807474385,-0.03667764593313466,0.3322872297657349,8.227128376844313,3.0,1.0,-0.0426691124731955,-0.058597397056750954,0.33396088588622347,8.070676386327365,3.0,1.0,-0.05393075487864415,-0.0697304942197145,0.3464727696482577,3.530273267788384,3.0,1.0,-0.07322825747960332,-0.060951080097658566,0.34462692618904767,10.530205226380046,3.0,1.0,-0.05310413095420728,-0.02692553856382411,0.3463197673709563,13.284802669492947,3.0,1.0,-0.04360914053304149,-0.04153271551558296,0.34790646358922994,14.337967061863717,3.0,1.0,-0.05044441558276799,-0.05320386855991042,0.3551841695298611,8.79059182555247,3.0,1.0,-0.06487167161664271,-0.05111390668916981,0.3520918278281832,6.5956791957317416,3.0,1.0,1.0,0.0,0.0,0.0,1.0,0.0,0.0,0.0,1.0,0.0,0.0,0.0,130
-0.10843245098835301,0.019899912042927192,0.3355349135371407,5.421460458889155,3.0,1.0,-0.12008947151156243,-0.00807235709234564,0.3286837044532387,2.35851454202256,3.0,1.0,-0.11960878395472642,-0.03370908887374174,0.3342849677534198,2.371580826663498,3.0,1.0,-0.1198702689711498,-0.05741674080802811,0.33778602026137267,4.0856120666555205,3.0,1.0,-0.13854918762772822,-0.08051584083857095,0.3505549897250378,5.313160237270076,3.0,1.0,-0.08112727191633991,-0.05080236872204528,0.30853033477318675,3.2982336421642326,3.0,1.0,-0.09266634927861346,-0.06667810778891221,0.3175937674347107,12.998651577639924,3.0,1.0,-0.10674985336623823,-0.07171892123872473,0.3317024527791837,12.398427781095615,3.0,1.0,-0.12260478775065696,-0.08016623591720716,0.3465265605026875,14.032799065349822,3.0,1.0,-0.06173530602691841,-0.0496792983034265,0.3164552504705951,2.3938011471724923,3.0,1.0,-0.052545937226032596,-0.07589532752819038,0.3262669729438363,4.577049247009222,3.0,1.0,-0.067584014796435,-0.07970361121546315,0.3368094403938254,2.8832783671793023,3.0,1.0,-0.08411186115879042,-0.0655050816965915,0.336331490738819,5.325267763844487,3.0,1.0,-0.054255838557424343,-0.037126103043489525,0.3323332626463218,8.05445945213323,3.0,1.0,-0.042736143922328454,-0.05892634533314245,0.33363797687847896,8.179786533709395,3.0,1.0,-0.05428485718608265,-0.06992879351926415,0.3468582952011537,3.645556904064859,3.0,1.0,-0.07345767363760772,-0.060751242041712714,0.34562207974566,10.76915041507611,3.0,1.0,-0.052818558534121283,-0.027146513162226535,0.3463215885614162,13.400567360273216,3.0,1.0,-0.04258897442069416,-0.04135545565915684,0.348224069091838,14.770700774775092,3.0,1.0,-0.048890958083734684,-0.053093397437704505,0.356369487467357,8.699084407114404,3.0,1.0,-0.0630562252051639,-0.05094816108110403,0.3529447224757021,6.523561719940584,3.0,1.0,1.0,0.0,0.0,0.0,1.0,0.0,0.0,0.0,1.0,0.0,0.0,0.0,131
-0.10881953334367202,0.018915335841693377,0.3368932921558923,8.09189745457165,3.0,1.0,-0.11980107202996924,-0.008525752406563402,0.3294064029209152,2.4421677104068387,3.0,1.0,-0.11958596961997336,-0.033903647839179527,0.3347862801030102,2.156679830191943,3.0,1.0,-0.11959206787938703,-0.057360529721989094,0.33844471115846436,3.5939345346756313,3.0,1.0,-0.13805187923517703,-0.08025860549451934,0.3506572311022767,7.554208575990171,3.0,1.0,-0.08027893067951371,-0.04951547459767166,0.3089293598724766,3.4774770178920487,3.0,1.0,-0.09145486159849185,-0.0654960594103808,0.3165919999255264,16.107030386331488,3.0,1.0,-0.10570715585510478,-0.06961041230436935,0.3292820297572715,17.085145904144245,3.0,1.0,-0.12277826370764634,-0.07544368727614711,0.3436039298162087,18.300435698764513,3.0,1.0,-0.0617197655203341,-0.04801574791619705,0.3168407876407976,3.483978793241006,3.0,1.0,-0.0516564287939954,-0.07005040253942335,0.319875091892358,8.65932626751232,3.0,1.0,-0.06542980515081687,-0.07787210960307571,0.3340518693347454,6.338050625018954,3.0,1.0,-0.0843713124717382,-0.07032843559142404,0.33913381402747633,10.413812054624529,3.0,1.0,-0.05536475817361364,-0.03576176487095298,0.3326341719263552,8.721194951159623,3.0,1.0,-0.043858198556116196,-0.05522718867101779,0.33215687013627987,11.58326754121422,3.0,1.0,-0.050705955193442634,-0.06834897777595414,0.34699430612841675,8.29739914325558,3.0,1.0,-0.06467725489200342,-0.06857804156581533,0.34600465072226744,20.092837077020523,3.0,1.0,-0.0549142535095645,-0.025999034547544233,0.3463712784013619,13.833244718174285,3.0,1.0,-0.04455789527841822,-0.03955212145483003,0.3482527923546186,14.959751459524549,3.0,1.0,-0.04796279647302929,-0.051676552793120646,0.35716461121770327,9.521570900612545,3.0,1.0,-0.058764079004805646,-0.05444170497662403,0.35626597328587095,8.57390992996559,3.0,1.0,1.0,0.0,0.0,0.0,1.0,0.0,0.0,0.0,1.0,0.0,0.0,0.0,132
-0.10889407024651498,0.019608955902324032,0.3367211040704742,8.669873701623859,3.0,1.0,-0.11991000477415745,-0.008058172811444391,0.32913408924396603,2.6718082337296956,3.0,1.0,-0.11967428670669154,-0.03326508930108053,0.33549425913355757,2.7243859186660466,3.0,1.0,-0.11978521396465638,-0.056696043901499855,0.3396311956181457,4.138829534714248,3.0,1.0,-0.13768754531666955,-0.08042420117783264,0.35169509554436,6.500214226621364,3.0,1.0,-0.08022968608333783,-0.04975401027720088,0.3087699791915414,2.2730832434504737,3.0,1.0,-0.09156005197329248,-0.06586624724848636,0.31684647291189544,15.957110762990714,3.0,1.0,-0.10588010864657689,-0.07012149071550679,0.3297584499872188,17.41719296307086,3.0,1.0,-0.12239731809412947,-0.07731882753836328,0.34374429592745426,19.74369209384219,3.0,1.0,-0.06158588741618652,-0.04842578401949381,0.3169761106077428,3.724480618554755,3.0,1.0,-0.051740015995641965,-0.07106006033971872,0.32138415900507955,8.297525110490517,3.0,1.0,-0.0664490816211296,-0.07783191453558794,0.33547852520949084,5.72265822581313,3.0,1.0,-0.08525096274827962,-0.06874819043729241,0.33983349186059314,10.202232696774354,3.0,1.0,-0.05517144099215521,-0.036075278578378285,0.3330065561191958,8.687201138015771,3.0,1.0,-0.04372797242070654,-0.05628009030901026,0.3333726609931501,11.263131693234286,3.0,1.0,-0.054267293994927655,-0.0679977115981618,0.3475990676023834,6.792901186390627,3.0,1.0,-0.07296314370078634,-0.06332088045388352,0.34648316849970184,14.830458831212889,3.0,1.0,-0.05462381121862228,-0.026230286834636733,0.3469884981991041,13.411412672442948,3.0,1.0,-0.044332938822472336,-0.040072571342794405,0.349152775769998,15.08952566068709,3.0,1.0,-0.049630674843871146,-0.05144440547441919,0.35844013092144034,9.335351414789129,3.0,1.0,-0.06424027683816727,-0.052724038269113635,0.35790464305408,6.8583022918606105,3.0,1.0,1.0,0.0,0.0,0.0,1.0,0.0,0.0,0.0,1.0,0.0,0.0,0.0,133
-0.10889075623227032,0.019783016089015053,0.3371967049770213,7.088835883661459,3.0,1.0,-0.11991729102298851,-0.008301329965715466,0.33004273101627996,3.323353832138292,3.0,1.0,-0.12030159631336852,-0.03358396960579091,0.33579337374851337,2.5620782489183243,3.0,1.0,-0.12082764976362902,-0.05703879363522461,0.3395995776014571,4.349962919783096,3.0,1.0,-0.13880162296104182,-0.08090568093948787,0.35153371453380694,4.822813181040575,3.0,1.0,-0.08073823037980607,-0.05054454358389102,0.30939713088572823,3.1944340823922954,3.0,1.0,-0.09334331482928881,-0.06701582062021197,0.3177559408365545,12.283519605165758,3.0,1.0,-0.10781923430289733,-0.0720530715232995,0.332331683915083,11.245204425048156,3.0,1.0,-0.12413164367939125,-0.0795507450878456,0.3471863729301653,13.857157850453682,3.0,1.0,-0.06211626831173786,-0.0489695486747091,0.31729127564723014,2.63408366399154,3.0,1.0,-0.05383273239015629,-0.07488244438520733,0.32672901703189805,4.5010143580381925,3.0,1.0,-0.06849138517795751,-0.07935136076069732,0.3377293308714461,1.0262828573449536,3.0,1.0,-0.08601560226776743,-0.0669616511415169,0.3378918986545384,6.5341250511150895,3.0,1.0,-0.05546379719756418,-0.03616216980882778,0.33321753022204215,8.002139318579806,3.0,1.0,-0.04524226417764968,-0.058725098687218334,0.3363631202513488,7.977106375014508,3.0,1.0,-0.05525252276223893,-0.06965278155098902,0.3490207565445678,3.2126892634301476,3.0,1.0,-0.07259999572556768,-0.06397580072751044,0.34645219217802065,16.34571156762158,3.0,1.0,-0.05477646863020486,-0.025914726371045894,0.347282183531777,13.165888675601153,3.0,1.0,-0.04521662621659602,-0.04132697607763901,0.3519077616141341,15.123159566461778,3.0,1.0,-0.05042949170024605,-0.05166104146330703,0.35763575404941966,8.83167283996692,3.0,1.0,-0.06202217017221766,-0.04987987616482113,0.35267798966331304,10.543303951796732,3.0,1.0,1.0,0.0,0.0,0.0,1.0,0.0,0.0,0.0,1.0,0.0,0.0,0.0,134
-0.10898462094613781,0.01971588218357763,0.336681182160053,6.855384004478125,3.0,1.0,-0.1197564311374432,-0.008680149956440092,0.32936232010657995,2.0648274237882247,3.0,1.0,-0.12034495328502712,-0.03353668476465394,0.3355810998809413,3.899576060970445,3.0,1.0,-0.12087491581489504,-0.056762101084348336,0.3398065875845124,6.017601038452862,3.0,1.0,-0.13854812542663933,-0.08066159234589823,0.35204349823095504,4.101290929303995,3.0,1.0,-0.08102749662018725,-0.050561574562470124,0.30902153095938345,3.0508132268731427,3.0,1.0,-0.09067928657868425,-0.06921016719208073,0.3153104200451068,8.677776182464184,3.0,1.0,-0.10525636007868386,-0.07369581403500887,0.3303783835169896,7.808346093148806,3.0,1.0,-0.12230210023848832,-0.0771149517137776,0.3450346061077349,11.800373655127318,3.0,1.0,-0.06276805999100357,-0.048466021900924375,0.3170057227696303,3.4379649653604436,3.0,1.0,-0.054444526396835585,-0.07429815425766188,0.3271891225242617,6.041813602948731,3.0,1.0,-0.06857535423393422,-0.07879259126256836,0.33773255403164665,1.4901294558264198,3.0,1.0,-0.08592549991085394,-0.06693580421101943,0.3372395907775993,6.982377313784934,3.0,1.0,-0.05647298954604844,-0.03518718324780902,0.3329552139137999,8.036501572446243,3.0,1.0,-0.04695255260769442,-0.05780071734847448,0.3367624944914434,7.926595863131465,3.0,1.0,-0.055849628069177,-0.06888324720210198,0.3493870936375467,4.305607571285407,3.0,1.0,-0.07058802574889128,-0.0655695059599917,0.3461698855390394,20.299082086248152,3.0,1.0,-0.056053586241402616,-0.02460887596740485,0.34701278535457325,12.93201395779335,3.0,1.0,-0.04780223393245917,-0.03971091681198117,0.3510978005063543,15.83133663111245,3.0,1.0,-0.05105781415661605,-0.049842640573031095,0.3576178591011415,7.97437321646198,3.0,1.0,-0.056000793899847454,-0.05094691638045572,0.3535849203000706,15.856094358732221,3.0,1.0,1.0,0.0,0.0,0.0,1.0,0.0,0.0,0.0,1.0,0.0,0.0,0.0,135
-0.11250368255054713,0.02049003110920758,0.3408293583227273,6.833748204826442,2.0,1.0,-0.12111120891772108,-0.0086085541452558,0.32996358122692004,0.8000743465536762,2.0,1.0,-0.12178784971955788,-0.031890147053602456,0.336450128421138,0.8622337929830478,2.0,1.0,-0.12193316001395056,-0.05467606372496598,0.34011649775760194,2.6105152810900396,2.0,1.0,-0.13598863362123179,-0.08027652165866885,0.349274633704153,4.565476303509794,2.0,1.0,-0.08020201867865819,-0.05030813700872237,0.30742029041488983,1.2183960655739732,2.0,1.0,-0.08731432256507674,-0.06384178713507668,0.309632226335607,12.436281553117702,2.0,1.0,-0.10307582138665643,-0.06870891443321961,0.32546603251992046,14.745599022085177,2.0,1.0,-0.12058892415420727,-0.07616763683775887,0.3409515420508655,18.04246900207217,2.0,1.0,-0.06354971194713309,-0.047110073481043784,0.31802463087148614,1.201086510512238,2.0,1.0,-0.052151570128013774,-0.06931451919416078,0.32013129185113975,3.8955948398511566,2.0,1.0,-0.06789346588958399,-0.07701805574955038,0.3351214256865321,5.3562417442408865,2.0,1.0,-0.08971701241134787,-0.06783301006199034,0.34502746025810316,1.2192777874882035,2.0,1.0,-0.05950854384500829,-0.032133838887057,0.3370764892146457,2.0646275516370594,2.0,1.0,-0.04647255376317504,-0.05139881394172103,0.3325131319155834,6.171833627054829,2.0,1.0,-0.057959380355136834,-0.06588796452873562,0.34652456650719293,8.429094941738324,2.0,1.0,-0.08128852051403937,-0.062277352370177834,0.3530959850866057,8.298082673015701,2.0,1.0,-0.061195172430072886,-0.01965763494997603,0.3538658493935936,0.4242740487330182,2.0,1.0,-0.05219961899260886,-0.033323629015391036,0.3552187695638282,1.2550073210535886,2.0,1.0,-0.055715134539948856,-0.04741605667361149,0.3601830300554569,4.199177619490461,2.0,1.0,-0.06781014841390808,-0.053304478903960485,0.3570901500922973,2.3328736791736526,2.0,1.0,1.0,0.0,0.0,0.0,1.0,0.0,0.0,0.0,1.0,0.0,0.0,0.0,136
-0.10952333725478895,0.02069586555522693,0.3365211418770548,5.977505324335142,3.0,1.0,-0.12000631644882051,-0.007329397775050193,0.3280279671894537,3.017589798563229,3.0,1.0,-0.12124342819300181,-0.032208705729100305,0.33447607805809776,2.1253090207678755,3.0,1.0,-0.1218455319152577,-0.05554825050355887,0.33877630865513714,4.748502435815733,3.0,1.0,-0.1369106311263258,-0.08021270369997333,0.3513103719951018,3.287433078269771,3.0,1.0,-0.08184320764277696,-0.049412378796083525,0.3085476427648887,2.707977748163918,3.0,1.0,-0.0924318419668773,-0.0672496446374724,0.31688618852318207,12.922346227798903,3.0,1.0,-0.10647823714970947,-0.07338224838570438,0.3317939596578575,11.987037885292837,3.0,1.0,-0.12287151113385941,-0.07913607543917,0.34539795221937053,16.715896320340093,3.0,1.0,-0.06416611979058835,-0.04781235830643619,0.3179378815433046,3.39479422504569,3.0,1.0,-0.05603232690215957,-0.07407452957630492,0.32898222283021517,6.700351048089341,3.0,1.0,-0.07056387189236585,-0.07776539084616256,0.33886338419591183,1.0100197594405322,3.0,1.0,-0.08765041312693975,-0.06476382561484503,0.3374371947220081,4.920008370881654,3.0,1.0,-0.0583745572648956,-0.03490165151848861,0.33488107271768197,8.175102590544403,3.0,1.0,-0.04992737969434926,-0.058535897621269435,0.3397470513186619,9.275520763405494,3.0,1.0,-0.05881014121206365,-0.06852058595709053,0.3506015701040495,7.527373890692822,3.0,1.0,-0.07302864078822527,-0.06340697493967128,0.34536186057084717,19.902585052697344,3.0,1.0,-0.05833532085958136,-0.024565256982454417,0.3494782984529827,12.771830948530303,3.0,1.0,-0.052444136821016174,-0.04021442363208684,0.3556333827387946,15.049515654957704,3.0,1.0,-0.055422708832274646,-0.04865740955436565,0.3624066138028557,13.137775930849797,3.0,1.0,-0.057606725571930945,-0.04926597156213239,0.3578034029017451,19.761993464030258,3.0,1.0,1.0,0.0,0.0,0.0,1.0,0.0,0.0,0.0,1.0,0.0,0.0,0.0,137
-0.11102211290658114,0.022580294346164653,0.333200213935926,9.008471488778072,3.0,1.0,-0.12147550368311426,-0.006777640228590467,0.3233378498869886,4.653608721775659,3.0,1.0,-0.12483076310387171,-0.03303556666161908,0.3295586328229768,3.2621708865202685,3.0,1.0,-0.1264115500913006,-0.057221306882933774,0.3337085250549126,3.3177111615356627,3.0,1.0,-0.1314436316619855,-0.08158199419810049,0.3482319079249824,5.623751131051006,3.0,1.0,-0.08358590533064361,-0.04952601612659576,0.3062657613905739,2.635996009767281,3.0,1.0,-0.08723846622540184,-0.07110571580590505,0.3052730166128785,14.080023292149262,3.0,1.0,-0.1018486743836915,-0.07749269058109938,0.32037437950683767,14.107682728131538,3.0,1.0,-0.12068836262684383,-0.07783799571979401,0.33558078256896007,13.078642357059003,3.0,1.0,-0.06640204445431888,-0.04753768673565961,0.3175824816356188,3.025471137077167,3.0,1.0,-0.060971734530150694,-0.07355732362435437,0.3294062501678351,3.3661573371807414,3.0,1.0,-0.07689973707958578,-0.07755604200640732,0.34041940295569056,6.535349749382671,3.0,1.0,-0.09477116527516108,-0.06563433779571143,0.3413420776218849,6.660219650570242,3.0,1.0,-0.06090488928161417,-0.03419098372667741,0.335746017219292,3.439986368748848,3.0,1.0,-0.054661406052308084,-0.059040796942788014,0.343179731802749,1.8858055197662484,3.0,1.0,-0.06955497463230902,-0.06735463122823689,0.3523710473219205,8.110608830900889,3.0,1.0,-0.08853790850397306,-0.05700881265012582,0.34812636267274033,13.139243766834229,3.0,1.0,-0.06088704141458393,-0.023635044400803926,0.3511311020182419,3.884300588497379,3.0,1.0,-0.05569704913002864,-0.04130080523423718,0.35814534234912176,4.8332930567578485,3.0,1.0,-0.06328324242183575,-0.051409870398657395,0.36257075592954463,6.295303707742875,3.0,1.0,-0.07714010925966884,-0.04942396591344159,0.3569428977087167,15.859118879288568,3.0,1.0,1.0,0.0,0.0,0.0,1.0,0.0,0.0,0.0,1.0,0.0,0.0,0.0,138
-0.1118350463117839,0.02270881976753089,0.32855217252410635,6.999435863628416,3.0,1.0,-0.12252386527087614,-0.006278337496836154,0.3177445830103328,2.9159544198722656,3.0,1.0,-0.12867630952339373,-0.03212359475741479,0.32246423165799215,1.4987423360061,3.0,1.0,-0.13168358620497697,-0.05593480296767674,0.32593622077135986,3.9095461496657182,3.0,1.0,-0.1332052470512969,-0.0792113813949636,0.33792613686469836,3.332509414853085,3.0,1.0,-0.08633945290829335,-0.0498643743728277,0.30232837219769854,3.8219012478223546,3.0,1.0,-0.08829738793699982,-0.07692426824910399,0.30830937515839274,5.492831310208312,3.0,1.0,-0.10125996821046786,-0.08285611924752746,0.3219149304725281,7.047977635860248,3.0,1.0,-0.11956825784505308,-0.0811491102143254,0.3344909086865006,8.809938990382575,3.0,1.0,-0.06963912253242407,-0.04856544521870363,0.3149035760768264,2.5904352287368932,3.0,1.0,-0.06738850305401617,-0.07471810849477614,0.3296936222018565,2.7114293405620287,3.0,1.0,-0.0828756173483397,-0.07838699454116042,0.3387809253081357,6.759185791589986,3.0,1.0,-0.10213855706599025,-0.06991487216661241,0.3395353238349524,13.46575131292731,3.0,1.0,-0.06419677476259816,-0.03553551562170069,0.33349333613548887,1.805086595721951,3.0,1.0,-0.06144526361999328,-0.06083409132595146,0.34156152810655616,2.188280583740378,3.0,1.0,-0.07701425469776033,-0.06755939214758176,0.3494939007416213,7.1375202230265105,3.0,1.0,-0.09545376765055967,-0.05864073878914331,0.34491383887865146,15.635786185124559,3.0,1.0,-0.06412814285896802,-0.025209550970496545,0.3490173962202858,2.0105803163803766,3.0,1.0,-0.06094494966940275,-0.043446818222581035,0.3552958579902672,3.9815201438902377,3.0,1.0,-0.06925405387809269,-0.05318186280392579,0.35908869795282833,6.778246218585629,3.0,1.0,-0.08217550917451101,-0.051968524579145664,0.3541646010247731,17.518875661255304,3.0,1.0,1.0,0.0,0.0,0.0,1.0,0.0,0.0,0.0,1.0,0.0,0.0,0.0,139
-0.11419547231663328,0.022147994592282977,0.32128780031254595,7.657856963498595,3.0,1.0,-0.12466238926695315,-0.007081417270204979,0.309781775485627,3.3236542478686952,3.0,1.0,-0.13237802500263207,-0.03327943255911425,0.3118375616089305,3.7180865025832155,3.0,1.0,-0.1358069233038554,-0.05740552540564792,0.31439899092739726,5.739654552009011,3.0,1.0,-0.13708694095659987,-0.08108806780305397,0.32562251637710343,1.578052392237204,3.0,1.0,-0.08879386359106639,-0.05259582845216032,0.29837567989935404,5.2016088236644284,3.0,1.0,-0.08866596811162246,-0.07945165685283474,0.3090857223898038,3.7617018770527064,3.0,1.0,-0.10463425440654914,-0.07956877494313457,0.3212563011472414,3.5561734973664443,3.0,1.0,-0.12112124061133603,-0.06629211443060375,0.3254974571345512,3.422144897824365,3.0,1.0,-0.0729778144230651,-0.051603572767969084,0.31268649006836924,4.7930840297555575,3.0,1.0,-0.07744070589981898,-0.07637536745709744,0.327787098472033,3.4961565999326645,3.0,1.0,-0.09536407918236216,-0.07333732761211198,0.33354112741829245,6.0595590141740345,3.0,1.0,-0.11113254372139293,-0.058162680138248435,0.32821912476339926,7.811341384925966,3.0,1.0,-0.06859289315236404,-0.03814024269181663,0.3314005119730043,3.9626820576685433,3.0,1.0,-0.07096998664761316,-0.06299965167734363,0.34068434573866285,4.131615049299994,3.0,1.0,-0.08885318240556062,-0.06309724768207454,0.3455063873983123,8.337077670258456,3.0,1.0,-0.10382429770630738,-0.04828214822817288,0.3366103341603713,12.590342185924525,3.0,1.0,-0.06959222892152211,-0.02720824817763972,0.34647421485820207,4.476881265429188,3.0,1.0,-0.0706375334453921,-0.04545033831071367,0.3524974047513306,4.834027098977149,3.0,1.0,-0.08328713268912268,-0.05031681759764673,0.35387367397763747,5.349263534527577,3.0,1.0,-0.09707022328132935,-0.042079113430359354,0.34630196812891634,12.421849594364716,3.0,1.0,1.0,0.0,0.0,0.0,1.0,0.0,0.0,0.0,1.0,0.0,0.0,0.0,140
-0.11821545649263404,0.021533490888581946,0.31559703415673757,7.540258565087942,3.0,1.0,-0.12672791408151238,-0.00740948492128591,0.30189500314137396,4.433924155829466,3.0,1.0,-0.13397996100645096,-0.033305362543550945,0.29942777539247495,2.1091799140494505,3.0,1.0,-0.1367659101603315,-0.05702474867659293,0.2987534298869097,5.3137198501583915,3.0,1.0,-0.13785320261859396,-0.08326326284779638,0.30867262532858636,5.382862327616187,3.0,1.0,-0.09104295535590187,-0.0509386926660632,0.29209298048454047,5.076209327719837,3.0,1.0,-0.09231079753262193,-0.07866949958343981,0.30374228786182955,8.017859659045781,3.0,1.0,-0.1060405000882262,-0.07136502115691,0.3090791612041822,3.548298754192688,3.0,1.0,-0.11603850582277385,-0.05384599305556787,0.30461879036225153,4.069195016673459,3.0,1.0,-0.07636147976376537,-0.04984908736416818,0.30818608775716766,4.118510741455183,3.0,1.0,-0.08525636204785489,-0.07158407659274281,0.32268178757083893,1.9786481620983756,3.0,1.0,-0.10100907079256527,-0.06290996389061662,0.32361343947374416,6.99583295309755,3.0,1.0,-0.11063573971326722,-0.0457273525823906,0.3132334459901341,6.525417273236584,3.0,1.0,-0.07312152993266133,-0.03694917987304387,0.3280116049575359,2.419486437783282,3.0,1.0,-0.08100918799728742,-0.05947201257578512,0.33652708554862626,2.0130344822497603,3.0,1.0,-0.09853485609793956,-0.053400543647812555,0.3370527340056565,6.632545826874157,3.0,1.0,-0.10829585769541769,-0.03568152150780202,0.32707797877741657,7.436000400649395,3.0,1.0,-0.07482379328415006,-0.02647900501570777,0.34357125636986185,3.748134170444595,3.0,1.0,-0.07989349885439123,-0.043158060092276275,0.3490812356907335,3.566525798240972,3.0,1.0,-0.09350594961237606,-0.04179619589625675,0.3470606220849614,3.8804285665065184,3.0,1.0,-0.10290578929754778,-0.02952589631965879,0.33764924258680845,6.106300598134889,3.0,1.0,1.0,0.0,0.0,0.0,1.0,0.0,0.0,0.0,1.0,0.0,0.0,0.0,141
-0.12410347030124869,0.02208198024010507,0.31181034293152043,9.607551208419366,4.0,1.0,-0.13177275278150605,-0.008108977971015624,0.29581734083293737,5.189883056817971,4.0,1.0,-0.13440245752024743,-0.03453870401680415,0.28936415701176615,3.3601790414055683,4.0,1.0,-0.13329224251668123,-0.0580930360752239,0.2851129231151338,7.043803989079273,4.0,1.0,-0.1305654890449911,-0.08851601985597585,0.28801648571302907,8.112135586709066,4.0,1.0,-0.09554872196702018,-0.04825456692044635,0.2834070952497509,6.113837678802995,4.0,1.0,-0.10499371262310256,-0.07080525470977246,0.2984400502896008,6.236113814236915,4.0,1.0,-0.11639639705568026,-0.05676431418160992,0.30289649619908904,4.380106506310272,4.0,1.0,-0.12212578233513943,-0.03854355354724307,0.2978382732766875,6.196684218280136,4.0,1.0,-0.0804889010862896,-0.045910872928066004,0.29804336619665456,5.335777922303772,4.0,1.0,-0.09639453278672465,-0.060432296878413914,0.31404182909244904,4.622956625150727,4.0,1.0,-0.11071673230901982,-0.04818042521132127,0.3164783660667976,4.1137316911080095,4.0,1.0,-0.11761729192121813,-0.03121272832558306,0.3078598108346695,3.64306414750845,4.0,1.0,-0.07645305566286578,-0.03281800380166779,0.318074407179732,4.253872246108546,4.0,1.0,-0.09148309781068921,-0.049260455280276186,0.32920245375241025,4.673283190279653,4.0,1.0,-0.10696579549285576,-0.03879028872444622,0.32936714390768373,5.246095489942333,4.0,1.0,-0.11230398799781878,-0.021670240284835995,0.3193543970243332,3.4119571604068106,4.0,1.0,-0.07704928117466311,-0.02255139329495216,0.3347211686199049,4.691461612822159,4.0,1.0,-0.08726797304480738,-0.03490803546136141,0.34152901164089705,5.777169379094307,4.0,1.0,-0.10047125255361197,-0.027501482229470225,0.3391935698073552,6.045165493827534,4.0,1.0,-0.10784357735194984,-0.014384138014931554,0.32986163879994584,7.294709354502972,4.0,1.0,1.0,0.0,0.0,0.0,1.0,0.0,0.0,0.0,1.0,0.0,0.0,0.0,142
-0.12863510694415906,0.02142295475812218,0.3046641484497307,9.375885171329841,4.0,1.0,-0.13627384418144245,-0.00877669549253014,0.2872096047623364,7.102609761891429,4.0,1.0,-0.13532806370129333,-0.03460562561192458,0.28153305041746246,2.599242786977509,4.0,1.0,-0.12904757273417578,-0.05684715987158368,0.27817480210378165,5.439126308002285,4.0,1.0,-0.12201108295144737,-0.0869906004559684,0.2797070288029798,9.151275922720064,4.0,1.0,-0.10036292199322343,-0.04804780307350508,0.27639296921493794,3.3823436643986406,4.0,1.0,-0.1130221892741191,-0.06701312317903202,0.29393693232529466,3.2561555252825083,4.0,1.0,-0.12360228865377794,-0.05360488642556173,0.29729090423460575,4.657892013684923,4.0,1.0,-0.1279222941044711,-0.036399532376428984,0.29054534424200085,5.32834947305396,4.0,1.0,-0.08621954195054879,-0.04550097624560113,0.2924902658395127,3.343205377701918,4.0,1.0,-0.10618695553766218,-0.055732044683867964,0.3090928909943762,5.042384149184594,4.0,1.0,-0.11958304846655755,-0.04311085220189893,0.3105563667689363,6.3175534057442135,4.0,1.0,-0.12591922920199883,-0.026829402222040735,0.3013524229533434,3.6196057703752214,4.0,1.0,-0.08325109783001698,-0.03233757738954597,0.31353989188981674,4.5754288088526796,4.0,1.0,-0.10196000994223944,-0.044970914306134716,0.32390208498876766,8.747221382624517,4.0,1.0,-0.11598784915161366,-0.033483647283157184,0.32209419992244537,9.403449001030495,4.0,1.0,-0.12076471473638181,-0.01647478558818263,0.3116161753261693,5.437202879225828,4.0,1.0,-0.08489154526876579,-0.02200082031946981,0.33073724679958333,7.141434646705267,4.0,1.0,-0.09806122705651243,-0.03248164424802305,0.33549482732443575,11.536209328315056,4.0,1.0,-0.10937912986629102,-0.024245266379187485,0.3319604172580147,11.971726376935687,4.0,1.0,-0.1134392140472704,-0.011321871995075637,0.32232612213694073,8.654749618699238,4.0,1.0,1.0,0.0,0.0,0.0,1.0,0.0,0.0,0.0,1.0,0.0,0.0,0.0,143
-0.131011662850137,0.021023886156284217,0.30170119156971037,9.079537317590447,4.0,1.0,-0.13826302739786483,-0.009213352518680556,0.28471071342959653,7.829436222378653,4.0,1.0,-0.1371881756409228,-0.034761068892949144,0.2794859162220089,4.969648719000397,4.0,1.0,-0.13035842415448548,-0.05650112812086531,0.27719371173904467,7.110650598111798,4.0,1.0,-0.1206297537149903,-0.08388746035404654,0.28250957871532634,8.493137077557623,4.0,1.0,-0.10225540488728622,-0.04789430399822091,0.27583930190778916,4.292618957982345,4.0,1.0,-0.11692685847081495,-0.06522193800696127,0.2930022978853919,4.838211927879866,4.0,1.0,-0.12728132427994227,-0.051399072402942884,0.2956425040240735,5.400922462111183,4.0,1.0,-0.1304947358235894,-0.03477516614653545,0.2884366132076659,6.629896542908443,4.0,1.0,-0.08872675807086206,-0.044928021844361184,0.29216622813893667,3.0223656775067873,4.0,1.0,-0.11005088807047005,-0.05428644745499007,0.3078936120905244,4.798912884651628,4.0,1.0,-0.12349047525598797,-0.041441564699013375,0.30871644129637266,5.6531264223457764,4.0,1.0,-0.12863981271726108,-0.025903483538024387,0.299256164283553,6.804129843457822,4.0,1.0,-0.08659035792686556,-0.03143368017930392,0.3128943971733143,4.642126898869741,4.0,1.0,-0.10573495165948461,-0.04370405219980405,0.32271784597507414,8.119809597720328,4.0,1.0,-0.11993362232748948,-0.031908765093677585,0.3200040354304174,7.973065509160337,4.0,1.0,-0.12367634922211855,-0.01569977408519062,0.3090907792993869,5.897160172466649,4.0,1.0,-0.08907824774861578,-0.020735773403754366,0.3297067854073157,6.887639381711277,4.0,1.0,-0.10188491856297828,-0.0313187119192047,0.3343258899029808,11.144899409355562,4.0,1.0,-0.11321915599642016,-0.023395874661731986,0.3300879470171657,11.343036681331194,4.0,1.0,-0.11682432412314411,-0.010779152822291098,0.3201456186805099,7.814536409202337,4.0,1.0,1.0,0.0,0.0,0.0,1.0,0.0,0.0,0.0,1.0,0.0,0.0,0.0,144
-0.1324200471540458,0.023127795094500768,0.3018545540247981,9.192892102136998,4.0,1.0,-0.1397029240072189,-0.00736256396085659,0.2851058529874806,8.229715367492176,4.0,1.0,-0.13912982446723618,-0.03327904588086995,0.2802728357312966,5.675795006831745,4.0,1.0,-0.13257258647219267,-0.05504449384624959,0.2793474807307937,6.7433979829142965,4.0,1.0,-0.12221894396631626,-0.08148146534846967,0.28741250623148806,7.450006935834321,4.0,1.0,-0.10355952939480943,-0.04656510850874547,0.2769891926578229,3.19305944603474,4.0,1.0,-0.11856952442320529,-0.0632246503954261,0.2953161255330197,4.286659877281429,4.0,1.0,-0.1289912558315487,-0.04925410268250423,0.2977120443821832,5.683322633768039,4.0,1.0,-0.13143364420948433,-0.03342486248921063,0.28996502296471804,6.912669707379834,4.0,1.0,-0.09014633454246936,-0.04341422712849756,0.29345690233598387,2.3973337437230127,4.0,1.0,-0.11197725215934397,-0.05165803177196156,0.3099887721798232,3.608773498147771,4.0,1.0,-0.12551887153038727,-0.0385746398360263,0.3104271743929612,4.949654030906926,4.0,1.0,-0.12987355500025385,-0.023909618014429646,0.3002122063648843,6.007844481487926,4.0,1.0,-0.08826439450065958,-0.029531789973783758,0.3141547457499844,4.162745609915285,4.0,1.0,-0.10842478580174562,-0.04062565750462992,0.32486991041292435,6.99978262144732,4.0,1.0,-0.12299073377311169,-0.02790923367110842,0.3220510311563147,6.14700363617574,4.0,1.0,-0.12523424662373614,-0.01314490770533602,0.31068275578307564,6.453076478970577,4.0,1.0,-0.09109087363213018,-0.018447075235069603,0.3309570951762034,5.865190829267117,4.0,1.0,-0.10470988012399607,-0.0282897211026038,0.33642727954914325,9.726603739020543,4.0,1.0,-0.11624693787317181,-0.019669972328438926,0.3321880794345777,8.838573194602821,4.0,1.0,-0.11908032265227758,-0.007310879770282742,0.3216129114643945,6.043256316712393,4.0,1.0,1.0,0.0,0.0,0.0,1.0,0.0,0.0,0.0,1.0,0.0,0.0,0.0,145
-0.13182029726680639,0.023944086239431762,0.3024989787066877,9.683181983441415,4.0,1.0,-0.139412988994744,-0.006641651442408353,0.28595849777291127,8.552934120897861,4.0,1.0,-0.13873561172478105,-0.03263631479190888,0.2816371281251556,5.914805707253208,4.0,1.0,-0.13215997785261088,-0.05430091928937974,0.2808052542853038,6.789210971698086,4.0,1.0,-0.12302624068139933,-0.08074922879042605,0.2884111636992911,6.862105727339992,4.0,1.0,-0.10388881086322997,-0.04581354260712477,0.27833757590130764,3.226403501068833,4.0,1.0,-0.11902074220336724,-0.062209765626902204,0.2972058221149339,4.12250197659164,4.0,1.0,-0.12993762579559076,-0.04844528073904759,0.3004485853330068,4.571224712775557,4.0,1.0,-0.1334534196055472,-0.03243750142744497,0.29415853704864187,8.02024739982705,4.0,1.0,-0.09052710232923164,-0.04252087981110851,0.29497821267292257,3.3488501119141554,4.0,1.0,-0.1122971434847808,-0.05080973049585752,0.3120363220433481,4.342743946735608,4.0,1.0,-0.12579321895930923,-0.037905398232185604,0.31269595139626644,5.392095563042143,4.0,1.0,-0.13012417559630743,-0.022996298875149836,0.3027470271540347,6.330330637378808,4.0,1.0,-0.08854480540520238,-0.028462715090250484,0.31573948387896994,5.159362776750374,4.0,1.0,-0.10854830041128229,-0.039631253938115486,0.32679002922822054,7.7231906618136374,4.0,1.0,-0.12314157889918184,-0.027030436423961444,0.32409456261374636,6.875073626305388,4.0,1.0,-0.12545998015295848,-0.012023065630246797,0.3126976055890537,7.338673264012386,4.0,1.0,-0.09126443205805972,-0.01726488353515078,0.3326409346665429,6.559467961561358,4.0,1.0,-0.10475702324014137,-0.027070952047822245,0.3383398703755548,10.423243200043537,4.0,1.0,-0.11644493097392074,-0.018826158204362307,0.3341643611787014,9.684669159008777,4.0,1.0,-0.11984034908150669,-0.006395083400850854,0.3231897515871087,8.034299097890962,4.0,1.0,1.0,0.0,0.0,0.0,1.0,0.0,0.0,0.0,1.0,0.0,0.0,0.0,146
-0.13207408138369642,0.02518562992062826,0.30327939783923,8.598334525223335,4.0,1.0,-0.13972543069559856,-0.005571134687349461,0.28714121734438475,8.545471505329552,4.0,1.0,-0.1390367444792191,-0.03167009746587738,0.28266908616021447,6.764307104828473,4.0,1.0,-0.1324966184777232,-0.05357011931124042,0.2820273365045599,7.59594252247009,4.0,1.0,-0.12317205427827733,-0.08005035180728895,0.2900391342374227,8.323668288704603,4.0,1.0,-0.10432953977541394,-0.04551393669347349,0.2800814486581889,4.616956674167069,4.0,1.0,-0.12021418443126179,-0.06186449080720087,0.29901751777995783,3.2405129802499943,4.0,1.0,-0.1308896180982895,-0.04765282614471478,0.3016904446398638,3.4256931698679605,4.0,1.0,-0.13334101057003278,-0.03148896971949099,0.29478737934500193,6.561885943107531,4.0,1.0,-0.09104922546920129,-0.04221324975372618,0.2965978314034797,3.460334697486631,4.0,1.0,-0.11284659711157474,-0.05037288938169804,0.3133942291206409,2.93387951004613,4.0,1.0,-0.12629339084278124,-0.03708933155156017,0.3137545861406779,3.5369841133017745,4.0,1.0,-0.13046415090973285,-0.022071964034199698,0.3035893666065612,5.599820245357277,4.0,1.0,-0.08911928021414355,-0.027859975342558557,0.31701780325759704,4.707046615363426,4.0,1.0,-0.10916118887862795,-0.039221723592167884,0.32795286122768585,6.663792576828923,4.0,1.0,-0.12397875188276244,-0.026433085894815442,0.32506076099797354,5.361719898969412,4.0,1.0,-0.12635342762293705,-0.011220093824666409,0.31357389435153477,6.3350585559514885,4.0,1.0,-0.09195857499813404,-0.016343919801472772,0.3336304305107639,6.1532061016059,4.0,1.0,-0.10521169529878747,-0.0265643545719822,0.3393337887544701,9.740564618048275,4.0,1.0,-0.11700080108211142,-0.018458950250247016,0.3350616482485002,9.294543801498063,4.0,1.0,-0.12072208134803074,-0.006186916700697577,0.3240892699178575,7.5139263539776575,4.0,1.0,1.0,0.0,0.0,0.0,1.0,0.0,0.0,0.0,1.0,0.0,0.0,0.0,147
-0.13201017197055348,0.02582902855393062,0.30316239314588705,9.540887421578326,4.0,1.0,-0.13991058498601894,-0.00497718726258393,0.28699751684920527,8.269470646021333,4.0,1.0,-0.1394055132487691,-0.031236172951100823,0.2824725723604901,6.030711909616289,4.0,1.0,-0.1330023489405231,-0.05332243598124383,0.2818652861502234,6.387665493011296,4.0,1.0,-0.12371260415942917,-0.08004573476668762,0.28984295503513713,7.134158441641782,4.0,1.0,-0.10500942587436785,-0.04515351511348101,0.2800303487744305,4.2793829714824785,4.0,1.0,-0.12116444471253472,-0.061713700897077325,0.299134181568281,2.3007555462614278,4.0,1.0,-0.13172720671019245,-0.04781079133037479,0.3019508435767514,3.58368820053227,4.0,1.0,-0.13372246712460753,-0.03192683002517891,0.2949221755244643,6.48369505477037,4.0,1.0,-0.09176763359954965,-0.04184969934198846,0.2965973706115626,3.9269559636033344,4.0,1.0,-0.11359858322764789,-0.05021612453774492,0.31363371751522495,3.2614145025193313,4.0,1.0,-0.12701802261976253,-0.036946815544016874,0.31412660529887826,3.9965299064535977,4.0,1.0,-0.13105238082326742,-0.02195670055087815,0.30378049938174545,5.509200955455501,4.0,1.0,-0.0898261724855984,-0.027447130838176185,0.3171533745484404,5.1185046627348525,4.0,1.0,-0.10980271686526075,-0.03894067394655229,0.32802640080566564,7.480154355738136,4.0,1.0,-0.12441274325890525,-0.02641351254689625,0.32502155071914945,6.140732665273302,4.0,1.0,-0.12664768873859678,-0.011233152888521638,0.3132884292867921,5.6003284410648595,4.0,1.0,-0.09258881182217868,-0.015861924231901418,0.33387072935606626,6.327604800387006,4.0,1.0,-0.10572800550379627,-0.026044384031845794,0.33947422823797346,10.31656739254512,4.0,1.0,-0.11718724991622448,-0.017957083054112363,0.3350035571774577,9.726848957344094,4.0,1.0,-0.12033642506860329,-0.0057104880179245695,0.3238142116684795,7.1109753650928225,4.0,1.0,1.0,0.0,0.0,0.0,1.0,0.0,0.0,0.0,1.0,0.0,0.0,0.0,148
-0.13215311621653522,0.02667649238764223,0.3031637046892924,9.67010934628293,4.0,1.0,-0.14005265964732816,-0.00418100701129286,0.28709607540031523,8.745714970305706,4.0,1.0,-0.13971416716761512,-0.030330141517172022,0.28265291069367443,6.6723789883802125,4.0,1.0,-0.133477733376955,-0.05218553695860411,0.28169478930671643,6.514915007663817,4.0,1.0,-0.12422949292337514,-0.07912119122682135,0.28936210595212136,7.169236733429395,4.0,1.0,-0.10540877765368233,-0.04435931528689066,0.28013996084652276,5.095853239581793,4.0,1.0,-0.1211641216311207,-0.060958974701199646,0.2991438535767389,3.8706038714635755,4.0,1.0,-0.1316720743611074,-0.047175586681189485,0.30202262404793817,5.0500747537215736,4.0,1.0,-0.13382737344961707,-0.03099207776610928,0.2951312048514257,7.406101305550061,4.0,1.0,-0.09214088287993875,-0.0410701647028408,0.29665428780870806,4.230096173353005,4.0,1.0,-0.11349526145527306,-0.04953462452845821,0.31354314779227005,4.166000185504602,4.0,1.0,-0.12679661543223011,-0.03630380638684089,0.313981096613489,4.86939505224914,4.0,1.0,-0.13099553597796462,-0.02099598891489927,0.30380266883366075,5.946364867759006,4.0,1.0,-0.09003749829415263,-0.026591593195957764,0.3171055638135824,5.161377174365327,4.0,1.0,-0.10957602567769986,-0.038205038330887536,0.32804347516278465,7.297086486874877,4.0,1.0,-0.12416824734886477,-0.025744665565272672,0.3250563926133043,6.658568352793946,4.0,1.0,-0.12695119859953613,-0.01012417201553216,0.3134770894831592,6.578332619693676,4.0,1.0,-0.09261247344455978,-0.01500972473440214,0.3337460635226181,6.498235863645799,4.0,1.0,-0.10554689723568748,-0.025372981699684796,0.3391976074715467,10.279870897155565,4.0,1.0,-0.11707550156045857,-0.01724788443433715,0.3348039155526795,9.912154101643145,4.0,1.0,-0.1204644908359925,-0.004655891137734651,0.32388848812389504,7.5015108341881565,4.0,1.0,1.0,0.0,0.0,0.0,1.0,0.0,0.0,0.0,1.0,0.0,0.0,0.0,149
-0.13208540256363702,0.02732137129725647,0.3027169992392472,9.407463653922031,4.0,1.0,-0.13998233622012266,-0.003506384928550264,0.2868201029111624,8.720370087264929,4.0,1.0,-0.13949746861936577,-0.02971984889790744,0.28254549328359574,6.278406538036288,4.0,1.0,-0.13304797145725453,-0.05184785892412336,0.28164133538642183,6.798397291062687,4.0,1.0,-0.12429883279576535,-0.07922640693225569,0.28928049064853073,6.830740145990754,4.0,1.0,-0.10508353390340096,-0.04361186280379508,0.2798812623296764,4.857565098858385,4.0,1.0,-0.12067921949624975,-0.06057607219701074,0.29883647449554296,3.209438558413778,4.0,1.0,-0.131410625796572,-0.046950254707487614,0.30190253364168906,4.418768835752353,4.0,1.0,-0.1339017582047919,-0.03084841464451431,0.29525344879451515,7.081905602693276,4.0,1.0,-0.09176615610904196,-0.04024104899723551,0.29637412909143335,4.3396237250086624,4.0,1.0,-0.11316145875977446,-0.0490442308448873,0.31353519857221657,3.5486208609843146,4.0,1.0,-0.12671628360965678,-0.035994697564936326,0.3140957356194332,4.30203742319463,4.0,1.0,-0.1313221104194369,-0.020662005615028338,0.3040391716820163,5.653278393132763,4.0,1.0,-0.0896701591201562,-0.025747440193643736,0.31681566024772173,5.230655014335624,4.0,1.0,-0.10913415932765771,-0.037681761517096284,0.32793587071702335,7.661226113466531,4.0,1.0,-0.12388731509276416,-0.025720016606741843,0.32509147125477017,6.887856373271106,4.0,1.0,-0.12714042293632,-0.009908015484605381,0.3134079913689871,6.12509497120187,4.0,1.0,-0.09237867393854499,-0.014070572599821958,0.3334467652856579,6.302508537321377,4.0,1.0,-0.10513398483791195,-0.024601902635133115,0.3393008399362908,10.43052235250242,4.0,1.0,-0.11665225207406153,-0.017097871526258128,0.33493589854820144,10.417395483466139,4.0,1.0,-0.1204219382138371,-0.004918970671353418,0.3237434732034533,8.17576253430623,4.0,1.0,1.0,0.0,0.0,0.0,1.0,0.0,0.0,0.0,1.0,0.0,0.0,0.0,150
-0.13154930399312942,0.026953196888743005,0.3028256577488858,9.545836788643093,4.0,1.0,-0.13985342379514315,-0.003724168246603807,0.2871883121043037,8.106716297380965,4.0,1.0,-0.13960008156631232,-0.029862616775490385,0.28310469029867347,5.658984833009429,4.0,1.0,-0.13320024941047173,-0.05191745901183093,0.28232828142781696,6.447429158922977,4.0,1.0,-0.12415488294273706,-0.07954301353944657,0.2899619777174452,7.162494167370598,4.0,1.0,-0.10556544534689011,-0.043794403723141286,0.280205370554008,4.228868328128263,4.0,1.0,-0.1211289310814005,-0.06061901062999208,0.2991504155518457,2.890308361127862,4.0,1.0,-0.1315989907072339,-0.046961544505767776,0.302255186296862,4.293684881512625,4.0,1.0,-0.1341217558037676,-0.030900397336961864,0.2956475747887773,6.7080652501212645,4.0,1.0,-0.09223463136701561,-0.04046419016117716,0.2965525466421193,4.092139964147869,4.0,1.0,-0.11346578316871075,-0.04906348512957304,0.31381860426795827,3.595008431122988,4.0,1.0,-0.12700171792428933,-0.036033375419373084,0.3146093125264182,4.487544648020174,4.0,1.0,-0.13174960535516145,-0.02077052514000459,0.3047204343200685,5.1920423752622025,4.0,1.0,-0.08995964042029797,-0.025945029148120868,0.3169087126131553,5.07739580036219,4.0,1.0,-0.10935820890632424,-0.03778972447143825,0.32815325988723865,7.423139132244625,4.0,1.0,-0.12404554678282838,-0.025675663955300822,0.3255146991205135,6.446827363535001,4.0,1.0,-0.12705115992063679,-0.01003276129127209,0.3138698522992496,5.920459859700168,4.0,1.0,-0.09246678063373882,-0.014298706501891975,0.33354138908667186,5.923284183586774,4.0,1.0,-0.10531983068172866,-0.024766092329223593,0.33926820485896075,9.833680534756086,4.0,1.0,-0.11694812447373899,-0.017277141310583187,0.3350381355549702,9.63464358769467,4.0,1.0,-0.12081973342718287,-0.005175772089222521,0.32395207462154374,7.852222552059404,4.0,1.0,1.0,0.0,0.0,0.0,1.0,0.0,0.0,0.0,1.0,0.0,0.0,0.0,151
-0.13193369768244967,0.02792986940400246,0.3032093309358131,10.005513044761754,4.0,1.0,-0.14024258978856405,-0.002784117976224401,0.2875114259711149,8.191805630811995,4.0,1.0,-0.1399720863596385,-0.028968968185727795,0.2835080602977528,5.824957021550914,4.0,1.0,-0.13371016294537139,-0.05101054395889469,0.2829524986414711,6.230878728743316,4.0,1.0,-0.12420037446218436,-0.0782210821783275,0.29064829374709195,6.827106829228118,4.0,1.0,-0.1061994980672505,-0.0431614002957689,0.28070677344059436,4.477306091972511,4.0,1.0,-0.12128532479004525,-0.05996708718169969,0.29933667989416585,3.9849587738433767,4.0,1.0,-0.13177847334360887,-0.04615932388861964,0.30231878571203025,5.050025180218306,4.0,1.0,-0.1342632878784918,-0.03017438070046297,0.295284027907871,7.556953493677306,4.0,1.0,-0.09286929203446749,-0.039853570178748327,0.29706804813048543,4.636768880978005,4.0,1.0,-0.11406363059258164,-0.04820336887617264,0.31413431055377294,4.7082961965749295,4.0,1.0,-0.12749071769161394,-0.035031357132082476,0.3148408334936341,5.54201717692715,4.0,1.0,-0.1321765743205897,-0.020123576610244345,0.3047914139528982,5.9859555577221615,4.0,1.0,-0.09054744589788982,-0.02529228404065329,0.3173816378105044,5.696248702459805,4.0,1.0,-0.1100187724723258,-0.03688593764333701,0.32844768219302856,8.321208105143205,4.0,1.0,-0.12448347265167943,-0.024724523972538957,0.32573073884955356,7.414247826651285,4.0,1.0,-0.12735567723049007,-0.009476182470455322,0.31400063548275714,6.566708044128446,4.0,1.0,-0.09301320480794209,-0.013580400832520653,0.33394639468319154,6.700950553447189,4.0,1.0,-0.10586955222988176,-0.023807922347767324,0.3398096354885918,10.63914301625429,4.0,1.0,-0.11736214634978114,-0.0160759888665037,0.33541291461620465,10.381793679323845,4.0,1.0,-0.1210331793425513,-0.004275480342323684,0.32421580912057557,8.567408418573395,4.0,1.0,1.0,0.0,0.0,0.0,1.0,0.0,0.0,0.0,1.0,0.0,0.0,0.0,152
-0.13214161640984964,0.02765506270942268,0.3029656275704382,9.941019244406247,4.0,1.0,-0.14059743984755746,-0.002942533984254677,0.287463338022146,8.673480368029752,4.0,1.0,-0.1403634264853116,-0.02914114504272251,0.2837281943987837,5.89380809625032,4.0,1.0,-0.1341508128505983,-0.05128684101463951,0.2833541251287225,6.378870174503582,4.0,1.0,-0.1247117553595497,-0.07863967233310845,0.29091964461315994,7.305121313274498,4.0,1.0,-0.10655415828595735,-0.043285790743802545,0.280851834142512,4.105635396392411,4.0,1.0,-0.1222658825719166,-0.059754710810569316,0.30007542636951684,2.9370910313350187,4.0,1.0,-0.13264980011334127,-0.04589129236674037,0.3029541261974458,4.4719986745883755,4.0,1.0,-0.13470634917673366,-0.02993454065553036,0.29583417588282185,7.584611792780329,4.0,1.0,-0.0932179082752293,-0.03996588845793051,0.2972602220925217,4.213698437632924,4.0,1.0,-0.11437460784394478,-0.04822613163965742,0.3145488742366372,4.066106655975921,4.0,1.0,-0.12778408587629753,-0.03494558213561507,0.3151931067092892,5.415098023174201,4.0,1.0,-0.13204856909024837,-0.01991397303346457,0.30483442941310657,6.105298045274822,4.0,1.0,-0.09085920604305174,-0.02541972431776971,0.317594549595141,5.229490431180113,4.0,1.0,-0.1102247270591256,-0.03684481055292187,0.328874619858422,7.878388688380143,4.0,1.0,-0.12492052320947997,-0.02426850477144861,0.32602324604548716,7.100873057515286,4.0,1.0,-0.12716044006010319,-0.009159684171356935,0.3141346657507225,6.951167979546543,4.0,1.0,-0.09327323952870535,-0.013668044786130342,0.3341965193552758,6.276925252923906,4.0,1.0,-0.10620850466900993,-0.023705184301017302,0.34009103013538067,10.298138840092427,4.0,1.0,-0.11776434789792954,-0.01587160552898971,0.33563189828494394,9.90618453328539,4.0,1.0,-0.12126738177534369,-0.003959888466158449,0.32428614454615917,8.080619819357542,4.0,1.0,1.0,0.0,0.0,0.0,1.0,0.0,0.0,0.0,1.0,0.0,0.0,0.0,153
-0.13274899666758666,0.02856836592555621,0.30265677560954524,10.402959650924466,4.0,1.0,-0.14113256419079023,-0.0023271473629644978,0.2874865027142857,9.044634364368084,4.0,1.0,-0.14078875672330288,-0.028750851781745634,0.28365695223070736,6.470908437320425,4.0,1.0,-0.13454141558509305,-0.051058164373550596,0.28333749527240754,7.036665905325174,4.0,1.0,-0.1255516403490506,-0.07854858961981293,0.2912976983120649,7.489063852265492,4.0,1.0,-0.10696899896301572,-0.042959885522566243,0.28122153624157964,5.486958090115761,4.0,1.0,-0.12319906900971753,-0.059308772101037216,0.3006511471995449,2.8946805186838955,4.0,1.0,-0.13358662749848474,-0.04533051380039302,0.3033200557832519,4.355074597024802,4.0,1.0,-0.13519592667078864,-0.02939581263557752,0.29588423863549745,7.705943149437687,4.0,1.0,-0.09367452649013579,-0.03948787563681365,0.2975678864611982,4.848281359232157,4.0,1.0,-0.11515071309125587,-0.04776147327327202,0.31486468600690826,3.5885305099836926,4.0,1.0,-0.12869537114126017,-0.03446303311414119,0.3153619778596321,5.025758196626353,4.0,1.0,-0.13270437049345676,-0.019453873528738883,0.30484403666036475,6.377872635830047,4.0,1.0,-0.0914843342251421,-0.024709980674764803,0.31776768285823753,5.24048317811155,4.0,1.0,-0.1109383961949303,-0.03641443909695738,0.3291382244504485,7.291745564253663,4.0,1.0,-0.1257433532097983,-0.024080783561233186,0.32618818589489507,6.821837743816386,4.0,1.0,-0.1279859171425753,-0.008857190814878135,0.3141555093780841,6.217170611736307,4.0,1.0,-0.09405483884178822,-0.012769458822499203,0.3342663629749799,6.0631170112060735,4.0,1.0,-0.10678909628903727,-0.023152112215669037,0.34025982933254245,9.643244082070924,4.0,1.0,-0.11825890574055081,-0.015613323430634093,0.3357503000567183,9.582269802168472,4.0,1.0,-0.12173073583447563,-0.0037140609403165793,0.3242864742289026,8.146391353201942,4.0,1.0,1.0,0.0,0.0,0.0,1.0,0.0,0.0,0.0,1.0,0.0,0.0,0.0,154
-0.1332528397448383,0.029428618458685798,0.302922219299783,10.534695979134135,4.0,1.0,-0.1414113508254231,-0.001651476505322249,0.2875931142268142,9.02929538071227,4.0,1.0,-0.1411451531001453,-0.028143944584026612,0.28338114512304136,6.346912948396788,4.0,1.0,-0.13498869689414736,-0.05047841081355846,0.2832415686674238,6.411205331876024,4.0,1.0,-0.12592026296176306,-0.07777446172082544,0.2918880647416283,5.907208444589627,4.0,1.0,-0.10702363462779256,-0.04245792223331006,0.28131590475736684,5.726461179690515,4.0,1.0,-0.12307475548945321,-0.0590988272206438,0.30063000810876656,2.7212782143034095,4.0,1.0,-0.13368311227546617,-0.04510297517094153,0.303416872790358,3.7516483038278348,4.0,1.0,-0.1358117711217314,-0.02919274271711423,0.2961681768846599,7.369028633879633,4.0,1.0,-0.0938066191608698,-0.03887519278202594,0.2977275363075412,5.208905827094645,4.0,1.0,-0.11523705772088211,-0.047404490704501194,0.31508950867254,3.412800451487776,4.0,1.0,-0.12877680448183218,-0.03417737944525185,0.3155269251934374,4.2952595090428085,4.0,1.0,-0.1328089626996202,-0.019415887500641212,0.3047617897959489,6.183275234886386,4.0,1.0,-0.0917675100299932,-0.02386260393416288,0.31797636190821627,5.630425836167034,4.0,1.0,-0.11101891389015967,-0.03569446436218316,0.3294632438769759,7.572496435484386,4.0,1.0,-0.12576995044568423,-0.02394915982612556,0.3265680736609427,6.710399091393684,4.0,1.0,-0.12869790687021557,-0.00865183467593515,0.31444565630201393,5.19900823815012,4.0,1.0,-0.09448596026753565,-0.011726745403563672,0.3345017430689985,6.4181490750313,4.0,1.0,-0.1069114426296485,-0.022192056430791064,0.34072443246876094,9.946545260839962,4.0,1.0,-0.11840684051490906,-0.014772099110226412,0.3362518951094671,9.470231825908744,4.0,1.0,-0.1220671536649399,-0.003095276420789614,0.3247977364077334,7.855289612836833,4.0,1.0,1.0,0.0,0.0,0.0,1.0,0.0,0.0,0.0,1.0,0.0,0.0,0.0,155
-0.13358136499443007,0.0295493438343407,0.304023003895886,9.845324949567612,4.0,1.0,-0.14174387042078243,-0.0013920601072089785,0.288605351744014,8.04102761779055,4.0,1.0,-0.14144792157956648,-0.02773790350149827,0.2845278047747158,5.32014891416891,4.0,1.0,-0.1350981986854848,-0.05007682187224759,0.28416327443947503,6.075671471271814,4.0,1.0,-0.12626825926284024,-0.07712645965392836,0.292555747639933,6.3498246453366045,4.0,1.0,-0.10751312160901265,-0.042669199392793615,0.2817073890828748,4.243829015685617,4.0,1.0,-0.12271105550604883,-0.05900857998656019,0.2998277964216075,5.079446229836878,4.0,1.0,-0.13327506574971387,-0.04458409071136049,0.302997937235165,5.726505027807076,4.0,1.0,-0.13600135996535756,-0.02847804639933343,0.2961458835758366,7.176556626480938,4.0,1.0,-0.09419051503653889,-0.03926208026264042,0.2977801676329947,3.624208542146739,4.0,1.0,-0.11532247557019827,-0.0476705097148168,0.31434712814345434,5.010759568397134,4.0,1.0,-0.12862376318676463,-0.034047702815684235,0.3150634716620258,5.5774136776612755,4.0,1.0,-0.1327958696605318,-0.01905890680212788,0.30503269463743227,6.025580058961251,4.0,1.0,-0.09187728123883292,-0.02433597500828273,0.3177901712511622,4.6843493317936735,4.0,1.0,-0.1108755708769742,-0.03613189570487112,0.3287496436171592,7.664509046485016,4.0,1.0,-0.1255475249718037,-0.023180662187362554,0.3263590287075877,6.4644881996251335,4.0,1.0,-0.12803585971320725,-0.007890617029706629,0.31526081968939,6.010515856026029,4.0,1.0,-0.09432520135676771,-0.012268399762697458,0.3341531412532686,6.180082488340518,4.0,1.0,-0.10669794824361079,-0.0226530661925019,0.34013233944852284,10.386707816311697,4.0,1.0,-0.1183056276172267,-0.014669143293506723,0.3359244329603233,9.617365948555078,4.0,1.0,-0.12194774271893968,-0.0026168115456531005,0.3250875487512211,6.582664026337541,4.0,1.0,1.0,0.0,0.0,0.0,1.0,0.0,0.0,0.0,1.0,0.0,0.0,0.0,156
-0.13377327564476385,0.029878739737210648,0.30455896781345865,10.469708263425971,4.0,1.0,-0.14175736876554199,-0.0010291067770621606,0.2888885706655999,8.366800023683426,4.0,1.0,-0.14154523543716224,-0.027404313592825247,0.28469674591946964,5.35273703683466,4.0,1.0,-0.13506028399759556,-0.05000968501863432,0.2845960595989065,6.241059396128168,4.0,1.0,-0.12575199800486872,-0.07759800784229226,0.29392153191367315,7.27587436640547,4.0,1.0,-0.10674614944197947,-0.04241130556921856,0.28190829227744246,4.297127933937357,4.0,1.0,-0.121759043489514,-0.05965356986227888,0.2996991992506849,4.515466850373548,4.0,1.0,-0.132811613342014,-0.04503474073938762,0.3027785016432873,4.9505765217867275,4.0,1.0,-0.1363407869589769,-0.028344259329832554,0.2961708233994389,6.655437493559543,4.0,1.0,-0.09343658810410106,-0.039087792721084924,0.2980642186469455,3.715438543481479,4.0,1.0,-0.11451411055390699,-0.048055903115113784,0.3144549202311074,4.361104156508494,4.0,1.0,-0.12823012756494997,-0.03465539241918311,0.3152571776192694,4.761767313883622,4.0,1.0,-0.13277481258768228,-0.01959085635862548,0.30551188336979107,5.653297061952447,4.0,1.0,-0.09140821743456513,-0.02419411512865376,0.31809119041453393,4.802244617319542,4.0,1.0,-0.11043649143860629,-0.03642626339959039,0.328927736020881,6.576715170383209,4.0,1.0,-0.1256574078051649,-0.023585755710778738,0.3267411570922901,5.305501835406582,4.0,1.0,-0.1284222820372465,-0.008325393543186175,0.31606662883138814,5.275011835799007,4.0,1.0,-0.09413551849261217,-0.012141762612147963,0.33444149130863393,6.138095832017109,4.0,1.0,-0.10652956737938557,-0.02275465231191238,0.3403884551349165,9.295806738088551,4.0,1.0,-0.11861730325797454,-0.014772026640328971,0.3363455977392013,8.55393500714792,4.0,1.0,-0.12266332407283545,-0.0027075526650124047,0.3259036656953771,6.445113862860742,4.0,1.0,1.0,0.0,0.0,0.0,1.0,0.0,0.0,0.0,1.0,0.0,0.0,0.0,157
-0.13334430902668107,0.029871647278290506,0.30375732188542665,10.73260224141294,4.0,1.0,-0.14092815896438837,-0.0011016294632810637,0.28787311028361173,9.201385592702488,4.0,1.0,-0.14050758928563511,-0.027532835877008343,0.2838280399940418,6.015402451778803,4.0,1.0,-0.13425347597688606,-0.050059154064225245,0.283965454885733,6.187988573102894,4.0,1.0,-0.125454865769011,-0.0777400822710972,0.29317538968652684,6.157919658771239,4.0,1.0,-0.10585468996732697,-0.042459759042698914,0.28225954835289285,4.625819631472606,4.0,1.0,-0.12086980973322105,-0.05977998105214955,0.3002734537337862,4.133296418878221,4.0,1.0,-0.1316258687129587,-0.045971546192273074,0.30293138296498406,5.002994659897406,4.0,1.0,-0.13485583564374007,-0.02988775653050282,0.29571112303766484,6.606998411155637,4.0,1.0,-0.0927745861726666,-0.039186174773786206,0.29900870392023,4.123066872539164,4.0,1.0,-0.11382539060744591,-0.04874175133729051,0.3151787153805834,4.871775006643436,4.0,1.0,-0.12753537004354967,-0.03557456736325351,0.31533185362769156,5.511340742800379,4.0,1.0,-0.13222646720227202,-0.020525518816250584,0.30503987148238426,5.910664021540218,4.0,1.0,-0.0909448363321288,-0.02435187082152468,0.3192153757811818,5.328204749776813,4.0,1.0,-0.1098095039358639,-0.037196197393959726,0.3296451830746746,7.720550497065867,4.0,1.0,-0.12498945081768098,-0.025113561405806558,0.3268950951362998,6.68909445672017,4.0,1.0,-0.12849535504830792,-0.009432082682693603,0.31576596331255363,5.043907576486979,4.0,1.0,-0.09384425715248436,-0.012309664027181677,0.33554227941879694,6.947076523706386,4.0,1.0,-0.10607358184259141,-0.023456936666089865,0.3408939510026775,10.31121704515757,4.0,1.0,-0.11781491653299082,-0.016091969841844595,0.3366034178835671,10.029986055551287,4.0,1.0,-0.12200387857743346,-0.0040231564044307154,0.32610369878175655,6.905204148549577,4.0,1.0,1.0,0.0,0.0,0.0,1.0,0.0,0.0,0.0,1.0,0.0,0.0,0.0,158
-0.13210099878091586,0.03030463569161952,0.30400657894884164,11.284677724393958,4.0,1.0,-0.13962685452230292,-0.0008722651395800168,0.2878297664635097,8.33272725194658,4.0,1.0,-0.13990140043172591,-0.027665602824189787,0.2839039057092866,5.907401971156993,4.0,1.0,-0.1349739168369501,-0.0506148165944258,0.28509716260107515,6.942925990213612,4.0,1.0,-0.12850759493904818,-0.07780317408651759,0.2966889574194648,4.589195138359089,4.0,1.0,-0.10456665431849485,-0.043222720422054564,0.2834860474378031,4.854245306717061,4.0,1.0,-0.11832133789893252,-0.06278602708182697,0.3011365436039353,2.890214579628374,4.0,1.0,-0.12922995172101867,-0.048836951212067964,0.3034157262327582,2.9651148323548884,4.0,1.0,-0.13271977576328622,-0.03165923632235629,0.2957685283899356,5.821352536932871,4.0,1.0,-0.0915482992385794,-0.04017850502878309,0.30077148181328267,3.81437756216289,4.0,1.0,-0.11152990605929117,-0.05148582929519164,0.31637376508886994,3.3008007997136475,4.0,1.0,-0.1252427359965019,-0.038417775280050304,0.31633332585547086,3.4520078823188816,4.0,1.0,-0.13035855684279374,-0.022555128389310668,0.3058616467364169,3.6176249179756708,4.0,1.0,-0.08977330392312514,-0.025204377990696154,0.32097144617939016,5.329455984299998,4.0,1.0,-0.10774456940390777,-0.0395304675221343,0.3310720820796845,8.0102822815642,4.0,1.0,-0.1226366822451908,-0.02874775783688956,0.32812589838377726,8.69936638784974,4.0,1.0,-0.12741057448310275,-0.012287310256646979,0.3167621525379429,4.89678284337082,4.0,1.0,-0.09266769716448843,-0.013022245633759866,0.3371949652875871,7.175660944615554,4.0,1.0,-0.10455267590262254,-0.02486593775240915,0.34257686498393175,10.376064997686822,4.0,1.0,-0.1162681371495775,-0.017802457418197297,0.3382028373323516,10.55039208338024,4.0,1.0,-0.12033733080046659,-0.005795125253046226,0.3277633938480205,6.589289949737647,4.0,1.0,1.0,0.0,0.0,0.0,1.0,0.0,0.0,0.0,1.0,0.0,0.0,0.0,159
-0.12886096127492058,0.030068309959311482,0.30470822479157267,11.275277754553613,4.0,1.0,-0.13620875636398053,-0.0011381138664861758,0.2891996767974862,7.590548180601029,4.0,1.0,-0.13912940826693312,-0.02824046648197479,0.28615929406993207,5.268172424151212,4.0,1.0,-0.13712891585257,-0.05189500659731573,0.28845176310688964,5.747003351339274,4.0,1.0,-0.1330865140245183,-0.07874773173815382,0.3010667150151006,3.0286772394596557,4.0,1.0,-0.10141880359704772,-0.04403751892379995,0.286993428154429,4.868067019344385,4.0,1.0,-0.1130084717212389,-0.06599627145592898,0.3039742374424689,2.360180358082969,4.0,1.0,-0.1253185055656495,-0.05368595801656946,0.3059017675853256,4.517100263940435,4.0,1.0,-0.13034459792555736,-0.03579389987511276,0.2981571581691827,7.770884019008869,4.0,1.0,-0.08885733895920128,-0.04096964018138386,0.30437519761091514,4.131125547676676,4.0,1.0,-0.10738041459669657,-0.05445429190134541,0.3195665888043,4.28986465251614,4.0,1.0,-0.12177103509874615,-0.04304240640549882,0.3187765080101399,6.13488156171946,4.0,1.0,-0.12826650835131836,-0.026925039982162727,0.30728037336041814,8.151722375520706,4.0,1.0,-0.08772554784325422,-0.025656509266413982,0.3238904209377899,4.946235133205143,4.0,1.0,-0.10480706745267446,-0.041535741401870135,0.3341836649081273,7.3229652924992275,4.0,1.0,-0.12014046481547126,-0.03288329656527696,0.33105237471561777,10.209818797088491,4.0,1.0,-0.12647243624983226,-0.017356719652698017,0.3185074286792675,10.623798911193647,4.0,1.0,-0.09123065532225741,-0.01324815874761775,0.33947413416432887,6.148071413611225,4.0,1.0,-0.10270899327828824,-0.026244544565976777,0.34557671497235026,8.605906713848093,4.0,1.0,-0.1151399872025726,-0.021140909959825132,0.3414497683413649,10.23903785641755,4.0,1.0,-0.12081598567175678,-0.009900155963561247,0.33020870121574714,10.563701842675686,4.0,1.0,1.0,0.0,0.0,0.0,1.0,0.0,0.0,0.0,1.0,0.0,0.0,0.0,160
-0.12584810438219152,0.02954621537481384,0.3033631317975507,7.436057073133366,4.0,1.0,-0.1324699887203567,-0.0010060322082981275,0.28825704425541093,5.264558907845288,4.0,1.0,-0.13820275669139528,-0.027343056167584295,0.2847036259392417,3.315224896412062,4.0,1.0,-0.14062175259082224,-0.05076312870081839,0.2851180652059997,4.212615453626783,4.0,1.0,-0.14371890859964295,-0.07565503092763813,0.29586681549274463,6.450498815741833,4.0,1.0,-0.09787363325323743,-0.045825598056191005,0.2914664337678999,4.000706122024053,4.0,1.0,-0.10724439704596467,-0.07042519237378805,0.30595050584040406,2.7282574277956075,4.0,1.0,-0.12224176607412504,-0.058706818908698964,0.30787444247996276,8.047889525413357,4.0,1.0,-0.12979181976397935,-0.03956107809670022,0.3031193546382645,12.352729463308485,4.0,1.0,-0.08674232135638955,-0.04404737043591022,0.30992128185390033,3.8623797173827876,4.0,1.0,-0.10384317162278142,-0.06107928941681626,0.3223900624514036,6.583604905498444,4.0,1.0,-0.12112536139229234,-0.050617584232576056,0.32192027156037867,11.623624657290456,4.0,1.0,-0.1290129463612547,-0.03293618751925338,0.31333863773059567,14.182991801631264,4.0,1.0,-0.0874466746217936,-0.029417779822663314,0.32848542540758024,4.643743148771348,4.0,1.0,-0.10261743977171398,-0.04911155594349291,0.3367295717344985,5.278201907581472,4.0,1.0,-0.12214432962626368,-0.041623073885194886,0.3348602087226872,10.150439457600822,4.0,1.0,-0.12965594665041727,-0.024167461058895143,0.3253085628936803,12.356786984950778,4.0,1.0,-0.0926796740485052,-0.017255527908436145,0.34271197852595514,6.0448893249493185,4.0,1.0,-0.10259009612788368,-0.03278527870417197,0.3475840997073286,4.415065869968234,4.0,1.0,-0.1181157975457464,-0.030132042716681358,0.34458628727441293,7.923623938824206,4.0,1.0,-0.12739215571387713,-0.017536414360868814,0.3359272203765986,10.044744308679196,4.0,1.0,1.0,0.0,0.0,0.0,1.0,0.0,0.0,0.0,1.0,0.0,0.0,0.0,161
-0.12384502824180454,0.029687246261569395,0.30229735543494096,10.162360892083056,4.0,1.0,-0.12985973222831343,3.604289887783834e-05,0.28713594104252665,9.014846179277548,4.0,1.0,-0.13761326378305105,-0.02596966532263408,0.2815051834482841,8.721653184883717,4.0,1.0,-0.14369131829161985,-0.04863901905173125,0.28014100222131705,10.025049706493148,4.0,1.0,-0.15535007554969613,-0.07193102401692603,0.2925174946108854,6.1526015214614365,4.0,1.0,-0.09622041959478632,-0.046648567356825106,0.2925519110459557,5.7201705579893325,4.0,1.0,-0.10158165336389344,-0.07197041935052166,0.30971779763304674,4.8932560881659715,4.0,1.0,-0.11859215277426217,-0.07270669188689424,0.3155902881272054,6.639388946793269,4.0,1.0,-0.136484110426689,-0.06291787298900357,0.31461676987826026,13.063223665537102,4.0,1.0,-0.08614775195706734,-0.045852999888976606,0.31171781752953415,6.046851231637669,4.0,1.0,-0.09948242373582368,-0.0664145532423057,0.3274930137680764,4.621084241093739,4.0,1.0,-0.11889276499367517,-0.06461457683211039,0.3309027393068043,9.049313454913513,4.0,1.0,-0.13747602377816462,-0.053031121396085366,0.3257903052327396,14.555058276601798,4.0,1.0,-0.0880208770557028,-0.0312992402751581,0.3302671560238243,6.765133298900235,4.0,1.0,-0.09973407941204658,-0.0534211358612132,0.33971233588897926,4.055100489046094,4.0,1.0,-0.1200625556620443,-0.054859303073825846,0.34192230818130737,8.60440070756174,4.0,1.0,-0.13810744387212326,-0.04338942464510126,0.33439151339665196,14.904136263865539,4.0,1.0,-0.09442032872129724,-0.01885029038128887,0.344188738672284,8.246526753037173,4.0,1.0,-0.10342511384115556,-0.035260432596879665,0.34912075399708375,4.796784487885948,4.0,1.0,-0.11811165673067966,-0.04043937283517286,0.3493832282953524,6.671665757038515,4.0,1.0,-0.13434065976205067,-0.03613660340939946,0.3429444098215947,12.791805425681844,4.0,1.0,1.0,0.0,0.0,0.0,1.0,0.0,0.0,0.0,1.0,0.0,0.0,0.0,162
-0.11994442121016255,0.0248571714130435,0.2975450988695462,11.125716784377401,4.0,1.0,-0.13283851854490078,0.0040961191192350485,0.2904231912040998,19.07657546024714,4.0,1.0,-0.1464908122943798,-0.019155736015892797,0.28853426774470775,17.747704506435223,4.0,1.0,-0.15735884420672488,-0.04015575544037761,0.28864457981579544,15.710401627278928,4.0,1.0,-0.17121757139553226,-0.06106053850394453,0.3034467845276571,20.688524604510825,4.0,1.0,-0.10134097734120197,-0.04418648701816823,0.3009793006971959,14.805688881186693,4.0,1.0,-0.10340896995629037,-0.0674682538651087,0.31989132764243033,16.25322746793664,4.0,1.0,-0.12005252015789028,-0.0729974617719392,0.3273772724934455,17.18633020937761,4.0,1.0,-0.14265196144003775,-0.07143254871127332,0.3315907243269694,20.96284023214989,4.0,1.0,-0.08780730022191398,-0.048870482969396986,0.31652974119857036,4.280884093399442,4.0,1.0,-0.09807569840952536,-0.07086398944271244,0.3322038866473261,3.5544252203597373,4.0,1.0,-0.11655690993100216,-0.07599499235615728,0.33661808722907915,7.228639176565494,4.0,1.0,-0.13951597528269238,-0.0748606407724595,0.33650115326587954,16.782273074763395,4.0,1.0,-0.08583995466761596,-0.039123830067690574,0.3296336342008612,12.837343605178223,4.0,1.0,-0.09486079987187135,-0.06113963754137336,0.3395907463235517,11.210299208271454,4.0,1.0,-0.11507803779424201,-0.0677747760060474,0.34410036266962124,9.028013456220272,4.0,1.0,-0.1393974311100392,-0.06409893610649636,0.34301295570827717,5.14323522968227,4.0,1.0,-0.08950532461890168,-0.02991884792776151,0.33909661225470156,21.89304953055904,4.0,1.0,-0.09859252659530506,-0.04573158862561644,0.34313417182821476,20.560838992588607,4.0,1.0,-0.11337726042967247,-0.05468549045338142,0.34473775176939553,19.6592442459253,4.0,1.0,-0.1338063077425969,-0.057878242380861936,0.34505341476104745,17.191312737479564,4.0,1.0,1.0,0.0,0.0,0.0,1.0,0.0,0.0,0.0,1.0,0.0,0.0,0.0,163
-0.11727735802647486,0.02343021015751646,0.2978546249510367,10.30172429674276,4.0,1.0,-0.129074551675002,0.001824917144687566,0.2878801814736197,17.396829922481672,4.0,1.0,-0.1449074752774167,-0.019545606731645255,0.2851134726692872,15.259149340729227,4.0,1.0,-0.15741692861471235,-0.039096602000916435,0.2844361896760016,12.745065224019303,4.0,1.0,-0.17264496986229722,-0.05786682620546999,0.2977965469764114,15.846232024002802,4.0,1.0,-0.09994801620570753,-0.047831460214902505,0.2993776904988048,11.952408318813976,4.0,1.0,-0.09941989955695832,-0.07111889041742599,0.31731659577032717,11.117233123035874,4.0,1.0,-0.1138851349990907,-0.07997690479765857,0.325949049720318,12.450895349853049,4.0,1.0,-0.1353864532857103,-0.08253159137160337,0.3316607543193294,15.286869034774647,4.0,1.0,-0.08820948116056393,-0.05175231882634001,0.3168110239477771,4.298536725631953,4.0,1.0,-0.0943038176773834,-0.07425638573286569,0.3322334115682524,6.2255072997151855,4.0,1.0,-0.1126241287886249,-0.07936914072938633,0.3368907161366921,7.1552712300872985,4.0,1.0,-0.13604862574888507,-0.07820836972471165,0.3376538419632006,10.870806296054663,4.0,1.0,-0.0873828011769359,-0.040534575817691106,0.33135071130141946,8.094322330036936,4.0,1.0,-0.09395197285586776,-0.062223934865543194,0.34164662029309484,5.835992277728687,4.0,1.0,-0.11297575023823393,-0.06955415550111582,0.3467836105523831,3.482720724632398,4.0,1.0,-0.13664024332396146,-0.0681810660673524,0.346319332872695,4.003895471198105,4.0,1.0,-0.09173211105397384,-0.029925418788910616,0.3417543487219343,13.773484451258671,4.0,1.0,-0.09994188628141919,-0.04492705667718221,0.34674379803389205,10.76638238121653,4.0,1.0,-0.11355392165753413,-0.05421778719773793,0.3490778997959926,9.174962210023903,4.0,1.0,-0.13273073719743866,-0.05941612776611674,0.35010133849844843,7.7493337764716985,4.0,1.0,1.0,0.0,0.0,0.0,1.0,0.0,0.0,0.0,1.0,0.0,0.0,0.0,164
-0.11653935097722705,0.019775038965856934,0.29318113504181126,7.766500591406742,4.0,1.0,-0.12714709485470754,-0.002139271591671003,0.28214822049257277,14.3260999489729,4.0,1.0,-0.14379492685766046,-0.022607038702335144,0.2785991923268872,11.995516755315883,4.0,1.0,-0.15700445898908771,-0.0415466740340382,0.2771690873262155,9.473974878023888,4.0,1.0,-0.1732216870040238,-0.05962729898457085,0.28986315083748276,14.282589490938479,4.0,1.0,-0.09971116648220114,-0.05175684226348787,0.29631670458302534,8.635372878468223,4.0,1.0,-0.09711966232563748,-0.07533999061510109,0.314832855137952,8.770711920218693,4.0,1.0,-0.10993153192295718,-0.08636049061000546,0.32417004149120826,9.145260729835508,4.0,1.0,-0.1302367992949992,-0.09243696196187395,0.3305906419233051,10.026725835457794,4.0,1.0,-0.08929137719075189,-0.055275907621508254,0.3150669017943785,6.287499385545277,4.0,1.0,-0.09298913933580447,-0.07760471723308927,0.3316634569076963,7.1758923827054275,4.0,1.0,-0.11007360723061703,-0.08458919302091905,0.33642458141077547,7.855740203846277,4.0,1.0,-0.13248589555069448,-0.08622829026816421,0.336853789673115,9.898223458105619,4.0,1.0,-0.08927326278972555,-0.0434321502632833,0.3300921057514102,8.852632851255226,4.0,1.0,-0.09438882147420517,-0.0649187459850058,0.3414070970490278,4.643065821231296,4.0,1.0,-0.1127177894088651,-0.0728479762563503,0.3466589639313979,2.994166376929761,4.0,1.0,-0.13562912755970813,-0.0732281187123958,0.3457229348434122,4.73526277204553,4.0,1.0,-0.09408904648961795,-0.03225220410977832,0.34066764645685144,12.43319797488359,4.0,1.0,-0.10138394457878924,-0.04716378074827956,0.34612920784381335,8.176991317617627,4.0,1.0,-0.11435662016500739,-0.05703373797669496,0.3487048680911108,6.161141177635501,4.0,1.0,-0.1326991174736374,-0.06428013572971397,0.3495856799454855,7.043413576960766,4.0,1.0,1.0,0.0,0.0,0.0,1.0,0.0,0.0,0.0,1.0,0.0,0.0,0.0,165
-0.11558964082032752,0.018860721681870633,0.2905976600136542,8.272492521411394,4.0,1.0,-0.12347225969987867,-0.00790686790462009,0.2748264984958853,9.834407750525719,4.0,1.0,-0.13630460714338305,-0.03053424913335447,0.26618793870270413,10.176689399764431,4.0,1.0,-0.14755523575567603,-0.050311048240338545,0.26149848101047835,15.190442036908903,4.0,1.0,-0.16348361066316064,-0.07210065746765705,0.27208276370016193,18.344575357634405,4.0,1.0,-0.0970621184787709,-0.05780398462346543,0.2880956132802603,5.24697179701274,4.0,1.0,-0.09414627819686547,-0.08232534312642648,0.3070325272367353,2.605214456049971,4.0,1.0,-0.10552794935897168,-0.09526583223756124,0.31753395213533825,2.8186150678031363,4.0,1.0,-0.12409261977375129,-0.10409882219591055,0.32532511188955004,7.379958018734714,4.0,1.0,-0.08895147007734448,-0.05926169882009609,0.30897890692891833,5.707618322726708,4.0,1.0,-0.09186543736371149,-0.08305986712000242,0.3258748583030787,5.342515360781193,4.0,1.0,-0.10814451858994169,-0.09198534604576489,0.33125794312429185,4.577512093525722,4.0,1.0,-0.12927367256826316,-0.09552648293060613,0.33155399023113247,4.433549629630113,4.0,1.0,-0.09070141812072693,-0.04538137757800218,0.3264125334549379,7.082952288650558,4.0,1.0,-0.09443564178658817,-0.06946115862209566,0.33689411031931404,3.895192685331635,4.0,1.0,-0.11172997461856468,-0.07987558171139852,0.3426360114052879,3.6884066395836475,4.0,1.0,-0.13353967877492234,-0.08267229442936747,0.34126234684542384,7.0170912738909825,4.0,1.0,-0.09654409473841562,-0.03295763498742188,0.33882004149285877,8.92240123755243,4.0,1.0,-0.10275265085995927,-0.050504854837125863,0.3429901678500342,5.456621986449765,4.0,1.0,-0.11473869150943689,-0.06243256057845507,0.3452875687327292,4.844609102266817,4.0,1.0,-0.13186948841471247,-0.07132394748568818,0.3456530593851692,8.768826266738824,4.0,1.0,1.0,0.0,0.0,0.0,1.0,0.0,0.0,0.0,1.0,0.0,0.0,0.0,166
-0.11521091838581043,0.016617450345289577,0.28748677258587696,8.921173810387891,4.0,1.0,-0.12352638864847437,-0.00978151993583699,0.27155218402492026,9.68000908726276,4.0,1.0,-0.13666421980189553,-0.03193416366782587,0.2623135938756551,9.528015706473964,4.0,1.0,-0.14829049938868624,-0.05141296197688367,0.25693383783562046,14.881640142725173,4.0,1.0,-0.1651224211478589,-0.07367514611891568,0.2663673977522928,18.075073483941242,4.0,1.0,-0.09774686484395258,-0.06005577325008189,0.28425021624879193,5.180055489858017,4.0,1.0,-0.09492961141797379,-0.08498578973095124,0.30305930599803105,2.161569399886795,4.0,1.0,-0.1057879278410373,-0.09861951995767938,0.3137320692123177,2.1007807296746304,4.0,1.0,-0.1237302735632743,-0.10845857728410466,0.32223670246551617,7.218900394224946,4.0,1.0,-0.08953202214736093,-0.06187291350835102,0.3049974070677483,5.0870184096407485,4.0,1.0,-0.09240529821943173,-0.0863379322055281,0.3217217473979294,4.014577547705316,4.0,1.0,-0.10805593081144074,-0.09631091218837301,0.3273575413421563,4.247621715024118,4.0,1.0,-0.12866266254850048,-0.10106090317539942,0.3281369453554434,5.3069612944844815,4.0,1.0,-0.09094098491328903,-0.048352123861991024,0.32262643862725765,6.128260019153193,4.0,1.0,-0.0943920591939152,-0.0728370210342967,0.3328709737597765,3.1925936836035387,4.0,1.0,-0.1109001532569061,-0.08442750143253992,0.3392214957215669,3.138436171618657,4.0,1.0,-0.1323622286336883,-0.08846933596029478,0.33881543166561545,5.592191036865755,4.0,1.0,-0.09645535239930264,-0.03608956549463506,0.33520570480702544,7.632750409298829,4.0,1.0,-0.10240058505576978,-0.05389914707644694,0.33919295305875635,3.468888736751264,4.0,1.0,-0.11352060624649425,-0.0666235916804928,0.34177231064907315,3.5329651109205367,4.0,1.0,-0.1299788020301805,-0.07675019380294566,0.34295566618426965,6.917881720160874,4.0,1.0,1.0,0.0,0.0,0.0,1.0,0.0,0.0,0.0,1.0,0.0,0.0,0.0,167
-0.11443989956764218,0.014572078154925214,0.2891666384883358,8.386359462579856,4.0,1.0,-0.12242262935010827,-0.010831041367135056,0.2726645676026722,9.608125814049613,4.0,1.0,-0.13523503543005488,-0.03305355328979731,0.26354402642557073,9.088848578398544,4.0,1.0,-0.1464558147762905,-0.05281650183362078,0.25813771101144767,14.297505643638011,4.0,1.0,-0.16234511892967143,-0.0760870322919003,0.26721169733438177,18.61498523424328,4.0,1.0,-0.09658132973994239,-0.061277119579317876,0.2854135337127248,5.1995771942345,4.0,1.0,-0.09380736664691522,-0.08636907657098687,0.3038716706333961,2.6635725846916447,4.0,1.0,-0.10537272110638059,-0.09986951893130243,0.3138553758530692,2.178181147524839,4.0,1.0,-0.12390301254998883,-0.10926294574006455,0.32162185667627397,7.420948954719321,4.0,1.0,-0.08862876841407512,-0.0640610394090345,0.30638294279638956,4.8959943813018745,4.0,1.0,-0.09197336771739296,-0.08878952129450633,0.32230110677352775,3.2956407310527918,4.0,1.0,-0.10813459959207004,-0.09864815075953334,0.3277222156257996,3.338719748606199,4.0,1.0,-0.1292197852285811,-0.10287830862751839,0.32853209535172895,4.028358486921194,4.0,1.0,-0.09034047743017481,-0.05144925216635179,0.3240907496570343,5.695953650281114,4.0,1.0,-0.09398109531177734,-0.07619226363533715,0.3335368561496881,3.558995860137829,4.0,1.0,-0.11045787581847936,-0.08798390096182865,0.3396638682136639,3.4171434334031923,4.0,1.0,-0.1319611056477866,-0.09183480732404495,0.33940038104619585,5.564876410768856,4.0,1.0,-0.09605072526269859,-0.03984953183874155,0.33662083483615146,7.14305887137924,4.0,1.0,-0.10206744367368552,-0.057882264684348185,0.3401447777586532,4.273604997371338,4.0,1.0,-0.11305630642713427,-0.0709879226883876,0.3424403404620172,5.000331179321901,4.0,1.0,-0.12924870550534895,-0.08126504294600433,0.34362536354132595,7.773129496945812,4.0,1.0,1.0,0.0,0.0,0.0,1.0,0.0,0.0,0.0,1.0,0.0,0.0,0.0,168
-0.09956236871471878,0.014878316371886028,0.3168035740619407,8.196020192073787,4.0,1.0,-0.10845040013873455,-0.012821151083000339,0.3073254684401897,9.990694387980014,4.0,1.0,-0.1214780995532757,-0.03622822633534119,0.3017536946554985,10.823981415395142,4.0,1.0,-0.13205942167957765,-0.05660937444961669,0.3006995717097002,14.089526601194375,4.0,1.0,-0.14782332021760816,-0.07712386587746405,0.3129359160706298,15.505948315755928,4.0,1.0,-0.08224733997585061,-0.06149908344114148,0.3275303878420041,6.011436365320302,4.0,1.0,-0.07988437129148279,-0.08352405643378066,0.3483143409656425,3.6479957827893212,4.0,1.0,-0.09064319372869449,-0.0950464873927084,0.3609794991768762,4.638072560226261,4.0,1.0,-0.10731113411087916,-0.10617823029152983,0.3708797461876889,6.562381992207169,4.0,1.0,-0.07358853498176131,-0.06061036568948917,0.34752895162688924,7.386149384316071,4.0,1.0,-0.07591646629171883,-0.08153926942003736,0.36866245756874316,5.368981617005665,4.0,1.0,-0.09205167208717077,-0.08961311638366617,0.3758456603566114,3.312245031357413,4.0,1.0,-0.11221817673977699,-0.09580069028046993,0.37646354637273305,6.761230654583607,4.0,1.0,-0.07494186088160334,-0.044855421564030475,0.362276900602721,11.107201451584597,4.0,1.0,-0.07917146405032677,-0.06699140923111127,0.377036866126941,8.415294878080912,4.0,1.0,-0.09614560304697836,-0.07669624681408266,0.38412685511927563,7.336749555175967,4.0,1.0,-0.1163427253184006,-0.08421790894757261,0.3824879947347924,10.470996750457633,4.0,1.0,-0.0806051863562797,-0.031251054133321944,0.3725241108517421,14.483931243610229,4.0,1.0,-0.08820408219062434,-0.04741078840100338,0.37995477238300496,11.350078483461669,4.0,1.0,-0.10057408469026705,-0.05855078602380671,0.3836365340646249,9.561286069712562,4.0,1.0,-0.11621540502928618,-0.07017417754996862,0.38394998237440775,7.417771269005112,4.0,1.0,1.0,0.0,0.0,0.0,1.0,0.0,0.0,0.0,1.0,0.0,0.0,0.0,169
-0.09625146384434681,0.017085790623387238,0.32163665064341124,8.095266178733407,4.0,1.0,-0.10661502816907886,-0.0051712207135778164,0.31543872298469483,14.241644071023988,4.0,1.0,-0.123162756075864,-0.0258416622384072,0.31567437104771423,12.46693143620229,4.0,1.0,-0.1358134298498474,-0.04518460175803093,0.3166631312585001,10.45016600923853,4.0,1.0,-0.15300795863144526,-0.06179344106129801,0.33170866092894136,12.149564960113143,4.0,1.0,-0.08033916319320848,-0.05430735312645832,0.33886072608996715,7.722278420563688,4.0,1.0,-0.07801299481379984,-0.07574837453781355,0.36000981030285,9.660603082337019,4.0,1.0,-0.08982793684589022,-0.08586622215185942,0.3717084565444649,9.803938250208535,4.0,1.0,-0.10807160313493215,-0.0939805042938824,0.38173461402568126,13.215521273036952,4.0,1.0,-0.07059972223619357,-0.05586205750253734,0.35787719975635,6.173578132120598,4.0,1.0,-0.07289197504464569,-0.07560907240959693,0.37794527185285787,5.894773056154488,4.0,1.0,-0.09024759793583996,-0.0821654115733931,0.38562072778504125,7.9587247619688135,4.0,1.0,-0.11329202309241845,-0.08538045293038186,0.3888887669698647,13.041961393393327,4.0,1.0,-0.07128141179784311,-0.04208026893450967,0.3706098580418283,9.399268950975742,4.0,1.0,-0.07510079366635479,-0.062022233444543766,0.3854780489406935,4.7189823658957435,4.0,1.0,-0.09300325010553806,-0.0709808598475679,0.39308555084516633,2.6880959249301846,4.0,1.0,-0.11618309153321218,-0.0748500270730345,0.3941230011701957,6.568731735453085,4.0,1.0,-0.0766760857813193,-0.02951052522532017,0.37903927670558213,12.30107544168682,4.0,1.0,-0.08387217550014064,-0.043534467111112446,0.3868588033080807,9.112858113750413,4.0,1.0,-0.09576004460172502,-0.05446155522801275,0.3910653304623184,6.399723061079138,4.0,1.0,-0.11236437306606537,-0.06575681094390817,0.3933149949435043,5.382252907410843,4.0,1.0,1.0,0.0,0.0,0.0,1.0,0.0,0.0,0.0,1.0,0.0,0.0,0.0,170
-0.09613455370402688,0.017025779103634658,0.32093724816306585,8.49373653620541,4.0,1.0,-0.11026898250508543,-0.0026707702331163347,0.3189331353486919,17.694137395902274,4.0,1.0,-0.12640071494441185,-0.023754762750849066,0.3192791065488791,16.894443482663583,4.0,1.0,-0.13819602833825673,-0.04373475925380215,0.31965434158559,15.542268025100757,4.0,1.0,-0.1546864498623713,-0.06152534554410127,0.3327779249341602,16.229519113655666,4.0,1.0,-0.08312129384199878,-0.051594006354199064,0.34035701434096194,15.06526378958985,4.0,1.0,-0.07997411007508723,-0.07368172019291137,0.3601848933071923,15.65606578872666,4.0,1.0,-0.09159435647726105,-0.08391029797591441,0.37174687090075903,15.0599229036189,4.0,1.0,-0.10952837461788698,-0.09251200586756182,0.3822234995316554,17.33214808028338,4.0,1.0,-0.07075218329074816,-0.05522927212504505,0.3562093178958276,6.362150701012439,4.0,1.0,-0.07248551657643572,-0.07546959090706663,0.3759631849696745,5.042616665119775,4.0,1.0,-0.08935980791918219,-0.08333642285588776,0.38385511950779644,6.2035301565400625,4.0,1.0,-0.11234796658621114,-0.08834983718404175,0.38839919845272697,11.973032478233732,4.0,1.0,-0.06903290536239132,-0.04374869495433304,0.3664272529093821,12.278017726278673,4.0,1.0,-0.07319753067847033,-0.06366201070516282,0.38169447038965715,8.716302762162023,4.0,1.0,-0.09077839835869815,-0.07392308125551232,0.3894114370092589,6.811003035191355,4.0,1.0,-0.1142288557312237,-0.0793881336562128,0.39160687729335647,6.101989514098202,4.0,1.0,-0.07275348651912587,-0.03299057830895823,0.37314835529211837,21.05849507138045,4.0,1.0,-0.08043467227697577,-0.046932903881569434,0.3816048885555187,18.42097468582403,4.0,1.0,-0.09244436815776899,-0.058112646749095456,0.38610029296185355,17.272337728704944,4.0,1.0,-0.10903234026155849,-0.07009591174445075,0.3891457743720314,15.085724045956393,4.0,1.0,1.0,0.0,0.0,0.0,1.0,0.0,0.0,0.0,1.0,0.0,0.0,0.0,171
-0.09627166608229783,0.01658392035142525,0.3205580015060834,9.246298477485421,4.0,1.0,-0.11086579003953938,-0.0030494719003210614,0.31918588160612743,18.8660326338141,4.0,1.0,-0.12699279109699557,-0.02407713549888998,0.31873191641084564,17.900094153330826,4.0,1.0,-0.13862876332806717,-0.043982723880857645,0.3184431761020692,16.066456711908195,4.0,1.0,-0.1553054560894551,-0.06197492911259389,0.33121861289329874,16.126176067244685,4.0,1.0,-0.08382948457473398,-0.05198473736836054,0.3413922269147306,15.70717596269867,4.0,1.0,-0.0806902907681452,-0.07437969305083418,0.36123090392438506,15.781455155638128,4.0,1.0,-0.09221982943876414,-0.08500438129617355,0.37238812161606466,15.036833146770881,4.0,1.0,-0.1097690561699955,-0.09453325023984353,0.38233362016772776,17.29585520548027,4.0,1.0,-0.07131808753261505,-0.055550851068251084,0.3568829975337428,4.66286735700103,4.0,1.0,-0.07276716582775457,-0.07592997896943944,0.37658511376487847,4.423729597592089,4.0,1.0,-0.0892942307227351,-0.08428294672509819,0.3839691749178329,6.030840788997453,4.0,1.0,-0.11166335762925687,-0.09033491791341462,0.3877161862199691,10.727422419061273,4.0,1.0,-0.06942726477812583,-0.044028774333081847,0.3664681167849623,12.567675791239605,4.0,1.0,-0.07385719201425495,-0.06405018362000399,0.38158636014645897,9.01718603868354,4.0,1.0,-0.09094972953721456,-0.07491237829930884,0.3888985920789744,7.980314851074292,4.0,1.0,-0.11366015204926234,-0.08171675448923214,0.39050896571522575,5.911832726998072,4.0,1.0,-0.0730085887046854,-0.03326605699640019,0.3726665104873085,22.17967602869391,4.0,1.0,-0.08083372083091182,-0.047372610837014335,0.3808094639164956,19.88246032312302,4.0,1.0,-0.09253900088257151,-0.058875280281406345,0.385058363409802,19.38498228092132,4.0,1.0,-0.10833025072249373,-0.07178082617412046,0.3874566253720417,17.47416869076533,4.0,1.0,1.0,0.0,0.0,0.0,1.0,0.0,0.0,0.0,1.0,0.0,0.0,0.0,172
-0.09731204600069503,0.015474938753731118,0.32068457966292363,8.510349007778219,4.0,1.0,-0.11042760646307022,-0.005192633070242949,0.31720877200377046,16.79848438983303,4.0,1.0,-0.1270342029365073,-0.025887678870109114,0.31705038916614486,15.51150977872717,4.0,1.0,-0.13929929727275564,-0.04553690456159687,0.31739472945694847,13.671534126154642,4.0,1.0,-0.15650288205363386,-0.06293721070240976,0.3311339427830671,14.744911022134874,4.0,1.0,-0.08387183212998738,-0.05413757136549683,0.339169099640376,12.061476275714156,4.0,1.0,-0.08100325606729192,-0.07603616725567845,0.35943995718250715,13.55154417261802,4.0,1.0,-0.09208830735761205,-0.08654298356105765,0.3713789667934746,13.603292982266545,4.0,1.0,-0.10911041491069833,-0.09580319215272734,0.38256480262293185,17.336256374051157,4.0,1.0,-0.07254017786053259,-0.056701825401869126,0.356209704672804,5.993269563170079,4.0,1.0,-0.07498008995916867,-0.07667356312701615,0.37596147028533566,5.720317626444308,4.0,1.0,-0.09148549983026241,-0.08402408754811443,0.3837166441490222,8.406337879835391,4.0,1.0,-0.11335814311868908,-0.08899791440648963,0.3876543602336855,14.929983428191218,4.0,1.0,-0.07170990015336957,-0.044069004049889796,0.36750875115969317,10.072416382696284,4.0,1.0,-0.07637172564869968,-0.06378479004083637,0.38239436130214455,6.671424338565234,4.0,1.0,-0.09312077596719945,-0.07402299730020648,0.39034801533697694,2.907713103065361,4.0,1.0,-0.11518658920000824,-0.08061624904877775,0.39222562662486793,5.647588716576774,4.0,1.0,-0.07613226279730051,-0.032349968094064374,0.3750453450419496,16.58422891576857,4.0,1.0,-0.08372269656101754,-0.04603571979344886,0.3833114311946502,13.988449846612898,4.0,1.0,-0.09525634509018607,-0.05714297007928954,0.38794370582202,12.03875915722643,4.0,1.0,-0.1107905213020465,-0.06969066877850844,0.39099682568185734,9.016076618550152,4.0,1.0,1.0,0.0,0.0,0.0,1.0,0.0,0.0,0.0,1.0,0.0,0.0,0.0,173
-0.09807375579517974,0.014419201386543184,0.32040363597621224,8.719903465420883,4.0,1.0,-0.1109010795068037,-0.006362312791936121,0.31635686610535707,15.676629555314666,4.0,1.0,-0.12734115849062116,-0.027011292755185465,0.3158106441151527,13.889884213738814,4.0,1.0,-0.13956780377841121,-0.04646051428593538,0.31574090832540036,11.403819987539599,4.0,1.0,-0.15712739305116813,-0.06376812872253325,0.3289604944980931,13.558571281423577,4.0,1.0,-0.08478339473712844,-0.055587107826987496,0.33920298254672987,10.606771444798962,4.0,1.0,-0.08239927023009336,-0.07764586221402192,0.3595621079136854,12.080350884203625,4.0,1.0,-0.09367313207152907,-0.0883520482730286,0.3712585252251664,12.159072001563011,4.0,1.0,-0.11114235155617726,-0.09761533368067217,0.38196244600817536,15.323378777970145,4.0,1.0,-0.0737326950009305,-0.058037900657055504,0.35672748000174404,4.839013698623933,4.0,1.0,-0.07547136276417378,-0.07772872445035349,0.3767728977413422,5.195468745960103,4.0,1.0,-0.09247899232265155,-0.08466431799759605,0.384365137861772,7.895203989972728,4.0,1.0,-0.11523886895769969,-0.08868807455427588,0.3879888095480271,13.273543927478439,4.0,1.0,-0.07301873679649382,-0.045137477960824963,0.36816569203856353,8.716952102757483,4.0,1.0,-0.07779565316525472,-0.06486698156854083,0.3829596768194461,4.939131358956123,4.0,1.0,-0.09554749626995403,-0.07414135108237582,0.39060775178156776,2.8356822381063376,4.0,1.0,-0.11875406058785604,-0.07885888215886784,0.39221846623305007,5.736884236481231,4.0,1.0,-0.07740255883035592,-0.03318447201285936,0.3756951541986388,13.790908483351423,4.0,1.0,-0.08531121826885249,-0.04695093116551641,0.38368039684854977,11.762976176155956,4.0,1.0,-0.0974490873176896,-0.05765226559392078,0.38816727657060623,10.750150303746267,4.0,1.0,-0.11408096888819795,-0.06920690567833218,0.39113034770496685,9.481909429962638,4.0,1.0,1.0,0.0,0.0,0.0,1.0,0.0,0.0,0.0,1.0,0.0,0.0,0.0,174
-0.09840782582238561,0.013452702972733694,0.3200469427864397,8.202180804761493,4.0,1.0,-0.110909723337002,-0.0076410385993430615,0.31541690516884363,14.95895112213718,4.0,1.0,-0.12759018776163503,-0.028253004000243102,0.31518596764323065,13.612804768401059,4.0,1.0,-0.14011472267854758,-0.04771621381623138,0.31566055064895654,11.036034223482252,4.0,1.0,-0.15800607606352843,-0.0650451436261202,0.32934788027879563,12.90275252536091,4.0,1.0,-0.0851344951941707,-0.05656459893630803,0.33811804095391945,9.699603228222719,4.0,1.0,-0.08273407939462947,-0.07851839570422327,0.35852395253206926,11.57434041116693,4.0,1.0,-0.0940833054802596,-0.08918685843291008,0.3703014437902828,11.353253727675938,4.0,1.0,-0.1114114365863872,-0.09843660782998943,0.3813637536287286,14.220860990854131,4.0,1.0,-0.07444651208092111,-0.05870088667301813,0.3560524587182039,5.528896917883691,4.0,1.0,-0.07619550857952737,-0.07843627005267363,0.376171868550068,4.848901950733223,4.0,1.0,-0.09284489483003625,-0.08553953566633452,0.3839158584139718,7.95490219877896,4.0,1.0,-0.11501535765096961,-0.09004772406550966,0.38773216921708686,14.147451731037249,4.0,1.0,-0.0740848188631391,-0.04555838420506707,0.36799257760922716,9.839207566447008,4.0,1.0,-0.07884881144485216,-0.06526003984256762,0.38280546847706565,5.187446336533358,4.0,1.0,-0.09634716228336997,-0.07464798988133461,0.3906257239603425,2.4321772209691455,4.0,1.0,-0.11924998113906134,-0.07986830276744183,0.39226713798251234,6.623248981743271,4.0,1.0,-0.07875818600313529,-0.03342077173783111,0.37591648415909407,14.519154777807513,4.0,1.0,-0.08669646482778674,-0.04725197824774351,0.3837433865016301,11.759846439945335,4.0,1.0,-0.09858008221727176,-0.05810255032598789,0.3882108760184161,10.680436149138327,4.0,1.0,-0.11484140705119929,-0.07005923248921149,0.39130330257180085,8.895088874277535,4.0,1.0,1.0,0.0,0.0,0.0,1.0,0.0,0.0,0.0,1.0,0.0,0.0,0.0,175
-0.09824596518242074,0.012920108772964218,0.3202546750089473,6.971341921024053,4.0,1.0,-0.11077370761580102,-0.008566904169399139,0.31442445657488544,14.34272454786084,4.0,1.0,-0.12763352313099588,-0.02942210732696897,0.31388635320293323,13.043178929263291,4.0,1.0,-0.14025975273307217,-0.049043732427475735,0.3143559171839424,10.589884221965379,4.0,1.0,-0.1585053867382326,-0.066136475582803,0.328225734863806,12.955234345591371,4.0,1.0,-0.08572850189741356,-0.05791052670091003,0.3369262086217963,8.117518287012983,4.0,1.0,-0.08321023006936012,-0.08005959406291092,0.357280150162715,10.348660537871835,4.0,1.0,-0.09440363336133374,-0.09101571990877727,0.3690229464709434,10.565568609725698,4.0,1.0,-0.11156027716392236,-0.10083751429510532,0.3798902103937154,13.87370301474305,4.0,1.0,-0.07536452920817084,-0.05993873095491665,0.35547253224435404,4.72457658706297,4.0,1.0,-0.07752020755838888,-0.08014822758650444,0.37493916250669096,3.8573967534598586,4.0,1.0,-0.09408007172557614,-0.08757455208651035,0.38297433337276854,7.235462462474768,4.0,1.0,-0.11629227809999028,-0.09227878074045281,0.3872992489189606,13.076169846367904,4.0,1.0,-0.07504822881806292,-0.04656387657453324,0.3680437256967113,8.97094819478632,4.0,1.0,-0.07970002267201054,-0.06663251037381056,0.38224189452760404,4.556025622838666,4.0,1.0,-0.09705109145492676,-0.07637757129864829,0.39002321326989714,1.722449048476694,4.0,1.0,-0.11971125022241325,-0.08208116387392511,0.39157063361293964,6.16112957957731,4.0,1.0,-0.07972241632316507,-0.03418980735010144,0.3763993803578472,13.310884791810258,4.0,1.0,-0.08713466775689864,-0.04820326384117958,0.38421554820806497,10.806689650557537,4.0,1.0,-0.09889647129767078,-0.059234748667282476,0.38870727533736693,8.369518672542078,4.0,1.0,-0.11505568240401225,-0.0713130068192827,0.39154411471823,6.758882478678263,4.0,1.0,1.0,0.0,0.0,0.0,1.0,0.0,0.0,0.0,1.0,0.0,0.0,0.0,176
-0.10019074969240517,0.013929324514187004,0.32111743345407207,9.372119264726935,4.0,1.0,-0.10849919866275592,-0.014461601814820445,0.31154539939002,9.254874774976486,4.0,1.0,-0.12262977588725668,-0.03778855679200099,0.3088026571381523,7.37698885360385,4.0,1.0,-0.13392103463109636,-0.05834869775904071,0.3080967253082474,8.59572291019749,4.0,1.0,-0.15103407845043657,-0.07850975553222518,0.32093271241351023,11.57281162266245,4.0,1.0,-0.08237312485327616,-0.06304635412894946,0.3341022996544399,3.669632834546191,4.0,1.0,-0.08074471041874506,-0.08523354871504026,0.35531660000655446,1.7992815528732051,4.0,1.0,-0.09205707571435949,-0.09672481877977114,0.3672735589729055,1.4742956481153153,4.0,1.0,-0.10862827179778543,-0.10793422198517642,0.3780088725498744,5.773245977985015,4.0,1.0,-0.07446165158803401,-0.061250205150328065,0.3544155224286161,4.2802839853382935,4.0,1.0,-0.07673006265443384,-0.08233255301719083,0.3744532879859091,2.6091058265346603,4.0,1.0,-0.0926034818632478,-0.09125288678647014,0.381907528725445,2.398960455570209,4.0,1.0,-0.11325866055354934,-0.09829459801905946,0.38465974724750346,5.897293144177428,4.0,1.0,-0.07669355261152004,-0.04459272058222667,0.36887222611067066,6.599201971430309,4.0,1.0,-0.08062369868030919,-0.06689998185254772,0.382615436358755,4.2327437907291205,4.0,1.0,-0.09740021163876761,-0.07792582363320168,0.39011505665966995,2.3791040215396833,4.0,1.0,-0.1188395358701255,-0.08545805114265871,0.3906536061685006,5.573642943919638,4.0,1.0,-0.0831421111119495,-0.0301922638419456,0.3786727525463684,8.970138309822278,4.0,1.0,-0.0897268528233014,-0.04650669269097975,0.3854704379916007,7.387077888498377,4.0,1.0,-0.10085088241357994,-0.05885409436338802,0.389605035557274,6.317843676689369,4.0,1.0,-0.11614434455552965,-0.07162408166943651,0.3919726691501166,6.262715887869739,4.0,1.0,1.0,0.0,0.0,0.0,1.0,0.0,0.0,0.0,1.0,0.0,0.0,0.0,177
-0.09941057867542859,0.012955959543678255,0.32081462985227593,7.472727843496235,4.0,1.0,-0.11022072013085363,-0.009448023457282937,0.3139606880624327,13.98421178195536,4.0,1.0,-0.12686138713434664,-0.030314131653386214,0.3131838734710042,11.518601268263478,4.0,1.0,-0.13964774667403898,-0.04976256691950139,0.31344527684675555,8.168346233396136,4.0,1.0,-0.1582038410828183,-0.06693949323979267,0.326613868498592,9.079392280245777,4.0,1.0,-0.08516883583825686,-0.058445107956859775,0.3373616536537309,6.63169512602908,4.0,1.0,-0.08312713996975332,-0.08042924897969041,0.3581118127430909,9.45295833461066,4.0,1.0,-0.09450268220192715,-0.09126652861038007,0.36951801072519386,9.498226401286448,4.0,1.0,-0.11191743859241893,-0.10088195152748872,0.3800328417065766,11.75710830959703,4.0,1.0,-0.0758078162707215,-0.05968910068125532,0.3566211809412745,4.560761266452529,4.0,1.0,-0.07776535213973491,-0.07960545950794941,0.3763320078079697,4.787714298932869,4.0,1.0,-0.09419902444779446,-0.08697820153907881,0.38410178184601446,7.327906743350679,4.0,1.0,-0.1161810858305084,-0.09198603578264852,0.38808194916015887,11.885493451764166,4.0,1.0,-0.07657535347727949,-0.0455830446677777,0.3696156662027532,8.688372140291035,4.0,1.0,-0.08119508508793395,-0.06557044839863992,0.3834794038808564,4.563003821151002,4.0,1.0,-0.09830203171946136,-0.07527419959572021,0.3912107201708067,1.8366314501309475,4.0,1.0,-0.12054900652667833,-0.08134145699287602,0.3926359244877507,6.19403896459442,4.0,1.0,-0.08198979334381964,-0.03271240243612625,0.3781934164331926,12.109662660186856,4.0,1.0,-0.08929445262215799,-0.04659808945805079,0.38585541518810745,9.348565603132702,4.0,1.0,-0.1008735963583384,-0.05744887662072065,0.39034541253496235,6.401238813843589,4.0,1.0,-0.1167696008075208,-0.06955205178961937,0.3935483498968702,5.202845721808865,4.0,1.0,1.0,0.0,0.0,0.0,1.0,0.0,0.0,0.0,1.0,0.0,0.0,0.0,178
-0.09965209526433966,0.013649278631829317,0.321041197755964,7.135649669725884,4.0,1.0,-0.11015460685432536,-0.009296531754070789,0.31309346151084394,13.676035160344327,4.0,1.0,-0.12666671919078892,-0.030461874437729432,0.3128110368534805,11.0914876193601,4.0,1.0,-0.13920368413270215,-0.05021124545741622,0.31350098453136144,7.362468517124627,4.0,1.0,-0.15756605605310806,-0.06805228879921568,0.32650673121944945,8.385065389858338,4.0,1.0,-0.08507546721748546,-0.0584856606201565,0.33620986406596404,5.673545594274975,4.0,1.0,-0.08245985813912918,-0.08048295574578399,0.35702741541624394,8.656335389224346,4.0,1.0,-0.09339726662437774,-0.09159354451698881,0.3688575344695957,8.963231674532611,4.0,1.0,-0.11004835946190099,-0.10195396054422746,0.3798478234065537,11.347952145527781,4.0,1.0,-0.07591777363501467,-0.05954236893377184,0.35607483184551225,5.130037201445386,4.0,1.0,-0.0773693752580629,-0.0795207668323992,0.37584209796254336,4.69277718353602,4.0,1.0,-0.09336622149253028,-0.08732885273916759,0.3838279333779503,7.374407461529703,4.0,1.0,-0.11466707845179946,-0.09346723911159964,0.3880458560112095,12.247973928635595,4.0,1.0,-0.07679145697931979,-0.04518707457194015,0.3697949685748401,9.395969719010976,4.0,1.0,-0.08104268243592803,-0.06526153496200146,0.383858638943598,4.817156235043262,4.0,1.0,-0.09796075385410538,-0.07513637050820156,0.3916968743286586,2.1923019879782473,4.0,1.0,-0.11975289733178948,-0.08209328779432458,0.39305560158250147,6.613879011176849,4.0,1.0,-0.0823540534309317,-0.03210187283365781,0.3788791145990578,12.593895603997845,4.0,1.0,-0.08974801837004952,-0.045995310154922225,0.38652768753352496,9.258646586547938,4.0,1.0,-0.1014506406889196,-0.0568606321578797,0.39102582233744176,6.161231716321183,4.0,1.0,-0.11727996133203417,-0.06921521043853536,0.39410634997149246,4.493906749913489,4.0,1.0,1.0,0.0,0.0,0.0,1.0,0.0,0.0,0.0,1.0,0.0,0.0,0.0,179
-0.10043143786434947,0.012917470250838017,0.3206515861808295,8.983178902928884,4.0,1.0,-0.11102290879820376,-0.009232282822376814,0.3142177954450859,15.226845849084178,4.0,1.0,-0.12711904355126213,-0.030493830320521664,0.3137618963877311,11.779818204845835,4.0,1.0,-0.13952608700812383,-0.050189312280377534,0.31432764694939386,7.321634564920828,4.0,1.0,-0.15764211449972154,-0.06848181150258124,0.32713958829141987,7.74405866197095,4.0,1.0,-0.08524861015593081,-0.058404500291259785,0.3370899819619202,5.969731842989428,4.0,1.0,-0.08272526521769316,-0.08062321299445588,0.35784892172031524,8.455230249400527,4.0,1.0,-0.09361454917786635,-0.09163369710958484,0.3697119606416778,8.511384516880334,4.0,1.0,-0.11046950846190516,-0.10127940899582512,0.38096060314400054,11.822634822538268,4.0,1.0,-0.0755763242214327,-0.05995735419204083,0.3561245495581752,5.161878567865124,4.0,1.0,-0.07745403353598482,-0.08032446795792451,0.3759093865082363,5.3525888208224375,4.0,1.0,-0.09377183894863406,-0.08766264702176702,0.38374912995451477,7.776294846076939,4.0,1.0,-0.11543279168663793,-0.09251730691509713,0.387529418432717,13.000853989988245,4.0,1.0,-0.07614819565907786,-0.04614892164731279,0.36912114246493377,9.186256015210837,4.0,1.0,-0.08020656468492325,-0.06624542662034855,0.3837475586522149,4.941798229177485,4.0,1.0,-0.09682662912474338,-0.07605896231387367,0.39211112436333223,2.1375635628570615,4.0,1.0,-0.11847771432462945,-0.08240099345835514,0.39399209641984273,7.174273838213591,4.0,1.0,-0.08137466773227407,-0.033518409479650006,0.37783945006049396,12.088326845891533,4.0,1.0,-0.0887244959954674,-0.047428926984154546,0.38590229638403223,8.722708828722322,4.0,1.0,-0.10017328735344593,-0.0583178721470828,0.39080707163633843,6.614362393276753,4.0,1.0,-0.11585483665185094,-0.07021495385262956,0.39463163372128945,5.18555735020735,4.0,1.0,1.0,0.0,0.0,0.0,1.0,0.0,0.0,0.0,1.0,0.0,0.0,0.0,180
-0.10047785871652072,0.013560136086285495,0.3202746111347914,8.541415421228582,4.0,1.0,-0.11328921831928426,-0.007527959826340761,0.3161603823826757,16.609794966278283,4.0,1.0,-0.13007880522987367,-0.02861937722713498,0.3165675462234123,14.74843800394732,4.0,1.0,-0.14270738547966386,-0.04849764012162954,0.31747340826259973,12.404851144352607,4.0,1.0,-0.1617860881335507,-0.06676844313972172,0.3302425023214718,15.487364676991326,4.0,1.0,-0.0865172733533385,-0.05721103401912687,0.3374781676792344,8.975831143626337,4.0,1.0,-0.08333433555897281,-0.0798398182815468,0.3581605244618916,10.876723139064337,4.0,1.0,-0.09425009619020078,-0.09060938785235356,0.37029345703754984,11.625410267757815,4.0,1.0,-0.11094783577590471,-0.10006939160211613,0.38206897077980373,15.321612935026566,4.0,1.0,-0.0753650140757526,-0.059784043914798204,0.35486357353478293,4.825966689036415,4.0,1.0,-0.07644009734307189,-0.08020807025421028,0.37506495699307274,5.314867491538716,4.0,1.0,-0.09240892779642519,-0.087990348189211,0.3832131598857025,8.218073022580024,4.0,1.0,-0.11403627291211053,-0.09341172170052807,0.3878445794901693,14.611039560859691,4.0,1.0,-0.07477420489870334,-0.04694367085110202,0.36664824379515576,10.695961726274868,4.0,1.0,-0.0792757170759063,-0.06666274139866409,0.3818776825088984,6.87897162910328,4.0,1.0,-0.09630365427097635,-0.07638858355776725,0.39059046400917885,3.3552133147318317,4.0,1.0,-0.11869887816456813,-0.0823293340287109,0.39334611243554113,6.898447758567305,4.0,1.0,-0.07934610298211502,-0.035037256073513906,0.37458661655148506,16.330417477850716,4.0,1.0,-0.08735363221112485,-0.04835149054848598,0.38336632462670484,13.007892814779193,4.0,1.0,-0.09934215919179133,-0.05877221748554843,0.38865845698565143,11.017479367894657,4.0,1.0,-0.1155770471224409,-0.07039172972740719,0.39280859369048854,7.809004373811478,4.0,1.0,1.0,0.0,0.0,0.0,1.0,0.0,0.0,0.0,1.0,0.0,0.0,0.0,181
-0.10117796848411886,0.014640683905120973,0.3207269610044703,6.609481029217557,4.0,1.0,-0.11013673876914518,-0.014383420662250252,0.31159569281250477,6.209628791712823,4.0,1.0,-0.12357247315231192,-0.03847872695853486,0.3098458348218913,8.429639533571125,4.0,1.0,-0.13469764762422545,-0.05963337444200166,0.30997871770378443,10.902513283907105,4.0,1.0,-0.15236914771591967,-0.08131361267515785,0.32133485702783776,12.795225356864496,4.0,1.0,-0.08263171716883325,-0.06258975973910227,0.33193571811725303,5.720511456253968,4.0,1.0,-0.08037629539748374,-0.08622100381882872,0.3526419536288021,2.713907760644685,4.0,1.0,-0.09188213243711903,-0.09786365817109335,0.3643210572038159,2.5318980113435314,4.0,1.0,-0.10918704497391983,-0.10778792292402657,0.37486100462079763,7.518604244783939,4.0,1.0,-0.07350386227534518,-0.06071093621370158,0.3517617904165983,5.4329406488812415,4.0,1.0,-0.07656236937966611,-0.08321111265759293,0.37088349668577136,2.6543771135907104,4.0,1.0,-0.09315856066015903,-0.09195590498787516,0.3782644844228155,2.5670400088289167,4.0,1.0,-0.11477350936276853,-0.09764464558263401,0.38152062705414114,6.619226755647606,4.0,1.0,-0.0748158773004331,-0.044236480166195996,0.3665667075435624,6.823943296229829,4.0,1.0,-0.07923620832834269,-0.06679514303162326,0.380397871091498,3.859799185131383,4.0,1.0,-0.09701426307444193,-0.07710709049696288,0.38851395718617776,4.242881424069033,4.0,1.0,-0.11962175676134353,-0.08257087945820861,0.39014265097140477,8.031134306318414,4.0,1.0,-0.08052283579233853,-0.030226371188033316,0.3769654808396144,8.923602685332124,4.0,1.0,-0.08727074078104413,-0.04654248729609754,0.384573551514809,6.322646604565449,4.0,1.0,-0.09979236967079597,-0.05784545628182855,0.38922736902272137,5.177666765299504,4.0,1.0,-0.11706376965611515,-0.06779586108599979,0.39179153336842726,6.052464339155727,4.0,1.0,1.0,0.0,0.0,0.0,1.0,0.0,0.0,0.0,1.0,0.0,0.0,0.0,182
-0.10224547874211885,0.015501537184363222,0.31676224162658584,5.793123843545941,4.0,1.0,-0.11184083347033812,-0.013977391158749564,0.30661881000864294,6.903832293070179,4.0,1.0,-0.12437313764189714,-0.03897150976748088,0.3059280495451632,10.405033113759762,4.0,1.0,-0.13489867486138696,-0.060991873073093505,0.3071897505436555,14.123805480888965,4.0,1.0,-0.15275391541922517,-0.08412718581669046,0.3192847594971081,13.671126891968804,4.0,1.0,-0.08408538707861526,-0.06261759095015342,0.3250758185832341,6.8737481537620955,4.0,1.0,-0.08449708791209144,-0.08821902203786344,0.3444185372820351,4.987966088330379,4.0,1.0,-0.0979730010468854,-0.09806209964554793,0.353266180621121,2.2501423833026672,4.0,1.0,-0.11717637515985081,-0.10420875362732634,0.3607269113435149,3.875901960559156,4.0,1.0,-0.07431988682864643,-0.060757412269601026,0.3450848137313644,5.8092080460647875,4.0,1.0,-0.08169286572603589,-0.08436284259461048,0.3613020462183329,4.339507547332513,4.0,1.0,-0.09886899619208918,-0.09216690723567728,0.36722720849451346,3.6138743921884373,4.0,1.0,-0.12061623853432442,-0.09656008889819669,0.3697155206629892,6.150312864889316,4.0,1.0,-0.0750889990541847,-0.044245330394709084,0.3607306125653183,5.556023220740377,4.0,1.0,-0.08199534258115153,-0.06717272612258912,0.37298675148938093,2.076688430106623,4.0,1.0,-0.10099581920947868,-0.07574907853915787,0.38007455145884894,4.148054025056997,4.0,1.0,-0.12394322585797188,-0.07837340330448185,0.38121692728457823,9.844074500042694,4.0,1.0,-0.08050131134360637,-0.030220102992777935,0.3719791694166299,6.817937011170582,4.0,1.0,-0.08584731256920741,-0.046930905945210495,0.3802262761564118,5.728846417032921,4.0,1.0,-0.09942421653791174,-0.05662056510350081,0.38441137157684224,6.496126641630215,4.0,1.0,-0.11733640751541434,-0.06218076573254814,0.3842644029666206,8.308984684863624,4.0,1.0,1.0,0.0,0.0,0.0,1.0,0.0,0.0,0.0,1.0,0.0,0.0,0.0,183
-0.10472186850391603,0.01466240421655298,0.31412555090368116,7.7244427470660355,4.0,1.0,-0.11425184879329317,-0.014969788821663634,0.303413918243005,8.263068677950933,4.0,1.0,-0.12597594460698633,-0.04021720149048397,0.3022031546061579,10.96728608596931,4.0,1.0,-0.13570017500164272,-0.06261216703679913,0.3032292020863146,14.503467407149227,4.0,1.0,-0.1537236580028018,-0.08592676156352165,0.31520854037608476,13.113435474672725,4.0,1.0,-0.08612280007306382,-0.06417744676287726,0.3205733488302127,7.558922380384325,4.0,1.0,-0.08870217597713402,-0.08975231867445384,0.3390452469384114,5.9260363207865145,4.0,1.0,-0.10347422387579096,-0.09785932204807145,0.34700734651637977,3.043075980149591,4.0,1.0,-0.12364368849386072,-0.10048879533728425,0.35281840854073254,4.333157421147515,4.0,1.0,-0.07620169171434249,-0.06237344020925599,0.34045141373130483,6.177445012547643,4.0,1.0,-0.08586309782746727,-0.08500278371618386,0.3560320405583244,4.4162121276482775,4.0,1.0,-0.10386741666629505,-0.0907417135815183,0.3611827717891316,3.431175275183133,4.0,1.0,-0.12601203754284654,-0.09185536017057344,0.3624246992309966,7.4975045924663615,4.0,1.0,-0.07681460131308361,-0.04572062920517643,0.35635580149545165,5.3303065933558305,4.0,1.0,-0.0840705573525372,-0.0685742231991832,0.36824303733862435,2.6051841855499025,4.0,1.0,-0.1034418778999471,-0.07591793369847431,0.3745731476063401,3.4513759147219893,4.0,1.0,-0.12631227459490674,-0.07627274919395689,0.3745857232399433,9.397731748739947,4.0,1.0,-0.08209311686477001,-0.03148972398864838,0.36789044535980747,6.287963838748368,4.0,1.0,-0.08703684232355442,-0.04804227224653922,0.37624615280620116,5.42731471768582,4.0,1.0,-0.10106637232647439,-0.05664388925168767,0.3799345711300999,6.0155124571551415,4.0,1.0,-0.11912243612807304,-0.06029954386467153,0.3786529328811447,8.904345076199851,4.0,1.0,1.0,0.0,0.0,0.0,1.0,0.0,0.0,0.0,1.0,0.0,0.0,0.0,184
-0.1081061085026877,0.012803046615171482,0.3109071686892564,8.984146873359173,4.0,1.0,-0.11768234019292288,-0.016562215825476772,0.3001840755884872,8.347331530670779,4.0,1.0,-0.12863568256571561,-0.04220385367300074,0.29790355710097866,10.066854554764205,4.0,1.0,-0.1375543941212937,-0.06491835013109798,0.2984291322497306,12.52306577422687,4.0,1.0,-0.1554471096218136,-0.08820460201792976,0.31054504897523133,9.88520826344637,4.0,1.0,-0.08822764172128841,-0.06563420841464254,0.3160920944634371,6.005504028905267,4.0,1.0,-0.09163079956265152,-0.09160199639228428,0.3346200187581287,4.23544520253154,4.0,1.0,-0.10873453039759225,-0.09437956915372561,0.3405377005127091,3.3500968484811873,4.0,1.0,-0.1299652597671412,-0.08878034883176561,0.34259503260048596,7.732881890052005,4.0,1.0,-0.07788059355161617,-0.06418038472369152,0.3357208570025834,5.731279127440407,4.0,1.0,-0.08850561147709127,-0.08638518444741748,0.35210374208784856,4.797592875407335,4.0,1.0,-0.1079049962625697,-0.08914545442780407,0.35629402404791305,5.076823631010794,4.0,1.0,-0.13087069563576326,-0.08515613677038948,0.35592023350740354,7.852437694093156,4.0,1.0,-0.07837627095298587,-0.047962455629542926,0.3516660508355136,5.407048177900726,4.0,1.0,-0.08621396767397474,-0.0706213001817118,0.3636907457996719,3.734355848468607,4.0,1.0,-0.10722324412714082,-0.07506013498071454,0.368636501628433,5.178255166323114,4.0,1.0,-0.13048019972186026,-0.0703490316001547,0.36715322256870314,9.896324386927933,4.0,1.0,-0.08361459298512118,-0.034111677439661696,0.3632850940073465,6.331887144336898,4.0,1.0,-0.08850767559413825,-0.050856459879567543,0.3711953693969883,6.665881130044342,4.0,1.0,-0.10365876590460442,-0.05836821205527002,0.3738576293872691,6.593736129406141,4.0,1.0,-0.12238445683232066,-0.05935724722285282,0.371449419412784,9.24640743030529,4.0,1.0,1.0,0.0,0.0,0.0,1.0,0.0,0.0,0.0,1.0,0.0,0.0,0.0,185
-0.11109892332401637,0.011608853729447925,0.31088480399426516,7.813698445773554,4.0,1.0,-0.12259292213027992,-0.011671851469903745,0.3015610501493277,15.819707587686011,4.0,1.0,-0.13482717841735534,-0.03475857784366001,0.2965812290798385,15.34098924974758,4.0,1.0,-0.1435937785052509,-0.056736239176307914,0.29562869145083676,14.70344375407729,4.0,1.0,-0.15813327921056516,-0.07813822259437586,0.30542716723860375,21.352318049462284,4.0,1.0,-0.09152041788115635,-0.060803118117134416,0.31142316001216164,10.58029407741256,4.0,1.0,-0.09223015730535852,-0.08599595245146012,0.3284832350185701,13.385242899081751,4.0,1.0,-0.10843721309603006,-0.08464701692788873,0.3338839876999352,13.197798071721886,4.0,1.0,-0.12735997064726387,-0.0703066556854559,0.333124894746664,16.442767174196707,4.0,1.0,-0.07841092680145416,-0.06310710668163778,0.32885673800853543,5.860898989764602,4.0,1.0,-0.08674499188349882,-0.08434425470198682,0.3446153873895211,6.904413476698233,4.0,1.0,-0.10593503690458611,-0.08097710402709003,0.34742306427163744,6.931984174905924,4.0,1.0,-0.12492504126432394,-0.06578412443199158,0.3421897933332662,11.69281756346385,4.0,1.0,-0.07658792919833635,-0.050447770541921295,0.34426104413823383,9.470068002823412,4.0,1.0,-0.08351249374199901,-0.07159370682087364,0.3553476338443162,6.391080587021132,4.0,1.0,-0.10385483814268666,-0.07130584058384695,0.3581269796751471,2.435960365287823,4.0,1.0,-0.12256463395258531,-0.056639094357304236,0.35097207748703096,9.440733146779548,4.0,1.0,-0.08013771458214568,-0.03897079534707478,0.3557082118283708,14.137238774959192,4.0,1.0,-0.08489478348897682,-0.0538145856568951,0.36323437181082685,12.811257631899082,4.0,1.0,-0.10011203075768234,-0.05640637920085138,0.36335759506454546,8.21603737899154,4.0,1.0,-0.11600946484909842,-0.04879461084986612,0.35607741330550957,10.707630445644005,4.0,1.0,1.0,0.0,0.0,0.0,1.0,0.0,0.0,0.0,1.0,0.0,0.0,0.0,186
-0.11877362574703071,0.012416669435641663,0.31189532469741976,7.645417084011294,4.0,1.0,-0.12414638829073517,-0.017848683665075235,0.29720210723715484,5.2864430227879495,4.0,1.0,-0.12724690010142603,-0.044119108523168686,0.2870823516606152,5.075161025044064,4.0,1.0,-0.12790149297974882,-0.0666192703922691,0.28262272793413534,4.3680760582162055,4.0,1.0,-0.1351358940342126,-0.08960554084721378,0.2907512863364423,13.461420652261845,4.0,1.0,-0.08750181989152134,-0.06292165023307492,0.3006176713424559,4.0153627541905275,4.0,1.0,-0.09329172577764784,-0.08903282094497761,0.3141422415747052,4.767516464343684,4.0,1.0,-0.10917711464072272,-0.08032007540732355,0.3174439460354641,7.574657345122605,4.0,1.0,-0.11799012211900381,-0.062401343816623996,0.3130546227144471,10.325740085497854,4.0,1.0,-0.07602199148059648,-0.06148406367068242,0.3188344062725917,5.54315714075265,4.0,1.0,-0.0891939342592861,-0.0823629109221983,0.3318939525681683,3.4379384573989684,4.0,1.0,-0.10659038031186191,-0.07257773424040435,0.33097927566911545,6.264635551532871,4.0,1.0,-0.11398636672168924,-0.05496071443103206,0.3213954907270461,7.651081582518042,4.0,1.0,-0.07692440820688672,-0.0470804281424679,0.33712269578545023,6.6752660206440435,4.0,1.0,-0.08771508299629083,-0.06945237283321513,0.34546432755909506,4.279580799304168,4.0,1.0,-0.10715789609163028,-0.06227804625312067,0.34322157727380137,5.658800338752805,4.0,1.0,-0.11385002864995863,-0.0447245212021146,0.3333262286815524,7.772829072597705,4.0,1.0,-0.08229529515436575,-0.03515899003840146,0.35110655623794845,7.920374674734585,4.0,1.0,-0.08785684365915908,-0.05218431160829495,0.35741430887385217,5.661777119557476,4.0,1.0,-0.10306721331185217,-0.05049600060747734,0.35316206234456654,5.490942069435187,4.0,1.0,-0.11211596511539544,-0.03821917632219209,0.34330743195731755,9.251382197988116,4.0,1.0,1.0,0.0,0.0,0.0,1.0,0.0,0.0,0.0,1.0,0.0,0.0,0.0,187
-0.1242052764999628,0.010609689180485056,0.311642095469483,11.443247223737506,3.0,1.0,-0.12818299172152092,-0.020412687359237725,0.2976492805346073,6.33128595250484,3.0,1.0,-0.12417038639732511,-0.04640561431349629,0.29056210370757335,2.909067065241611,3.0,1.0,-0.11572966729830152,-0.0675758771763063,0.2859979303318898,7.930025702020966,3.0,1.0,-0.10286439108490855,-0.09498004865361587,0.28726475699369386,10.87604738596068,3.0,1.0,-0.0896913951511318,-0.058387656627399274,0.2892249424623767,5.332373780615928,3.0,1.0,-0.10377078614430771,-0.07560061786384659,0.3090040132089308,2.447866636540375,3.0,1.0,-0.11571267815703362,-0.062298996030519714,0.31046092101696376,2.252020673055493,3.0,1.0,-0.11967045192644768,-0.04609470687996338,0.2993824839471352,7.824231217937669,3.0,1.0,-0.07643186352703482,-0.05416011868954163,0.3054438635740377,4.13571710115838,3.0,1.0,-0.09603456255931546,-0.06434663933337134,0.32271773124583364,4.124945045463578,3.0,1.0,-0.11146970799928847,-0.05270731094995007,0.32307448985907405,2.8147003902937406,3.0,1.0,-0.11805472805232328,-0.037873714805607375,0.3103094787567995,3.4423829720333963,3.0,1.0,-0.07522715501639965,-0.039883225264526076,0.32508635509690176,6.05796860305589,3.0,1.0,-0.09137094834902224,-0.05352976558633282,0.3362505637168589,6.337036486138384,3.0,1.0,-0.10797037430738309,-0.04215817486682756,0.3332283202451407,4.305863277430122,3.0,1.0,-0.11314873829791239,-0.026595441508690136,0.31991741611945274,1.8657464398688761,3.0,1.0,-0.0783207638779669,-0.028845735777117673,0.340675854527948,8.583469984102171,3.0,1.0,-0.08695828547621069,-0.04094986486354493,0.34720583581979636,8.269133290079298,3.0,1.0,-0.09971014363124743,-0.03355648828480447,0.3421156584199098,5.858767775675869,3.0,1.0,-0.10699598401515241,-0.021258938552818223,0.3307678173676083,5.118257150954943,3.0,1.0,1.0,0.0,0.0,0.0,1.0,0.0,0.0,0.0,1.0,0.0,0.0,0.0,188
-0.12639684676405508,0.010700624601318983,0.3122822260145674,10.108232665750766,4.0,1.0,-0.13103130941816565,-0.020591615767717217,0.29633737436466623,8.98381164834441,4.0,1.0,-0.12588037845177102,-0.04659335637917166,0.2911090389011022,5.847041557519289,4.0,1.0,-0.11473637249544744,-0.0676341217500573,0.2906528114584334,6.16483978380161,4.0,1.0,-0.0975412336678149,-0.09038062805151036,0.2983254016782166,17.978123102473162,4.0,1.0,-0.09137794980835118,-0.057331976322404284,0.28932374554277135,4.786586388344883,4.0,1.0,-0.10499250740003728,-0.07456018851680692,0.3081723140613136,4.274133707443639,4.0,1.0,-0.11711787139507035,-0.061175522615447654,0.3099101360133377,4.378065222693576,4.0,1.0,-0.12181197349899783,-0.04489930716066799,0.3016298562855482,6.364964538457489,4.0,1.0,-0.07771795462827182,-0.05292684168611789,0.30560334824414337,3.949794623758773,4.0,1.0,-0.09847375155185042,-0.06256926367366804,0.3217659288086577,4.793051219997349,4.0,1.0,-0.11388157715609272,-0.0507876628009095,0.32249195994264984,4.846896471097203,4.0,1.0,-0.12091844647344996,-0.03616459777587614,0.31200493306278615,5.609522293221217,4.0,1.0,-0.07658358865936199,-0.038608217266906,0.32579192510751653,5.146687474014893,4.0,1.0,-0.09509580381771676,-0.05142316864197335,0.3363030007464883,6.065795057453766,4.0,1.0,-0.11127907096867161,-0.040291644294131256,0.3335740596436171,4.910106636284042,4.0,1.0,-0.11592454751336555,-0.02502080599160573,0.3215938949108491,3.122907805565321,4.0,1.0,-0.08003180560396082,-0.02753613823051225,0.34219411177154563,6.407033037951927,4.0,1.0,-0.09217532504802839,-0.0383496232537849,0.34839954164783654,7.896797744850914,4.0,1.0,-0.10490519324653849,-0.0312694661957666,0.34392619760055415,7.157653207760319,4.0,1.0,-0.11013648141075817,-0.01974770829564193,0.3331307285101556,6.141093033384217,4.0,1.0,1.0,0.0,0.0,0.0,1.0,0.0,0.0,0.0,1.0,0.0,0.0,0.0,189
-0.12696956688218228,0.011758109007122366,0.3130179272285253,9.785538523020344,4.0,1.0,-0.13147722680580767,-0.019658244758006788,0.29710351529237183,8.976718963081991,4.0,1.0,-0.12629595352218542,-0.045542593458088525,0.2919582114212347,5.572809572810069,4.0,1.0,-0.11522892781119844,-0.06659004036795083,0.2917619869390557,5.63694302556319,4.0,1.0,-0.0984727476294924,-0.08935644223569729,0.3003122675827485,15.40823503476397,4.0,1.0,-0.0919817445834627,-0.05667960890589238,0.2904578006155262,5.3106252326430035,4.0,1.0,-0.10551314847852172,-0.07356818888855311,0.3092992597095901,4.715748252200626,4.0,1.0,-0.11763066960692929,-0.059947839209056906,0.31083524588631134,4.220862421178105,4.0,1.0,-0.12248236443670717,-0.043590605867062704,0.3024969484341031,7.067919592641273,4.0,1.0,-0.07844365183510646,-0.0522477734149112,0.3068008461640447,4.530967059972456,4.0,1.0,-0.09893650532725812,-0.06168891951366715,0.3229766556073537,4.738537334613649,4.0,1.0,-0.11424560399165035,-0.04962671483446366,0.32344920274154043,4.51382502489213,4.0,1.0,-0.12145451168864033,-0.03496839281478805,0.31291771251918454,6.522400090229644,4.0,1.0,-0.07732852889901472,-0.037783451121470225,0.3269021961719676,5.575595989463128,4.0,1.0,-0.09592572472805279,-0.0504777215749199,0.33719522571740346,6.13350842938909,4.0,1.0,-0.11206308133302346,-0.03884530350968108,0.33439640900562423,4.78746274983362,4.0,1.0,-0.11624507514242126,-0.023773132161434046,0.3225771257656514,4.2562396384307135,4.0,1.0,-0.08078019870290988,-0.026584800489836004,0.3432694189124507,7.066359884947223,4.0,1.0,-0.09305353584920277,-0.037253224093183414,0.3494180636794986,7.760971141572172,4.0,1.0,-0.10584321379281099,-0.02960094312884798,0.34478976059061806,6.337022726656912,4.0,1.0,-0.11060726815717294,-0.017759151774358335,0.3340456856658659,5.20013561177856,4.0,1.0,1.0,0.0,0.0,0.0,1.0,0.0,0.0,0.0,1.0,0.0,0.0,0.0,190
-0.12683258182726384,0.01224872342686213,0.3129040151936891,9.89374565210087,4.0,1.0,-0.1313667522289065,-0.019296925097257202,0.29748072259798003,8.727114809613605,4.0,1.0,-0.12573878040123246,-0.04515723010808323,0.2925714927195554,4.886661170452974,4.0,1.0,-0.1144565271446971,-0.06597531621177319,0.2919672893133268,5.74612483101237,4.0,1.0,-0.09732680618995901,-0.08852546444702553,0.30088648773949017,12.957783457200689,4.0,1.0,-0.09189081189840687,-0.05593059269059075,0.2914681732072879,4.603727756367983,4.0,1.0,-0.10499495502780187,-0.07292224543314424,0.31034359432357944,4.961510585310223,4.0,1.0,-0.11701476241323346,-0.0595574667766401,0.31208427679446277,4.947380925903838,4.0,1.0,-0.12190945001752183,-0.04344092130887181,0.30358772047883875,6.757684166316699,4.0,1.0,-0.07832028092192782,-0.05131317056102432,0.30789231958012364,3.855097351026912,4.0,1.0,-0.09880730533110403,-0.06068685187622733,0.3241686682568708,4.84285335060013,4.0,1.0,-0.11395462035485285,-0.048721630450101146,0.3243664244498823,4.990636003003567,4.0,1.0,-0.12074953147547166,-0.03435959238018333,0.3134211858965237,6.0760513601863835,4.0,1.0,-0.07718123515977102,-0.03679861638568778,0.32793860050191026,5.408517744194144,4.0,1.0,-0.0958745239190013,-0.049196584867784277,0.3386821231677628,5.550811312849465,4.0,1.0,-0.11208659219510526,-0.037515784650998994,0.3356929698775372,4.511563924568541,4.0,1.0,-0.11609275704136261,-0.02279869384040461,0.3234065566982191,4.477321535069891,4.0,1.0,-0.08055885567630727,-0.025600698196546055,0.34423717235060175,6.882230496204054,4.0,1.0,-0.09315167254222657,-0.035961241736531056,0.35052366685498815,6.871288016522563,4.0,1.0,-0.10624287318832062,-0.027942185555632992,0.34557414249715174,5.224461480841516,4.0,1.0,-0.11109016720739308,-0.016087865310908306,0.3342197438666631,5.073406632900766,4.0,1.0,1.0,0.0,0.0,0.0,1.0,0.0,0.0,0.0,1.0,0.0,0.0,0.0,191
-0.1257461420870078,0.013021408923445593,0.31416172109679447,11.866108927887211,3.0,1.0,-0.12959993515603868,-0.01842825065563842,0.30028656330818515,7.386840014501824,3.0,1.0,-0.1250450346916819,-0.04485349420362085,0.29411801915625996,6.156430551159137,3.0,1.0,-0.11502805931838248,-0.06569411650253636,0.2938094029256661,7.7202030665517,3.0,1.0,-0.09490622519057601,-0.08700641815193975,0.3061176968480422,15.25550338711293,3.0,1.0,-0.09279923599513071,-0.055877967906529574,0.2922551312500347,6.357254330728078,3.0,1.0,-0.10786603727521304,-0.07194512698668894,0.31322116526017496,3.359801026829379,3.0,1.0,-0.11920625255963462,-0.05854690527805798,0.31520102340433115,3.6648035389301206,3.0,1.0,-0.12257810318477047,-0.04270462467168852,0.3043500578668611,9.533876699486354,3.0,1.0,-0.08012235923461392,-0.051020273379924215,0.30857524821883303,5.3391931621753885,3.0,1.0,-0.09997793351374247,-0.060273770233316065,0.3266774888831571,4.739138467289076,3.0,1.0,-0.11450586875587408,-0.04836524079575138,0.3270171722878929,3.357289607882599,3.0,1.0,-0.12018383005597422,-0.03417512306579166,0.31399615378188633,5.985431628725283,3.0,1.0,-0.07905376605103545,-0.03614736619008993,0.32853623975567037,6.981447319810731,3.0,1.0,-0.0955003354256423,-0.048944483503593046,0.34090398450212767,6.8280268495243925,3.0,1.0,-0.11128537507634986,-0.03748108372820933,0.3375951637115017,3.7020963566249208,3.0,1.0,-0.11543303174416104,-0.022690332086417155,0.32347778652122666,3.1216582387502907,3.0,1.0,-0.082140828468648,-0.02472116773561159,0.34443678944264994,8.868660982445983,3.0,1.0,-0.09144462591181315,-0.03561095568902198,0.35171015757087587,8.286589357024686,3.0,1.0,-0.10347778740649466,-0.028086044290326625,0.34597849695879745,5.6184887082161525,3.0,1.0,-0.10971332982242085,-0.01633103036732834,0.33315850115634493,6.974198089122262,3.0,1.0,1.0,0.0,0.0,0.0,1.0,0.0,0.0,0.0,1.0,0.0,0.0,0.0,192
-0.12578226677308377,0.013291216879251213,0.31378880951102284,8.929576173960811,4.0,1.0,-0.13117814891770407,-0.018592295754370405,0.29832946104421876,6.971467735887265,4.0,1.0,-0.12652564217529486,-0.04485613115386794,0.29336379211713925,5.27972467045131,4.0,1.0,-0.11555632437225012,-0.06554930134291174,0.29310447224141895,5.53879217359758,4.0,1.0,-0.09862139185598827,-0.08697572117179282,0.30262528110770825,14.014247918557926,4.0,1.0,-0.09322797516119327,-0.0562298262899841,0.29187335839968376,5.548287113176947,4.0,1.0,-0.10774981810346536,-0.07254912453131908,0.31107690120202,5.475833625245981,4.0,1.0,-0.11896579889814758,-0.05902301122950934,0.31288384549323417,5.520521664158933,4.0,1.0,-0.12238520369939994,-0.04267236746998419,0.30430464199680274,8.225935769355935,4.0,1.0,-0.07974111252662888,-0.05143807714887912,0.3080823029848503,5.68388616083562,4.0,1.0,-0.10057102193449122,-0.06053546647539651,0.3246870078087201,5.742068765566955,4.0,1.0,-0.11532522868863927,-0.0484762849420881,0.3252616261262793,4.439004287557863,4.0,1.0,-0.121931644661156,-0.03367526232341291,0.3148039079038816,5.663610472736686,4.0,1.0,-0.07821897184835055,-0.03639266915727591,0.3281438862355908,6.953671761358451,4.0,1.0,-0.096763547348619,-0.04889709024610479,0.3394296356729601,6.609923508380718,4.0,1.0,-0.11268172260760932,-0.03716513776850456,0.33648841673110874,4.331799103921689,4.0,1.0,-0.11724548099455022,-0.02194655278306178,0.3243096586586263,4.262968216576953,4.0,1.0,-0.0812961258601009,-0.024656426422921224,0.34452300142152026,8.004417802642507,4.0,1.0,-0.09348495673250513,-0.035242533592557496,0.35099144693348855,7.6864522613974495,4.0,1.0,-0.10595547579555241,-0.027552408366189704,0.3461421233474801,5.669983477989495,4.0,1.0,-0.11093712045682606,-0.01562112576788458,0.334535624721688,5.823050651668952,4.0,1.0,1.0,0.0,0.0,0.0,1.0,0.0,0.0,0.0,1.0,0.0,0.0,0.0,193
-0.12513750047600125,0.01341796163581282,0.3113473426326933,10.299819648956454,4.0,1.0,-0.13135578674896456,-0.018318440214892574,0.29641210103814547,8.695920239482206,4.0,1.0,-0.1270143189603627,-0.044691267297679166,0.29203832545154573,6.445143217977929,4.0,1.0,-0.11606931424685876,-0.06560489192576276,0.29229931277019783,6.3795069876106405,4.0,1.0,-0.09936553204606595,-0.08701806698071675,0.3025934040054106,13.497683675537097,4.0,1.0,-0.09385553174146774,-0.05670779719335398,0.2909378116271054,5.30204423002283,4.0,1.0,-0.10859109575085309,-0.07281805957402647,0.31079294488989834,4.807437926808105,4.0,1.0,-0.11991674631422186,-0.05904980813279269,0.31233251486329994,5.517698317516612,4.0,1.0,-0.12409534759555967,-0.04244017240673363,0.3035712021116832,7.683928677121854,4.0,1.0,-0.08020842185236896,-0.052089213119728854,0.3073636617177974,4.881594298468874,4.0,1.0,-0.1011491475980907,-0.06084647156252128,0.32415111034412625,4.907711669739504,4.0,1.0,-0.11591799751035617,-0.048380522058886474,0.3243656221372712,4.947949424857937,4.0,1.0,-0.12262612204087624,-0.03328475017148439,0.3135265069823046,5.820139744201221,4.0,1.0,-0.07847597431903344,-0.03693317387013341,0.327408231743796,6.1660648226778845,4.0,1.0,-0.09727677232179098,-0.04914823460582397,0.3388016053181282,5.967779074592186,4.0,1.0,-0.11313892261390646,-0.03702433082793035,0.3356352363577862,4.9649895767349905,4.0,1.0,-0.11767737842017113,-0.02159173138019856,0.32308701580037663,5.166712001785592,4.0,1.0,-0.08135841417323188,-0.025059647931310408,0.3437721760297677,7.210417189172823,4.0,1.0,-0.09402437043397345,-0.03547635788704121,0.3501790474873613,7.4012660207580065,4.0,1.0,-0.10656845339805772,-0.027505200217329252,0.3450480536609456,5.71799582040864,4.0,1.0,-0.11131548563287304,-0.01551409707967736,0.3332232396518816,5.482914628256203,4.0,1.0,1.0,0.0,0.0,0.0,1.0,0.0,0.0,0.0,1.0,0.0,0.0,0.0,194
-0.1257492007059888,0.012933572760744751,0.31079316329818735,9.870869834582662,4.0,1.0,-0.1315139278551693,-0.018865632140836322,0.2959625808267985,8.796643337676109,4.0,1.0,-0.1267324712355119,-0.04515493861829149,0.291576051243848,6.098373417450928,4.0,1.0,-0.11569751414054097,-0.06598345469614914,0.29172102826813734,6.31598709133352,4.0,1.0,-0.0990757235371359,-0.08732213068048296,0.3020037418625907,12.7369923839902,4.0,1.0,-0.09331509113505133,-0.057052403696687626,0.2906921130628736,5.333488489323546,4.0,1.0,-0.10800067618146068,-0.07284632390395751,0.3107594191750843,4.985577824872589,4.0,1.0,-0.11932935082768935,-0.05897296445766599,0.31203675845068285,5.72226039626076,4.0,1.0,-0.12334380446342452,-0.04265733432157713,0.3029168186110161,7.9515839272572535,4.0,1.0,-0.07969274170416106,-0.05234205376405655,0.3071456842595465,4.6654816677567315,4.0,1.0,-0.10071552608982942,-0.06076122821772442,0.3239590523045053,4.401667105725962,4.0,1.0,-0.1156577582306147,-0.048173843569874676,0.32409390003999766,4.381413041999703,4.0,1.0,-0.1225388414904014,-0.0333399642541632,0.31316965026927984,6.013098967238472,4.0,1.0,-0.07813126070211722,-0.03707962336972432,0.32710852348597924,5.839396029694167,4.0,1.0,-0.0970682268604542,-0.04907462440316561,0.33812319816615977,5.42889502277416,4.0,1.0,-0.11290144770929644,-0.03685614836236632,0.3347985087024845,4.432947404360047,4.0,1.0,-0.11675259527456112,-0.021777821922866203,0.32229703128436443,4.088742580188561,4.0,1.0,-0.08124903949207213,-0.025105064219667524,0.3434327061509302,6.806855613922191,4.0,1.0,-0.09355246822213391,-0.035595764647334556,0.3498385140178648,6.914537808699161,4.0,1.0,-0.10616990051172431,-0.027739873819635445,0.3446994472285784,5.478680596852672,4.0,1.0,-0.11095196791646474,-0.015926416127739335,0.3329748564886129,5.772815312477158,4.0,1.0,1.0,0.0,0.0,0.0,1.0,0.0,0.0,0.0,1.0,0.0,0.0,0.0,195
-0.12492895265677678,0.012848667702557343,0.31028253865698646,9.848377015819056,4.0,1.0,-0.13084758099713018,-0.019003216120669117,0.2954149908451729,9.418306411659461,4.0,1.0,-0.12626900985291412,-0.04527052449896209,0.29108720754440953,6.5056867967664,4.0,1.0,-0.1153885125037638,-0.06614744675883648,0.2909829758887102,6.176097500260057,4.0,1.0,-0.09931797136653617,-0.08808360289582462,0.3009165872680373,11.989738005138324,4.0,1.0,-0.09287203045609613,-0.05727211721239572,0.2902954947926325,5.0313756809343335,4.0,1.0,-0.10785713091962978,-0.07316223438776163,0.31021364535312296,4.566315641203351,4.0,1.0,-0.1191437661853107,-0.059344630307452594,0.31163712360846707,5.719836927800151,4.0,1.0,-0.12275597824317422,-0.043148481503228954,0.30270128694346093,8.426683610381271,4.0,1.0,-0.07929858632368907,-0.05254082296968111,0.30683595089889293,4.645345116380053,4.0,1.0,-0.1005859335601527,-0.061078886277249216,0.3236184941634859,4.450314017521549,4.0,1.0,-0.11548598813609856,-0.048437853585068795,0.3237588524591243,4.690924499866937,4.0,1.0,-0.12206616257448863,-0.033708666436520665,0.3128891320639292,7.271244469652425,4.0,1.0,-0.0778199792867478,-0.03722707127323898,0.32688030000395896,5.828771295478568,4.0,1.0,-0.09694396373911918,-0.049244521606261256,0.3380333898413612,5.69448129739494,4.0,1.0,-0.11315494671319067,-0.036910534209181924,0.3347736863875192,4.985212100436042,4.0,1.0,-0.1174334734121829,-0.02184075910224284,0.32231117142873006,6.917992703688809,4.0,1.0,-0.08106317355189357,-0.02517021495357614,0.34322991394095936,6.825671740047958,4.0,1.0,-0.09351166134764863,-0.03563590188334341,0.3497631476964597,7.3804282379532085,4.0,1.0,-0.10635702346470276,-0.027872672661673096,0.34461039624726497,5.775079001136563,4.0,1.0,-0.11140381229918703,-0.01610406004768517,0.3326382648490484,6.1674640183793885,4.0,1.0,1.0,0.0,0.0,0.0,1.0,0.0,0.0,0.0,1.0,0.0,0.0,0.0,196
-0.12410565425959008,0.013332969514744842,0.3122384224647361,12.016171784147739,3.0,1.0,-0.12894489106350088,-0.018136269714179483,0.29863999942191527,7.554551442764089,3.0,1.0,-0.12498977256781123,-0.0447125297060508,0.2920096804959583,5.16449976648094,3.0,1.0,-0.11549029003621805,-0.06582851198793827,0.29117832274506766,6.585291882423616,3.0,1.0,-0.0960551519651919,-0.08743085347173332,0.30361691181554007,12.393048491156994,3.0,1.0,-0.09255469136441105,-0.056924041394020235,0.28995274361355783,5.6832326388460075,3.0,1.0,-0.10765474986847638,-0.07243205451176779,0.3114536227007575,2.9343347343938824,3.0,1.0,-0.11894990752658474,-0.058513572840978474,0.31344176874800167,3.839097022850499,3.0,1.0,-0.12206300135399281,-0.04255816932150704,0.3026428300492369,9.493120388921303,3.0,1.0,-0.07955161777476873,-0.052277629433061794,0.3060555102531648,4.985261889951682,3.0,1.0,-0.0995840643679184,-0.06053454552394985,0.3246846435015282,3.7623838833132957,3.0,1.0,-0.11387491729648787,-0.04782206122037836,0.325173450198509,2.7093887820008877,3.0,1.0,-0.11910532901802945,-0.03357631994024715,0.3122073180788453,5.93265643917652,3.0,1.0,-0.0780107966188027,-0.037095150018288024,0.3260339023707772,6.885596994686772,3.0,1.0,-0.09486710061745643,-0.049063898384289664,0.3388589462918538,6.258571661193958,3.0,1.0,-0.11045875026247062,-0.036699305994888874,0.3359542790964746,3.2363759217068204,3.0,1.0,-0.11395810685338359,-0.021927987195221474,0.3218032410338375,4.021424673445735,3.0,1.0,-0.08072719756434145,-0.025287350375492332,0.34204014262368315,8.817635537821287,3.0,1.0,-0.09024244335058473,-0.035944783293842486,0.34995436244046796,8.109430288398878,3.0,1.0,-0.102278945410674,-0.02830340299823879,0.3446842647069614,5.6015399276293385,3.0,1.0,-0.10884643565614671,-0.01664012104659038,0.33171100743602167,7.31359125397643,3.0,1.0,1.0,0.0,0.0,0.0,1.0,0.0,0.0,0.0,1.0,0.0,0.0,0.0,197
-0.12535545034349313,0.01317484389301163,0.3091067628353451,10.784721649869974,4.0,1.0,-0.13067000519082533,-0.018782733902425106,0.2940744457782479,9.84170266157222,4.0,1.0,-0.12573350840863917,-0.045128161942736715,0.2900435407944029,6.383045158253672,4.0,1.0,-0.11475963864534199,-0.06598106405237733,0.2906892231928205,5.721690067807485,4.0,1.0,-0.09868828268651529,-0.08810715641335229,0.30088365153678304,10.967575583540548,4.0,1.0,-0.09210054884242626,-0.056845012373868783,0.28967442453066367,4.541006334670621,4.0,1.0,-0.10731255068625947,-0.07278578386754576,0.30964856275758335,4.133745708075357,4.0,1.0,-0.1188038135691789,-0.05878175057431566,0.31081559992528895,5.284305171655017,4.0,1.0,-0.12238191645518823,-0.042804704000933363,0.3018131150409313,8.619214055864912,4.0,1.0,-0.07870025760269153,-0.05215500763415365,0.3064810522927255,4.194298014491693,4.0,1.0,-0.10025808502253539,-0.060800044256077115,0.32311111188655045,4.091688440589928,4.0,1.0,-0.1153155061246749,-0.047984411386677105,0.32299760289799684,4.72431940779037,4.0,1.0,-0.12171205542839267,-0.03342904496448701,0.31191645352225117,7.680174929213586,4.0,1.0,-0.07760942797634243,-0.03690480926012975,0.326571386237212,5.5520609254697515,4.0,1.0,-0.0969809836910582,-0.048940114579607584,0.3373475211468142,5.862312798410899,4.0,1.0,-0.11316147143612333,-0.03650667333816709,0.33378622452210843,5.238624108120814,4.0,1.0,-0.11712614128857253,-0.021635905802744975,0.32129619772157203,7.180535177412154,4.0,1.0,-0.08119118908464239,-0.024917318853785224,0.34286567564137876,6.774584955198914,4.0,1.0,-0.09394826987197243,-0.03509885046177288,0.3492077029058782,7.695423547117084,4.0,1.0,-0.10674486669635153,-0.02718250463302968,0.3439147521925566,6.365159383784727,4.0,1.0,-0.11149961952800545,-0.015521391601394367,0.3319105023170664,6.7843651982356175,4.0,1.0,1.0,0.0,0.0,0.0,1.0,0.0,0.0,0.0,1.0,0.0,0.0,0.0,198
-0.12474963457291195,0.013701551750634356,0.31002907788531703,9.545225310773489,4.0,1.0,-0.13028259462661024,-0.018206480271691295,0.29480686054553673,8.758963278712322,4.0,1.0,-0.1256116769776457,-0.04459407774552681,0.290437460089556,6.176935427967546,4.0,1.0,-0.11477986952056442,-0.06561454497945295,0.2907214661468481,5.8755652795622515,4.0,1.0,-0.09869418811721334,-0.08730480478339724,0.3011799691250095,12.644429438865217,4.0,1.0,-0.09197831407410617,-0.05629384462559531,0.28975314076526826,4.721561530796951,4.0,1.0,-0.1072116482286394,-0.07233054091813124,0.30942382070032076,4.4828946996967165,4.0,1.0,-0.11850014133752866,-0.05838550180300235,0.31085747512670275,5.7724538329333,4.0,1.0,-0.1218697521763359,-0.042329039581661364,0.3020367935013705,8.691243557572697,4.0,1.0,-0.07858079796239793,-0.05169989978993539,0.3064548746612012,4.022534826989966,4.0,1.0,-0.10016106331414354,-0.060408646961385974,0.3229576799602454,4.354034940230733,4.0,1.0,-0.11505522233464215,-0.04767385716948243,0.32293595312105183,4.680076634778158,4.0,1.0,-0.12130147520628046,-0.03307336235181365,0.31205879985429386,7.593416741562812,4.0,1.0,-0.07741641026141237,-0.03662031691225417,0.32659849560477844,5.211483930886266,4.0,1.0,-0.09699827849950365,-0.04864741075701083,0.3372393884894072,5.951702592291847,4.0,1.0,-0.11292400316121397,-0.036186668767715244,0.3338517915326972,5.116653792343225,4.0,1.0,-0.11654019621902259,-0.02129749930055332,0.32157182288686986,6.587636541125895,4.0,1.0,-0.08085999931882089,-0.02480547897803945,0.34295252978210716,6.509872883175559,4.0,1.0,-0.09407319066473085,-0.03505805016815573,0.34885658224798555,7.350964604631667,4.0,1.0,-0.10668865713896569,-0.02699999869100464,0.34368366753178403,5.717268566831924,4.0,1.0,-0.11106737203945105,-0.015118217494763863,0.3319370727714032,6.0397208508753755,4.0,1.0,1.0,0.0,0.0,0.0,1.0,0.0,0.0,0.0,1.0,0.0,0.0,0.0,199
-0.12504348493881903,0.014237090577229867,0.30945650391052976,10.57810117642968,4.0,1.0,-0.13032033352761122,-0.017597380214998282,0.29439260393447536,9.858998228551208,4.0,1.0,-0.1256308177215328,-0.04386705316693726,0.2906587870706811,6.302127659396058,4.0,1.0,-0.11486562199334567,-0.06479024320693778,0.29127578026856443,5.891519302673836,4.0,1.0,-0.09888693505083791,-0.08669542801639375,0.30160945694379065,12.272095971271485,4.0,1.0,-0.09176238227785896,-0.05554175812622363,0.29005618859387644,4.871109512790354,4.0,1.0,-0.10715748038610956,-0.07163558268745004,0.30964545216774253,4.069421695850929,4.0,1.0,-0.11877635206257989,-0.05780282726087187,0.31091344993804815,5.512855148119922,4.0,1.0,-0.12259272422047364,-0.0417950622043073,0.3021196931966815,9.093403777284097,4.0,1.0,-0.07855246766248382,-0.050978986524316657,0.30694162954567117,4.522900878217312,4.0,1.0,-0.10027935867883717,-0.059733418269608256,0.32337676819561,3.9048896534722366,4.0,1.0,-0.11537155518439478,-0.04704496288518465,0.32312575722462267,4.679921069036565,4.0,1.0,-0.12165119049431525,-0.03264475783039611,0.3120870844840928,8.393712356019254,4.0,1.0,-0.07763671089347651,-0.035881515617138225,0.3270176210332323,5.574225002443043,4.0,1.0,-0.09711352049903466,-0.04806696771294029,0.3374923180259327,5.631011431300108,4.0,1.0,-0.11324244815712818,-0.03568142192218103,0.3339343623112147,4.8114568062444985,4.0,1.0,-0.11689882831450735,-0.020807111332773628,0.3215813021155878,6.870407580252692,4.0,1.0,-0.08139997061931385,-0.02403543753830656,0.34328155159310897,6.788919390152031,4.0,1.0,-0.09415363760047792,-0.034663261045565746,0.34921551344830987,7.750086175286119,4.0,1.0,-0.10700267761569536,-0.026842795073394647,0.3439162202456656,6.005680167008622,4.0,1.0,-0.11168044501149661,-0.01500925611431513,0.3320951952911675,6.1370242461586,4.0,1.0,1.0,0.0,0.0,0.0,1.0,0.0,0.0,0.0,1.0,0.0,0.0,0.0,200
-0.12447262439570832,0.014642737338715033,0.31028680106061135,9.798732995287374,4.0,1.0,-0.12985179991816037,-0.01711725162994561,0.29508853134145707,8.692187169838588,4.0,1.0,-0.12547104614133106,-0.04325312506388166,0.2907679977104121,5.171983058597702,4.0,1.0,-0.1150822448725236,-0.06419847923909969,0.291065785140997,5.732408379204492,4.0,1.0,-0.09937781148609168,-0.08619918173395966,0.3012073816694312,11.454608210914747,4.0,1.0,-0.09175889790423254,-0.05499621787053421,0.29040081371470444,4.311540622817998,4.0,1.0,-0.10702234206815725,-0.07097263887162228,0.30974499284713675,3.9793967054644117,4.0,1.0,-0.1184693082609754,-0.057424167088089326,0.31115258100355964,5.438059910239182,4.0,1.0,-0.12170890173483463,-0.041413344412250155,0.3024069027241073,8.155478905659985,4.0,1.0,-0.07862451071662523,-0.05039939958135411,0.30714320455777755,4.293619025751187,4.0,1.0,-0.10014857880488807,-0.05906602326700818,0.32356792713519617,4.0604593082080935,4.0,1.0,-0.11497778336229686,-0.04661612812862523,0.32343981834347185,4.67340173866043,4.0,1.0,-0.12096580330141236,-0.03221968726318758,0.3124331187104806,7.235729818547763,4.0,1.0,-0.07767283266383752,-0.03532029791855466,0.32718950750568093,5.687553901186794,4.0,1.0,-0.09708413819640407,-0.047545974553572554,0.33760226567942353,6.180433516763481,4.0,1.0,-0.11262230066614522,-0.035428304540155275,0.33396049781008746,5.027233254164011,4.0,1.0,-0.11562402233379199,-0.020543436303490755,0.3215452835044131,5.055839944080435,4.0,1.0,-0.08134374834689076,-0.023512139445321795,0.3434118798692792,6.999925304945612,4.0,1.0,-0.09408102985180852,-0.03407453030877572,0.3495138218212578,7.701509859103863,4.0,1.0,-0.10651109791406184,-0.02652980999546531,0.3441640520120172,6.12762074706509,4.0,1.0,-0.11075641700411448,-0.014936262209208484,0.33233944376185715,6.393277709121994,4.0,1.0,1.0,0.0,0.0,0.0,1.0,0.0,0.0,0.0,1.0,0.0,0.0,0.0,201
-0.12495809343244522,0.015224389449682605,0.30998846205581115,9.918631194864236,4.0,1.0,-0.13027905337646917,-0.016674920359589375,0.29473882520618344,8.87480174208223,4.0,1.0,-0.1256455914018892,-0.04289246513024473,0.2907564609364388,5.199454714267919,4.0,1.0,-0.11510272937412207,-0.06384551767244435,0.2910509605994939,5.673350620648423,4.0,1.0,-0.09941728782244094,-0.08587555058391302,0.3011767523836205,11.546769792734908,4.0,1.0,-0.09201758798725919,-0.05480478655843455,0.2901608434623956,4.499366802215168,4.0,1.0,-0.10765440166451605,-0.07055465183154212,0.30979921548483114,3.381966541403667,4.0,1.0,-0.11910181514605032,-0.05679445889803857,0.31123098084301176,4.758403390849409,4.0,1.0,-0.12233682530206483,-0.04079307405747736,0.3024573082892557,8.392856615074887,4.0,1.0,-0.07883511067876331,-0.05015889560232119,0.30703543689050267,4.267130437616782,4.0,1.0,-0.10067869626940668,-0.05858036289377404,0.3236055803496247,3.576326307219123,4.0,1.0,-0.11555992541590647,-0.04593476592317531,0.3234328039246197,4.158737960476509,4.0,1.0,-0.12143480231749516,-0.031611656053104446,0.31239772686687944,7.716304974312642,4.0,1.0,-0.0778426498695348,-0.034983321845313255,0.32721248432159933,5.700066355263334,4.0,1.0,-0.09770560223108508,-0.046724705797293334,0.33773170586052087,5.450636009301599,4.0,1.0,-0.11319678381684999,-0.03431128477375057,0.3340880747933958,4.357247539693491,4.0,1.0,-0.11573035864457894,-0.019758182666186334,0.321570741826604,5.645104965518185,4.0,1.0,-0.08150398501451907,-0.023053148212619803,0.34354633326860556,7.076417142035511,4.0,1.0,-0.09462367527029951,-0.033219747089374654,0.3495986139408562,6.890933139525895,4.0,1.0,-0.10720976424007185,-0.025214593685035282,0.3441895550528242,5.030860150061166,4.0,1.0,-0.11132912596249621,-0.013417225678409053,0.3322712842212486,6.371154846882208,4.0,1.0,1.0,0.0,0.0,0.0,1.0,0.0,0.0,0.0,1.0,0.0,0.0,0.0,202
-0.12509591148316215,0.015577571520138264,0.3106913437212937,9.033692825127577,4.0,1.0,-0.13032692927173387,-0.01627987611786069,0.29542315370010475,8.414455482422097,4.0,1.0,-0.12578989664668366,-0.04243104455767327,0.291117766700817,5.3224675426331,4.0,1.0,-0.1153436638802658,-0.06334586620054006,0.29144011091017463,5.916048267629878,4.0,1.0,-0.10010752937807829,-0.08513230530402767,0.30167374277952363,11.550523957548302,4.0,1.0,-0.09213912013760589,-0.053991337225635795,0.2903571764599188,5.174304062646707,4.0,1.0,-0.10747092718093854,-0.07009732188543497,0.30959780469321485,4.29402782207876,4.0,1.0,-0.11887834052704295,-0.05628598797394863,0.31100693080605624,4.871175187734827,4.0,1.0,-0.12225369416410607,-0.039879448761755296,0.30284352064473546,6.951238744027121,4.0,1.0,-0.07899065253181135,-0.04926702503816777,0.30699573539549135,5.04129412928604,4.0,1.0,-0.10043023488727572,-0.05837118650523084,0.3233730599901843,3.599670005973536,4.0,1.0,-0.1152448632973013,-0.045866472596944256,0.32333862169913363,3.4444255533736308,4.0,1.0,-0.12138781169598824,-0.03088406590438875,0.31293083579578995,6.403688086719046,4.0,1.0,-0.0780347631814649,-0.034129553421566525,0.32701951409925567,5.9716771432056905,4.0,1.0,-0.0976077589448183,-0.046453259497734364,0.3375220901809042,4.877601422044893,4.0,1.0,-0.11327539617945731,-0.03417262414422692,0.3341905785146017,3.7835719979544664,4.0,1.0,-0.11609377373686035,-0.019121833503104882,0.3223888359998874,5.204733407843698,4.0,1.0,-0.08168741715408961,-0.022306559345195202,0.3432552262201218,6.954433653110933,4.0,1.0,-0.09458074622724846,-0.0329461409837727,0.3492488677078538,6.320439698516382,4.0,1.0,-0.10726810457062119,-0.025176125193177676,0.34425557073946933,4.433201227538959,4.0,1.0,-0.1112384529606166,-0.013207856933409208,0.33292173127128566,5.121106168835944,4.0,1.0,1.0,0.0,0.0,0.0,1.0,0.0,0.0,0.0,1.0,0.0,0.0,0.0,203
-0.12464412873689984,0.015942274558455892,0.3107959575857488,8.466697871119276,4.0,1.0,-0.12989540039163444,-0.015957584128450695,0.2955705702841021,7.303739881043242,4.0,1.0,-0.12561667139841098,-0.042189806059060954,0.29064947042831607,5.197365531702777,4.0,1.0,-0.11518891158195976,-0.06310159535334181,0.290768915250933,5.649881766272259,4.0,1.0,-0.09956005840737603,-0.08432612572529977,0.300897229392791,12.264418536971448,4.0,1.0,-0.09220817929757803,-0.05429118847105429,0.2902466384057138,6.196361372332342,4.0,1.0,-0.10708457011590584,-0.0700683023786546,0.30953126066594006,5.475022106971537,4.0,1.0,-0.11812293304123452,-0.05601071782523414,0.3107784131543749,5.040310260801224,4.0,1.0,-0.12202930466162282,-0.03928024347539298,0.30224865049889804,6.43092635372457,4.0,1.0,-0.07895197849667158,-0.04963781192730788,0.3065745551574788,5.809503212459025,4.0,1.0,-0.09986211307485648,-0.05817800991166063,0.32300750904654957,4.75487882626153,4.0,1.0,-0.11437840147845914,-0.04543063659818588,0.32312944106223457,3.7448334967831065,4.0,1.0,-0.12079010727609711,-0.03035666024629593,0.3127464127344739,5.7902971388525435,4.0,1.0,-0.07765556871886665,-0.034423292350957924,0.3263747845937871,6.588196579821782,4.0,1.0,-0.09663705874101015,-0.046479992518560644,0.3371287714660418,5.586684332480649,4.0,1.0,-0.11225048629085795,-0.03397410623390845,0.3339692021551273,3.8828158261425267,4.0,1.0,-0.11588950108065106,-0.01866282607102792,0.3223785922775197,5.456766255062702,4.0,1.0,-0.08095634354948089,-0.022513045534570012,0.3425139373712327,7.486009128077181,4.0,1.0,-0.09335793187179335,-0.03314575832463589,0.34874115799885813,6.880206836847536,4.0,1.0,-0.10592692637095232,-0.025230673258867242,0.3438227242169385,5.276096152562128,4.0,1.0,-0.11037393745068202,-0.013150415222577238,0.33258300038806826,5.612115748525177,4.0,1.0,1.0,0.0,0.0,0.0,1.0,0.0,0.0,0.0,1.0,0.0,0.0,0.0,204
-0.12400945234656233,0.01602202982224193,0.3098987575151668,9.187768650852282,4.0,1.0,-0.12919641984863217,-0.015737566045972488,0.29440112582124334,6.842978558753817,4.0,1.0,-0.12499995865739875,-0.041864597080570776,0.28946488305278667,4.550915269288863,4.0,1.0,-0.1146167755249076,-0.06285607760270759,0.2898431317922866,6.279265750994654,4.0,1.0,-0.09899558978600835,-0.08426536947891075,0.30010116695404887,11.639551404683738,4.0,1.0,-0.09153354387525298,-0.05380462688267733,0.28952831911896004,6.02276516120856,4.0,1.0,-0.10675575111930465,-0.06971989185449688,0.308753614207014,5.043264823827119,4.0,1.0,-0.11796357581016831,-0.05572578122378573,0.3098713948220284,4.361647962741893,4.0,1.0,-0.12163575581379833,-0.039013013516743564,0.30118495338819473,5.966901529246225,4.0,1.0,-0.07846712234200368,-0.049355449164652725,0.3062311672431831,5.530073585536445,4.0,1.0,-0.0995243248533812,-0.05813040715188697,0.32237997657516915,4.523389008626728,4.0,1.0,-0.11406748425401386,-0.04538753961002058,0.3222331029339613,3.5627114325489195,4.0,1.0,-0.12013112061323053,-0.030189683386861545,0.31149042020024126,4.990617545162116,4.0,1.0,-0.07737563124647447,-0.03441875014157091,0.32620396171308697,6.760001502033845,4.0,1.0,-0.0963427935058026,-0.04681325263246984,0.3367961821039668,5.527484206076615,4.0,1.0,-0.11180061632269783,-0.03432831806636559,0.3333171084849933,3.7689929659701686,4.0,1.0,-0.1150933691880478,-0.01886941109401869,0.32132761294156076,4.267340353887773,4.0,1.0,-0.08081543780302454,-0.022752807765368987,0.34237965557097094,7.942230362652964,4.0,1.0,-0.09332583230059785,-0.033678269012365675,0.3482547080035808,6.924428425898484,4.0,1.0,-0.10583865123769809,-0.025700135263979147,0.3431253058399392,4.946566703022548,4.0,1.0,-0.11028786581620251,-0.013376073509081992,0.33186519248827206,4.498368201173504,4.0,1.0,1.0,0.0,0.0,0.0,1.0,0.0,0.0,0.0,1.0,0.0,0.0,0.0,205
-0.12407843318298196,0.01593539553189669,0.30877821378449344,9.513519110509034,4.0,1.0,-0.12831912964772338,-0.01563627019365045,0.29254409512281393,8.34186715074369,4.0,1.0,-0.1240993280423569,-0.04153828157712348,0.28726566653770463,5.6279309648534745,4.0,1.0,-0.11375939648812716,-0.06261033254393993,0.2879484666627907,6.080740065201294,4.0,1.0,-0.09902282749803905,-0.08477839480362041,0.2982331500942383,12.716052713709656,4.0,1.0,-0.08990046997163458,-0.0531600770410885,0.28800762989016016,5.816839879250226,4.0,1.0,-0.10451316455511056,-0.06984839559602389,0.3063075207132598,6.281768987110417,4.0,1.0,-0.11614463677309449,-0.056385569014977495,0.307695779392973,5.334033835870969,4.0,1.0,-0.12084913647254562,-0.039973143799310946,0.2990579163105645,6.218242079665514,4.0,1.0,-0.0771526557695517,-0.04889730752597089,0.30516537214225453,5.485530613556637,4.0,1.0,-0.0978602091197082,-0.058827370004578605,0.3205699327894888,5.374076328626953,4.0,1.0,-0.11262886559107296,-0.04659712997464892,0.32035907339161834,4.362029155563719,4.0,1.0,-0.11896083167023559,-0.031550214822032206,0.30938741569298744,4.645636889367091,4.0,1.0,-0.07666154862891253,-0.03432279005808483,0.3253692093474071,6.553090433527071,4.0,1.0,-0.09486230287766519,-0.04801704346958186,0.3352639938311528,6.253792004291537,4.0,1.0,-0.11061910545525828,-0.036036656272352044,0.33204233460972066,4.408819806264041,4.0,1.0,-0.11424597439429302,-0.020325285306977296,0.32052317564534055,4.133678144210373,4.0,1.0,-0.08060629092427263,-0.02302222125562367,0.3416103761893562,7.62702221020898,4.0,1.0,-0.09214789723385036,-0.03503697870163091,0.34707630622494157,7.636491303399961,4.0,1.0,-0.10477235150439805,-0.027455249503045582,0.34218794749824066,6.451236175159119,4.0,1.0,-0.10906055932341852,-0.015076347883655992,0.3316727606914432,4.088964427058865,4.0,1.0,1.0,0.0,0.0,0.0,1.0,0.0,0.0,0.0,1.0,0.0,0.0,0.0,206
-0.12133116134884217,0.01632836568631583,0.30846851059576075,12.610760182299273,3.0,1.0,-0.12453122394367121,-0.01483263092949282,0.2931552899757916,7.24652101209226,3.0,1.0,-0.12094658147687297,-0.04113506627666736,0.2865573956977328,5.206010140675477,3.0,1.0,-0.11267416115190809,-0.06273531505954891,0.28637599627151916,8.297528000349272,3.0,1.0,-0.09710921249819193,-0.08699520863500945,0.3003368717372331,9.354153024447479,3.0,1.0,-0.08803769616486926,-0.05305395026044773,0.2878012531810129,7.0021493771853995,3.0,1.0,-0.10335009772229826,-0.07022713570078022,0.3077613042421225,4.596868793421698,3.0,1.0,-0.11436362534067862,-0.05652691313448487,0.30932620234893843,4.15836818525073,3.0,1.0,-0.11704222410670811,-0.0403266219362574,0.2988274138158886,7.616269241880681,3.0,1.0,-0.07605472193260432,-0.04918441642799653,0.30576799724047327,5.610579256507425,3.0,1.0,-0.09632084148134894,-0.059854410285723386,0.3222205699770861,4.600741883997206,3.0,1.0,-0.11037732808339491,-0.0472246593127417,0.3215752808637692,4.009814159801649,3.0,1.0,-0.11450653325296152,-0.03245289053603698,0.30842120484444113,6.115671428145951,3.0,1.0,-0.07587109471169137,-0.03505046208754596,0.32608034792504476,7.394340787148445,3.0,1.0,-0.09278266240202916,-0.04924329337245235,0.33659689067433646,6.181359977564997,3.0,1.0,-0.10850033003505911,-0.036860850491004245,0.33351849627442204,5.221584898041086,3.0,1.0,-0.11049628731057498,-0.021730236146071908,0.3213091784540888,5.31762970872939,3.0,1.0,-0.07962311211532803,-0.024132834267800378,0.3418255844288213,10.05944511324073,3.0,1.0,-0.08916022049775772,-0.036694952934012065,0.34763407097710614,8.002548980974929,3.0,1.0,-0.1018577231787239,-0.028472030501601575,0.34250181407910424,5.411323559088767,3.0,1.0,-0.10582221283658215,-0.01580737436422764,0.33222990993346496,1.707568538518055,3.0,1.0,1.0,0.0,0.0,0.0,1.0,0.0,0.0,0.0,1.0,0.0,0.0,0.0,207
-0.11910227277864079,0.0163189512353624,0.30688619373356124,13.206088436972172,3.0,1.0,-0.12100675713674094,-0.014222705847872897,0.29074779022733777,8.41106180798618,3.0,1.0,-0.11681515843320268,-0.04023072718868277,0.28353762830924245,5.4596926014694676,3.0,1.0,-0.10931184997535523,-0.06194673901415175,0.28225645821411427,7.721981685291579,3.0,1.0,-0.09861939945238789,-0.0886518737492438,0.29523726824310226,7.68590290308163,3.0,1.0,-0.08423289643097073,-0.05221109781620599,0.28859791309667093,6.911108195413662,3.0,1.0,-0.10012612225478931,-0.07133358400457673,0.30669623896286957,3.169779424853092,3.0,1.0,-0.11178048438702527,-0.058191951710833204,0.3081507506739961,4.329692367832922,3.0,1.0,-0.11450519773614644,-0.04130635366861046,0.2987786701022548,8.485558997663512,3.0,1.0,-0.0734252655175716,-0.04928646637834645,0.30748999480225664,4.809897001183467,3.0,1.0,-0.09451432713994512,-0.062071989476513566,0.3217916426146182,2.634467276791415,3.0,1.0,-0.10915329519535147,-0.049984320173244653,0.3206107756828054,2.7858611391935764,3.0,1.0,-0.11322512996149746,-0.034345900505649875,0.3077830062845898,6.989371668110819,3.0,1.0,-0.07475597793507562,-0.036232314993747995,0.32760519061664334,6.20011881731472,3.0,1.0,-0.09211439684340333,-0.05236181822590885,0.33618008203174515,3.7600217757148617,3.0,1.0,-0.10841388459452998,-0.04060226919180024,0.3330447485815035,2.666656201189133,3.0,1.0,-0.10913263790275539,-0.02469359418660643,0.321517425020467,6.0806546467093225,3.0,1.0,-0.08002320369026501,-0.026156272430759835,0.3428198561058472,7.9627763255061375,3.0,1.0,-0.09015492813330582,-0.03976970392994814,0.3477228792702495,5.238872393164023,3.0,1.0,-0.10314313768861619,-0.031752552212099314,0.34244633065618296,2.6457735578636874,3.0,1.0,-0.1053697377823529,-0.018937769506646673,0.33281958822671553,3.10018808969092,3.0,1.0,1.0,0.0,0.0,0.0,1.0,0.0,0.0,0.0,1.0,0.0,0.0,0.0,208
-0.11847286983105138,0.01733219267055287,0.30723996632756984,11.429054904601706,3.0,1.0,-0.11708387673597409,-0.012395422147400213,0.28868535100810944,6.209439195027911,3.0,1.0,-0.1117827586892843,-0.03842006056141812,0.2798649034480417,6.115497692625926,3.0,1.0,-0.10450418641067402,-0.06037553980713659,0.2778087268954289,8.218434751205265,3.0,1.0,-0.10047220031231362,-0.08868986233577997,0.2856467995146061,7.495568526185416,3.0,1.0,-0.07892305168380448,-0.05000225327554654,0.2896546348946781,6.502102406866334,3.0,1.0,-0.09494015705825128,-0.07241401968397604,0.30357530045756514,3.5308226466591983,3.0,1.0,-0.10752502323510053,-0.060164887891061745,0.30474015818093847,5.251473652425556,3.0,1.0,-0.11030520692569755,-0.042484661335622426,0.29711688047479395,7.648458295041798,3.0,1.0,-0.07074034405991324,-0.04839603468074595,0.31023378148346853,4.379528332298295,3.0,1.0,-0.09283100855511633,-0.06449019272838981,0.3200240141288986,3.3675624772366657,3.0,1.0,-0.10810214483069026,-0.05298528956685573,0.31729335096502226,3.7268339189614266,3.0,1.0,-0.11078838203901782,-0.03628447017685003,0.3054449336451297,7.011643295189738,3.0,1.0,-0.07601239439289989,-0.036694875303853305,0.3304352094519149,3.2243816430897394,3.0,1.0,-0.09377389101738044,-0.05515664429034402,0.3352980861829136,3.134566198600963,3.0,1.0,-0.11044109784483074,-0.04401810861519456,0.3307831673530362,6.200508987861556,3.0,1.0,-0.10972120394881317,-0.026922646716714637,0.32072149512888193,7.682105973207835,3.0,1.0,-0.08496136305966659,-0.027598492086110732,0.3449288519113745,2.7973430491680236,3.0,1.0,-0.09616383909802838,-0.042341008696835346,0.3473990257986475,3.1007610628992683,3.0,1.0,-0.10888526082452712,-0.034613501503926336,0.34114098982908136,5.709494864279587,3.0,1.0,-0.10855372591056811,-0.02134320310080221,0.33310785967002454,4.589427907576073,3.0,1.0,1.0,0.0,0.0,0.0,1.0,0.0,0.0,0.0,1.0,0.0,0.0,0.0,209
-0.11498305481596813,0.019168462024483492,0.30772201608546584,8.12213443785896,4.0,1.0,-0.10977225112728821,-0.009664784417919172,0.2866331860067614,6.24822753716738,4.0,1.0,-0.10183538315952975,-0.03193549144214755,0.27142618597811485,7.3541073866130375,4.0,1.0,-0.09179284563058983,-0.05235861693798958,0.26275271820704493,7.652426126130732,4.0,1.0,-0.08862584462394574,-0.08248463812719611,0.2577815475389302,10.924194519346852,4.0,1.0,-0.0729146239550981,-0.050694219874030944,0.2992550685801549,6.928488996696788,4.0,1.0,-0.07779326426564646,-0.08028136081565648,0.30829322029347694,3.708034174245236,4.0,1.0,-0.09518651599883139,-0.0792272313253932,0.30697352808001765,2.529542806590897,4.0,1.0,-0.10777352930808765,-0.0649433379092152,0.30073700889659344,4.851472318419642,4.0,1.0,-0.06937437487709652,-0.05167600456678984,0.32133274768839026,4.18133208699905,4.0,1.0,-0.08701292721662018,-0.07674513826118712,0.32479441581869023,6.397326156826455,4.0,1.0,-0.1041905601105967,-0.0726000701767564,0.3211079074476869,5.212791553569083,4.0,1.0,-0.11090401891042331,-0.05620899419722704,0.3127692481762889,6.6294565164887365,4.0,1.0,-0.07942828263122731,-0.04116663198068921,0.3395955665095258,3.097318849496931,4.0,1.0,-0.09151823291884388,-0.06653583759741749,0.3401857942547171,7.803408901979385,4.0,1.0,-0.10982725021115491,-0.06527702461556326,0.33522140801550687,6.134650326932671,4.0,1.0,-0.11535229155761124,-0.04907232080044057,0.32689755188713454,5.328537156298323,4.0,1.0,-0.092149532716274,-0.03254778829937865,0.35175185724734437,4.498990814657366,4.0,1.0,-0.09683709273305685,-0.051673291043623296,0.35366236938161955,5.9291089143090465,4.0,1.0,-0.11053400668516057,-0.05520937675739588,0.3471782727595949,6.428012611475784,4.0,1.0,-0.11628362908168144,-0.046472320650888826,0.3389071060494967,9.363506339595268,4.0,1.0,1.0,0.0,0.0,0.0,1.0,0.0,0.0,0.0,1.0,0.0,0.0,0.0,210
-0.11153585614086556,0.02125389684351473,0.30600412715957476,8.090835857844388,4.0,1.0,-0.1038033718605175,-0.0053781506846686325,0.28660670300485097,5.291386995147454,4.0,1.0,-0.09382961769339061,-0.025444272310133097,0.2697712871958342,3.009909117675438,4.0,1.0,-0.08251004513912698,-0.04396686793862793,0.25908116146287336,3.8698301642691084,4.0,1.0,-0.07493549558175033,-0.0686225794601519,0.24578324834255413,11.151619666980727,4.0,1.0,-0.07016001929535823,-0.04897812766797877,0.30823755893053906,6.617450358432545,4.0,1.0,-0.06298406786108465,-0.07645173515619556,0.31931726522174525,4.970785963851608,4.0,1.0,-0.07202113307984111,-0.09455316028078758,0.32334971984474437,6.084261223906174,4.0,1.0,-0.08774119035987153,-0.11190297082018949,0.3249333202815368,13.168803365204074,4.0,1.0,-0.0702370239031179,-0.05177913576593993,0.3300426774396236,4.93053647962982,4.0,1.0,-0.0710436296308707,-0.07972076015474643,0.33990182623391524,3.209543833563706,4.0,1.0,-0.08605540558825607,-0.09578449833170644,0.3381154848166583,4.8833339238990225,4.0,1.0,-0.1037502471097274,-0.10744544851422055,0.3303770957542639,14.906105474633986,4.0,1.0,-0.08333102798932342,-0.042054503632495736,0.3452015130960283,4.574425778938686,4.0,1.0,-0.08125344314567116,-0.0682181900925163,0.352345065699588,5.474124265812701,4.0,1.0,-0.09678208750569804,-0.08538343920223879,0.34966637342459717,8.248227459271973,4.0,1.0,-0.11323366568286006,-0.09579995880161286,0.33962862796327614,16.117577061757792,4.0,1.0,-0.09818331417920233,-0.03361258367874331,0.35424175192210194,5.872560977893268,4.0,1.0,-0.09861605955804437,-0.05208896392337176,0.3623239513216452,9.02197528257985,4.0,1.0,-0.10830190676077026,-0.06581925964888616,0.36062674765748004,11.588937193581229,4.0,1.0,-0.11856231878338497,-0.07541875347604986,0.3520124453377182,15.210108318300179,4.0,1.0,1.0,0.0,0.0,0.0,1.0,0.0,0.0,0.0,1.0,0.0,0.0,0.0,211
-0.10639362988791844,0.02241346947135024,0.30993574608205904,7.517992616622747,4.0,1.0,-0.10036970051641715,-0.004832881163772918,0.29092498559036006,5.693724087831344,4.0,1.0,-0.0886249868617943,-0.022824736883347966,0.2742155693093441,4.609567392657361,4.0,1.0,-0.07512869464569488,-0.03975551311923638,0.26351708680729774,4.29164215793609,4.0,1.0,-0.060608210324310775,-0.05868738313399526,0.24596996205207097,8.357868658029908,4.0,1.0,-0.0726176413571874,-0.050646057427291294,0.3169499660936558,5.682980564758469,4.0,1.0,-0.06055816646887575,-0.07558794051856735,0.33108827843911887,6.930381089969767,4.0,1.0,-0.05608917115209505,-0.09409096703586403,0.34020269524355995,5.434086662914754,4.0,1.0,-0.0485294139011069,-0.1151048459774783,0.35187619328865144,3.4086783793614934,4.0,1.0,-0.07494001338083045,-0.05229213832577419,0.338963259639547,5.698524296166368,4.0,1.0,-0.06775979353842287,-0.07694740309919304,0.35418640612613966,5.778182117192804,4.0,1.0,-0.06749685528040185,-0.09607455748275996,0.36468620803085655,3.586310797401143,4.0,1.0,-0.06417745384406977,-0.11833685494918923,0.3758834178737018,8.752501982659663,4.0,1.0,-0.08899725246414522,-0.04033645342307191,0.35288418217333756,5.9214716349040515,4.0,1.0,-0.08213459716533085,-0.06357732827777596,0.3648279523974322,4.095971150112674,4.0,1.0,-0.08250264557179005,-0.08286570131268323,0.37662267441770014,5.109531716672604,4.0,1.0,-0.07963181430418753,-0.1048119417022444,0.3865379225390781,10.99856884305028,4.0,1.0,-0.10438840269850033,-0.02988424277248172,0.3606680341980068,6.399724823091375,4.0,1.0,-0.10389818522935675,-0.04430467097620238,0.3718059211819995,4.2601081542818156,4.0,1.0,-0.1072838371143739,-0.057713172405633784,0.3804014634224713,6.974972356330029,4.0,1.0,-0.10794918645125041,-0.07344710466642375,0.3875381719654225,15.769001387519483,4.0,1.0,1.0,0.0,0.0,0.0,1.0,0.0,0.0,0.0,1.0,0.0,0.0,0.0,212
-0.10523261583616433,0.024607216497564206,0.3148745029347115,6.647122612549741,4.0,1.0,-0.09750864350397594,-0.004230379222126633,0.29735078700171985,3.7117037169969844,4.0,1.0,-0.08506071484770732,-0.023072017287521233,0.28169557196755873,6.010422605350736,4.0,1.0,-0.0705887763917148,-0.03959011398041239,0.2715621663323583,6.9169866859812865,4.0,1.0,-0.053440308488708586,-0.05682057862751324,0.2525646395487725,11.16380644543916,4.0,1.0,-0.07070264505006843,-0.047742960245630024,0.327577955610378,6.604556289162671,4.0,1.0,-0.056057604417729084,-0.06983179570534556,0.34324074221852835,6.6531689854393115,4.0,1.0,-0.04786517942091157,-0.08577542611398754,0.3538957983727728,4.720352799547835,4.0,1.0,-0.03490405831159743,-0.10153266899117779,0.36781919469070934,5.585424984386204,4.0,1.0,-0.07438207725018714,-0.047504040860426276,0.3495539805779835,6.592752837350689,4.0,1.0,-0.06339439331682703,-0.06941391433228253,0.3679809984856364,5.610337740225409,4.0,1.0,-0.057585550382127565,-0.08627338305897195,0.3817800003712147,4.414949025675636,4.0,1.0,-0.04644839309760305,-0.10372495129514757,0.39726140106799956,7.410471828779043,4.0,1.0,-0.0895714110915954,-0.034404454072033415,0.3622598595138688,7.611143492966828,4.0,1.0,-0.07919649264003027,-0.05536517472510018,0.37742390361374734,6.504130225551657,4.0,1.0,-0.07325242103656608,-0.07207305106909954,0.3928359626214033,4.090282678899343,4.0,1.0,-0.06247260824128597,-0.08918878707559023,0.40728695966299094,5.569750466398403,4.0,1.0,-0.10573313714543799,-0.023336967320278682,0.3688853158779722,8.59695228805847,4.0,1.0,-0.1032100346904791,-0.03536998297210105,0.3825907351010702,7.652356328810206,4.0,1.0,-0.10241478950346272,-0.046160361832306186,0.3948160093875865,8.811600173534494,4.0,1.0,-0.09771288321316493,-0.05832986461460494,0.40687286028144487,13.840017294861212,4.0,1.0,1.0,0.0,0.0,0.0,1.0,0.0,0.0,0.0,1.0,0.0,0.0,0.0,213
-0.10359879511907774,0.027291032210692047,0.3192551842150723,5.611218452771021,4.0,1.0,-0.09567323209219575,-0.0022965513797356943,0.3034124498602496,2.402372527392318,4.0,1.0,-0.08390168758666003,-0.022594218922481864,0.28980666803444954,5.258291940157381,4.0,1.0,-0.06907456624390154,-0.039244051965982706,0.2806824744267254,7.050598417266889,4.0,1.0,-0.05170495429470179,-0.05713316640032262,0.2622274928268029,9.738038156246986,4.0,1.0,-0.06884343444235037,-0.04339885645922465,0.3365994668184625,5.7157594973224946,4.0,1.0,-0.05295600722490571,-0.06420692283765929,0.35340126558738777,5.836657348220495,4.0,1.0,-0.04318703032274324,-0.07902834417744965,0.3649360432732424,4.002281664587629,4.0,1.0,-0.028475582097162555,-0.0930802504613324,0.3796935627147711,4.909253940060242,4.0,1.0,-0.07256705238185003,-0.041997754327973286,0.3588312993620015,5.758036465476526,4.0,1.0,-0.060046675543363015,-0.06204919944838483,0.37835360569106363,5.46149484408563,4.0,1.0,-0.05263956937278731,-0.07760580161670032,0.3932241373104277,4.366124717473769,4.0,1.0,-0.03993853308735382,-0.0931792093254118,0.4096355308928897,6.684978416307542,4.0,1.0,-0.08797548291211395,-0.028413409647950114,0.37084415406454974,7.063730015281378,4.0,1.0,-0.07688776575254341,-0.04831344862947123,0.38758301438340176,6.244703797832937,4.0,1.0,-0.06972110062743948,-0.06395814800632015,0.40439371119355355,4.119367442044231,4.0,1.0,-0.057839622885180283,-0.07971204670146918,0.420289466030046,5.34365142323752,4.0,1.0,-0.10428758016788307,-0.01726787385025236,0.3769747780515971,8.131543630172024,4.0,1.0,-0.10184381800178909,-0.02903703784683647,0.3918181308936649,7.632323714335882,4.0,1.0,-0.10077954210030442,-0.039329605921216634,0.40505316097106536,9.50421659971635,4.0,1.0,-0.09605705505785002,-0.0512298504718598,0.41859701501944757,13.994787524411148,4.0,1.0,1.0,0.0,0.0,0.0,1.0,0.0,0.0,0.0,1.0,0.0,0.0,0.0,214
-0.10201043214240185,0.02817147863437642,0.32228169431926873,6.959673954044659,4.0,1.0,-0.09408037528756436,-0.0012186462886945785,0.3069133799371348,4.108835344749113,4.0,1.0,-0.08208366291193742,-0.021249290298488408,0.2934757956828277,6.062894355248745,4.0,1.0,-0.06721691339663308,-0.03770639545132197,0.2845903714947941,6.753437778726219,4.0,1.0,-0.050057295972220334,-0.0561342901291742,0.26701362665734135,10.092532032306337,4.0,1.0,-0.06765776499362292,-0.04211026813289185,0.34086608813554514,4.810064632505917,4.0,1.0,-0.05202638327404174,-0.06199833992376593,0.35854282741429944,4.797792505783284,4.0,1.0,-0.04211629736048617,-0.07581256053048364,0.3706245826537906,3.571378141092399,4.0,1.0,-0.027283299554508714,-0.08836742161219648,0.38584761221565933,4.798737120387482,4.0,1.0,-0.07155508203263349,-0.040821636467801736,0.3629395916304997,4.74706141654741,4.0,1.0,-0.058899402609025604,-0.060535610516469725,0.38283361079337036,3.8912746109317466,4.0,1.0,-0.050966410743616256,-0.07542573235661978,0.39815271274657765,4.291257644738473,4.0,1.0,-0.03761361302776061,-0.08988249250023796,0.4150659803885932,8.543465345155237,4.0,1.0,-0.08701364524286911,-0.027479162404512925,0.3744783577473472,5.890430170374055,4.0,1.0,-0.0760287193291139,-0.04715368504711574,0.3917725415031029,5.479041431089424,4.0,1.0,-0.06841026326010542,-0.06226019841203307,0.40915257440338043,5.257160014189951,4.0,1.0,-0.05585251872770856,-0.07712710238796133,0.42585431892377645,8.60822178976789,4.0,1.0,-0.10320387897701176,-0.016540522220325465,0.38024650786100966,6.802847894990064,4.0,1.0,-0.10052160933961607,-0.028489854700130723,0.39550592872771584,9.310795552983768,4.0,1.0,-0.09900388170433341,-0.03882989807110326,0.40919243047491494,13.675672931641392,4.0,1.0,-0.09393779842805486,-0.050849332382990456,0.42332873131952475,18.81720578004752,4.0,1.0,1.0,0.0,0.0,0.0,1.0,0.0,0.0,0.0,1.0,0.0,0.0,0.0,215
-0.10182942430712831,0.02937154541821344,0.3227516538381557,6.789569390642521,4.0,1.0,-0.09357084969148043,-0.00042280208845284385,0.3077581678648764,4.1139516562013885,4.0,1.0,-0.08160253221177814,-0.02103468445643334,0.2951676550530107,5.9259127827838896,4.0,1.0,-0.06657598822697801,-0.037638817176461045,0.28686817430147893,6.2061363616153695,4.0,1.0,-0.04878122844040838,-0.056018574424402744,0.269605266357438,9.239092419870365,4.0,1.0,-0.06784554042116638,-0.04114948773367664,0.34233895271003983,4.441703834859878,4.0,1.0,-0.05215038154347767,-0.06115892310595547,0.36031957203230414,3.7361222079025436,4.0,1.0,-0.04202964482006682,-0.07504408891997662,0.37260952860580215,3.5434024160035458,4.0,1.0,-0.027169834810474133,-0.0877229098279871,0.3881386177901929,5.738242336979443,4.0,1.0,-0.07216007486518007,-0.03952113540403853,0.3641690819417069,4.701229011223603,4.0,1.0,-0.05951784721860633,-0.059338842304864664,0.38446163042650455,3.415825408889663,4.0,1.0,-0.051636218136380675,-0.07442170085342537,0.3999483611834421,3.359852883018972,4.0,1.0,-0.03872292468223019,-0.08929715389992016,0.417124827284709,7.902452626688377,4.0,1.0,-0.0878127794689241,-0.025863520171961994,0.37531418232407826,6.0352814510232164,4.0,1.0,-0.07709748143686537,-0.045928758634803384,0.3924702360509398,5.65498785910611,4.0,1.0,-0.06960398041722503,-0.06151587678229124,0.4096603968715311,4.91973196828493,4.0,1.0,-0.057411926366627904,-0.07689444323796146,0.4263507398163041,7.39497501734938,4.0,1.0,-0.10410951211097991,-0.014764578114447039,0.3807659722184301,6.960075427523568,4.0,1.0,-0.10194987679336069,-0.026737526858565244,0.3961501809119814,10.227891244090479,4.0,1.0,-0.10076553157114969,-0.037088244495650007,0.40994839354128865,14.811448842405124,4.0,1.0,-0.0961453770444132,-0.0491055703966025,0.4241558057763346,20.26212766966747,4.0,1.0,1.0,0.0,0.0,0.0,1.0,0.0,0.0,0.0,1.0,0.0,0.0,0.0,216
-0.10268412779003228,0.030003646257264278,0.3225579087551429,7.288490729572277,4.0,1.0,-0.09464119007597396,0.0004814419229905108,0.30770484880652355,3.9781779980927747,4.0,1.0,-0.0829820331698931,-0.02001315090571488,0.2953996173695827,6.057080654806381,4.0,1.0,-0.06809591164248795,-0.03642319469954395,0.287039735436997,6.53718587776596,4.0,1.0,-0.05022732714205936,-0.05390032452503177,0.2692639299787703,9.980806145448797,4.0,1.0,-0.06922578280019316,-0.04007224894067882,0.3423762304803779,3.825678775394491,4.0,1.0,-0.05350220857790013,-0.060473572990075,0.3600609572432964,3.7809789256749924,4.0,1.0,-0.04341642912477328,-0.07466488384392277,0.3722032153893522,3.865914949229182,4.0,1.0,-0.028512270710111257,-0.08772953036062572,0.3875886567745106,5.574004810411268,4.0,1.0,-0.07353332010386095,-0.03855706185788033,0.36417203170937673,4.173891064543752,4.0,1.0,-0.06080746844951529,-0.05857618452396331,0.3843661635075344,3.2913739683712464,4.0,1.0,-0.052836799849571174,-0.0738615597159728,0.39976502763694194,3.166650324740584,4.0,1.0,-0.03974559250762997,-0.08901648627355051,0.41689751525133956,7.121100127591445,4.0,1.0,-0.08898560304345325,-0.024983852841938912,0.3752598058341477,5.5184960734578725,4.0,1.0,-0.07840335678849064,-0.04488865995338511,0.39246159680055853,5.398513337665561,4.0,1.0,-0.0710778573926776,-0.060485115284102914,0.4096339580357488,4.795273820514634,4.0,1.0,-0.05901784521087941,-0.07592497459250083,0.42623729674237276,7.065311131585305,4.0,1.0,-0.1050636513269082,-0.013992270451391916,0.3806728387454946,6.5316831309993795,4.0,1.0,-0.10329872356280363,-0.02572775693275948,0.39620507576532943,9.778125592240599,4.0,1.0,-0.1024420701581309,-0.035840802163439676,0.41005167592473146,14.48269414481158,4.0,1.0,-0.0979140036992119,-0.04755004048940662,0.42456050336285406,19.882736091891054,4.0,1.0,1.0,0.0,0.0,0.0,1.0,0.0,0.0,0.0,1.0,0.0,0.0,0.0,217
-0.10296202356175126,0.03048508777231906,0.32310466086696854,6.684313258229348,4.0,1.0,-0.09507397093108967,0.0007965069148012594,0.30825113659728626,3.3561458058474565,4.0,1.0,-0.08351248442066977,-0.019915038969515103,0.2958132985549142,5.0683229106537215,4.0,1.0,-0.06873136373260011,-0.03663838770929903,0.28754601843989336,6.22865633565239,4.0,1.0,-0.05110851111291873,-0.05478221871331015,0.27026139984410014,10.063508207354916,4.0,1.0,-0.06976442895102528,-0.039603532379611325,0.34292305927246025,3.7342243682998277,4.0,1.0,-0.05433473152794012,-0.060017304019986256,0.36082013452837075,3.904045924145631,4.0,1.0,-0.044574719803126175,-0.07432538133267864,0.37302913551773986,4.42056057530185,4.0,1.0,-0.02989463381652419,-0.08741931249392357,0.38855928908930026,5.825780284920678,4.0,1.0,-0.07401333342176285,-0.03785758152745717,0.36472883901152364,3.6965419538524555,4.0,1.0,-0.0615961959089176,-0.05802508510058347,0.3849933583701904,2.64068230197978,4.0,1.0,-0.05400208302631926,-0.07355456250694342,0.40035353242987354,1.9323921693930264,4.0,1.0,-0.04122792738373132,-0.08892026859065613,0.41746865123907156,6.5814367302841195,4.0,1.0,-0.08945757338873318,-0.02418660815427448,0.37590235685051854,4.964114876464432,4.0,1.0,-0.07902053816824618,-0.044330996453102886,0.3931056930810863,4.6817079519866915,4.0,1.0,-0.07201240494768472,-0.060310551591390586,0.4102947029316495,3.745746861967118,4.0,1.0,-0.060207553914814776,-0.07626830546289252,0.42686960399289164,5.115139907281893,4.0,1.0,-0.10558032117899685,-0.013100154928536029,0.3813352406376508,5.958525563798797,4.0,1.0,-0.1036965828012284,-0.024720238821375935,0.3970874801538118,8.86877689250497,4.0,1.0,-0.10269886890402032,-0.03477857433651453,0.41117685898359274,13.718913623241797,4.0,1.0,-0.0979397444969394,-0.04632593843832998,0.42576677744519614,19.664292482221054,4.0,1.0,1.0,0.0,0.0,0.0,1.0,0.0,0.0,0.0,1.0,0.0,0.0,0.0,218
-0.10294016611854151,0.03042046410813644,0.3226887610236639,7.230582143005467,4.0,1.0,-0.09539906429364166,0.0006050347415515712,0.3079778682697355,4.114670354466542,4.0,1.0,-0.0841635577677293,-0.02032817798122173,0.295848234313434,5.853705480419987,4.0,1.0,-0.06952341718127311,-0.03731987574696984,0.2877038867791596,6.685663585209376,4.0,1.0,-0.05207703920142867,-0.055571160084541917,0.27023360499467874,10.291044987528117,4.0,1.0,-0.0703454516582196,-0.039837411068445044,0.3428833150976294,3.7983970288412228,4.0,1.0,-0.05485159959680144,-0.06012750052153413,0.3609432039251154,4.244395890276855,4.0,1.0,-0.04506043534923806,-0.0744120897526878,0.3732852614812674,4.6070179695899665,4.0,1.0,-0.030409676491602027,-0.08766304374101011,0.3888677218968204,5.732543710432646,4.0,1.0,-0.0744302547877559,-0.03794800634216392,0.36477490970707194,4.312342204818494,4.0,1.0,-0.06177815998979979,-0.05801656976598593,0.3850455453723745,3.6090299134810344,4.0,1.0,-0.05401858627698596,-0.07348183337700763,0.40042106946825007,3.029714002776844,4.0,1.0,-0.0410932773227859,-0.0887719579127057,0.4174876601699638,6.781267311896626,4.0,1.0,-0.0896558074319543,-0.02408172244305024,0.37600049733464086,5.636055371201515,4.0,1.0,-0.07898944317331096,-0.044227413005588696,0.3931911266242368,5.619752377545891,4.0,1.0,-0.07162347074394033,-0.060236717136412904,0.4103327398579261,4.455119319084552,4.0,1.0,-0.059602455163392416,-0.07614212973810523,0.42670588818436833,5.486634102337687,4.0,1.0,-0.105598354383541,-0.012820848888459439,0.3814611620668581,6.597583539533299,4.0,1.0,-0.10357774063030349,-0.024227847565413973,0.3972349680328507,9.998148830918138,4.0,1.0,-0.1023277591660059,-0.03410410434274976,0.4114328297606275,14.78294642894258,4.0,1.0,-0.09726403431498255,-0.04531472930499284,0.4260470867103406,21.00017714977518,4.0,1.0,1.0,0.0,0.0,0.0,1.0,0.0,0.0,0.0,1.0,0.0,0.0,0.0,219
-0.10261305728427264,0.030037640172832746,0.32260380954538787,7.118314074505978,4.0,1.0,-0.09542564428907097,0.00010421121539114782,0.3080348654648139,3.9100867723828148,4.0,1.0,-0.0845006459861743,-0.020865110091397344,0.29575338977442495,5.065899717875894,4.0,1.0,-0.07012556105176664,-0.03801681100281948,0.28757638106116834,6.529816422722657,4.0,1.0,-0.053072536224620125,-0.0567790609907427,0.27029747540770954,10.48569723895605,4.0,1.0,-0.07040818112520424,-0.04078409522608713,0.34269161870321413,3.8641526240987956,4.0,1.0,-0.05493748761369152,-0.06118854464314065,0.36101779744145107,4.52417863101219,4.0,1.0,-0.0451893686273166,-0.07540748030459753,0.3734422940988213,4.909542708180307,4.0,1.0,-0.030447821745042607,-0.08845692631369141,0.38906789491554894,6.027360754135535,4.0,1.0,-0.07442147309640157,-0.03886709315300769,0.3645589853647307,4.04156243885331,4.0,1.0,-0.06170748600502123,-0.05882432875681071,0.38491691566858277,3.668260319418061,4.0,1.0,-0.053855074194152905,-0.07417140364498713,0.40036433429893037,3.06395712817007,4.0,1.0,-0.040780779008659854,-0.08935575010295412,0.41741362897416345,6.972692363109497,4.0,1.0,-0.08960514131142518,-0.02471592286874611,0.37577953117247687,5.275065012714775,4.0,1.0,-0.07861658015119344,-0.04489259805716196,0.3926199257597007,4.9637675461220105,4.0,1.0,-0.07103446825349154,-0.060788339278610645,0.4095375301882421,3.1848126246358013,4.0,1.0,-0.05874745965323386,-0.07664466914282869,0.4256977114152812,4.2193948700045185,4.0,1.0,-0.10552131648638996,-0.013175704882234072,0.38131356704641817,6.171096581053101,4.0,1.0,-0.10347440630683172,-0.024535540854302932,0.39698534209761194,8.646243641995882,4.0,1.0,-0.1021597281325147,-0.03429951740555298,0.41119980677528056,13.24239312457819,4.0,1.0,-0.0970582861479224,-0.04549516580936177,0.4257984106927756,19.285732464914894,4.0,1.0,1.0,0.0,0.0,0.0,1.0,0.0,0.0,0.0,1.0,0.0,0.0,0.0,220
-0.10285135258882235,0.02944059778855924,0.32258506487136746,5.414161567176372,4.0,1.0,-0.09615321822235147,-0.0005611337545483301,0.3080597420219547,2.4287588020650563,4.0,1.0,-0.08535723576799295,-0.02196765087732055,0.29571095871488073,4.627928424580331,4.0,1.0,-0.07092964034006799,-0.03908760356771015,0.28741827986762103,7.074995339095013,4.0,1.0,-0.05387426188116263,-0.05790098771468591,0.2696867618446553,10.420275306386264,4.0,1.0,-0.07147122517365245,-0.04197043698278692,0.34201820824067425,5.382818814695769,4.0,1.0,-0.05613051648227495,-0.06242201200971883,0.360324966396053,5.216475909925041,4.0,1.0,-0.04635031722028376,-0.07652106069346702,0.372751427136505,5.255964198334034,4.0,1.0,-0.031503610999338266,-0.08914710098723838,0.3881639312048377,6.171299079163344,4.0,1.0,-0.07535421659566498,-0.040060026890538156,0.3637469662034879,5.269097204920598,4.0,1.0,-0.06255334950673033,-0.05984973095833743,0.38394862460356927,4.415613931706893,4.0,1.0,-0.05442199677539665,-0.07490899420151287,0.39937472483637787,3.7207568825154427,4.0,1.0,-0.04115742128086905,-0.08978342698820287,0.41619738845343174,7.081291762314017,4.0,1.0,-0.09029768243814083,-0.025783371283607887,0.3750310552153669,6.189731884781332,4.0,1.0,-0.0792446381452292,-0.04593943640697008,0.3918344983210551,5.758308138212277,4.0,1.0,-0.07128659604381127,-0.06166339420043707,0.40875016005987164,3.2490219546612233,4.0,1.0,-0.05874858643979968,-0.07731385671249935,0.4248755184172299,3.9503308003344886,4.0,1.0,-0.106041693677637,-0.014078286881924225,0.38066363894611693,6.9142374122562416,4.0,1.0,-0.10419997499812443,-0.025438640289050064,0.39647010035618657,8.215929505467788,4.0,1.0,-0.10275164416724235,-0.035186154480844826,0.41081202604535827,12.37938146527123,4.0,1.0,-0.09760490504340362,-0.04665219174206281,0.42543233896450044,18.130233659458472,4.0,1.0,1.0,0.0,0.0,0.0,1.0,0.0,0.0,0.0,1.0,0.0,0.0,0.0,221
-0.10194312416680801,0.02845721825745196,0.3230629620067913,5.465313376183745,3.0,1.0,-0.09525109285943979,-0.001504375418531965,0.3075634463016213,0.863981436631528,3.0,1.0,-0.08419982652618978,-0.022780039105452655,0.2940329305758818,4.471051793090948,3.0,1.0,-0.07097707703266556,-0.03981948361087177,0.28494943070595236,8.494230635499001,3.0,1.0,-0.05437807539427321,-0.058612107268644485,0.2666365307407841,12.530732308470704,3.0,1.0,-0.07164826901348195,-0.04295032468483843,0.340478432986305,6.098358816664027,3.0,1.0,-0.05661610582657947,-0.06369109962078137,0.3594557493337379,6.699599926664763,3.0,1.0,-0.0465724620630855,-0.07807308793874118,0.3728602968922634,5.967194748530413,3.0,1.0,-0.030432826765713735,-0.09112078690912916,0.39006981340396896,5.4637283535995955,3.0,1.0,-0.07508797289424798,-0.04117823638403951,0.36246282212368763,5.765316364907218,3.0,1.0,-0.06255818871406893,-0.06109337902495614,0.3832107101581183,5.090907648317208,3.0,1.0,-0.05428889616461431,-0.07622051737424378,0.39942880073801157,2.918848387230913,3.0,1.0,-0.03955865833396442,-0.09124217179643619,0.41789970363432394,4.749127099789345,3.0,1.0,-0.08988856552684243,-0.027001368630454655,0.37335654921900485,6.306945829058403,3.0,1.0,-0.07860245387466848,-0.046920008936485375,0.3895887029358216,4.7613760934876455,3.0,1.0,-0.0702641786978399,-0.06243255347694046,0.4067412185868903,1.5324930322769952,3.0,1.0,-0.056156267301120874,-0.07787185161122605,0.42369117118853067,4.446544473795526,3.0,1.0,-0.10556101422356638,-0.015361890965051826,0.37852347916729573,6.6569550622045455,3.0,1.0,-0.10150796630832187,-0.027063730733112693,0.3949285578159986,8.118418131069014,3.0,1.0,-0.09798949077866563,-0.0373502507946627,0.41003531548443956,11.821795449362908,3.0,1.0,-0.08930681404257426,-0.049413883399658035,0.4258249770348038,15.96625395564518,3.0,1.0,1.0,0.0,0.0,0.0,1.0,0.0,0.0,0.0,1.0,0.0,0.0,0.0,222
-0.10250419101873136,0.02768528578868943,0.32261239227704924,5.160804997408198,4.0,1.0,-0.09615224249459296,-0.002085158172754371,0.3073121874094315,2.508424722485813,4.0,1.0,-0.08573350517520419,-0.023248113061639226,0.29427599414258454,4.5646168107194125,4.0,1.0,-0.07153956876540771,-0.04044201200534997,0.28567968597943943,6.161658280469719,4.0,1.0,-0.05485277259053586,-0.05937008800622194,0.2677346147041518,9.853592412579756,4.0,1.0,-0.07168139023488593,-0.04376437180483195,0.34054000209670043,4.38357133789546,4.0,1.0,-0.0561926189917335,-0.06494547953484024,0.3585496119687952,5.172790291398438,4.0,1.0,-0.04631230585395454,-0.07958826640756386,0.37081398907591917,5.771145603637291,4.0,1.0,-0.0312013319515394,-0.09278895608204552,0.38623207345131083,7.082208243624546,4.0,1.0,-0.07539262320319112,-0.042108351076728535,0.3624806107996584,4.302924239225039,4.0,1.0,-0.06270448278768305,-0.062082933539934874,0.3826312608819039,4.1668938767787775,4.0,1.0,-0.05466140256192175,-0.07722997623989587,0.3980612846021161,3.901518452816431,4.0,1.0,-0.0412704414110973,-0.09200820599329065,0.4149676753889696,7.974522642075665,4.0,1.0,-0.09011139770715586,-0.028010827611917744,0.3741813938404428,5.102216998842617,4.0,1.0,-0.07895612276214116,-0.047924139205440454,0.3906363075098285,4.6789962337163296,4.0,1.0,-0.07098221993842356,-0.06343742687351098,0.40737903750952215,2.4300826262536033,4.0,1.0,-0.05826341684043559,-0.07873772131026417,0.4232930919076504,4.737414710232044,4.0,1.0,-0.10564151778211532,-0.016396903162076107,0.3800920121383191,5.932931812689016,4.0,1.0,-0.10385455718286454,-0.0277601365718187,0.3954185774949349,7.512431905162931,4.0,1.0,-0.10256242816392175,-0.03761096035310585,0.4094456766310435,11.442014411501162,4.0,1.0,-0.097453336234715,-0.04899443093584023,0.4237363810020949,16.86538287914509,4.0,1.0,1.0,0.0,0.0,0.0,1.0,0.0,0.0,0.0,1.0,0.0,0.0,0.0,223
-0.10272838407099946,0.02737062845354761,0.32158951442973654,5.539033797832062,4.0,1.0,-0.09634423426266886,-0.0024374478891555393,0.3067232202922945,2.0836620490785402,4.0,1.0,-0.08612036817900354,-0.023784285361242576,0.29417916978912223,4.282274445696328,4.0,1.0,-0.07218901267387537,-0.04119923260403648,0.28561652008337435,6.872401139741495,4.0,1.0,-0.05587406730467583,-0.060500934138207056,0.2674370484684639,10.378737140882414,4.0,1.0,-0.0712585436538188,-0.04463990777665891,0.3405987347657539,5.090639661428686,4.0,1.0,-0.055798462790279696,-0.06612680053530098,0.3583664677034007,5.345241204740206,4.0,1.0,-0.04597747492203487,-0.08090502538229027,0.3704233028076527,5.554325383298378,4.0,1.0,-0.030879334113509998,-0.09429280425641343,0.38563434210443165,6.829933871351129,4.0,1.0,-0.0747816120870918,-0.04296825660131796,0.36246220128161877,4.595456214402151,4.0,1.0,-0.06221336368491705,-0.06326166998897927,0.3824617233663666,3.520358389590126,4.0,1.0,-0.05406902596167383,-0.07848842535055266,0.3977912586477756,3.272736005684142,4.0,1.0,-0.04036443573051057,-0.09323530361019719,0.4145546631710877,7.8348660353941835,4.0,1.0,-0.08944393756537436,-0.02871325852464881,0.37398423543375175,5.661110792053822,4.0,1.0,-0.07809029879141446,-0.048862336554653184,0.39047845465988057,5.168563088480931,4.0,1.0,-0.06962390066059997,-0.06445730506405116,0.40728928787253277,3.272607120129225,4.0,1.0,-0.05637984172966935,-0.07968358824409175,0.4233028650160003,5.50925011255898,4.0,1.0,-0.10506432367118415,-0.01695219981220763,0.3797759340813553,6.519971296346473,4.0,1.0,-0.10284707334997263,-0.028593314267961176,0.3952410115443254,8.26614222100871,4.0,1.0,-0.10126261100446203,-0.03853373597961218,0.4093328084403375,12.611204880919813,4.0,1.0,-0.0958669106185104,-0.05004664081038455,0.4237829179822686,18.64045875921891,4.0,1.0,1.0,0.0,0.0,0.0,1.0,0.0,0.0,0.0,1.0,0.0,0.0,0.0,224
-0.10281273040671567,0.026813034187483428,0.32192512280740304,5.735591164112682,4.0,1.0,-0.09673429635278885,-0.002900071298124202,0.30684466470625066,2.6059490571224235,4.0,1.0,-0.08634686351778184,-0.02383939559654333,0.29369750229849034,5.30343843538583,4.0,1.0,-0.07235907314128603,-0.041159326762437436,0.28498542875094,7.519916724729999,4.0,1.0,-0.05626071902392654,-0.06054674979874045,0.2672534804076881,11.289504165387164,4.0,1.0,-0.07217840905679222,-0.045092257789635506,0.3402473897361177,5.266260483340192,4.0,1.0,-0.05677474534194199,-0.06660241210505728,0.35737033620091824,5.758692070416712,4.0,1.0,-0.04708581681630558,-0.08140766477826418,0.3690561413708561,4.896361867692939,4.0,1.0,-0.032202354050259216,-0.0949091252989873,0.3838607779641648,5.5476105211823645,4.0,1.0,-0.0756572053393877,-0.04341896944159299,0.3621815437571209,5.231066205146339,4.0,1.0,-0.06282742276402135,-0.06350180453407846,0.38198137991355924,5.021513904224483,4.0,1.0,-0.05462757153004665,-0.07858111154064591,0.39717624348364566,4.390675694849852,4.0,1.0,-0.040976501530658016,-0.09317187806772727,0.41376762774868836,7.170756768182133,4.0,1.0,-0.09004865488757151,-0.02907592558792249,0.3738856088400472,6.180106451390317,4.0,1.0,-0.07841947200063117,-0.04899526461653108,0.39043624496099705,6.0248354534931075,4.0,1.0,-0.06984769793792103,-0.06434942297539442,0.4071844789608087,4.469191458311015,4.0,1.0,-0.05660942998550935,-0.07934772470667804,0.4230386876890757,5.79822207519009,4.0,1.0,-0.1054816947380035,-0.017230717219630095,0.37982662532623923,6.951561139059547,4.0,1.0,-0.1036205441488393,-0.02855599908810048,0.39553697589398373,9.469690705185167,4.0,1.0,-0.10207688482265774,-0.03830815913884011,0.4097529583047356,13.798827634195383,4.0,1.0,-0.09682410611721996,-0.04968701450616528,0.42429904020190634,19.14279968672422,4.0,1.0,1.0,0.0,0.0,0.0,1.0,0.0,0.0,0.0,1.0,0.0,0.0,0.0,225
-0.10296240356734288,0.026635470565371844,0.32225356246767195,5.659569250645599,4.0,1.0,-0.09697683785784689,-0.003231518034036549,0.3074245305239983,2.562758014165516,4.0,1.0,-0.08660056160693758,-0.024443066567121568,0.2944028466682935,4.886589064163909,4.0,1.0,-0.07263654757096501,-0.04198166328234513,0.28574037530115404,7.188160756457498,4.0,1.0,-0.05676079503839008,-0.06190382827584103,0.2680048666194918,11.141242293650151,4.0,1.0,-0.07196354807925522,-0.045154673988573535,0.3409629948478837,4.747655909410994,4.0,1.0,-0.05626178749298497,-0.06700204186549345,0.3581865726721109,5.249646889829771,4.0,1.0,-0.04641723552761045,-0.08204459584633404,0.36993013962725463,6.031040977496363,4.0,1.0,-0.031155563366388882,-0.09563802289506317,0.3848222853118931,7.708586150675286,4.0,1.0,-0.07530707792864126,-0.04339639529080972,0.3629318328895512,4.628389591676074,4.0,1.0,-0.0625027374626413,-0.06365562226010783,0.38266755104249117,3.996615514602608,4.0,1.0,-0.05436277764866074,-0.07893451296301049,0.39783156027265787,3.9376160220186955,4.0,1.0,-0.040636496027793435,-0.09373500348836222,0.4144616966119466,8.148937989458338,4.0,1.0,-0.08972286983033544,-0.029013769976275337,0.374610335365654,5.600866322358591,4.0,1.0,-0.0781967638357215,-0.04906188021509208,0.3910457750004393,5.412682174028417,4.0,1.0,-0.06969528991416353,-0.06472858617625403,0.40775962988089653,4.0808653731733395,4.0,1.0,-0.05642139741307337,-0.08001831582040664,0.4235985023159033,6.274337754321575,4.0,1.0,-0.10516013582576367,-0.017192332659098204,0.38056708739563716,6.511355750070469,4.0,1.0,-0.1033640366296594,-0.028713289983024668,0.3962185673769414,8.914898786799062,4.0,1.0,-0.10195606549015339,-0.038796802568954375,0.4103862263520099,13.765706440523923,4.0,1.0,-0.09665306431645529,-0.050519832882339806,0.4248732294749704,19.959777760701677,4.0,1.0,1.0,0.0,0.0,0.0,1.0,0.0,0.0,0.0,1.0,0.0,0.0,0.0,226
-0.10351637366057513,0.026755235664475407,0.32238431879421076,5.635431778454018,4.0,1.0,-0.09786656574119351,-0.0031053294290280943,0.3072631207079464,2.671433431941895,4.0,1.0,-0.08781815393529399,-0.024632997732006508,0.29449494109846247,4.866757116275967,4.0,1.0,-0.07390272260980152,-0.04233867626613668,0.28588871072779165,6.648674552132742,4.0,1.0,-0.058039943746742165,-0.06253717801658444,0.2678301693107994,9.876074191245317,4.0,1.0,-0.07269681374680693,-0.04507430841128339,0.3406909046261383,5.014657026109153,4.0,1.0,-0.05706440437610596,-0.06715122230535284,0.3579055504919717,5.685391731859582,4.0,1.0,-0.047245726684450734,-0.08234516995854452,0.3695792372863632,6.583118901591133,4.0,1.0,-0.03195978575366609,-0.09624972410930502,0.38444746450256795,8.493953490573555,4.0,1.0,-0.07579305231169314,-0.04327261118546631,0.3629320664352547,4.706695013300798,4.0,1.0,-0.06320910679483989,-0.06352192581515362,0.3825682261304985,3.9487838744429116,4.0,1.0,-0.0552383376316876,-0.07881015940201658,0.3976559534414035,3.5743194106204257,4.0,1.0,-0.04159617445717793,-0.09364990042152777,0.41425499833581303,7.82238592862419,4.0,1.0,-0.09009434096499518,-0.028848369449636233,0.3749126359834044,5.730926004990671,4.0,1.0,-0.07873171719298863,-0.048946086724562465,0.3911632100053284,5.193349343912942,4.0,1.0,-0.07036668026181651,-0.06458763027941876,0.4077896699591553,3.4641211786517845,4.0,1.0,-0.05718834398426138,-0.07989110551610416,0.42351745965492565,6.185511014189875,4.0,1.0,-0.10549663046096865,-0.01698415424516543,0.3811112595431923,6.821318618652201,4.0,1.0,-0.10351958406032419,-0.02839456672762377,0.39663675221234335,8.369983440339238,4.0,1.0,-0.10209408428050155,-0.0382989176528469,0.4106657176658147,13.09462904557153,4.0,1.0,-0.09680455075197075,-0.049691376034296394,0.42498248172927217,19.630191696442353,4.0,1.0,1.0,0.0,0.0,0.0,1.0,0.0,0.0,0.0,1.0,0.0,0.0,0.0,227
-0.10313183311789569,0.026428358200962985,0.32203576348819846,6.776356957325717,4.0,1.0,-0.09747735554654607,-0.0035691755633005537,0.30719717534006213,3.560875784479027,4.0,1.0,-0.08757694712550107,-0.02514630076862407,0.2945755646909981,4.373869902525777,4.0,1.0,-0.07407859299312612,-0.042952260780787316,0.28599502686634154,6.13488014507555,4.0,1.0,-0.058606199672153525,-0.06332526061795253,0.26825386960815634,10.283070075872278,4.0,1.0,-0.07239529511743444,-0.04570033743831754,0.3408005865759116,4.68091794938008,4.0,1.0,-0.057007716246225526,-0.06770994205942024,0.3582698495993235,5.192860227753082,4.0,1.0,-0.047501888663043876,-0.0829827713631173,0.37007699913283637,6.1568297534524286,4.0,1.0,-0.032903395508752584,-0.09729095960518813,0.3849911070563245,7.482353519413996,4.0,1.0,-0.07542648518121335,-0.043781771020466584,0.36284965025899657,4.540254427558049,4.0,1.0,-0.06302332423931621,-0.06439920496710295,0.382614597269193,4.204274914869157,4.0,1.0,-0.055310915848638044,-0.08005635699457954,0.3976553034122192,3.4149617547339552,4.0,1.0,-0.04234903173017547,-0.09564800074591932,0.4141166068961842,7.02883924860902,4.0,1.0,-0.08961736542388447,-0.029221293115089045,0.37466271290209074,5.633087551979335,4.0,1.0,-0.07872672273654827,-0.049456199559580874,0.39119311537524715,5.7139217464458465,4.0,1.0,-0.07091627541821004,-0.06528061421892556,0.4078663549982513,4.138339256580556,4.0,1.0,-0.05855172038580543,-0.08102523190015681,0.4236725330515973,6.2376232267592435,4.0,1.0,-0.10489066170667945,-0.017223827147760967,0.3807752504441472,6.575606005333288,4.0,1.0,-0.1032111921221031,-0.02820707188022914,0.39627516533035634,9.192494186463646,4.0,1.0,-0.10213727450352132,-0.037724721269689114,0.4103231838176394,13.498590490372315,4.0,1.0,-0.09731153793351419,-0.04895800854272683,0.4245481289263625,19.52541442307518,4.0,1.0,1.0,0.0,0.0,0.0,1.0,0.0,0.0,0.0,1.0,0.0,0.0,0.0,228
-0.10381005038980155,0.026333093175986734,0.3216783964699409,6.187854634250465,4.0,1.0,-0.0984197651883128,-0.003788056445925444,0.30657209682255426,2.900307482666409,4.0,1.0,-0.08908602456543756,-0.02555515356985045,0.2938097431571012,4.110962721313113,4.0,1.0,-0.0757413945879205,-0.04362496000100774,0.28518893249680294,5.828917188928341,4.0,1.0,-0.060599800187968185,-0.06463468665374571,0.2673718537385059,9.354989479724491,4.0,1.0,-0.07297844511530784,-0.0455297301408114,0.33952692926189576,5.243515664714289,4.0,1.0,-0.057813718494449634,-0.06799901212003669,0.3560679754308027,6.450029398125176,4.0,1.0,-0.0486523049226195,-0.08363704393693917,0.36723006860907914,5.922328318826982,4.0,1.0,-0.03440440763986493,-0.09854838761422421,0.3814676421786723,6.811572205697234,4.0,1.0,-0.07571170949225052,-0.04340044660277033,0.361829080260748,5.132001472909431,4.0,1.0,-0.06333487635341635,-0.06359967850747603,0.38116242999893324,5.103063925326088,4.0,1.0,-0.05607807375585005,-0.0791648909833557,0.39598714559739406,4.498289565485531,4.0,1.0,-0.04352566561230834,-0.09491635386575213,0.41227606687928176,7.126249460193138,4.0,1.0,-0.0897488297962261,-0.028744970005325984,0.37406516284644137,5.966921009586219,4.0,1.0,-0.07892522774317555,-0.04884573006560465,0.3905411037556332,5.702342970364211,4.0,1.0,-0.07139482979918685,-0.06456247802190573,0.4071839145487116,3.9559166580076197,4.0,1.0,-0.05922625716239876,-0.08043532980584264,0.42296379229094255,5.696782773108746,4.0,1.0,-0.10501921855320602,-0.01671766072056313,0.3805181422618247,6.717519722964887,4.0,1.0,-0.10402731115385597,-0.027932953115685118,0.39596600504200474,8.847405293935333,4.0,1.0,-0.10356308193814304,-0.03759694254263716,0.40985843169894814,12.636431264290444,4.0,1.0,-0.09945813219991774,-0.049065853327547246,0.42414145107638646,17.79099775753983,4.0,1.0,1.0,0.0,0.0,0.0,1.0,0.0,0.0,0.0,1.0,0.0,0.0,0.0,229
-0.10460294677198674,0.026278580763136314,0.3210706470943314,6.6393375617236305,4.0,1.0,-0.09981363907092532,-0.003774267433955195,0.30556596258701846,3.9582882741801435,4.0,1.0,-0.09126396249822889,-0.02568757062908278,0.29259979293468147,5.7482318263681345,4.0,1.0,-0.07842482753082344,-0.043959067298151744,0.2835450100973092,6.194829023223553,4.0,1.0,-0.0643485305570283,-0.06509899900995526,0.2655218427808857,9.804958106069533,4.0,1.0,-0.07367957188122742,-0.04586244901977743,0.33719345636534614,4.850290747497276,4.0,1.0,-0.059079848222124524,-0.06934503581350024,0.35305408191216603,6.070466581236797,4.0,1.0,-0.05109497254851586,-0.08616618196301179,0.36386929311898436,5.224157478577111,4.0,1.0,-0.03842909534532847,-0.1033044304869246,0.3776379590489017,5.35187686814926,4.0,1.0,-0.07555323245020029,-0.04393126488738634,0.3596885523811722,4.9165973265801,4.0,1.0,-0.06389602498291706,-0.06484526443352358,0.3786883540997981,4.841530978918721,4.0,1.0,-0.058203466215333816,-0.08111126512407212,0.39314128670694665,4.287490909569232,4.0,1.0,-0.04777915116248308,-0.09813904728454421,0.4088792792903367,6.754001892296219,4.0,1.0,-0.08884831555368405,-0.02938769032649682,0.37248022564413646,5.980933462249076,4.0,1.0,-0.07940381441677037,-0.0498304495968371,0.3893034127916702,5.945193436335098,4.0,1.0,-0.07382629055187623,-0.0659463884082998,0.4061142209094616,3.9289404581445115,4.0,1.0,-0.0637095046106279,-0.08287237745889908,0.42195528781992714,4.313172493819058,4.0,1.0,-0.10357363601851531,-0.017393074706307573,0.3794686266567029,7.055116291997547,4.0,1.0,-0.10428700788660064,-0.02862900040044161,0.39462823718132906,9.06106346508231,4.0,1.0,-0.10525786914639033,-0.03830130438375976,0.4083606971549672,11.928379799626532,4.0,1.0,-0.10239631095043053,-0.05004444341594696,0.4226948489723736,16.07242731022354,4.0,1.0,1.0,0.0,0.0,0.0,1.0,0.0,0.0,0.0,1.0,0.0,0.0,0.0,230
-0.10541333025817563,0.02618330512089731,0.3212206940438346,6.337762498609427,4.0,1.0,-0.10134664427571902,-0.004059879224766982,0.3046801087037368,4.07734899877066,4.0,1.0,-0.0939086318768311,-0.02582135655789669,0.29086494864125395,5.607260872477505,4.0,1.0,-0.08234094794221458,-0.04501195114378847,0.2809660837797398,5.84815341136496,4.0,1.0,-0.07072631574491259,-0.0681019748572491,0.2630549471934221,10.020692883566038,4.0,1.0,-0.07343352306606747,-0.048633875472510885,0.3339770721009235,4.578634451386511,4.0,1.0,-0.06246012388579889,-0.07485129162948695,0.34757056174382694,4.685388598438663,4.0,1.0,-0.0598254501485952,-0.09423501463386857,0.3564028415798028,3.4606360644118572,4.0,1.0,-0.05399518283617883,-0.11628667168383137,0.36793920150310255,3.324363835450669,4.0,1.0,-0.07429267262011872,-0.047461667516556776,0.35655718123626956,4.942944101885391,4.0,1.0,-0.06571982198791525,-0.07069920861430655,0.3739256741452584,6.683161917732984,4.0,1.0,-0.06453638265446969,-0.08930564751747365,0.3861448487217731,6.731043305369614,4.0,1.0,-0.059749561760206064,-0.11101241018164998,0.399260018380422,10.869580364072858,4.0,1.0,-0.08708422801089105,-0.033056439551046986,0.3702797248837976,5.634200874573126,4.0,1.0,-0.08121030403074615,-0.05515919756019617,0.3864624488195607,6.447585558937237,4.0,1.0,-0.0811243800167825,-0.07332620220850607,0.4014646783774247,6.444515544536251,4.0,1.0,-0.0772516603801725,-0.09429232352930898,0.4149696347713888,9.60656393505848,4.0,1.0,-0.10167847778133281,-0.021025645932837695,0.3780671849105325,6.467584733502,4.0,1.0,-0.10437857822680993,-0.03384916426307849,0.3909978949979012,8.296895784398133,4.0,1.0,-0.10880739785515174,-0.0456741167081684,0.401524516611132,11.968481879345514,4.0,1.0,-0.11000479653149807,-0.0607531593354739,0.41244229684445416,16.5120012252993,4.0,1.0,1.0,0.0,0.0,0.0,1.0,0.0,0.0,0.0,1.0,0.0,0.0,0.0,231
-0.1088384931818621,0.02388218444574237,0.3206721711804084,8.96509844510748,4.0,1.0,-0.10354479802434444,-0.005678995632215182,0.30260101307344806,5.6419302151800785,4.0,1.0,-0.09850409233510465,-0.029097575295218697,0.2889609401617338,7.663290582998676,4.0,1.0,-0.0909268435780017,-0.05041437125365821,0.2804479935009597,6.306680007463672,4.0,1.0,-0.088639828474776,-0.0811815423937922,0.27170516353828184,8.732138393652743,4.0,1.0,-0.06899414912854736,-0.04723393900040251,0.3245255568605323,6.352470133446889,4.0,1.0,-0.06267362467205632,-0.07431901673238304,0.33582347542404783,5.5056288429489655,4.0,1.0,-0.07542698871458027,-0.08925534339807267,0.34002393952642024,2.835186500510314,4.0,1.0,-0.094480063539697,-0.09985953513903839,0.33989029632635664,4.2738605171526505,4.0,1.0,-0.06734644060022203,-0.04673806259443559,0.34705376265069215,6.706588354914743,4.0,1.0,-0.07641228512963653,-0.07267579243447192,0.3556812190020964,16.722771666362377,4.0,1.0,-0.09064160359634045,-0.08873791434170623,0.3568132224393864,17.61045366612206,4.0,1.0,-0.10301828134273083,-0.1034769561530019,0.3556281694006872,18.235642773694767,4.0,1.0,-0.0791882968192374,-0.03432214605037202,0.36281669163092634,8.616279668700573,4.0,1.0,-0.08680500548120088,-0.058477954348478633,0.3676385688033197,14.129065469263518,4.0,1.0,-0.10085385374243762,-0.07567646326074112,0.36568215508218677,15.626360527751542,4.0,1.0,-0.11079779719567963,-0.0892432096374726,0.3608584498537163,16.206665273564802,4.0,1.0,-0.09328958475654818,-0.024189310482624782,0.3726569333177009,10.668975012418137,4.0,1.0,-0.10098191349511457,-0.04035982268497626,0.3783502755956072,6.914182868474776,4.0,1.0,-0.11294469837799681,-0.05297131219021526,0.3751254998566378,9.228746610948983,4.0,1.0,-0.12187216048784041,-0.06377126938777947,0.3672198543461089,12.796717102266893,4.0,1.0,1.0,0.0,0.0,0.0,1.0,0.0,0.0,0.0,1.0,0.0,0.0,0.0,232
-0.11175250063452738,0.023937032354886145,0.3172500156996423,9.425585833916974,4.0,1.0,-0.10593542138379755,-0.006429330169604691,0.2982252277289931,6.38640680526103,4.0,1.0,-0.10229877380081935,-0.0317490142798488,0.28679983933968056,5.432527004036494,4.0,1.0,-0.09667587616104549,-0.054166433890180915,0.282114825452059,4.529696700688007,4.0,1.0,-0.10059874202897837,-0.08401455126045898,0.2847186248693333,11.947154926098122,4.0,1.0,-0.06790730988932807,-0.048524045460885915,0.3154862380681546,7.394159795904665,4.0,1.0,-0.0666079251115221,-0.07766448254171462,0.32724875069932813,5.4795052138259255,4.0,1.0,-0.08552806439652492,-0.08440410337446713,0.3285668829551178,7.5185576061724815,4.0,1.0,-0.10431895588625618,-0.07829549080245597,0.3238015661840008,11.250114567141171,4.0,1.0,-0.06456589450490208,-0.0486015620636558,0.3376497226262113,5.107464702926683,4.0,1.0,-0.07552762913331,-0.07594632949419125,0.34573268910648547,4.8325110045980715,4.0,1.0,-0.09523271459771378,-0.07944965297351735,0.3417652905343277,6.560132089308113,4.0,1.0,-0.10901595512313907,-0.06973226880137473,0.3325781929956966,13.195163311387073,4.0,1.0,-0.07533072819619789,-0.03686849702248582,0.3545544648611745,3.2779503742032228,4.0,1.0,-0.08275644764752514,-0.06335787270780623,0.3591444519152113,3.6578154324132237,4.0,1.0,-0.10329692726926279,-0.06956686277291123,0.3531993701239199,5.988460150680046,4.0,1.0,-0.11648460058981,-0.06004323649823319,0.3427941424343678,13.914417892982193,4.0,1.0,-0.08870293911219801,-0.027422366351103556,0.3655998070756517,3.945586134235584,4.0,1.0,-0.09293982916899668,-0.04652401739369722,0.37086692172641245,5.670584636495123,4.0,1.0,-0.10632432058886618,-0.05511786327771855,0.3639816758220122,9.060498411443001,4.0,1.0,-0.11688167744519236,-0.051956203450531216,0.3511787410363198,8.414810083292473,4.0,1.0,1.0,0.0,0.0,0.0,1.0,0.0,0.0,0.0,1.0,0.0,0.0,0.0,233
-0.11366523425833279,0.020904933925697824,0.3145724623312996,8.988158170666601,4.0,1.0,-0.10768930985098853,-0.008632002978684016,0.295385322390145,6.170711244366069,4.0,1.0,-0.10403142043464414,-0.03308675365513995,0.2829470648750147,4.781321654119387,4.0,1.0,-0.0994087588721236,-0.05465514125830556,0.2788244807312858,3.4825042187408184,4.0,1.0,-0.10500626273026692,-0.08144184518386555,0.28612431923410125,14.826395956756148,4.0,1.0,-0.06893535628408012,-0.04924425587647282,0.3086713320587383,7.968280523884376,4.0,1.0,-0.06989746161653262,-0.07914186094687706,0.31879433922119144,6.425500312450227,4.0,1.0,-0.08804341684161761,-0.07614194554625055,0.3173788244595362,5.8483387872385215,4.0,1.0,-0.09973185599279073,-0.060134974252663384,0.31192900237919313,10.347969050234477,4.0,1.0,-0.06509591701650745,-0.04951392878671705,0.33000645688289354,5.141838250328558,4.0,1.0,-0.07767703377874831,-0.07530374216596392,0.3362879507345907,1.7431925455902462,4.0,1.0,-0.09629757979685924,-0.0703555964626653,0.3313125337085514,5.37684557443548,4.0,1.0,-0.10421188903217372,-0.05312751069849828,0.3222761302608542,8.730779481177073,4.0,1.0,-0.07549066898635749,-0.038507284025483854,0.347390568117486,3.1771129333100894,4.0,1.0,-0.08382401622564084,-0.06431345207460734,0.3504038808258356,4.1641346300809605,4.0,1.0,-0.10337944810073439,-0.06353204165699872,0.3440626477015558,7.724187796896666,4.0,1.0,-0.10989947333971535,-0.04729501826917624,0.33487412093754376,10.089895070522894,4.0,1.0,-0.0885056942052645,-0.02967820992495979,0.35899607724834703,4.430089648394626,4.0,1.0,-0.09071322522727583,-0.049034064923981435,0.3631860231172108,4.41644305962889,4.0,1.0,-0.1040557866517312,-0.05353811371137917,0.3553647545249499,8.418929191954192,4.0,1.0,-0.1117059014560402,-0.04405840889489169,0.34431693307813505,9.642307711487415,4.0,1.0,1.0,0.0,0.0,0.0,1.0,0.0,0.0,0.0,1.0,0.0,0.0,0.0,234
-0.1146692471579128,0.019472680181232684,0.31114782587271644,11.517157353963796,3.0,1.0,-0.10651718542074234,-0.009266311402774783,0.29101697205075544,6.503818590248625,3.0,1.0,-0.10237117379901998,-0.03423234860679626,0.27838617487164863,3.2230028783204427,3.0,1.0,-0.09827772017994564,-0.055490369217868776,0.2764107364786565,3.2160351648046883,3.0,1.0,-0.10700750272133004,-0.08072988354475627,0.2908948571877082,13.402529844119934,3.0,1.0,-0.06763381155460463,-0.04704058568970074,0.3010573707947651,5.396516741879882,3.0,1.0,-0.07007183144666208,-0.07541905435301158,0.31239824114615306,5.4692982591599915,3.0,1.0,-0.08860120054483475,-0.07123556733059627,0.311716144088732,6.288760828470182,3.0,1.0,-0.09621545885809606,-0.05451373479850484,0.3056229194274025,8.87358716648344,3.0,1.0,-0.0643348474998632,-0.04718620583264285,0.3231831175940735,4.055381467441318,3.0,1.0,-0.07651451463557213,-0.07253784883147597,0.33135252641567287,4.057251883285798,3.0,1.0,-0.09516929640795646,-0.0661936290602663,0.3263077467201878,4.590687267291681,3.0,1.0,-0.10001062229148207,-0.04863668676985085,0.31627380795048754,5.74883486058237,3.0,1.0,-0.07583929686579824,-0.03706906754499371,0.34116511388618603,3.0179730846665187,3.0,1.0,-0.08235855371830997,-0.06237631182701563,0.34522814255005946,4.333818879977492,3.0,1.0,-0.10260674090926174,-0.059331112520311605,0.33869815954648164,7.0011089300034355,3.0,1.0,-0.10762892283125305,-0.0425566115306832,0.32914782540789017,7.917978836457877,3.0,1.0,-0.08981097081875435,-0.029099127858343864,0.35295786723118344,2.5210439422582986,3.0,1.0,-0.08974023889965996,-0.048436070671554206,0.35733344189791055,3.650980077435026,3.0,1.0,-0.10324579066102141,-0.051881708801151324,0.3496464702425084,8.218592761728253,3.0,1.0,-0.11183693877794157,-0.041709670426321226,0.33841315271657585,10.571155055475513,3.0,1.0,1.0,0.0,0.0,0.0,1.0,0.0,0.0,0.0,1.0,0.0,0.0,0.0,235
-0.1145752410867068,0.015388901176262959,0.30794280722425893,7.487406238740836,3.0,1.0,-0.10230575118980784,-0.011757064587180411,0.2850372495201556,4.732415573726506,3.0,1.0,-0.09565648174625169,-0.036009830298386086,0.2721517792649497,4.63824245298082,3.0,1.0,-0.0886998161964019,-0.05708516020804055,0.2688403228575574,7.641972411713533,3.0,1.0,-0.0903939018547015,-0.0860193856489242,0.2770218260302861,5.647542775768876,3.0,1.0,-0.06531177295082788,-0.044287964169604205,0.29836708969829057,4.048540970810854,3.0,1.0,-0.06664103407853424,-0.07097368576680672,0.309675273528214,8.074821411847525,3.0,1.0,-0.08361197466737097,-0.06842139645960466,0.3077386718207002,7.385777236256364,3.0,1.0,-0.092396543454972,-0.053942643073262,0.3011903794961151,13.37681142262622,3.0,1.0,-0.06430417888663305,-0.0446263930654163,0.32182809527643674,5.609673029186472,3.0,1.0,-0.07491193579709078,-0.06912565914796069,0.32911791209842073,7.417263348464245,3.0,1.0,-0.09175188867006336,-0.06332857877542176,0.3223735401152983,8.609847058541972,3.0,1.0,-0.09603130316243126,-0.04640539440401132,0.3117809209902797,10.304598637206135,3.0,1.0,-0.07746303137988018,-0.03634963537194674,0.33993053996998995,6.843150449587061,3.0,1.0,-0.0825111101560683,-0.06076216970147403,0.3427382855015536,8.281369262563214,3.0,1.0,-0.10093117546698695,-0.05751089318198941,0.33468282495801727,8.988862228529397,3.0,1.0,-0.10572734884460497,-0.04053520072487214,0.3249887080759874,8.23267778194173,3.0,1.0,-0.09210734485254675,-0.030195409088181756,0.351282214487456,7.853961682409287,3.0,1.0,-0.09181451491131144,-0.04901669868961309,0.35410726808345766,7.437849210476929,3.0,1.0,-0.10498595304438949,-0.05077812885135069,0.3460127746653269,5.738492478065916,3.0,1.0,-0.11210943905966118,-0.039939284912841926,0.3361028694296069,6.615435748606207,3.0,1.0,1.0,0.0,0.0,0.0,1.0,0.0,0.0,0.0,1.0,0.0,0.0,0.0,236
-0.11588995839745656,0.014262834330262332,0.30540499750428074,6.381760001061488,3.0,1.0,-0.09497362215368987,-0.010829663460816279,0.28576253200515855,4.620598293868422,3.0,1.0,-0.08240384707495359,-0.0345206584571408,0.27737572293839696,7.497265136994295,3.0,1.0,-0.07087678018712149,-0.05375550893836202,0.276792238022865,12.817094418346146,3.0,1.0,-0.06480998227660455,-0.08185603085562605,0.28124090808934327,22.403787366560326,3.0,1.0,-0.057621941118498464,-0.040609702190688705,0.3072859133984977,7.974492300414177,3.0,1.0,-0.06382149236880912,-0.06908411150435029,0.31152010742932573,5.981327485934796,3.0,1.0,-0.07876240359880742,-0.06219124972379767,0.3041504555216146,7.426214039755052,3.0,1.0,-0.08448216266520452,-0.044581658634116304,0.29679712904098476,9.972848042770487,3.0,1.0,-0.06272021214572147,-0.0423575746477209,0.32824661043958686,6.365915281463356,3.0,1.0,-0.07850052914351353,-0.06546899520090638,0.32550021307918653,6.651460388797633,3.0,1.0,-0.09207308916078857,-0.057394356646666256,0.31514152458916916,8.940826641683756,3.0,1.0,-0.09375940158821919,-0.03916678562295558,0.30567770356208235,12.25183056291832,3.0,1.0,-0.08272832067989065,-0.036410308781203965,0.3409330670381092,5.130287725209253,3.0,1.0,-0.09218840106597312,-0.05912483255322026,0.3365043367697325,9.165478141164716,3.0,1.0,-0.10543649787241399,-0.05175213406403117,0.32545359992227435,10.831614225867185,3.0,1.0,-0.10539802324180718,-0.0327212661210987,0.3186388073669851,14.626162249610346,3.0,1.0,-0.1021172864453125,-0.03236350370946004,0.3478189717555782,6.919707568711213,3.0,1.0,-0.10585938747035165,-0.050462102781509824,0.34546255764566747,9.250011520464858,3.0,1.0,-0.1146039636437856,-0.04789465386508585,0.3351175253206094,6.036698239860805,3.0,1.0,-0.1160079514684999,-0.03408776301739683,0.3278364396173076,3.632491264776311,3.0,1.0,1.0,0.0,0.0,0.0,1.0,0.0,0.0,0.0,1.0,0.0,0.0,0.0,237
-0.10880685655088601,0.014541447680328555,0.3029237540790912,7.488600357132814,2.0,1.0,-0.07933251110231683,-0.0034726129352610088,0.29283650699570846,6.09935600766101,2.0,1.0,-0.0632438172747513,-0.023493944199503,0.28904624530863277,4.057866924842903,2.0,1.0,-0.04873190902921897,-0.04054310913485837,0.29604291589547266,1.6707088863081139,2.0,1.0,-0.035704412727885916,-0.0668352352433748,0.312647466667933,0.3614773195896116,2.0,1.0,-0.050386910530555426,-0.027868777476997515,0.327349789413121,2.2160049053497803,2.0,1.0,-0.050544138483260476,-0.0552575225497797,0.31847197678568234,3.9846392443792897,2.0,1.0,-0.06129026137405096,-0.04711813189807595,0.30753735754962974,2.584430964951485,2.0,1.0,-0.0667889919694854,-0.029837406914035157,0.3037416147608459,0.9812683020366701,2.0,1.0,-0.06352534188852242,-0.03351917506878476,0.3420592146247069,2.214569105593159,2.0,1.0,-0.07062091631690987,-0.05545093253596482,0.3244155890439046,1.479783963892449,2.0,1.0,-0.07829920362658607,-0.04681549787346446,0.3123658088351828,1.6276663074564228,2.0,1.0,-0.07985069363181968,-0.028167537406331763,0.3075384354367106,2.5804554316023323,2.0,1.0,-0.08887268315648889,-0.03399379205786698,0.3449085302295871,2.1262425063554393,2.0,1.0,-0.09055406784433735,-0.0531463122493182,0.3283808967560383,0.11202599985255557,2.0,1.0,-0.09560786025065442,-0.043965358341378734,0.31607194957361007,5.282859292434889,2.0,1.0,-0.09607004259858878,-0.02529833514310657,0.31354468785787637,8.991422204489423,2.0,1.0,-0.11036610883966078,-0.03558164145837038,0.3439255838171473,2.4100143158151757,2.0,1.0,-0.10857314046432129,-0.048096445201494774,0.3311941584210058,0.4094197436558177,2.0,1.0,-0.10939002174315704,-0.04105845385648088,0.32246629964162044,1.28421597270335,2.0,1.0,-0.10901164990463892,-0.025666358925888928,0.3222527981268977,5.470450842808086,2.0,1.0,1.0,0.0,0.0,0.0,1.0,0.0,0.0,0.0,1.0,0.0,0.0,0.0,238
-0.1078752576601674,0.01651787343007198,0.30499915299730607,7.203173319618275,2.0,1.0,-0.07828360384551449,-0.0006011325021974597,0.2956014271555543,5.173853993492942,2.0,1.0,-0.062107925400778,-0.02019867421675994,0.29123114264297595,3.3637742557340005,2.0,1.0,-0.04820910123503086,-0.03767319125671094,0.29913791941042606,2.6716950470173115,2.0,1.0,-0.038265185427452955,-0.06477047441719831,0.32019941936801977,0.7743865212545196,2.0,1.0,-0.050504397168630685,-0.025245334321721782,0.330604979874536,0.026899893472648956,2.0,1.0,-0.05031036267724515,-0.05197133505306326,0.32089378622107095,1.5154703823891769,2.0,1.0,-0.060544345819435574,-0.04337244682106621,0.31016031540662165,0.9417186749949658,2.0,1.0,-0.06595129951368826,-0.025602401692586835,0.3068268263216298,3.2494933930106766,2.0,1.0,-0.06385297847956105,-0.03147381514096668,0.3447520636185652,0.21596165927753858,2.0,1.0,-0.07012543754147915,-0.052904725721547176,0.32756637875939326,0.7294586261425242,2.0,1.0,-0.07724252190463897,-0.044280190064589116,0.3150063619109632,3.870878692982469,2.0,1.0,-0.07845172449799513,-0.025500711582260572,0.31002273442300093,4.811355315205696,2.0,1.0,-0.0888782787685887,-0.03243611923360206,0.3469240333215833,0.7117294767445581,2.0,1.0,-0.09018526195818993,-0.050584601216951124,0.3300052526639038,1.2961628300130354,2.0,1.0,-0.09464313213803521,-0.04110902782587268,0.3177637149342521,5.87626229096143,2.0,1.0,-0.09487972776783901,-0.021895258857532515,0.3158889598940087,8.329908600535125,2.0,1.0,-0.10992350008077528,-0.034359704997257205,0.345428791456265,1.4530934550524137,2.0,1.0,-0.10783456095493475,-0.045989098517096504,0.33258904957710017,1.103184151489576,2.0,1.0,-0.10848539751453881,-0.038539051974764295,0.3239056582155365,2.8121643100637304,2.0,1.0,-0.1081433187550763,-0.022981031981792327,0.32416935238088784,7.22905493164568,2.0,1.0,1.0,0.0,0.0,0.0,1.0,0.0,0.0,0.0,1.0,0.0,0.0,0.0,239
-0.10956398891791956,0.01841467864239138,0.30506245798456627,6.474887177856483,2.0,1.0,-0.08025773070444384,0.0007669388465059835,0.2951439232798581,4.967180538954215,2.0,1.0,-0.06405147396709246,-0.019119369322700325,0.29046484955904683,3.1979148402574804,2.0,1.0,-0.0503956928120064,-0.036835663228266154,0.2975990202597872,2.6778940862594975,2.0,1.0,-0.04203785089345803,-0.06416829575904742,0.31792486162483763,0.6383359749092714,2.0,1.0,-0.05184565438029969,-0.024488551368358622,0.32948187224107756,0.891739346837785,2.0,1.0,-0.052141447502108786,-0.05134408488476821,0.3208399748996923,0.8376568839894499,2.0,1.0,-0.06290669217940498,-0.04297620127158465,0.30979323062565645,0.05325610917134446,2.0,1.0,-0.06911748287052974,-0.02562117659413983,0.3058364315329794,0.03120272797301046,2.0,1.0,-0.06485526762488873,-0.030553212689276996,0.34388959435612976,1.068873528480992,2.0,1.0,-0.07157425101023532,-0.052043545863839566,0.32715797368058885,1.926184167059573,2.0,1.0,-0.07939556203319825,-0.04365634302818102,0.31455938693846974,3.84960095456264,2.0,1.0,-0.08143317255956356,-0.025119764604837787,0.30887776196159067,3.6214072184616795,2.0,1.0,-0.08985924490068731,-0.031060173784633407,0.3463131611466051,0.8202791945983916,2.0,1.0,-0.09162881166008391,-0.049251742685380635,0.3295170303050348,2.2846871915927203,2.0,1.0,-0.09664591785861083,-0.03986214011753256,0.31742107011560294,5.997110002714594,2.0,1.0,-0.09726179422616622,-0.020957922307130474,0.3147956486514535,7.931863934475238,2.0,1.0,-0.11100355852847076,-0.03261271993771692,0.3451175971793816,0.21657133235671183,2.0,1.0,-0.10975821859866922,-0.044435457677028035,0.33164606711802885,1.8472366397273856,2.0,1.0,-0.11018007688424876,-0.03764941329314627,0.3230293332120207,2.8950523406425184,2.0,1.0,-0.10924790616500618,-0.023027425682654725,0.3233169602183127,6.690686161129678,2.0,1.0,1.0,0.0,0.0,0.0,1.0,0.0,0.0,0.0,1.0,0.0,0.0,0.0,240
-0.11135440184750142,0.020469800721551724,0.30530315078896997,7.373551518162228,2.0,1.0,-0.08181572545925611,0.0031189768807141976,0.29593696331990593,4.965693860446869,2.0,1.0,-0.06546002173370248,-0.01626931887354282,0.2915850861212223,3.5546133652202085,2.0,1.0,-0.051746968491530584,-0.033559780312566165,0.2989442086293972,2.1132140420871806,2.0,1.0,-0.043444552536269075,-0.060698596683446446,0.3199961472572768,0.2265792016046009,2.0,1.0,-0.0546144268863043,-0.02292454637790609,0.33014066157742566,1.8312768418859626,2.0,1.0,-0.05369367648788967,-0.049152245186914724,0.3200815741339122,0.14071480844481765,2.0,1.0,-0.06390196546017184,-0.040259625014515965,0.3092083269354397,0.264957437171754,2.0,1.0,-0.06983712126605385,-0.02247543400135246,0.30722219897784003,0.3762567904649099,2.0,1.0,-0.068098871651127,-0.029369303837219304,0.3440168835235401,1.5166261429124879,2.0,1.0,-0.07383780993575731,-0.04961786478801602,0.3266836596620703,1.0652403410290503,2.0,1.0,-0.08101159537385805,-0.04075918161405314,0.31445311944104487,2.834396954380388,2.0,1.0,-0.0827912888984567,-0.02184055680238639,0.309744054161366,2.311750311411317,2.0,1.0,-0.09307813295722961,-0.030076470613584372,0.34613080350480413,0.5845089067380426,2.0,1.0,-0.09415721965158758,-0.04733647353379869,0.32915143885895787,1.8070284433678996,2.0,1.0,-0.09856021397962042,-0.03716695075103128,0.31715812018825223,4.719087196756129,2.0,1.0,-0.09920686943648085,-0.01761636198893351,0.3159045740081472,5.452711212559005,2.0,1.0,-0.11395586154455221,-0.03162713700069927,0.34465228819050053,0.5762070355397302,2.0,1.0,-0.11218502244965817,-0.042831452031898504,0.33146089318319266,1.7355434226372735,2.0,1.0,-0.11230086594504299,-0.03535722086339124,0.3232080230554677,2.3441559677540003,2.0,1.0,-0.11159710882823126,-0.020132951870140258,0.3241035047016426,5.807129819033907,2.0,1.0,1.0,0.0,0.0,0.0,1.0,0.0,0.0,0.0,1.0,0.0,0.0,0.0,241
-0.11215236275564903,0.021233222315711866,0.3050306387021603,6.189813380348486,2.0,1.0,-0.08209733315654089,0.004785497504557514,0.2961950614562868,3.881881876147526,2.0,1.0,-0.06516067255666215,-0.014007591779385122,0.29200053756594374,2.752082085578625,2.0,1.0,-0.051363141949592836,-0.03093588641147683,0.29930258529287956,3.1759514151271544,2.0,1.0,-0.04271887186627632,-0.05763314757174464,0.32023951215369706,1.9546075666885283,2.0,1.0,-0.05554604235753956,-0.020474674647549127,0.3301236340276858,2.1931649801523183,2.0,1.0,-0.0544149765583186,-0.0464013666571812,0.319418440448446,0.6681583105302936,2.0,1.0,-0.06442535228381462,-0.037348286188586884,0.30886245911025156,2.062968631568402,2.0,1.0,-0.0702974734385715,-0.019481772268095086,0.3069102073071493,3.0775865238278812,2.0,1.0,-0.06932707330073416,-0.027314014029572373,0.3434940437243831,1.848431123733901,2.0,1.0,-0.07433949879533824,-0.04738493332423466,0.32642387411001716,2.422342677469374,2.0,1.0,-0.08108167744257558,-0.03841552303019393,0.313776145438871,5.303546165805557,2.0,1.0,-0.08281650241479217,-0.019493103159929085,0.30919933325747656,5.316777054696672,2.0,1.0,-0.09417474239557486,-0.02871201811811027,0.3453064293280268,1.0041801112200466,2.0,1.0,-0.09425957495880506,-0.04567246784549011,0.328337473926039,2.5840054017487093,2.0,1.0,-0.0981074194140402,-0.035403588809334315,0.31637541397626656,6.7865746684777335,2.0,1.0,-0.09881676502364371,-0.01576549237500725,0.3156125992736955,8.295511557058608,2.0,1.0,-0.11483168491968783,-0.030807961303702457,0.3435895306234591,0.07573948883875312,2.0,1.0,-0.11200166024878613,-0.04145942049943769,0.33042788168766624,2.6941262509248225,2.0,1.0,-0.11206553614425413,-0.033643220684065826,0.3220812915281698,4.332791473867559,2.0,1.0,-0.1117160899185356,-0.018162789740940075,0.32271432221537877,8.849095221642141,2.0,1.0,1.0,0.0,0.0,0.0,1.0,0.0,0.0,0.0,1.0,0.0,0.0,0.0,242
-0.11259966765562444,0.02267552410256486,0.3053446746139417,4.698847446491352,3.0,1.0,-0.08184036925259446,0.008227510396085073,0.2948830154196313,4.806191962674185,3.0,1.0,-0.06167790566467185,-0.008036798944889196,0.29449998987623516,12.087313600941025,3.0,1.0,-0.04738846706203485,-0.02514592030942353,0.302653645028997,10.715972122544494,3.0,1.0,-0.045307727825319416,-0.0523832362233057,0.3074611139481517,13.872529258674993,3.0,1.0,-0.054287257402348216,-0.01757550278597446,0.33202128228339933,2.870925441629046,3.0,1.0,-0.053781432481392846,-0.04230407854621332,0.3171487080584715,4.598470374020889,3.0,1.0,-0.06430754743366113,-0.03347485445287661,0.30483484582344667,5.50145714930304,3.0,1.0,-0.0704272976832896,-0.015158354252635908,0.30107829224608296,7.255680242193734,3.0,1.0,-0.06854752357558058,-0.02552840504654636,0.34531775984114277,2.5200440524751357,3.0,1.0,-0.07311015841808122,-0.043803323551432176,0.32461873267740415,3.905632273779073,3.0,1.0,-0.08005864787713192,-0.03453692136208961,0.30998215952056735,6.716352071112787,3.0,1.0,-0.08081797839774132,-0.015173020728692678,0.30741585037999186,7.495766173375934,3.0,1.0,-0.09338588112578128,-0.027045793094889133,0.3460691283061847,1.9128890550846738,3.0,1.0,-0.09292378692774371,-0.04315205443970029,0.32745706332205116,3.13904951700453,3.0,1.0,-0.09677173706088757,-0.031913544723123834,0.3135160533525604,6.991397525030112,3.0,1.0,-0.0961638195797827,-0.012524344555069365,0.3172862786235226,8.483475156184504,3.0,1.0,-0.11345131590810799,-0.028703806181930757,0.34337097122026145,2.7595535654500103,3.0,1.0,-0.11061683490842453,-0.03921540192896962,0.32929414500322657,3.1031676797257295,3.0,1.0,-0.11089752852752995,-0.03093638307426043,0.3187654244148873,5.0066519674982946,3.0,1.0,-0.10989629862789557,-0.015600559260738986,0.32106349992537114,7.822365550897337,3.0,1.0,1.0,0.0,0.0,0.0,1.0,0.0,0.0,0.0,1.0,0.0,0.0,0.0,243
-0.11305288223067107,0.023979569150368748,0.30514278697236347,4.974699581835087,3.0,1.0,-0.08183460086205714,0.010225398286171654,0.2951130833520985,5.57804945045178,3.0,1.0,-0.061510455737541825,-0.005885211617353544,0.29465897833418225,11.292832901300676,3.0,1.0,-0.046916452594187474,-0.02222355139599708,0.30241540273437667,9.996209357748848,3.0,1.0,-0.04520633282635814,-0.04915351747487209,0.3068038374288925,15.287792041761117,3.0,1.0,-0.05454806556235836,-0.015379104755239232,0.33222279636351204,1.9457641452944758,3.0,1.0,-0.05316738099876958,-0.03982171446947536,0.31825930395914764,6.062463169553374,3.0,1.0,-0.06347219786731316,-0.03156500926776405,0.3052382774725616,6.341170466455761,3.0,1.0,-0.0698641979537642,-0.013822175984989922,0.3004703411947684,8.830969451115637,3.0,1.0,-0.06887552717336794,-0.023672769841847005,0.345027230424888,1.8902048877866868,3.0,1.0,-0.07258210871825445,-0.041660791635373555,0.32419259833941794,3.989041909479468,3.0,1.0,-0.07947979973697114,-0.03237990312186893,0.30937237643481597,6.700854819611088,3.0,1.0,-0.08093732882737929,-0.013132609097053636,0.30572993542485316,7.101914116341678,3.0,1.0,-0.09379002492018294,-0.02565804344543394,0.34528499509155547,1.374869953956008,3.0,1.0,-0.092289961595108,-0.04172503689722935,0.32667913418605404,2.9183754221670424,3.0,1.0,-0.09632800040355836,-0.03040354102859718,0.31256862790516354,6.390146768244499,3.0,1.0,-0.09640212481033283,-0.010814782230945164,0.3153875166130324,6.8332764077945995,3.0,1.0,-0.11365216110090257,-0.027647451928705793,0.3421658557943739,2.258966939287521,3.0,1.0,-0.10993105890963537,-0.038143969289934396,0.32791822362045964,2.987562484471642,3.0,1.0,-0.11019601628768187,-0.02978728891507931,0.3173694287565485,4.96953950802837,3.0,1.0,-0.10976466805665133,-0.014220734907473918,0.3193016426618409,6.931720936057033,3.0,1.0,1.0,0.0,0.0,0.0,1.0,0.0,0.0,0.0,1.0,0.0,0.0,0.0,244
-0.11287743778823246,0.025151418048740628,0.3054863168740676,5.777992665184125,3.0,1.0,-0.08055843636144977,0.012166118367839655,0.2972809847334569,6.1640732605096415,3.0,1.0,-0.05943753729311136,-0.0036238306965796015,0.2985811977221325,11.830978851437495,3.0,1.0,-0.04505224796504129,-0.02041529493133523,0.3070042675931019,9.056731560043714,3.0,1.0,-0.04377045466236557,-0.04684965065134376,0.30736169389064166,14.164858923958517,3.0,1.0,-0.05425910812526494,-0.013197214898157443,0.33540862697114326,3.812553381848821,3.0,1.0,-0.0510055038615755,-0.03724558458906267,0.32313626171807974,7.2702971992534495,3.0,1.0,-0.06073914682906547,-0.029715648969440962,0.3090421914212765,7.010631039542541,3.0,1.0,-0.06695702868455379,-0.01210764655559936,0.304985460547732,9.159995210791307,3.0,1.0,-0.06947726241963847,-0.021864179824861427,0.34687700648521913,3.49821696962074,3.0,1.0,-0.07112662462256607,-0.03988738639363495,0.32660691067924863,4.891643073408219,3.0,1.0,-0.0774845581817275,-0.030931797806436716,0.3112909354774516,6.453957017083257,3.0,1.0,-0.07915350210963165,-0.011667397733751769,0.30891151596597377,7.118419291282869,3.0,1.0,-0.09461540235869431,-0.024281231762014525,0.34572077174524496,2.614666622441717,3.0,1.0,-0.0915417613728279,-0.040303772762860623,0.3270668005740636,3.7051209851176945,3.0,1.0,-0.09490343507929701,-0.029315075488468526,0.3127417887953561,6.752384337412376,3.0,1.0,-0.09548751711289784,-0.01011763505346383,0.31698167627380364,7.92962225810377,3.0,1.0,-0.11426670902818496,-0.026690492846703717,0.34174768301368835,2.9763597458080704,3.0,1.0,-0.10972353196888882,-0.037451305841519775,0.3275466085496085,3.204565175212187,3.0,1.0,-0.10931188110076394,-0.02949117171019186,0.3168094619348811,4.882852209929388,3.0,1.0,-0.10889277310621691,-0.014412980863177702,0.31969467073122426,7.124339665930012,3.0,1.0,1.0,0.0,0.0,0.0,1.0,0.0,0.0,0.0,1.0,0.0,0.0,0.0,245
-0.11327356450771649,0.026156395698052295,0.3059123396912308,5.412972837953743,3.0,1.0,-0.08108193657249739,0.013314916763766706,0.2976979732799147,5.326299532195196,3.0,1.0,-0.06034242378751644,-0.002625545159029148,0.2990970495107199,11.755751210670658,3.0,1.0,-0.04619835546334043,-0.01945574500149601,0.30742139700237336,8.710212499693482,3.0,1.0,-0.04442527458560632,-0.0462132729148308,0.3086449390466652,14.599322763170264,3.0,1.0,-0.05440667062644164,-0.011920746917394897,0.3354389138504039,3.451981205330627,3.0,1.0,-0.05204289252742532,-0.03552119917483485,0.3241135503690642,7.93802271665649,3.0,1.0,-0.061849600683290505,-0.028493927229735427,0.30977908525557724,8.44881506800082,3.0,1.0,-0.0676793128736773,-0.011518343270736723,0.3054410432092428,12.052690910463369,3.0,1.0,-0.06934607522833601,-0.020634077822818703,0.34693519986147037,2.8901300151669016,3.0,1.0,-0.07161656193481317,-0.038420159186459316,0.327278618697641,4.803440880164481,3.0,1.0,-0.07805206742608628,-0.02977552613044277,0.3120142785343294,6.943429040591219,3.0,1.0,-0.07933580314047088,-0.01099337874112793,0.3096029138964835,8.505118829610531,3.0,1.0,-0.09437803584143635,-0.023183109543453886,0.3459906113070019,1.5111613002654167,3.0,1.0,-0.09204306958132116,-0.03891491003888639,0.32777277238476227,3.308252620489926,3.0,1.0,-0.09528807424948729,-0.028152340554982055,0.31342705071297,7.652573387102343,3.0,1.0,-0.09533826164907386,-0.00930393251687511,0.31724026473136563,9.681362007572952,3.0,1.0,-0.11406713632793099,-0.025586492364217117,0.34215982068732875,1.8399233567962563,3.0,1.0,-0.11013385645704342,-0.03598199098023672,0.3282140373582645,2.898264453646624,3.0,1.0,-0.10967608226781451,-0.028200479286535293,0.31738699928480407,5.806041797062391,3.0,1.0,-0.10889632793754407,-0.013307738613063605,0.31974568838794243,8.94721712172223,3.0,1.0,1.0,0.0,0.0,0.0,1.0,0.0,0.0,0.0,1.0,0.0,0.0,0.0,246
-0.1144371186974353,0.02630370384321375,0.3056100458570152,5.990851958867808,3.0,1.0,-0.08255752844494169,0.012332256896910523,0.29631393302134384,5.148326858252787,3.0,1.0,-0.061601913109314316,-0.0036137584257289962,0.2968241718631993,12.177410002755755,3.0,1.0,-0.04710915030677203,-0.020516235555313365,0.304909435892302,10.082262202370346,3.0,1.0,-0.04485851027511921,-0.047218936301673835,0.3072892045665564,13.666401984792254,3.0,1.0,-0.0546667907746298,-0.01350024932335462,0.33367458901512775,3.059199886959077,3.0,1.0,-0.0533277354416678,-0.037981941923525255,0.3208706654404604,6.5166237824490905,3.0,1.0,-0.06351934037465098,-0.03019122545928529,0.30752680183473835,6.774180627058104,3.0,1.0,-0.069112968104748,-0.012485963071290825,0.30324119092322716,9.471130114454757,3.0,1.0,-0.06924304476375809,-0.021761416988607618,0.3460076304583294,2.86502624756584,3.0,1.0,-0.07281185845560763,-0.040089013889487844,0.3255424806876666,4.3842771291478355,3.0,1.0,-0.0800072091073206,-0.030780304774504157,0.3109116915392455,6.410859880516071,3.0,1.0,-0.08139533176049969,-0.011616812955309743,0.30875422667834473,7.657983859836141,3.0,1.0,-0.09441335773984232,-0.023645660914450264,0.34591170903498564,1.6837232786332852,3.0,1.0,-0.09295954017559618,-0.03983736375615708,0.32723932354825896,2.8641899743400665,3.0,1.0,-0.097033126543792,-0.02860971019451703,0.31347700734545164,6.826475367010083,3.0,1.0,-0.0970155184828625,-0.009761980971396505,0.3176346167362669,9.19374616387102,3.0,1.0,-0.11451521208636666,-0.025558176958538504,0.34273847754586345,1.6426777788434688,3.0,1.0,-0.11109830280457528,-0.036325953517564104,0.32867338860040357,2.314912968708882,3.0,1.0,-0.11141489964483574,-0.028073356349202837,0.3184938768322506,4.634126520700016,3.0,1.0,-0.11075902092766239,-0.013033424891246126,0.3213682584175742,7.940118668842911,3.0,1.0,1.0,0.0,0.0,0.0,1.0,0.0,0.0,0.0,1.0,0.0,0.0,0.0,247
-0.11500080909852976,0.026288983254667213,0.30418885318148015,6.426818840977991,3.0,1.0,-0.08472976778152778,0.01107602468201497,0.2925555056942164,7.128410101203323,3.0,1.0,-0.06444486821086977,-0.004845398889139629,0.2911387051312701,15.338511536040265,3.0,1.0,-0.049790936214972756,-0.02206381921123106,0.2990134927731869,14.208380877279877,3.0,1.0,-0.04608808342764078,-0.0493538309197143,0.3059033563232998,13.155590153822496,3.0,1.0,-0.05593970579883544,-0.014971144491824679,0.32994402360372993,2.6738272972186046,3.0,1.0,-0.057144193955880634,-0.04059102222146357,0.3153552461919381,5.242068853243312,3.0,1.0,-0.06757815339290413,-0.031882781457537986,0.3032183189784296,6.025821073838635,3.0,1.0,-0.07194641815066495,-0.013078214107638533,0.3011141225260974,7.2315062159009535,3.0,1.0,-0.06938612184096372,-0.02267172983118061,0.34436678446386626,1.8850215362033922,3.0,1.0,-0.07526765299712276,-0.041892440804516054,0.3236063624158135,3.998826519570839,3.0,1.0,-0.08273485346084965,-0.03250944697758338,0.3089121941548097,6.789760068455561,3.0,1.0,-0.08246364983805266,-0.012956702301753793,0.30792932501812614,8.190474551055978,3.0,1.0,-0.09406440612780566,-0.023931842748908933,0.34597450088110426,1.9916780569266548,3.0,1.0,-0.09470396226048237,-0.04064721716102208,0.32674120412458507,2.861652018675151,3.0,1.0,-0.09901892291432061,-0.029417436024485037,0.3125721380022651,7.259023252727417,3.0,1.0,-0.0974713782201807,-0.010232423346022427,0.3179475240711895,10.405284988197023,3.0,1.0,-0.1141796042558499,-0.025442163786957434,0.34387957892727034,3.6178977997378676,3.0,1.0,-0.11224661241159917,-0.036535560229469646,0.32942285358234474,2.7276811616379124,3.0,1.0,-0.11310548986865729,-0.02813169458729936,0.3188874581744503,4.6870496826165775,3.0,1.0,-0.11221269966057965,-0.012375480485534765,0.3218204821224474,7.924577405208759,3.0,1.0,1.0,0.0,0.0,0.0,1.0,0.0,0.0,0.0,1.0,0.0,0.0,0.0,248
-0.11563218016202155,0.025628668811806924,0.3002158690969807,3.9062184439862655,3.0,1.0,-0.09030561472414644,0.0030767183729662863,0.2852904121052051,3.725407069037739,3.0,1.0,-0.07325504874870498,-0.018145322560157717,0.2829723481532536,1.5226087493591194,3.0,1.0,-0.05943610623496355,-0.036493615357288504,0.2918377323023379,4.533267349817438,3.0,1.0,-0.05339118477492445,-0.06331819332539382,0.30735226571992047,3.1854459439049845,3.0,1.0,-0.05653754925533695,-0.02261070785431462,0.31612518248012167,1.9285885693750127,3.0,1.0,-0.06593663736538269,-0.04951930239212375,0.30898757046948344,3.7129360381145404,3.0,1.0,-0.07720122239837122,-0.04037122059386551,0.2997634358159338,6.01142391291365,3.0,1.0,-0.08068073500807724,-0.022641728791648448,0.29498872765108297,7.527353657519953,3.0,1.0,-0.06651151232080649,-0.02554233069028503,0.33424187442686865,2.65141881473894,3.0,1.0,-0.08195506141909469,-0.04683482122839323,0.31960654933880567,5.408219827479684,3.0,1.0,-0.09171180738101024,-0.03788728152402966,0.30748361499349436,6.726652123794172,3.0,1.0,-0.09240394481410985,-0.019674991638438104,0.29940690842774165,7.2869657191273625,3.0,1.0,-0.08951730247234677,-0.022601007231969235,0.342112957486328,1.8982239550554156,3.0,1.0,-0.09887363464342447,-0.04276741775733183,0.3251820224545012,4.292539957324502,3.0,1.0,-0.10626586763648686,-0.03350498800114795,0.3129465796513689,6.688909974370557,3.0,1.0,-0.10460505442044675,-0.014534312943541636,0.3085298404461386,8.976121382696357,3.0,1.0,-0.1102812974978506,-0.02142941167208912,0.34441476851988395,1.2121239395251577,3.0,1.0,-0.11492380953200658,-0.03625730750605137,0.3309180197047034,3.3935055123229687,3.0,1.0,-0.11848504825415218,-0.03016994828867205,0.3207483581618947,4.835301143134099,3.0,1.0,-0.11593409488408696,-0.015365783817610106,0.3177900042398637,6.725736230787729,3.0,1.0,1.0,0.0,0.0,0.0,1.0,0.0,0.0,0.0,1.0,0.0,0.0,0.0,249
-0.1172527290027486,0.02526744768103842,0.2976397439038755,3.1275599711634627,2.0,1.0,-0.10083920720496925,0.003968395501120786,0.27564887457002096,0.49293079726541583,2.0,1.0,-0.08608753865724074,-0.01715398116094262,0.2703243219633735,6.903707478121,2.0,1.0,-0.07262150966798682,-0.035347927124451846,0.27749924233360374,15.652693724239287,2.0,1.0,-0.06299788979888829,-0.0625244389740784,0.3011047396939802,14.039360017963636,2.0,1.0,-0.06313438637725818,-0.025678170530680576,0.3062772256792005,1.6804757127328322,2.0,1.0,-0.07712537168961578,-0.05077475025415554,0.2981686251770362,7.348848048207764,2.0,1.0,-0.0891371205116787,-0.04016968527469727,0.28960351633261144,11.422676706813565,2.0,1.0,-0.09271149455205728,-0.02173222183834252,0.2832600844713969,13.803862872756671,2.0,1.0,-0.06274609944265062,-0.031117753239721362,0.33310301126215797,2.501541816880721,2.0,1.0,-0.08278313318104587,-0.0501109822286999,0.31960122502881927,1.8022748208442927,2.0,1.0,-0.09606198139968454,-0.03925672711263155,0.3064494342232922,6.397904912181957,2.0,1.0,-0.09794764348739016,-0.020212680135370403,0.2965324233814504,10.555550069787689,2.0,1.0,-0.07753618449703858,-0.029230691077162654,0.3479185435225398,4.707439288648501,2.0,1.0,-0.09139044892161008,-0.047933727051199845,0.33189694015796006,4.320987756614382,2.0,1.0,-0.10506176345498805,-0.03674156926475886,0.31697329684583114,2.084713003461484,2.0,1.0,-0.10454066795745647,-0.01717521547541655,0.3116550802584492,7.689728270420843,2.0,1.0,-0.09368293852139895,-0.028315478290484322,0.35474966049054635,5.9654980917209315,2.0,1.0,-0.08702661772135376,-0.044570122245801584,0.3531995922247597,12.252215659818727,2.0,1.0,-0.08557803306710178,-0.04963385072855717,0.3466934963583089,35.80184803014732,2.0,1.0,-0.08694510427223019,-0.049835755021753844,0.3361009657779903,65.66336375256186,2.0,1.0,1.0,0.0,0.0,0.0,1.0,0.0,0.0,0.0,1.0,0.0,0.0,0.0,250
-0.11544530208093817,0.02168156455063949,0.2955479488573347,5.431328336011492,3.0,1.0,-0.0959307839893031,-0.0032119128159372448,0.27845779756769895,6.752436734534139,3.0,1.0,-0.08221489195869455,-0.025776995593898587,0.27415622834600994,3.947409193459496,3.0,1.0,-0.06960738318870689,-0.04507854168794228,0.2809251138831552,2.299147730096076,3.0,1.0,-0.06362539649953461,-0.07190122243415127,0.29526914319646264,2.6831486485988507,3.0,1.0,-0.05977159620345743,-0.03206680628368584,0.305981553993292,2.9292325322409876,3.0,1.0,-0.07200322846710157,-0.05825267028136818,0.302878122377625,5.136357241054934,3.0,1.0,-0.08415218766502776,-0.04853338448298961,0.2948455460399832,4.7820005665670955,3.0,1.0,-0.08760079547032923,-0.030903699394033545,0.2889153919838437,4.571307138352391,3.0,1.0,-0.06559605532397304,-0.033632617193867426,0.326497086128438,3.0730190843475964,3.0,1.0,-0.08483197871595244,-0.05371191154924893,0.3168230954652325,5.048805803177497,3.0,1.0,-0.09637074533060401,-0.044123051510347115,0.3053247178069265,4.980175314431116,3.0,1.0,-0.09750055770508333,-0.02689628997379718,0.29583647621775017,5.643382461000381,3.0,1.0,-0.0853008709413152,-0.027995682831691144,0.33806470296638796,2.901022404500891,3.0,1.0,-0.09947879062766041,-0.04734664239652605,0.3256058559082082,3.839849392560575,3.0,1.0,-0.1091071867345444,-0.03726088228327517,0.31372161293860656,4.057885271378017,3.0,1.0,-0.10685708008735571,-0.01933207822698554,0.307716680836114,6.654368164034292,3.0,1.0,-0.10440213375767578,-0.024405555415006407,0.34350640572855906,3.488768251641538,3.0,1.0,-0.11325425190301774,-0.038412284834922296,0.3331726064282391,2.434262044716341,3.0,1.0,-0.1189728729987746,-0.031461587468783,0.3233111935956898,4.033277613599244,3.0,1.0,-0.11559418901411024,-0.016530594065610967,0.31956649203264964,3.9500433743857593,3.0,1.0,1.0,0.0,0.0,0.0,1.0,0.0,0.0,0.0,1.0,0.0,0.0,0.0,251
-0.11612142661666426,0.018467722799603146,0.299434067206319,11.1190359238187,3.0,1.0,-0.10266097171839421,-0.008267692468272322,0.27993434352542307,6.6275258264875605,3.0,1.0,-0.09230959488136396,-0.031883765236473384,0.2738868140472129,6.5412643187712165,3.0,1.0,-0.08187915615742161,-0.05145107895402941,0.2767421617877074,7.612545096034744,3.0,1.0,-0.07376719372213543,-0.07734717202421881,0.29229451154867697,3.4135517053577646,3.0,1.0,-0.06603945617308062,-0.03688044134659715,0.2927767850748571,6.9774986851864895,3.0,1.0,-0.08141680539088537,-0.059674478779706476,0.29910633848740853,5.746465616111089,3.0,1.0,-0.0929802119173877,-0.04942205542080773,0.2956913890169305,5.999503421884358,3.0,1.0,-0.09675375265739194,-0.033948368122306456,0.2873382028775965,9.760075056829756,3.0,1.0,-0.06644520961491265,-0.03564833444215194,0.31399900284842747,6.821331799390282,3.0,1.0,-0.08828861088557659,-0.051361867372546256,0.31425407753070383,7.045959960775657,3.0,1.0,-0.10142927667823812,-0.04227295987715061,0.30751384480894217,4.915781570901039,3.0,1.0,-0.10249516618822332,-0.02768853849930925,0.29592922918690223,9.656206414444547,3.0,1.0,-0.08108978999117462,-0.026945880549158058,0.3302789085701499,5.048742516539573,3.0,1.0,-0.09738473844617296,-0.043745590750235604,0.32635143910270314,6.195713607364279,3.0,1.0,-0.11063695285118622,-0.03418996673103942,0.31775422591099933,3.4120560055440907,3.0,1.0,-0.10860354144880416,-0.018281824114682918,0.3088812719896004,8.596117189006725,3.0,1.0,-0.09681868134547071,-0.020609580133308394,0.3405909681801485,3.622555231450703,3.0,1.0,-0.10688472658729328,-0.033285078626283056,0.3359124402789509,5.698796544062486,3.0,1.0,-0.11616477604113686,-0.026520949802174548,0.3275081233724136,5.513038889026966,3.0,1.0,-0.1147495155660282,-0.014077428305539093,0.32030958030770457,3.6635414117572473,3.0,1.0,1.0,0.0,0.0,0.0,1.0,0.0,0.0,0.0,1.0,0.0,0.0,0.0,252
-0.1154819315759872,0.01898303238429612,0.2981759880478615,12.155824009461787,3.0,1.0,-0.11409018981181472,-0.011402816115070219,0.28114492354379356,7.905418706020488,3.0,1.0,-0.10854392174382281,-0.037304347075199557,0.27567362266397233,7.315406311544726,3.0,1.0,-0.10047013069340774,-0.05857331049699372,0.27655121974481967,9.767807389114783,3.0,1.0,-0.09154628744755493,-0.08481575836761628,0.28969158693876373,6.090322822868758,3.0,1.0,-0.07669833184445726,-0.047342464453922005,0.28279467780722717,6.705754520649646,3.0,1.0,-0.0933528924791712,-0.06635800947910823,0.3000979716217217,3.0930259781531553,3.0,1.0,-0.10492854120893542,-0.053370222406231994,0.2996542999354611,4.571007538406778,3.0,1.0,-0.1078588614045275,-0.03809515881313742,0.2884649372793866,9.322493256093148,3.0,1.0,-0.06817370166407545,-0.04406939183244006,0.30289502551742253,5.764095700089047,3.0,1.0,-0.09113706526410184,-0.055229159655794745,0.31554513720755656,3.213758968648166,3.0,1.0,-0.10533310413596922,-0.04311608367067151,0.3121380460338096,3.7611679495639514,3.0,1.0,-0.10728362455222726,-0.029207011872645322,0.2983028698925157,8.505918750385144,3.0,1.0,-0.07257125681259448,-0.031121495082584823,0.32262906091300964,6.741218468598983,3.0,1.0,-0.09270775799715544,-0.044378098937502435,0.32968418039453123,5.676284318415136,3.0,1.0,-0.10742669031928491,-0.03201772901515797,0.32355989642446703,2.6079625520764296,3.0,1.0,-0.10442558243596001,-0.01788221199048934,0.310545509233043,6.912879330415687,3.0,1.0,-0.08050739076031004,-0.021168597301449342,0.3370830855023899,7.842646474788865,3.0,1.0,-0.09365023899977908,-0.03171351594944166,0.3406222036906142,7.419883565966322,3.0,1.0,-0.1056247319898245,-0.023178661845993216,0.3338010873931556,3.374239952148912,3.0,1.0,-0.10539548332068653,-0.011738178417269325,0.32222076579200837,5.304852488780571,3.0,1.0,1.0,0.0,0.0,0.0,1.0,0.0,0.0,0.0,1.0,0.0,0.0,0.0,253
-0.11412334282660558,0.017459333525560672,0.3000358142460836,6.802631690782174,4.0,1.0,-0.13116923637403877,-0.011565154744134032,0.29667562073556736,6.420460946917553,4.0,1.0,-0.13477848295475103,-0.03836767634006209,0.2967233894252413,5.465813684022885,4.0,1.0,-0.1310098954593468,-0.06228307352940435,0.2961725582945237,5.740182061255492,4.0,1.0,-0.11962588067479878,-0.0899784579184002,0.3024535538405131,7.5024054682714265,4.0,1.0,-0.10750359682524337,-0.05843201464401745,0.2801633034368167,5.534259081634444,4.0,1.0,-0.11115182606137503,-0.07340449631261033,0.3056221886903849,4.905326486068071,4.0,1.0,-0.11752484276524716,-0.05604995267760924,0.31090953979929986,4.2291633769741654,4.0,1.0,-0.12139694834675308,-0.03980275196612842,0.30307511636876794,5.669141610414707,4.0,1.0,-0.0882612488345461,-0.056479441521829134,0.28690262186600585,4.767905287483266,4.0,1.0,-0.09744574909314506,-0.059338690718914726,0.31349744613390573,5.868210189293435,4.0,1.0,-0.10685007767409553,-0.043577024932988914,0.31921534707914356,6.288103599196541,4.0,1.0,-0.11434696312513386,-0.029256396222720124,0.3096722819592218,5.882574407275877,4.0,1.0,-0.07538310205383053,-0.04147989656116308,0.3014083703935378,5.423905298637303,4.0,1.0,-0.08658597984764628,-0.047389702057395636,0.3230329494401954,6.637419982564028,4.0,1.0,-0.09774033778164438,-0.032472407030909714,0.325977330834495,8.094159361670695,4.0,1.0,-0.10411493809688303,-0.018585337954729268,0.3130592616905191,7.582476409861405,4.0,1.0,-0.06784179740330354,-0.029220274097021826,0.3158672212475518,5.580717582169419,4.0,1.0,-0.07710558600013595,-0.03364732209834259,0.3300520152604737,7.097933343785041,4.0,1.0,-0.08711669832409497,-0.022484371038010237,0.3300265232058588,6.659500133804183,4.0,1.0,-0.09339388356636612,-0.011335590711987089,0.3184070334092916,4.9343223873329105,4.0,1.0,1.0,0.0,0.0,0.0,1.0,0.0,0.0,0.0,1.0,0.0,0.0,0.0,254
-0.11294885294310865,0.015383969350569557,0.29794747047084946,7.5233739710805265,4.0,1.0,-0.13311205123477296,-0.010861779453255907,0.3016356445337226,6.76600405013977,4.0,1.0,-0.13816311825709657,-0.03669227098603502,0.3047439882158215,5.234812852258815,4.0,1.0,-0.13600649073267104,-0.060550608805277926,0.30532508130245156,5.271470742950538,4.0,1.0,-0.1251615957908891,-0.08817841992947235,0.31187397743257234,6.5819787841583235,4.0,1.0,-0.11553101588985858,-0.059005069505657544,0.2861383330564775,6.089780780939206,4.0,1.0,-0.11816670883347716,-0.07021427029542099,0.31276228057996214,3.466641197677029,4.0,1.0,-0.1220715897762211,-0.053044723865363484,0.3175425912338044,5.3473806313785435,4.0,1.0,-0.12496857491329462,-0.0378327677121423,0.31050732810821186,8.08592067944732,4.0,1.0,-0.09538005148885229,-0.05807788511083438,0.2882256420055959,4.676429563187639,4.0,1.0,-0.10149975183584943,-0.059136605261062944,0.3166081421197172,4.005117437594601,4.0,1.0,-0.1091668298056457,-0.04275014912376972,0.32242143047966965,5.240759674071615,4.0,1.0,-0.11630945597308721,-0.028653867693641477,0.31333348927633026,6.966151585900601,4.0,1.0,-0.07966868001863689,-0.04346874222700072,0.2978064461881004,4.760814712230077,4.0,1.0,-0.08822609093006033,-0.04869473896810349,0.32218019581101526,4.022980523342601,4.0,1.0,-0.09807392283853177,-0.03330875822807571,0.32627208701304694,5.342121267615784,4.0,1.0,-0.10437788809953345,-0.020285674166981994,0.31374241888743926,8.345263020426042,4.0,1.0,-0.06946479207438803,-0.03122173213339321,0.3090469687128767,6.447296995097566,4.0,1.0,-0.0771588956849906,-0.0352161929827258,0.32575010717807656,3.3260816261667756,4.0,1.0,-0.08624715384904987,-0.024216103502394108,0.3269559228079402,2.0859788679227567,4.0,1.0,-0.09245587566460683,-0.014031662777577553,0.3156993937793289,5.060805057066995,4.0,1.0,1.0,0.0,0.0,0.0,1.0,0.0,0.0,0.0,1.0,0.0,0.0,0.0,255
-0.11454567455472937,0.0137542683761808,0.29301551682222804,11.506760135523407,4.0,1.0,-0.13605091097265337,-0.00982504014899933,0.3035523079470291,9.93389307306665,4.0,1.0,-0.14190156046431793,-0.034481662203774736,0.3121632805363078,6.371319835697138,4.0,1.0,-0.1415646705244261,-0.05811339149076154,0.31649718607604455,4.960305502076403,4.0,1.0,-0.13179413481845112,-0.08547980011408123,0.32611522739214543,4.360735880846681,4.0,1.0,-0.12317359705758119,-0.05992261593787128,0.29439154910397436,5.681460940233922,4.0,1.0,-0.12499358738260395,-0.067065495363862,0.32234488148887047,1.5660525462074788,4.0,1.0,-0.1271946425286999,-0.049409542871211715,0.32610943462411035,5.28715795211879,4.0,1.0,-0.1294604465464051,-0.03436150416875913,0.3179561451833088,10.799393864935649,4.0,1.0,-0.10314320249672002,-0.06055173586854276,0.2945223234930717,4.587580633080196,4.0,1.0,-0.10725947478044723,-0.05830572834178242,0.32325518464160835,1.4997999757793232,4.0,1.0,-0.11328896037179113,-0.04118877677928041,0.327993663014182,4.902720938267652,4.0,1.0,-0.12062440151815479,-0.02640329059383775,0.31818432005855773,8.391471818944853,4.0,1.0,-0.08609795287740334,-0.046399840707803855,0.3001795166545265,2.170482939553497,4.0,1.0,-0.09297433545141219,-0.04830676556837937,0.32609323617539987,2.5678684111124976,4.0,1.0,-0.10138595552915336,-0.0321091237134135,0.32961169410159896,7.652371928371462,4.0,1.0,-0.10819621341479546,-0.01929481421939529,0.3166370524960796,10.482498788450409,4.0,1.0,-0.07450129368868962,-0.03406563257378873,0.3083198404938225,4.521433508527059,4.0,1.0,-0.08021412914330202,-0.03548868069112509,0.3268779511508475,4.172046123565278,4.0,1.0,-0.08815082278897313,-0.024017706233084853,0.32758677763002236,5.623000618073549,4.0,1.0,-0.09440385612758104,-0.014610932691485919,0.31512725456988117,7.549521075633934,4.0,1.0,1.0,0.0,0.0,0.0,1.0,0.0,0.0,0.0,1.0,0.0,0.0,0.0,256
-0.11261071407715179,0.012693839082587028,0.2939849324377639,10.95914109965237,4.0,1.0,-0.13506603280369103,-0.009856835830545837,0.3047593323947556,9.09552535468573,4.0,1.0,-0.14136689215763892,-0.033824584151350104,0.3140319842198676,6.1216862450616985,4.0,1.0,-0.1408743840400854,-0.05692094272085477,0.31904438993783896,5.428887125334137,4.0,1.0,-0.13017165898929967,-0.0822779351894571,0.32901103640989604,5.5829210847802955,4.0,1.0,-0.12270312368972075,-0.06057920302957242,0.2957626577132661,4.691135301695647,4.0,1.0,-0.1250466856954961,-0.0691191523243066,0.32284322036313245,5.806841749214178,4.0,1.0,-0.12630425915211008,-0.05176093274165173,0.3272835475157806,6.634437606791826,4.0,1.0,-0.12716740218849792,-0.036307952452555685,0.32013616394623623,8.114083922165921,4.0,1.0,-0.1024259215902193,-0.06158995895788727,0.29562118773957796,3.62859572174507,4.0,1.0,-0.10677261306408084,-0.05949046127092811,0.324414062224064,2.809208796893121,4.0,1.0,-0.11264253341980184,-0.04226274799874584,0.3295605975118978,5.092678818971829,4.0,1.0,-0.11949470923855161,-0.02772117263928781,0.3203611349256001,7.499823822500681,4.0,1.0,-0.08498770348453774,-0.04752711991482257,0.3010420951954813,3.03299478106044,4.0,1.0,-0.09232585882848561,-0.04865713384813954,0.3270279617179209,2.902880051829601,4.0,1.0,-0.1006409370460878,-0.03224439831568031,0.3304955322352028,6.571762027519053,4.0,1.0,-0.10695462113309293,-0.020143604910038082,0.3178459477914321,9.14663541657059,4.0,1.0,-0.0731429239935959,-0.03508869131895022,0.3090292314056399,6.097057715634511,4.0,1.0,-0.07944454998957177,-0.03563268047680125,0.32771822425873764,3.666283071333441,4.0,1.0,-0.08737793803123274,-0.024137943777380762,0.32834466982382804,4.520849152907536,4.0,1.0,-0.0932189186037212,-0.015383076126057922,0.3159901744717473,6.922212609307916,4.0,1.0,1.0,0.0,0.0,0.0,1.0,0.0,0.0,0.0,1.0,0.0,0.0,0.0,257
-0.11280102541309449,0.012296500722144919,0.2938658116705518,11.24258926360454,4.0,1.0,-0.1354436442894543,-0.010177277495956863,0.30495798556213033,9.076592018205988,4.0,1.0,-0.14197794214507953,-0.034071670788548974,0.3146963960661635,5.76270985565805,4.0,1.0,-0.14130211550263297,-0.057186323650175355,0.3204423603233314,5.044276820408674,4.0,1.0,-0.13051551339128145,-0.08249350155150005,0.33098722184024737,5.084999330866576,4.0,1.0,-0.12311679008643246,-0.0610925402081959,0.2969702353690961,4.454140195883808,4.0,1.0,-0.12560397360792872,-0.068779787462519,0.32442794377019885,5.419390213878389,4.0,1.0,-0.12704604663580896,-0.050963851492440086,0.328410930211455,6.495866077634892,4.0,1.0,-0.12834776766468864,-0.03519975617449071,0.3206646726483116,7.9537170535406005,4.0,1.0,-0.10282799614204012,-0.062112119206084095,0.2969779551250596,3.8353550086875634,4.0,1.0,-0.10711953134602498,-0.059530987354537546,0.3256103264852089,2.4626241615496847,4.0,1.0,-0.11297830697030029,-0.042050871265867325,0.33048233490669976,4.4853510279180835,4.0,1.0,-0.11990384191306606,-0.027201915501333083,0.320943801513062,5.807563300422598,4.0,1.0,-0.08540237564044928,-0.047959338468017775,0.30219509411915463,2.600434132370051,4.0,1.0,-0.09269147656411843,-0.04893847801779694,0.32804240286647113,2.5326848908823587,4.0,1.0,-0.10110967502629196,-0.03221340557729157,0.3313355867468569,5.379684447425603,4.0,1.0,-0.10742663848783944,-0.019822017119281422,0.31858956807415906,6.84778385384975,4.0,1.0,-0.07363492986929102,-0.035380484664603806,0.30997341982319154,5.552796152717194,4.0,1.0,-0.07970123969053537,-0.035819761699162025,0.32859695738284234,3.3796765526904142,4.0,1.0,-0.0876773347475035,-0.024111729670812758,0.32908799482376655,3.604053524066534,4.0,1.0,-0.0933210983452121,-0.015560931656804219,0.31656292701938893,4.91419567634807,4.0,1.0,1.0,0.0,0.0,0.0,1.0,0.0,0.0,0.0,1.0,0.0,0.0,0.0,258
-0.11350846813467629,0.012234803276422767,0.29472010818785904,10.019283154785942,4.0,1.0,-0.13621245770414067,-0.009807922632737527,0.3057763765845833,8.07997571877783,4.0,1.0,-0.1429656868354458,-0.03335882078904634,0.3154260874699649,5.262361860710128,4.0,1.0,-0.14228628405820587,-0.0563068466058336,0.321263154258144,5.318717495903428,4.0,1.0,-0.13078145192978893,-0.08000921573494386,0.3327206886850636,11.975923325925816,4.0,1.0,-0.1240153239086323,-0.06092964001037157,0.29770462715050233,4.002089890021174,4.0,1.0,-0.1268622373049379,-0.06928395745320633,0.3248040187546907,6.842768232638791,4.0,1.0,-0.1278654661184705,-0.05182829020822111,0.32829452278162097,7.5251676072987586,4.0,1.0,-0.1288693968472965,-0.03597773231642405,0.32030370769311023,7.160793596400077,4.0,1.0,-0.10370898916578036,-0.0621911830198901,0.2975730430576455,4.046087372399985,4.0,1.0,-0.10816587270225637,-0.059670411867335654,0.32602543123132766,2.775095271742143,4.0,1.0,-0.11397185099603299,-0.04230090630079031,0.33045387262730386,4.918450049251259,4.0,1.0,-0.12075801138801075,-0.027495570788146094,0.32067645786076143,6.928187493322479,4.0,1.0,-0.08625007684622385,-0.0481376592056339,0.3026388449284179,2.5099643646165997,4.0,1.0,-0.09354214408736854,-0.04887243464675747,0.32833467062496147,2.498542946337002,4.0,1.0,-0.10185479873870168,-0.03220267565099057,0.3308805140508766,6.547123883356116,4.0,1.0,-0.10824443803323604,-0.01998617171580988,0.3175332608747932,7.901090507046507,4.0,1.0,-0.07442617343435096,-0.03557121010393235,0.3103218443370351,5.079927401437514,4.0,1.0,-0.08076180237982045,-0.03556223839991411,0.32868584903200493,3.48203083962337,4.0,1.0,-0.08868711040154004,-0.023899185000654747,0.32864764932830937,4.621282743049561,4.0,1.0,-0.09435142604944695,-0.015591071864878275,0.3158442902876242,5.707599218407951,4.0,1.0,1.0,0.0,0.0,0.0,1.0,0.0,0.0,0.0,1.0,0.0,0.0,0.0,259
-0.11493865891729238,0.011266143665832831,0.29278063003087457,11.32321230757936,4.0,1.0,-0.1375501591442508,-0.010083210095172598,0.3053008386450136,8.576948300971885,4.0,1.0,-0.1444770598451169,-0.03306134181092788,0.31581390271587173,5.7420425844048255,4.0,1.0,-0.14450443503444274,-0.0556157538055579,0.32239032485636065,4.475294742983478,4.0,1.0,-0.13510075322045803,-0.08083274729973187,0.3341122180821704,5.468730345661855,4.0,1.0,-0.1257624927507527,-0.06158288856829864,0.2991803532698394,4.346356269634921,4.0,1.0,-0.12777228005615335,-0.06896616152281405,0.3267396232521679,5.683424649607508,4.0,1.0,-0.1288306427706212,-0.051129570789218294,0.3302031529512945,6.784374839180194,4.0,1.0,-0.13038966977634472,-0.03487599583901921,0.3219067783323061,6.912484872464081,4.0,1.0,-0.10544446880675915,-0.06311998364921774,0.29886670741672994,3.614753848255102,4.0,1.0,-0.1095711811504016,-0.05946867789912577,0.3273855338582719,2.6860108472306474,4.0,1.0,-0.1153234017235606,-0.04182242013909049,0.33157007250576587,4.949192566116144,4.0,1.0,-0.12229451201116961,-0.026682587655304683,0.3213352906936498,7.157639895042611,4.0,1.0,-0.08783778050901361,-0.049103354430980975,0.3031555563249868,2.054698896885587,4.0,1.0,-0.0949159708081175,-0.04955412082397373,0.32900481027051803,2.0147867766832084,4.0,1.0,-0.10314843343263967,-0.03254157156842217,0.3317521408977571,5.653656387684569,4.0,1.0,-0.10966779877628063,-0.019985084309295607,0.3185541901412403,7.272662942450387,4.0,1.0,-0.07580355410456902,-0.03646591314900499,0.31012676792447946,5.062952663190523,4.0,1.0,-0.0816420311781457,-0.03620697107381707,0.32892686061971743,3.274550347847555,4.0,1.0,-0.08948084657532816,-0.02442621360696481,0.328943856345289,4.183453896231403,4.0,1.0,-0.09543704931762566,-0.015837018097966307,0.3159697923770962,6.397565469055365,4.0,1.0,1.0,0.0,0.0,0.0,1.0,0.0,0.0,0.0,1.0,0.0,0.0,0.0,260
-0.11502046154184915,0.010232214279285409,0.2928805136360465,11.546835194464236,4.0,1.0,-0.13794300209167548,-0.010785365182795308,0.30610785836768545,8.420282706757384,4.0,1.0,-0.14513095800845868,-0.033130287910255886,0.31708152255816685,6.312719844564588,4.0,1.0,-0.1449174805010434,-0.05527919027365119,0.32433100759640465,6.477236871118899,4.0,1.0,-0.13377014108122381,-0.07822633677837923,0.33748779154895847,10.496095666000475,4.0,1.0,-0.1261358052538671,-0.06273519491952531,0.30115710383659405,5.283614320784038,4.0,1.0,-0.1288607285678143,-0.06989819937764219,0.328380330519982,7.48857404385688,4.0,1.0,-0.12944162793740716,-0.052349652046840604,0.3315626342500237,8.291153354694424,4.0,1.0,-0.1301121961857694,-0.03624560400834736,0.32279212685934755,7.103928895243245,4.0,1.0,-0.1058034699186621,-0.06438507856298967,0.30081197500019946,4.449967002205845,4.0,1.0,-0.11033187920658397,-0.060103154982119385,0.3290625438045082,2.9622455675670705,4.0,1.0,-0.11597394204767783,-0.04222799769255536,0.33297099999287555,5.319750584930466,4.0,1.0,-0.12244683496108398,-0.0272649091447322,0.3223717940332848,7.449557499091288,4.0,1.0,-0.0881891535276938,-0.050245808147184795,0.30464111010676154,1.52562743957141,4.0,1.0,-0.09556769105074496,-0.050004413356252615,0.33054772825687545,1.5574723846142633,4.0,1.0,-0.10373524575496904,-0.03275136610901644,0.3328009157006194,5.910209767630057,4.0,1.0,-0.10987531607934586,-0.020456451581020527,0.3189610849539056,7.9236097191945305,4.0,1.0,-0.07621452457875706,-0.03737129627476497,0.31116295497209945,4.140084085910649,4.0,1.0,-0.08242880922681871,-0.036705711039535134,0.3300435125969459,3.609022033211386,4.0,1.0,-0.09027466171431389,-0.02490132724056608,0.3297632317873349,4.585308131137419,4.0,1.0,-0.09606218729201267,-0.016661298781692226,0.31642361700802735,7.560910629186601,4.0,1.0,1.0,0.0,0.0,0.0,1.0,0.0,0.0,0.0,1.0,0.0,0.0,0.0,261
-0.11615718453349533,0.010937694942522067,0.29238597903517466,12.220964495200988,3.0,1.0,-0.13869131184842493,-0.011717970516105214,0.305845588554485,10.261685212292253,3.0,1.0,-0.1459615598951597,-0.03514246546180948,0.31679050265869896,5.942227099456133,3.0,1.0,-0.14549489444739513,-0.05855095457224247,0.32394430285901926,4.734922881259987,3.0,1.0,-0.13400615958227538,-0.08515697902435768,0.3360817756613464,2.1135152245375584,3.0,1.0,-0.12654332427912204,-0.0659657300860369,0.30080197964265876,4.338929328982494,3.0,1.0,-0.12707390077547956,-0.0688339777980035,0.329772701227106,1.7579205022267186,3.0,1.0,-0.1282307383849318,-0.0506710364456677,0.33292949384071496,4.9575732582497105,3.0,1.0,-0.12906038384995291,-0.03770218715171958,0.3236439223802199,8.578913706974264,3.0,1.0,-0.10633833855266743,-0.06726465673573055,0.3004413421406909,3.578688619580737,3.0,1.0,-0.10974164563508741,-0.061102018701279334,0.32935605453570654,2.0926932323507033,3.0,1.0,-0.11491411723049337,-0.04321478585175884,0.33346393040473576,5.091092334210678,3.0,1.0,-0.12097455695872344,-0.03007637609611819,0.3228488320351078,6.567528554582516,3.0,1.0,-0.08850177090034973,-0.052034141314674834,0.3044248661842644,1.801930722444648,3.0,1.0,-0.09583595673682666,-0.05120126686256984,0.33041408116891424,1.679490707668811,3.0,1.0,-0.1031451112550667,-0.03441206885913033,0.3329150821496089,6.3121639627756805,3.0,1.0,-0.10805413492343603,-0.0235784080850223,0.31932868039515677,6.930933104483912,3.0,1.0,-0.07593051342178547,-0.03846675246906185,0.3110670191430904,3.9053198651523915,3.0,1.0,-0.08282248300355802,-0.038630487484926805,0.32970873502501874,2.7832930729754373,3.0,1.0,-0.09012392666715999,-0.02719478262165573,0.32964929697321266,3.5287266738003176,3.0,1.0,-0.09426776481076628,-0.020091100419225835,0.3167274321637349,4.7271610364020535,3.0,1.0,1.0,0.0,0.0,0.0,1.0,0.0,0.0,0.0,1.0,0.0,0.0,0.0,262
-0.11439971461426375,0.006900304935870108,0.29085929148147777,12.242949554732789,4.0,1.0,-0.1375228419348412,-0.01382180094870769,0.3053526867447056,8.73473128930448,4.0,1.0,-0.14509603735939489,-0.03611706409741526,0.3174787483920467,6.006945363301819,4.0,1.0,-0.1444964604230889,-0.0582056944943125,0.32596296188841417,6.779425988743816,4.0,1.0,-0.13283724407905104,-0.0802705209505566,0.34001736804877747,13.135967856174533,4.0,1.0,-0.12653763832874934,-0.06601425990666532,0.3018986182207715,5.347836887024234,4.0,1.0,-0.12930740637100227,-0.07261169630593503,0.329148832093862,7.908097689640197,4.0,1.0,-0.12929716738660846,-0.05607944221291316,0.33243464882156804,9.682524008576443,4.0,1.0,-0.12897622220345506,-0.041108572040589125,0.32380083947047683,7.537008638909862,4.0,1.0,-0.10621159233631843,-0.06784182700796659,0.3013081802380621,4.849874912209484,4.0,1.0,-0.11029194511113365,-0.06423065521296661,0.32944466623715035,4.3301708630703155,4.0,1.0,-0.11518692631664304,-0.046668856728372274,0.33343094600301854,5.976951041178657,4.0,1.0,-0.12135214315884926,-0.031175828193571856,0.32307356323543557,6.459898901936678,4.0,1.0,-0.08835356972518657,-0.05372471266371129,0.30432133670963574,1.9163343050655204,4.0,1.0,-0.09494583506247523,-0.05434328294097393,0.3303747996936661,2.5895472745631514,4.0,1.0,-0.1024360158896849,-0.03719840135369366,0.3328202939346499,5.480165372937895,4.0,1.0,-0.10875940573081312,-0.024325501055653283,0.3193485899032388,6.869521728356575,4.0,1.0,-0.07615107072754497,-0.04084366780387417,0.31018737931653767,4.328745981625793,4.0,1.0,-0.08165374315315896,-0.04074259779237879,0.3292789068494631,3.335063394045455,4.0,1.0,-0.08908382841118569,-0.028950172701554498,0.3291326633161374,3.8313981993099393,4.0,1.0,-0.0947370059013186,-0.020513634642939833,0.31602081375400126,6.76774140335108,4.0,1.0,1.0,0.0,0.0,0.0,1.0,0.0,0.0,0.0,1.0,0.0,0.0,0.0,263
-0.11452236198425615,0.0038779120225646228,0.28820681687148814,11.83421533443906,4.0,1.0,-0.13669713426520522,-0.01645327652140202,0.3049972444569688,8.564979859158807,4.0,1.0,-0.1437238286826259,-0.0383957927093471,0.3184172738146225,5.236422677289311,4.0,1.0,-0.1429154318421575,-0.060324587335223355,0.327810269006709,5.572058486439159,4.0,1.0,-0.1312977266792891,-0.08257488670349006,0.3437707044076782,14.907329324323866,4.0,1.0,-0.12624578368908912,-0.06931433866522513,0.30438035109079153,4.614976036856379,4.0,1.0,-0.12702426145160728,-0.07523689321565756,0.3319069182995903,8.42744299248451,4.0,1.0,-0.1267778636099606,-0.05784039332319649,0.3344403032140267,9.223287115267805,4.0,1.0,-0.12736086066085217,-0.042833970366411116,0.3255407328529798,6.103513000882849,4.0,1.0,-0.10612121165137092,-0.07139438847007999,0.3032010872999288,5.287248165002593,4.0,1.0,-0.10845686763526977,-0.06700980079009403,0.3309547842281803,4.708746714058285,4.0,1.0,-0.11297242014200226,-0.04911559438271294,0.3340944475899897,5.704007709105399,4.0,1.0,-0.11957535991989653,-0.034321420278891075,0.3232515221990603,5.213363510794376,4.0,1.0,-0.08824510034451011,-0.05716384865138415,0.30463785852153535,2.6252298155304046,4.0,1.0,-0.09329412165410662,-0.057158922169917165,0.33080331071905505,2.3521634937350897,4.0,1.0,-0.10038289617463067,-0.039833385235552625,0.3325734696461021,5.110654941967515,4.0,1.0,-0.10701917171815133,-0.02805417421042344,0.3179368037581552,7.674761875374797,4.0,1.0,-0.07583980001615835,-0.04411080421666604,0.30912525711724514,3.767849162149895,4.0,1.0,-0.07997315640588971,-0.0442864149212258,0.3283524247237337,3.21899294568107,4.0,1.0,-0.08742871312803967,-0.032411630005239264,0.32801254171184513,3.272370808707647,4.0,1.0,-0.09368496536067596,-0.024113122523890706,0.31446158732196555,6.158633112458178,4.0,1.0,1.0,0.0,0.0,0.0,1.0,0.0,0.0,0.0,1.0,0.0,0.0,0.0,264
-0.1149264006064599,0.0018759975429057099,0.28738233281935827,10.814930253310681,4.0,1.0,-0.13632592133520818,-0.01846599628424364,0.3050315143536744,7.871932307615572,4.0,1.0,-0.14288925066666594,-0.040462122157285806,0.31866578614027485,4.945282607467285,4.0,1.0,-0.14194268979494168,-0.06252717990292274,0.3282688036031766,5.42174731335265,4.0,1.0,-0.13026907253337403,-0.08455989884305629,0.3447139676318371,15.119717234753818,4.0,1.0,-0.12552601769843796,-0.0712860883470221,0.30489806123845814,4.84251690853133,4.0,1.0,-0.1259316917295952,-0.07660678623392529,0.33202467478946907,9.475142766449745,4.0,1.0,-0.12565701129626827,-0.05871778738962837,0.3345962880132748,9.349322380388408,4.0,1.0,-0.12655331846572426,-0.04352581475421367,0.3266488276386447,7.239459091067738,4.0,1.0,-0.10553732224733726,-0.07334262598553531,0.3032734586765222,4.861253862053856,4.0,1.0,-0.10703765556356748,-0.06880112842896811,0.3309823252717142,4.369737457466233,4.0,1.0,-0.11154641743805027,-0.05085886814010698,0.3342124125742061,5.3703384131968495,4.0,1.0,-0.11852096552813843,-0.036335705794207286,0.3237685374049217,5.5781602677233675,4.0,1.0,-0.0877923189574326,-0.05901257279134863,0.3040036793770256,3.091963326220677,4.0,1.0,-0.09206087343430988,-0.059081510890791694,0.33043906265044903,1.3670929901467863,4.0,1.0,-0.09944438415929067,-0.041559377339080834,0.332384473266684,4.6475398762974764,4.0,1.0,-0.10640144311240311,-0.030141462996957614,0.3180524329383721,7.997768296769111,4.0,1.0,-0.07539310751360599,-0.045863320286128315,0.30794035635898087,5.105266444773623,4.0,1.0,-0.07879455513949753,-0.04642737639935018,0.32771279555767885,3.3460703762304336,4.0,1.0,-0.08637135778382157,-0.03469208410487313,0.32788795548847094,3.0308408162489604,4.0,1.0,-0.0930027543742077,-0.026927463868267134,0.3147472355486995,6.6203334958008355,4.0,1.0,1.0,0.0,0.0,0.0,1.0,0.0,0.0,0.0,1.0,0.0,0.0,0.0,265
-0.1152193097394877,-0.0009279461256331852,0.2851489783151655,10.774488728426622,4.0,1.0,-0.13633565260596597,-0.020995659030982328,0.30421960429137196,8.242541376916169,4.0,1.0,-0.1422094245590702,-0.043377867328462424,0.3184950127298099,5.249700809467184,4.0,1.0,-0.14069995467060276,-0.06565361122509016,0.32870321180307943,5.7977450208375325,4.0,1.0,-0.1287224759187127,-0.08843153221463382,0.3458388649079703,15.18318463884522,4.0,1.0,-0.12589388738637905,-0.07427915796116916,0.30544167042522585,3.63514507438948,4.0,1.0,-0.12463643426584374,-0.07961473463639643,0.33315280203763636,8.650921874860842,4.0,1.0,-0.12451288671398565,-0.0615517688462291,0.3349954012509432,7.913616196975291,4.0,1.0,-0.12595130783406103,-0.04609513734743527,0.3252388768786685,4.804843509115724,4.0,1.0,-0.10582682441549555,-0.07638498381923368,0.3031947889137323,3.94014116248475,4.0,1.0,-0.10590479611498713,-0.0718268745420485,0.33073462690586153,5.189779901987822,4.0,1.0,-0.11030723228562282,-0.05385450570721468,0.33364285259790405,5.8867713005782845,4.0,1.0,-0.11791743546930798,-0.03913746355692855,0.3224810410792128,3.6374466179071834,4.0,1.0,-0.08778499772482375,-0.061893020391338906,0.30288563240010874,3.2077951753934304,4.0,1.0,-0.09048484415338151,-0.0615597061736287,0.32927335372465044,2.2578755554549383,4.0,1.0,-0.09804969873386488,-0.043972513084100155,0.3312307773082764,4.216619339542572,4.0,1.0,-0.10613720260991,-0.032209667431969784,0.31680572717538763,5.164262335919205,4.0,1.0,-0.07504942528409088,-0.048524648958446236,0.30587348744208076,5.246502917204343,4.0,1.0,-0.07744241816133268,-0.04930911336758214,0.3254974999744077,3.0647614677824917,4.0,1.0,-0.08527704175118098,-0.03740529995073955,0.32540694330050085,2.521569034807466,4.0,1.0,-0.09269177054834273,-0.029285386023140937,0.312159560315675,4.69296507721104,4.0,1.0,1.0,0.0,0.0,0.0,1.0,0.0,0.0,0.0,1.0,0.0,0.0,0.0,266
-0.11501283997640462,-0.0033845807003544184,0.28304297169320397,10.190188914355415,4.0,1.0,-0.13593299393511993,-0.023644665743152746,0.30176892658371895,7.266706219173431,4.0,1.0,-0.14147470562261033,-0.04584551206635963,0.3162847952447303,5.493595575098415,4.0,1.0,-0.14007663082764052,-0.06793986454062047,0.32641906727598646,6.023088603863642,4.0,1.0,-0.12886741929091208,-0.09144162900215148,0.34348292298721717,14.351102273344871,4.0,1.0,-0.1252071982771795,-0.07645410390008166,0.3026636445374016,4.552564213862338,4.0,1.0,-0.12457637783785734,-0.08313350999281155,0.3297627506997966,8.571088485425799,4.0,1.0,-0.1245717314641293,-0.06518175524398252,0.33277853904223104,8.893407660237736,4.0,1.0,-0.126123314228303,-0.049070495735283534,0.3248657096055468,7.110003803744386,4.0,1.0,-0.10502662468162548,-0.07837570818189804,0.30042912233755004,4.838137697535463,4.0,1.0,-0.10540984434237334,-0.07501860778618878,0.32791014788033834,6.255731351740586,4.0,1.0,-0.10987711595476016,-0.0574682381596442,0.3314137188366435,7.179299526724538,4.0,1.0,-0.11730007680510374,-0.04217125052496326,0.32145289064269444,5.740883295221355,4.0,1.0,-0.08699459365481495,-0.06385465709258221,0.30015504937282617,2.9525632392229553,4.0,1.0,-0.090095973496035,-0.06428934796517735,0.32622076402197786,2.6952314881995814,4.0,1.0,-0.09785788359186257,-0.046994324940695296,0.32916505899888787,5.243601524940994,4.0,1.0,-0.10599140821196414,-0.03452097221903408,0.31592113312399617,7.1784124093837764,4.0,1.0,-0.07428773586707979,-0.05055799868465109,0.3031661359973526,4.4356721508049946,4.0,1.0,-0.07681907259426764,-0.05119818090580951,0.3226785500387845,1.1878045295203714,4.0,1.0,-0.08443961144349463,-0.03992867131222622,0.32315260802059037,3.148779148224453,4.0,1.0,-0.09177277057320939,-0.03230958829123483,0.3104389366476638,6.994377637960384,4.0,1.0,1.0,0.0,0.0,0.0,1.0,0.0,0.0,0.0,1.0,0.0,0.0,0.0,267
-0.11463387160184406,-0.00612516210462489,0.280192709630337,12.752794174592664,4.0,1.0,-0.13543510251094115,-0.0266120367027341,0.29921804344699215,9.655700745615071,4.0,1.0,-0.14131495472275393,-0.049344094993125386,0.3131875276821275,6.0578024956844105,4.0,1.0,-0.14041639352528087,-0.07172394377379639,0.322917674550525,5.497949026546266,4.0,1.0,-0.1295245558981283,-0.09545711322817262,0.33994328168679094,13.774662631333111,4.0,1.0,-0.12494326407908722,-0.07951902954784364,0.3002957858097642,3.4779270757697223,4.0,1.0,-0.12435691962477109,-0.08646365123998995,0.32759536193263417,10.104760487665914,4.0,1.0,-0.1244583163559016,-0.0681684138733692,0.32994427755541805,9.66451724262176,4.0,1.0,-0.1256490308341408,-0.052057470109582234,0.32073996674059263,7.234043280142514,4.0,1.0,-0.10490199482003029,-0.08150325270522617,0.2980791518655853,4.233059365392403,4.0,1.0,-0.10511116091759354,-0.07831066423502635,0.3255678818765776,6.0981947541910815,4.0,1.0,-0.10967062755544126,-0.06041761558614941,0.3287329447537681,7.692679406387752,4.0,1.0,-0.11699460043423515,-0.045178930325249896,0.3181114609293359,6.914597147356919,4.0,1.0,-0.08696425023799763,-0.06713351220942781,0.29781922037369635,3.6285586157833354,4.0,1.0,-0.08962998369756901,-0.06872486265316188,0.3240829947649268,3.067103576443076,4.0,1.0,-0.09718608822363113,-0.05122538960091544,0.3264611589698333,5.834067708293667,4.0,1.0,-0.10504117822477681,-0.038461568862744336,0.3124733623132313,6.819187256615896,4.0,1.0,-0.07428928887080784,-0.054007203981187454,0.30082012606138925,6.007256238310673,4.0,1.0,-0.07630389702839287,-0.05632059904661975,0.320559060894957,4.220425708652293,4.0,1.0,-0.08412019670018962,-0.04469565303359041,0.32084504920344065,5.145128324017074,4.0,1.0,-0.09151730920808435,-0.036002383445225515,0.307745255196618,8.547523858375653,4.0,1.0,1.0,0.0,0.0,0.0,1.0,0.0,0.0,0.0,1.0,0.0,0.0,0.0,268
-0.11376581616375403,-0.008505024273835201,0.27978499400928575,13.305616087224191,4.0,1.0,-0.1342772833359442,-0.028900899125640665,0.2988608046200493,9.865029263688793,4.0,1.0,-0.1401358339711542,-0.05151318977539516,0.31282185256876954,6.098681279638622,4.0,1.0,-0.13889144424352642,-0.07396345580385563,0.32235299403015516,7.010784134433323,4.0,1.0,-0.1268907065324309,-0.09566678500397369,0.33883031943478903,21.91963753732148,4.0,1.0,-0.1241613910509933,-0.08173571141423709,0.2989299532797835,3.7560928804824387,4.0,1.0,-0.12266958531102137,-0.08843870132093731,0.3264061133311334,6.899737367341926,4.0,1.0,-0.12318294921763145,-0.06971187577303617,0.32939147234233435,6.159676590352273,4.0,1.0,-0.12520433620196836,-0.05305776557025876,0.3207466071461695,6.723336808922101,4.0,1.0,-0.10417273024543292,-0.0838641740700895,0.29631373360999247,4.364328721991825,4.0,1.0,-0.10334194806774508,-0.08092012991985377,0.32441061468422533,3.793759054794116,4.0,1.0,-0.10823262493577093,-0.0628750894540424,0.3283458975022429,5.1480093995624925,4.0,1.0,-0.11622660091193507,-0.047145211777240494,0.318356062938454,6.395336171556342,4.0,1.0,-0.08611361756250906,-0.06967014734907653,0.2959783023643921,3.3869082305770157,4.0,1.0,-0.0878195836358244,-0.07175448896824321,0.3228023114696616,2.2582507556382616,4.0,1.0,-0.09543847106323308,-0.05418283160117516,0.3261336561205074,4.44463796386629,4.0,1.0,-0.10370265078015836,-0.041145520548494054,0.31260259362090215,6.4097291858307,4.0,1.0,-0.07328348530551973,-0.05667169546771877,0.2990315510535505,5.73459648719858,4.0,1.0,-0.07459064404369097,-0.05994297015666817,0.3190236382996376,4.195541563632805,4.0,1.0,-0.08236961705132412,-0.04840230671869788,0.3204430478729753,5.026531986990837,4.0,1.0,-0.08997745059440881,-0.03964358427087482,0.3080206195648093,8.73934461458077,4.0,1.0,1.0,0.0,0.0,0.0,1.0,0.0,0.0,0.0,1.0,0.0,0.0,0.0,269
-0.11370457170936463,-0.011400631917820833,0.28035675626851936,13.029293777717129,4.0,1.0,-0.13432160623110698,-0.030585286503950617,0.3003662698640894,9.599767141857127,4.0,1.0,-0.1416925568034054,-0.05262744095080948,0.31450251404656937,8.425965613825635,4.0,1.0,-0.1416047735575238,-0.07481707287664115,0.3248790559045353,10.610777878449206,4.0,1.0,-0.13271691799742147,-0.09662921087973805,0.3424036012292837,23.064513413990927,4.0,1.0,-0.12476565225123795,-0.08369325645035876,0.3030122857223193,2.618116306966828,4.0,1.0,-0.1202188940249956,-0.09383756741043414,0.3294573092612843,4.524418555736243,4.0,1.0,-0.12013206827761476,-0.07655034205162542,0.33464195947892367,5.575104836016425,4.0,1.0,-0.12224669351604683,-0.05966457667672075,0.328542872108655,8.184274373275077,4.0,1.0,-0.10418208555804205,-0.08628348770323997,0.3002222462895308,2.581360713557913,4.0,1.0,-0.10036218547482222,-0.08734456506971353,0.32741823602192577,3.8587183772358102,4.0,1.0,-0.10408065131408721,-0.07046343506077496,0.3334541119514919,4.961277090295629,4.0,1.0,-0.1118468418369885,-0.05405556033681716,0.32648457075100845,4.244755297557629,4.0,1.0,-0.08522930767762865,-0.07231987631727894,0.2988670641893402,3.6334290570963046,4.0,1.0,-0.0836569562190792,-0.07934654393037215,0.32403673864010296,2.6732731127656955,4.0,1.0,-0.08978519332205886,-0.0629956696284798,0.33010434818447815,3.8573842848832944,4.0,1.0,-0.09875650087276816,-0.047579109566850464,0.32020380023133266,3.3259699558276616,4.0,1.0,-0.0714729691395051,-0.05937723674693942,0.30089181019927685,5.549203833251802,4.0,1.0,-0.0689164386609118,-0.06604058740902341,0.3186407082293529,2.2441935384485383,4.0,1.0,-0.07563207996738765,-0.05583265944063995,0.3236191598098771,1.4428612067272992,4.0,1.0,-0.08469687047169126,-0.045594419324670794,0.3154976740907832,5.291728187299798,4.0,1.0,1.0,0.0,0.0,0.0,1.0,0.0,0.0,0.0,1.0,0.0,0.0,0.0,270
-0.11612435712693764,-0.010779772212806958,0.2763319444333887,7.705318297088269,4.0,1.0,-0.13575711073098284,-0.027795945918681363,0.30137004827219344,5.5650753172199146,4.0,1.0,-0.1525077221800615,-0.04587594045166711,0.3154234295614377,3.777177265254795,4.0,1.0,-0.16408374950980886,-0.06523074864521047,0.32611082725236806,5.630294782648985,4.0,1.0,-0.17748466332813187,-0.08620739474884713,0.34399047705114,6.847713443956005,4.0,1.0,-0.11760468483020615,-0.0816784961455635,0.31856300276494215,2.1342805462146504,4.0,1.0,-0.11206236374110803,-0.10000508662772442,0.34290999808611405,0.9624287000283909,4.0,1.0,-0.10895013639069479,-0.09644829973140122,0.36089646891926735,5.037222335733516,4.0,1.0,-0.10633275168386558,-0.08681710903802803,0.37933081720728995,13.842919504547496,4.0,1.0,-0.09513211723275715,-0.0830233020471487,0.3175783324286262,3.655641429046644,4.0,1.0,-0.08342360704005714,-0.09667061948124976,0.34278581054310164,4.707792091062109,4.0,1.0,-0.0805963876133137,-0.08971704839873818,0.3606798472993667,7.440520445552582,4.0,1.0,-0.08132574726631142,-0.07738066353080765,0.3768473814213243,12.795499107076601,4.0,1.0,-0.07712545769610835,-0.06643226746551573,0.31329652826382653,4.8598436238343234,4.0,1.0,-0.06612972282441162,-0.08117782452176901,0.3339186712293949,6.423597917380803,4.0,1.0,-0.06201431786375069,-0.07565440151826636,0.3534623499208488,5.145351390243439,4.0,1.0,-0.0647178127085303,-0.06508318079143767,0.369669553513974,6.472931272354934,4.0,1.0,-0.0648536830287873,-0.0506089567415211,0.31196779945701153,6.592575168688679,4.0,1.0,-0.05224690081506168,-0.057983459910561856,0.3248439891650436,9.244839410930608,4.0,1.0,-0.048746589280228396,-0.05561062189607509,0.33865885577066074,5.1064530790736695,4.0,1.0,-0.05338364753070363,-0.051275071018217266,0.3501923946912073,4.059818033807596,4.0,1.0,1.0,0.0,0.0,0.0,1.0,0.0,0.0,0.0,1.0,0.0,0.0,0.0,271
-0.1163260389221591,-0.008931334393104572,0.2802497076899244,7.315704877523904,4.0,1.0,-0.13627185396739355,-0.019398612350300264,0.310953557201737,2.6858720407045555,4.0,1.0,-0.1545082374732779,-0.03503247173095972,0.3277721302529769,3.161844588591794,4.0,1.0,-0.16805046450735742,-0.053060469830336604,0.33982748073494584,6.399366403874282,4.0,1.0,-0.19054215187736817,-0.07339675450337355,0.3549689658723265,12.438546740395344,4.0,1.0,-0.1148839901070154,-0.06541748786342118,0.34160088243318465,3.8274755260040423,4.0,1.0,-0.11110041786285806,-0.08441438191230533,0.36636684874857056,2.420336772413723,4.0,1.0,-0.10805516612881282,-0.0962857003709589,0.3838074012250925,2.4270205039662645,4.0,1.0,-0.10305072216592752,-0.11576654632639898,0.3999610097343892,7.142745458666562,4.0,1.0,-0.09173010339616061,-0.06591195463099739,0.3406338796369451,4.108500195681685,4.0,1.0,-0.07748532118629611,-0.08625121422026501,0.35985023809232647,3.9202465979246877,4.0,1.0,-0.06572875401740508,-0.09880820379554212,0.375930452242009,2.2799922285050824,4.0,1.0,-0.053317689578762796,-0.11667967630612637,0.3912783332403553,5.558004166066577,4.0,1.0,-0.07458767855192959,-0.04993604209490532,0.3320387441983106,5.798076860353779,4.0,1.0,-0.05677403622802341,-0.0652926689405984,0.3478244730476165,4.8140457057757,4.0,1.0,-0.03803291816013523,-0.07465554411001588,0.36099982942992975,3.1929956516892744,4.0,1.0,-0.021334267919320072,-0.08922414308863756,0.3740069354668876,4.669700744820273,4.0,1.0,-0.06345665370959849,-0.03376027760086608,0.32643154729119805,8.235264093389002,4.0,1.0,-0.04696775818967164,-0.03617103028195143,0.33665798265184366,7.404295646894564,4.0,1.0,-0.03162834925594844,-0.03684712717754224,0.34631025680017724,6.689809526211817,4.0,1.0,-0.017750640057965752,-0.04138974986671103,0.3575842726061714,5.989887040490535,4.0,1.0,1.0,0.0,0.0,0.0,1.0,0.0,0.0,0.0,1.0,0.0,0.0,0.0,272
-0.11739361856582815,-0.007640242630877316,0.28330706449606197,7.07995297829196,4.0,1.0,-0.13714312155167185,-0.017133460828943622,0.31438196715881384,3.5831661188565977,4.0,1.0,-0.15502764736888905,-0.032491379604772413,0.33140623968211325,1.9586691295142877,4.0,1.0,-0.1686845113662122,-0.050560971406646706,0.3431960452145482,4.45674419637643,4.0,1.0,-0.1919440381669228,-0.07067455032645581,0.35763423325866606,11.20532878481903,4.0,1.0,-0.1150187359524863,-0.06163285343053944,0.3462068826085766,2.766200189866308,4.0,1.0,-0.1108178590329931,-0.08105289681775737,0.37053106482455794,2.0225365145776397,4.0,1.0,-0.10764632259471492,-0.09402081537995972,0.387238902993834,1.66972294692664,4.0,1.0,-0.10254734796838702,-0.11479420311151169,0.40218012933560054,5.935249836303209,4.0,1.0,-0.0918198226675878,-0.062106352522679556,0.34505307801331675,3.057961495711469,4.0,1.0,-0.07751297750334252,-0.08290983409756718,0.36435781782931,2.904195488073122,4.0,1.0,-0.06561291336731612,-0.09671322372601769,0.3796753007775186,2.199934203939219,4.0,1.0,-0.05319183850143326,-0.11626330062381822,0.3936559729744108,5.820541539297948,4.0,1.0,-0.07484529430235912,-0.04647633314582564,0.3358650784568839,4.588604965639665,4.0,1.0,-0.056553544897619705,-0.06161124456329501,0.3516486668989889,3.7094607535163235,4.0,1.0,-0.037438803522949655,-0.0717406318343895,0.3637308057214474,3.227018774732096,4.0,1.0,-0.02051017732135787,-0.08721544797980066,0.37508414436297927,5.8087548450887665,4.0,1.0,-0.06403116945507184,-0.030550227012237047,0.3296053654616692,6.795242372792173,4.0,1.0,-0.047168877791868694,-0.032275788818690795,0.3390821478086815,5.456842803297106,4.0,1.0,-0.031597048229848,-0.03283062964971318,0.34750313770019625,4.569774120716029,4.0,1.0,-0.01735325441554163,-0.03723786150023597,0.35749500598088124,3.296039656590682,4.0,1.0,1.0,0.0,0.0,0.0,1.0,0.0,0.0,0.0,1.0,0.0,0.0,0.0,273
-0.11793785987619473,-0.006858775381914504,0.285136831132531,7.668276195839379,4.0,1.0,-0.13735415785434146,-0.016209574172117464,0.31658783511066096,3.1956254984962955,4.0,1.0,-0.15528759564300054,-0.03144643563282429,0.3337378637089294,1.998501069387788,4.0,1.0,-0.16883846618600476,-0.0493801420252012,0.34566416628077806,5.098613101736584,4.0,1.0,-0.19195485575714433,-0.06961916702452613,0.3601022903230484,11.789688394852767,4.0,1.0,-0.11500082483874978,-0.06013361787651974,0.3486696621369483,3.511871125206089,4.0,1.0,-0.11017815856790779,-0.07937616181837097,0.37271228831174313,2.301558294992695,4.0,1.0,-0.10650292956688022,-0.09213112736284511,0.3891173331418671,2.054046595921883,4.0,1.0,-0.10107732578131633,-0.11267240664688007,0.4034857918404166,5.706588305247381,4.0,1.0,-0.09194249090955522,-0.06041784812810299,0.347150012917826,4.337401719825992,4.0,1.0,-0.07790667743636083,-0.08110837509575079,0.36649454998277203,3.8271122799893336,4.0,1.0,-0.06620983618630065,-0.09484801479391093,0.38165771413957217,2.9222689649454443,4.0,1.0,-0.053995223402116904,-0.11431050791189698,0.3954239744154305,5.390597286651791,4.0,1.0,-0.07524413748722635,-0.04485409228235574,0.3374896207959564,5.575724436811647,4.0,1.0,-0.0569486322147457,-0.060029236667824344,0.35309498667537825,4.683032836519098,4.0,1.0,-0.03798646614155004,-0.07038283944732002,0.36499839106549686,3.532496808189345,4.0,1.0,-0.021289682755194553,-0.08595212207942733,0.3760862172407179,4.957545696227273,4.0,1.0,-0.06458790027816125,-0.02903897923008167,0.3308208583380588,7.1586184947001845,4.0,1.0,-0.04781199439088353,-0.03062686548683259,0.3397746595346004,5.9567239753646115,4.0,1.0,-0.032382871652063175,-0.031158781238591445,0.3477363647451293,5.337568687633845,4.0,1.0,-0.018347845173911834,-0.03555136922493841,0.3572630397138235,4.3532410352925615,4.0,1.0,1.0,0.0,0.0,0.0,1.0,0.0,0.0,0.0,1.0,0.0,0.0,0.0,274
-0.11820906332640113,-0.00515421323617389,0.28679207926317674,9.13575663937857,4.0,1.0,-0.13774653671745954,-0.014434193999378469,0.31808388076522803,2.591903017352305,4.0,1.0,-0.15542449177126005,-0.02938376915560136,0.33548376145789444,2.6541633417900616,4.0,1.0,-0.16874532330744488,-0.04712264257039357,0.34743386913068003,4.196373684021432,4.0,1.0,-0.1918493442202398,-0.06633038034561824,0.3624513702064499,11.454151679553695,4.0,1.0,-0.11517281674914699,-0.057955929263724996,0.35011594774375737,3.9425228718358074,4.0,1.0,-0.11021143209208177,-0.07684636043766864,0.37504993436955386,2.086520147835696,4.0,1.0,-0.10660728377783454,-0.08930339976098922,0.3922473095208728,1.9420348982237223,4.0,1.0,-0.10081804085794314,-0.1094788416305158,0.40786971639681296,6.101614278769404,4.0,1.0,-0.09205967515281337,-0.058165689587179006,0.34883214300303284,4.9210229079121435,4.0,1.0,-0.07763616316189924,-0.07817654977786333,0.36905083451995824,4.795539391302746,4.0,1.0,-0.06571621981016085,-0.09135499332494894,0.3848256636668467,3.3227603729509205,4.0,1.0,-0.053124379198228086,-0.11036127514804102,0.39939104297902417,4.166172601195972,4.0,1.0,-0.07536616716315504,-0.042527635874067514,0.339389746650989,6.2183164132743,4.0,1.0,-0.05730321157337045,-0.05757687775931118,0.355134238059797,5.0323697558611755,4.0,1.0,-0.038626995942641615,-0.06802607510884211,0.36700776781118755,3.9769167212365195,4.0,1.0,-0.02219742043892241,-0.08372510194983386,0.3778523998312484,4.253167938438535,4.0,1.0,-0.06481236592792575,-0.026643834291531193,0.33299668289320117,7.958504776963706,4.0,1.0,-0.047996639491462136,-0.02835187679063405,0.342115282120192,7.3098471216916385,4.0,1.0,-0.03238996245326437,-0.029128559347099226,0.34992952008536043,7.103937493251302,4.0,1.0,-0.017948576673610387,-0.033783698763408955,0.35927551563265614,6.395966524690241,4.0,1.0,1.0,0.0,0.0,0.0,1.0,0.0,0.0,0.0,1.0,0.0,0.0,0.0,275
-0.11837441594897617,-0.004281395073565522,0.28735593014645194,7.746226060340401,4.0,1.0,-0.13765593815747654,-0.013208598865309184,0.31893289102715777,2.1792697144009354,4.0,1.0,-0.15542734339152714,-0.028117954501128462,0.3365711871502248,2.427853327435519,4.0,1.0,-0.16871434329404564,-0.04585114812468235,0.34921674745924436,4.677623325841931,4.0,1.0,-0.1917168390443328,-0.06542152913320902,0.3646597698939767,11.4608365574195,4.0,1.0,-0.11536993728317571,-0.056552605137586635,0.3525732366792042,4.6574052994600255,4.0,1.0,-0.11020317152257078,-0.07545050543681973,0.3767991704502266,2.0733154255646666,4.0,1.0,-0.10628092137572243,-0.08797808692713531,0.3934653908063925,1.033700725557533,4.0,1.0,-0.10038200794851031,-0.10826261636242314,0.4084955202888235,5.315638710001092,4.0,1.0,-0.09238996261337352,-0.05696865242070749,0.35140140203197473,5.150493654436632,4.0,1.0,-0.07841669035872063,-0.07681716848284714,0.3717640046858008,3.9753841831192895,4.0,1.0,-0.06667975402801252,-0.09006073018803097,0.38756896344563585,3.0693157470124515,4.0,1.0,-0.054242701663999617,-0.10919069208498441,0.4021972731683783,5.212702151533487,4.0,1.0,-0.07579277125671016,-0.041545985190972336,0.3414713337961892,5.559227164986418,4.0,1.0,-0.05778899751944033,-0.05665988309709435,0.3575817315778354,4.769207878996944,4.0,1.0,-0.0390962075469068,-0.06731162903512486,0.369682885306398,4.292542412784719,4.0,1.0,-0.022639837209026282,-0.08329105787448035,0.380936118614653,4.429766214326362,4.0,1.0,-0.06523994091844221,-0.025808823842602288,0.3344152453428097,6.561629118129429,4.0,1.0,-0.04836524470303508,-0.02719762531174252,0.34298134427257854,5.4935334205414135,4.0,1.0,-0.032787361351921375,-0.02783699544223624,0.3504898432202391,4.737125505982638,4.0,1.0,-0.018338210330811077,-0.03246939253780033,0.3597008948506721,3.76823710854696,4.0,1.0,1.0,0.0,0.0,0.0,1.0,0.0,0.0,0.0,1.0,0.0,0.0,0.0,276
-0.11839291752162627,-0.0035036464811163703,0.2878143564568266,7.711945919435534,4.0,1.0,-0.1378514138884192,-0.012609055039495583,0.31954788672729495,2.8011405097853306,4.0,1.0,-0.15573299541707433,-0.027563199160047243,0.3373674688965835,1.8282858542683522,4.0,1.0,-0.16920888896837533,-0.045292104518974335,0.3499930570173439,5.460362271200857,4.0,1.0,-0.1927228402594475,-0.06470176496548022,0.3651688814507667,12.705362890424288,4.0,1.0,-0.11543911293958463,-0.05596638755567368,0.35320525983273066,4.781872479476946,4.0,1.0,-0.11029342070131992,-0.0746630268032485,0.3774705378555656,2.4982112476383533,4.0,1.0,-0.10636046881486612,-0.0870670183870027,0.3941068946454423,0.9317928185325797,4.0,1.0,-0.10052982116183759,-0.10738056051438388,0.40890710237087713,4.780958325315719,4.0,1.0,-0.09238560401377997,-0.056199469592400346,0.3519408485542495,5.465708658560782,4.0,1.0,-0.07840940826493616,-0.0760312181819594,0.37269787558285655,4.088534331494527,4.0,1.0,-0.06674953075134114,-0.0893694876176061,0.3886601958749818,3.1972349841256626,4.0,1.0,-0.054439132611430456,-0.10874036466944406,0.40336668595792113,5.066722854223369,4.0,1.0,-0.07579519738757197,-0.04057644618864538,0.3419596629489915,5.8992784604134645,4.0,1.0,-0.05771786964283478,-0.05590728763652573,0.3584163940269703,5.017016077259756,4.0,1.0,-0.03899369341870656,-0.06682061541097084,0.370843653795372,4.275478598571005,4.0,1.0,-0.022577622221375434,-0.08312905407176344,0.38221127465610416,3.712038434338697,4.0,1.0,-0.06523708179108963,-0.024704887223355065,0.33492572938942033,6.796704229008466,4.0,1.0,-0.04833724695038729,-0.026237495363370014,0.34346861859217576,6.347285798912661,4.0,1.0,-0.03268163122914773,-0.026959758927450356,0.3508765571541713,5.570343285061541,4.0,1.0,-0.01824337004557133,-0.03176835449667927,0.35987042134548214,4.88069464335408,4.0,1.0,1.0,0.0,0.0,0.0,1.0,0.0,0.0,0.0,1.0,0.0,0.0,0.0,277
-0.11852096662846986,-0.003294042735842491,0.2884258809559512,7.907008006350348,4.0,1.0,-0.13786841224769034,-0.012450113938988502,0.32008492934012084,3.2570426958757084,4.0,1.0,-0.15555018044656532,-0.027431008023184697,0.3377909781357752,1.597752194111242,4.0,1.0,-0.16889065320973512,-0.045031519054837536,0.35054148114427436,4.896954260513926,4.0,1.0,-0.19218495299535193,-0.06423232806512026,0.36589238593336854,12.190400708933735,4.0,1.0,-0.11522402140160617,-0.055893840368030204,0.35338845052157875,4.3541407148074915,4.0,1.0,-0.1099383021601671,-0.07474395619744342,0.37774971367550714,2.4993927026714946,4.0,1.0,-0.10594570927933666,-0.08732645165752762,0.39433053892784975,1.109950722767643,4.0,1.0,-0.10010177577848797,-0.10769488151216496,0.4091003535004812,4.770330856970835,4.0,1.0,-0.09217615200994403,-0.056098332258492464,0.3520331986178414,4.961118204861664,4.0,1.0,-0.07833805279745695,-0.07597247090991735,0.3726288873042148,3.9246921823017007,4.0,1.0,-0.06671897394317973,-0.0893499441081955,0.38845111864133164,3.1236517933403287,4.0,1.0,-0.054517007925997306,-0.1087115912924498,0.40291591345566136,4.815898101842626,4.0,1.0,-0.0756210039787007,-0.0405188442748404,0.3420901964193064,5.470546562240739,4.0,1.0,-0.05795099430541755,-0.055898507504916366,0.3581767634007301,4.6380357198118585,4.0,1.0,-0.03950530675750934,-0.06684329343785902,0.3702520175468877,4.020656583169844,4.0,1.0,-0.02342200350653403,-0.08320270395365152,0.3811823329669484,4.28339107132245,4.0,1.0,-0.06514571279944885,-0.02466409267128501,0.3350901517362893,6.690075706184217,4.0,1.0,-0.04818267370519195,-0.026621136306488033,0.34342516501544557,5.750921526490876,4.0,1.0,-0.0324070864140607,-0.027647071517114256,0.3507276038111733,4.940594347777235,4.0,1.0,-0.0179536505896577,-0.032749383505635714,0.359675763034734,4.579185746869406,4.0,1.0,1.0,0.0,0.0,0.0,1.0,0.0,0.0,0.0,1.0,0.0,0.0,0.0,278
-0.1183669247905165,-0.003309284220608771,0.28825083125671336,7.100870997360619,4.0,1.0,-0.137484399635579,-0.012474180903505749,0.319838040794812,2.542180468845478,4.0,1.0,-0.15495219818965633,-0.02717395689007223,0.33769564367944205,2.1355789324081806,4.0,1.0,-0.16821813627676604,-0.044577879249645604,0.35048686588478534,4.606232193054537,4.0,1.0,-0.19140075332407522,-0.06343861422781051,0.36604870013470897,11.467274027686589,4.0,1.0,-0.11489734775441178,-0.056101409551599264,0.35282007035650353,4.603835599220752,4.0,1.0,-0.10925563524356695,-0.07489018162838304,0.37709718524346564,2.3823301744084944,4.0,1.0,-0.10509434328265456,-0.08732632140840493,0.39377075209919715,0.846428961303825,4.0,1.0,-0.0990659593558686,-0.10756886923763666,0.40869185673711195,4.789860621966611,4.0,1.0,-0.09195987876315781,-0.0565099012488812,0.3514258426608256,5.059837556788875,4.0,1.0,-0.0777437860478553,-0.07614523350593044,0.3719128568209727,4.083780612820914,4.0,1.0,-0.06599803041562312,-0.0893541942219816,0.38771574957695476,3.2858185109791185,4.0,1.0,-0.05362729314173053,-0.10849884525249909,0.4022637211653497,5.218779217450749,4.0,1.0,-0.07544293492810135,-0.04107493194816752,0.3415452766330858,5.637856481922723,4.0,1.0,-0.057678376166929834,-0.05644556024459663,0.35719215221356937,5.00643389832544,4.0,1.0,-0.039285496835389455,-0.06732194397153035,0.3689544186523808,4.646070227509738,4.0,1.0,-0.023224489154456494,-0.083470957605508,0.37957479211781336,5.161683875841009,4.0,1.0,-0.06496671551977892,-0.025309395619206896,0.33460725031337335,7.076986455451538,4.0,1.0,-0.04796412902365003,-0.027739459398479764,0.34271034240531867,5.3978070076165015,4.0,1.0,-0.03219925569879171,-0.029187640006742628,0.3497190340069309,4.988541146092377,4.0,1.0,-0.01763633337711216,-0.034560620256704686,0.3583137042528812,4.852595338978532,4.0,1.0,1.0,0.0,0.0,0.0,1.0,0.0,0.0,0.0,1.0,0.0,0.0,0.0,279
-0.11795371919120708,-0.003582836431892608,0.2877070437145852,7.261634337464287,4.0,1.0,-0.1369683779036258,-0.012495237903720825,0.31932602711148533,2.4122824964068146,4.0,1.0,-0.15444040961208874,-0.02702810786393724,0.33739781588340917,2.4232463552631827,4.0,1.0,-0.16797617034425827,-0.04427007929786507,0.3502282709524626,4.690523629551958,4.0,1.0,-0.19139063549989752,-0.06299526761662518,0.36581937862620895,11.248879380035085,4.0,1.0,-0.11457978587754687,-0.05587129485837802,0.352047828545183,4.232407085519352,4.0,1.0,-0.10887599104857285,-0.07477226720989127,0.3764495435518639,2.240439186119833,4.0,1.0,-0.10464983852769122,-0.08732507001385113,0.39326115691798086,1.0704907882642196,4.0,1.0,-0.09852946519876102,-0.10766638619205028,0.4084369801096087,4.8125023795391,4.0,1.0,-0.09164822774015925,-0.05632883039218148,0.35050569430587397,4.38739677744207,4.0,1.0,-0.07737934566180804,-0.07598986799683562,0.37072127662508586,3.819222873973078,4.0,1.0,-0.0655510794367872,-0.08904811720774981,0.386561821621485,3.208194698059047,4.0,1.0,-0.05307697839982748,-0.10801916687530384,0.40130548677602557,5.114274063642589,4.0,1.0,-0.07512539775896979,-0.041049554667003094,0.3405377655628124,4.8104973708496255,4.0,1.0,-0.057431340647536626,-0.056360014004731125,0.3561645630746515,4.412162965735961,4.0,1.0,-0.03906987794965935,-0.06714979770307922,0.3680143674368747,4.6721343051350965,4.0,1.0,-0.023035125077240353,-0.0831856489668595,0.3787590514458836,5.808967982001773,4.0,1.0,-0.06458165691311094,-0.0254136201694234,0.3335987340821087,6.418001506065407,4.0,1.0,-0.047633957318682675,-0.027762549603577467,0.34201010826057615,4.990686683237205,4.0,1.0,-0.031862304952987835,-0.029117241273204114,0.34925787992042934,4.572546558636723,4.0,1.0,-0.01725804229439038,-0.03438721167831992,0.35797422012988617,4.4389955416475955,4.0,1.0,1.0,0.0,0.0,0.0,1.0,0.0,0.0,0.0,1.0,0.0,0.0,0.0,280
-0.11740034455938955,-0.004046372512987275,0.2877562917040033,7.155689568658506,4.0,1.0,-0.13626721034192446,-0.012843190580883478,0.31959166006948236,2.5603803495081427,4.0,1.0,-0.15345446007373742,-0.027342144286127114,0.33788861357503547,1.8900594747817814,4.0,1.0,-0.166798564009944,-0.044464136198222697,0.3507420387887907,4.3740335537630175,4.0,1.0,-0.1902668831905589,-0.06331847283654467,0.36597760052926903,10.812838499720105,4.0,1.0,-0.11375783888028963,-0.05608809007348481,0.35247033880902934,4.450866191654661,4.0,1.0,-0.10801829569405344,-0.07479624460265417,0.3765908916706313,2.5734830312501904,4.0,1.0,-0.1037232356757764,-0.0871337622517969,0.39318546142293204,1.080523604736467,4.0,1.0,-0.09761882114876971,-0.10717459199866099,0.4078825534250748,4.4258930728583055,4.0,1.0,-0.09089429454618972,-0.05646422331479001,0.3507392515661392,4.586663702453216,4.0,1.0,-0.07691390775008283,-0.0762244172517079,0.3708894916923799,3.6998221335121615,4.0,1.0,-0.06527855047940273,-0.08959601372102799,0.3864379423291471,2.978592491298108,4.0,1.0,-0.053166662617831865,-0.10889714498960718,0.4003949809467089,4.6838501953344815,4.0,1.0,-0.07437705057281187,-0.0411639654956137,0.34050714021217005,4.837357184889621,4.0,1.0,-0.05648999394200106,-0.05650403279967535,0.3562462915494308,4.118367341910297,4.0,1.0,-0.03792084186009359,-0.06748270613416987,0.3679575952074947,3.733264206315308,4.0,1.0,-0.02168616293373745,-0.0837397251445956,0.3785329492772775,4.35160905228423,4.0,1.0,-0.06385637663955715,-0.025543153004779093,0.33334193139591384,6.363604361344562,4.0,1.0,-0.046895124406839975,-0.027747623054310538,0.3414422129028573,4.931306597243832,4.0,1.0,-0.031140549681375848,-0.02911542496379625,0.34831495076094887,4.4782139062278485,4.0,1.0,-0.016726540838375572,-0.03455557549244035,0.35641262959168907,5.24601128319073,4.0,1.0,1.0,0.0,0.0,0.0,1.0,0.0,0.0,0.0,1.0,0.0,0.0,0.0,281
-0.11676060521675292,-0.004340832649814299,0.28764918383461346,6.918134750239555,4.0,1.0,-0.13551215363123073,-0.013065609245241326,0.3195763152029787,2.779736838999529,4.0,1.0,-0.152646923135772,-0.02749086630326535,0.3378286698819715,1.6874433994322677,4.0,1.0,-0.16599594393358555,-0.04459397279229015,0.35067369533341775,4.163760430409425,4.0,1.0,-0.18959550058574795,-0.06336335734392914,0.3656656311312379,10.58580433743103,4.0,1.0,-0.11292904044744075,-0.05624311957464648,0.35262591764282214,4.451601517352522,4.0,1.0,-0.1072803261957646,-0.07504530277730054,0.3766241600277407,2.407112167162413,4.0,1.0,-0.1030227938331778,-0.08737063121651657,0.393111032752493,1.1918297754705658,4.0,1.0,-0.09709654804840623,-0.10742155558025941,0.40763504357970665,4.5002637919031745,4.0,1.0,-0.09003392662844377,-0.05671947706926026,0.3508761403347247,4.742391243278191,4.0,1.0,-0.07615648560279921,-0.07653209361808429,0.3710770422080723,3.9675906907021474,4.0,1.0,-0.06452261489448123,-0.08992993113438436,0.38660687200800364,2.9512010965017628,4.0,1.0,-0.05240821678659255,-0.10928056297397955,0.4004865231801643,5.128729198944847,4.0,1.0,-0.0735968002381268,-0.04148669739181678,0.3405661156470233,4.802865942214294,4.0,1.0,-0.055675175614077206,-0.056887666859474155,0.3565181554343031,4.375483163433037,4.0,1.0,-0.036999985345959975,-0.06791048495580224,0.3683892316352113,3.741391625611624,4.0,1.0,-0.020776005908515284,-0.08421844353181623,0.3790457506361185,4.517926504529905,4.0,1.0,-0.0631222413399724,-0.02588546431851934,0.3332908629031375,6.063600881641084,4.0,1.0,-0.04610366299297577,-0.028040403297086187,0.3412074139510574,4.829432591117523,4.0,1.0,-0.030344070363441795,-0.029350529507047075,0.3480158127019159,4.590149781091063,4.0,1.0,-0.01599654068175857,-0.03488698285844088,0.3560752893151542,5.337484711623089,4.0,1.0,1.0,0.0,0.0,0.0,1.0,0.0,0.0,0.0,1.0,0.0,0.0,0.0,282
-0.11604891945984554,-0.004413240026308096,0.28688138104642474,6.570796379235764,4.0,1.0,-0.13467598229520295,-0.0131281904931862,0.3189486923604946,2.4588594326044437,4.0,1.0,-0.15187552749481825,-0.027564958222560932,0.33729964505145693,1.7002595489074581,4.0,1.0,-0.16520310143832,-0.04470285311223412,0.35027992109609746,4.077875315167566,4.0,1.0,-0.1889743340328281,-0.06329107618312149,0.36553501443007513,10.377091565580946,4.0,1.0,-0.11207420381352347,-0.05632183655893802,0.35214679614526906,4.607811401421095,4.0,1.0,-0.10627139969804357,-0.0749336569617706,0.3763514431569669,2.51849943148733,4.0,1.0,-0.1019409769014186,-0.08718579058338907,0.3929587741258223,1.400197197753711,4.0,1.0,-0.09579954309679066,-0.10720134530502967,0.4077495488657161,5.076447777778382,4.0,1.0,-0.08921778081627776,-0.05685809109748753,0.3503893075781904,5.001371696068384,4.0,1.0,-0.07526292567205274,-0.07652813440792114,0.3708956537203222,4.188494129012972,4.0,1.0,-0.06359951777343001,-0.08969499945255424,0.3865781360405224,3.0753009838970784,4.0,1.0,-0.0513873660631302,-0.10883890848608244,0.400819967736408,5.432796110230442,4.0,1.0,-0.07279093438190878,-0.041623091182261034,0.3399221095352902,5.356533225231597,4.0,1.0,-0.054749472399436255,-0.056794560036857324,0.3558959498934124,5.039141594941311,4.0,1.0,-0.036075123860896036,-0.06763884197125475,0.36769939948702973,4.5826076291074855,4.0,1.0,-0.01974615960864663,-0.08382392131122952,0.3783656482283567,4.834444086971661,4.0,1.0,-0.06225689195992612,-0.026024822213041178,0.33251202061015045,6.607504069695333,4.0,1.0,-0.04528149599645132,-0.02818310934921162,0.3404778276471888,5.195198885925919,4.0,1.0,-0.029559724054161005,-0.029366142619860477,0.34720816342945304,5.150213157978362,4.0,1.0,-0.01506835299199268,-0.03457326587561037,0.3554330313166054,5.121452655735954,4.0,1.0,1.0,0.0,0.0,0.0,1.0,0.0,0.0,0.0,1.0,0.0,0.0,0.0,283
-0.11534095097143483,-0.004359511335865338,0.28729737033803593,6.448262216370078,4.0,1.0,-0.13376518108211885,-0.01308689878012381,0.31937434226524664,2.474145687827414,4.0,1.0,-0.15095011405097666,-0.027287366427666607,0.33777312413530813,2.0779932275137583,4.0,1.0,-0.16427596613566436,-0.04421569738382263,0.35100245552090586,4.3437309891133555,4.0,1.0,-0.18785752753192986,-0.06256499000873376,0.36670835116276734,10.712201135159301,4.0,1.0,-0.11104364495668341,-0.05646613797416484,0.35229444950955885,4.508781129666211,4.0,1.0,-0.10524870191560902,-0.0750978114834961,0.37637541636456034,2.5312832631878175,4.0,1.0,-0.10103030916811971,-0.08724848925624847,0.39299246503921975,1.480387325639583,4.0,1.0,-0.0950533995338836,-0.10722283908591443,0.40769444787805287,5.016011447820346,4.0,1.0,-0.08826325028552515,-0.05704407908882601,0.35035021109060965,4.812494613980457,4.0,1.0,-0.07449124102432167,-0.07664054003131163,0.37054354622865804,3.7631035997555538,4.0,1.0,-0.06306132825344787,-0.08972802478104193,0.3861958857657959,2.6561808444226283,4.0,1.0,-0.05113294974202964,-0.10883770825746372,0.40034403078628095,5.397593436078775,4.0,1.0,-0.07192441580957777,-0.04184430950639816,0.3398836447157683,5.254227970863539,4.0,1.0,-0.053934540158346075,-0.05710090499791452,0.3556363604926299,4.509063791902688,4.0,1.0,-0.03532523039195972,-0.0679595156053609,0.3673510992744508,3.962326172140447,4.0,1.0,-0.01914492187622097,-0.084235663293392,0.3779125905962283,5.4246758777728505,4.0,1.0,-0.061507802769566085,-0.026283168452592088,0.33252462588686993,6.678170669815989,4.0,1.0,-0.04456615611332983,-0.02831071786322989,0.34031599409727464,5.236932956117179,4.0,1.0,-0.028818940803398616,-0.029504578020722618,0.3468479945445377,4.905600297514383,4.0,1.0,-0.01429277857051853,-0.034927775647901164,0.3546815307020582,4.620013349359483,4.0,1.0,1.0,0.0,0.0,0.0,1.0,0.0,0.0,0.0,1.0,0.0,0.0,0.0,284
-0.11470523376195073,-0.004392142871320224,0.28710665448319195,7.195640465948551,4.0,1.0,-0.13297592676119482,-0.012886077247647355,0.3193615261964236,3.23293577409374,4.0,1.0,-0.14982517289910527,-0.026945698124443505,0.3379467263081662,2.1439237810562735,4.0,1.0,-0.16325437576759136,-0.043727102439743044,0.3510835996099057,3.8031898118074934,4.0,1.0,-0.18712333552231467,-0.06214847969183956,0.3662701916039461,9.815756649473034,4.0,1.0,-0.11011922453788443,-0.0558601197255779,0.35247149340149336,4.2217082399235135,4.0,1.0,-0.10440123353261185,-0.0745567548453444,0.3763368834815839,2.1939040035393607,4.0,1.0,-0.10012082944110934,-0.08672479637734441,0.39278162887617996,0.9571019165848151,4.0,1.0,-0.09408572573379757,-0.10657971644050394,0.40726413660683086,4.643090438957456,4.0,1.0,-0.08736328330359389,-0.05646199217004093,0.3504154352408376,4.570699185631948,4.0,1.0,-0.07366347853292539,-0.07604078709617171,0.3705303445164209,3.872830659561557,4.0,1.0,-0.06219228504600614,-0.0891309456549015,0.38602447083859504,3.30979279099141,4.0,1.0,-0.05030393822722868,-0.1081360159606399,0.39990838468882106,5.756479810582139,4.0,1.0,-0.07113798217094032,-0.041384782017640266,0.3396914928879928,4.572217843261611,4.0,1.0,-0.05322548200250783,-0.056489806202862466,0.3553639026962251,3.8940877619276,4.0,1.0,-0.034546161292886415,-0.06721774445003662,0.36692494029183215,3.7458856791868693,4.0,1.0,-0.01830356095248511,-0.08334370942565314,0.3773677343247397,6.300842083782334,4.0,1.0,-0.0607292608412566,-0.025914814237411772,0.332144896332204,5.904471865600884,4.0,1.0,-0.043755133861551325,-0.027741359299833068,0.33991490994469814,4.52424678014308,4.0,1.0,-0.02802388244216559,-0.028805220676270463,0.34644586614033607,4.504963276877105,4.0,1.0,-0.013540949352330654,-0.03407759274650663,0.3542298645632649,5.015087279857216,4.0,1.0,1.0,0.0,0.0,0.0,1.0,0.0,0.0,0.0,1.0,0.0,0.0,0.0,285
-0.11366481984233592,-0.004380967261640946,0.2866220500650025,7.45198274863329,4.0,1.0,-0.13191916546516538,-0.013000479092106361,0.31881849068837254,3.985074429332257,4.0,1.0,-0.14886482340694296,-0.02711814218123759,0.337324587771973,1.4994192037885195,4.0,1.0,-0.16213377305796392,-0.043831838434832335,0.3506300099561352,2.8765026924072665,4.0,1.0,-0.18567086476553388,-0.06174221428762,0.36651745646916123,8.948376051504432,4.0,1.0,-0.10902870086033914,-0.05626541593621851,0.3519035974729754,3.7446885889153823,4.0,1.0,-0.10331429549350701,-0.07516632387699343,0.37572274490324414,1.4080424771138171,4.0,1.0,-0.09905484639278014,-0.08753941273483032,0.3921513847131962,1.1383724534567323,4.0,1.0,-0.09297560377583586,-0.10738546124152809,0.4067605095237832,5.584053600880774,4.0,1.0,-0.08633649082991936,-0.056879421951394525,0.3499008756707966,4.507427960116108,4.0,1.0,-0.07265276137597207,-0.07644116091146716,0.370409172271985,3.64924056930219,4.0,1.0,-0.061265634146713356,-0.08940803772554397,0.386194533897033,3.093110431276687,4.0,1.0,-0.04940400665586392,-0.10827568757666582,0.40052124799997196,5.93547973998701,4.0,1.0,-0.07008421137014248,-0.04172504101939185,0.33927628851791997,4.730752228855035,4.0,1.0,-0.05203692895685494,-0.05701320729980449,0.35517097394699526,3.9739039849559368,4.0,1.0,-0.033326570280983236,-0.06782095452437015,0.36706922436163314,3.4132280179792014,4.0,1.0,-0.01688237813361586,-0.08388257358630745,0.3779909508906116,6.950063316406431,4.0,1.0,-0.05976588552792002,-0.02620198959271975,0.33178987859823755,6.0411590517354465,4.0,1.0,-0.04276222316618457,-0.028000409346827532,0.33972264103121835,4.52466502686314,4.0,1.0,-0.026891737136646256,-0.029022071677772536,0.34658352431118444,4.1265158374490145,4.0,1.0,-0.012081763802000782,-0.03409963850580836,0.3549341394448172,3.720111499479165,4.0,1.0,1.0,0.0,0.0,0.0,1.0,0.0,0.0,0.0,1.0,0.0,0.0,0.0,286
-0.11332578155770312,-0.004142888983444265,0.2868936464709762,6.874268668569556,4.0,1.0,-0.1315401361368354,-0.012684466611188864,0.31922162088405764,3.7936763922738845,4.0,1.0,-0.14837612479019904,-0.02673922645758266,0.33777863628131405,1.3194950861830115,4.0,1.0,-0.16155089131372724,-0.04351695299825314,0.3509724747277143,3.0819666946883517,4.0,1.0,-0.18523320892945405,-0.06157320352016354,0.36647331184769427,8.975521483085455,4.0,1.0,-0.10864473297551851,-0.05610709447057579,0.35208712157674765,3.428852271675191,4.0,1.0,-0.10270361371007715,-0.07524872171672022,0.3756722090081593,1.652851563077518,4.0,1.0,-0.09821956464249768,-0.0877052551702336,0.39196122730917077,1.6294753975455873,4.0,1.0,-0.0919857188503874,-0.10770373859479171,0.40630062128101196,5.283728507618599,4.0,1.0,-0.0858433711345083,-0.05684034072605608,0.3498984808734566,4.113241261719429,4.0,1.0,-0.07216147748454071,-0.07625508973472105,0.3703359559571439,3.4145812690458652,4.0,1.0,-0.06072336061771914,-0.08897850636893292,0.38616773653014463,2.747247059312083,4.0,1.0,-0.048686978881676106,-0.10759433000076378,0.4005939515742022,5.48939666745522,4.0,1.0,-0.06949533324417552,-0.04174720868681038,0.3391602429247772,4.569836601605714,4.0,1.0,-0.05146188497585198,-0.05664604857789183,0.35528771761863687,3.671957283489369,4.0,1.0,-0.03270508071704027,-0.06705155453384762,0.3673326295261734,3.2084494303328412,4.0,1.0,-0.016165205690772844,-0.0827388814917212,0.3783841374802,6.439827014691717,4.0,1.0,-0.05903859389579758,-0.02626473808781186,0.3315888522208006,5.9555665242771365,4.0,1.0,-0.04213611711536134,-0.027965276432184598,0.33976092175833644,4.58944609076164,4.0,1.0,-0.02626413378080528,-0.028833232240624306,0.3468558423899475,4.324862873572355,4.0,1.0,-0.011473084541341029,-0.033854280452634264,0.3554583864315499,3.875760475749966,4.0,1.0,1.0,0.0,0.0,0.0,1.0,0.0,0.0,0.0,1.0,0.0,0.0,0.0,287
-0.11281001881107278,-0.004240605593174961,0.2867870593212533,7.397186804787124,4.0,1.0,-0.131082882493777,-0.012994516748679725,0.3185297279250164,3.357020905667039,4.0,1.0,-0.14800595948894882,-0.027077840705812834,0.33684018413326544,1.5857791120918827,4.0,1.0,-0.1611845311634195,-0.043537222028239564,0.350088412265251,2.9065826051646955,4.0,1.0,-0.18441670174873828,-0.061225124868459636,0.366091127629225,9.337151359292138,4.0,1.0,-0.10774465233627717,-0.05635772155651985,0.35113780855534993,3.6859868287888657,4.0,1.0,-0.1019034010054336,-0.07545946524805444,0.37479828586490727,2.3397180978493393,4.0,1.0,-0.09736656195767428,-0.08809078803024915,0.39114950723022546,1.9922427464102364,4.0,1.0,-0.09110798041021646,-0.10808443274979251,0.40577234567169407,4.028747069729238,4.0,1.0,-0.08488800373390541,-0.057025424419540935,0.34932818267161114,3.806379410992981,4.0,1.0,-0.07109166959520404,-0.07642761295425346,0.3697856079057459,3.4967762324509724,4.0,1.0,-0.059484221763286785,-0.08911441297176381,0.385608158616785,1.9737256943015695,4.0,1.0,-0.0472737601240792,-0.10748577201805593,0.4002298785075352,4.826378516877868,4.0,1.0,-0.06861724042125136,-0.041935807033449596,0.3390754774982536,4.1187808406144955,4.0,1.0,-0.05047089038292323,-0.05641939467119942,0.3553666736206097,2.856293286565652,4.0,1.0,-0.03159173467776586,-0.06633224417442099,0.3678951208498285,2.9015093806295793,4.0,1.0,-0.0147784496401355,-0.08162233185483883,0.37974364905719976,6.787830771857616,4.0,1.0,-0.05831489172753211,-0.02647647712602198,0.33180587998390554,5.56393547286131,4.0,1.0,-0.04152222079509846,-0.02798566096147536,0.339817942298375,4.42511437187976,4.0,1.0,-0.026005159345620445,-0.028562372590533507,0.3467875332207868,4.471166215079848,4.0,1.0,-0.011639872833981567,-0.03317479087285402,0.3553691571756055,3.9014797517183046,4.0,1.0,1.0,0.0,0.0,0.0,1.0,0.0,0.0,0.0,1.0,0.0,0.0,0.0,288
-0.11253833918618132,-0.0039031321637193455,0.28617562950610664,7.246444472955985,4.0,1.0,-0.13069128688282394,-0.012700045359174655,0.31825830194432936,2.98676637183593,4.0,1.0,-0.14771156834998866,-0.026796011597533857,0.33674784310649175,1.7024352142470809,4.0,1.0,-0.16110903348486508,-0.04333388428084506,0.3500346770028192,3.07711664938041,4.0,1.0,-0.18440388197589772,-0.06122862446721235,0.36616023022517186,9.488699113651949,4.0,1.0,-0.1074701440822815,-0.05638598164189942,0.3507631399615511,3.915239530892443,4.0,1.0,-0.10134939322751155,-0.07538847775707175,0.37448705040987473,2.070207543232221,4.0,1.0,-0.0966628265273293,-0.08779794329285959,0.3909695866606725,1.7620624812707253,4.0,1.0,-0.09023757237537605,-0.10769062397568965,0.40582231887878006,4.344812070373104,4.0,1.0,-0.08464986922219449,-0.05705321392623743,0.34871121634859714,4.247028783033403,4.0,1.0,-0.07066110140667542,-0.07649983990644485,0.36913159664764106,3.6407548546806607,4.0,1.0,-0.058955426519634216,-0.08905972089093198,0.3851538622213047,2.3185083028806193,4.0,1.0,-0.04664024188350585,-0.10733412710219073,0.40015842835478715,5.270094924322355,4.0,1.0,-0.06835319326293708,-0.04188733984677407,0.33819515930494093,4.421684867472912,4.0,1.0,-0.05014276941784944,-0.0562452288912145,0.35466921441764937,3.3851546465017455,4.0,1.0,-0.03121850709529433,-0.06593570738509065,0.36725980707164074,2.9022913590866932,4.0,1.0,-0.014314797010277155,-0.08100896797039403,0.37925822070565113,5.782985685358179,4.0,1.0,-0.05794583333327968,-0.026335060992196166,0.3307652396762311,5.710383207957186,4.0,1.0,-0.04105271017977527,-0.027677413370172432,0.33928274169767036,4.8634114849695065,4.0,1.0,-0.02540970111673891,-0.028033285903894443,0.3468433559098019,4.915546438388901,4.0,1.0,-0.010800252046197552,-0.03238370214835399,0.3561084867172524,4.39774447904149,4.0,1.0,1.0,0.0,0.0,0.0,1.0,0.0,0.0,0.0,1.0,0.0,0.0,0.0,289
-0.11258448577400682,-0.003741778811887934,0.28655051306144935,8.060224120112037,4.0,1.0,-0.13067955102855766,-0.012686347340163362,0.318505846626197,3.6884834351800824,4.0,1.0,-0.14751546949527947,-0.02685008449221441,0.3370159311497398,1.0513391207998048,4.0,1.0,-0.16081346230176916,-0.043328239065185466,0.35024591095385055,2.8177721212543956,4.0,1.0,-0.18409188134241075,-0.06109396822194066,0.36619489568525343,9.300789436062415,4.0,1.0,-0.10747643006930842,-0.056710487838085404,0.3501143855374992,3.4592070377212245,4.0,1.0,-0.10143395638795093,-0.07602885654148817,0.37362968079374337,2.043793686055009,4.0,1.0,-0.09680981024784902,-0.08863270925956505,0.3900196663473158,1.813753333789403,4.0,1.0,-0.0906543846309585,-0.10860005621097675,0.40465832160684495,4.203725341349674,4.0,1.0,-0.08470065222045192,-0.057472357522123874,0.34790891476940106,3.8194926673181824,4.0,1.0,-0.070935765921726,-0.07673157573993168,0.3681128643247453,3.0703521642232907,4.0,1.0,-0.059325696636212136,-0.08920088057481057,0.3839956489636046,2.132552613744079,4.0,1.0,-0.04705453299475523,-0.10737584834440604,0.3988391132449313,5.730572042171662,4.0,1.0,-0.06845396665997547,-0.04233159090084083,0.33756263858124586,4.058964246430525,4.0,1.0,-0.05003086370970524,-0.05658203881590457,0.3535997317338028,3.170190876136904,4.0,1.0,-0.030964369824856366,-0.06607736450530667,0.36582185495465913,2.830243137881282,4.0,1.0,-0.013964814562822968,-0.08090909389854126,0.3773626219500524,5.5093207543511005,4.0,1.0,-0.058043208991321385,-0.02682122930400621,0.3304342543110171,5.903576436770667,4.0,1.0,-0.04099988919631871,-0.028293698221708203,0.33908345342832347,5.3706983559331976,4.0,1.0,-0.025299961959599507,-0.02864878385100296,0.34663722612180664,5.290537068918837,4.0,1.0,-0.010683951745628415,-0.03300763795741773,0.35581874573107747,5.087413599542401,4.0,1.0,1.0,0.0,0.0,0.0,1.0,0.0,0.0,0.0,1.0,0.0,0.0,0.0,290
-0.11238014084008321,-0.004494536915060236,0.2852856057400108,7.942860337820729,4.0,1.0,-0.13021086035480695,-0.013993023308657754,0.3172934850432143,3.506448795982724,4.0,1.0,-0.1468101741500851,-0.028038822071688896,0.3362025795968049,2.2971285240502883,4.0,1.0,-0.1598703654445353,-0.04423919197831453,0.3500051183464821,3.8586603035503586,4.0,1.0,-0.18230015229949423,-0.061602812478982485,0.3670981712325835,9.315804344830921,4.0,1.0,-0.10694478433489765,-0.058661738011984495,0.3481763612576894,4.355018694569874,4.0,1.0,-0.10020414980473429,-0.07733128018578393,0.37227570156834144,2.8122917507571192,4.0,1.0,-0.09516883666102921,-0.08861133429327765,0.3893483828920017,1.818532695087979,4.0,1.0,-0.08833227538106059,-0.1071321667773361,0.4052537802962097,3.601098978405929,4.0,1.0,-0.08429553043403033,-0.05936499765058539,0.3458155111406776,4.678369248960614,4.0,1.0,-0.07043765550810013,-0.07774226627525896,0.36687390310294854,3.9896448978781205,4.0,1.0,-0.058948318628937145,-0.0890132837994689,0.3835556774638003,2.0958082992056726,4.0,1.0,-0.04670520651865097,-0.10595107638633601,0.39965203758442586,4.184063740012503,4.0,1.0,-0.06811483752825141,-0.04409369584324386,0.3355252670579495,4.822751255563229,4.0,1.0,-0.05002459742537524,-0.058044682672623395,0.35236363351743005,3.9262158118809642,4.0,1.0,-0.0312522835662846,-0.06665199216283066,0.36587990426422234,2.9961009957887237,4.0,1.0,-0.014253516295376474,-0.08050792766157984,0.37925832768692913,5.671829903702513,4.0,1.0,-0.057730684001811604,-0.028503769678220936,0.3284801732737435,5.772445985777203,4.0,1.0,-0.041025233046600586,-0.03090829060233616,0.3379059462053614,5.538563764834299,4.0,1.0,-0.025563997800236975,-0.031769195160757185,0.3464701697871291,5.8635067300951995,4.0,1.0,-0.011273929273252648,-0.036494404525230596,0.3568136221984541,5.6945089633425034,4.0,1.0,1.0,0.0,0.0,0.0,1.0,0.0,0.0,0.0,1.0,0.0,0.0,0.0,291
-0.11224295452501186,-0.004265624818417881,0.2847210087616507,6.803145701896574,4.0,1.0,-0.12994781622536072,-0.014264372069914039,0.3169709915777286,2.5875193163361176,4.0,1.0,-0.1463682407308947,-0.028163009460969633,0.3361841175996032,3.0278190004314065,4.0,1.0,-0.1592500481586333,-0.04416195717345263,0.350329171095691,6.195043371564905,4.0,1.0,-0.18090999574016836,-0.060701093979472404,0.3686621340188815,11.130321214107884,4.0,1.0,-0.10689153120214014,-0.06037507249506664,0.34668651184449706,4.008334340020573,4.0,1.0,-0.0983820199590394,-0.07840534268233698,0.37216089240794753,2.2389031598790767,4.0,1.0,-0.09186702743579654,-0.08744398417301508,0.39079872134579874,3.5574492461605023,4.0,1.0,-0.08300982328161874,-0.10203909697731843,0.4098089930157979,7.644120916395665,4.0,1.0,-0.08421339517220706,-0.06120394646010566,0.3439164821900325,4.253187322302693,4.0,1.0,-0.06997193452259018,-0.07875354910851161,0.3664410436132743,3.051460441437569,4.0,1.0,-0.059020156848142935,-0.0875030150105064,0.38502134388986453,1.395786362108875,4.0,1.0,-0.04726645553746471,-0.10089754828579689,0.40447657929474723,6.4320590710047725,4.0,1.0,-0.06775521327853819,-0.04557597315755168,0.3335010972687945,4.172919674767928,4.0,1.0,-0.05045078936638243,-0.058964311532767155,0.3516885349465372,3.520591705385461,4.0,1.0,-0.03255945135197175,-0.06511301045811284,0.36756362298955464,2.5915063395423132,4.0,1.0,-0.015928572868053964,-0.07564368617752407,0.38461685124205375,6.563678083935779,4.0,1.0,-0.05703104230479895,-0.02972282897620184,0.3264244891777026,5.01645936902826,4.0,1.0,-0.04094399087511066,-0.03302595318668909,0.3364209884150618,5.322848187227183,4.0,1.0,-0.026107621389847284,-0.03393698720972746,0.34622406669432726,5.735828230210206,4.0,1.0,-0.012336320510370737,-0.03827586814066952,0.35817691528173756,5.01548901087857,4.0,1.0,1.0,0.0,0.0,0.0,1.0,0.0,0.0,0.0,1.0,0.0,0.0,0.0,292
-0.1110746780663705,-0.005524571456548675,0.2860472157339425,6.520806487074497,4.0,1.0,-0.12802344332366655,-0.017030403825119018,0.3170351810089968,5.185439713389382,4.0,1.0,-0.14335720783913672,-0.031051049054924694,0.33687654918794174,2.0787086114078663,4.0,1.0,-0.15538982055869552,-0.04686432328411435,0.3522615569116306,3.9078971034510315,4.0,1.0,-0.1730734408552376,-0.06175395543181173,0.3739051295817031,6.926125050043861,4.0,1.0,-0.1060501799189502,-0.06648051158416841,0.34382732267852584,4.114196049137023,4.0,1.0,-0.09518851819806565,-0.08135949566872644,0.36919047695668317,4.265800795703931,4.0,1.0,-0.08827672940403603,-0.0785550919943218,0.38812606805444777,7.4103686304671035,4.0,1.0,-0.07968263861069316,-0.07324355667758381,0.4091080965661727,15.130316929415692,4.0,1.0,-0.08363166404106472,-0.0681859401336569,0.3410413010776066,4.485437832357985,4.0,1.0,-0.06896955508641418,-0.07926635702397401,0.36650975556511234,4.610970680001723,4.0,1.0,-0.06116145565386982,-0.07461709973237714,0.3869197987023724,6.513378068951479,4.0,1.0,-0.054304843987786226,-0.06730198384785195,0.4097173818521725,9.118181430988033,4.0,1.0,-0.06687322135267804,-0.05257865650404276,0.33163483985838804,3.8062973574052883,4.0,1.0,-0.052362587403388026,-0.06393517079209164,0.35339766275942086,5.074772161930884,4.0,1.0,-0.04094522376074737,-0.05998605232231185,0.3742894756029748,4.410886230034354,4.0,1.0,-0.0332603659545906,-0.05443042285573559,0.3965672494413053,6.360754469275203,4.0,1.0,-0.055610867674194944,-0.03674746324075915,0.325582434159451,3.815922250031102,4.0,1.0,-0.04070364094448808,-0.04256832079508022,0.3373641241916558,5.45570092287107,4.0,1.0,-0.029154211131320017,-0.04152420207475503,0.35134642831275525,5.317908988256821,4.0,1.0,-0.02168821595018808,-0.040802572636544826,0.36602473939212754,2.712593001772972,4.0,1.0,1.0,0.0,0.0,0.0,1.0,0.0,0.0,0.0,1.0,0.0,0.0,0.0,293
-0.10965950441290562,-0.00540743920021459,0.28802117922166315,7.41863382976871,4.0,1.0,-0.12648822580292882,-0.02025424615616897,0.31697559803865694,6.634045776724639,4.0,1.0,-0.1386162343973672,-0.0353492985806971,0.3380748120471178,3.0983445003424563,4.0,1.0,-0.14773523642411415,-0.051293848310358534,0.35479670608045627,5.160139218725719,4.0,1.0,-0.1578241324717377,-0.06605301299625625,0.37888400932921223,7.089164985705862,4.0,1.0,-0.10630139250492404,-0.07223348406896232,0.33769498292470573,0.9785467823513498,4.0,1.0,-0.09527372530406802,-0.08451683243823774,0.36239253098664925,3.4593037645189035,4.0,1.0,-0.0906299178986709,-0.0755154070302746,0.3788816481966815,7.037899326080202,4.0,1.0,-0.08821815748963019,-0.06317781201573325,0.39382506665593453,15.892538163227675,4.0,1.0,-0.08474594318347446,-0.07344299429272617,0.33454591665577177,2.650329837949231,4.0,1.0,-0.07296779452983101,-0.0794134414781524,0.3611235265516681,4.23150567508894,4.0,1.0,-0.07000512253600556,-0.0687960459122664,0.37966013285137135,7.036343761771861,4.0,1.0,-0.07105309485655832,-0.05505604130174917,0.3974915256824753,11.66453730064173,4.0,1.0,-0.06813657819718176,-0.05702710786039192,0.326869882377631,3.5540317047729992,4.0,1.0,-0.05759596953980319,-0.06768583321861771,0.3494214584948747,2.5402621076358636,4.0,1.0,-0.0528600878381065,-0.0590685912604644,0.3702223890707288,3.516989763876272,4.0,1.0,-0.0550289817411648,-0.04753892647063217,0.3879775770255667,8.20646231694586,4.0,1.0,-0.056739548472646575,-0.04100207003868712,0.32272294350063313,5.071920894169138,4.0,1.0,-0.043611643350481545,-0.0484782764571718,0.3361005303289854,6.050953502985788,4.0,1.0,-0.03659421642992019,-0.04701366346508632,0.3514052384682872,5.8875246431131,4.0,1.0,-0.03618971960576606,-0.04423499644967715,0.3665254997561628,7.3892875840723775,4.0,1.0,1.0,0.0,0.0,0.0,1.0,0.0,0.0,0.0,1.0,0.0,0.0,0.0,294
-0.10837769000249708,-0.006216373926624875,0.29218612659182874,9.465269588916625,4.0,1.0,-0.12611750148798492,-0.02315914217481122,0.31753675549617616,5.444168049516914,4.0,1.0,-0.13131207657432353,-0.040710686613434584,0.3392692599513183,7.245605665719144,4.0,1.0,-0.13315727107141068,-0.058941612519504784,0.35632148997563823,14.102700319008735,4.0,1.0,-0.13172700388892006,-0.07477174768313573,0.3819605654591276,24.544224400086563,4.0,1.0,-0.1082448316789916,-0.07669628431103528,0.33109157922202875,3.4487318878494078,4.0,1.0,-0.0998754860860889,-0.0911655039239129,0.35422274424671657,11.833528331119453,4.0,1.0,-0.09758618137638884,-0.08259756416491362,0.36898856528829704,13.415378415055734,4.0,1.0,-0.09828460592874905,-0.07008196504656164,0.3778822082434821,21.70269463655975,4.0,1.0,-0.08667364242682889,-0.07868699647813777,0.3282145601638152,3.549327573089387,4.0,1.0,-0.0781555635270883,-0.08519383973280917,0.3549575675551627,6.837134925966318,4.0,1.0,-0.07861441493552425,-0.07400847058424634,0.3700975842672805,10.23312243380849,4.0,1.0,-0.08457261853577054,-0.05911468038275787,0.379619229445895,15.190533085231603,4.0,1.0,-0.06918435240162421,-0.06321327823558145,0.3232118870963303,3.2824145069728514,4.0,1.0,-0.061826522571356554,-0.07580597365656003,0.3462420353664762,3.539021303827985,4.0,1.0,-0.06164070055860807,-0.06785640720447787,0.3647999585028337,5.953934008033511,4.0,1.0,-0.06951681782165055,-0.055708302762806944,0.37487036845509447,10.57231188133376,4.0,1.0,-0.056992880214578955,-0.04844147443147015,0.3216186819207766,5.1132035886024285,4.0,1.0,-0.0478634175589256,-0.05671711280789486,0.33655239840564455,4.98392896792372,4.0,1.0,-0.04690840224882897,-0.054756744950146936,0.35210255803347373,4.127663178397941,4.0,1.0,-0.05435187665776989,-0.049829320272925935,0.36337886866812197,5.7952061238771,4.0,1.0,1.0,0.0,0.0,0.0,1.0,0.0,0.0,0.0,1.0,0.0,0.0,0.0,295
-0.10744292155518866,-0.0057681577737129135,0.29460285634431554,8.78332587957277,4.0,1.0,-0.12472139860851747,-0.02384102624260101,0.3178066528979062,5.6786981556708085,4.0,1.0,-0.12943684349493015,-0.042982301891556635,0.33772001058808915,9.194882539516865,4.0,1.0,-0.1301801241432828,-0.06230720710187464,0.3533987449719983,16.62191809408853,4.0,1.0,-0.12495591995508823,-0.07995979582681077,0.3788096287711208,28.719226913980574,4.0,1.0,-0.10875455087063908,-0.07812608551947431,0.32660944543790443,3.9078569949626725,4.0,1.0,-0.10136598473600279,-0.09295372168258377,0.3496239866495986,14.495842789980426,4.0,1.0,-0.1000678364864477,-0.08320474521045373,0.3623221459643571,15.765004113808835,4.0,1.0,-0.10131298142420456,-0.06908389780213542,0.36725212433102244,26.045598363518778,4.0,1.0,-0.08774054471690193,-0.0808521547527609,0.32353367444115666,3.085722936996042,4.0,1.0,-0.08070421134153169,-0.08774131674255699,0.3501425565201711,8.368612711331597,4.0,1.0,-0.08249402233725796,-0.07550165338403513,0.36228278692030735,12.60892128525971,4.0,1.0,-0.0897389000584621,-0.059325833963093905,0.36511566171117865,17.563715350474425,4.0,1.0,-0.07007852417954918,-0.06622659699721596,0.3198104525830369,3.666698568851663,4.0,1.0,-0.06400927123490072,-0.07956824919553013,0.34264953861204844,5.101235446021507,4.0,1.0,-0.06645288231251038,-0.06985488427342734,0.3580518532773751,9.656572024216297,4.0,1.0,-0.07642338387812163,-0.05517206515608328,0.3607147644420453,13.171993532792762,4.0,1.0,-0.057560294961656704,-0.052331202034542314,0.31950398967391425,6.164362117526816,4.0,1.0,-0.05055699961908455,-0.06200819553122068,0.3344774767041044,4.473542054265242,4.0,1.0,-0.053775605853787746,-0.057756253930029644,0.34837184679271477,4.36729384690099,4.0,1.0,-0.06428034003830413,-0.049702930698924785,0.35329860163368537,6.794362010449682,4.0,1.0,1.0,0.0,0.0,0.0,1.0,0.0,0.0,0.0,1.0,0.0,0.0,0.0,296
-0.10539049752014597,-0.006239230068151913,0.2956928989754951,6.87926215633344,4.0,1.0,-0.12404593233834589,-0.025028354207099594,0.31711405463445685,5.555438806840405,4.0,1.0,-0.1313224950471218,-0.04504564278597658,0.3347167249656836,8.565825436172096,4.0,1.0,-0.13295364330253404,-0.0655155646497831,0.3489220504481025,14.998578949309994,4.0,1.0,-0.1271156947707931,-0.08559348613407862,0.3728153941572052,26.399579307553825,4.0,1.0,-0.11100459025729398,-0.0799175198013114,0.32320968708197,3.3666020406636625,4.0,1.0,-0.10084746001571313,-0.09418838486390789,0.3486711353638424,6.0753627339429315,4.0,1.0,-0.09890664929044095,-0.08031232186490422,0.35465108081178603,13.547994195025982,4.0,1.0,-0.09962375451831694,-0.06524842076512526,0.34926859815575817,21.86696288329796,4.0,1.0,-0.08999808755920721,-0.08311700333517026,0.3204599341884354,2.1219584849355826,4.0,1.0,-0.08195990852633037,-0.0890678455731349,0.3469155904036627,4.586956617971725,4.0,1.0,-0.08377218181921225,-0.07473353743737117,0.35509197221309885,10.493752035978728,4.0,1.0,-0.09018280632611132,-0.059174724310745615,0.35062870405353125,14.651883818119686,4.0,1.0,-0.07143020154862162,-0.0689672044863858,0.31791899695770626,3.9377917685381947,4.0,1.0,-0.06584669632172416,-0.08085547525441325,0.3412603114842587,2.8389257681298288,4.0,1.0,-0.06916953470943189,-0.06827213961778494,0.3508101785523287,9.28027971382647,4.0,1.0,-0.07756966086156424,-0.05336929127157799,0.3437267110592908,12.10807005569979,4.0,1.0,-0.058081969708265464,-0.05551755371715077,0.3186836850478727,6.563515717949821,4.0,1.0,-0.05286817485510726,-0.06589371549906764,0.3338314914251816,4.514195091637311,4.0,1.0,-0.05746550972151896,-0.06011666171142338,0.34328624119750567,4.088911609139256,4.0,1.0,-0.06659896216504817,-0.05039129378311473,0.33896822327112786,5.44722318317491,4.0,1.0,1.0,0.0,0.0,0.0,1.0,0.0,0.0,0.0,1.0,0.0,0.0,0.0,297
-0.10511771062432032,-0.006371409558556619,0.3018271126627889,3.1477516934992504,3.0,1.0,-0.12479500909014084,-0.02622516084242825,0.3176213599534595,3.0723934942493902,3.0,1.0,-0.13087885498169022,-0.04779077321010185,0.32934778153053246,4.4660115868435275,3.0,1.0,-0.13289537824536485,-0.068987428655147,0.33821348309869337,5.86978431398398,3.0,1.0,-0.12844016860228702,-0.092009869301568,0.3577330459817376,17.335055372998507,3.0,1.0,-0.11571989298905647,-0.0789085197273561,0.3127996566435288,4.179730585845442,3.0,1.0,-0.11245255001826263,-0.08999720804879367,0.3353604369115815,3.2799494880390214,3.0,1.0,-0.11000473549459294,-0.07407840041529681,0.33978960710345774,6.414198284493863,3.0,1.0,-0.10968388644152711,-0.058642141952117,0.3344347825975837,8.833126291934315,3.0,1.0,-0.09479098915302359,-0.08177154074063672,0.30845124094048104,2.784100844182944,3.0,1.0,-0.09083494021668294,-0.08450175721462855,0.33331437391103336,3.9390228969874137,3.0,1.0,-0.09307110746475598,-0.06925899026318087,0.3392510727601494,6.692840714388684,3.0,1.0,-0.09961098309342832,-0.05399922651945457,0.3340461228285291,8.849317537761682,3.0,1.0,-0.07567037338171344,-0.06828926290464049,0.30799808895792996,1.5323014772177135,3.0,1.0,-0.07255608177032197,-0.07737984666661872,0.3289619640006496,4.021062201911558,3.0,1.0,-0.07679220551309587,-0.06329010390039493,0.3361154386089299,7.0620557180291215,3.0,1.0,-0.08584729239835068,-0.048486165601185835,0.32826767167741444,7.2201517196383245,3.0,1.0,-0.06221635625911534,-0.05563819636051632,0.31101828637102086,3.317031014863008,3.0,1.0,-0.05721062313322188,-0.06384072497211879,0.32404639877700886,5.760982270023464,3.0,1.0,-0.06280094941447392,-0.05597917546416909,0.33028143682225586,6.267490797033919,3.0,1.0,-0.07239729716802845,-0.04635610085545561,0.32454696797238697,3.964961021385142,3.0,1.0,1.0,0.0,0.0,0.0,1.0,0.0,0.0,0.0,1.0,0.0,0.0,0.0,298
-0.10809916741583991,-0.006725821436372184,0.29246553656921315,9.168846282361507,4.0,1.0,-0.13027956217279776,-0.028654622108945135,0.3056224795408981,7.5183205880905435,4.0,1.0,-0.13695284597174465,-0.052501456508326536,0.31459970812388993,4.916758421225069,4.0,1.0,-0.13895891505198624,-0.07516144643997305,0.31843315876593775,4.206452820325606,4.0,1.0,-0.13765731027856817,-0.10555939465981705,0.3262781705062799,4.520902214354878,4.0,1.0,-0.11971522557913493,-0.07951404331353619,0.2985606538082009,4.766100772557526,4.0,1.0,-0.12170236759982646,-0.0862195172371189,0.32511765566656187,4.403179066224589,4.0,1.0,-0.12253084551686837,-0.0685419659591466,0.32887371994663706,5.369181815242866,4.0,1.0,-0.12381402710825469,-0.05257284411049682,0.3214051552207007,8.724400709524888,4.0,1.0,-0.0996080555643287,-0.08063737780427224,0.29706502009796343,5.435884972172366,4.0,1.0,-0.1025873493212749,-0.07824127018277223,0.3250422237334719,3.730868761519332,4.0,1.0,-0.10738169229687518,-0.061061560715796874,0.3302843177970915,5.855037365973633,4.0,1.0,-0.11394450714728828,-0.04531435917422566,0.3220753258752248,6.784579333735398,4.0,1.0,-0.08174069235065404,-0.06644989524691537,0.300305056878709,2.9986642349094534,4.0,1.0,-0.08705137439067932,-0.06876894360610421,0.3260779728104966,3.731717682245592,4.0,1.0,-0.09432401298559136,-0.05205858840787197,0.32983486159470715,5.784973774235901,4.0,1.0,-0.10087666864916459,-0.03834564769838417,0.3174680923928391,6.0507942886128845,4.0,1.0,-0.06936466768385514,-0.05393713788247643,0.30657116792551414,3.9880196072305933,4.0,1.0,-0.07338113098402184,-0.05622701402797082,0.32553195985926253,4.120166427788172,4.0,1.0,-0.08056146415886915,-0.045072827839478684,0.3268855252508356,4.076661751993784,4.0,1.0,-0.08654558758921921,-0.03580307121576198,0.3148869327450655,5.425507744046866,4.0,1.0,1.0,0.0,0.0,0.0,1.0,0.0,0.0,0.0,1.0,0.0,0.0,0.0,299
-0.11050694894873876,-0.006920268885856741,0.2903930670023076,11.160405648829789,4.0,1.0,-0.1327347887211816,-0.029066397765289038,0.3031630825422555,10.042731083816848,4.0,1.0,-0.1384120178335467,-0.052869879903806836,0.3128240334409634,6.109982067296195,4.0,1.0,-0.1384959339121549,-0.07557642933738189,0.31715066161327293,3.9631442321472017,4.0,1.0,-0.13319991328737824,-0.10544905719556681,0.3253923134754277,2.8810096374989187,4.0,1.0,-0.12197701502748778,-0.07939175832544326,0.2965682902725978,5.429968516606898,4.0,1.0,-0.12147508589829194,-0.08744842817944407,0.323920032374082,3.2214324632291715,4.0,1.0,-0.12311318537820021,-0.06954574543803169,0.3276575048178449,3.8779902623865254,4.0,1.0,-0.12563141532355337,-0.053200726996328794,0.3193700483681115,6.80401176630854,4.0,1.0,-0.10191851372458836,-0.08033591433878534,0.2957740939043739,4.967070105630674,4.0,1.0,-0.10439566938807526,-0.07814200141427166,0.32385696922285434,3.7752701263291337,4.0,1.0,-0.10948029531424029,-0.06097590269605566,0.32873284708658423,5.410396101535243,4.0,1.0,-0.11673085857806273,-0.04535361590969297,0.31941803708687305,5.050773732727292,4.0,1.0,-0.08418058379064461,-0.06627766021099964,0.29964448061363314,2.9317067837670328,4.0,1.0,-0.08946735418153681,-0.06820147957578097,0.3254347198525514,3.3138919453141775,4.0,1.0,-0.09680004285297178,-0.05185720705430052,0.32873723580818326,5.834717416290065,4.0,1.0,-0.10348754212093872,-0.03802473600579868,0.31578734341965115,6.1834002782066335,4.0,1.0,-0.07196334302863269,-0.05386656924922637,0.3063285145031163,3.9111553671372477,4.0,1.0,-0.07629451785225214,-0.05617538268473913,0.3251223764382044,3.8151573980891906,4.0,1.0,-0.08332167937158147,-0.044883244489074256,0.32596414120765477,3.6607394971273646,4.0,1.0,-0.08902668182336879,-0.03533793601623551,0.31331265952626997,5.722076211073249,4.0,1.0,1.0,0.0,0.0,0.0,1.0,0.0,0.0,0.0,1.0,0.0,0.0,0.0,300
-0.11065009720088208,-0.006111335611609779,0.290904230532526,10.464611754586837,4.0,1.0,-0.13318200834586666,-0.02756701686713178,0.303919332197592,8.215222073839698,4.0,1.0,-0.1385119555667016,-0.051192549899069614,0.31427216019352905,5.618663396478292,4.0,1.0,-0.13794662239735928,-0.0739676366472295,0.3191151264618427,4.438423647877659,4.0,1.0,-0.13003524746706413,-0.10265829527245274,0.32837545199846685,4.380173257668031,4.0,1.0,-0.12241610403102003,-0.07830695325791176,0.297714398570657,5.535061362886661,4.0,1.0,-0.12348307856444758,-0.08467730276046966,0.32480583728013923,3.3637587786130485,4.0,1.0,-0.12463584348458548,-0.06703020210550396,0.32914419903899783,5.106767867367666,4.0,1.0,-0.1260765273291437,-0.051124630981953856,0.32201770618423037,9.074917687440283,4.0,1.0,-0.10231550604810465,-0.07951128890259139,0.2969146076905602,5.294274410939325,4.0,1.0,-0.1053442319200441,-0.07604468498937168,0.3250229891820665,2.971336595716054,4.0,1.0,-0.11051421166066037,-0.05884711541285255,0.33018147612060317,5.603065034751973,4.0,1.0,-0.11755778290517434,-0.043312712630907343,0.32166704204900853,7.84616085308217,4.0,1.0,-0.08459319020321454,-0.0654605813217331,0.30063727427591513,3.0371601679445672,4.0,1.0,-0.09026480266301795,-0.06624092650997668,0.32656947053815927,3.1298031300534506,4.0,1.0,-0.09776150969794603,-0.04978697771272929,0.33028406115434084,5.674280741158016,4.0,1.0,-0.10466755402246317,-0.03601952117514233,0.3179039389828621,8.506562521706044,4.0,1.0,-0.07243779782050254,-0.052947180033604734,0.3071671890027615,4.811264740103075,4.0,1.0,-0.07706493338919077,-0.0538365331920682,0.32607066892706993,4.082294071932175,4.0,1.0,-0.08422113954617609,-0.042635781177007406,0.3269252643544013,3.608086145465265,4.0,1.0,-0.09028425740458114,-0.03348287975160504,0.31447313370669133,7.166308947831986,4.0,1.0,1.0,0.0,0.0,0.0,1.0,0.0,0.0,0.0,1.0,0.0,0.0,0.0,301
-0.11009631556042711,-0.006196913938690915,0.2895637517457602,11.655287825303386,4.0,1.0,-0.1327046398807698,-0.027188844870830436,0.3034665374683175,9.516826716854954,4.0,1.0,-0.13824791579053747,-0.050615869980972075,0.31436743932620353,5.49599263742776,4.0,1.0,-0.13801620228688838,-0.07313876424171066,0.3199891739505721,4.231996003175427,4.0,1.0,-0.13054500811591657,-0.10098441471804481,0.3301102098708564,4.476639306405474,4.0,1.0,-0.12226776025466585,-0.07821207317535032,0.2991921220326651,4.080262666884221,4.0,1.0,-0.1233796297741248,-0.08532889653054213,0.326401389422935,4.881240431434135,4.0,1.0,-0.12444021795877074,-0.06767162047072338,0.33117760123559153,5.661801685027441,4.0,1.0,-0.12590736722106205,-0.0513426129533147,0.32421001154699997,9.433909358109748,4.0,1.0,-0.10208664685873217,-0.07978627387357048,0.2985426889378074,4.67929955094513,4.0,1.0,-0.10518046494262075,-0.07630436134877336,0.32664879992534823,4.1528874752399565,4.0,1.0,-0.11017446169556976,-0.05898360859884311,0.33176072537308743,6.413900862789825,4.0,1.0,-0.11708423750034956,-0.043267208183150024,0.3229988426136883,8.71477415437474,4.0,1.0,-0.08424997488152873,-0.06593341434563804,0.30193738165855455,3.700100648497374,4.0,1.0,-0.09006567842300511,-0.06629994184469605,0.3277970294322997,3.3337255787165665,4.0,1.0,-0.09764312467549001,-0.04935235931490388,0.33109727859618526,5.6381301045791465,4.0,1.0,-0.10462799026206851,-0.03558034662239897,0.31856830166179106,8.497242295950747,4.0,1.0,-0.0719470557156,-0.0534078919071219,0.3081050141697357,5.766718724071402,4.0,1.0,-0.07665926705734426,-0.053844986060390496,0.3270256238875086,3.9344412174430623,4.0,1.0,-0.08381718601723907,-0.04248830167669105,0.32767415626248064,3.8092553556743836,4.0,1.0,-0.08988531121498419,-0.03337016042857635,0.31512746502791184,7.67171366857288,4.0,1.0,1.0,0.0,0.0,0.0,1.0,0.0,0.0,0.0,1.0,0.0,0.0,0.0,302
-0.11006222769131803,-0.005706417006970884,0.28855746856309683,12.175907972704405,4.0,1.0,-0.13236994147586154,-0.026995180661882827,0.30290595992122077,9.364538582798184,4.0,1.0,-0.1381637617692699,-0.050639305312353396,0.31363590767847754,4.778715840014991,4.0,1.0,-0.13793275916709988,-0.07339644201288564,0.3192683468810497,3.772419135977164,4.0,1.0,-0.13019095627019278,-0.10151291463923,0.3295835285784089,4.53581324192308,4.0,1.0,-0.12212385841534579,-0.0779771880870519,0.2992002814886804,3.657882409281802,4.0,1.0,-0.12271108787263862,-0.08551432942334489,0.3262253806224034,5.791036163982788,4.0,1.0,-0.12371096849198482,-0.06806310543668864,0.3311618170140838,5.631811484104337,4.0,1.0,-0.12509407521007887,-0.05174447147185992,0.32470041627503915,7.811810391070835,4.0,1.0,-0.10212583756226422,-0.07944863229082842,0.29843033788139395,4.646225424672797,4.0,1.0,-0.10476253223617656,-0.07663868205955027,0.32620441105799763,5.642541614656897,4.0,1.0,-0.10895917028698486,-0.059993226417647844,0.3315967815064898,7.16891357133329,4.0,1.0,-0.11536096030369741,-0.04406524969072243,0.3236091126376774,7.06218156142065,4.0,1.0,-0.08435447104566134,-0.06547435544143945,0.3014197260857684,3.4217638148179845,4.0,1.0,-0.08966196192002192,-0.06639014854558477,0.32710588463362333,4.525796366541453,4.0,1.0,-0.09646996004962897,-0.04986937766997862,0.33060143139992904,6.5849750674263285,4.0,1.0,-0.1031840327981568,-0.03592624759911085,0.31824887589993,7.17292083187825,4.0,1.0,-0.07207372623444684,-0.05298849455254591,0.3072338718248037,5.5063701686147315,4.0,1.0,-0.07621691144532224,-0.05390243880621429,0.32618654839862776,4.518879914486309,4.0,1.0,-0.0830185935290194,-0.04257877724012669,0.3269290317822834,4.23713519548563,4.0,1.0,-0.0888527423111573,-0.033406982592600026,0.31456062554890374,6.8425599642936925,4.0,1.0,1.0,0.0,0.0,0.0,1.0,0.0,0.0,0.0,1.0,0.0,0.0,0.0,303
-0.11045863329518538,-0.005633096490841937,0.2881855917793057,11.437975577773852,4.0,1.0,-0.13245502645503213,-0.02707919726009547,0.3028607756758643,9.142110621768454,4.0,1.0,-0.13836403338607953,-0.05072253745051436,0.3135207975264713,5.077967271075146,4.0,1.0,-0.13795023629764502,-0.0735119915739578,0.31916707668960376,3.6606507682558647,4.0,1.0,-0.12889122873345485,-0.10145475664957122,0.3296710362051597,3.681984601604364,4.0,1.0,-0.12238985501635619,-0.07819332226577519,0.2990035203165053,3.8534093894934314,4.0,1.0,-0.12238500032883393,-0.08521844100080098,0.3264212567417051,5.426054134093765,4.0,1.0,-0.12342544004661095,-0.06745945511434868,0.33032703467461383,5.368528689321886,4.0,1.0,-0.1253197649743542,-0.0513604734168055,0.32244087386961195,8.118780480085785,4.0,1.0,-0.10244207830383224,-0.07967896221497893,0.2979963158319023,4.671236581358469,4.0,1.0,-0.10469171692415415,-0.07660735721594528,0.3258964243179565,4.6236659710236525,4.0,1.0,-0.10910040859429719,-0.05955163812279906,0.33055845786883936,6.772613399035299,4.0,1.0,-0.11606146122070675,-0.04358864826798329,0.32153910021284515,7.396204823618177,4.0,1.0,-0.08462410002553065,-0.06575866140637868,0.30075122713035984,3.821868110381976,4.0,1.0,-0.08947907882149823,-0.0666811382557434,0.3265514423475982,4.357851119545179,4.0,1.0,-0.09634380716855769,-0.05003793023262275,0.3296841445070462,6.891355964783273,4.0,1.0,-0.10336766119259332,-0.03607287715020483,0.31687021912349933,7.803677497374065,4.0,1.0,-0.07224019173467934,-0.05334582996188038,0.3063877293225134,5.632448866121518,4.0,1.0,-0.07599392096874928,-0.05436013342512346,0.32543322989054474,4.6398391889252375,4.0,1.0,-0.08282299522567711,-0.04275185755595687,0.32588467953476796,4.106978668184911,4.0,1.0,-0.0887769650948022,-0.033479684367730494,0.31324308149605756,6.281581097229401,4.0,1.0,1.0,0.0,0.0,0.0,1.0,0.0,0.0,0.0,1.0,0.0,0.0,0.0,304
-0.11075801524271806,-0.00591818688457346,0.28745691775009574,11.22689011823772,4.0,1.0,-0.1328513656925417,-0.026906985274385602,0.30245439378239714,9.015232712227506,4.0,1.0,-0.13852325819035988,-0.050436439125277364,0.31324070738755894,5.349863142331441,4.0,1.0,-0.13822365961983124,-0.07317934566561654,0.3187525203519099,4.066332655262972,4.0,1.0,-0.13041543086710425,-0.10128585739333182,0.328602244254241,3.2222258474149883,4.0,1.0,-0.12286760137151273,-0.07815411332770994,0.29849871513472115,4.024404797124443,4.0,1.0,-0.12278493876332026,-0.08587870656544819,0.32551655428958853,6.090684990732273,4.0,1.0,-0.1234476749543936,-0.06836237451773597,0.3299216914108788,5.45180783375818,4.0,1.0,-0.12465682756901938,-0.05241803006274568,0.32289881442076906,8.856694852277407,4.0,1.0,-0.10276690915554494,-0.07993079195715531,0.29714984545525897,4.607535789156122,4.0,1.0,-0.10480340182623563,-0.07752372868006875,0.3249207834688109,5.1597902744199144,4.0,1.0,-0.10919920040782254,-0.06061987992787815,0.3301732316237244,7.043289498859565,4.0,1.0,-0.11572533788548152,-0.0453764579356584,0.3219524116772835,8.055967236066962,4.0,1.0,-0.08471069988938933,-0.06611302624715287,0.2995313161973451,3.6770081887392863,4.0,1.0,-0.08945888903932038,-0.06718118069952503,0.32543173252894586,3.7348276074189553,4.0,1.0,-0.09651259174513749,-0.05035581464381221,0.3288314037141857,5.467514986004645,4.0,1.0,-0.103021238449561,-0.03782533890416087,0.315954603479351,7.856309174199227,4.0,1.0,-0.07210527297434062,-0.053663369199270304,0.30492354840192,5.54453391114794,4.0,1.0,-0.07581711362464114,-0.054807631518317856,0.3240624836077227,3.942197791307529,4.0,1.0,-0.08277897998125514,-0.04336784093985116,0.3249431467347665,3.5720354299836776,4.0,1.0,-0.0888690137143823,-0.03466807754112124,0.31255447465152486,7.672693631675532,4.0,1.0,1.0,0.0,0.0,0.0,1.0,0.0,0.0,0.0,1.0,0.0,0.0,0.0,305
-0.11023161433024732,-0.005587309285318327,0.28717584388539985,10.268560999149042,4.0,1.0,-0.13221932486249685,-0.026620861076456347,0.30248400331857367,7.320639957375858,4.0,1.0,-0.1381076802001762,-0.050277369985061396,0.31314870542161194,4.896269778767287,4.0,1.0,-0.138057563677159,-0.07318835334405109,0.31851977854067764,4.322555336889534,4.0,1.0,-0.13040857429205902,-0.10134697154421793,0.3278152272378271,3.7652847643150356,4.0,1.0,-0.12284768108189024,-0.07844495623855426,0.2978373722728694,4.537342424239672,4.0,1.0,-0.1225300102081172,-0.08565726885114602,0.3251824890003453,5.9927852810006526,4.0,1.0,-0.12284287198576152,-0.06790291175558628,0.3287651942771016,5.363791555157118,4.0,1.0,-0.12388406228911272,-0.05211778790733332,0.321179791773438,7.826048383012671,4.0,1.0,-0.10294672407713608,-0.0802340572923624,0.2960347082125182,4.800070789096387,4.0,1.0,-0.10462768167348749,-0.07736665888953129,0.32403821882311334,4.701699982771823,4.0,1.0,-0.10881853710290247,-0.06013688999079153,0.32887366543237145,6.555013845606608,4.0,1.0,-0.11543743775629296,-0.04485060894217472,0.3201848149032739,7.354483782619956,4.0,1.0,-0.08488132080795541,-0.06630452522915006,0.29814872661086655,3.548502035225373,4.0,1.0,-0.08927319620200456,-0.0670354224457427,0.32431558865453125,3.590919818921164,4.0,1.0,-0.09618307367905164,-0.050000745294691194,0.32755242560237213,5.1395987743640115,4.0,1.0,-0.10279639143097287,-0.03747645796638108,0.31432495742893923,7.451170376433693,4.0,1.0,-0.07216285271198218,-0.053720180828824314,0.3033969734593027,5.800855617788528,4.0,1.0,-0.07572222743682074,-0.05462542651828636,0.3227131159090415,4.205845212794092,4.0,1.0,-0.08252243664930095,-0.04302721893204719,0.3234909515595843,3.437181208371138,4.0,1.0,-0.08878201701763036,-0.03414498962526046,0.31096724348862365,6.908020084605176,4.0,1.0,1.0,0.0,0.0,0.0,1.0,0.0,0.0,0.0,1.0,0.0,0.0,0.0,306
-0.11035114115162073,-0.006413298420442974,0.28501708541257953,11.305771255959854,4.0,1.0,-0.13243773270486764,-0.027413324009394717,0.30068013703897817,8.942477107714602,4.0,1.0,-0.13831278127017088,-0.050872828282981244,0.3119180684605601,4.9952516474844195,4.0,1.0,-0.138102683844468,-0.07362614119294203,0.3178846587541497,3.749690308143392,4.0,1.0,-0.12993893226945055,-0.10091047771419194,0.3275252325463731,3.11080463002149,4.0,1.0,-0.12285604312286039,-0.07899456622528798,0.2968092300108244,4.346656300096238,4.0,1.0,-0.12228659998572958,-0.08571079862135791,0.3241132644691294,5.50844665890632,4.0,1.0,-0.1229687042373022,-0.06766927487411499,0.32794883353796744,5.4724101164992,4.0,1.0,-0.12413040577021721,-0.052012992677773845,0.3199872957295659,7.489633465330007,4.0,1.0,-0.10284418371256797,-0.0806724296749671,0.29507951649468883,4.323159968184763,4.0,1.0,-0.1043657385000476,-0.07717583367226256,0.3231856743149041,4.246784897875797,4.0,1.0,-0.10885521162223806,-0.05972569549060455,0.32786563079677516,5.426058697788223,4.0,1.0,-0.11553924453840321,-0.044970359068266796,0.3183330755590208,5.987691392822524,4.0,1.0,-0.08476499862540511,-0.06666917988209792,0.29704444395420015,3.0095580290823283,4.0,1.0,-0.08906408690443847,-0.0674195232739835,0.32340442175770556,3.197327616867815,4.0,1.0,-0.09629349903830553,-0.050398605776151816,0.32688086010671674,4.833488844735923,4.0,1.0,-0.10280393699787979,-0.03818257835320747,0.31333303904299464,7.297445156993122,4.0,1.0,-0.07209017953351164,-0.054049482514992205,0.3021593165903179,5.457950571276356,4.0,1.0,-0.07541086415181128,-0.05523900769760869,0.32169831356762296,3.8461805158177773,4.0,1.0,-0.08244680702528674,-0.04366338719525445,0.3225463224154707,3.045511006276763,4.0,1.0,-0.08874820981501294,-0.03482087964131605,0.3097980564739364,6.75174219615269,4.0,1.0,1.0,0.0,0.0,0.0,1.0,0.0,0.0,0.0,1.0,0.0,0.0,0.0,307
-0.10949743966800869,-0.007293616339298953,0.28457909720653496,11.389342864601153,4.0,1.0,-0.13159845950646634,-0.027991670451553624,0.3001175128050442,8.384393238238383,4.0,1.0,-0.13776437722030027,-0.05125745097937662,0.3111268928759646,4.352535959118213,4.0,1.0,-0.1373805479840194,-0.07389729546183924,0.31714269765698133,3.874123795933916,4.0,1.0,-0.12890998418266145,-0.10047581374059678,0.32720164662889223,4.817189486969199,4.0,1.0,-0.12226816479483406,-0.07956687216391631,0.296082846209621,3.9518093118875006,4.0,1.0,-0.12319299095481502,-0.0883786065743897,0.3221199990460277,10.924641709340792,4.0,1.0,-0.12124249766605208,-0.0757182321784664,0.32560601515510684,16.339503453822953,4.0,1.0,-0.11898936411452742,-0.06659241589528125,0.3180955663389192,20.210532263102877,4.0,1.0,-0.10233146339375819,-0.0813810982085547,0.2942605148351709,4.304605435159738,4.0,1.0,-0.1041631075000839,-0.07894382751780829,0.3219571514505645,6.75738956503067,4.0,1.0,-0.10726635481344912,-0.06281536242688818,0.3272747169368157,7.711054801815035,4.0,1.0,-0.11258377016985213,-0.048113075833025536,0.3193545575300759,5.784814820642036,4.0,1.0,-0.08425777336460837,-0.06753191238662569,0.2962051165695268,3.7490016302541136,4.0,1.0,-0.08838025430542681,-0.06894928528392745,0.32228732946117195,5.226440082120274,4.0,1.0,-0.09457435991117778,-0.05241620327672374,0.3263846281134477,6.044166429296205,4.0,1.0,-0.10103439548082065,-0.039513107287997444,0.31405462646372667,5.0767536156858375,4.0,1.0,-0.0715912607103929,-0.0549987630722455,0.30131015586520654,6.278456740250225,4.0,1.0,-0.07439481457836947,-0.05610479425538322,0.3208359939062698,4.927444745095021,4.0,1.0,-0.08111053373543928,-0.0445282452642976,0.3220448805395381,3.440973965273656,4.0,1.0,-0.08760839990009038,-0.03534063451056588,0.3099256400973308,5.148915369140326,4.0,1.0,1.0,0.0,0.0,0.0,1.0,0.0,0.0,0.0,1.0,0.0,0.0,0.0,308
-0.11039821803040585,-0.0071410411304121905,0.2846621026848749,9.685074119193736,4.0,1.0,-0.13218279953116036,-0.027759070418169475,0.30018262131748585,7.160230431545517,4.0,1.0,-0.13812236410637826,-0.05115180015008549,0.31095411702882597,5.071313549508352,4.0,1.0,-0.13782277297429602,-0.07396166059426322,0.31628782942141676,4.546551158631718,4.0,1.0,-0.1293863212061424,-0.10157604050131487,0.325441849371371,4.538334572075719,4.0,1.0,-0.12283209755420878,-0.08001725146444351,0.29481164881345223,4.451770880859647,4.0,1.0,-0.12254213502858909,-0.08765049317263268,0.3216261546961676,7.449273324991935,4.0,1.0,-0.1222081669630276,-0.07037184291376694,0.3262042994039536,7.002407323612162,4.0,1.0,-0.12215089897486779,-0.05521923157386446,0.32019929117214296,6.066683022145016,4.0,1.0,-0.10284006953960662,-0.08223393182154955,0.29248111840418967,3.9427029035254244,4.0,1.0,-0.10403358017423879,-0.07895798800250077,0.32062901913569225,4.800545214749874,4.0,1.0,-0.10812378507458353,-0.06150220267320545,0.3262421440643566,7.044269425477439,4.0,1.0,-0.11487189784411968,-0.046281108281734804,0.31863149150292697,8.508936819419,4.0,1.0,-0.08465328431324134,-0.06857210164937275,0.2941893852627229,3.8037982975530067,4.0,1.0,-0.0885365480756929,-0.06913356676746933,0.3205516557492372,3.9042193601861195,4.0,1.0,-0.09540669126127337,-0.051833946270841556,0.32460485755942664,5.492826585270752,4.0,1.0,-0.10241547219771076,-0.03939929368690798,0.3123434705771902,7.475540561664528,4.0,1.0,-0.07185126049512733,-0.056168810854553546,0.2992120449431086,6.415423363323087,4.0,1.0,-0.07478420596816845,-0.05714257226359667,0.3188661716247654,4.5684008542364705,4.0,1.0,-0.08164089625671574,-0.0453653836231521,0.3203220392461121,3.7164287044581075,4.0,1.0,-0.0883575326913193,-0.036309302157647126,0.30838607038334825,6.950320839575748,4.0,1.0,1.0,0.0,0.0,0.0,1.0,0.0,0.0,0.0,1.0,0.0,0.0,0.0,309
-0.1104983074561686,-0.007133999321228872,0.2833862280302687,9.452097365831413,4.0,1.0,-0.13269571588831397,-0.02742663940492367,0.29913253061121,6.330084170065214,4.0,1.0,-0.13928074794989587,-0.05067704034925736,0.30998832520749864,4.421982789814514,4.0,1.0,-0.13917817870919671,-0.07342530778161031,0.3158371513549324,4.982290564352809,4.0,1.0,-0.1303995027929712,-0.10063228211462452,0.3256564754652511,6.133659006143482,4.0,1.0,-0.12403511941374834,-0.0797720867740845,0.29401140821438526,4.829333749939288,4.0,1.0,-0.12438529790494436,-0.08885404230906717,0.32033646975838675,10.117994876010577,4.0,1.0,-0.12207315784607202,-0.0765135776945011,0.32396170273713853,15.307355600500713,4.0,1.0,-0.11960112653876198,-0.0680405174639915,0.31655284017119184,20.894153704189186,4.0,1.0,-0.10401419530969716,-0.08222716106425668,0.29167391259614606,4.613722049409395,4.0,1.0,-0.10528835594319941,-0.0802028630188994,0.31979056831266456,5.81296466039437,4.0,1.0,-0.1083130973266642,-0.06352652875905285,0.3255633981900087,7.168154923394687,4.0,1.0,-0.11393256569490826,-0.047994405881388716,0.3182004401266314,5.671331377125601,4.0,1.0,-0.08561499429992743,-0.06870780460227767,0.29330864669330775,4.080108461737918,4.0,1.0,-0.08959582243975751,-0.07011838520248524,0.3197190713673912,4.234179888173536,4.0,1.0,-0.09577364955460037,-0.05299518490752932,0.32422816112848546,4.925124347734172,4.0,1.0,-0.10247814739330141,-0.03969617128696048,0.31238890495520355,6.300293645358543,4.0,1.0,-0.07261372937706463,-0.05634532817257541,0.2982440619268183,6.770462621111709,4.0,1.0,-0.07524374285869806,-0.05795964829161738,0.31801260348828686,4.958249721826858,4.0,1.0,-0.08189344845003567,-0.046323656186750474,0.31964619963247193,3.5411045518586115,4.0,1.0,-0.08861430139570282,-0.036865808520042134,0.30781596299231667,6.352320225629016,4.0,1.0,1.0,0.0,0.0,0.0,1.0,0.0,0.0,0.0,1.0,0.0,0.0,0.0,310
-0.11079313709487705,-0.007240211571732901,0.28184681881619256,10.806387267611308,4.0,1.0,-0.1327478085914003,-0.027645319803349413,0.29767123660287625,7.565120789234378,4.0,1.0,-0.1388943271533417,-0.050867592403370895,0.3086744171258244,4.246692040181671,4.0,1.0,-0.139470364581557,-0.07352196957231044,0.31458538708494266,4.272527230345846,4.0,1.0,-0.13264030024241072,-0.10068698568091605,0.32477748445771054,5.0306511009235,4.0,1.0,-0.12423996664985273,-0.07923036281264792,0.2929335878896202,5.281507692721765,4.0,1.0,-0.12504748265657406,-0.08771229302527592,0.3189724396836747,7.466121935888162,4.0,1.0,-0.12361524640838488,-0.07221772780669987,0.3247199700356875,7.846780343843777,4.0,1.0,-0.12174994039004848,-0.05851583770671913,0.31988245319707503,8.554695942137178,4.0,1.0,-0.10443530997333653,-0.08138393961832989,0.2905558328372443,5.480706073893503,4.0,1.0,-0.10578835448651407,-0.07931021382639326,0.3185977633746363,4.9172967303972115,4.0,1.0,-0.10932775628598099,-0.06269745156845682,0.3252359058664774,7.1552784665284666,4.0,1.0,-0.11542431017707741,-0.04748488034272341,0.3186501726412555,9.260585773466941,4.0,1.0,-0.0862492349688708,-0.06780130555211748,0.2920348484538548,4.516719201144844,4.0,1.0,-0.0901969601930048,-0.06946818969774554,0.31819320449095845,4.219982628461474,4.0,1.0,-0.09658367325771941,-0.052720389389375455,0.322998577507127,5.675721706784212,4.0,1.0,-0.10319639410758683,-0.03973287573534725,0.3112447330157791,7.097118723622149,4.0,1.0,-0.07340845921259058,-0.05548596932152624,0.2967786250650611,6.7953340810938645,4.0,1.0,-0.07588389444305414,-0.057641120113251405,0.3163549186474136,4.8069512821740386,4.0,1.0,-0.08256180294580531,-0.046330846318275956,0.3185400433906714,3.3938424055881318,4.0,1.0,-0.08924770329831903,-0.03702694394927049,0.30735096663834127,5.721158334217274,4.0,1.0,1.0,0.0,0.0,0.0,1.0,0.0,0.0,0.0,1.0,0.0,0.0,0.0,311
-0.1113151262617981,-0.006314679288901583,0.2821499824756201,8.480530040695411,4.0,1.0,-0.13254191646317617,-0.02725075634602474,0.2982586426457447,6.609688710949841,4.0,1.0,-0.13919507991867996,-0.05097505078620209,0.3084061192425391,4.965318081395293,4.0,1.0,-0.13987094497024027,-0.07403402742633651,0.3135622579257575,5.163720615977553,4.0,1.0,-0.13224595622880225,-0.1026610313464181,0.3234086099579817,3.8414976793452515,4.0,1.0,-0.12443985338695869,-0.07954368164054292,0.29313293052057604,4.623759436671857,4.0,1.0,-0.1238879678755625,-0.087379110591965,0.32010740639745516,5.060529989385131,4.0,1.0,-0.12356859745671352,-0.0697497906338817,0.32375349670744064,5.744524527606379,4.0,1.0,-0.12422973466721994,-0.05336893660560025,0.3164548513000994,7.516841156050445,4.0,1.0,-0.10498823644561463,-0.08170710777278326,0.2902615593507723,4.892569081164048,4.0,1.0,-0.10569957911050931,-0.07962520876578295,0.318133473803514,3.530101367467133,4.0,1.0,-0.10879061938396287,-0.06276001452399216,0.3236600650660898,6.967458126826962,4.0,1.0,-0.1148519200599587,-0.04711021810212195,0.31606290484384325,6.408830106343872,4.0,1.0,-0.08701046816072816,-0.06795538905856043,0.291192587244953,3.624840845691258,4.0,1.0,-0.09060682214471098,-0.06965582652365565,0.31739213479976464,3.517446927843327,4.0,1.0,-0.09664955693625626,-0.05266370255074368,0.3216846978446992,6.676652395892609,4.0,1.0,-0.10335068529133616,-0.03907343295236332,0.30967985047449875,6.921241558939936,4.0,1.0,-0.07417890981443749,-0.055540071404748086,0.29552204859576203,5.5103147378845945,4.0,1.0,-0.0764065256919282,-0.05790053055947347,0.31519051414360844,4.857167627207575,4.0,1.0,-0.08287672733498327,-0.04640051429362638,0.31694100083422044,4.743877620148934,4.0,1.0,-0.08959339839487936,-0.03688866715185869,0.30552545077929605,5.558882244032871,4.0,1.0,1.0,0.0,0.0,0.0,1.0,0.0,0.0,0.0,1.0,0.0,0.0,0.0,312
-0.11119126973865236,-0.006313479391208089,0.27913214833577327,11.042382491025093,4.0,1.0,-0.13320628669545878,-0.026985174647607444,0.29573136801296923,7.919952650494393,4.0,1.0,-0.1399219186379165,-0.050473367664611996,0.306758835762003,5.605117177463814,4.0,1.0,-0.14060650792698187,-0.07350676694722615,0.31259721104044574,5.423957675466483,4.0,1.0,-0.13386758624065145,-0.10158559723235983,0.32249468798644654,3.4639945570995225,4.0,1.0,-0.12594933277522707,-0.07939350023920279,0.29089779503725527,5.371002633461122,4.0,1.0,-0.12561988287354026,-0.08743273428196535,0.31787976010738184,5.389211424434867,4.0,1.0,-0.125448091656452,-0.06988764554003957,0.32356201436490595,6.173893706320454,4.0,1.0,-0.12591530189768257,-0.05363037359514028,0.31804844062636933,10.625676384756616,4.0,1.0,-0.10630965009995738,-0.08165653572605366,0.2881480309670149,4.946373830565836,4.0,1.0,-0.10681162948008793,-0.07968729043230874,0.31673549673054535,3.3147795138324456,4.0,1.0,-0.11026201898507819,-0.06261365945964328,0.3233660216987573,7.066683201962997,4.0,1.0,-0.11611921008364921,-0.04754152687254265,0.3163341739106302,10.70607425301381,4.0,1.0,-0.08789994745383219,-0.06806254047634228,0.2892447862325755,3.322337338397177,4.0,1.0,-0.09131573924339643,-0.07007775513665196,0.3159818644625652,3.6155116316785225,4.0,1.0,-0.09754702620962068,-0.052967502947955214,0.3217975173696204,6.3234209957660905,4.0,1.0,-0.10362893774496568,-0.04054088532220805,0.31066740261746356,8.99191800823477,4.0,1.0,-0.07470743661386034,-0.0557502220168295,0.2937626065025973,5.825940894385649,4.0,1.0,-0.07672766374632195,-0.05892810095588443,0.3137581802511055,4.622633780664219,4.0,1.0,-0.08332946997479651,-0.047534114865915834,0.31638942216875493,3.9066639672604193,4.0,1.0,-0.08949848395763602,-0.03898370291267746,0.30493818266021255,7.797439106072839,4.0,1.0,1.0,0.0,0.0,0.0,1.0,0.0,0.0,0.0,1.0,0.0,0.0,0.0,313
-0.11214833342842588,-0.006522009385226435,0.2796438563002146,9.463244490479063,4.0,1.0,-0.13398069153536135,-0.02720348845313589,0.2960146986422135,7.18639351069358,4.0,1.0,-0.14073289968817207,-0.05078827421724475,0.3066590948051996,5.29348746923978,4.0,1.0,-0.14150343302586618,-0.0737890557629309,0.3123560153327913,5.623520583372655,4.0,1.0,-0.13432398085755853,-0.1017326208914027,0.32291669988032234,4.261080912704328,4.0,1.0,-0.12640957751956877,-0.07987753878692229,0.29057850054454143,4.842303087792884,4.0,1.0,-0.1262183365925039,-0.08769972631391819,0.3173728528704189,5.7419853259191695,4.0,1.0,-0.12617554407288606,-0.06983109122072417,0.3220861940706032,6.797473309480744,4.0,1.0,-0.1268586722910683,-0.05354204038522036,0.31592821424200046,10.167668848414495,4.0,1.0,-0.1067162127782563,-0.08225345165505424,0.2875566630742827,4.612131631249167,4.0,1.0,-0.1072060573026767,-0.08020702696849899,0.31586366515226305,3.6214707394571715,4.0,1.0,-0.11106218021131554,-0.0628127078301448,0.32206316623582254,7.225641546502428,4.0,1.0,-0.11739937926786455,-0.04768825105531227,0.31514076651705913,10.402839099972168,4.0,1.0,-0.08824581888828781,-0.06861011624874955,0.2884697067532678,3.822090200142765,4.0,1.0,-0.0916031650550354,-0.07085249057482804,0.31500264702231184,3.487133870851216,4.0,1.0,-0.09813101792775611,-0.053649239227711525,0.32036788650835296,6.446239458896609,4.0,1.0,-0.10462841599818484,-0.04115392799194377,0.3090938705093357,9.295549366374992,4.0,1.0,-0.07501915604566264,-0.056215746033349785,0.29283730350085735,5.797379394518335,4.0,1.0,-0.07700502189645932,-0.06003074233024016,0.3126788552319604,3.937094724571965,4.0,1.0,-0.08368583816186645,-0.04865997499523447,0.3153271586636459,3.4482163307655105,4.0,1.0,-0.08995822832185552,-0.040145793653772306,0.30413097740741474,8.155835607913259,4.0,1.0,1.0,0.0,0.0,0.0,1.0,0.0,0.0,0.0,1.0,0.0,0.0,0.0,314
-0.11264517506175428,-0.0068482799974931025,0.2784906390403092,9.14882954025216,4.0,1.0,-0.1344727202347208,-0.027595491357914982,0.29505749478149534,6.71053994195515,4.0,1.0,-0.14113903753827303,-0.05128030224602671,0.3057017490004506,5.089624079764625,4.0,1.0,-0.14210284935423345,-0.07446521603240734,0.3112950083441234,5.239007349995362,4.0,1.0,-0.13511507610197943,-0.10303243375998865,0.3214826824047765,3.557207492784503,4.0,1.0,-0.1271062505566807,-0.07958323563993044,0.28946993857120445,5.380006951635003,4.0,1.0,-0.12647853481251253,-0.08763248935194322,0.31602815709655774,6.521747019219788,4.0,1.0,-0.12653061103958566,-0.07067253731780132,0.3214878835199238,6.618250422907307,4.0,1.0,-0.12766191684394826,-0.05537888220097521,0.3165664089530163,13.490250442113801,4.0,1.0,-0.10735001808150758,-0.08168598171864928,0.28617709471342545,6.041311465639907,4.0,1.0,-0.10783562031659116,-0.08015400691399137,0.31440267353654927,3.641172159102805,4.0,1.0,-0.11143558115777617,-0.06352017652522929,0.3213632565999467,7.453203009470881,4.0,1.0,-0.11755900289551646,-0.04868086737469549,0.31570248198873735,12.932684636634535,4.0,1.0,-0.08877532387852698,-0.06803602835009523,0.28685838372267025,5.164336231339451,4.0,1.0,-0.09213895167155677,-0.07105675021520794,0.3131944456644992,3.769739846284005,4.0,1.0,-0.09837982246275162,-0.0544338888313593,0.318796911293597,5.796082727223204,4.0,1.0,-0.10479229285401932,-0.04220119366004193,0.308266637992705,10.62985351727814,4.0,1.0,-0.07541983935471389,-0.05568382338056552,0.2910419198392629,6.502012759025922,4.0,1.0,-0.07756344561192871,-0.05980999996532599,0.3106648039361934,4.533982217970781,4.0,1.0,-0.08389404903752795,-0.04912137611583956,0.3136059325783195,3.896496140076859,4.0,1.0,-0.09003546335532824,-0.04095452246278635,0.3030725605411943,8.991877866236448,4.0,1.0,1.0,0.0,0.0,0.0,1.0,0.0,0.0,0.0,1.0,0.0,0.0,0.0,315
-0.1123765378647428,-0.007479374170842933,0.2770881004437228,8.90317013416941,4.0,1.0,-0.1341537368128891,-0.027961509792772427,0.29358988773608474,6.778207616094814,4.0,1.0,-0.14135076655322343,-0.05134054953545674,0.3040679438371753,5.1960839634646945,4.0,1.0,-0.14287332610872036,-0.07430690928352363,0.3097486754854788,5.966585635848018,4.0,1.0,-0.13674318000704974,-0.10239471299356309,0.31960923976718086,3.9327552130914203,4.0,1.0,-0.12756919594341978,-0.07956091704280198,0.28771112148498584,6.267528095771421,4.0,1.0,-0.12763779557284868,-0.08796573946316844,0.31306091193246016,6.710936691979347,4.0,1.0,-0.12722095740178968,-0.07122876121564001,0.3192601279170441,5.521215427897576,4.0,1.0,-0.12767521136985924,-0.05619851655931283,0.3151941241354089,13.067429833592524,4.0,1.0,-0.108122123845661,-0.08168074962351447,0.2840284627720834,6.945390028057062,4.0,1.0,-0.10859136559889804,-0.0811096528524809,0.3117623405077373,3.8781076270636854,4.0,1.0,-0.11173936460490719,-0.06492234703648886,0.3193951455745192,6.686199516698978,4.0,1.0,-0.11723201155639092,-0.050644332587955816,0.31488593658206454,13.396541124464294,4.0,1.0,-0.08962456204698092,-0.06815300764563549,0.2843822304968728,5.333983105361526,4.0,1.0,-0.09279303878603715,-0.07194171342651018,0.3101927807985562,4.312009492964631,4.0,1.0,-0.09869821089695852,-0.055747332391475085,0.3172282876515964,4.906203898605636,4.0,1.0,-0.1048286533010264,-0.04383999260263773,0.3081949298580433,11.274606402092525,4.0,1.0,-0.07627901720143158,-0.05599697622547435,0.2883360027520438,6.164423420358318,4.0,1.0,-0.07788799978276659,-0.06091698921336201,0.3074851346987533,4.838910728465707,4.0,1.0,-0.084087377077271,-0.05076091932654112,0.31171704110860504,3.10164389517507,4.0,1.0,-0.09020296747273605,-0.042961243066174166,0.3025089264038687,9.075570037627873,4.0,1.0,1.0,0.0,0.0,0.0,1.0,0.0,0.0,0.0,1.0,0.0,0.0,0.0,316
-0.11280888656542733,-0.008852390487539087,0.2752079609193092,8.588464408025326,4.0,1.0,-0.13492331786825648,-0.028767244003010634,0.29171305607436243,7.151650465040288,4.0,1.0,-0.14234756469755822,-0.0516872276884379,0.30271935193823907,5.5631278024813176,4.0,1.0,-0.14303072705599698,-0.07444571419455472,0.30944450766940357,7.980585062829471,4.0,1.0,-0.13290646330292366,-0.098841322430665,0.3228771285339394,15.835875845439244,4.0,1.0,-0.1287200637463401,-0.08099986503517803,0.2865428356427052,5.103532442674808,4.0,1.0,-0.12961397428599972,-0.09010420129040793,0.3120133234907943,8.367121738378398,4.0,1.0,-0.1286770185471424,-0.07286606487856832,0.3175246969954088,7.500047067646117,4.0,1.0,-0.12843125380030113,-0.05704381307984688,0.31301318807094125,10.426433546811756,4.0,1.0,-0.1090748521723232,-0.0837630827907703,0.2831473884510397,5.9101808903456545,4.0,1.0,-0.10940700822448707,-0.08413417632397911,0.31067605775240775,4.1187514140087,4.0,1.0,-0.11235126700048875,-0.0673428247125999,0.31739089066576376,6.323412446676136,4.0,1.0,-0.11757822136666381,-0.05228138401088131,0.3117239670299988,9.53762837933685,4.0,1.0,-0.09027928620764537,-0.0706640512839799,0.28353098403851423,5.315933430954917,4.0,1.0,-0.09326865604263984,-0.07533294318155327,0.30920775204264395,3.2735290535770893,4.0,1.0,-0.09902232968035432,-0.05877770813987113,0.3153321574014892,4.497291684120478,4.0,1.0,-0.10521751154409888,-0.04574429939751492,0.30516856552349686,8.25664425937103,4.0,1.0,-0.07672113249122724,-0.058681753761132674,0.28740962560434846,6.009097094739099,4.0,1.0,-0.07778914681066029,-0.06451806456255292,0.306334382472257,3.892972314402032,4.0,1.0,-0.08419613162581584,-0.05400353713479011,0.31038931491273725,1.9771532351209895,4.0,1.0,-0.09072117658822476,-0.04511995367279591,0.30064876698949844,6.6660039695063915,4.0,1.0,1.0,0.0,0.0,0.0,1.0,0.0,0.0,0.0,1.0,0.0,0.0,0.0,317
-0.11282124424549929,-0.010030400301307368,0.27227103749695764,8.226243554793552,4.0,1.0,-0.1345505796420559,-0.029743180807988875,0.2895957607044993,7.272646541024193,4.0,1.0,-0.14226411627751348,-0.05223337479913211,0.30129954965434086,5.55233762898491,4.0,1.0,-0.1425914611827376,-0.07477425270600568,0.30891290077073774,8.497658929032966,4.0,1.0,-0.13125622218787528,-0.09651707383932123,0.3238165230562732,22.811684913568264,4.0,1.0,-0.12864336888262606,-0.08239858766383273,0.2859510245694283,3.76464192729725,4.0,1.0,-0.12766019912027243,-0.09185581856833877,0.31174850905890233,6.1495484007270145,4.0,1.0,-0.12676242851131952,-0.07400381292498787,0.3163873645252609,5.439667654700886,4.0,1.0,-0.12688178237633244,-0.057866732912504194,0.3105024251018833,8.495451776784511,4.0,1.0,-0.10904504400318757,-0.08546480664608311,0.2825970838238822,4.556144358644363,4.0,1.0,-0.1080875099605433,-0.08606371299650167,0.30989541432312495,2.9439282303022978,4.0,1.0,-0.11093506050879741,-0.06889082175332509,0.31610978765771414,5.00799727672629,4.0,1.0,-0.11656304825195526,-0.053425635431290454,0.30952894187267393,7.292398967380283,4.0,1.0,-0.09012873934359814,-0.07235627367900885,0.2824299998536955,4.391299166490394,4.0,1.0,-0.09198864204616772,-0.07806843964307919,0.30799104102933167,1.6533200203325629,4.0,1.0,-0.09767524666056254,-0.06130992572769851,0.3139600321403376,3.085933805188577,4.0,1.0,-0.10431789667501853,-0.04745816903782925,0.3030974584968165,6.430144460189148,4.0,1.0,-0.07637515436211056,-0.06023772580038277,0.28575009229125625,5.565071307663757,4.0,1.0,-0.07684938668489458,-0.06664577986795468,0.30430548406474084,2.7635620459555326,4.0,1.0,-0.08326288873687099,-0.05644270245580566,0.30846094117667155,1.5376743569227214,4.0,1.0,-0.09001953046540626,-0.047412724892736874,0.2984359255680436,5.552340051984254,4.0,1.0,1.0,0.0,0.0,0.0,1.0,0.0,0.0,0.0,1.0,0.0,0.0,0.0,318
-0.1128810615132259,-0.011996988048377224,0.2692058391398616,9.184255427767257,4.0,1.0,-0.13465707759104914,-0.031707016500683985,0.2867880675398759,8.333432888027655,4.0,1.0,-0.14225321150982312,-0.054305899180737735,0.2990857127698798,6.399026579375336,4.0,1.0,-0.14265441509086918,-0.07687967438825108,0.30720803181203166,8.076858891076197,4.0,1.0,-0.13090998258188982,-0.0987745653995004,0.32329959299994654,21.97066769771931,4.0,1.0,-0.1291443550163833,-0.08477339221954379,0.28528407911693593,3.1034131417921973,4.0,1.0,-0.12721327565114807,-0.09484955999631109,0.31128835031148366,4.807409049146136,4.0,1.0,-0.12657810053037466,-0.07643178737422109,0.31563108846118637,4.619161144423825,4.0,1.0,-0.1273622611722059,-0.059552264836581506,0.30952949418700854,6.985319402711583,4.0,1.0,-0.10953290378407068,-0.08802511993111656,0.2825473012200733,3.922037941031298,4.0,1.0,-0.1083768593380962,-0.08836988945130697,0.309425381364177,2.7175104664731196,4.0,1.0,-0.11117707879826072,-0.0704234074728551,0.31514864375644086,4.52939503078371,4.0,1.0,-0.11699139939397192,-0.05446087233726639,0.3080728437019417,5.974708027139079,4.0,1.0,-0.09048342644062494,-0.07489754949548832,0.282408236792645,3.8211624712929213,4.0,1.0,-0.09228275710852785,-0.08078684498409837,0.30750778568426823,1.7534241007217883,4.0,1.0,-0.09798378169354471,-0.06343779781030714,0.31297107391193996,3.378514204865728,4.0,1.0,-0.10463743223706752,-0.048802991569881896,0.30188891748183844,4.30268917398561,4.0,1.0,-0.0766404068131592,-0.06266681056832388,0.285530442032627,4.2664622040869595,4.0,1.0,-0.07692814354962631,-0.06948975356979882,0.3035814161941514,2.4154560301852857,4.0,1.0,-0.08336919204355464,-0.05893468843432152,0.3074377684418413,3.0881894773473233,4.0,1.0,-0.09050778409765435,-0.04886913197822016,0.2975454764607893,2.4737815199419115,4.0,1.0,1.0,0.0,0.0,0.0,1.0,0.0,0.0,0.0,1.0,0.0,0.0,0.0,319
-0.1131711219308568,-0.013188989532417338,0.2682579721329871,9.455056519707451,4.0,1.0,-0.13508658630772963,-0.0324322464149883,0.28646451437521225,7.982928349782425,4.0,1.0,-0.1424744178414567,-0.05514304125089812,0.2987536964358799,6.110443555623525,4.0,1.0,-0.14271772206037062,-0.07771001475979797,0.3069238626920693,8.104194356432822,4.0,1.0,-0.13115606723069234,-0.10023075829418282,0.32273153039630964,21.70005437911569,4.0,1.0,-0.12958101222175775,-0.08512199515631227,0.2847854578898094,3.473060138123276,4.0,1.0,-0.12754246580735829,-0.09555181813786291,0.31059771288403876,6.126269354274723,4.0,1.0,-0.12677538678717443,-0.07795655735855249,0.3160782061788369,5.104778132357058,4.0,1.0,-0.12750513597449367,-0.061345887630081246,0.3108970340826251,8.167177781385673,4.0,1.0,-0.10969768971583146,-0.08845014638805225,0.2815465739823285,3.867123130169621,4.0,1.0,-0.10826642997530805,-0.08981363961563311,0.3087524965372005,3.0745117108277773,4.0,1.0,-0.11100821827123054,-0.07256527101971749,0.31560260710576166,5.419229697472835,4.0,1.0,-0.1169330971939115,-0.05680995128334217,0.30959806908880494,8.106729965872121,4.0,1.0,-0.09035248624140431,-0.07543729830984972,0.2809572066820297,4.305504671018749,4.0,1.0,-0.09219354975709507,-0.08251047315222386,0.3061668511884037,2.0114786349874443,4.0,1.0,-0.09773339061472766,-0.065753722089812,0.31326587782201737,2.332662803486709,4.0,1.0,-0.10445596265511432,-0.05086685740172056,0.3036904711998321,5.49321775160476,4.0,1.0,-0.07630088569702967,-0.06330347382381536,0.2837704726617249,5.672395940112662,4.0,1.0,-0.07609320040636007,-0.07121817126085654,0.3016906515377244,2.9641505211265518,4.0,1.0,-0.08253361606369307,-0.06164213671917394,0.3071922724808971,1.1840484200799766,4.0,1.0,-0.08998948522632115,-0.05139229327894586,0.2983328715475815,3.313428405726772,4.0,1.0,1.0,0.0,0.0,0.0,1.0,0.0,0.0,0.0,1.0,0.0,0.0,0.0,320
-0.11333975432317119,-0.01318825363279194,0.26919121224505793,8.809185316108145,4.0,1.0,-0.13492334422432406,-0.03242932824701784,0.2869721648659569,7.6553981632341435,4.0,1.0,-0.14196830823333795,-0.05511347186421951,0.2991444995262127,5.605970012226935,4.0,1.0,-0.1425667310846187,-0.07762679161949079,0.30716660417132463,8.186743411738451,4.0,1.0,-0.13131689814419278,-0.10096941738959697,0.32324788058719656,20.57891022113443,4.0,1.0,-0.12982148102489127,-0.08564952160156707,0.28511925349684747,3.532345226171193,4.0,1.0,-0.12758586860499163,-0.09649841739626384,0.3109694028994772,4.904249931463898,4.0,1.0,-0.12654767670954525,-0.07883439436059285,0.3163000328409026,4.234698924545437,4.0,1.0,-0.1268205170825602,-0.06174163822929889,0.311555003292783,7.696182811051642,4.0,1.0,-0.11020866711757298,-0.08920321812405616,0.2820141892206711,3.707552726652964,4.0,1.0,-0.10846785251555581,-0.09082345595329518,0.30907113985210344,2.2346087455921086,4.0,1.0,-0.11100325248751679,-0.07346866411313671,0.31573819139401343,4.009996504690575,4.0,1.0,-0.11671876668066965,-0.056894679025396584,0.3101230535448933,6.391968395968487,4.0,1.0,-0.09102423457904284,-0.07619560413919053,0.281493797740611,4.265555068344686,4.0,1.0,-0.09245986536705644,-0.08364886643792369,0.3065255729739606,1.080471254795573,4.0,1.0,-0.09797100365263436,-0.06690892798792392,0.31336889033989845,1.8676937862236347,4.0,1.0,-0.10491462310530832,-0.05137413968383698,0.30377765084352004,4.681840761639828,4.0,1.0,-0.07702374606618186,-0.06404132982996241,0.28436850622178,5.547502455187466,4.0,1.0,-0.07636116386014338,-0.07273054403704561,0.3017535046945038,3.862758439016858,4.0,1.0,-0.08268881272988608,-0.06362416604118283,0.3076003859097048,2.8095291177299107,4.0,1.0,-0.09050012451111869,-0.052984390856989506,0.2997214616358216,2.4764494937185435,4.0,1.0,1.0,0.0,0.0,0.0,1.0,0.0,0.0,0.0,1.0,0.0,0.0,0.0,321
-0.1138452355062824,-0.01359742311473207,0.2685664883639063,10.4231434078066,4.0,1.0,-0.135792747688532,-0.032813219000649,0.2866479049824282,8.517641283527825,4.0,1.0,-0.142293267024557,-0.055465249341764826,0.2994514661325213,6.72698436073007,4.0,1.0,-0.14227327829462014,-0.07804892795264115,0.30789637171081613,7.939833501104038,4.0,1.0,-0.13214720658841178,-0.10109668034527103,0.32376852299761555,20.524338653224646,4.0,1.0,-0.13000590388360356,-0.0861158484482132,0.2858328339128861,3.869082457559277,4.0,1.0,-0.12674134866037942,-0.09825925665500393,0.31110872287597474,4.104981098832882,4.0,1.0,-0.12595034839004343,-0.08113112582915452,0.317099885170261,3.879643096777316,4.0,1.0,-0.12686654547852694,-0.06377585344219408,0.3119226911754642,6.935831848986563,4.0,1.0,-0.10991974227777553,-0.08961771214764841,0.2830328277364894,3.363797891386564,4.0,1.0,-0.1081773000348539,-0.09206450362689882,0.30993537573751495,2.5608397733030364,4.0,1.0,-0.1109355627878059,-0.07519227891707622,0.3166616417798402,4.666892139115836,4.0,1.0,-0.1169512575676072,-0.05839130002389554,0.3101617973536088,5.301426153442197,4.0,1.0,-0.09041875328723306,-0.07658269588029375,0.2825513005572074,4.411581401284675,4.0,1.0,-0.09177070024368918,-0.08467719339938161,0.30739606117616036,1.36301021047587,4.0,1.0,-0.09724398097649015,-0.06854414862305715,0.3139359899310822,3.061082034413541,4.0,1.0,-0.1043417595177233,-0.05250860599896793,0.30384421917573656,3.792408529627252,4.0,1.0,-0.07621055178134767,-0.06441005088774582,0.28537074636422144,5.850612881733099,4.0,1.0,-0.0757389862869718,-0.07322980122175365,0.30292561144149754,3.473855765799234,4.0,1.0,-0.08197819745311181,-0.06449327879982628,0.3082596041056831,2.974137923306557,4.0,1.0,-0.08957877837177942,-0.053906786975149536,0.2995900378968608,1.5752676745948397,4.0,1.0,1.0,0.0,0.0,0.0,1.0,0.0,0.0,0.0,1.0,0.0,0.0,0.0,322
-0.11412351169651762,-0.013732971146999779,0.2701452627261617,9.259816247467642,4.0,1.0,-0.13554126782122664,-0.03277734683964965,0.28809109594319365,6.704174250413752,4.0,1.0,-0.14219062494738544,-0.055285477518539815,0.30095887181827363,6.597414477743783,4.0,1.0,-0.14240479764471098,-0.07779981708772574,0.30944337415085693,9.114962033580202,4.0,1.0,-0.13058050340025332,-0.10076293917183614,0.3257017922452965,19.253120109349187,4.0,1.0,-0.1300404583171485,-0.08569001192298051,0.28620329993300453,4.289941924996535,4.0,1.0,-0.12602179431832253,-0.0992459592489447,0.3105140596003004,6.280541994623088,4.0,1.0,-0.12534766174109438,-0.08289955788973426,0.3175803472069848,2.738816139120784,4.0,1.0,-0.12685605337714237,-0.06500664364016782,0.3150006939662506,5.870034331215426,4.0,1.0,-0.11010439883159429,-0.08926852077509514,0.28285322233964955,3.793221760154524,4.0,1.0,-0.1072994150338357,-0.09279462334411294,0.3093434496184504,2.9309676892145067,4.0,1.0,-0.10981270845154523,-0.07666531472563361,0.31747051376300756,3.6369859336217885,4.0,1.0,-0.1161540328247002,-0.059461418847189224,0.3140232764357747,5.252926391067936,4.0,1.0,-0.09067047023098605,-0.07644597635790314,0.2820870654193167,4.6125633712917224,4.0,1.0,-0.0909669045272443,-0.08523382658267052,0.30642150736330137,2.2325399461929933,4.0,1.0,-0.09598480402509568,-0.07002109498584927,0.3153497420101301,2.56415306927811,4.0,1.0,-0.10354348419751393,-0.05372495655471522,0.3084224166657214,5.081639999512227,4.0,1.0,-0.07643925561453667,-0.06455270045565398,0.28472761510924643,6.030930223747251,4.0,1.0,-0.07516405431934321,-0.07391210743684143,0.3012927105165595,3.264719760564919,4.0,1.0,-0.08122943324094985,-0.0657428251599802,0.3089420079201936,1.6907484982032217,4.0,1.0,-0.08935393198385613,-0.05476798830161834,0.3027131543093338,1.6573199821391418,4.0,1.0,1.0,0.0,0.0,0.0,1.0,0.0,0.0,0.0,1.0,0.0,0.0,0.0,323
-0.11536314639990299,-0.0132290350421184,0.27189980140457254,8.430005592179114,4.0,1.0,-0.12534128876048414,-0.03272395626164952,0.2754557252917784,22.70995044872753,4.0,1.0,-0.1266558052701447,-0.0543304020073475,0.28193228888739913,36.287418949865796,4.0,1.0,-0.1286951420598139,-0.07549271843674252,0.2914691450845643,34.78359726293422,4.0,1.0,-0.1265002821252969,-0.0856085502331274,0.3140152131521918,41.24028911306732,4.0,1.0,-0.12262481466104265,-0.08418975157482714,0.2772202900271951,17.58722346925272,4.0,1.0,-0.11947348225539656,-0.09705233459916326,0.30224966054955144,20.07302854045382,4.0,1.0,-0.1178716106638866,-0.08193359281168246,0.30850314827157715,21.387812060692426,4.0,1.0,-0.11821022256348304,-0.0641838450706946,0.3050136854488576,22.11205921205199,4.0,1.0,-0.11160042641752171,-0.08789828838669743,0.2853010767892116,4.320709620318157,4.0,1.0,-0.10750890746704153,-0.09406662301988562,0.3106004838091707,2.4682218044071753,4.0,1.0,-0.10787940786286175,-0.07927594547508997,0.3163687071787557,6.442261586314864,4.0,1.0,-0.11073904531554671,-0.0626856767031865,0.3097703619530172,12.18795200562505,4.0,1.0,-0.09977331999350891,-0.07572125337085561,0.29489768414222595,24.414718973095113,4.0,1.0,-0.09670683867368854,-0.08811142493470991,0.3156401734154396,17.032954653857047,4.0,1.0,-0.09904986693916781,-0.0756672041113937,0.32201022605605034,12.857489855422989,4.0,1.0,-0.10535780156626688,-0.05791150554951545,0.3138417827396376,8.851675837087285,4.0,1.0,-0.0902043449914498,-0.06415545763447031,0.30423407080203,37.57336501419567,4.0,1.0,-0.08715238339520331,-0.07525084729386058,0.31851226965867174,32.76792464937067,4.0,1.0,-0.09059233692215517,-0.07498576780277681,0.32534887153304876,32.33027431562308,4.0,1.0,-0.09809601839279938,-0.07180137045752083,0.32210030556494024,43.301811227157955,4.0,1.0,1.0,0.0,0.0,0.0,1.0,0.0,0.0,0.0,1.0,0.0,0.0,0.0,324
-0.11569457579326245,-0.01294019273165355,0.2731189907120858,5.7654709774070545,4.0,1.0,-0.12535078708759637,-0.033027231422489374,0.27614203097919127,22.635927990251737,4.0,1.0,-0.12641410730929978,-0.05543711500526745,0.28431416750919286,34.94817025609957,4.0,1.0,-0.12803935097071428,-0.07692036522535894,0.2945770624577529,33.84097513360215,4.0,1.0,-0.12505478887936247,-0.08748065075752942,0.3176777488414394,37.921361851697455,4.0,1.0,-0.12274902842917712,-0.08547945226891367,0.27787716954809366,17.786474302886678,4.0,1.0,-0.1189367869477943,-0.0996939403911517,0.30233930630474876,19.45568040162992,4.0,1.0,-0.11628745180050727,-0.08625988679884833,0.30933998320025546,22.33244743574801,4.0,1.0,-0.11510012257824466,-0.06932036815390041,0.3065194260520341,26.056843117922252,4.0,1.0,-0.11187544254421718,-0.08925985776653815,0.2862154003771091,4.256505620660997,4.0,1.0,-0.10720612220422401,-0.09685464891146615,0.31135694044979406,3.1258926257476958,4.0,1.0,-0.1069295527988044,-0.08297558750769539,0.31749788820861163,7.716711316676411,4.0,1.0,-0.10886083068731563,-0.06693765389268556,0.31153613635939587,15.232012168791258,4.0,1.0,-0.10010092201605197,-0.07683911358847154,0.29604468017703295,23.64829770608691,4.0,1.0,-0.0969442684953101,-0.09009123145140334,0.3166323118304393,17.04890765068651,4.0,1.0,-0.09870347396791485,-0.07814693679340678,0.32346660333775723,13.708790900888262,4.0,1.0,-0.10420494476681245,-0.06054218566597427,0.315927664002722,11.50820851771805,4.0,1.0,-0.09060342936700565,-0.06501080868258681,0.30552397797690445,36.65885032179045,4.0,1.0,-0.08808648050772934,-0.07653130033359146,0.31965803997112935,32.286970884435995,4.0,1.0,-0.09142441094433414,-0.07595946902627436,0.3266139329453944,32.38487099787954,4.0,1.0,-0.09905286532357888,-0.07133503005455814,0.324149820496095,41.870157608615074,4.0,1.0,1.0,0.0,0.0,0.0,1.0,0.0,0.0,0.0,1.0,0.0,0.0,0.0,325
-0.1161461318210288,-0.012600696843789696,0.2736248308287623,5.6192588104997,4.0,1.0,-0.12658205641222353,-0.03288476301546775,0.2757771470586536,22.438447362720368,4.0,1.0,-0.1265457709873809,-0.05537271828781546,0.2866180067266898,33.0545491400658,4.0,1.0,-0.12684962487631585,-0.07680660802773462,0.2981996300121328,33.59799624359201,4.0,1.0,-0.1234604000465223,-0.08904550094634532,0.32236742568337085,35.767339200403235,4.0,1.0,-0.12408208848766562,-0.08548442025489184,0.27633631963308003,16.69270018018782,4.0,1.0,-0.1209554995368053,-0.10084472701235003,0.3002779377315704,17.16362960758599,4.0,1.0,-0.11875884035174522,-0.09067555717082747,0.3115835687004563,20.352483221570733,4.0,1.0,-0.11788079455287656,-0.07489159523355338,0.3143458444789527,26.588498313558077,4.0,1.0,-0.11311506717996696,-0.08933336872347752,0.2850704854085173,5.1192036235494385,4.0,1.0,-0.10874159776734867,-0.10053706421428867,0.31042300692970787,3.2878364674864833,4.0,1.0,-0.10808363032377105,-0.08947107657702824,0.31975535734046134,7.472627149326956,4.0,1.0,-0.10927118237588995,-0.0741707194455538,0.3177215419155811,15.911147213602963,4.0,1.0,-0.10130256651254937,-0.07696397336572854,0.29567439846191224,23.754833342671958,4.0,1.0,-0.09832812920534721,-0.09259536798554927,0.31545764173744595,17.912330000156537,4.0,1.0,-0.09891812001796806,-0.08546496861484275,0.3273256580777436,13.789875764708992,4.0,1.0,-0.10297097315703474,-0.06999135918133971,0.3258991306906621,10.417062312588584,4.0,1.0,-0.09187541920737409,-0.0651933825135137,0.30584333024942223,36.341843932544975,4.0,1.0,-0.09013734870753659,-0.07648441990428292,0.319062133877118,32.2984500038872,4.0,1.0,-0.09234770796238283,-0.07755648023860799,0.32958104015661377,27.725970908412144,4.0,1.0,-0.09884545812302943,-0.0747557175031462,0.3337763832990372,32.37415084304483,4.0,1.0,1.0,0.0,0.0,0.0,1.0,0.0,0.0,0.0,1.0,0.0,0.0,0.0,326
-0.11654662259883529,-0.013292592217789204,0.2729839634991826,5.360630058559731,4.0,1.0,-0.13707253386865081,-0.03446265176160909,0.28725616063528353,4.431038473878769,4.0,1.0,-0.14044811463008858,-0.056634532493253155,0.3036813691790981,7.6435364313498875,4.0,1.0,-0.13986573467541674,-0.07863103847428939,0.31561880193294534,10.931064552555673,4.0,1.0,-0.12820003876977418,-0.10119995470976566,0.33446820643541153,12.384289684629156,4.0,1.0,-0.12937536340005634,-0.0891265489237744,0.28346059895682435,3.3367588301728333,4.0,1.0,-0.12378225902124539,-0.10797391286357705,0.3066271793964556,4.064740975825991,4.0,1.0,-0.12269832612353664,-0.09837217867654639,0.31920507094913436,5.78840210999052,4.0,1.0,-0.12307024213209021,-0.08300176555520952,0.3242435620622017,12.330746079505102,4.0,1.0,-0.11027644077720238,-0.09240373482895654,0.2825762366906999,5.295705166832835,4.0,1.0,-0.10713918257176286,-0.10248651766333657,0.30892352145507446,3.3140250220115526,4.0,1.0,-0.10878343871876647,-0.09105071678676249,0.32031921662818214,9.421158017441352,4.0,1.0,-0.11256512602614249,-0.07553450118492956,0.32285022176644085,16.42573018916633,4.0,1.0,-0.09243672628211923,-0.0789507239396273,0.28497533462823393,4.706640800423036,4.0,1.0,-0.09234248688061707,-0.09251380922086627,0.30818030823536763,3.4171458052727806,4.0,1.0,-0.09562392476203689,-0.0840913158582389,0.3253035650583588,7.036030528998764,4.0,1.0,-0.10213759026473052,-0.06916469348201526,0.3342342567668655,12.079680107650177,4.0,1.0,-0.0796841402069467,-0.06649650860015895,0.2900320718582826,4.555046148046827,4.0,1.0,-0.08072681474053794,-0.07737371533636238,0.306334623511841,2.678764824958979,4.0,1.0,-0.08619974563542714,-0.07470753201265519,0.3211613782412297,4.287201831983874,4.0,1.0,-0.09499033187494804,-0.0648306699595033,0.3309057920996209,6.677415889009993,4.0,1.0,1.0,0.0,0.0,0.0,1.0,0.0,0.0,0.0,1.0,0.0,0.0,0.0,327
-0.1176055148066132,-0.013772160059579128,0.2729936971837456,6.243254812864905,4.0,1.0,-0.13815089877997996,-0.03527906727186824,0.2868499576639741,6.746878663795591,4.0,1.0,-0.1407195059312992,-0.05730969721558511,0.30392524991967546,9.651448927580644,4.0,1.0,-0.13947411053111436,-0.07913415672020234,0.31651239780041357,13.243641738418926,4.0,1.0,-0.1281445580310688,-0.10177877643024552,0.3357117650405344,15.024950218835164,4.0,1.0,-0.1296292495602356,-0.08969143368520843,0.2829676377199607,2.1799363388676944,4.0,1.0,-0.12339794521751794,-0.10885122384136026,0.30502696787743083,5.248090936273488,4.0,1.0,-0.12286938506827862,-0.1013490519048123,0.3199031129685541,4.641059945117631,4.0,1.0,-0.12438170692864703,-0.08762664396021168,0.32908279971512183,14.150502749869236,4.0,1.0,-0.11040381036339716,-0.09272447049531944,0.2824356503595952,3.9574876231010636,4.0,1.0,-0.10658998950077898,-0.10393961622490377,0.3087453655809487,3.484992046597412,4.0,1.0,-0.10868597814173493,-0.0938345710902636,0.32209673730987537,8.58764121032597,4.0,1.0,-0.11367160451020135,-0.07944681125063223,0.3294011985819861,15.539080627763324,4.0,1.0,-0.09270483386863464,-0.07917844955481264,0.2852527317221481,2.977395596150653,4.0,1.0,-0.09240212495308553,-0.09271346302836629,0.3084013937373036,3.67332025421156,4.0,1.0,-0.09563285237036175,-0.08550387711279107,0.3267809386310508,7.229966266749425,4.0,1.0,-0.10282604454304042,-0.07210897659430505,0.34043156820849574,10.40314288179507,4.0,1.0,-0.08015949935728327,-0.06673786290056229,0.29063676217081963,2.9681807916654237,4.0,1.0,-0.08194865245078164,-0.07734858555496066,0.30719188421077764,1.8184544597374006,4.0,1.0,-0.08744455182519408,-0.07545119879629926,0.3225201261820669,3.7241403855249327,4.0,1.0,-0.09655466597592513,-0.06711047834464862,0.33635603343809073,7.397669664725981,4.0,1.0,1.0,0.0,0.0,0.0,1.0,0.0,0.0,0.0,1.0,0.0,0.0,0.0,328
-0.1179225846920847,-0.015153922287719071,0.27320317159115665,6.797803377596396,4.0,1.0,-0.13871534586521114,-0.036390572887495636,0.2865198895058454,5.407782177292494,4.0,1.0,-0.14106452221913196,-0.05801474596597918,0.3038798347644449,8.279900930231515,4.0,1.0,-0.13975821462333254,-0.0795132471389162,0.31671923532384366,11.607944940854248,4.0,1.0,-0.1285901885537456,-0.1011984233153761,0.33646927915785085,13.12806688997413,4.0,1.0,-0.13027989966590306,-0.0907303076896665,0.2819996455423083,2.8792580273226163,4.0,1.0,-0.12452581488861994,-0.10988816520931259,0.30403090670757293,5.264443639093899,4.0,1.0,-0.12397807259576892,-0.10188695810781147,0.3187149183761254,4.439464516845667,4.0,1.0,-0.12576833534561205,-0.08708379697170847,0.32709381729082454,11.751476945574124,4.0,1.0,-0.1110603125665155,-0.09397606037832293,0.2816333722214161,4.5844771692272275,4.0,1.0,-0.10741281078419183,-0.10583637358038017,0.3082125524500586,2.987276452040558,4.0,1.0,-0.1096033919443954,-0.09520004283478001,0.32086963655873113,8.353784896391454,4.0,1.0,-0.11501458576008808,-0.0798430178359438,0.3268905176423125,13.510735448212454,4.0,1.0,-0.09342272406254802,-0.08063686643435686,0.28484413486752524,3.0730365904354544,4.0,1.0,-0.093225120324319,-0.09433110586264112,0.3081589191049997,4.37737455060036,4.0,1.0,-0.09649213682947101,-0.08736952687263173,0.32690001360142806,6.786825593552568,4.0,1.0,-0.10387288742103329,-0.07394221360085541,0.3410644522472746,8.380845426642685,4.0,1.0,-0.08093936851184366,-0.0683494007075435,0.2905923724402446,3.404028696160644,4.0,1.0,-0.08301350512122463,-0.07904910511940372,0.3071974150633524,2.6667260589661153,4.0,1.0,-0.08855774572241999,-0.07779487895518825,0.32274774066407397,3.058203890737825,4.0,1.0,-0.09785720310725089,-0.0699937254258083,0.3379069678357573,6.320705086374243,4.0,1.0,1.0,0.0,0.0,0.0,1.0,0.0,0.0,0.0,1.0,0.0,0.0,0.0,329
-0.1186121762795707,-0.0156539957912586,0.2712353469479622,6.942731041619952,4.0,1.0,-0.13961853093599014,-0.0368296647337345,0.2847627642036456,7.7207995026168,4.0,1.0,-0.1422451145650057,-0.058350955497088054,0.30251065969574714,10.2620572954555,4.0,1.0,-0.1411483710787867,-0.07986317889309291,0.3159312945731699,13.83128770004019,4.0,1.0,-0.12964885960658593,-0.10183490962785838,0.33597559564371643,14.736515046185708,4.0,1.0,-0.13183374521506322,-0.09126555556463631,0.28104405839068053,2.1065925096842957,4.0,1.0,-0.1248751823058446,-0.11166900286230541,0.30266852890200285,3.852261806597596,4.0,1.0,-0.12388585700700601,-0.10381667512431403,0.31703130224823217,5.176048840695999,4.0,1.0,-0.12599183824745053,-0.0887901034470391,0.32648616573584827,9.501254903236132,4.0,1.0,-0.11260084266909327,-0.09480334606856868,0.280954913928541,3.837748134170258,4.0,1.0,-0.1083886454413997,-0.10720376982791269,0.30748888888551734,3.8116977546165045,4.0,1.0,-0.11017990485125287,-0.09696654047804305,0.32045046504412766,8.93658314756826,4.0,1.0,-0.11550672123335329,-0.08210023754979487,0.328747863526546,14.398680027397774,4.0,1.0,-0.09470392555707752,-0.08171666672258554,0.2841585296129215,2.758973001753149,4.0,1.0,-0.0944763827308111,-0.09547796443524544,0.30777944680320973,4.771051131710644,4.0,1.0,-0.0970465387632208,-0.08980229781712216,0.32757451786159997,6.9590838764638825,4.0,1.0,-0.10340602096578541,-0.07806607056884912,0.34471631200041825,9.331316699272703,4.0,1.0,-0.08205277456182157,-0.0695954158856236,0.2898678182546194,3.041146190389698,4.0,1.0,-0.0842786197991149,-0.08070938623059085,0.3063858417563471,2.6544168612259433,4.0,1.0,-0.08937884325248244,-0.08080808210614389,0.3221865340002316,2.751380613414793,4.0,1.0,-0.09832179436233869,-0.0749922528853109,0.33918411594470815,5.996599733303527,4.0,1.0,1.0,0.0,0.0,0.0,1.0,0.0,0.0,0.0,1.0,0.0,0.0,0.0,330
-0.121253456070621,-0.01617026326069527,0.27137960210687523,6.598865442366529,4.0,1.0,-0.13324689602950382,-0.037169605987562034,0.2733494318880093,17.428943844749384,4.0,1.0,-0.13400660787496999,-0.05881769179720461,0.2892262392711668,23.638108421884873,4.0,1.0,-0.1325222517123421,-0.07993753428880424,0.30173509172452995,26.83960258960979,4.0,1.0,-0.1243265452113081,-0.10074082123013944,0.32531568555177076,24.705145776823674,4.0,1.0,-0.12833297514007314,-0.08850958714481587,0.27234263094684824,15.688388896996416,4.0,1.0,-0.1226294092303399,-0.10792455133636028,0.2957469278960641,15.21915708348942,4.0,1.0,-0.12043024467978834,-0.10293535816368451,0.3101765439192667,10.97322487975532,4.0,1.0,-0.1211663534760055,-0.09398885970565438,0.32194399079624086,10.986726124172641,4.0,1.0,-0.1160532838999564,-0.09214922341119676,0.28117845936179525,6.538944128717947,4.0,1.0,-0.10959591427312533,-0.10585335207950135,0.3059430592822591,4.67890157619924,4.0,1.0,-0.1089733779397853,-0.1000632469510746,0.31868919413482066,8.585146015083394,4.0,1.0,-0.11151760875684864,-0.0919331970363779,0.32949977049398127,13.189117347106318,4.0,1.0,-0.10382651758985224,-0.0800417626037729,0.2925396270402308,19.814704152903904,4.0,1.0,-0.09988413271313956,-0.09472697479078435,0.31235773334228717,15.6209194671515,4.0,1.0,-0.09936046706875729,-0.09161008038442545,0.3302566241843744,10.323610680840424,4.0,1.0,-0.1023207938095709,-0.08318993722587219,0.345844707295452,12.403822369778995,4.0,1.0,-0.09450275253029974,-0.06869788383098302,0.30350836053777164,31.214072880299906,4.0,1.0,-0.09376884047237216,-0.08012707739260093,0.31645764794072206,25.743298324587585,4.0,1.0,-0.0955035706833465,-0.08276934716841647,0.3289314838055762,17.410043814394584,4.0,1.0,-0.09994252845653906,-0.0819089685530885,0.3438926286778693,8.86265163037545,4.0,1.0,1.0,0.0,0.0,0.0,1.0,0.0,0.0,0.0,1.0,0.0,0.0,0.0,331
-0.12300046258082466,-0.018230986750096392,0.2676663906161734,9.689086365021666,4.0,1.0,-0.13982590422371738,-0.03739382716091757,0.2732024925557815,12.427997286341617,4.0,1.0,-0.14119353862593473,-0.05815054624699098,0.29087983643816157,15.483547419894265,4.0,1.0,-0.14036587489034483,-0.07805923375482139,0.3047145308583973,18.204549419081186,4.0,1.0,-0.13277502216975204,-0.10018483230626944,0.32608468018825815,18.87499901969249,4.0,1.0,-0.13068751241676968,-0.0875204987341253,0.2685841411375635,14.243797873725967,4.0,1.0,-0.12593107525145877,-0.10617630307532092,0.2922493803091153,12.416265545033557,4.0,1.0,-0.12453227830966247,-0.10173971268318938,0.30698072548803995,13.143616677700717,4.0,1.0,-0.12375406254365855,-0.09281994158762456,0.31791735441944396,26.166675728702884,4.0,1.0,-0.1148114344708153,-0.0919383989412147,0.27425632694327007,6.400901268140137,4.0,1.0,-0.10985037629051858,-0.1071942037242873,0.29882125943218074,4.820251407148718,4.0,1.0,-0.1094401224827621,-0.10542146653205983,0.3130566697327874,11.590128937839765,4.0,1.0,-0.11109899623229275,-0.10272778319732193,0.3240235922151932,29.006181758565,4.0,1.0,-0.10095507211842165,-0.08111273466733986,0.2836067368814948,8.987220174417423,4.0,1.0,-0.09730605204443761,-0.09770269437851493,0.30347897393642265,4.209533947746132,4.0,1.0,-0.09461819127678227,-0.10613910047242618,0.32388450220300163,5.718052721335966,4.0,1.0,-0.09359966035158811,-0.11479027745072819,0.3431389058578217,8.181507319985126,4.0,1.0,-0.09133962283782421,-0.07079324805778216,0.2935463272206032,16.74962020233553,4.0,1.0,-0.09180098771023043,-0.08301094642707546,0.30678926077218494,11.214184681066122,4.0,1.0,-0.09261008010704407,-0.09127001236653327,0.3202950679618017,8.244676202738095,4.0,1.0,-0.09313054726535006,-0.10112687797243097,0.33641274920413067,7.082491989578276,4.0,1.0,1.0,0.0,0.0,0.0,1.0,0.0,0.0,0.0,1.0,0.0,0.0,0.0,332
-0.1238675088984135,-0.018664520208515074,0.26674956663235094,8.578923231781202,4.0,1.0,-0.13604171878326823,-0.04063167500534782,0.2646638957295317,19.532710848646786,4.0,1.0,-0.1343550332205961,-0.0631838998315053,0.27941643710837827,24.473151833686074,4.0,1.0,-0.1321414316658448,-0.08424066468295624,0.2920266270499302,25.434437759988278,4.0,1.0,-0.12543192448759538,-0.10570967606700273,0.313374495910991,22.747357826922443,4.0,1.0,-0.1313816055291716,-0.08956778878877174,0.26315863852078947,12.439620522851165,4.0,1.0,-0.12577148226580476,-0.10927283945186805,0.2847976459281793,10.40051536255,4.0,1.0,-0.12253592150289838,-0.11330178991978548,0.30132043629694577,9.907204002297583,4.0,1.0,-0.11956317383809317,-0.11887674126029024,0.3169010151930876,18.992316681257122,4.0,1.0,-0.1195329605242251,-0.09218900118862468,0.2737401063129573,8.926288898503273,4.0,1.0,-0.11370039710808257,-0.10805734820724354,0.2964630974130319,7.550699243399439,4.0,1.0,-0.11194345502799972,-0.10461801030527504,0.3085163211246826,12.37680312146283,4.0,1.0,-0.11087420156751322,-0.09918544232896147,0.3156876801746411,26.44096175063131,4.0,1.0,-0.10793746117796424,-0.08003955671408158,0.2869206675614226,24.807730641436578,4.0,1.0,-0.10373325899472559,-0.09788381108309199,0.30424133858417857,19.28153316919064,4.0,1.0,-0.0987656232135036,-0.10489804486686052,0.3200910612776271,17.830706614833403,4.0,1.0,-0.09463640960764227,-0.10967415025895852,0.33153153599008206,25.62456087060768,4.0,1.0,-0.09924874076005348,-0.06894431146279975,0.2989620663062917,34.709857331382864,4.0,1.0,-0.10008117010195103,-0.0809286171813317,0.310340228934651,30.7221628804179,4.0,1.0,-0.09977278919229579,-0.08949948344327167,0.32119343098493297,26.514981493574588,4.0,1.0,-0.09811380508280584,-0.10053838446931095,0.33304436014632843,20.225473349729754,4.0,1.0,1.0,0.0,0.0,0.0,1.0,0.0,0.0,0.0,1.0,0.0,0.0,0.0,333
-0.12589287535537527,-0.019505715156354304,0.2641194788441438,10.806099666995518,4.0,1.0,-0.1381563457938229,-0.0411456612396403,0.2626115474455067,18.841070391770053,4.0,1.0,-0.13618681031066526,-0.06394942044313943,0.2768272124542477,24.652356446620807,4.0,1.0,-0.13343483664717262,-0.08537613987130585,0.2888926388819191,26.339383591187925,4.0,1.0,-0.12674159275911107,-0.10771604194207972,0.30935452261465923,22.86317447675152,4.0,1.0,-0.13281019671490532,-0.09073918307236079,0.2600629444497094,13.206379302771701,4.0,1.0,-0.1266974030626123,-0.11091519669681199,0.28123919877742226,10.738929608993656,4.0,1.0,-0.12373055725986754,-0.11510700318926452,0.29771617712187093,10.121141331351582,4.0,1.0,-0.12149704559288976,-0.11996127474371275,0.31312705388254025,20.07896142888186,4.0,1.0,-0.12088917061803081,-0.09386472146004007,0.2700935352900662,8.912341215223284,4.0,1.0,-0.11523113361400678,-0.10996618276829874,0.293178141078418,7.897111343743042,4.0,1.0,-0.11391497194641886,-0.10569544849205319,0.30546460181204327,12.281932822942009,4.0,1.0,-0.11382071681016315,-0.09869396606598818,0.3129256300787597,26.97198715824609,4.0,1.0,-0.10939121726134034,-0.0820264075954689,0.2829967136264554,24.023243651476207,4.0,1.0,-0.10572346789771941,-0.09984779624678962,0.3007202574706231,19.84493307492438,4.0,1.0,-0.1008029901504686,-0.10645798292024723,0.31610436623228566,21.552987009628822,4.0,1.0,-0.09651981468529769,-0.11126097211907725,0.32644658156030015,35.36068769771008,4.0,1.0,-0.10083234883804412,-0.0711242038242284,0.2949429898313487,34.30878807247848,4.0,1.0,-0.10189292377347021,-0.08339036587525296,0.3062880300293398,30.246695265819305,4.0,1.0,-0.10147266863943095,-0.09265663420054258,0.3171318246299402,26.52613710860785,4.0,1.0,-0.09981889516291746,-0.10485317095262667,0.32879362595665745,21.98353236919723,4.0,1.0,1.0,0.0,0.0,0.0,1.0,0.0,0.0,0.0,1.0,0.0,0.0,0.0,334
-0.12768691035648946,-0.021438498125764156,0.26683875167123267,7.524669035375727,4.0,1.0,-0.13977901414560784,-0.04342026716319416,0.2640251779598696,18.25692356397668,4.0,1.0,-0.1377483304163804,-0.06588951640046421,0.27895187174565583,21.71324675039746,4.0,1.0,-0.1352283463566362,-0.08687458243083762,0.2910803552548002,21.557550871372946,4.0,1.0,-0.12841172332073922,-0.10933847300452454,0.3114254229696983,19.45716106797748,4.0,1.0,-0.13398334351987615,-0.09179523505559418,0.2611218527565283,12.079878833852714,4.0,1.0,-0.12748777133196232,-0.11093472655108408,0.28041251801020195,10.549979973538049,4.0,1.0,-0.12477849304924489,-0.11732360335469447,0.2984045014678247,13.573001481514904,4.0,1.0,-0.12254819721096531,-0.12522373483811558,0.3165023211008059,21.618479279885385,4.0,1.0,-0.12199807194079601,-0.09446408301944174,0.2716918842921531,9.011201722324955,4.0,1.0,-0.11600490068581804,-0.11114293846708956,0.2946722842332396,7.576854938192254,4.0,1.0,-0.11505480824104683,-0.10808844790797686,0.30750083787114046,11.38183475262607,4.0,1.0,-0.11546059588082236,-0.1030696946537809,0.31647389135939386,21.79529477042373,4.0,1.0,-0.11067085679816897,-0.08258711409775134,0.2852723182230389,24.432305692220012,4.0,1.0,-0.10682983825872086,-0.10065559672158121,0.3025929864410888,20.50751523810871,4.0,1.0,-0.10150945708044234,-0.1083231045186134,0.31782374145673703,21.08376620610656,4.0,1.0,-0.09674545428755058,-0.11518011578941377,0.3280788381195199,30.056545777889784,4.0,1.0,-0.10228082141678131,-0.07180803118108815,0.29766263210270477,34.09136298308462,4.0,1.0,-0.10295973553721569,-0.08382398201987042,0.3080723549723923,29.5720613496303,4.0,1.0,-0.10204423731491498,-0.09305143043312711,0.3178656279693523,25.77864415167376,4.0,1.0,-0.09940054764550833,-0.10572016189383841,0.3280713516024266,22.15475396491094,4.0,1.0,1.0,0.0,0.0,0.0,1.0,0.0,0.0,0.0,1.0,0.0,0.0,0.0,335
-0.12596301986757022,-0.023788218631188303,0.26790735422949696,12.403876145248447,4.0,1.0,-0.13760986948748238,-0.04591379741089937,0.2687315892342654,19.057541395186245,4.0,1.0,-0.1352615448953669,-0.06762531774096751,0.28520235841796404,23.10244107513588,4.0,1.0,-0.13277386106088754,-0.08824818028214876,0.29831251293395133,23.116571451564052,4.0,1.0,-0.12551775937768186,-0.10900773409255751,0.32037869322175266,22.451250208518793,4.0,1.0,-0.13182318580399074,-0.09408419957426777,0.2710020673067324,13.29469778102392,4.0,1.0,-0.12488976412585781,-0.11207734057896607,0.2920503300432145,10.939617476410431,4.0,1.0,-0.12218159461423149,-0.11533293512322819,0.30909092916227926,10.96995993484073,4.0,1.0,-0.12067455216978996,-0.11991230564569368,0.3262621488178321,17.800244512693077,4.0,1.0,-0.11977366017091082,-0.09593332399492627,0.28110548162504717,9.008086726217563,4.0,1.0,-0.11326721052161634,-0.1109965588571694,0.30511255598776693,6.723841581663082,4.0,1.0,-0.11150283254662341,-0.10776983504310475,0.3177570900479218,10.303222075813633,4.0,1.0,-0.11000446639131865,-0.1035106997139745,0.32744677946954287,21.35137048145659,4.0,1.0,-0.10835906740300523,-0.08316085263828414,0.29281968694225496,24.3083760568488,4.0,1.0,-0.10394423021842213,-0.10042668411157694,0.3117784107945385,19.698941964636347,4.0,1.0,-0.09767661844839444,-0.1074306394404371,0.3277252508885462,20.085393436182734,4.0,1.0,-0.09162538288727759,-0.11308157476058281,0.33848875094359193,28.39642254916214,4.0,1.0,-0.09989358520012694,-0.07168546707904255,0.30369762938141054,34.45037865366057,4.0,1.0,-0.10046618436890872,-0.08337042113871303,0.3158065435119457,30.14625737563005,4.0,1.0,-0.09962472460706173,-0.09180613866685676,0.32740441943549103,25.875618829678448,4.0,1.0,-0.09756647000429162,-0.10306100271636276,0.34022045854380617,19.831159553409915,4.0,1.0,1.0,0.0,0.0,0.0,1.0,0.0,0.0,0.0,1.0,0.0,0.0,0.0,336
-0.12378748476551041,-0.022888147212841048,0.27762158424346034,10.95189464790224,4.0,1.0,-0.13504504299680337,-0.04469805243104957,0.2808617130013261,19.007991989824177,4.0,1.0,-0.13092858231847013,-0.06650233594031735,0.29792163848604586,24.247135344233293,4.0,1.0,-0.1269290905123304,-0.08737061477413278,0.311693513346356,25.225213359883853,4.0,1.0,-0.11684153956405598,-0.10844340843797565,0.33440650166523783,23.53251360055966,4.0,1.0,-0.12740930248532337,-0.09425798559094971,0.28465370682383334,14.252617471837512,4.0,1.0,-0.11948739605371142,-0.11161790445909807,0.30771394448275463,11.510447084812494,4.0,1.0,-0.11680071165934135,-0.11119006980844785,0.3243497948855661,10.392280135294863,4.0,1.0,-0.11523525758873777,-0.10964780167513846,0.34062313033387104,13.742111745105872,4.0,1.0,-0.11481157262088564,-0.09610436303796456,0.2941039095262595,6.683469000255808,4.0,1.0,-0.10764464216950913,-0.10991755522650434,0.3197335446231001,6.275884625122977,4.0,1.0,-0.10665385769266174,-0.10554178749601735,0.3330514426249446,10.639850886230631,4.0,1.0,-0.10629913499266355,-0.0992217784001815,0.3433884132825361,20.38390282134694,4.0,1.0,-0.10330545274414153,-0.08281284259664132,0.3047426520122171,21.818200210346365,4.0,1.0,-0.09739906332750649,-0.0993558457495968,0.3249738418900335,18.560317219390914,4.0,1.0,-0.09045596268556985,-0.10340297197544963,0.3412537766271574,21.690079874597206,4.0,1.0,-0.08346139183895923,-0.10649596814903733,0.3520831067640879,29.112121729783766,4.0,1.0,-0.09478522914145289,-0.07082646984918761,0.31483758994688,32.045604818892194,4.0,1.0,-0.0938900284735496,-0.0820855372737825,0.32840761723340006,28.737192144251466,4.0,1.0,-0.09202100629153465,-0.0900834868933861,0.34111352131266853,25.88628422744695,4.0,1.0,-0.08869868811635824,-0.10090552604225075,0.35480555155172194,22.598920218320153,4.0,1.0,1.0,0.0,0.0,0.0,1.0,0.0,0.0,0.0,1.0,0.0,0.0,0.0,337
-0.12411645423776844,-0.021036113658077133,0.2811958318475343,12.088810727690289,4.0,1.0,-0.135325138228305,-0.04243268309745779,0.28577365805662674,19.138513602944904,4.0,1.0,-0.13076141817200826,-0.06334416422554817,0.3036186488210618,23.020537609384306,4.0,1.0,-0.12631355195815222,-0.08350428253725721,0.3182896991761795,23.755569309069642,4.0,1.0,-0.11537883747528764,-0.10454719897242792,0.3411284581036448,19.422565969481624,4.0,1.0,-0.1278843661024199,-0.09202827117827313,0.28996153668891883,13.978872096186699,4.0,1.0,-0.11975700409456193,-0.1104100604713645,0.3131411824284353,10.622190422101909,4.0,1.0,-0.11647590288398615,-0.11167294635476795,0.3295406877476937,7.257947634923214,4.0,1.0,-0.11381822502214223,-0.11212805615588414,0.34489015499798853,10.633654438190831,4.0,1.0,-0.11531868747822821,-0.09386579095735406,0.29864747059916164,6.959394870671839,4.0,1.0,-0.10796340412001101,-0.10807878893007865,0.32386846081136694,6.953206509695056,4.0,1.0,-0.10676822132420918,-0.10463747168890764,0.338665615161929,9.67230993127903,4.0,1.0,-0.10599422629300424,-0.09912183534101146,0.3504711673292547,21.263491479292654,4.0,1.0,-0.10380884531211175,-0.08053673704360852,0.3083547869644134,21.799235019616585,4.0,1.0,-0.09812003696174104,-0.09708743246690732,0.328996326750867,19.127458591230447,4.0,1.0,-0.09133903728264633,-0.10138220864858592,0.34601164894721337,21.841007939062496,4.0,1.0,-0.0843886792053212,-0.10468225313154796,0.35760566976428276,30.098325407652794,4.0,1.0,-0.09522491995941373,-0.06845203717176432,0.3177868868342613,32.20354128537379,4.0,1.0,-0.09499465980235562,-0.0793765067481674,0.3315588390846066,29.566550902655816,4.0,1.0,-0.09416121956025372,-0.08646928195568875,0.3442689835212546,26.857052628086677,4.0,1.0,-0.09171526920905781,-0.0952918781677903,0.3578841077059185,23.029821891996214,4.0,1.0,1.0,0.0,0.0,0.0,1.0,0.0,0.0,0.0,1.0,0.0,0.0,0.0,338
-0.12488755497289045,-0.018240980305014778,0.2823081547963119,13.621426349182983,4.0,1.0,-0.13670150302736586,-0.04016573428668498,0.28646835645700036,20.572426910003543,4.0,1.0,-0.13300669813256094,-0.06114616635080722,0.3047996648085844,23.490687678045912,4.0,1.0,-0.12905726869843223,-0.08127022427006977,0.3197905050646241,24.240376061738736,4.0,1.0,-0.11850246111027707,-0.10221518581779612,0.3425577183714375,21.666327780211528,4.0,1.0,-0.13056872691509996,-0.08966346671813447,0.29130491260547614,15.760368317174153,4.0,1.0,-0.12165011672260151,-0.10871426453375362,0.3143545674719908,12.819203313067668,4.0,1.0,-0.11680789051277883,-0.11242667042716169,0.3299172945849603,10.973208178686026,4.0,1.0,-0.11153953819591406,-0.11725018699037336,0.3430874887385855,22.543634833377993,4.0,1.0,-0.11807541302709831,-0.0912141373513303,0.30044639329933187,9.257574846648893,4.0,1.0,-0.11036140397699672,-0.10547477420003354,0.32589475483492125,8.699742855329053,4.0,1.0,-0.10908708325207947,-0.10067093164450468,0.3388897111163861,11.154167984077894,4.0,1.0,-0.10850017545605835,-0.09297921706394884,0.3474413808323118,21.484529201609895,4.0,1.0,-0.10622859940128836,-0.07760172365844889,0.31051456056911503,22.062214496100104,4.0,1.0,-0.10056837147218256,-0.09432230717730464,0.33085426069962215,19.62960550909894,4.0,1.0,-0.09331476765090134,-0.09844730843067118,0.34675161843005897,23.31118675499347,4.0,1.0,-0.08584851170415149,-0.10120408169140849,0.355946255414788,32.061131813610174,4.0,1.0,-0.09734729133699185,-0.06535091217335928,0.32017468545264643,32.101961541103385,4.0,1.0,-0.09751467449361423,-0.07626829257971753,0.3337714299026806,28.505285432182603,4.0,1.0,-0.0972521891523222,-0.08378947510953624,0.3464469797532698,25.24011291923052,4.0,1.0,-0.09550517299089477,-0.09382173907166992,0.3607339078546945,21.843509039778777,4.0,1.0,1.0,0.0,0.0,0.0,1.0,0.0,0.0,0.0,1.0,0.0,0.0,0.0,339
-0.12609212568531508,-0.017925346154204456,0.28496413478701077,10.605767498983173,4.0,1.0,-0.13799609645886582,-0.04041633148885608,0.2888442243446101,19.202425517476822,4.0,1.0,-0.13411160160925203,-0.061135111111698795,0.307335930106264,21.864402774481377,4.0,1.0,-0.13003446616161649,-0.08105918207424116,0.32216735809083025,21.812919146523093,4.0,1.0,-0.11964484548483519,-0.10235817994798808,0.345110030955165,20.14796090916169,4.0,1.0,-0.13160715202023018,-0.08931264274173603,0.2933860842017076,13.195384993719422,4.0,1.0,-0.1236830385942457,-0.10752140468408027,0.3161616577270657,10.579505888164917,4.0,1.0,-0.12036907365768079,-0.1082738715405867,0.3330256095089018,8.373937600345332,4.0,1.0,-0.11737152973411631,-0.10952946419867178,0.3491234984157527,11.15612035505349,4.0,1.0,-0.11903419745801577,-0.09035225901283907,0.3026027289161009,7.06670084986087,4.0,1.0,-0.11172880752230774,-0.10485563724552649,0.32740012109250355,7.890043329028872,4.0,1.0,-0.11071130726142016,-0.10178052152077734,0.34223589067847804,9.177328753533624,4.0,1.0,-0.11079080970067257,-0.09674188069156896,0.35389731337487457,19.788698563940763,4.0,1.0,-0.10721383539740019,-0.07643281212796058,0.3129213032880567,22.247783992806085,4.0,1.0,-0.10162957748989002,-0.09346185739414525,0.33321892855481355,20.102824569675015,4.0,1.0,-0.0944513485827962,-0.09925272788877113,0.3501446775767514,22.296685912387062,4.0,1.0,-0.08726038496441418,-0.10505347060287437,0.36190652242903715,27.925386111162293,4.0,1.0,-0.0983610904801739,-0.06407475452874875,0.3228007176020847,32.2512282064006,4.0,1.0,-0.09767623690552035,-0.07518135088506975,0.3358866063789471,28.225286059735716,4.0,1.0,-0.09622931965038033,-0.08311913888906278,0.3480819120757245,24.792802016487872,4.0,1.0,-0.09297129713670452,-0.09461558782047243,0.3618621585164527,22.197111766447463,4.0,1.0,1.0,0.0,0.0,0.0,1.0,0.0,0.0,0.0,1.0,0.0,0.0,0.0,340
-0.12676653763145923,-0.016625139466061332,0.28600631781463104,11.453549854562642,4.0,1.0,-0.13893675703057032,-0.03901373422731978,0.290304127985936,19.003161291247125,4.0,1.0,-0.13492619708645007,-0.06007450182719036,0.3089845101717207,21.507465896062136,4.0,1.0,-0.13063431640843357,-0.08020869432153192,0.32394244329633787,21.275585720014917,4.0,1.0,-0.11948630777497371,-0.10201985224186941,0.34650067566397114,18.30539463485544,4.0,1.0,-0.13215986242992633,-0.08878480977085912,0.29556271897049535,12.402359942158393,4.0,1.0,-0.12418823920283124,-0.10686589752446614,0.3186886690576652,9.433322393109332,4.0,1.0,-0.12069322434394991,-0.10881402594151547,0.3351173155379842,8.102908384519584,4.0,1.0,-0.11701509377137383,-0.11326352558556281,0.350780501985507,15.943602224148215,4.0,1.0,-0.11944241852713709,-0.08997909259060113,0.304889186469728,7.0657470789059,4.0,1.0,-0.11280414640619106,-0.10295626602920904,0.3303029958822565,9.674505793432814,4.0,1.0,-0.11223223423321671,-0.09828570169369173,0.3446144627917097,11.987471569090125,4.0,1.0,-0.11267187771114782,-0.09185562957647787,0.3561475111292785,24.21665850051383,4.0,1.0,-0.10763631567742417,-0.07598951135851012,0.31500734772853134,21.940969121332103,4.0,1.0,-0.10253937310239918,-0.09225320334578273,0.33593194575968305,20.859005622767718,4.0,1.0,-0.09583810871218316,-0.09750394326010335,0.35336636897979873,23.89764686068542,4.0,1.0,-0.08911341776038795,-0.10263358201109038,0.36604963217187264,31.11837152618436,4.0,1.0,-0.09887422946480405,-0.06341387659738525,0.3246936149457984,31.812943876304196,4.0,1.0,-0.09844608049711047,-0.07470082282726116,0.3380299124698701,28.430473923375203,4.0,1.0,-0.09719809729404445,-0.0820623581837659,0.3504363073204003,25.912245813109177,4.0,1.0,-0.09406264668254669,-0.09152715588852174,0.36388484072284083,24.539366956069458,4.0,1.0,1.0,0.0,0.0,0.0,1.0,0.0,0.0,0.0,1.0,0.0,0.0,0.0,341
-0.12698155889190252,-0.017666600242832294,0.2860925527769676,11.633214389100988,4.0,1.0,-0.13898302319518568,-0.04022912849453866,0.2912402445779514,18.88351046468388,4.0,1.0,-0.13501817422326773,-0.06131585353762623,0.3100473275090527,21.410872522928216,4.0,1.0,-0.1308432591598403,-0.08145462394282225,0.3251466393115013,21.3017409049799,4.0,1.0,-0.11956520363188848,-0.10282063931840565,0.34762699826607474,18.173179884427853,4.0,1.0,-0.13296403647732977,-0.09014597791241824,0.29670674004534736,12.531193765852073,4.0,1.0,-0.12511811234841239,-0.10813894746434585,0.32007029119220654,9.008560385033467,4.0,1.0,-0.12161456655645511,-0.10876863414010295,0.3364312713174395,6.628006438941359,4.0,1.0,-0.1186292996972916,-0.11032395717256888,0.351609605660808,12.294065482787234,4.0,1.0,-0.12043819507554177,-0.0911012128335179,0.305457274258742,7.5543798249835525,4.0,1.0,-0.11345406528755768,-0.10415146258943803,0.3308573801099374,10.133455094527228,4.0,1.0,-0.11233859611920079,-0.09987194900058137,0.3452086509355886,11.938258313582473,4.0,1.0,-0.11227359450636322,-0.09387864651380076,0.35621327870240904,21.588802693545105,4.0,1.0,-0.10856450608708444,-0.07686137805686441,0.3149174310156044,22.674626693515727,4.0,1.0,-0.1031107290107853,-0.09314586553386044,0.3361912223008046,21.572777425629756,4.0,1.0,-0.0961329388075289,-0.0983888730254342,0.35373014113631224,24.51463893143317,4.0,1.0,-0.08939379648281247,-0.10368164613614196,0.366588220418213,30.517311653255835,4.0,1.0,-0.09966689027418299,-0.0641650786448372,0.3241038077134507,32.87913562523613,4.0,1.0,-0.09950116581999234,-0.07524286586283589,0.3375559229478629,29.3067283995592,4.0,1.0,-0.099176332391701,-0.08233791311684145,0.3499072183991905,26.396940637234234,4.0,1.0,-0.09745675888495671,-0.09145124485156417,0.3643166234702832,23.601613558793545,4.0,1.0,1.0,0.0,0.0,0.0,1.0,0.0,0.0,0.0,1.0,0.0,0.0,0.0,342
-0.12737245452037213,-0.017993222794287604,0.28593077242387355,10.821441533909221,4.0,1.0,-0.13874408204163008,-0.040927607499226144,0.29123788668846273,19.507377495368793,4.0,1.0,-0.13483366493820537,-0.06184741120730228,0.310305233086468,21.302314937690085,4.0,1.0,-0.13084524476847964,-0.08191761311050078,0.325447861376122,20.982324780435636,4.0,1.0,-0.11932623862051947,-0.1038094717521705,0.3481275476203038,17.871557908589633,4.0,1.0,-0.13314299547059827,-0.09036193104875545,0.2965078885086647,12.997314023507897,4.0,1.0,-0.12522892372393563,-0.10851121251121483,0.3196470476992212,9.024384721659786,4.0,1.0,-0.12157060706990383,-0.10862245867187026,0.3357785603148548,7.075419656630599,4.0,1.0,-0.11821036826905172,-0.10971662117923488,0.35098562654572285,12.738401054989515,4.0,1.0,-0.12090471251070808,-0.09106703361541287,0.3049845043044653,8.128539873896464,4.0,1.0,-0.11369791912337537,-0.10467799264368452,0.32980612078248794,9.898813256225822,4.0,1.0,-0.11235878907696274,-0.10143177659362258,0.3442908710005186,11.384569769975851,4.0,1.0,-0.11219026924230176,-0.09693474259808878,0.3558500237072348,19.59208723891964,4.0,1.0,-0.10908066892604211,-0.0767139894790727,0.3142147934778472,23.389319968828925,4.0,1.0,-0.10335298512857564,-0.09337092371784406,0.3353548797267275,22.13038307787121,4.0,1.0,-0.09630627854436692,-0.09942192749143144,0.3531521878002569,24.112344998514857,4.0,1.0,-0.08935268813307973,-0.10612233496569679,0.3670159297961498,29.590247548429126,4.0,1.0,-0.10010847390539539,-0.0640487535441993,0.3232285970882718,33.70392133027115,4.0,1.0,-0.09961933098932597,-0.07509477183934465,0.3365782827863022,29.76476390156605,4.0,1.0,-0.09896825320975461,-0.08269347074575897,0.3489001040419863,26.175350933971814,4.0,1.0,-0.09679423844142403,-0.09338828239003882,0.3637931530109768,22.861418713558436,4.0,1.0,1.0,0.0,0.0,0.0,1.0,0.0,0.0,0.0,1.0,0.0,0.0,0.0,343
-0.12680143233219915,-0.0187341319936991,0.28484436218084763,12.023779255611196,4.0,1.0,-0.13863280935198022,-0.04101784704287485,0.2899618957077883,18.0371381671807,4.0,1.0,-0.1348078271193738,-0.06189674095886809,0.3087550654781527,20.795265811929294,4.0,1.0,-0.13090440525979663,-0.08200783297939158,0.3238519973675634,21.060751177727482,4.0,1.0,-0.12077772835365604,-0.10384578281598059,0.3466088094399757,19.12323984567034,4.0,1.0,-0.13252843326381808,-0.09056015802997903,0.2954665171432016,12.828902129879296,4.0,1.0,-0.12471977494030267,-0.108709000891228,0.3188481095923834,9.382238576441875,4.0,1.0,-0.12133660519937049,-0.10925110358904282,0.3352155077201473,7.688776288911901,4.0,1.0,-0.11828525659232635,-0.11056909329376174,0.3502532927070968,13.906388574088142,4.0,1.0,-0.1200247716176338,-0.09175808178674871,0.30429823433067354,7.34576389782419,4.0,1.0,-0.11305748272785449,-0.10544701694777835,0.3297983147922237,8.867733036510451,4.0,1.0,-0.11212311684086636,-0.10132071697123747,0.3440977040803701,11.101778733630153,4.0,1.0,-0.11203052129280826,-0.09535175437652964,0.35501388603501055,20.602783149189346,4.0,1.0,-0.10817941911596492,-0.07782319732540582,0.3138402267861506,22.322361373061536,4.0,1.0,-0.10267291475960466,-0.0942359293173253,0.33499253792363287,20.84282644867774,4.0,1.0,-0.0957418669866573,-0.09916702815164519,0.3524744492688953,23.72427497735042,4.0,1.0,-0.0885820660976492,-0.10406630372986875,0.3652003700066422,30.375910568396783,4.0,1.0,-0.09932114678173444,-0.06535838609272814,0.32310263724453575,32.593060785553945,4.0,1.0,-0.09883779867630052,-0.07622340760547636,0.336551731019204,28.84762255293145,4.0,1.0,-0.09781505719075848,-0.08355873622937555,0.34913082811070356,25.650169563901933,4.0,1.0,-0.09515841207566406,-0.09358707969459738,0.36351178507793397,22.641300707575414,4.0,1.0,1.0,0.0,0.0,0.0,1.0,0.0,0.0,0.0,1.0,0.0,0.0,0.0,344
-0.1263992328740925,-0.018708942641115497,0.28588184884112994,12.634413499258368,4.0,1.0,-0.1382575189687976,-0.04084726937859374,0.2908407530857409,19.679737684742868,4.0,1.0,-0.13462403139494483,-0.06148356985899426,0.3094847726048474,22.31567983469383,4.0,1.0,-0.13111314003345212,-0.08131201215751545,0.3244097457411016,22.422152043132446,4.0,1.0,-0.12118373164557741,-0.10268938999015388,0.34702650357000275,18.955363887751826,4.0,1.0,-0.13229915319608795,-0.08987848666985265,0.29578080838864573,14.617662666667677,4.0,1.0,-0.12440669652807564,-0.10850172272792709,0.31843703683601887,11.258529323770981,4.0,1.0,-0.12028493196070547,-0.11143545922048978,0.3348807536247112,9.542168254559659,4.0,1.0,-0.11622481377359027,-0.11522566223338797,0.34985447151676774,18.843201173416624,4.0,1.0,-0.1197645740682619,-0.09102196456479748,0.30435243574286325,8.730914295138053,4.0,1.0,-0.11304758942586442,-0.10469984604772055,0.3288362591351556,9.76692978442284,4.0,1.0,-0.11190591968176129,-0.10185229857482576,0.3436888065551148,11.374853763257509,4.0,1.0,-0.11152863882671046,-0.09727623421020402,0.35496780483711615,22.299333384395272,4.0,1.0,-0.10784630431306051,-0.07715714427370773,0.31384030044487393,22.754468068052063,4.0,1.0,-0.1024596299404801,-0.09362407757527874,0.33477625362602176,20.926439187424883,4.0,1.0,-0.09540852047929861,-0.09856648531998555,0.3521397733938959,23.798682252564465,4.0,1.0,-0.08810759083652336,-0.10340503968577694,0.3644292072007439,31.040526884579684,4.0,1.0,-0.09889492510143982,-0.06474113543247677,0.32311332009943344,32.77010687072295,4.0,1.0,-0.09842579978991149,-0.075671691267247,0.33682819579109313,28.861604140889327,4.0,1.0,-0.09765194815636236,-0.08328351122728361,0.34961407527124333,25.498065387151822,4.0,1.0,-0.09526376198983817,-0.09368065016846144,0.3644654198105058,21.887657238600504,4.0,1.0,1.0,0.0,0.0,0.0,1.0,0.0,0.0,0.0,1.0,0.0,0.0,0.0,345
-0.12625477882159986,-0.01901221731822919,0.28637257795557025,11.597881008660606,4.0,1.0,-0.13799857416312022,-0.04158935430676061,0.29123884112326376,19.51422890064548,4.0,1.0,-0.13405003539315283,-0.06255637855789657,0.30967146105244986,22.637448739687315,4.0,1.0,-0.13019478386323463,-0.08267340265989391,0.3245390179714681,22.732673388793156,4.0,1.0,-0.12036591653196334,-0.1038109651213104,0.3473819012498124,19.776887246765654,4.0,1.0,-0.13180083288823743,-0.09083271745615691,0.29641880215035543,13.636626917357141,4.0,1.0,-0.12399433350565517,-0.10902656291852744,0.31961062970017756,10.292941223244682,4.0,1.0,-0.12034639052476846,-0.11023219113624227,0.33591263054363857,7.648014220303225,4.0,1.0,-0.11708194783885893,-0.11179269660569642,0.3508045605940509,14.187990974466802,4.0,1.0,-0.11928517744635314,-0.09171086106156794,0.3051412158273959,8.042689575333597,4.0,1.0,-0.11248272406442858,-0.10528374798948954,0.32963869451969124,10.207587257275552,4.0,1.0,-0.11130547770277266,-0.1024242915176794,0.3444294450705812,11.633841935460362,4.0,1.0,-0.11116116000510586,-0.09817122239798508,0.35598420015501137,20.628385340890024,4.0,1.0,-0.10741746123144058,-0.07754127867309524,0.31466224585385544,22.98962557335416,4.0,1.0,-0.1020442502704702,-0.09418835255447756,0.33560369810188484,21.432251432738262,4.0,1.0,-0.09504823112653053,-0.09986343048560635,0.35329393938668097,23.859923262647634,4.0,1.0,-0.08809010504374093,-0.1058601694293667,0.36637819826650536,29.51140049672377,4.0,1.0,-0.09850611576018675,-0.06492607208191858,0.32392580648608255,33.12045544498847,4.0,1.0,-0.09800910494191774,-0.07612186747024095,0.33759649015751314,29.2071068376111,4.0,1.0,-0.09681817319806132,-0.08392379115609995,0.3503222977653987,25.927271732964485,4.0,1.0,-0.09397812559944209,-0.09440551447344016,0.36467152866616653,22.689517794931085,4.0,1.0,1.0,0.0,0.0,0.0,1.0,0.0,0.0,0.0,1.0,0.0,0.0,0.0,346
-0.126195645332569,-0.019640957113733617,0.2862094177257155,11.398153462661197,4.0,1.0,-0.1380777359324036,-0.0422499994535498,0.2907920946481906,19.170972057995705,4.0,1.0,-0.1340280320609965,-0.06315579773295123,0.3091144776948148,22.178281860278666,4.0,1.0,-0.13001059574730295,-0.08322176699785534,0.32378543994559017,22.38436946826355,4.0,1.0,-0.12089253539697802,-0.1044609825756433,0.34683513302908653,20.84133470667504,4.0,1.0,-0.13162011353648506,-0.09136871295355635,0.2962306943760876,13.128733630863973,4.0,1.0,-0.12411711863809552,-0.10936344666950645,0.3195599697864428,9.763224660080391,4.0,1.0,-0.12097619704367345,-0.10935469891077863,0.335846919791472,7.154824672707951,4.0,1.0,-0.11841340554631889,-0.10934265485205744,0.3510444814113734,10.921187727671677,4.0,1.0,-0.11905076419222818,-0.09227540514230019,0.30530586393526493,7.377021353104461,4.0,1.0,-0.11204898881360427,-0.1062169137717233,0.3306218715237087,8.17743807773076,4.0,1.0,-0.11091401842715347,-0.10285594160253109,0.34494142201113104,10.197554271167036,4.0,1.0,-0.11072095379797739,-0.09816463770057143,0.3563826449564094,19.330431627197644,4.0,1.0,-0.1072413654952,-0.07819111640400697,0.31511442809230217,21.953646014891714,4.0,1.0,-0.10182134177016726,-0.094812197065418,0.3360042989940226,20.463116096696638,4.0,1.0,-0.09494673526432594,-0.10037347877524588,0.353459438191165,22.988865859111883,4.0,1.0,-0.08796929600410618,-0.10608458359271607,0.36628968272264023,29.170673885595114,4.0,1.0,-0.09840106747303934,-0.06564829148110524,0.32457012969327725,31.83335413772114,4.0,1.0,-0.0976944592613385,-0.07695768788267543,0.33817436567719966,28.352000544621696,4.0,1.0,-0.09618663049638349,-0.08478761159992441,0.3506651941068621,25.506112388912747,4.0,1.0,-0.09285776290437042,-0.09525659156595408,0.3645365607284944,23.113446684765183,4.0,1.0,1.0,0.0,0.0,0.0,1.0,0.0,0.0,0.0,1.0,0.0,0.0,0.0,347
-0.12575044020017062,-0.017778510498670866,0.28654360673955376,11.021586442376563,4.0,1.0,-0.13821571941900107,-0.04069468500451225,0.29180933570475354,19.943608710619365,4.0,1.0,-0.1346553033503343,-0.062171548951040656,0.31006443920854876,22.43518536805452,4.0,1.0,-0.1308941099059518,-0.0827672134176614,0.32445671053264175,22.512969521397636,4.0,1.0,-0.12143670243456746,-0.10449997145981485,0.3473327888675821,20.693779117919405,4.0,1.0,-0.13204717360661403,-0.09094371129821825,0.2966299834095402,13.582607138475405,4.0,1.0,-0.12442958671261391,-0.1092296530999655,0.31921528091739565,9.982698499769187,4.0,1.0,-0.12086264472333785,-0.11067317368899891,0.33533167676084763,9.677582500083481,4.0,1.0,-0.11699285203896909,-0.11390345612553887,0.34987820510158807,20.471442205514577,4.0,1.0,-0.11941681634501453,-0.09175368418393483,0.3051818151336365,6.346824020197741,4.0,1.0,-0.11306946313926175,-0.10504811446670137,0.33021483973006815,9.868672806690686,4.0,1.0,-0.11217070108063834,-0.10092206809907527,0.34450597727366794,12.377079428383619,4.0,1.0,-0.11195287708275968,-0.09531958424072126,0.3555263788966086,22.419540061109995,4.0,1.0,-0.10747624602691896,-0.0772465487623795,0.3147025981670765,21.455679724727315,4.0,1.0,-0.10211900198484958,-0.0939825922224406,0.335885654675209,21.203439852283463,4.0,1.0,-0.09539751511372623,-0.09957635152129747,0.35394998461750604,24.387873445160764,4.0,1.0,-0.08856785805785107,-0.10518748695738132,0.3675070253969271,31.40115634863852,4.0,1.0,-0.09859334990410248,-0.06434304935312331,0.3241105812177292,31.75351600770388,4.0,1.0,-0.09820244780924993,-0.07584181469503301,0.3380902022606255,29.075148828964004,4.0,1.0,-0.0971429291405609,-0.0833557683957824,0.35079050400069156,26.619462230879027,4.0,1.0,-0.09415587202914699,-0.09283861358277282,0.3645384171681414,24.367874140352512,4.0,1.0,1.0,0.0,0.0,0.0,1.0,0.0,0.0,0.0,1.0,0.0,0.0,0.0,348
-0.12562355817628126,-0.018805450666985597,0.2846708229174147,11.67752535334223,4.0,1.0,-0.1383816286663025,-0.04110135362430388,0.28912460557528064,18.278867439087023,4.0,1.0,-0.1350690268438426,-0.06240740627847233,0.3077023174109025,20.97723567186818,4.0,1.0,-0.13120237921261715,-0.08292093360969784,0.3223302969864483,21.753205687516466,4.0,1.0,-0.12037971621953976,-0.10498564727878494,0.3450513249044579,18.529481368119495,4.0,1.0,-0.1316070906938787,-0.09140452118355756,0.2940700119370725,12.6107348922859,4.0,1.0,-0.12414503537257969,-0.11019033479650402,0.3172792247930666,9.893787163031947,4.0,1.0,-0.12094074861848209,-0.11136664389835141,0.333264511482715,9.389472133125395,4.0,1.0,-0.11756258634603971,-0.1145317293225766,0.3477782948421358,19.176514091356907,4.0,1.0,-0.11874423782156275,-0.0928380072417065,0.30334748767963177,6.2999714334773085,4.0,1.0,-0.11259005819171279,-0.10628799245425613,0.3289571771433605,9.500835793547358,4.0,1.0,-0.11195318175871583,-0.10046171268318774,0.34137695387659417,14.67991755418368,4.0,1.0,-0.11214183961941379,-0.09276560485648369,0.3496679470596514,24.15309027232076,4.0,1.0,-0.1068152625972356,-0.07892384041202671,0.31354122310062665,20.804848011325955,4.0,1.0,-0.1019552928601578,-0.09511215575043926,0.3345345929173076,20.787407984359884,4.0,1.0,-0.09578939354410908,-0.09998324303172133,0.3524451504282244,24.31125095255952,4.0,1.0,-0.08941178915508727,-0.10473270023770827,0.3660588546558994,33.279376689465586,4.0,1.0,-0.0980397634477446,-0.06640759949963546,0.3233636633136946,30.657595872803878,4.0,1.0,-0.09767141235508223,-0.07756210891596198,0.33684131336075673,27.916833360765715,4.0,1.0,-0.09657511622816363,-0.08465317529921519,0.3492267877156026,25.4280523215245,4.0,1.0,-0.09375801025905854,-0.09367004403376182,0.36277784784185785,23.88230452750706,4.0,1.0,1.0,0.0,0.0,0.0,1.0,0.0,0.0,0.0,1.0,0.0,0.0,0.0,349
-0.12601840379893128,-0.019510040070757524,0.2854930759033713,10.684983265917596,4.0,1.0,-0.13864707998100195,-0.04150655624309874,0.289477270776235,18.55936046842743,4.0,1.0,-0.13500980208899332,-0.06277536333834867,0.30725119774741716,21.791126494027985,4.0,1.0,-0.1311514421636649,-0.08310929024489476,0.32110543082643356,22.30056682703928,4.0,1.0,-0.12201174787932013,-0.10529013341856083,0.34349082006927245,20.53182828220792,4.0,1.0,-0.1318413601054006,-0.09141180230926477,0.2921402854222757,13.48806375292569,4.0,1.0,-0.12423167422236522,-0.1104777385202748,0.3141538537688277,11.264552477265788,4.0,1.0,-0.12042014404297946,-0.11397892830706437,0.33132597726736696,10.484590788536517,4.0,1.0,-0.11589613921502533,-0.11982285676290172,0.3477438668844341,18.997073155097393,4.0,1.0,-0.11895459493507762,-0.09310064359158182,0.300915552457152,6.245827984011644,4.0,1.0,-0.11266312159034524,-0.10668938225027325,0.32542025353422926,9.458819448963684,4.0,1.0,-0.11170310213575212,-0.1030271770976396,0.34059858202209475,13.178890441436439,4.0,1.0,-0.11141525499669672,-0.09769544786052253,0.3523455730885354,26.426408170485807,4.0,1.0,-0.10700948191049614,-0.07957529390268912,0.3113134393437395,20.64749869988924,4.0,1.0,-0.10190222773496468,-0.0958722600851195,0.3317525549078624,20.09944206742282,4.0,1.0,-0.09540691639538629,-0.09996221172006442,0.34903248439130885,24.028472609685995,4.0,1.0,-0.08855032103609553,-0.1034025934744086,0.3610383369430512,32.87708530337594,4.0,1.0,-0.09816494913781444,-0.06739563131698205,0.3214209206673082,30.54518751248574,4.0,1.0,-0.09757540536725927,-0.07858026564853728,0.3347913501152149,27.658476242254956,4.0,1.0,-0.09653160008813393,-0.08559646882361989,0.34706880755242653,25.1550952115852,4.0,1.0,-0.09391672334978703,-0.09429103586179326,0.3604448610815212,23.247936380949092,4.0,1.0,1.0,0.0,0.0,0.0,1.0,0.0,0.0,0.0,1.0,0.0,0.0,0.0,350
-0.1263733258345374,-0.019514787517423658,0.2832029265365275,9.113090427027192,4.0,1.0,-0.1385899133814875,-0.0416751813103877,0.28621193697502684,18.132276106442532,4.0,1.0,-0.13494368035851004,-0.06330675590849054,0.30382814534449004,21.291137076442187,4.0,1.0,-0.1311423572374545,-0.08384066127696078,0.3178523071485068,21.739292760361636,4.0,1.0,-0.12193537931639423,-0.10602563200729888,0.3398441783255985,19.715664408048482,4.0,1.0,-0.13178157720794367,-0.09212095292822715,0.28869732289155536,13.545706988012018,4.0,1.0,-0.12393606726304095,-0.11146093396512018,0.3108961517019425,11.553304312740767,4.0,1.0,-0.11984673266596754,-0.11436372735108716,0.32697861117948845,10.844515208964696,4.0,1.0,-0.11530766721073625,-0.11941843013335533,0.3417124266120699,21.34712385476292,4.0,1.0,-0.11905448239641445,-0.09406142665986475,0.2979470880410208,5.83379008455248,4.0,1.0,-0.11182092470662745,-0.10910157790799274,0.3229051378978962,7.093269654663098,4.0,1.0,-0.11052715458264363,-0.10420164027780675,0.3357841173199123,12.649871955517385,4.0,1.0,-0.11001555670175206,-0.09692255318363532,0.3445505266576665,22.88640289461117,4.0,1.0,-0.10716022919105285,-0.08060969685723994,0.30882295876490706,20.959654345818475,4.0,1.0,-0.10157222856185066,-0.09759159589218323,0.328898211575132,19.015531422999373,4.0,1.0,-0.09501013441486199,-0.10222688822305206,0.34600358551734767,21.638063410560967,4.0,1.0,-0.08811196465621776,-0.10577438229944201,0.3581806323068178,30.165187636515373,4.0,1.0,-0.09835629974833777,-0.06840976817239863,0.3192640364562724,31.15363471336693,4.0,1.0,-0.09745317471733426,-0.07967309952387351,0.3324275266210105,27.69075782741446,4.0,1.0,-0.09577699072739652,-0.08757209709229856,0.3446869733353665,24.927992908582397,4.0,1.0,-0.09235066940260085,-0.09862651077101672,0.3584626260757082,23.14873067489782,4.0,1.0,1.0,0.0,0.0,0.0,1.0,0.0,0.0,0.0,1.0,0.0,0.0,0.0,351
-0.12668489827607968,-0.021641696244453362,0.28187329935509703,8.178428105232943,4.0,1.0,-0.13837587475566493,-0.04417872165392815,0.284591310859673,18.47428663374576,4.0,1.0,-0.13548772054059005,-0.06576812131177427,0.3023511263850887,20.437879498993816,4.0,1.0,-0.13221989790226765,-0.08603333522516955,0.3164084129344485,20.28851643323755,4.0,1.0,-0.12358474906116035,-0.10750325883807006,0.3391272998670628,18.775692570940386,4.0,1.0,-0.13189334012140036,-0.09395951354348306,0.28572931621628517,13.52631871259914,4.0,1.0,-0.1241343625184849,-0.11340172438545494,0.3083864955915021,11.589609914614062,4.0,1.0,-0.1200384152558528,-0.11590157146593812,0.3243404689224367,10.162668508501447,4.0,1.0,-0.11588398525211509,-0.12027157106559715,0.33900594112008153,20.014645336828536,4.0,1.0,-0.119385930164624,-0.09560256804431602,0.29454010152495314,7.001915639950035,4.0,1.0,-0.11184026364061705,-0.11087607865045579,0.319381309282951,6.655302240394367,4.0,1.0,-0.11013281109468243,-0.10644349117395394,0.3321154407102706,11.615409008994915,4.0,1.0,-0.10924153367074003,-0.09970087669363434,0.3410705426439948,21.679514350161618,4.0,1.0,-0.10750294082680366,-0.08216061864915107,0.30536612907525884,22.42911291382983,4.0,1.0,-0.10188784897473242,-0.09912358277466518,0.32530922256054284,18.734681962469065,4.0,1.0,-0.09584571290352861,-0.10468668481976673,0.3430579427736124,19.03772096783515,4.0,1.0,-0.08969529394925406,-0.1088699366469242,0.3566636065683698,28.17906994116249,4.0,1.0,-0.09859831085796918,-0.07009840074297106,0.3158571527725254,32.92445745979938,4.0,1.0,-0.09762609462313966,-0.0815815175010007,0.3288820410838391,28.43009083546537,4.0,1.0,-0.09637778175188787,-0.08946560954845505,0.34135006833324866,24.17676845239185,4.0,1.0,-0.09379796989973321,-0.10030506024717456,0.35596877876813654,19.810988219619304,4.0,1.0,1.0,0.0,0.0,0.0,1.0,0.0,0.0,0.0,1.0,0.0,0.0,0.0,352
-0.12617714862935406,-0.02183318470901819,0.2797884568713996,9.122138066624828,4.0,1.0,-0.13899228182118947,-0.04279177404723776,0.283405759360096,17.68318689914416,4.0,1.0,-0.1379215629581119,-0.06450827824013815,0.3001953288054124,22.140552639190002,4.0,1.0,-0.13562477118745092,-0.08566526951890394,0.31292341900546755,24.59933203731543,4.0,1.0,-0.1277894450729125,-0.10790123375399556,0.33539190798522145,22.60901361894443,4.0,1.0,-0.1318027587474221,-0.09373358820709866,0.28218651834388925,15.099939818946446,4.0,1.0,-0.12455533908799774,-0.11417755915524258,0.3040182608092403,13.498151476862192,4.0,1.0,-0.12082456667475121,-0.11630060343097198,0.320758911369675,10.009594471363776,4.0,1.0,-0.11758593690932535,-0.11945794929936228,0.3369770108454624,13.998258693474963,4.0,1.0,-0.1184550676513555,-0.09675449591114971,0.2899541013177455,6.660800888527721,4.0,1.0,-0.1112731301447858,-0.11151400608222498,0.3147797760144258,7.885274631067541,4.0,1.0,-0.10987475298567302,-0.10655069269056511,0.32840664308675555,12.871191407103645,4.0,1.0,-0.11004964953083603,-0.09925965505033528,0.3394452460695175,22.371298089166466,4.0,1.0,-0.1060747727976955,-0.08418599972296364,0.30042200958192017,20.078158232339202,4.0,1.0,-0.10044586969094561,-0.10023372725626113,0.3209127444918242,17.628485383764776,4.0,1.0,-0.09654029386920485,-0.10293602537024625,0.34017516880689874,18.12018564313403,4.0,1.0,-0.0936487669790701,-0.10348280370032654,0.35700620428258417,23.255343216797048,4.0,1.0,-0.09693214849780526,-0.07256913690006553,0.3108944270477985,30.738218878824632,4.0,1.0,-0.09599529332189098,-0.08468242328493195,0.32460485298602376,26.051640247144576,4.0,1.0,-0.09561670774953339,-0.0916737654195476,0.33792244941302624,22.087727601571473,4.0,1.0,-0.09464021716304313,-0.09917516876853112,0.3537932725167211,17.223497650734647,4.0,1.0,1.0,0.0,0.0,0.0,1.0,0.0,0.0,0.0,1.0,0.0,0.0,0.0,353
-0.12410942686314981,-0.024518624154733656,0.2794902952216616,6.022069024507321,4.0,1.0,-0.14470215740470357,-0.045315055248679834,0.29355858128254936,6.085044184310213,4.0,1.0,-0.1493048918390684,-0.06788304442902703,0.3089681251965812,10.310486611392175,4.0,1.0,-0.15031843562319014,-0.09047245383314444,0.32074794854876115,16.202689338754425,4.0,1.0,-0.14057300413593124,-0.1145783902253998,0.3392959983708378,24.85318366175116,4.0,1.0,-0.13843214703417386,-0.09975588189812729,0.2834759814667718,3.147607832872359,4.0,1.0,-0.1306652070032706,-0.12168790560726073,0.30225709374741067,2.709408798564236,4.0,1.0,-0.12869133464851418,-0.11346312844306483,0.3178089996700472,5.912206054998278,4.0,1.0,-0.13095081101732386,-0.09741642833199131,0.32800344287581934,8.706273797118198,4.0,1.0,-0.11850521010579157,-0.10404559059899367,0.28000850894007767,2.9902966370672095,4.0,1.0,-0.11116082633171241,-0.11924348213258212,0.3038687706515524,4.630919629196123,4.0,1.0,-0.11234350824469506,-0.10820506600173219,0.31876071560390246,8.603031248938134,4.0,1.0,-0.1186854443401872,-0.08980895616333666,0.32719475066446063,10.571551348269667,4.0,1.0,-0.09917455256936494,-0.09196562469400295,0.281688373359232,4.280641092848509,4.0,1.0,-0.09483515594054905,-0.11072414015508628,0.3013007441875184,5.0751109981233435,4.0,1.0,-0.09632359330164245,-0.10446889884800108,0.31931185274457097,5.526599777382705,4.0,1.0,-0.1039955843683558,-0.08776211538372974,0.3285394371055288,7.625567009331742,4.0,1.0,-0.08502738995196225,-0.08077124421749696,0.2866355156600602,6.096963669018469,4.0,1.0,-0.08409216848274803,-0.09407411317819901,0.30097501670248533,4.442586612735677,4.0,1.0,-0.0883284364280461,-0.09285193427065747,0.31641751403519874,4.130866784999068,4.0,1.0,-0.09729946181533053,-0.08227222500738247,0.3257885239498084,5.283599872600398,4.0,1.0,1.0,0.0,0.0,0.0,1.0,0.0,0.0,0.0,1.0,0.0,0.0,0.0,354
-0.12411504724147651,-0.024580213663098927,0.2813394732538503,4.138907850668768,4.0,1.0,-0.1442998424892842,-0.04601026400862485,0.2935373121422588,3.0726022359174525,4.0,1.0,-0.1525777732511228,-0.06980827831732223,0.3039067471045285,8.088329171444299,4.0,1.0,-0.15606584386071906,-0.09394576220646618,0.31065903683381396,14.363552113727607,4.0,1.0,-0.14898946655795825,-0.11978353344598484,0.325615056326482,24.798663348152388,4.0,1.0,-0.13971815255436568,-0.0989914216896591,0.2764389951666796,3.4020190872919804,4.0,1.0,-0.13335114157244135,-0.1225537615566505,0.2928294581660763,3.9901447870299847,4.0,1.0,-0.13127045851857172,-0.11160751256485374,0.3058113038338588,8.051840866945486,4.0,1.0,-0.13316266996130594,-0.09270961033289765,0.3109225039169755,7.455176005305829,4.0,1.0,-0.12056110967350155,-0.10287976131707141,0.27077641963191845,2.521937237113813,4.0,1.0,-0.1140513734702023,-0.11735548208237387,0.2939859353720096,4.624621598095609,4.0,1.0,-0.11555587271306099,-0.104029709627487,0.30724541788349446,6.89100577087242,4.0,1.0,-0.12144785121842022,-0.08546820284087941,0.3095098241173798,5.181364871692917,4.0,1.0,-0.1014681766285651,-0.09120977078395073,0.27224822281225575,0.9731735727265952,4.0,1.0,-0.097980745035579,-0.10903930903516365,0.29179590307236924,4.138549024805041,4.0,1.0,-0.10080500006991117,-0.09763739288176947,0.30619179182847167,8.57192455675249,4.0,1.0,-0.10809893044975867,-0.0792532340976967,0.30533554695411247,8.851527992858339,4.0,1.0,-0.08731688804853974,-0.08072424284317473,0.27742492131499513,1.7339936558688653,4.0,1.0,-0.08490613112619408,-0.09444128671618122,0.29106191804822024,2.708478587818104,4.0,1.0,-0.08977665042357878,-0.08846292483911196,0.3023586529007347,6.806926457911758,4.0,1.0,-0.09717354485537792,-0.07528837606541883,0.3014921573541338,7.288086441659912,4.0,1.0,1.0,0.0,0.0,0.0,1.0,0.0,0.0,0.0,1.0,0.0,0.0,0.0,355
-0.1261884841780927,-0.02305645382239123,0.2837436463782177,3.496955608818253,4.0,1.0,-0.14777899481609177,-0.0459419585271771,0.2910517250582766,5.657972001094941,4.0,1.0,-0.15553496634300182,-0.07135857265991033,0.2951657953231642,6.626020748326082,4.0,1.0,-0.1592739771480884,-0.0953169256038332,0.2949761083978924,7.308618640906021,4.0,1.0,-0.1546460038358729,-0.1277010852266951,0.300482355588865,5.610908280942686,4.0,1.0,-0.14312042411716225,-0.09560597320657713,0.2676076009265645,5.538547762590434,4.0,1.0,-0.14011844252642078,-0.11327259241377452,0.2859829750173847,7.282043259479623,4.0,1.0,-0.1396744572568081,-0.09677090203572983,0.2960489275315888,7.320933192761735,4.0,1.0,-0.1423967199555264,-0.0775632898567821,0.2980820878560224,7.137382555986411,4.0,1.0,-0.12360831993249406,-0.0979798515111863,0.2622480652718865,5.01616655952847,4.0,1.0,-0.12154865318455522,-0.10453597053706039,0.2874944480560521,4.3259902841175855,4.0,1.0,-0.12415993669263599,-0.08926137288113146,0.29870489620672497,5.885442849588783,4.0,1.0,-0.13100595150437075,-0.07090882554457184,0.29905944000830875,5.062316445701533,4.0,1.0,-0.10432957706942259,-0.08628420182985164,0.2658431351078074,4.419278702024092,4.0,1.0,-0.10592828481054808,-0.09547493108118033,0.2884288072014219,3.075649226456053,4.0,1.0,-0.11067511157112106,-0.08011817069271521,0.2990186787598872,5.440237358627897,4.0,1.0,-0.11772019526246652,-0.06254811240905776,0.2948101804330116,4.056566839103814,4.0,1.0,-0.0903435305778051,-0.07618851247744371,0.27279001434914213,4.752844454691746,4.0,1.0,-0.09215871880075778,-0.08358023007913344,0.28858556122402734,3.0491080194805997,4.0,1.0,-0.09835486023842152,-0.07285374044711519,0.2964451568870587,3.3398608400664043,4.0,1.0,-0.10537357575671054,-0.059736260791669694,0.2923154655839773,2.6459885553676363,4.0,1.0,1.0,0.0,0.0,0.0,1.0,0.0,0.0,0.0,1.0,0.0,0.0,0.0,356
-0.12703681339311318,-0.023432787491684808,0.281307445025451,6.095808946609027,4.0,1.0,-0.1492971880414955,-0.04678047670813579,0.2885712829595385,6.404756499969372,4.0,1.0,-0.1557980357161299,-0.0720388565059574,0.29241447258467634,5.230510293640997,4.0,1.0,-0.15696456075227075,-0.09550986617386799,0.2913166827931308,4.773539728604393,4.0,1.0,-0.149496666396257,-0.12633693343524233,0.295444128962442,3.3045411287755053,4.0,1.0,-0.1421685685745222,-0.0945920915287677,0.26727769239150884,4.377968475826453,4.0,1.0,-0.13999321704485207,-0.1102098366041228,0.29026575634719604,4.64065374880016,4.0,1.0,-0.14068086240302044,-0.09432669015492283,0.29825314893955535,3.5007453704063094,4.0,1.0,-0.14343947282394898,-0.07676989766393084,0.29554278648278587,10.38126178203385,4.0,1.0,-0.1221578807807706,-0.09582279781544244,0.2636652302121576,6.280131883830576,4.0,1.0,-0.12256495702996782,-0.10100538654650841,0.29148684690286114,4.066649706769169,4.0,1.0,-0.12631719530182847,-0.08635450551444239,0.30109330769301507,4.663807110092243,4.0,1.0,-0.13331548762604398,-0.06870047883157933,0.29792267885276275,5.090204708977474,4.0,1.0,-0.10336861435845486,-0.08362864273907288,0.2687197488528778,5.9325719435937305,4.0,1.0,-0.10761141896141205,-0.09100612036077445,0.2936469016557617,4.11715274954273,4.0,1.0,-0.1136698214448719,-0.07637315045846753,0.301770123860418,3.9987171515293567,4.0,1.0,-0.12017380746023033,-0.059810455534502295,0.2944547903144491,5.788983861430701,4.0,1.0,-0.09006024926988254,-0.07335028788666127,0.2768636428883075,6.738713079409054,4.0,1.0,-0.09440937026573584,-0.07946776249698831,0.2945730517096967,4.640865271937022,4.0,1.0,-0.10136930817357359,-0.06881587418385142,0.29999672999024257,2.9007374721831822,4.0,1.0,-0.10764672230902313,-0.056686342787103036,0.2928630100411714,4.554280038583523,4.0,1.0,1.0,0.0,0.0,0.0,1.0,0.0,0.0,0.0,1.0,0.0,0.0,0.0,357
-0.1262444924882832,-0.023327251724078683,0.2826751000046123,6.632828336481445,4.0,1.0,-0.148884080571427,-0.04714062856883388,0.2895482702052724,5.867758175755299,4.0,1.0,-0.15501924370490575,-0.0723198345306873,0.2940847813754748,5.4329195897923315,4.0,1.0,-0.15533599646831017,-0.0957663837836559,0.29389207799132927,5.133045250263849,4.0,1.0,-0.14727398998821106,-0.12626359973772397,0.29804428460557253,3.741074457771801,4.0,1.0,-0.14116198678785444,-0.09437978766817856,0.26863368565977885,4.004430993710106,4.0,1.0,-0.13945452367149314,-0.10973630693587581,0.29098259289529027,2.117558699357984,4.0,1.0,-0.14064594254616156,-0.093479035726244,0.2992889619828382,4.854511897562116,4.0,1.0,-0.1436440739096808,-0.07596957800185886,0.29647743356714396,10.818776431370747,4.0,1.0,-0.12084250663154528,-0.09522438657472546,0.2656667352297455,5.666137090789913,4.0,1.0,-0.12190771531906054,-0.10053928032128112,0.29385450580254974,3.850853824908567,4.0,1.0,-0.12600984490027436,-0.08586661795323237,0.3029430192653436,5.105705125372672,4.0,1.0,-0.1329498433260396,-0.06829148536027749,0.29921328268864555,5.1793868850270535,4.0,1.0,-0.1019184779567722,-0.08285889055405701,0.27133492146185495,6.148202580422156,4.0,1.0,-0.10674212974067843,-0.09001947227216085,0.296647262117072,3.9637452340834995,4.0,1.0,-0.11337206986622934,-0.0754805245014066,0.30415491144996143,4.030120479455544,4.0,1.0,-0.12028744862804601,-0.05878839888193222,0.296565092530401,4.4665393028253595,4.0,1.0,-0.08861995560736509,-0.07260729528510823,0.2799764840509069,7.429814836842744,4.0,1.0,-0.09360322746040681,-0.0783570731094457,0.29802113279619363,4.249989404573038,4.0,1.0,-0.10071573237899871,-0.06793357088841628,0.30291294023247484,1.7973142813687955,4.0,1.0,-0.10689495626868335,-0.05564700154693469,0.29522532574336807,2.9940860312402093,4.0,1.0,1.0,0.0,0.0,0.0,1.0,0.0,0.0,0.0,1.0,0.0,0.0,0.0,358
-0.1272312810143527,-0.022667028598637687,0.28242764137585674,6.979089688637639,4.0,1.0,-0.14916430203253953,-0.04663706992691842,0.2897848473493146,6.7621912482543465,4.0,1.0,-0.15487766691187305,-0.07167283754481062,0.29508064025981623,6.223274677250321,4.0,1.0,-0.15488894846085133,-0.09503599812131344,0.2955850840401851,5.657209982365458,4.0,1.0,-0.14592586579341774,-0.12510683706452008,0.30120733146773,3.480260165576473,4.0,1.0,-0.14054908490832174,-0.09393121859799089,0.270132701385669,4.567477068177652,4.0,1.0,-0.13899602580990267,-0.10828603817767367,0.29381758724525414,3.501487454099522,4.0,1.0,-0.14070445772313106,-0.09243268232259692,0.30202183092026036,4.327556200796804,4.0,1.0,-0.14416733212607172,-0.07518962002065828,0.29909613720255396,11.383555025790995,4.0,1.0,-0.1204845141074951,-0.09467754146729138,0.26765426872232295,6.464840339502818,4.0,1.0,-0.12176167853788362,-0.09935568396262383,0.2961831617005099,3.0842808687833916,4.0,1.0,-0.12611625410566252,-0.0846647444002868,0.30496793170781683,4.784749290684689,4.0,1.0,-0.133209054004847,-0.06732292365645802,0.30080978944505105,5.394361336832329,4.0,1.0,-0.10208544298403069,-0.08211874992347407,0.2734864293334887,6.871254438711284,4.0,1.0,-0.1070773889127422,-0.0889923409259753,0.29899443621642663,3.6371990079068013,4.0,1.0,-0.11385642760922147,-0.07440548789037628,0.30602981881854624,4.07574981182435,4.0,1.0,-0.120669323352132,-0.05810390791470592,0.2974151833710573,6.1559352461083625,4.0,1.0,-0.08922420739655279,-0.07167924770003864,0.28220378880680613,8.032171590906167,4.0,1.0,-0.0941439588957233,-0.0776930049930915,0.29996067340013993,4.650629408098023,4.0,1.0,-0.1014133659427104,-0.06706331940537484,0.3041489500132502,2.629500864406703,4.0,1.0,-0.10733775575542984,-0.055120851882625756,0.2954020605102515,3.8313465018363404,4.0,1.0,1.0,0.0,0.0,0.0,1.0,0.0,0.0,0.0,1.0,0.0,0.0,0.0,359
-0.12747842701343093,-0.02242912021234272,0.28149674286968707,8.685524358665727,4.0,1.0,-0.14112831043388016,-0.04174641249578143,0.27859527590342215,24.562224200597942,4.0,1.0,-0.14382628038735393,-0.06485270802515815,0.28027495261129465,34.04901289493118,4.0,1.0,-0.1435778803999307,-0.08715657209971607,0.27996133669292395,36.61543244925744,4.0,1.0,-0.14093638965645464,-0.11253110305511747,0.289905679877946,32.19604278999493,4.0,1.0,-0.13491361430783638,-0.08808359372895125,0.26260246589674785,19.281613121472,4.0,1.0,-0.1349238454636005,-0.09932087090304607,0.28562401732319653,23.302607157612904,4.0,1.0,-0.13644370301417666,-0.08375940212753602,0.29364746469588116,24.886432666849252,4.0,1.0,-0.138999489681785,-0.06675810816972018,0.28971331097438235,26.687183101037277,4.0,1.0,-0.12166081308900947,-0.09211551951343559,0.2694383534271667,2.2608304242674038,4.0,1.0,-0.12126438779909973,-0.09615442319553719,0.295418667753635,8.151053520277497,4.0,1.0,-0.12465370341355665,-0.08095102387872809,0.3024033946526131,11.91608360768631,4.0,1.0,-0.13020156951788933,-0.06363482974518117,0.2960436168642032,15.376762930625336,4.0,1.0,-0.10899954752888984,-0.0826576366147684,0.28326900198182325,18.73972632327184,4.0,1.0,-0.11060855153004495,-0.08868380237346436,0.30417536667233014,10.49064672382203,4.0,1.0,-0.11644150517266329,-0.07332191298939834,0.30918575687368094,6.835938554116286,4.0,1.0,-0.12338596908167974,-0.056513421541780386,0.3000566025272793,6.272214828984496,4.0,1.0,-0.09949978921348826,-0.07383789227567612,0.2968707081634866,31.13428932128978,4.0,1.0,-0.09993536792256634,-0.08186712597079489,0.3102134809132983,23.416252141028625,4.0,1.0,-0.10444561560921896,-0.0796191464231755,0.31355144930930073,31.58063742252417,4.0,1.0,-0.11077196959892736,-0.07608690785396326,0.3077849043152778,48.05682438753681,4.0,1.0,1.0,0.0,0.0,0.0,1.0,0.0,0.0,0.0,1.0,0.0,0.0,0.0,360
-0.12773151205007172,-0.021872596475374886,0.2832343856346069,5.954548766979963,4.0,1.0,-0.1415468908283069,-0.040555225968660194,0.2799843753649289,24.578918101383373,4.0,1.0,-0.14415048366276306,-0.06334509052968887,0.2814651314349263,34.89756116796369,4.0,1.0,-0.14438844711957163,-0.0858327245488499,0.2820207673631206,36.68454403231374,4.0,1.0,-0.14305662387193605,-0.10853072917479796,0.29409172787988547,32.530241563653895,4.0,1.0,-0.13456342287769488,-0.08787388584523526,0.2629612752894958,19.352111897121425,4.0,1.0,-0.13450214200972496,-0.09934274724940749,0.2869420938263081,23.596925572669203,4.0,1.0,-0.13615119812441853,-0.08386365391694084,0.29511155448969484,24.18305062922628,4.0,1.0,-0.1390564972923287,-0.06652328962765978,0.2920640686849906,25.618423669679878,4.0,1.0,-0.121090470157289,-0.09262267262245569,0.2697133361192928,2.8811012467506822,4.0,1.0,-0.12071506636460076,-0.09682640215825375,0.29629640229161464,6.998480360870747,4.0,1.0,-0.12459156077848417,-0.0813585529279815,0.30390394361376327,10.361596507952507,4.0,1.0,-0.13069225648330854,-0.06374290113378119,0.2983068013292016,14.401041725211707,4.0,1.0,-0.10844914350664012,-0.08353601426725793,0.28373166831087376,18.367422294093707,4.0,1.0,-0.11006922363040186,-0.08961155607495726,0.30521333828711655,10.629774270337109,4.0,1.0,-0.11623960822112626,-0.07394562690104886,0.31070530352128645,7.2495337072148125,4.0,1.0,-0.12312477888389015,-0.05748142071620894,0.30145624033990503,6.72057470161932,4.0,1.0,-0.09910899803355093,-0.0748181670709242,0.29753446241722925,30.578919180082544,4.0,1.0,-0.09944196947190657,-0.08263210583025872,0.3109945577172721,24.2370660660594,4.0,1.0,-0.104082174024823,-0.08002119152989633,0.314636796410563,32.55070525075026,4.0,1.0,-0.11083711430689946,-0.07565237004082886,0.3090293391386512,47.73964017186269,4.0,1.0,1.0,0.0,0.0,0.0,1.0,0.0,0.0,0.0,1.0,0.0,0.0,0.0,361
-0.12853897795629593,-0.02186998917338167,0.2820650785306203,6.699778178003239,4.0,1.0,-0.14188955846860812,-0.040822559545731246,0.2792656057959821,25.185667504174646,4.0,1.0,-0.1448042094058344,-0.0637988449292451,0.28144847176801274,34.51341185283062,4.0,1.0,-0.14494770795560352,-0.0862268592006566,0.2820767812070299,36.462272727166116,4.0,1.0,-0.14304969078417748,-0.110605602026892,0.29360976426989255,31.87454692451452,4.0,1.0,-0.13445748175846356,-0.0880836010556491,0.2635974156246471,19.980942633677508,4.0,1.0,-0.13433519146548026,-0.09863606947001903,0.2877654878947771,23.65988739809162,4.0,1.0,-0.13595997203063528,-0.08294405154128241,0.2956839894358381,24.571959400713904,4.0,1.0,-0.1387114869548346,-0.06584547539918871,0.2921914538930845,26.894862812996998,4.0,1.0,-0.12099993290603996,-0.09265946685353842,0.270509007772321,2.8887879012388864,4.0,1.0,-0.1206372748849454,-0.09633441543619237,0.29689072442792297,7.684684668827981,4.0,1.0,-0.12443007497350209,-0.0809018493001467,0.30407967214605425,11.122957229731774,4.0,1.0,-0.13038345278243763,-0.06366531927254204,0.2978692019713655,15.26235507520688,4.0,1.0,-0.10852330839908339,-0.08334421855193974,0.2842679503233053,17.578249142970968,4.0,1.0,-0.11015928443004627,-0.0891678874702146,0.30548845408713904,9.962884320849383,4.0,1.0,-0.11615012690701167,-0.07353211044933243,0.3105279479992049,7.16995851292553,4.0,1.0,-0.12282935340406739,-0.057399918213797065,0.30092256966748454,6.20503738332766,4.0,1.0,-0.09932633202965621,-0.07448213406855363,0.2977950416457742,29.751169040943708,4.0,1.0,-0.09961186144946949,-0.08223446644718894,0.3109914046014927,22.96019804880376,4.0,1.0,-0.10430506199941406,-0.07972862436862813,0.31443221417866196,31.242622768095373,4.0,1.0,-0.11100261167557822,-0.07577548430314661,0.30877341271167763,46.97258765649683,4.0,1.0,1.0,0.0,0.0,0.0,1.0,0.0,0.0,0.0,1.0,0.0,0.0,0.0,362
-0.12847179420198462,-0.022993857992230707,0.28154548027945997,7.199514250363755,4.0,1.0,-0.14194927244594424,-0.04194362899191545,0.27918124882654466,24.37963387417923,4.0,1.0,-0.14451210664969413,-0.06482311793174149,0.2816840670935314,33.492468399090505,4.0,1.0,-0.14409684052521698,-0.08703432390284674,0.28209479279095845,35.54784880565715,4.0,1.0,-0.14086029445805748,-0.11153429433615736,0.29352859450668367,30.541985003537953,4.0,1.0,-0.13465476269078205,-0.08868736677949696,0.26325490739882174,19.23858410837268,4.0,1.0,-0.13497545298006125,-0.10052012779385816,0.2861209431093933,24.676673890901153,4.0,1.0,-0.13653914939103654,-0.08554691582320575,0.2949764242069055,26.25994406039282,4.0,1.0,-0.13940674960160357,-0.06896718798123389,0.2927872060975685,29.81175966812527,4.0,1.0,-0.12120277126339264,-0.09305394376239115,0.26979662510368935,1.7799131248843625,4.0,1.0,-0.12075469152413815,-0.09718302339495344,0.2960567832715993,7.864490004110401,4.0,1.0,-0.12496750228287092,-0.08179652307902276,0.3037180435161409,11.497802996411735,4.0,1.0,-0.1314389877472747,-0.06475513824852819,0.2983940445959775,17.102523525631955,4.0,1.0,-0.10862170234149035,-0.0837938209066586,0.2832815647002639,18.24461146782607,4.0,1.0,-0.11023298798116744,-0.08986698362040513,0.3045587879992297,10.600164739346475,4.0,1.0,-0.11677118518867627,-0.0741199126379653,0.3099417783424862,6.8592761961806294,4.0,1.0,-0.12395637501412392,-0.05839080591300498,0.30059576586999387,6.873139203277259,4.0,1.0,-0.09932775843941874,-0.07501463095057075,0.2966506150710515,30.67188991939122,4.0,1.0,-0.09963032460737418,-0.08263714135289965,0.3099912603398541,23.03961742962953,4.0,1.0,-0.10453403985579578,-0.0800440770931896,0.31357997063437604,31.152974468575337,4.0,1.0,-0.11131419877845306,-0.0763907039372908,0.30800732241480466,46.62235363238874,4.0,1.0,1.0,0.0,0.0,0.0,1.0,0.0,0.0,0.0,1.0,0.0,0.0,0.0,363
-0.12805718845034528,-0.023285555424344507,0.28155422950817094,6.873682437196486,4.0,1.0,-0.14131478737772513,-0.042919236317756806,0.27859098235941443,24.948993744687098,4.0,1.0,-0.14373601635823474,-0.0660440883017328,0.28102116720527526,34.24098236180942,4.0,1.0,-0.14325263520916234,-0.08829905469411141,0.28177484792389706,36.19065456443892,4.0,1.0,-0.13988170737166405,-0.11272485423257254,0.2932753606493737,30.804482455074684,4.0,1.0,-0.13441248038685702,-0.08983133944382032,0.26331026185466766,19.196812774401856,4.0,1.0,-0.13415875195323854,-0.10202779485033334,0.28639611008578125,24.73475028565823,4.0,1.0,-0.1355272829016712,-0.08669115073347324,0.2942923566394965,26.834430573132597,4.0,1.0,-0.1377844659060896,-0.0702959443924573,0.29071069600989985,30.6455598486899,4.0,1.0,-0.12117575945623815,-0.09377321644637164,0.2703436167216301,2.5787185741161958,4.0,1.0,-0.12057423398080676,-0.09784979150597,0.2962823870245968,7.865676661438481,4.0,1.0,-0.12446483275810936,-0.08228852195918968,0.3033336253269801,12.209925602201345,4.0,1.0,-0.1303990704543969,-0.06543889214455544,0.29727471748033335,18.0803118750319,4.0,1.0,-0.10866760161970057,-0.08398891823349798,0.2841539190605356,18.656095613707496,4.0,1.0,-0.11007363665364177,-0.08991825105625438,0.30509460157579765,10.872959218627416,4.0,1.0,-0.11631140200851701,-0.07422093964997989,0.30966317495811574,6.642519577768565,4.0,1.0,-0.12351148155783731,-0.058275898759219145,0.2997838260708314,6.320989676032299,4.0,1.0,-0.09934022991195231,-0.0748872767916055,0.297690936877564,30.963241887891026,4.0,1.0,-0.09964503120194215,-0.08261097117594211,0.3109317030734225,23.05662479127073,4.0,1.0,-0.10439280479507396,-0.08016366654874096,0.3140781269453122,31.299051213744512,4.0,1.0,-0.1109134610760102,-0.07682927004390129,0.3080851385662354,47.21519568786333,4.0,1.0,1.0,0.0,0.0,0.0,1.0,0.0,0.0,0.0,1.0,0.0,0.0,0.0,364
-0.12729653490005768,-0.02399364900345503,0.28026506371551985,6.955025341340856,4.0,1.0,-0.14924418795727967,-0.04727872278728372,0.2893838536816717,7.096137509575528,4.0,1.0,-0.15490167016596781,-0.07212678274023886,0.2961118196803532,6.172830270287937,4.0,1.0,-0.1546946290777066,-0.09555425641815295,0.2976801558893335,4.96820446208776,4.0,1.0,-0.14498890267032588,-0.12502032809444819,0.3040584626259656,2.9297392097287065,4.0,1.0,-0.14050657065737598,-0.0960712090730614,0.27274000286024064,4.7219708157876,4.0,1.0,-0.13831217046779704,-0.11082028084119315,0.29635900792601905,5.561509290967302,4.0,1.0,-0.13936868149151022,-0.09432351331083916,0.3031745434400235,5.8660947442340206,4.0,1.0,-0.14267667186751842,-0.07770826246668139,0.2998511513599882,11.378497695281661,4.0,1.0,-0.1203732467712574,-0.09719426888745739,0.2701753160576443,5.9266093109681615,4.0,1.0,-0.12115426984201061,-0.10060244520344672,0.2983707443049601,4.343180749950464,4.0,1.0,-0.12580287406838112,-0.0849675307369955,0.3065202536775621,5.866279615356536,4.0,1.0,-0.13360093226222866,-0.06828624152228492,0.3024366431743243,7.546304365893057,4.0,1.0,-0.10193372701453587,-0.08436543266236299,0.27496259066837475,6.472936913792506,4.0,1.0,-0.10668310836933557,-0.08948054559931191,0.30053496792258794,3.322739850554554,4.0,1.0,-0.11350736050433276,-0.07401661208580988,0.30691178047207257,4.630149063641531,4.0,1.0,-0.12094423026152265,-0.058877388945632686,0.29797993958599756,6.94919320565731,4.0,1.0,-0.08896601298779458,-0.07344100896663408,0.2827109019011455,7.567032298232757,4.0,1.0,-0.09364559864363,-0.07745316342341464,0.3010447225781346,3.600821454951548,4.0,1.0,-0.10079637202677169,-0.06639179617555939,0.3048188755490758,0.9368975719282768,4.0,1.0,-0.10704404770835152,-0.05514757827623206,0.29577768871694404,3.8501329330137026,4.0,1.0,1.0,0.0,0.0,0.0,1.0,0.0,0.0,0.0,1.0,0.0,0.0,0.0,365
-0.12699685236547842,-0.02459990293124314,0.2798612612709143,7.311759046578323,4.0,1.0,-0.1490312532321412,-0.047760529970107025,0.2893113790093364,6.917606486825259,4.0,1.0,-0.1546429199403712,-0.0725370561073834,0.2963309529447952,5.812759101585504,4.0,1.0,-0.1546486365651145,-0.09593914974865642,0.2981605701546393,5.090090737504498,4.0,1.0,-0.14554004550654745,-0.12549925775419002,0.3043432081677419,3.785569510312627,4.0,1.0,-0.14046960475497985,-0.0966877641058005,0.27294854588873413,4.647573985375194,4.0,1.0,-0.13819076469467512,-0.1106970508128867,0.2968788007822524,4.651282111388719,4.0,1.0,-0.1394710103738947,-0.09391000110862126,0.30363153233783524,5.470690573100375,4.0,1.0,-0.14283209745721087,-0.07701645063780735,0.3001743740045197,11.728942311277912,4.0,1.0,-0.12027996080638273,-0.09784913587299375,0.27021040492273657,5.46593127176949,4.0,1.0,-0.12090386202863514,-0.10085081200109255,0.2983461294191666,3.863534576260131,4.0,1.0,-0.12568170448571347,-0.08509181817643832,0.3066244603142653,5.6398597399601265,4.0,1.0,-0.13376427868309998,-0.0681633663624151,0.30276292639842456,7.314070928942842,4.0,1.0,-0.10169346257390251,-0.08500211803370905,0.2746994879136729,5.921906273767345,4.0,1.0,-0.10636181022929443,-0.09001111087159944,0.30022588206713413,2.8522447467494656,4.0,1.0,-0.11341972586724546,-0.07434507072351504,0.30664638695719054,4.03047567548904,4.0,1.0,-0.1209868466508924,-0.05901090691900851,0.2978121423167316,6.964583101850239,4.0,1.0,-0.08861251607961985,-0.0740515374718317,0.282217587341889,6.874649381107555,4.0,1.0,-0.09324585805249624,-0.07806134152476826,0.30046881178064044,3.342783140468061,4.0,1.0,-0.10032380442861713,-0.06691734636253395,0.30425162520166144,0.6596338549039068,4.0,1.0,-0.10665948377083133,-0.05566918681963185,0.295259059754183,4.169698993140024,4.0,1.0,1.0,0.0,0.0,0.0,1.0,0.0,0.0,0.0,1.0,0.0,0.0,0.0,366
-0.12668276794251793,-0.02489583080360562,0.2800624583875399,7.512082536828699,4.0,1.0,-0.1487110394229271,-0.04792282623369314,0.28970464442620186,6.941759836955033,4.0,1.0,-0.1541683075744951,-0.07273514549614409,0.2965304951584537,5.679393165434565,4.0,1.0,-0.1541851305079678,-0.0960209261969671,0.2978664173663163,4.737675661721964,4.0,1.0,-0.14486275910736937,-0.12536516101082368,0.30409788037615954,2.486394142782336,4.0,1.0,-0.14061455615029742,-0.09674270153952694,0.2730704144667879,4.334831415204372,4.0,1.0,-0.13905533048712498,-0.11187626628388343,0.2960828739940327,6.0824652596154865,4.0,1.0,-0.1400665195193589,-0.09536506008336514,0.3029381245642271,5.6598884203858555,4.0,1.0,-0.14325123346087756,-0.07844619347379914,0.2998287303710152,11.126838295698004,4.0,1.0,-0.12049428459404891,-0.09783430897443855,0.2699969399337217,5.464443243955829,4.0,1.0,-0.12141874141814744,-0.10118288989836177,0.29804558106841034,4.375383191902713,4.0,1.0,-0.12628033372921713,-0.08547715999129339,0.30648645690903376,5.574616874891291,4.0,1.0,-0.13424124438531135,-0.06851009793139852,0.3030067509749308,8.220105361971097,4.0,1.0,-0.10187991355727369,-0.08494510086406905,0.2742549667750027,5.761657316711279,4.0,1.0,-0.10648896099454333,-0.09007826503708961,0.2997615724551273,3.4415583220140933,4.0,1.0,-0.11372972299422357,-0.07436303081250963,0.30644856069445303,3.700935746994875,4.0,1.0,-0.12140609933720589,-0.05909125287345596,0.2978827456485122,7.221342268175177,4.0,1.0,-0.08873390197516597,-0.07402069088807992,0.2816349162560444,6.954380563594672,4.0,1.0,-0.09312004735809447,-0.07810525279332538,0.2999324487015986,3.6747943876136606,4.0,1.0,-0.10038464273379719,-0.06711583494269795,0.30395582251744563,1.2811901505178651,4.0,1.0,-0.1068756420931673,-0.05609367994834783,0.2950136613954055,4.687338598882744,4.0,1.0,1.0,0.0,0.0,0.0,1.0,0.0,0.0,0.0,1.0,0.0,0.0,0.0,367
-0.1269227609314512,-0.025207190443792785,0.2794382424141878,8.49610919567498,4.0,1.0,-0.1489770760075282,-0.048142623629610755,0.28931990415576625,7.513861859413026,4.0,1.0,-0.15467451524257003,-0.07296563774330284,0.2963884362833458,5.3776592115698705,4.0,1.0,-0.15464715128588427,-0.09628471799663704,0.29810448401123635,4.591437300998544,4.0,1.0,-0.14498192530020468,-0.12575322523669602,0.3043373345771909,1.783011351376883,4.0,1.0,-0.14108926076622103,-0.09674821561612662,0.272535675312335,4.61067118525089,4.0,1.0,-0.13883496645734544,-0.11245115469280949,0.2954637731539978,7.745954971378561,4.0,1.0,-0.13964767087894084,-0.09610638545998283,0.3027299797442346,7.307487340885622,4.0,1.0,-0.14295573895053862,-0.07862395904504542,0.30040105831071257,10.56556837254914,4.0,1.0,-0.12091509807424791,-0.09798327081302441,0.2692449677853568,5.664403289611923,4.0,1.0,-0.12110451463683959,-0.10203975817920556,0.29723262867511435,4.794829924284716,4.0,1.0,-0.12555682799460854,-0.08662646572395738,0.3057966712847094,6.218565887673856,4.0,1.0,-0.13338906242882634,-0.06934931552841798,0.30253068368714603,8.20954786031926,4.0,1.0,-0.1021320522127602,-0.08536656273953365,0.2732964553724986,6.1959741738889065,4.0,1.0,-0.1061666384165343,-0.0914186838220868,0.29879998178239636,3.965779991526241,4.0,1.0,-0.11317241793499364,-0.07590655693079536,0.3056310763434474,3.5264862788577425,4.0,1.0,-0.12087776394673287,-0.06019813731635336,0.2971953426448319,6.944301440469674,4.0,1.0,-0.08883370601673118,-0.0746232601250436,0.2804849444016415,7.2934715022577965,4.0,1.0,-0.09262524311497818,-0.07957700963291943,0.2988083542345577,4.330635345457081,4.0,1.0,-0.09979862465074456,-0.06875475258126758,0.3031771656739514,2.002314407554442,4.0,1.0,-0.10651013228352484,-0.057472620293857045,0.2945651550294,4.734344272870345,4.0,1.0,1.0,0.0,0.0,0.0,1.0,0.0,0.0,0.0,1.0,0.0,0.0,0.0,368
-0.12655527400858063,-0.02515458993953491,0.27914049079379677,7.792591552270741,4.0,1.0,-0.1486531529611139,-0.04786655386026212,0.2894541648988052,7.332681376645205,4.0,1.0,-0.1543118377291909,-0.07273694456533361,0.2962381360093313,5.642045985469436,4.0,1.0,-0.15465615755445286,-0.09616444547739839,0.297703157310486,4.821513871657608,4.0,1.0,-0.14588250439606412,-0.12561199340842652,0.3039224574365245,2.5272789553374055,4.0,1.0,-0.14177743189144837,-0.09680902259173871,0.272801388059965,4.133350894449221,4.0,1.0,-0.1397583310071983,-0.11315936862340308,0.29523417587494866,7.397619023630313,4.0,1.0,-0.13993356329043322,-0.09714276193595604,0.3022086076473751,6.679243426054075,4.0,1.0,-0.1426018467857104,-0.0798634602897768,0.2998208410271699,10.155580415205623,4.0,1.0,-0.12177063364548824,-0.09816649385097187,0.2690120238233189,5.335624326400268,4.0,1.0,-0.12194554986750017,-0.10275645680031166,0.2966709645452418,4.470070454253435,4.0,1.0,-0.12569054054281636,-0.08766058576209916,0.3054434233746943,5.621123451191693,4.0,1.0,-0.13250979416230732,-0.07073163366682941,0.3028415654356297,7.2351991232603785,4.0,1.0,-0.1028039342062182,-0.08550173636612772,0.2724334031252545,5.605589176488376,4.0,1.0,-0.10664494444465475,-0.09169335798302418,0.29772223622161553,3.8385851452117903,4.0,1.0,-0.11293874294184492,-0.07648141091587715,0.30494528442002367,3.762871026183075,4.0,1.0,-0.11999019448083935,-0.061044634561136395,0.2971909936860297,7.009736996306035,4.0,1.0,-0.0892831928694603,-0.07467188476515635,0.2791400702415232,6.673542576193221,4.0,1.0,-0.09250859920235721,-0.08013830010548503,0.2973087380718546,4.677301827062558,4.0,1.0,-0.09942817567486484,-0.0694912936653567,0.30185140381069414,2.3417521462292337,4.0,1.0,-0.10590446517512098,-0.05837389269348165,0.2936498765882153,4.639686131271535,4.0,1.0,1.0,0.0,0.0,0.0,1.0,0.0,0.0,0.0,1.0,0.0,0.0,0.0,369
-0.12603595039116328,-0.02547313523953107,0.2788697888158354,7.775977516725146,4.0,1.0,-0.14823085528286825,-0.04822246146054282,0.2892700475427283,6.822534284618127,4.0,1.0,-0.15422343975013195,-0.07296559325520112,0.29612201441571395,5.250260607827697,4.0,1.0,-0.1550175316665974,-0.0964064778255317,0.29773982065669846,4.707479559281357,4.0,1.0,-0.14638692468697534,-0.12593711102022112,0.30437173809934026,2.0801155963985636,4.0,1.0,-0.14140739242179456,-0.09744119637254618,0.2723855102765662,4.2038717764324725,4.0,1.0,-0.1393576322979488,-0.11172251236297247,0.29596965964318317,4.19879383458572,4.0,1.0,-0.13993026805148606,-0.09506447204024068,0.3025769772246847,4.58065868446894,4.0,1.0,-0.14291684443970304,-0.07770862665384792,0.3001520790192866,11.398606070126277,4.0,1.0,-0.12125966106087561,-0.09875207054961332,0.2684227057684171,4.863781230923205,4.0,1.0,-0.12150650071089722,-0.10252836191372647,0.2963305307156188,2.9877398606226944,4.0,1.0,-0.12547032712639503,-0.08703065239056185,0.3049361359625031,4.615848659758689,4.0,1.0,-0.13262281960585048,-0.06985731077478666,0.30240679489504185,7.685286918607467,4.0,1.0,-0.10214324079848267,-0.08592200209452325,0.2717247276376532,5.2528259178967405,4.0,1.0,-0.1057894983639173,-0.09195600479259855,0.2970480550022132,3.0996372467138187,4.0,1.0,-0.1124559653347932,-0.07641526607022978,0.30403891918858555,3.138895432458129,4.0,1.0,-0.11997831518471606,-0.060900315335887335,0.2963229270982416,6.528446913281074,4.0,1.0,-0.08852492833917283,-0.07498706990459299,0.2783501351926162,6.358108207974895,4.0,1.0,-0.09215270383540783,-0.08017254908858171,0.2963388248720922,3.8180164540080455,4.0,1.0,-0.09915892075210242,-0.06938528220312028,0.3007280109766487,1.657761726426893,4.0,1.0,-0.10569581410198402,-0.058388936928262164,0.29255814066776487,4.038369006203111,4.0,1.0,1.0,0.0,0.0,0.0,1.0,0.0,0.0,0.0,1.0,0.0,0.0,0.0,370
-0.1254848520796081,-0.026035549468507432,0.27779921684355063,7.524231137446376,4.0,1.0,-0.14776940946263648,-0.048441330278048124,0.2888388841243146,7.009721456720695,4.0,1.0,-0.15397748927353208,-0.07318225546482308,0.29595147987280584,5.000302649169254,4.0,1.0,-0.1547779878671099,-0.0967553944853411,0.29788911078076125,4.228633146358012,4.0,1.0,-0.14652350614410098,-0.1261566862801429,0.3044712271773635,2.3603586193672585,4.0,1.0,-0.1415921248800513,-0.09804815146788824,0.2724173156400793,3.8816405322340914,4.0,1.0,-0.14001020431376265,-0.11283862035679533,0.29515954621030327,6.490927806232729,4.0,1.0,-0.14045169874224428,-0.09628599120848617,0.302307563544646,6.857498192564091,4.0,1.0,-0.14338637766499088,-0.07891526414342767,0.2997331838350723,12.629179159328004,4.0,1.0,-0.1215480618695189,-0.09966579955416918,0.2681432762535803,5.211175280210025,4.0,1.0,-0.12152323814205328,-0.10425691250560273,0.2957691426198609,3.975713966338851,4.0,1.0,-0.12527369312610037,-0.08878795543936414,0.30445431080795254,5.431045162974489,4.0,1.0,-0.13224099640159045,-0.07182578431835018,0.30174109630341484,9.674622331456064,4.0,1.0,-0.10232183867511566,-0.08697688077807333,0.2708891349386298,5.683739461934646,4.0,1.0,-0.10530355425272812,-0.09416384940216768,0.29614791557161324,4.217684367968531,4.0,1.0,-0.1118098005613797,-0.07856793198685554,0.3031625454926841,2.7093337070077275,4.0,1.0,-0.11939992951515482,-0.06319780543543439,0.2954184346094739,6.114111811765807,4.0,1.0,-0.08854226837945092,-0.07605878515025843,0.2770371989466171,6.673014245770622,4.0,1.0,-0.09159163908837964,-0.0818259221630117,0.295145211696938,4.6245266905519,4.0,1.0,-0.09863493453841075,-0.07117973309812886,0.29991098244465425,2.636668000498199,4.0,1.0,-0.1053150406595774,-0.06023964900081236,0.29221423092945925,4.036297599656184,4.0,1.0,1.0,0.0,0.0,0.0,1.0,0.0,0.0,0.0,1.0,0.0,0.0,0.0,371
-0.12477428945952937,-0.026838418147301448,0.27842246741783494,8.213572032163166,4.0,1.0,-0.14662590994880625,-0.04919307098258721,0.28963617690111854,7.261006273583191,4.0,1.0,-0.15312068710779023,-0.07384769264537473,0.296504803977252,4.318262576156616,4.0,1.0,-0.15476538727370756,-0.0973286391430643,0.298216967203702,4.301205398121145,4.0,1.0,-0.14727981681191502,-0.1269481650129002,0.30484380343481526,2.2288404493343474,4.0,1.0,-0.14140564778978157,-0.09855791381576888,0.2725592432986566,3.03991162295849,4.0,1.0,-0.1391539448300337,-0.11404337549872078,0.29508347393901746,5.83262737400356,4.0,1.0,-0.1391907181472131,-0.09746262450164103,0.30255049915345034,6.14506421796221,4.0,1.0,-0.14177325480486228,-0.07938759225585043,0.3004100071385081,10.011410426825439,4.0,1.0,-0.12172693395670428,-0.10032598148120143,0.26769706763827605,4.318365523207034,4.0,1.0,-0.12059452764803497,-0.10554825443528125,0.29518283802478007,3.5304655649702337,4.0,1.0,-0.12387553721398255,-0.09009811085540678,0.30419111750365835,4.016780254550692,4.0,1.0,-0.13061062403573823,-0.07265853863604091,0.3015643669848332,6.2093735623703115,4.0,1.0,-0.1025386325031018,-0.08776698328454596,0.2699986394887354,5.13113726465515,4.0,1.0,-0.10467894985152115,-0.09614479661206672,0.29496791190649324,3.7978598439444973,4.0,1.0,-0.11091749689137465,-0.0808382270924064,0.3029355853931486,2.571165972144433,4.0,1.0,-0.1183224866752728,-0.06489308973430116,0.29568495285610386,4.913148489974786,4.0,1.0,-0.08868958594835533,-0.07703368350464883,0.27584597987982445,6.380441499754674,4.0,1.0,-0.0909717286071003,-0.08383361833192893,0.29364965919492936,4.2777634567062055,4.0,1.0,-0.09808137489678324,-0.07369199244359288,0.2994904259641367,2.6798380291763357,4.0,1.0,-0.10517861217832392,-0.062277968969406426,0.2927748880901342,2.9656579537228027,4.0,1.0,1.0,0.0,0.0,0.0,1.0,0.0,0.0,0.0,1.0,0.0,0.0,0.0,372
-0.1251263274282712,-0.027982957186556197,0.2768717566315371,6.316445952963311,4.0,1.0,-0.14649084979321514,-0.05035028164010171,0.2880587708220548,5.330544356743451,4.0,1.0,-0.15294047845974446,-0.07552805568623311,0.2952299438537878,4.08831958811559,4.0,1.0,-0.1532145695890897,-0.09972797963137994,0.29813804225883234,5.043009612080449,4.0,1.0,-0.14144277755342263,-0.12466539333559955,0.3090222795046544,15.311865796009192,4.0,1.0,-0.1411057396352422,-0.10203200968186353,0.2711164530966753,4.219087009477516,4.0,1.0,-0.13634209373541162,-0.12132543289758367,0.2914132150134412,3.704982867555692,4.0,1.0,-0.13465168809035852,-0.1080205317789342,0.3017961776522357,7.475476913221265,4.0,1.0,-0.13532851801022874,-0.09068913933671122,0.30358839223718087,9.39105939311074,4.0,1.0,-0.12131850014285633,-0.10430010262928428,0.2660789419248021,4.020211345377425,4.0,1.0,-0.1181563799724512,-0.1128816797237288,0.2919524242701908,4.0463523346807975,4.0,1.0,-0.11999017669912816,-0.09910304022256426,0.30290525801631346,8.120302291657055,4.0,1.0,-0.1252741903771491,-0.08215009783556464,0.3034214757583795,8.284841128835396,4.0,1.0,-0.10197396175969609,-0.09151993297449565,0.26804072500497156,3.9230461633494986,4.0,1.0,-0.102212900273749,-0.10254585984280096,0.2914343286098409,2.908925625305226,4.0,1.0,-0.1066519197402422,-0.08871877413490621,0.30189251350270413,7.026446879059728,4.0,1.0,-0.11333212184641754,-0.07236788878478244,0.2976616934169737,6.523086324434088,4.0,1.0,-0.08792910991814619,-0.08034767657682955,0.27350253674008546,4.341559557951368,4.0,1.0,-0.08894697065012387,-0.08902883357221773,0.2897460695151302,1.6635181744499676,4.0,1.0,-0.09521536810065122,-0.07983909611121402,0.2975607018973491,4.666599490320264,4.0,1.0,-0.10216224040914107,-0.06807886575588618,0.29321013152500924,3.644100574274884,4.0,1.0,1.0,0.0,0.0,0.0,1.0,0.0,0.0,0.0,1.0,0.0,0.0,0.0,373
-0.12511408539938756,-0.02901447109822226,0.2734896877307941,5.145616264041774,4.0,1.0,-0.1459566575041605,-0.05143143875594482,0.2851497024645783,4.846230466318877,4.0,1.0,-0.15257764930635648,-0.07604921392866368,0.2943582776369747,5.200326268343746,4.0,1.0,-0.1537516360745886,-0.10039310827123298,0.29917168726396703,7.555998137214668,4.0,1.0,-0.14415761879120853,-0.12633646572066767,0.31008432953246234,13.706299870384974,4.0,1.0,-0.1401599428704365,-0.10449111628897723,0.2692490802469032,3.083587462695179,4.0,1.0,-0.13356190081722755,-0.12688395760234727,0.28711398834862517,2.4253942152430157,4.0,1.0,-0.13202189841721362,-0.11633246593594412,0.30056937499030134,8.142345682086525,4.0,1.0,-0.13343034619428576,-0.09881601743469769,0.30676164503898945,11.123336111496322,4.0,1.0,-0.1205512363373417,-0.10719707270171988,0.26462022120253437,2.7902898231600863,4.0,1.0,-0.11592209956243855,-0.12003539217919931,0.2891680003638251,3.7102836472937635,4.0,1.0,-0.11803697949528455,-0.107362416325157,0.30269893496367506,8.18448003331129,4.0,1.0,-0.12419246127875362,-0.08942186708535248,0.30682332966701126,8.901591577438385,4.0,1.0,-0.1014844439692322,-0.09428595680408396,0.26671049587931284,2.9100911887776846,4.0,1.0,-0.10078627202183368,-0.10842813511212149,0.2888580404744205,2.9839791662631505,4.0,1.0,-0.10461317320747644,-0.09622591245376363,0.3023065767000275,9.249781632372216,4.0,1.0,-0.11135263782467764,-0.07904300100416815,0.301802772311937,11.66378982644278,4.0,1.0,-0.08754842876577645,-0.08286227384395424,0.2722541551573759,3.571774856211114,4.0,1.0,-0.08755941505492339,-0.09352681246153546,0.28726155214350907,2.6955343241429413,4.0,1.0,-0.0931134882058092,-0.08533010661430339,0.29726183282502433,6.025891748959529,4.0,1.0,-0.10029481982963692,-0.07250453300627512,0.29677803306042505,9.15224457499099,4.0,1.0,1.0,0.0,0.0,0.0,1.0,0.0,0.0,0.0,1.0,0.0,0.0,0.0,374
-0.1266398568028163,-0.028774919682721296,0.27207232087320354,4.967221333152194,4.0,1.0,-0.147525237288461,-0.05052912579821121,0.28421077319338156,5.570924505834855,4.0,1.0,-0.1506438126117447,-0.07437349204498703,0.2972818781228574,8.45615906183993,4.0,1.0,-0.14861955878551236,-0.09836480609127722,0.30568948259180934,10.65426544982292,4.0,1.0,-0.13186932689032552,-0.12095847266186599,0.31977021198994293,9.85571164240546,4.0,1.0,-0.1419676950854764,-0.10580839870789947,0.27024199501296625,3.5326453153074437,4.0,1.0,-0.13596607075491873,-0.1314621384762067,0.28609907660530215,4.20542373943746,4.0,1.0,-0.1340697737754825,-0.1284910648839821,0.30412486661421784,5.4119409073083675,4.0,1.0,-0.13690558437790387,-0.11553895582954825,0.3218309624263322,9.043728582692141,4.0,1.0,-0.1222836918314109,-0.10972511053984049,0.2661113423563947,2.3284117976884158,4.0,1.0,-0.11629952934453866,-0.12910341296330682,0.28821216730657995,4.957038231253627,4.0,1.0,-0.11871346197606818,-0.1205365232925355,0.3051135348730973,6.513145686201001,4.0,1.0,-0.1263684431777316,-0.10239010735013604,0.3171208211949838,9.062101701181657,4.0,1.0,-0.10303768036594713,-0.09703275738819915,0.2679327150680802,3.3088896589314483,4.0,1.0,-0.10215721877106494,-0.11442174649685655,0.2869368341652851,4.760792536405836,4.0,1.0,-0.10657048948691461,-0.1029693694506109,0.30194025644558725,6.836622513840375,4.0,1.0,-0.11438701319601356,-0.0844482749753218,0.305663131632419,6.9087742988309175,4.0,1.0,-0.08901216630307168,-0.08549876127417062,0.2731090358929174,4.1844872128587,4.0,1.0,-0.08904473505364416,-0.09791994367541074,0.2862046185632766,3.5541621902175558,4.0,1.0,-0.09511496315443396,-0.09240756970281093,0.29785413211400213,5.301944540415474,4.0,1.0,-0.10370573422890071,-0.07946021656186178,0.3013517531823141,4.689413457265829,4.0,1.0,1.0,0.0,0.0,0.0,1.0,0.0,0.0,0.0,1.0,0.0,0.0,0.0,375
-0.1266898915125062,-0.030051260854013214,0.26851950715668704,6.91818780841338,4.0,1.0,-0.13884534228254566,-0.04989848764291611,0.27127575769088486,19.4534596519197,4.0,1.0,-0.136771344851107,-0.07170668872738543,0.2839975942246422,29.4523676319089,4.0,1.0,-0.13299249634069552,-0.09278748529980288,0.2961657642624522,30.161887018014273,4.0,1.0,-0.12295191160444927,-0.10362016214560896,0.3172560745288825,18.22095672506064,4.0,1.0,-0.13501563895538105,-0.10380375738019697,0.2673138691977759,17.105073042413693,4.0,1.0,-0.13313887559650328,-0.12557716227664187,0.28552955710626293,11.591220190562549,4.0,1.0,-0.1317492859990601,-0.12544332344986237,0.30097459284031375,22.505344703863496,4.0,1.0,-0.12930399449648716,-0.12459009618960833,0.3151967086048779,45.47545854414628,4.0,1.0,-0.12318403628394697,-0.10832947041409599,0.27437206922468754,6.780968443317398,4.0,1.0,-0.11882839873260771,-0.12990724098816747,0.2940712835184415,6.919081297832484,4.0,1.0,-0.11575200142784231,-0.1394446428040147,0.3121268428344655,9.145353489477198,4.0,1.0,-0.11352883108644557,-0.15030645553198393,0.32984573404415135,13.921634877676775,4.0,1.0,-0.11134114962209052,-0.09631902209547255,0.2847021176289228,21.8476783108672,4.0,1.0,-0.1079143046028871,-0.11619826496264843,0.3014099190117787,16.408312692185255,4.0,1.0,-0.10786428956080221,-0.11645972395513984,0.3159939411643974,20.762372890925143,4.0,1.0,-0.11331764190869922,-0.1117298944812345,0.32274874536325693,37.33220211930461,4.0,1.0,-0.10221289503311745,-0.08477798674448991,0.2951580310075085,34.24623302752066,4.0,1.0,-0.10071407603768547,-0.09514197424458404,0.30655830203229056,31.585804795728585,4.0,1.0,-0.1024998511790131,-0.09134562110329268,0.313935696326654,25.862514179090542,4.0,1.0,-0.10757742342566184,-0.08114981795598301,0.31358094887793575,16.701522093522236,4.0,1.0,1.0,0.0,0.0,0.0,1.0,0.0,0.0,0.0,1.0,0.0,0.0,0.0,376
-0.12622827843684434,-0.03117193374505209,0.2621372673531488,11.012712695515958,4.0,1.0,-0.1361866335965575,-0.050979508065044164,0.26857227163075575,22.356018382444,4.0,1.0,-0.1322424764292894,-0.07118478465874127,0.28474194081164333,33.37147557972782,4.0,1.0,-0.1279480829094243,-0.08961494129815707,0.30048251036232193,30.402231802581326,4.0,1.0,-0.1177611132104729,-0.09487949399771721,0.3225590112918182,21.78779009546052,4.0,1.0,-0.13290336374133102,-0.10429066359962998,0.2776451920151517,16.859926696330284,4.0,1.0,-0.13036015106015406,-0.12466261228943191,0.29837749817883996,11.32197828545694,4.0,1.0,-0.12658004030715284,-0.12523295057412484,0.3117189723054352,27.77865024700275,4.0,1.0,-0.12239085865274704,-0.12843923696006557,0.3235492392343569,53.937730696539134,4.0,1.0,-0.12197796076918269,-0.10736047564282535,0.28623274605037236,8.117863489988455,4.0,1.0,-0.11638735450671445,-0.12998264604517498,0.30591072567572497,6.0707590841547034,4.0,1.0,-0.11116276199693427,-0.14436865940948976,0.32245318310828985,6.06668647260864,4.0,1.0,-0.10681171089561192,-0.16429566489518815,0.3381930191667027,5.823060091990655,4.0,1.0,-0.11081952204407079,-0.09355054336639479,0.2944458360327024,24.658165955408663,4.0,1.0,-0.10574066105416181,-0.11231406101053897,0.3121135191253598,17.777857353124933,4.0,1.0,-0.10467184017634114,-0.11026674589596287,0.3238189251202471,26.19110024790963,4.0,1.0,-0.1104129423583287,-0.10216242562315894,0.32664340244326256,42.02334333051571,4.0,1.0,-0.10206644674191859,-0.08043456679811313,0.30257978822687215,37.33209939765264,4.0,1.0,-0.09854395991555569,-0.08807304071852759,0.3140484937629864,31.689167968685695,4.0,1.0,-0.09929598568084175,-0.08062443235983371,0.31906895535864344,22.908904270458876,4.0,1.0,-0.10446611362793692,-0.06871664892041288,0.3167542623116234,15.26894082448148,4.0,1.0,1.0,0.0,0.0,0.0,1.0,0.0,0.0,0.0,1.0,0.0,0.0,0.0,377
-0.12649649555059844,-0.03189740854712813,0.2660022955659564,10.573671181798773,4.0,1.0,-0.13590439573785926,-0.04937899718497174,0.275686060067764,23.7186163716989,4.0,1.0,-0.1317666449988177,-0.06652903485893327,0.29608940138535006,29.69573871382985,4.0,1.0,-0.12539681743925393,-0.08314765114105588,0.31378029184804795,27.507863014514513,4.0,1.0,-0.1118648380128992,-0.08750019270462037,0.33740591431711253,19.42643185804251,4.0,1.0,-0.12926835761234598,-0.10112714072621755,0.29367171864025965,16.955813900307703,4.0,1.0,-0.1235657224809906,-0.1183448293249469,0.3150842461299646,12.000500770429806,4.0,1.0,-0.11886054959616597,-0.11877299486718892,0.3291818328560097,27.046838560735424,4.0,1.0,-0.1133758893009367,-0.12276328399392866,0.3406181805161755,52.13180376073332,4.0,1.0,-0.11727552451056586,-0.10356290743469498,0.30278392001459276,7.943768923354491,4.0,1.0,-0.11012936841317798,-0.12505378457200483,0.3224762738827816,5.663038570186153,4.0,1.0,-0.10378774735930293,-0.13925135442141506,0.33848254127142996,6.896386453205922,4.0,1.0,-0.097854631798028,-0.15967351159156432,0.35283890907120913,9.662500758270465,4.0,1.0,-0.10626993608322263,-0.08910541480397312,0.3087480367497493,24.33186785687642,4.0,1.0,-0.1007709467748339,-0.10711256468477179,0.3272725635848336,19.084763171492995,4.0,1.0,-0.10007530207856355,-0.10510414364829697,0.339462033833857,26.9114860892251,4.0,1.0,-0.10704897038665856,-0.09834065299372538,0.3432524423388141,42.83748323588595,4.0,1.0,-0.0980037749026819,-0.0752172125321842,0.3145671646476049,36.553875655730614,4.0,1.0,-0.0937250739607913,-0.08059702373116107,0.3265433991603038,30.7015146639701,4.0,1.0,-0.09391067120150957,-0.073610269992925,0.3321186002729803,21.996367905904904,4.0,1.0,-0.0994265383145684,-0.06260270618587217,0.3299392476600106,16.3779652638852,4.0,1.0,1.0,0.0,0.0,0.0,1.0,0.0,0.0,0.0,1.0,0.0,0.0,0.0,378
-0.12414515642247229,-0.030245208011818476,0.2697445419957132,12.889862032839714,4.0,1.0,-0.1361089011861849,-0.04341371129798002,0.28366600480979326,21.282941912592662,4.0,1.0,-0.13676437801328223,-0.055400443731052816,0.30798695642932333,17.958565066256334,4.0,1.0,-0.1327368368932639,-0.06862637976155965,0.327629256369362,17.446564520908147,4.0,1.0,-0.11923080334978817,-0.07377170937340741,0.35216066766746407,25.492048928411187,4.0,1.0,-0.12653971053593596,-0.09554772723417168,0.30283569574594466,19.480933276214255,4.0,1.0,-0.1198750514806089,-0.11391426843595318,0.3252983038197323,13.820638575208747,4.0,1.0,-0.11535877750614472,-0.11432607724420936,0.34049612651243644,27.351331596084997,4.0,1.0,-0.10901206390941932,-0.11800538857022427,0.35247934761682354,52.3148654261356,4.0,1.0,-0.11252389500020418,-0.10072309922238967,0.31050243086442864,5.0212212097923015,4.0,1.0,-0.10580810764396982,-0.12112497252584005,0.331610645353517,2.213220601718863,4.0,1.0,-0.09964290818219866,-0.13488409523594116,0.3481773348608885,3.1536427134165943,4.0,1.0,-0.09325672299626717,-0.1556234955464303,0.3631486270445112,7.30303823178256,4.0,1.0,-0.10070452016707446,-0.0885322684287861,0.3147944102175776,16.673896262168867,4.0,1.0,-0.09529257709285437,-0.10531860642298528,0.33503545976400806,13.475222078957174,4.0,1.0,-0.09532391920079446,-0.10262220610666357,0.34679617289985953,29.039002030829664,4.0,1.0,-0.10216266327266879,-0.09871449357492187,0.34928367828743456,52.27625722039655,4.0,1.0,-0.09234801193490133,-0.07592637109357708,0.3194453937078662,29.655715089698823,4.0,1.0,-0.08814831565939066,-0.08788503597422505,0.33448814726490816,27.241164815858404,4.0,1.0,-0.08937179991885846,-0.08973545977756822,0.34400453320909175,33.36637480860974,4.0,1.0,-0.09645349729025428,-0.0888345655407675,0.3463386831118717,47.67777726009326,4.0,1.0,1.0,0.0,0.0,0.0,1.0,0.0,0.0,0.0,1.0,0.0,0.0,0.0,379
-0.1245060128393887,-0.028086857280392195,0.2720872880431631,11.227123219056189,4.0,1.0,-0.13774102867314786,-0.04034270412358753,0.2869166398652411,18.801160841607096,4.0,1.0,-0.13755935835021832,-0.05241649329189217,0.31007088195779325,19.30957320602033,4.0,1.0,-0.13265617309427097,-0.06553604218291467,0.3284600675191242,20.807586669226154,4.0,1.0,-0.11851264204783907,-0.07052782470830118,0.35204479985608167,24.410357888123883,4.0,1.0,-0.1277781251543363,-0.09205766156817234,0.3052426428418142,17.431706167679483,4.0,1.0,-0.12097355760569507,-0.11035303688348015,0.3277516539092821,13.891218284728122,4.0,1.0,-0.11669784871440651,-0.11073123630356294,0.3431144659039576,27.558074168954413,4.0,1.0,-0.11028732876725454,-0.11450646019581001,0.35462341135464726,52.40724611026252,4.0,1.0,-0.11305553125749086,-0.09779220170142959,0.3122663417646425,4.072429298666284,4.0,1.0,-0.1064645047441212,-0.11778885577157798,0.3335927912791284,1.05502298950013,4.0,1.0,-0.10021606023243955,-0.13143891371560815,0.35023908465851306,3.227330959696987,4.0,1.0,-0.09342890693747567,-0.15209330921900632,0.3650566260615605,8.280866259294228,4.0,1.0,-0.10071597792528532,-0.08632754141868129,0.3161636689444416,15.639997832450282,4.0,1.0,-0.09591257754586476,-0.10257707907393654,0.3369291231107823,13.457971562873261,4.0,1.0,-0.0964413366659694,-0.09985531605092282,0.34904083580016665,29.22539645047131,4.0,1.0,-0.1038304485295565,-0.09602895334955713,0.35143566606739446,52.29857846944698,4.0,1.0,-0.09213056123676143,-0.07416840151853976,0.3206448806999848,28.297988374072588,4.0,1.0,-0.08854497948015477,-0.0861201138224784,0.336100329302635,26.5797138121157,4.0,1.0,-0.0902754970422611,-0.08795624442026133,0.3458203772612987,33.15311227009384,4.0,1.0,-0.09777807218554685,-0.08700163345827606,0.3477749073401646,47.483863587498476,4.0,1.0,1.0,0.0,0.0,0.0,1.0,0.0,0.0,0.0,1.0,0.0,0.0,0.0,380
-0.12562653407270266,-0.026249042596037043,0.2720913915310119,12.20520442529121,4.0,1.0,-0.13530725022156684,-0.04310531470298204,0.28401408002644896,25.811770083580488,4.0,1.0,-0.13289821542816185,-0.059317988013717064,0.3052425464013055,29.434892805869794,4.0,1.0,-0.12781789416031605,-0.07484605186530809,0.3239501286627438,25.83513578820043,4.0,1.0,-0.1152097214804884,-0.07626001691999881,0.34800271810493416,21.13253523157701,4.0,1.0,-0.12894492164280502,-0.09364230328133569,0.30580391114936234,17.414112844697637,4.0,1.0,-0.12259204703954021,-0.1103686433254234,0.32795434334618123,12.01059622431449,4.0,1.0,-0.11712686260443664,-0.11081590397634275,0.34134190480554943,28.255218984282052,4.0,1.0,-0.11050776911551427,-0.11484386495157092,0.3521205800925741,53.60368928972976,4.0,1.0,-0.11690127400561798,-0.09573714057254898,0.31465086347990046,4.01106526214614,4.0,1.0,-0.10935957595312341,-0.11660810008887688,0.33483893213762594,3.740674291741801,4.0,1.0,-0.10267902846485821,-0.13070821235473903,0.3507523491377244,5.29922456323351,4.0,1.0,-0.096118257180575,-0.15137207679799533,0.3652541372403731,8.62485810211958,4.0,1.0,-0.10579626596353654,-0.08119626201175954,0.3193150596877379,22.526231604622083,4.0,1.0,-0.10046039423495813,-0.09829830966777711,0.33879264068588233,16.636278823967356,4.0,1.0,-0.10098737883088592,-0.09513333235587561,0.3509047329028747,28.775005011710277,4.0,1.0,-0.10831014049856173,-0.09130884257068264,0.35312379286622525,50.792662690594,4.0,1.0,-0.09742737270499359,-0.06717796334961207,0.32391264507955825,35.08109363233043,4.0,1.0,-0.09404648564214796,-0.07340927673309286,0.33720703528446494,30.55839542550043,4.0,1.0,-0.09524438457150139,-0.06714329399470748,0.3434975280256108,21.886147681715112,4.0,1.0,-0.10169011363909326,-0.056228015460606615,0.3405779532125882,12.873398579976657,4.0,1.0,1.0,0.0,0.0,0.0,1.0,0.0,0.0,0.0,1.0,0.0,0.0,0.0,381
-0.12721953566038746,-0.024005707827309583,0.2719465025371225,10.618666780744928,4.0,1.0,-0.13667331609395858,-0.04139776838063934,0.28386100763611455,25.027776477964544,4.0,1.0,-0.13425820331617966,-0.05707569726029223,0.3061105501499614,27.467629058059615,4.0,1.0,-0.1289655899994595,-0.07199296304339785,0.32557508727621015,23.02549575638288,4.0,1.0,-0.1153651122060499,-0.07352924581829699,0.3501105480722144,18.39425494872655,4.0,1.0,-0.12943031311608952,-0.09169585907679907,0.30707948987918626,16.789578325111872,4.0,1.0,-0.1225035061579351,-0.10840130470432618,0.32937428227235344,11.949100557211292,4.0,1.0,-0.11675493672452796,-0.10915304014126131,0.3427918514022762,28.163451817357597,4.0,1.0,-0.10992413299589336,-0.11337814850254649,0.35378169820052935,52.74849419503814,4.0,1.0,-0.11721315213494786,-0.09326963760839549,0.31633710617547733,3.881739306995265,4.0,1.0,-0.10955943767939845,-0.1141508307247716,0.33652368349450534,4.152667012216679,4.0,1.0,-0.10274590831650939,-0.12830034697727624,0.35243361704675785,5.4831308922485515,4.0,1.0,-0.09590416390286492,-0.14889393744558796,0.36699082695137786,9.41264906361274,4.0,1.0,-0.10614998848853581,-0.07823898218350941,0.32092448339859997,22.357804392540032,4.0,1.0,-0.10043577117152265,-0.09545435088663556,0.340581461111895,16.423007495159908,4.0,1.0,-0.1013995191438971,-0.09271360504599281,0.3515080560754707,28.096378080238964,4.0,1.0,-0.1095273405966197,-0.08885842202310405,0.35233917679724375,50.084308508492455,4.0,1.0,-0.09785372149905319,-0.06390313763525615,0.3253241712671654,34.64184729809658,4.0,1.0,-0.09470540415893519,-0.07048874234680678,0.33868947675491706,29.888966041365638,4.0,1.0,-0.09647240885933978,-0.06476257753183967,0.34459435132621563,21.563121753745396,4.0,1.0,-0.10342930738282259,-0.05436543579394975,0.34114072423538905,11.874832700627223,4.0,1.0,1.0,0.0,0.0,0.0,1.0,0.0,0.0,0.0,1.0,0.0,0.0,0.0,382
-0.12751625784090603,-0.023409549686771863,0.2741995078845008,10.05560984932787,4.0,1.0,-0.13875868106682546,-0.03823139997066846,0.28796751263356507,21.764476345735908,4.0,1.0,-0.13798666701442877,-0.05096205033098002,0.31223672270897723,18.9832942815331,4.0,1.0,-0.1328975387285212,-0.06443675820749137,0.33192400831691576,17.228483426642214,4.0,1.0,-0.11809701767749291,-0.06938714848840863,0.356317564104673,21.667814177320224,4.0,1.0,-0.1296775247380875,-0.08997907052883952,0.3081229301892601,17.788014868418813,4.0,1.0,-0.12309980644006875,-0.10563344796150671,0.3309630759435069,14.27479341788305,4.0,1.0,-0.11749774487171365,-0.10595606639841125,0.3452613456442471,29.9662845136949,4.0,1.0,-0.11050082644242593,-0.10990276871777542,0.35679111233300886,53.941143958620074,4.0,1.0,-0.11610236037395362,-0.09371753855687352,0.31600226560874545,1.8677345336032396,4.0,1.0,-0.1083065451022126,-0.11420995248047652,0.33676619730872204,1.3129138391710342,4.0,1.0,-0.10134013599489053,-0.12795657387005868,0.35306458160793125,3.543209344993488,4.0,1.0,-0.09398454686192236,-0.14833837909846737,0.3676817409068384,8.945540928038287,4.0,1.0,-0.10447630480683463,-0.08029268145093185,0.32016126732282535,18.038545753330176,4.0,1.0,-0.09876957549052387,-0.09727760468290725,0.34024846614569676,13.150364406977605,4.0,1.0,-0.09957316315056808,-0.09455144478725104,0.3513246378378328,28.6168522260633,4.0,1.0,-0.10748016706012088,-0.09071166317094981,0.35210301837353225,51.634473464226446,4.0,1.0,-0.09603605969597305,-0.06689944392186065,0.324626390585957,30.77131623500089,4.0,1.0,-0.09325336757785678,-0.07562434520154325,0.33963810423361057,27.102109267049162,4.0,1.0,-0.09620506142153934,-0.07119989302997438,0.34782485446682676,22.540995942511202,4.0,1.0,-0.104917759069563,-0.061095276710228824,0.3464326162854339,16.968263924341123,4.0,1.0,1.0,0.0,0.0,0.0,1.0,0.0,0.0,0.0,1.0,0.0,0.0,0.0,383
-0.1287883256390598,-0.022848310308957908,0.2757163161765983,9.00595464268066,4.0,1.0,-0.1290176533533404,-0.03625506109785415,0.2940558988545034,36.719736360762866,4.0,1.0,-0.12640063210943275,-0.04933735105591292,0.3183150555146017,33.03914681805212,4.0,1.0,-0.12216814219865929,-0.0631692365576313,0.33701203446356287,24.55631702176681,4.0,1.0,-0.11567717264808243,-0.06948222331487151,0.35738704345659156,24.130161284706674,4.0,1.0,-0.11745884337892729,-0.08481518174535634,0.31609485912414553,39.99708940188201,4.0,1.0,-0.11360211222829909,-0.09766548385183865,0.33790502421834717,34.015053359616736,4.0,1.0,-0.11615375482390593,-0.08780753815832844,0.35221017154805334,33.200438459883706,4.0,1.0,-0.11934899229307792,-0.0752282479165833,0.36431712048094245,43.033816211171235,4.0,1.0,-0.11288584470933144,-0.09054359411998,0.3199985033110847,9.481309051785734,4.0,1.0,-0.10579226078866963,-0.11048023438157506,0.34023423747448234,7.139923504429186,4.0,1.0,-0.10058201948430007,-0.12391584104224422,0.3556363940336077,4.081927234814024,4.0,1.0,-0.09400136621723758,-0.1432930411613085,0.369894994601885,5.827407931757924,4.0,1.0,-0.11235815414541708,-0.08069452123742243,0.31858813793235324,27.66173134795283,4.0,1.0,-0.10489177612129011,-0.09918851377074824,0.3386529220826161,23.530517232123074,4.0,1.0,-0.10056235823460408,-0.10882644369954131,0.34753916204657437,31.703068363815447,4.0,1.0,-0.09827100318192833,-0.12004102869497234,0.3471143227449603,46.1803547904123,4.0,1.0,-0.11303154698602487,-0.07027962441351258,0.3183475904924988,53.8873413939949,4.0,1.0,-0.10911342365866387,-0.07884838171387097,0.3334082456571778,50.34208460976528,4.0,1.0,-0.10692492334687642,-0.07947185823832267,0.3405618251628095,48.615531213343296,4.0,1.0,-0.10547680703739959,-0.07933006747631977,0.3379053798282791,50.511655485009335,4.0,1.0,1.0,0.0,0.0,0.0,1.0,0.0,0.0,0.0,1.0,0.0,0.0,0.0,384
-0.1286386926845095,-0.023913399239044498,0.2750796503905038,9.36985944341114,4.0,1.0,-0.13071883681728438,-0.035264457432369764,0.29485816316307795,34.572256005022716,4.0,1.0,-0.1279396443425498,-0.0482140628858609,0.319222997087776,31.508999399346706,4.0,1.0,-0.12248780058646644,-0.06222594113456599,0.33754940315820114,24.63891685288896,4.0,1.0,-0.11421792710294751,-0.07072878400616751,0.3576291794047362,23.614532468151417,4.0,1.0,-0.11714961919713976,-0.08282764964924624,0.3162234411506162,41.423223088556924,4.0,1.0,-0.11321597032520804,-0.09644261907631649,0.3385004131413318,34.51134270261272,4.0,1.0,-0.11638434054901159,-0.08756827624626504,0.35324016158421945,31.11124578296066,4.0,1.0,-0.12026121989404598,-0.07579063792446461,0.3655307000344475,40.40212503603892,4.0,1.0,-0.11086803351996259,-0.09015707312772665,0.31941256353153663,12.450348096591773,4.0,1.0,-0.1040798900870946,-0.10998580327696966,0.3396463560858206,9.878560725112688,4.0,1.0,-0.09904085955919696,-0.12367128539963053,0.3549969751116392,5.690053441608844,4.0,1.0,-0.09236251850367612,-0.1432160615882898,0.36919303631881606,5.653353161220274,4.0,1.0,-0.10940055624945828,-0.08235034113191637,0.31744117056565957,25.23463049845387,4.0,1.0,-0.10206706584370485,-0.10056808878666498,0.3376857008953458,21.371916378943105,4.0,1.0,-0.09797111142897512,-0.11030920154132236,0.34663015677637343,30.21983644042664,4.0,1.0,-0.09579733297243412,-0.12154605431481953,0.3464750320567604,44.42996434805406,4.0,1.0,-0.10974843060593285,-0.07356493401403372,0.3168172542529637,52.09604897240322,4.0,1.0,-0.10442996654426125,-0.08666073558477067,0.3316791782073751,47.7459649494621,4.0,1.0,-0.10161069697367843,-0.09530402578738116,0.3408510563761092,46.78944143858801,4.0,1.0,-0.10021411634783944,-0.10528134260984957,0.34287348081951596,47.21400042537114,4.0,1.0,1.0,0.0,0.0,0.0,1.0,0.0,0.0,0.0,1.0,0.0,0.0,0.0,385
-0.12688231365244146,-0.023246122305930855,0.2745071234080089,9.979458143821928,4.0,1.0,-0.13762627604816405,-0.03773228077472068,0.2887407581730806,22.87984412371397,4.0,1.0,-0.13628810943532124,-0.049959112665832875,0.31345494827077997,18.972000660553427,4.0,1.0,-0.130800776670825,-0.06320739830613614,0.3330104499161985,16.244907691142465,4.0,1.0,-0.11467270739512546,-0.06779161617610878,0.35718910785007285,20.91375782578494,4.0,1.0,-0.12804697599029236,-0.08877692793609712,0.3095109200968168,18.223511537974264,4.0,1.0,-0.12064109774310074,-0.10564592716390683,0.3318828504797039,14.342540834917521,4.0,1.0,-0.1149605200848812,-0.1060023751510987,0.3462650358621289,28.799059227779892,4.0,1.0,-0.10781929075913137,-0.10989386948091816,0.3573380546512282,52.52189716794044,4.0,1.0,-0.11452058117031434,-0.09239762846476825,0.317183173442015,1.3707778137000344,4.0,1.0,-0.10635658511815786,-0.1125903825844703,0.3377089360729176,2.3403127204440954,4.0,1.0,-0.09894020930802122,-0.12609427755164496,0.35382195618914836,3.3928189159684488,4.0,1.0,-0.09108067483745692,-0.14617623433368765,0.36815022791539204,8.63108740576259,4.0,1.0,-0.10302967536707719,-0.07910743624479086,0.32099083738703305,17.686806184125857,4.0,1.0,-0.09734735466953379,-0.09573901167752097,0.34112699660196294,13.09201998330197,4.0,1.0,-0.09868871912092504,-0.09285203429969198,0.35161942835798327,28.706770127677647,4.0,1.0,-0.10685215867852779,-0.08929206450111704,0.3518769637700336,51.13229200296469,4.0,1.0,-0.0947327270934885,-0.06584762211514358,0.32514485756438627,30.378967794352285,4.0,1.0,-0.092185601659826,-0.07246229523881621,0.3399362121012613,27.408214812138002,4.0,1.0,-0.09549441601332317,-0.06619286786918334,0.3471988539479777,21.591448258594834,4.0,1.0,-0.10393025407503646,-0.05536201033069061,0.34460747628761357,12.820992125137128,4.0,1.0,1.0,0.0,0.0,0.0,1.0,0.0,0.0,0.0,1.0,0.0,0.0,0.0,386
-0.12634887326588806,-0.02365226772151957,0.27336487694130174,10.599957146244018,4.0,1.0,-0.13827358096739817,-0.036246740229179834,0.2888931290142746,19.269200633497633,4.0,1.0,-0.13738365435822789,-0.048388140863429116,0.3125170654541206,17.68731956928816,4.0,1.0,-0.13216966109928588,-0.061884317271602866,0.3310957130713273,18.187153012701202,4.0,1.0,-0.11688124991103127,-0.068444878697681,0.35509457917903475,23.66196281542429,4.0,1.0,-0.12797037760380983,-0.08760211419954356,0.30832099620018466,16.556724311051674,4.0,1.0,-0.12059504604795732,-0.10506756450966376,0.3312415211262321,12.809339390659272,4.0,1.0,-0.11526364361674153,-0.10566401249945206,0.34659202466770794,26.655828305855387,4.0,1.0,-0.10820469724951229,-0.10972913188367349,0.35881755493212014,50.967415130657145,4.0,1.0,-0.11360829336330731,-0.09279717844959544,0.3149534630177554,1.823236004747861,4.0,1.0,-0.10544708425401791,-0.11278736366714076,0.3363918068347801,1.1471589493866072,4.0,1.0,-0.09800115419785661,-0.12631995760210785,0.3529879937479125,2.681482316545102,4.0,1.0,-0.08998644928592117,-0.14658751717135274,0.3679723148031386,7.109193965254381,4.0,1.0,-0.10164459978892437,-0.08091027463352407,0.3180747716091499,16.60251583866979,4.0,1.0,-0.0960936643604237,-0.09701461363955072,0.33788673506733713,13.849877387685211,4.0,1.0,-0.09658030130784129,-0.09360140042867943,0.3495734199429713,30.985774109176788,4.0,1.0,-0.10378021684934104,-0.08984131010599744,0.35173347591541476,55.74460306601928,4.0,1.0,-0.09321369314504016,-0.06848555044490734,0.3218427946254401,29.336421167569522,4.0,1.0,-0.08873921274474757,-0.08016100082595709,0.33625547922420534,26.903025019051668,4.0,1.0,-0.09030151114575208,-0.08132841585854451,0.34574107420251404,33.83520494521249,4.0,1.0,-0.09786567729656602,-0.07982386471928025,0.34838935512413055,48.259834455268205,4.0,1.0,1.0,0.0,0.0,0.0,1.0,0.0,0.0,0.0,1.0,0.0,0.0,0.0,387
-0.126190580687332,-0.02298856727695051,0.27390092438423597,10.583734524383786,4.0,1.0,-0.13785732476149676,-0.035981125084245044,0.2894629371948153,20.284503149293222,4.0,1.0,-0.13684830673803253,-0.04813875305023024,0.3130623220434814,18.89606854891193,4.0,1.0,-0.1315181699251773,-0.06153134838593867,0.3316499812402246,18.878391828194594,4.0,1.0,-0.11620671880913949,-0.06718038592759436,0.3552424845141576,23.827477974931544,4.0,1.0,-0.1272127072375535,-0.08733300044920096,0.3091512068014994,17.868010895121728,4.0,1.0,-0.1198364402320791,-0.10432640927837747,0.33199943830284023,13.41477236015756,4.0,1.0,-0.11417561651778906,-0.1047545719456552,0.3468999330932666,27.760845388933028,4.0,1.0,-0.10678208064165791,-0.10888377830034607,0.3586460901905878,51.75331211678234,4.0,1.0,-0.11288581383510235,-0.09218134993144603,0.315802078954842,2.422629256435525,4.0,1.0,-0.1046302755661317,-0.11231188483811894,0.33677861199540676,1.1193573235899779,4.0,1.0,-0.09727518276404011,-0.12590308536549996,0.3530329040533386,2.48930920545826,4.0,1.0,-0.0896178763033293,-0.14620334117201628,0.3671941016684213,7.394266872139004,4.0,1.0,-0.10102135332465025,-0.0799689308763545,0.3188384053711647,15.808229105987332,4.0,1.0,-0.09517373281477512,-0.09656515005288821,0.3386263308421021,12.338434142788671,4.0,1.0,-0.09527350132442414,-0.09337020929692696,0.3496247621483456,29.168254114768125,4.0,1.0,-0.10214917876183043,-0.08951285921233143,0.35114681504477496,52.40842689982306,4.0,1.0,-0.0926615916046266,-0.06734900649576318,0.32250080745747034,28.618832098950392,4.0,1.0,-0.08817732241765769,-0.07910292380643193,0.33677357098717703,25.665864003182467,4.0,1.0,-0.08979977834948678,-0.08034699692130967,0.34600603949665887,32.3069567497014,4.0,1.0,-0.09763754740557193,-0.07836179194066582,0.3484837762736719,45.84856307002745,4.0,1.0,1.0,0.0,0.0,0.0,1.0,0.0,0.0,0.0,1.0,0.0,0.0,0.0,388
-0.12584366352906526,-0.02378734320670302,0.2733259107356253,11.85491338597685,4.0,1.0,-0.13736247397306986,-0.036089288407223835,0.28862587124380473,20.04390195173351,4.0,1.0,-0.1363182329994085,-0.047992996649782876,0.3126896685515062,18.6047226945097,4.0,1.0,-0.13107969606454015,-0.06126455195791981,0.33206510593255695,18.166379636725026,4.0,1.0,-0.11559100425260244,-0.06799592755629948,0.3562604538916745,22.892463438694623,4.0,1.0,-0.12657507014572117,-0.08737596337870647,0.3078033960473036,18.19326091106506,4.0,1.0,-0.11867859979904806,-0.10419535786186092,0.3299949032537135,15.846654556319265,4.0,1.0,-0.11310527925122886,-0.10460651175133019,0.3450474796216495,29.879008788322857,4.0,1.0,-0.10562591453433942,-0.10850082632896713,0.3570057327827851,53.867838565177365,4.0,1.0,-0.11232789671852425,-0.09282647178376029,0.3145089781280717,3.3134601438539795,4.0,1.0,-0.1040727851488602,-0.11280611524011527,0.33586650829185405,1.0468504220995754,4.0,1.0,-0.09656651970127451,-0.1261764727527868,0.3524922279318209,2.384046017585019,4.0,1.0,-0.08838154804290745,-0.1459893328367608,0.36764350460066386,7.962690370310144,4.0,1.0,-0.10059001178217242,-0.0812183069779287,0.3177819230368806,15.953320600144261,4.0,1.0,-0.09488236389562016,-0.09733577932028704,0.33817402858162865,13.973336196768994,4.0,1.0,-0.09529165219663178,-0.09412286313315558,0.34971915497071354,31.032540901729263,4.0,1.0,-0.1028045804251816,-0.09046659470396341,0.3510953404453661,54.24222829154985,4.0,1.0,-0.09235143124381891,-0.06903759042061537,0.321672072621909,29.096062506460967,4.0,1.0,-0.08815259783644822,-0.08037733280961058,0.3368420094676348,27.750685070800436,4.0,1.0,-0.08978858508848998,-0.08139908647204006,0.34669090886879395,34.98697346754511,4.0,1.0,-0.09732432065079653,-0.07990654009178344,0.34904078628694557,49.37204649634032,4.0,1.0,1.0,0.0,0.0,0.0,1.0,0.0,0.0,0.0,1.0,0.0,0.0,0.0,389
-0.12539590692941782,-0.02295573975229229,0.27264189313618054,11.1111295409896,4.0,1.0,-0.13564019059583776,-0.03695297870444453,0.2871880502017934,21.309425109457575,4.0,1.0,-0.13453264307482737,-0.049577577321456665,0.3113891708224188,18.23574567698886,4.0,1.0,-0.1294397198732709,-0.06313096827456582,0.33110861698201344,15.961271334599504,4.0,1.0,-0.11458800680950876,-0.06706709772886463,0.3549967235477944,23.153120275413627,4.0,1.0,-0.12538997102822116,-0.08815399412491738,0.30725173072973283,18.225714181375036,4.0,1.0,-0.11795787226772836,-0.10429414331848139,0.3301152208260103,14.652996919418793,4.0,1.0,-0.1118581532661489,-0.10468526408490689,0.34466923906491276,30.17117976339781,4.0,1.0,-0.10399355678289592,-0.10878818812384979,0.3566118821433329,54.894908343655956,4.0,1.0,-0.11196687944926459,-0.09229318383851126,0.31436152767116804,2.2410712218549733,4.0,1.0,-0.10350220729192927,-0.1125295626134341,0.3355433674985923,0.6540776055207586,4.0,1.0,-0.09606005412413535,-0.12627782240172375,0.3519765106952317,2.670951316739066,4.0,1.0,-0.08836018573768499,-0.1465427894539879,0.36683652752848267,7.509274821622201,4.0,1.0,-0.10077274195838906,-0.07946570519136101,0.3177732152971645,17.73096352792267,4.0,1.0,-0.09459322338719835,-0.09587630008510001,0.3374241569138562,14.420677235331846,4.0,1.0,-0.09437311981207684,-0.09216881972384776,0.3489955201813889,31.09440004307973,4.0,1.0,-0.10132251412204107,-0.08805280347186706,0.3512605665311357,54.322413738157756,4.0,1.0,-0.09277785407361497,-0.06646841220268275,0.3216394307807778,30.871227382941264,4.0,1.0,-0.08851935754255838,-0.07707716365305167,0.33664660271132213,28.479944314171128,4.0,1.0,-0.09061751685930008,-0.07547596862105602,0.34656125688282924,30.937616242085255,4.0,1.0,-0.0990756364257885,-0.06801132059236836,0.34846884375410697,35.158300301791954,4.0,1.0,1.0,0.0,0.0,0.0,1.0,0.0,0.0,0.0,1.0,0.0,0.0,0.0,390
-0.1253440848894864,-0.022822486108352538,0.2723181858373053,11.164442799734902,4.0,1.0,-0.13606483187793705,-0.03580594555325067,0.2874947932903053,20.782705618667823,4.0,1.0,-0.13501060294922507,-0.047968399181146294,0.31192327194746156,18.6419250185348,4.0,1.0,-0.1296671606682654,-0.0614934983995037,0.33142984807649384,17.152341608353172,4.0,1.0,-0.11420206221797519,-0.06758345481434692,0.3556572371803755,22.70835620927102,4.0,1.0,-0.12521158147221262,-0.08747184745219441,0.3074021729876463,19.3902532044304,4.0,1.0,-0.1175244636436914,-0.1042912569114386,0.3301434559458712,15.156225779732987,4.0,1.0,-0.11192912772070421,-0.10459257495849654,0.3452726488700806,29.327282752734966,4.0,1.0,-0.10482417098520189,-0.10871876830793287,0.35758433088805003,53.35458906715539,4.0,1.0,-0.11131462533135593,-0.09237222011951628,0.31426909101098105,3.712056854901432,4.0,1.0,-0.10313732384822934,-0.1124885224673919,0.33573292093446666,1.783085829358707,4.0,1.0,-0.09587009856231916,-0.12611302570136768,0.3523512125816357,2.804160234765885,4.0,1.0,-0.08843742123524898,-0.1465066481402319,0.36698071058025067,7.2269676702760055,4.0,1.0,-0.09990833574023769,-0.08009948055556519,0.31741643738949377,16.967589055212773,4.0,1.0,-0.09406061993449702,-0.09681593588293606,0.3375511313950438,14.135450515393899,4.0,1.0,-0.09389085789665613,-0.0930563478750804,0.34916075774218086,31.428257313570995,4.0,1.0,-0.10067177294544599,-0.08902367657377294,0.3514583397696185,54.40535411205569,4.0,1.0,-0.09179986168899928,-0.06740723229225767,0.3211410131016435,30.568909595282378,4.0,1.0,-0.08714119210149578,-0.07926044568456259,0.33615161941623073,28.388165957548402,4.0,1.0,-0.08827361865495573,-0.080425613192611,0.34572051578287494,34.713076821294216,4.0,1.0,-0.09539460370492396,-0.07921862378698129,0.3483559925307184,48.55489549786668,4.0,1.0,1.0,0.0,0.0,0.0,1.0,0.0,0.0,0.0,1.0,0.0,0.0,0.0,391
-0.1244413092921316,-0.023949563528998317,0.27160063258798,11.523599255182809,4.0,1.0,-0.12361395619099233,-0.03810813096041527,0.289108390841442,36.65204696441946,4.0,1.0,-0.11889923866397475,-0.05461287627295827,0.31136711100754744,36.86558367589885,4.0,1.0,-0.1132653379477333,-0.07056189565090513,0.3295301446964027,30.30336725741811,4.0,1.0,-0.10809547622940589,-0.07670610760269546,0.3495949311397254,22.621359531559573,4.0,1.0,-0.11199188937748969,-0.08486635402777887,0.3124914325442792,43.27548440926704,4.0,1.0,-0.10721157622397445,-0.0977231511390038,0.33546689543814473,36.70491907908103,4.0,1.0,-0.10952232602094829,-0.08896711050014736,0.3498287449582556,33.80396351497499,4.0,1.0,-0.11318090603080873,-0.07736477255734603,0.36359742441240595,40.19464941090416,4.0,1.0,-0.10756994078872627,-0.09018409379364889,0.3170879964083013,14.994150824807406,4.0,1.0,-0.10072362800319681,-0.10824188606517225,0.3389370999969967,11.764438363866478,4.0,1.0,-0.09634932265331204,-0.11983692293910862,0.35548585419038004,8.600662452911086,4.0,1.0,-0.09039827465981944,-0.13701315757159394,0.37186202654059836,7.30189711736366,4.0,1.0,-0.10709967099829508,-0.08078756464837243,0.3158454534261832,26.83800167386633,4.0,1.0,-0.09957630812911408,-0.09826993620393173,0.3360821715537462,21.989513111427605,4.0,1.0,-0.09429270140923858,-0.10622908685530426,0.3463373756840056,31.245518498303404,4.0,1.0,-0.0914499865120038,-0.11564394753460938,0.3488031405057785,49.880308125007645,4.0,1.0,-0.10768564630006718,-0.07108843937249837,0.3154984927634453,54.334015449683996,4.0,1.0,-0.1021730639146595,-0.07760675648238875,0.3293158203935342,51.24627911651745,4.0,1.0,-0.09784338616010552,-0.07686044636071115,0.3353850458132049,50.05241134712551,4.0,1.0,-0.0945288464317925,-0.0756549793614836,0.3329545519386761,54.17714405127126,4.0,1.0,1.0,0.0,0.0,0.0,1.0,0.0,0.0,0.0,1.0,0.0,0.0,0.0,392
-0.1258322428678337,-0.021698603238698978,0.27343234205332445,10.756493461667478,4.0,1.0,-0.1335290902849652,-0.040205975143125204,0.285948866000228,24.17436800707432,4.0,1.0,-0.1270158282397203,-0.05861898603544113,0.3057896930345146,30.050157500047263,4.0,1.0,-0.1202731010452368,-0.07586679014747304,0.323997980215809,28.06170525079567,4.0,1.0,-0.10650684106274402,-0.07977110092745322,0.35011801497536743,22.406634018457133,4.0,1.0,-0.1252317541079604,-0.09133948659201244,0.30458440787935875,16.816774429850938,4.0,1.0,-0.11583694994261659,-0.1071227183832215,0.3285391929828835,14.08301381724413,4.0,1.0,-0.10815522357244078,-0.10521331751429502,0.34375780468612893,27.253207430721368,4.0,1.0,-0.09855800388422573,-0.10679636545647905,0.35854955580230924,49.220377337655904,4.0,1.0,-0.1130915876863732,-0.09319100824853062,0.31228202678444356,5.406409211471372,4.0,1.0,-0.10345942133015937,-0.110172437807754,0.3363310742869132,4.661623610554648,4.0,1.0,-0.09599444780041912,-0.11887778105648798,0.35506505471500344,5.461243725400119,4.0,1.0,-0.08786862297053,-0.13271840981576133,0.37447085216653186,6.800396131142383,4.0,1.0,-0.10212087078332222,-0.07855476199106173,0.3167042212736327,23.50389286475957,4.0,1.0,-0.0955226222252783,-0.09516826348632099,0.3365422697563198,19.336359426433276,4.0,1.0,-0.09555586052346415,-0.0918018227058169,0.35157181895048845,24.883513335763624,4.0,1.0,-0.10325708251646389,-0.08572992205023434,0.35764396816033595,40.516134785274545,4.0,1.0,-0.09360429971530819,-0.06481403255318503,0.3213443159125282,36.19371497302252,4.0,1.0,-0.08918754579702808,-0.07263728072845195,0.33515232550441293,33.30799724710023,4.0,1.0,-0.09056666625592134,-0.06728729614877922,0.34362887938511294,23.728128743582865,4.0,1.0,-0.09731931547289821,-0.05770409102459537,0.34465694763257637,13.369263951567342,4.0,1.0,1.0,0.0,0.0,0.0,1.0,0.0,0.0,0.0,1.0,0.0,0.0,0.0,393
-0.12332274573649947,-0.023258122222547285,0.2726715054736413,9.891892414607595,4.0,1.0,-0.14215693733777113,-0.04006130651982937,0.2960755728807538,7.991626167287876,4.0,1.0,-0.1418054681064479,-0.05644680694910212,0.3183516363821593,9.338342778119703,4.0,1.0,-0.13665119560336894,-0.07441097899897298,0.3338469444702968,12.908726944412955,4.0,1.0,-0.11880890144564464,-0.08602171044244314,0.3532748548955417,19.488840744706327,4.0,1.0,-0.12982328856014905,-0.0940904150574921,0.3074171303363494,3.8224294084985093,4.0,1.0,-0.1177309090003267,-0.11257140958658063,0.33208416894766457,5.221502837017993,4.0,1.0,-0.11167566595804393,-0.11318002378424898,0.35100890709906696,7.988399018810036,4.0,1.0,-0.10619609903193522,-0.11431794024731182,0.37261682336118584,11.412843115300216,4.0,1.0,-0.10933183446041801,-0.09750793254813882,0.30584710661115966,2.866079249920184,4.0,1.0,-0.09892272822438819,-0.11196495172569267,0.3316320736872166,4.226773646880115,4.0,1.0,-0.09552690633129797,-0.11025609215695252,0.3518963611226316,5.54049716973204,4.0,1.0,-0.09615289431036003,-0.10613830911124103,0.37429199533847096,9.927794225376928,4.0,1.0,-0.09138967184172009,-0.08344606117649837,0.30290977871186797,3.532661371985702,4.0,1.0,-0.08620244243343794,-0.09828518567455137,0.3248086571908239,2.6479637904459814,4.0,1.0,-0.08713626024882813,-0.08835855279532066,0.34206324897826923,4.430880230367029,4.0,1.0,-0.095229115302968,-0.07252855921811005,0.3522201215471439,9.311370828529185,4.0,1.0,-0.07853446738689412,-0.06987119359516415,0.3030214971689767,6.5391193133249805,4.0,1.0,-0.0756014620920883,-0.07990955787106986,0.31872975137622683,2.673795664106967,4.0,1.0,-0.07951041950639089,-0.07581577570612479,0.3328387395455025,1.5957024322944624,4.0,1.0,-0.08959108828632843,-0.06627598379683981,0.3426323445076668,5.78469594960741,4.0,1.0,1.0,0.0,0.0,0.0,1.0,0.0,0.0,0.0,1.0,0.0,0.0,0.0,394
-0.12471653855144589,-0.023628817757201825,0.277583042932884,7.05695622039952,4.0,1.0,-0.1381080238674553,-0.03760048319022292,0.297599948655227,22.436242128965063,4.0,1.0,-0.13719114692324869,-0.05553217855667832,0.318730387536985,30.925995107938625,4.0,1.0,-0.13270942068027056,-0.0748051225939603,0.3339929059730292,34.757249818881164,4.0,1.0,-0.1166618800763052,-0.09191472076475467,0.35614381858158894,31.20408432633196,4.0,1.0,-0.12453030797515655,-0.09499304878210857,0.30139856902407336,14.367112316791054,4.0,1.0,-0.11399510081509578,-0.11218103830185695,0.32709783051825164,15.514111154629466,4.0,1.0,-0.11114094515535652,-0.10373600412315317,0.34203127375064046,23.799109807307353,4.0,1.0,-0.11025512193478453,-0.09103111207841202,0.3573787233945651,34.96284017567599,4.0,1.0,-0.10986047980667517,-0.10342178352986603,0.3001549807435632,8.926270615195564,4.0,1.0,-0.10032912795301732,-0.11861209535721443,0.3256915444208194,6.91863552614297,4.0,1.0,-0.09940456956567197,-0.10958327696476984,0.343107036515397,6.421967485036337,4.0,1.0,-0.10402903597868657,-0.09349949099144313,0.3592786715004623,15.588888818970933,4.0,1.0,-0.09792942937547239,-0.09381597792016817,0.29924733953633004,26.612742159578154,4.0,1.0,-0.09225674763978234,-0.10953562918593035,0.32089945133097325,22.30080428410301,4.0,1.0,-0.09367532061584556,-0.10252943953267266,0.3418682648543475,19.783980903935078,4.0,1.0,-0.10034920312427043,-0.08701173841089271,0.3580984843297631,16.768850779341058,4.0,1.0,-0.0890904162239252,-0.08348577180035519,0.3009430116381563,38.140481894418926,4.0,1.0,-0.08608753272242695,-0.09364783029013105,0.3165759802244054,33.93654606574136,4.0,1.0,-0.08928466712841185,-0.09143259295569427,0.3330432996333958,31.43282865628624,4.0,1.0,-0.09750128440050969,-0.08357525181156616,0.34880505725830474,31.57305082640385,4.0,1.0,1.0,0.0,0.0,0.0,1.0,0.0,0.0,0.0,1.0,0.0,0.0,0.0,395
-0.12322136672881984,-0.027352365727391904,0.28174913860386225,4.354691006073637,4.0,1.0,-0.14339101980774496,-0.049849768435662196,0.29264109460771737,3.725028567582111,4.0,1.0,-0.1498883958528893,-0.07318354746154557,0.30528989122442657,7.945377011574829,4.0,1.0,-0.15016433483218247,-0.09609296941670231,0.3153567574625315,13.438275015365079,4.0,1.0,-0.14084615295252959,-0.11815498408985994,0.33579716438696744,18.281162552554616,4.0,1.0,-0.12998195065301044,-0.1024384397869376,0.28604689100555253,2.7282520567706134,4.0,1.0,-0.12383390954093251,-0.12177680004367618,0.3060493432825108,3.964035574577933,4.0,1.0,-0.12481149059850145,-0.10938262644064871,0.31604959955905154,11.105134656516633,4.0,1.0,-0.12892360246666007,-0.09158810733246037,0.31830801838203465,20.844786463724624,4.0,1.0,-0.10932890170567579,-0.10422158826928762,0.2858107669759694,3.8895262803753834,4.0,1.0,-0.1043882329703859,-0.11616740662841177,0.30729049992181384,4.742120770570095,4.0,1.0,-0.10856086419104495,-0.10334163140426715,0.3172724540558565,13.181876621731533,4.0,1.0,-0.1166609755528367,-0.08626124519321499,0.3173366945092206,22.294886839207567,4.0,1.0,-0.09166765224069728,-0.0901113455183524,0.2897142306242071,4.409482005020557,4.0,1.0,-0.09002664682096864,-0.10486746622302683,0.30826379072183285,4.294055143606327,4.0,1.0,-0.09620905598610063,-0.09314003781453487,0.3192748810984058,11.951798272640787,4.0,1.0,-0.10570258675146761,-0.07624503456725508,0.31656939723024846,19.81826820038386,4.0,1.0,-0.07953036841599505,-0.07755079251278992,0.2959886837324855,5.0687720810279515,4.0,1.0,-0.07894249528905539,-0.08858818941842113,0.3088567687545629,4.94512687789056,4.0,1.0,-0.08606038357364239,-0.0823063636173193,0.3171840843126575,9.699920973370341,4.0,1.0,-0.09568302272403496,-0.07040675577874687,0.31620714467674776,17.380071411562472,4.0,1.0,1.0,0.0,0.0,0.0,1.0,0.0,0.0,0.0,1.0,0.0,0.0,0.0,396
-0.12612038809062098,-0.02272241261832379,0.2841614025330058,0.9202012175664107,3.0,1.0,-0.14564358734413874,-0.04632234763326145,0.2916181722814843,3.9229711002402987,3.0,1.0,-0.15064459551195775,-0.07177080786758751,0.29491277052629583,3.921367707041425,3.0,1.0,-0.15106465333348423,-0.09571825441498451,0.2947253496054984,2.581440486247366,3.0,1.0,-0.14324796858457434,-0.12519941129607967,0.3001422347603607,3.8017099565469388,3.0,1.0,-0.13625146155509119,-0.09543163738185151,0.2693681716956136,5.322683105386299,3.0,1.0,-0.13484174702638332,-0.1105972324842171,0.2910609367151137,2.952955782702089,3.0,1.0,-0.1340734298722857,-0.09510675182047201,0.2999730639869843,4.405171616103098,3.0,1.0,-0.13418279059761323,-0.07817431870024341,0.2998747913904661,5.084875777397392,3.0,1.0,-0.11634292740402259,-0.0966904840445394,0.2652679995583799,6.007384351282631,3.0,1.0,-0.11578623954324893,-0.10271306598215986,0.2924004012879751,4.219535023239026,3.0,1.0,-0.11781105239651411,-0.0894619925547147,0.30253871449327435,7.911215106614122,3.0,1.0,-0.12159798800876881,-0.07385275586408624,0.3010150325874876,8.315898540777923,3.0,1.0,-0.09853893240399016,-0.08381972840088664,0.2704245361053077,4.853107906627669,3.0,1.0,-0.10035949756077575,-0.09323054744062594,0.2939030491563545,4.372739532017924,3.0,1.0,-0.10511608122564807,-0.07917168706525551,0.30301540713939124,6.421494696019714,3.0,1.0,-0.11046818804077292,-0.06355296528569446,0.2953531315422247,3.0355794767131656,3.0,1.0,-0.08636610812556166,-0.07289114779284903,0.27868996049121103,4.922088633890301,3.0,1.0,-0.08789296303444545,-0.08044245667580416,0.29508264143632,5.0865660037778975,3.0,1.0,-0.0941345907826005,-0.070456627891739,0.3006046989029804,6.119966599496912,3.0,1.0,-0.10025608776322022,-0.05885643569451548,0.29298263047537254,3.227288008587307,3.0,1.0,1.0,0.0,0.0,0.0,1.0,0.0,0.0,0.0,1.0,0.0,0.0,0.0,397
-0.1303309899103894,-0.022659285298063117,0.2814068899986439,3.037103529978067,3.0,1.0,-0.14876357206131235,-0.04772039308039181,0.2889658616618279,3.85717826059221,3.0,1.0,-0.1534940232491149,-0.0735144930648761,0.2914934047922351,4.050813876093028,3.0,1.0,-0.15307343316708025,-0.09735741878663336,0.2909732244272737,3.763032057968569,3.0,1.0,-0.14447188337089661,-0.12662718978628174,0.29542846008032697,4.625183520127462,3.0,1.0,-0.13691276914519537,-0.09682618098512429,0.268960802247938,4.5372703065911315,3.0,1.0,-0.13499400562239292,-0.10985527110460618,0.29338179332232744,2.2509730010126536,3.0,1.0,-0.13672153121446426,-0.09282098357068419,0.3004487672841384,3.5779045574297474,3.0,1.0,-0.139668611255182,-0.07498766637178121,0.296679718668137,6.125620852395257,3.0,1.0,-0.11702828147265268,-0.09674603957814747,0.26587543815178927,5.535218059446997,3.0,1.0,-0.11809372274189942,-0.09971183931342424,0.2937643830336953,3.077320764285069,3.0,1.0,-0.12147349159365561,-0.08510973084058054,0.30188187242650794,6.528201850682187,3.0,1.0,-0.12696860262561838,-0.06859923650997196,0.297560650398341,7.727869033713017,3.0,1.0,-0.10011063524368176,-0.08258675289264335,0.27126512896393407,3.1948119054080464,3.0,1.0,-0.10350352995110793,-0.08868752734677489,0.295753042074934,2.5709210432148057,3.0,1.0,-0.10965115527089273,-0.0735578501321913,0.30245015181967394,5.0117450696265315,3.0,1.0,-0.1156935304735899,-0.05810359658769494,0.2931270144515717,3.336585211830013,3.0,1.0,-0.08879262784979162,-0.0707053297547142,0.2795219818568657,3.2354394370861868,3.0,1.0,-0.09166573746242901,-0.07592856512787421,0.2964390198520143,4.100123803546517,3.0,1.0,-0.09847390473374004,-0.0650717479831033,0.29927298539595726,5.2921494619593075,3.0,1.0,-0.10456468043671714,-0.0538468033249207,0.289548559360952,2.311434397242843,3.0,1.0,1.0,0.0,0.0,0.0,1.0,0.0,0.0,0.0,1.0,0.0,0.0,0.0,398
-0.12869939871458158,-0.02318595420554829,0.27945984551293485,6.518217036317205,4.0,1.0,-0.14936281189531106,-0.04836141235179576,0.28678574448254346,6.0329440653006365,4.0,1.0,-0.15474288812339823,-0.07385495233051331,0.2916498513291828,4.08091301112069,4.0,1.0,-0.1529854860211597,-0.09759049784977746,0.29244076082882625,3.614192565592519,4.0,1.0,-0.14179535513426794,-0.12550926283934136,0.297007186944571,5.518305852263156,4.0,1.0,-0.13714760800829057,-0.09693795890614273,0.26892883861119027,5.347053616349932,4.0,1.0,-0.13526239874959095,-0.11000861468600019,0.29472607826286484,1.6849128477401407,4.0,1.0,-0.13780768319427206,-0.09328791241604997,0.30138183128511287,3.758040523877972,4.0,1.0,-0.14151571679892508,-0.07618620870134997,0.2954750513034901,9.544142324455596,4.0,1.0,-0.11682029630423804,-0.09660267325763336,0.2671863098562512,5.552741777912175,4.0,1.0,-0.1185329159276873,-0.09932203477877925,0.2958913546440249,1.6771381783680357,4.0,1.0,-0.1230966719513812,-0.08442607589634997,0.3031711965054683,5.42478780668404,4.0,1.0,-0.12985967858968953,-0.06828502687041627,0.29704582251995254,6.65176449256968,4.0,1.0,-0.09918002102263475,-0.08253530425696709,0.27323591574168987,4.786718519584442,4.0,1.0,-0.10432639867561616,-0.08738486564655885,0.29869030080650594,1.5373272054126617,4.0,1.0,-0.11176658129580914,-0.07224066832433151,0.30417510872753944,5.640157058081836,4.0,1.0,-0.118552073035015,-0.05724957208617328,0.2945714672072746,6.019487867553393,4.0,1.0,-0.08701616033499908,-0.0708319135492639,0.2821149758576991,5.512282735427812,4.0,1.0,-0.0919321666830297,-0.07499951219645278,0.30007928449426347,2.3353005028137717,4.0,1.0,-0.09950653973901193,-0.06386164857617506,0.3027663904569282,3.208299923384329,4.0,1.0,-0.10569804780672189,-0.052924447363897516,0.29298718916263095,3.116757415144276,4.0,1.0,1.0,0.0,0.0,0.0,1.0,0.0,0.0,0.0,1.0,0.0,0.0,0.0,399
-0.1288870738791214,-0.023158041737369774,0.2792774601010383,8.129651045690448,4.0,1.0,-0.1501157594535316,-0.04809028700927717,0.2866035597035762,6.882350892131253,4.0,1.0,-0.1556396834635876,-0.073354865909619,0.29206388657400967,5.283648367343705,4.0,1.0,-0.1534756643562618,-0.09685885756873096,0.29349041684668065,3.5655142258918793,4.0,1.0,-0.14204010501452827,-0.12455667467741603,0.2978226450045706,5.914432662395022,4.0,1.0,-0.137853730639693,-0.09632208187127886,0.26916008147322557,5.245260087225031,4.0,1.0,-0.1363342123303219,-0.10885413294739767,0.29532158357943045,1.8601129290554583,4.0,1.0,-0.13881434990639313,-0.09226160622915448,0.30216539810013726,3.522414634154349,4.0,1.0,-0.14284158603456265,-0.07559308705001239,0.29641924007592846,8.253736875849935,4.0,1.0,-0.11735599441488728,-0.09594668695434312,0.26775106766742013,4.6505061634018015,4.0,1.0,-0.11926487264705689,-0.0981379665384021,0.29673320039984735,3.17866674072687,4.0,1.0,-0.12369921652748078,-0.0834430616860013,0.3044206936585204,6.393435664407285,4.0,1.0,-0.1306862391616532,-0.06751237987255945,0.29845299554694743,6.988588979863849,4.0,1.0,-0.0996488520503994,-0.08193738586732338,0.27410619127010066,4.210825771835879,4.0,1.0,-0.10498692785034275,-0.08669418391726767,0.2998825550163889,2.516213721411825,4.0,1.0,-0.11248449031955489,-0.07177311725135228,0.3057819084573695,6.313266582197083,4.0,1.0,-0.11978371394620504,-0.05692216670807402,0.2964087336523496,6.135329829200738,4.0,1.0,-0.08752483309573164,-0.07031922378360865,0.2831926077230387,5.8535653713590445,4.0,1.0,-0.09255217382914448,-0.07417754810543434,0.30154057359806186,3.2634218679548,4.0,1.0,-0.10017247171863976,-0.06314257660995164,0.3045985700800513,3.440995523228485,4.0,1.0,-0.10665392121343867,-0.05216000179149455,0.29516568920191305,3.5771224826707826,4.0,1.0,1.0,0.0,0.0,0.0,1.0,0.0,0.0,0.0,1.0,0.0,0.0,0.0,400
-0.12900379208919696,-0.022757831458111607,0.27754710881897576,8.35129902201557,4.0,1.0,-0.15008001290825007,-0.04756932586391237,0.2856947790491445,7.000892666602173,4.0,1.0,-0.1557413766881259,-0.07279479167541471,0.29156175351133484,5.617483168718897,4.0,1.0,-0.1538963860739775,-0.09623344309071874,0.29300875052383873,4.297505942806407,4.0,1.0,-0.14237867139753838,-0.12339406009850308,0.2974421065175786,7.07297533138761,4.0,1.0,-0.13813729906060604,-0.09609759619388755,0.26986373014273757,4.57292306135227,4.0,1.0,-0.13634309903309527,-0.10796563205126802,0.29600517008749644,2.6200241270412308,4.0,1.0,-0.13888151528170156,-0.0912642064616596,0.3023078302548602,4.441810604836341,4.0,1.0,-0.14343485097867975,-0.07431657423082355,0.2964399949482225,7.0682458967752435,4.0,1.0,-0.11782435803613994,-0.09590752274656185,0.26851949599283703,4.502505181530623,4.0,1.0,-0.1194825413854862,-0.09822019370762633,0.2971331247919923,3.9276241723959733,4.0,1.0,-0.12389581571134575,-0.08352507926251732,0.3042376093361302,6.555887656459424,4.0,1.0,-0.13111468533975887,-0.0671912104537169,0.2982917898773928,7.030262209603432,4.0,1.0,-0.10018269518467353,-0.08186080210904864,0.27432290862099107,4.055038428060044,4.0,1.0,-0.10534860848406816,-0.08693494364248021,0.2998243400876605,2.3657548160071395,4.0,1.0,-0.1125682283101928,-0.0719838059587925,0.30539088799881736,5.731903603264074,4.0,1.0,-0.11985043967961236,-0.05679375956594774,0.29621352590756916,5.0659878309657955,4.0,1.0,-0.08808669294057465,-0.07016745535129179,0.2828854607612903,5.776011710978391,4.0,1.0,-0.0930293039561868,-0.07439230194272647,0.30089200568477853,3.7228164601291827,4.0,1.0,-0.1006136378695795,-0.06321539600628748,0.3036508246391403,4.073953012434917,4.0,1.0,-0.10708647072139725,-0.05181685200173825,0.2943402918012821,2.9095562490968105,4.0,1.0,1.0,0.0,0.0,0.0,1.0,0.0,0.0,0.0,1.0,0.0,0.0,0.0,401
-0.1292369728664055,-0.02197189065825519,0.2780094550059485,8.226357558892616,4.0,1.0,-0.1502922914777581,-0.0467753013730262,0.2862968643215166,6.619147310839806,4.0,1.0,-0.15583013954231273,-0.0721213042707213,0.2923248712727627,5.137642822157852,4.0,1.0,-0.15385615153884166,-0.09569608213512154,0.2939134339631283,3.8390147924274474,4.0,1.0,-0.14136402861992559,-0.1229661239865149,0.2991002828732329,6.212306918387331,4.0,1.0,-0.1381579431104066,-0.09558094903563583,0.26984659687315876,5.420956816278635,4.0,1.0,-0.13695285756524977,-0.10781475736195877,0.29538362992704653,3.0533290881294577,4.0,1.0,-0.13959714580541585,-0.09085095057039584,0.30217217849735906,5.4563969002110255,4.0,1.0,-0.14414150454476016,-0.07397994027625125,0.2971976443096548,7.93341650805912,4.0,1.0,-0.11765276129047084,-0.09545574159817981,0.26815603716976355,5.662216135536717,4.0,1.0,-0.11929469852896298,-0.0977266370696635,0.2969595090982277,4.045705104424631,4.0,1.0,-0.12472056735329805,-0.08193011655710943,0.3046599626213596,5.842903645607525,4.0,1.0,-0.1330344256116526,-0.06525537082113539,0.2990444511625823,4.740241607263367,4.0,1.0,-0.09982954783915768,-0.08145196480344588,0.2738500422580858,5.526751408324034,4.0,1.0,-0.10469723168825916,-0.08629837940317518,0.2996547162614967,2.6344856931485325,4.0,1.0,-0.11288178340042049,-0.07049844686518987,0.30608533871399907,3.86236386097771,4.0,1.0,-0.12120942866065895,-0.055467682237284474,0.29721382543487906,4.460116391881928,4.0,1.0,-0.08754427305467705,-0.06970074463394946,0.2823487699242459,6.500407130934115,4.0,1.0,-0.09231038303151601,-0.07362680011260483,0.3007070971739522,3.7344259560231228,4.0,1.0,-0.10027758962027189,-0.0622539655721986,0.30398674813464494,3.3164065482251113,4.0,1.0,-0.10747894898082298,-0.05100034060052972,0.2950827815581629,4.296092416206644,4.0,1.0,1.0,0.0,0.0,0.0,1.0,0.0,0.0,0.0,1.0,0.0,0.0,0.0,402
-0.12855673726488007,-0.021930504159064945,0.27715032043015464,9.229455845893753,4.0,1.0,-0.14952536669996605,-0.0465783662015909,0.2858144687557009,7.035320030031196,4.0,1.0,-0.15516595734451702,-0.0718897474147793,0.2918452859126248,5.181840081717109,4.0,1.0,-0.15367686159865654,-0.09554268036672532,0.2934068449846963,4.08139019924785,4.0,1.0,-0.14161050471838785,-0.12280765558336773,0.2989122116558097,7.174994763772868,4.0,1.0,-0.13786849053427994,-0.0950660659449642,0.2701608580164604,4.8830967826869545,4.0,1.0,-0.13625974314320394,-0.10729934293036172,0.2955997201733966,2.4774800044378833,4.0,1.0,-0.13886984291037946,-0.09034752594869232,0.30211898769476525,4.715897540814486,4.0,1.0,-0.1436838629378834,-0.07321539470797149,0.29724783083096795,7.053319494368685,4.0,1.0,-0.11754646215699609,-0.09495607554668845,0.2685099552864952,5.227796867081253,4.0,1.0,-0.11888115361144456,-0.09726316346839173,0.2970300427424703,3.4623254423321987,4.0,1.0,-0.12380089925856486,-0.08192395341387183,0.3043361916258688,5.519133584804293,4.0,1.0,-0.13183610290466374,-0.06525759328660899,0.2986622372354336,4.551137068581167,4.0,1.0,-0.0997958421905178,-0.0810343734478749,0.27397233229331613,5.222970996903876,4.0,1.0,-0.10445642045943966,-0.08587991260396144,0.2995202392751847,1.9415398345914021,4.0,1.0,-0.11224015135615135,-0.07038589562183406,0.3055263958103983,4.0122190949158405,4.0,1.0,-0.12040478048220062,-0.05520349094131858,0.29636469051779146,3.486572508398435,4.0,1.0,-0.08755485672304733,-0.0693991658722609,0.28225591798409216,6.333047092545489,4.0,1.0,-0.09220808695702226,-0.07327065855986843,0.30036510511562936,3.462872824920507,4.0,1.0,-0.10000820159388353,-0.06189162879646939,0.303273183733756,3.2633140252981505,4.0,1.0,-0.1070618358797231,-0.05058116805246499,0.2939282248434831,3.2318941224511777,4.0,1.0,1.0,0.0,0.0,0.0,1.0,0.0,0.0,0.0,1.0,0.0,0.0,0.0,403
-0.12874217446445047,-0.021573115685246457,0.27713557148787693,8.632003666410892,4.0,1.0,-0.14976274660708305,-0.046198289905282575,0.2861063826231488,6.754314228920786,4.0,1.0,-0.15505944112311593,-0.07145595345185361,0.29233063511261975,4.962519627363421,4.0,1.0,-0.15339240237170207,-0.09506769685701645,0.2939023346817979,3.5705025932848278,4.0,1.0,-0.1413075627784131,-0.12242546073465783,0.29920173513870796,5.513357691875259,4.0,1.0,-0.13791290202594192,-0.09497790969671793,0.270136660992219,4.65571973590182,4.0,1.0,-0.13623845875915616,-0.10720149214125695,0.295669458011752,2.9646489772284044,4.0,1.0,-0.13877558145146568,-0.0903479154104633,0.3021245598857406,5.189119225166561,4.0,1.0,-0.14355352572011532,-0.0734386113694178,0.29721892086561646,8.261969750922761,4.0,1.0,-0.11739784232856774,-0.09490566092442447,0.26819083875089234,4.609722789515482,4.0,1.0,-0.11872382261694153,-0.09718683320016099,0.29700363177137873,3.7356830365294504,4.0,1.0,-0.12394779377555445,-0.0817159489288652,0.30413507312527516,6.06403532280941,4.0,1.0,-0.13217767491136545,-0.06526209994372076,0.2981413118804094,5.142186672947611,4.0,1.0,-0.09951111143445832,-0.08094401348029374,0.27346372501911315,4.6682259581303756,4.0,1.0,-0.104235420403786,-0.0857585049160794,0.2993045248097303,2.000913144775067,4.0,1.0,-0.11233098691952763,-0.07022488902362056,0.30504235182406125,4.378145564470831,4.0,1.0,-0.12061419757944769,-0.055373781851402334,0.29538722980674914,4.236769430586566,4.0,1.0,-0.08714063276055033,-0.06923278589102978,0.28161272926667186,6.145961812433788,4.0,1.0,-0.09189470579609768,-0.07310756122670758,0.29998499345624335,3.232907520645585,4.0,1.0,-0.09974658837605743,-0.06176179146698048,0.30291575459069287,3.0297309471226592,4.0,1.0,-0.10679242850756654,-0.050631211151176775,0.29339245596601193,2.9949276529040305,4.0,1.0,1.0,0.0,0.0,0.0,1.0,0.0,0.0,0.0,1.0,0.0,0.0,0.0,404
-0.1275976428491783,-0.021617573146757888,0.27614603262247783,9.584043685035233,4.0,1.0,-0.14871851668089892,-0.04613225731767207,0.28544788909624774,6.730733332652077,4.0,1.0,-0.15462922086285427,-0.07126861975319072,0.29196010481374185,4.953373042528914,4.0,1.0,-0.1532289845147574,-0.09474083875576537,0.29385349098974156,3.8072387898479185,4.0,1.0,-0.1417502035508165,-0.12221644680844491,0.2989647709228998,6.056248174682096,4.0,1.0,-0.1376005615990036,-0.09505167623653747,0.2704478671783209,4.480022747623198,4.0,1.0,-0.13553902961121808,-0.10701270051081443,0.2962856776945015,2.5636697426379644,4.0,1.0,-0.13807643194513805,-0.08987493202898905,0.30242333150452577,4.813900654000442,4.0,1.0,-0.14288426802415408,-0.07297607627764952,0.2969892645357902,8.155467096899871,4.0,1.0,-0.11729626382204011,-0.09500844978455242,0.2686319411268789,4.654964502714568,4.0,1.0,-0.11830258862240157,-0.09682519440412068,0.2973261327825562,3.3773875728944978,4.0,1.0,-0.123372251540758,-0.08100226063044616,0.30428663515252213,5.524600373019212,4.0,1.0,-0.1316490673547248,-0.06448779511327371,0.29813171371228087,5.0877032503334,4.0,1.0,-0.099389650970308,-0.0809808376344068,0.2737140634730466,4.39784690447001,4.0,1.0,-0.10396290465841648,-0.08547169370527759,0.2994750088112222,1.7020416706933839,4.0,1.0,-0.11188348225935335,-0.06957161504213932,0.3049497347378491,3.6866245635167285,4.0,1.0,-0.1200337943287674,-0.05464397704477483,0.2952219539051223,3.261295874237577,4.0,1.0,-0.0870070276844487,-0.0692081437306653,0.28171234604638645,5.746718835904558,4.0,1.0,-0.0915701497361841,-0.07297504391989293,0.3000610192602787,3.124976147324817,4.0,1.0,-0.09916321932485786,-0.06156880974273082,0.30266915472122863,3.0522452284661377,4.0,1.0,-0.10606761424172105,-0.05046600559747395,0.2929424478811013,3.3386654719514604,4.0,1.0,1.0,0.0,0.0,0.0,1.0,0.0,0.0,0.0,1.0,0.0,0.0,0.0,405
-0.12789234334771915,-0.021712176379007717,0.2761131121538065,8.55142191435013,4.0,1.0,-0.14907784748720515,-0.04629749733460836,0.2850662029287292,6.194163907009901,4.0,1.0,-0.15465759479969676,-0.0715855859946447,0.29157613448987646,4.750845937107219,4.0,1.0,-0.15292877695168178,-0.09516521330816959,0.29320188983510265,3.8855158136591768,4.0,1.0,-0.14093090030170877,-0.12277286940720746,0.29832201681176884,4.874191658137506,4.0,1.0,-0.1377227872067178,-0.09529770220688367,0.269351780002276,4.4869054432513815,4.0,1.0,-0.13573888060052017,-0.10755364266809181,0.29493495722487506,3.057645861785669,4.0,1.0,-0.13833225422874368,-0.09063990821234305,0.30152746109372397,5.361619530825284,4.0,1.0,-0.14324030327051088,-0.0738437079793263,0.29699325238256047,8.805804864063843,4.0,1.0,-0.11728738783960792,-0.09527280164830139,0.2674845616064222,4.701030082338319,4.0,1.0,-0.11838050066475468,-0.09743667414145259,0.29628070672590245,3.2389432434008367,4.0,1.0,-0.12364850684121581,-0.08157374229153633,0.30364781031441607,5.385845176814851,4.0,1.0,-0.13214363880051652,-0.06501395465229226,0.2982980465741422,5.676882456579292,4.0,1.0,-0.09932948222706875,-0.08123245759943891,0.2727503192753465,4.67050697635904,4.0,1.0,-0.10396421448412188,-0.08583035586224469,0.29850942657686586,1.724493266252298,4.0,1.0,-0.11203413090973617,-0.06986196475070357,0.3045847944389809,3.227148775008139,4.0,1.0,-0.12048675813749539,-0.0549564688571011,0.2956174868140385,4.0958330915099435,4.0,1.0,-0.08689735218469187,-0.06947855094183078,0.2808755480350255,5.945450202221484,4.0,1.0,-0.09168451211790474,-0.07306095694467751,0.29919352104752484,2.9738124079151946,4.0,1.0,-0.09950887483947639,-0.06160563067622057,0.3022928310943443,2.6474376916517404,4.0,1.0,-0.10669508035479279,-0.05036566481908335,0.2931976933865456,3.8638118889302504,4.0,1.0,1.0,0.0,0.0,0.0,1.0,0.0,0.0,0.0,1.0,0.0,0.0,0.0,406
-0.1277056536351433,-0.021903231632452464,0.2755154089991267,8.205599313671293,4.0,1.0,-0.1491640768190957,-0.04671278051827113,0.28376390144681674,6.3860154221799945,4.0,1.0,-0.15474007617371566,-0.07208204878112764,0.29001830850902965,5.0760010167412135,4.0,1.0,-0.15302570583548855,-0.09565689306918573,0.29201647178844076,4.207841280490076,4.0,1.0,-0.14165371920713313,-0.12331346169865277,0.2976439683159102,6.186938135869668,4.0,1.0,-0.13764932507445798,-0.09574283075492293,0.2679887224253111,5.472138899734119,4.0,1.0,-0.1365805115938451,-0.10858900619674468,0.2937151220612844,2.360807756506019,4.0,1.0,-0.13885487336794744,-0.09166636679016668,0.30011200787326264,5.471018666027061,4.0,1.0,-0.14316154331961065,-0.07452048668004643,0.294411129805007,9.377308669369045,4.0,1.0,-0.1171162010764432,-0.09564202469018733,0.2665501545722754,5.6864313330958645,4.0,1.0,-0.1189739351366006,-0.09795886796710425,0.29533621284450895,3.21232471870815,4.0,1.0,-0.12414433645853126,-0.08215662961698504,0.30250557508956105,5.3170107451980115,4.0,1.0,-0.13211595817341493,-0.06527152580622811,0.2963705893447788,5.221712079084274,4.0,1.0,-0.09916658508481256,-0.08153800007546033,0.27228799324975456,5.317983349777001,4.0,1.0,-0.10434887025487545,-0.08638111577268612,0.29793442565669837,1.2454469990138035,4.0,1.0,-0.11247993194966113,-0.07069037251041915,0.3033474924589415,3.47832424731262,4.0,1.0,-0.12058623089861736,-0.0553808790384377,0.29357637151328925,3.63847313018513,4.0,1.0,-0.08681980163708891,-0.06976098358962053,0.2807716386063042,6.179077330365472,4.0,1.0,-0.09177687335573545,-0.07361326932572824,0.299019213560606,2.507641361847864,4.0,1.0,-0.09945244674110888,-0.06233212111351909,0.3016083196652325,2.0796910279257537,4.0,1.0,-0.10621565624742696,-0.05117686292777908,0.29191007768936766,3.892748513668217,4.0,1.0,1.0,0.0,0.0,0.0,1.0,0.0,0.0,0.0,1.0,0.0,0.0,0.0,407
-0.12858668579211927,-0.0223672164631227,0.2751869427831962,7.280579467269369,4.0,1.0,-0.14936870729520932,-0.04709134609036253,0.2835521881153969,6.17554019354488,4.0,1.0,-0.15469762361076025,-0.07243390981571937,0.28958543288255123,4.940288306183573,4.0,1.0,-0.15316037208984223,-0.09614219612314599,0.291294900682285,3.8816929871321713,4.0,1.0,-0.14120594571087658,-0.12409046235107359,0.29710165480082945,5.342824849002699,4.0,1.0,-0.13737162862245023,-0.09574310026903513,0.26785156176865993,5.019918230945174,4.0,1.0,-0.13646402495053514,-0.1086966522871557,0.2932159682021522,2.9053333321377943,4.0,1.0,-0.13904853176956217,-0.09191163944206066,0.2997699228443822,5.714047084708546,4.0,1.0,-0.14320807299184407,-0.0745905995754969,0.29438301823949403,8.509457370429596,4.0,1.0,-0.11707779432345486,-0.09562086201449098,0.26624865370433404,5.057071190126781,4.0,1.0,-0.11904470994706748,-0.09791808626283621,0.2946275622936662,3.3256888675457676,4.0,1.0,-0.1244130646047314,-0.08250648085622253,0.30176043505647954,5.780349317874554,4.0,1.0,-0.13238002576200683,-0.06557746128441949,0.2953483687754889,5.4728277534387395,4.0,1.0,-0.09948525697113042,-0.08165755555956743,0.27175432963748103,4.808211623065871,4.0,1.0,-0.10468019603396923,-0.08643889042815982,0.297151359772567,1.755464522091776,4.0,1.0,-0.11279225676535541,-0.07121354795221033,0.30228057730011537,4.661650715955652,4.0,1.0,-0.12084003174640282,-0.05585742139936321,0.29208308791681115,4.797541901073382,4.0,1.0,-0.08741120947824227,-0.06993690556833812,0.28001417744932405,5.787231664611786,4.0,1.0,-0.0924392600927607,-0.07381427491842382,0.2980745384069644,2.316813276162362,4.0,1.0,-0.10012038391062619,-0.0627686353836067,0.30051619232473425,2.1844252664347743,4.0,1.0,-0.10687765377365226,-0.051510355202321126,0.29077278812465074,2.6463386955502033,4.0,1.0,1.0,0.0,0.0,0.0,1.0,0.0,0.0,0.0,1.0,0.0,0.0,0.0,408
-0.1290542665990968,-0.02217962329796826,0.27474169616885724,6.729705436813728,4.0,1.0,-0.15003678192031103,-0.04679103147231059,0.28320535160855126,6.212146219415994,4.0,1.0,-0.15508303619434663,-0.07201711899167426,0.2894604022768371,5.126988973932169,4.0,1.0,-0.15319419336425003,-0.09547175572250537,0.2912416015654731,3.807789393182676,4.0,1.0,-0.14169753839070787,-0.12320634733015783,0.29619612794201094,4.547883763039096,4.0,1.0,-0.13784273477006606,-0.09575005696122481,0.26733942129003807,5.158985272238948,4.0,1.0,-0.13671010064378944,-0.10936468956307722,0.2924595010458754,3.8713248628420756,4.0,1.0,-0.13904130886390764,-0.09303238507325252,0.2993982050100338,6.23965634073447,4.0,1.0,-0.1427362463661151,-0.07574527450752445,0.2942001835772238,7.440761832529521,4.0,1.0,-0.11735750277879674,-0.09570360376191758,0.26560869961617695,4.895750763232488,4.0,1.0,-0.1193081215028722,-0.0982177802754244,0.2940845455836195,3.4856374349697727,4.0,1.0,-0.12441411172436954,-0.08311393382109025,0.3013392188129708,6.061802689201645,4.0,1.0,-0.13193392190505926,-0.06644794838648056,0.2954225139545683,6.111809606888517,4.0,1.0,-0.09963317995638969,-0.08165349055878506,0.2710231106323883,4.531550135653018,4.0,1.0,-0.10480766273851501,-0.0864300096094606,0.29652914181920154,1.7751737890017958,4.0,1.0,-0.11268845170857955,-0.07142593745499236,0.3017635606875389,4.831714489524355,4.0,1.0,-0.12040903928300838,-0.05624162233823618,0.2919883663657121,4.822223429096739,4.0,1.0,-0.08745234564945537,-0.06984739288971212,0.27924670597746,5.801740335879611,4.0,1.0,-0.09236764736451188,-0.07364122411218829,0.29728001749780136,2.8571515822238807,4.0,1.0,-0.09987684762102758,-0.06262343416338455,0.29974246669027166,3.2177351358056674,4.0,1.0,-0.10661015308311676,-0.051459202781942416,0.2900226752081423,2.0561157378965653,4.0,1.0,1.0,0.0,0.0,0.0,1.0,0.0,0.0,0.0,1.0,0.0,0.0,0.0,409
-0.12877478588818306,-0.02185312014289759,0.2740824587324697,7.111021256101645,4.0,1.0,-0.14990485406976262,-0.04655001313915407,0.28251091136629664,6.6635987537691355,4.0,1.0,-0.15502896555892323,-0.07192669327744668,0.2889334693759995,5.3229990127645594,4.0,1.0,-0.15325831934430229,-0.09551261416260938,0.29094780348109445,3.631941913938768,4.0,1.0,-0.14183281600646838,-0.1232862666453553,0.2962374964424248,5.329290964619176,4.0,1.0,-0.13776268824068644,-0.09565858769661735,0.2668784341006947,5.576851587905364,4.0,1.0,-0.13688707856257534,-0.10966742754088603,0.2923730648504805,4.1768961252538155,4.0,1.0,-0.13920302841511623,-0.09297255644064567,0.298956956769703,6.534516473060185,4.0,1.0,-0.14309762948020546,-0.07515820518314782,0.29347268150203804,7.5550578900969505,4.0,1.0,-0.11724043735257074,-0.09561592146067029,0.2653466373512898,5.345064937302895,4.0,1.0,-0.11931042469533802,-0.0983565438670651,0.2939695883118379,3.411715330639045,4.0,1.0,-0.12464220444593324,-0.08282770050088609,0.3008126386107607,5.813616888030715,4.0,1.0,-0.13243585594742052,-0.06568161854556515,0.2942790101854601,5.437660719210417,4.0,1.0,-0.09946089904155864,-0.08153524424263754,0.2709252538147834,4.69727020491508,4.0,1.0,-0.10470564936700393,-0.0864739319582287,0.29665544488223533,1.483450081555012,4.0,1.0,-0.11286475900169923,-0.07103663674373549,0.30170015798838634,4.000494107250616,4.0,1.0,-0.12085549496768991,-0.0554667847442399,0.2916980964893148,3.866558438538324,4.0,1.0,-0.08727191141440645,-0.06964023487424437,0.2792730643317225,6.247560506277187,4.0,1.0,-0.09209034818202118,-0.07347669126400011,0.2976819371631084,2.6119724248336724,4.0,1.0,-0.09980830589544443,-0.06236578877502907,0.3000079385141452,2.297127621270406,4.0,1.0,-0.10664764893182925,-0.05114222386527529,0.2898374049599592,2.475547011633827,4.0,1.0,1.0,0.0,0.0,0.0,1.0,0.0,0.0,0.0,1.0,0.0,0.0,0.0,410
-0.12902957749356783,-0.0216579484296098,0.27444603248274124,6.945084509292814,4.0,1.0,-0.14974163359021928,-0.04655950812666864,0.2826627844053876,6.341448674261409,4.0,1.0,-0.15479954940817658,-0.07190041861175796,0.2887595833346939,4.537198155977463,4.0,1.0,-0.15304608414221008,-0.09545538574030965,0.2904225300653959,3.3648628070345956,4.0,1.0,-0.14177992846261203,-0.12320481000706165,0.29542843164883736,5.198193147830362,4.0,1.0,-0.13686132283839997,-0.09562086735901189,0.2669771255157866,5.238037385618447,4.0,1.0,-0.1359780013942294,-0.10923310477150507,0.2921577064533903,4.703848105094231,4.0,1.0,-0.13855522584958044,-0.0925518928782714,0.29909778816801424,6.70788909162447,4.0,1.0,-0.14266268237714608,-0.07480413588130137,0.2939096713025742,6.75180742006059,4.0,1.0,-0.11635857225535387,-0.095301987967134,0.2655319634049465,5.097936592136518,4.0,1.0,-0.1184411416073018,-0.09772545601496226,0.2941261126660304,3.4849216782522685,4.0,1.0,-0.12405396221272898,-0.08224046204883982,0.301013799259814,5.8448654309264825,4.0,1.0,-0.1321615674573452,-0.06536646141685389,0.2943547816605395,5.8161262353576735,4.0,1.0,-0.09882489004194718,-0.08099414081108999,0.2712455707379224,4.482478063833369,4.0,1.0,-0.10412854650909885,-0.08572269667065928,0.29682670657353116,1.4023482365287756,4.0,1.0,-0.11246499665171511,-0.07042358333937968,0.30164340674007606,4.5078523822997925,4.0,1.0,-0.1206177263880226,-0.0551462353826671,0.2911913477728188,4.802019733189942,4.0,1.0,-0.08684816307117389,-0.06894554015030752,0.27971075418027286,5.6867709866707505,4.0,1.0,-0.09200805887288159,-0.07250697812654931,0.2977881015680865,2.7933927384616917,4.0,1.0,-0.09981168235806148,-0.0613622299086506,0.29989076995254693,2.986416363296714,4.0,1.0,-0.10671950479270842,-0.0502251981658872,0.2897575264376865,2.5958355669143423,4.0,1.0,1.0,0.0,0.0,0.0,1.0,0.0,0.0,0.0,1.0,0.0,0.0,0.0,411
-0.12944520409096785,-0.02131901713505283,0.27446839906098464,8.091576220795236,4.0,1.0,-0.1490700054899867,-0.0468197001905473,0.28203645824383294,7.263498806268468,4.0,1.0,-0.15326411478689095,-0.07241709712606222,0.28775032696511155,5.6602590236067,4.0,1.0,-0.1510474538290998,-0.09606883313426903,0.28951479782733525,4.427244410018549,4.0,1.0,-0.13939145326425287,-0.12395246384990602,0.29593221443908363,4.3257948759999225,4.0,1.0,-0.13365496465438645,-0.0954192052383417,0.2670100392673876,4.997250094342038,4.0,1.0,-0.1330677925034989,-0.10919808837627298,0.2923815443430201,7.427783413166457,4.0,1.0,-0.13630174932950476,-0.09263176487296933,0.29837951848502936,8.094319691816649,4.0,1.0,-0.14073133957761613,-0.07504995675349393,0.2926171436644412,5.360859887412899,4.0,1.0,-0.11334322986407594,-0.09453486768875027,0.26618177584355296,4.164068106754116,4.0,1.0,-0.11653842805212354,-0.0972688612451638,0.2942906360401737,4.7617535743855175,4.0,1.0,-0.12301924619924234,-0.08184271939260644,0.30094371367106226,6.6682518574445595,4.0,1.0,-0.13159954173690988,-0.06509084002041547,0.2942814483319064,4.6354749068557215,4.0,1.0,-0.09675972035908492,-0.0797408810167637,0.27232700538007765,2.489804249906399,4.0,1.0,-0.1030024478103741,-0.084848517125088,0.29730595545046123,3.31048663361837,4.0,1.0,-0.11225767651305786,-0.06970922629137488,0.3017587462801931,5.994700588906966,4.0,1.0,-0.12043437690705218,-0.05474972344385778,0.2908158828693841,4.461875053091991,4.0,1.0,-0.08565705235978416,-0.06736535306206388,0.2810314100453338,4.377530059871187,4.0,1.0,-0.09145407910588498,-0.07144953403924426,0.2984797601247982,4.418442366878006,4.0,1.0,-0.10003242554554857,-0.06042011018026988,0.2999575708268613,4.95180640230716,4.0,1.0,-0.10703260220745785,-0.049472357227935145,0.28927475067786074,2.357272162812104,4.0,1.0,1.0,0.0,0.0,0.0,1.0,0.0,0.0,0.0,1.0,0.0,0.0,0.0,412
-0.12747592917475697,-0.02030805792946507,0.27624137812963806,6.8081905112534615,4.0,1.0,-0.14667693792063075,-0.04682069663788639,0.2809632171317168,6.57402535918663,4.0,1.0,-0.15057839151739244,-0.07276731315846091,0.2852532060979684,5.601821918135328,4.0,1.0,-0.14770536795557915,-0.09638005940191688,0.2866178511836752,4.253348293528275,4.0,1.0,-0.1355656093778632,-0.1255392741044351,0.2940653768003395,3.542793483719624,4.0,1.0,-0.12916266217269803,-0.09509456777268457,0.2662886029105309,5.882157996851034,4.0,1.0,-0.1304557608770254,-0.1088896698579863,0.29121851254731507,7.503385100068402,4.0,1.0,-0.13433854249269234,-0.091484595657703,0.29688930172766437,8.031984489879756,4.0,1.0,-0.1384217721074329,-0.07344722268008044,0.2909368119100122,5.760707028589956,4.0,1.0,-0.10888740743732046,-0.09386755596132085,0.2676202748320062,5.847478869103856,4.0,1.0,-0.11391437154801873,-0.09695997580828293,0.29492108684750973,6.093190430719677,4.0,1.0,-0.12160027844154014,-0.08094186155796171,0.3009398422334362,6.6607233719348935,4.0,1.0,-0.1301297713985036,-0.06390604363330375,0.2934550616932617,4.930018392569316,4.0,1.0,-0.09305337408820405,-0.07882791697647348,0.27585347441094255,5.3290796587321045,4.0,1.0,-0.10080377473920532,-0.08423451739633056,0.299544525797645,4.53618105391643,4.0,1.0,-0.11131816585020195,-0.06836364365883078,0.3032172649327373,4.728725136197506,4.0,1.0,-0.11939008700509854,-0.05308460653465158,0.2921428853218255,2.975066346199734,4.0,1.0,-0.08275679112289701,-0.06638778380594751,0.28599815328524736,6.332976254191742,4.0,1.0,-0.08978639165855769,-0.07056048601559857,0.3022348832211699,3.5066610784273466,4.0,1.0,-0.09914477205365022,-0.05919583897592734,0.3031352860974149,4.287725187468223,4.0,1.0,-0.10584937469555786,-0.0480177038533434,0.2925409217124633,3.4510625015166294,4.0,1.0,1.0,0.0,0.0,0.0,1.0,0.0,0.0,0.0,1.0,0.0,0.0,0.0,413
-0.12555203844629942,-0.020873961370824135,0.2775083306449051,7.738187192182263,4.0,1.0,-0.14413559334551196,-0.048306490275668364,0.2790521936962695,6.770899559774379,4.0,1.0,-0.14838199603740423,-0.07427930119063002,0.2818008713576854,5.494385649186607,4.0,1.0,-0.14516829939693687,-0.0976789486657411,0.28324073502279506,3.6424718217775522,4.0,1.0,-0.13260632139888184,-0.12657574134600558,0.29207795265701303,4.8195965007446135,4.0,1.0,-0.1227354925466242,-0.09501054375725104,0.26561377913278583,6.685461085423612,4.0,1.0,-0.1257138790839315,-0.10750482423520609,0.29188659369410297,5.141493501368761,4.0,1.0,-0.13156395933944398,-0.09056978583081139,0.29680503907012756,4.625760068031024,4.0,1.0,-0.1359349275081862,-0.07393018984106553,0.28974383178629237,6.052899444450526,4.0,1.0,-0.10261017124964503,-0.09268690416229952,0.2695576252804371,5.949082868190627,4.0,1.0,-0.11080959993153708,-0.09513247869175362,0.2963129893554517,5.488360321522728,4.0,1.0,-0.11991172833844216,-0.0796629744468746,0.3015777836472307,5.348485650335824,4.0,1.0,-0.12803977240133801,-0.06377323329958828,0.2928539639891471,3.636854827119339,4.0,1.0,-0.08836977786296542,-0.07719303081167464,0.2802556627488137,5.26426986857648,4.0,1.0,-0.09887223007570622,-0.08228489145428118,0.30253343148734113,4.3008171718269255,4.0,1.0,-0.11022122830123582,-0.06709320848018438,0.3049553450127597,4.5437578983442375,4.0,1.0,-0.11752583753655149,-0.05242639861262218,0.2929478112373973,4.0038490923704,4.0,1.0,-0.0797584985726994,-0.06443638540350011,0.29202178181669836,6.136227321550166,4.0,1.0,-0.08893834581773703,-0.06821027320145917,0.30702180197716894,3.4480428845577196,4.0,1.0,-0.09872265932620918,-0.057162842967178065,0.30676388582084,3.4861186262261485,4.0,1.0,-0.10454489429530228,-0.04644042263204182,0.2954988823029223,4.117271378489023,4.0,1.0,1.0,0.0,0.0,0.0,1.0,0.0,0.0,0.0,1.0,0.0,0.0,0.0,414
-0.12560529854491975,-0.020706376438145855,0.27857321358610476,8.531023171120754,4.0,1.0,-0.13896356025854797,-0.05030202929677473,0.27291376066100625,6.520909269917408,4.0,1.0,-0.1412965766083087,-0.07654445880724033,0.2723836443070146,4.203913121087999,4.0,1.0,-0.13570414008235102,-0.09949854452297541,0.2741368979667626,4.383060521676723,4.0,1.0,-0.12374108942170389,-0.12767882378796608,0.2850422483677179,5.452197718778529,4.0,1.0,-0.10853189105064395,-0.09502042640029841,0.26631736885596974,7.192536613030757,4.0,1.0,-0.1157822787521661,-0.1103299798727958,0.2901490022603812,3.3716043382523995,4.0,1.0,-0.12491597410872744,-0.09447187875643352,0.29261903523518734,3.3228637332730044,4.0,1.0,-0.12976425364296845,-0.07690220556865948,0.2831624945029012,2.7900975624035866,4.0,1.0,-0.09079685055513467,-0.0915587629812172,0.2769802122828065,6.719228329174168,4.0,1.0,-0.10381025200960199,-0.09663095144602303,0.29968696057524996,5.1330510951957775,4.0,1.0,-0.11610139493307325,-0.08243348280064426,0.3023602235410332,5.879420338189863,4.0,1.0,-0.12502653096168476,-0.06631776030744106,0.29149847675508633,2.938598409682921,4.0,1.0,-0.08221015062309348,-0.07522461130052033,0.2921689702580842,5.668804734542909,4.0,1.0,-0.09596558116797041,-0.0834866766953278,0.3100760624866506,5.205183884704072,4.0,1.0,-0.10974926102772822,-0.0707017600280395,0.3101997900848804,7.404253158215107,4.0,1.0,-0.1171950803277758,-0.05503816946206872,0.29706808502337273,4.988968996303768,4.0,1.0,-0.07893579329089419,-0.061888263744139825,0.30618498196633376,5.568967385539952,4.0,1.0,-0.0894267176995215,-0.06833113289957309,0.31793804008638704,5.763113328323826,4.0,1.0,-0.10085857123354322,-0.05839952267969679,0.31528839206500514,6.096458145829781,4.0,1.0,-0.10667321431690704,-0.046837899900904735,0.3035362456817703,3.9396907844216402,4.0,1.0,1.0,0.0,0.0,0.0,1.0,0.0,0.0,0.0,1.0,0.0,0.0,0.0,415
