image_idx,corner_id,x,y
0,0,839.954345703125,1001.0071411132812
0,1,841.6438598632812,961.0421142578125
0,2,843.73974609375,919.3367309570312
0,3,845.934326171875,876.7325439453125
0,4,848.0711669921875,832.9512329101562
0,5,850.8234252929688,788.6005859375
0,6,853.5722045898438,744.1171875
0,7,856.126708984375,699.114990234375
0,8,859.1192016601562,654.43359375
0,9,881.9703979492188,1007.3472900390625
0,10,884.1834106445312,966.9491577148438
0,11,886.5601196289062,924.8128051757812
0,12,888.972900390625,881.5741577148438
0,13,891.65087890625,837.2470092773438
0,14,894.181640625,792.2178955078125
0,15,896.9657592773438,747.06884765625
0,16,899.5511474609375,701.4893188476562
0,17,902.4088745117188,656.1870727539062
0,18,925.0870361328125,1012.774169921875
0,19,928.048095703125,972.1281127929688
0,20,930.67138671875,929.8049926757812
0,21,933.3392333984375,886.0995483398438
0,22,936.145751953125,841.056884765625
0,23,938.8673706054688,795.8663940429688
0,24,941.5530395507812,750.1845092773438
0,25,944.1294555664062,703.9692993164062
0,26,947.1129150390625,658.0775756835938
0,27,969.4232177734375,1018.094482421875
0,28,972.4117431640625,976.6240234375
0,29,975.3717651367188,934.4075927734375
0,30,978.7637939453125,889.9966430664062
0,31,981.7395629882812,844.8760375976562
0,32,984.6864624023438,798.8350830078125
0,33,987.1622314453125,752.967529296875
0,34,990.0113525390625,706.2313842773438
0,35,992.4801025390625,659.9818725585938
0,36,1014.162353515625,1022.4584350585938
0,37,1017.991455078125,981.162353515625
0,38,1021.5130615234375,937.7572631835938
0,39,1024.9482421875,893.7987060546875
0,40,1028.129638671875,847.9593505859375
0,41,1031.1978759765625,801.7894287109375
0,42,1034.0333251953125,755.2108154296875
0,43,1036.409912109375,708.4769897460938
0,44,1038.8966064453125,661.5880737304688
0,45,1059.24072265625,1026.454833984375
0,46,1063.720703125,984.9735717773438
0,47,1067.4625244140625,941.5445556640625
0,48,1071.2906494140625,896.9051513671875
0,49,1074.79150390625,850.8461303710938
0,50,1077.9119873046875,804.4193115234375
0,51,1080.70068359375,757.6098022460938
0,52,1083.164794921875,710.1959838867188
0,53,1084.99462890625,663.4127807617188
0,54,1104.6966552734375,1028.8388671875
0,55,1109.3052978515625,987.300048828125
0,56,1113.7825927734375,944.1524658203125
0,57,1117.7174072265625,899.4631958007812
0,58,1121.4501953125,853.3532104492188
0,59,1124.6973876953125,806.7721557617188
0,60,1127.508544921875,759.5001831054688
0,61,1129.8853759765625,712.1500854492188
0,62,1131.7906494140625,664.8519287109375
1,0,592.4447021484375,276.4216003417969
1,1,577.466552734375,278.6420593261719
1,2,561.7230834960938,280.7286376953125
1,3,546.4754638671875,282.9852294921875
1,4,530.0159301757812,285.1572570800781
1,5,513.4972534179688,287.000244140625
1,6,496.9982604980469,288.9474182128906
1,9,587.61865234375,265.7283630371094
1,10,572.8629150390625,267.4712829589844
1,11,557.8834838867188,270.03033447265625
1,12,542.471923828125,271.5440368652344
1,13,526.96337890625,273.8209228515625
1,14,511.03009033203125,275.6012268066406
1,15,495.2466735839844,277.0995178222656
1,19,568.2212524414062,257.63427734375
1,20,553.8410034179688,259.0711364746094
1,21,539.0562744140625,261.6571044921875
1,22,523.9258422851562,262.8817138671875
1,23,508.8839111328125,264.5216369628906
1,24,492.99725341796875,266.5604553222656
1,25,477.171875,268.9665832519531
1,26,462.1746826171875,270.4621276855469
1,31,521.051513671875,253.59994506835938
1,32,506.08642578125,255.01919555664062
1,33,491.51324462890625,256.8380432128906
1,34,476.29718017578125,258.26190185546875
1,40,518.60693359375,244.0519256591797
2,0,505.0654602050781,306.6224365234375
2,1,491.1771545410156,309.09246826171875
2,2,476.4666442871094,312.4493103027344
2,3,461.6539001464844,315.4985046386719
2,4,446.9513244628906,318.080810546875
2,5,431.73297119140625,320.8861389160156
2,6,417.02423095703125,323.1119384765625
2,7,402.1325378417969,326.02032470703125
2,8,387.2536315917969,328.50408935546875
2,9,502.2030029296875,292.1283874511719
2,10,487.98895263671875,295.16131591796875
2,11,473.2369689941406,297.87298583984375
2,12,458.6302795410156,300.5738525390625
2,13,444.1133117675781,303.014404296875
2,14,428.4559326171875,306.0146484375
2,15,414.25653076171875,308.7038269042969
2,16,399.57037353515625,310.99462890625
2,17,384.2289123535156,314.17706298828125
2,18,499.0478210449219,276.9454650878906
2,19,485.1537170410156,280.0129699707031
2,20,469.98858642578125,283.0995178222656
2,21,456.1054382324219,285.67413330078125
2,22,441.0967712402344,287.9864196777344
2,23,426.279541015625,291.31573486328125
2,24,411.4023742675781,294.0957946777344
2,25,397.09588623046875,296.5440673828125
2,26,382.2757568359375,298.895263671875
2,27,496.15264892578125,263.18377685546875
2,28,481.4325256347656,266.0713195800781
2,29,467.7997741699219,268.33587646484375
2,30,452.8951416015625,271.4231262207031
2,31,438.1593017578125,274.180419921875
2,32,423.580078125,277.0897521972656
2,33,409.1398620605469,279.20831298828125
2,34,394.1951599121094,282.21746826171875
2,35,379.6171875,285.1802062988281
2,36,492.9379577636719,249.12710571289062
2,37,478.8672790527344,251.9587860107422
2,38,464.4548645019531,254.2082977294922
2,39,450.15386962890625,257.05059814453125
2,40,435.56488037109375,259.9385681152344
2,41,421.1219482421875,262.48193359375
2,42,406.1445617675781,265.2956848144531
2,45,489.8694763183594,236.2138671875
2,46,475.619384765625,237.9002227783203
2,47,461.4539489746094,240.89321899414062
2,48,446.89654541015625,243.1796417236328
2,49,433.06988525390625,245.77383422851562
2,50,418.065185546875,248.7016143798828
2,51,403.88067626953125,251.3489532470703
2,54,486.0630798339844,222.60888671875
2,55,472.6170654296875,224.69566345214844
2,56,458.1165771484375,227.10321044921875
2,57,444.4115295410156,229.7465057373047
2,58,430.039306640625,231.91307067871094
2,59,416.2519226074219,234.97801208496094
2,60,401.13555908203125,237.74813842773438
2,61,387.42919921875,240.21397399902344
2,62,373.4068603515625,242.43951416015625
3,0,985.86572265625,987.3653564453125
3,1,945.2124633789062,961.2373046875
3,2,906.0086669921875,935.2225341796875
3,3,868.8547973632812,909.7698364257812
3,4,833.1674194335938,884.3565673828125
3,5,799.8135375976562,860.2386474609375
3,6,768.3465576171875,836.9160766601562
3,7,738.6174926757812,813.9740600585938
3,8,710.7064208984375,791.960693359375
3,9,1013.7714233398438,949.7994995117188
3,10,973.6643676757812,925.0654907226562
3,11,934.95751953125,900.8716430664062
3,12,897.8446044921875,876.7338256835938
3,13,862.4385375976562,853.1300659179688
3,14,828.9493408203125,830.183837890625
3,15,797.220947265625,807.8734741210938
3,16,767.1080322265625,785.8950805664062
3,17,739.2393798828125,765.3614501953125
3,18,1039.855224609375,913.983154296875
3,19,1000.3570556640625,890.6620483398438
3,20,962.1060180664062,867.5344848632812
3,21,925.4637451171875,844.9617919921875
3,22,890.3024291992188,822.5582275390625
3,23,856.85498046875,800.7177734375
3,24,825.1277465820312,779.402099609375
3,25,795.1090698242188,759.1908569335938
3,26,766.9574584960938,740.3280639648438
3,27,1064.368896484375,879.352783203125
3,28,1025.580810546875,857.1250610351562
3,29,988.0375366210938,835.1873168945312
3,30,951.8551025390625,814.05517578125
3,31,916.7560424804688,792.9959106445312
3,32,883.6539916992188,772.8406372070312
3,33,852.08740234375,752.6846313476562
3,34,821.9408569335938,733.6747436523438
3,35,793.7974243164062,715.913330078125
3,36,1087.3695068359375,845.5882568359375
3,37,1049.3343505859375,824.9285888671875
3,38,1012.3077392578125,804.235595703125
3,39,976.6546020507812,784.0413818359375
3,40,942.17578125,764.6726684570312
3,41,909.2305297851562,745.353515625
3,42,877.8056030273438,726.4131469726562
3,43,847.9447021484375,708.7647094726562
3,44,819.4185791015625,691.90576171875
3,45,1108.6292724609375,814.0089111328125
3,46,1071.552490234375,793.9076538085938
3,47,1035.3236083984375,774.4021606445312
3,48,1000.0528564453125,755.6259765625
3,49,966.1309204101562,737.2830810546875
3,50,933.4681396484375,718.9077758789062
3,51,902.1884155273438,701.1218872070312
3,52,872.4739379882812,684.5036010742188
3,53,844.073486328125,668.5794067382812
3,54,1128.300048828125,784.3336181640625
3,55,1092.03759765625,765.2294921875
3,56,1056.646484375,746.688232421875
3,57,1022.0796508789062,728.5606079101562
3,58,988.5896606445312,711.0618896484375
3,59,956.36865234375,693.96337890625
3,60,925.6624755859375,677.5415649414062
3,61,896.0667724609375,661.5968627929688
3,62,867.6746215820312,646.4735717773438
4,0,884.9806518554688,794.0126342773438
4,1,874.082763671875,753.2958374023438
4,2,862.9105224609375,712.3831787109375
4,3,852.2260131835938,670.9703979492188
4,4,841.2383422851562,629.4183959960938
4,5,831.0516357421875,588.5100708007812
4,6,820.92529296875,547.8765869140625
4,7,810.9785766601562,507.7226257324219
4,8,801.5961303710938,468.6448059082031
4,9,925.5447387695312,784.5320434570312
4,10,914.6068115234375,743.5527954101562
4,11,903.906005859375,701.7981567382812
4,12,892.71923828125,660.165771484375
4,13,882.1390380859375,618.156982421875
4,14,871.0715942382812,576.9689331054688
4,15,860.8156127929688,535.7055053710938
4,16,850.1707153320312,495.4950256347656
4,17,840.3917846679688,456.1491394042969
4,18,966.6761474609375,774.3883056640625
4,19,956.2012329101562,733.1712036132812
4,20,945.112548828125,691.234130859375
4,21,934.1627807617188,649.2963256835938
4,22,922.9730834960938,607.0309448242188
4,23,912.0923461914062,565.2608032226562
4,24,901.1425170898438,524.1280517578125
4,25,890.4130859375,483.7223815917969
4,26,880.2584228515625,444.3199768066406
4,27,1008.8818969726562,764.1573486328125
4,28,997.622314453125,722.443603515625
4,29,987.0242919921875,680.5048217773438
4,30,976.0928344726562,637.965576171875
4,31,964.8375854492188,595.6199340820312
4,32,953.6944580078125,553.8106689453125
4,33,942.5269165039062,512.611083984375
4,34,931.27978515625,471.8570861816406
4,35,920.7615966796875,432.70526123046875
4,36,1050.9344482421875,753.34765625
4,37,1040.327392578125,711.6383666992188
4,38,1029.1671142578125,669.3514404296875
4,39,1018.3295288085938,626.655517578125
4,40,1006.73095703125,584.3462524414062
4,41,995.739990234375,542.2088623046875
4,42,984.2547607421875,500.9272155761719
4,43,972.8002319335938,460.21466064453125
4,44,961.6605224609375,420.9879150390625
4,45,1092.9456787109375,742.714599609375
4,46,1082.40869140625,700.4283447265625
4,47,1071.8099365234375,657.9160766601562
4,48,1060.1839599609375,615.5139770507812
4,49,1049.0147705078125,573.0890502929688
4,50,1037.334228515625,530.8568725585938
4,51,1025.8631591796875,489.4415283203125
4,52,1013.935546875,448.69476318359375
4,53,1002.4528198242188,409.33660888671875
4,54,1134.375,731.4774169921875
4,55,1124.40087890625,689.12451171875
4,56,1113.384033203125,646.9334716796875
4,57,1102.6226806640625,604.1671142578125
4,58,1091.0252685546875,561.862060546875
4,59,1079.1416015625,519.602294921875
4,60,1067.121826171875,478.4540100097656
4,61,1055.174072265625,437.9323425292969
4,62,1043.1942138671875,398.53912353515625
5,2,941.3451538085938,960.1465454101562
5,3,921.3995361328125,941.6882934570312
5,4,901.9537353515625,923.0051879882812
5,5,882.8447265625,905.0646362304688
5,8,829.1183471679688,852.0370483398438
5,9,1002.9276123046875,978.07958984375
5,10,981.8604736328125,959.62939453125
5,13,921.7730102539062,905.31640625
5,14,902.6217651367188,887.5007934570312
5,17,848.807373046875,835.6328735351562
5,18,1022.2987670898438,958.5408325195312
5,19,1001.434814453125,940.5997924804688
5,27,1041.0289306640625,939.0800170898438
5,28,1020.2327880859375,921.4033813476562
5,29,999.90576171875,903.92236328125
5,37,1038.752685546875,902.6622924804688
5,38,1018.2409057617188,885.4575805664062
5,39,998.4110107421875,868.5313110351562
5,49,996.8199462890625,834.8267822265625
6,0,505.1851501464844,293.0057373046875
6,1,491.1454772949219,295.9356384277344
6,2,476.19818115234375,298.6832275390625
6,3,461.58544921875,301.2149963378906
6,4,445.96697998046875,304.1334228515625
6,5,431.1426696777344,307.12188720703125
6,6,416.0565185546875,308.90435791015625
6,7,401.2054443359375,311.69903564453125
6,8,385.2942199707031,314.3836364746094
6,9,502.1427917480469,279.17474365234375
6,10,487.4727478027344,282.2165832519531
6,11,473.33551025390625,284.4768371582031
6,12,458.14373779296875,287.23675537109375
6,13,443.7546691894531,290.05657958984375
6,14,428.9014892578125,292.26287841796875
6,15,413.1159973144531,295.2020263671875
6,16,398.9753723144531,297.2339172363281
6,17,384.20501708984375,299.6578063964844
6,18,498.1090393066406,265.8118896484375
6,19,484.2972106933594,268.1844482421875
6,20,470.0135498046875,270.5506591796875
6,21,455.6000061035156,273.4461669921875
6,22,441.1171875,275.6270446777344
6,23,426.19586181640625,278.098388671875
6,24,411.3497619628906,280.71942138671875
6,25,396.9214172363281,283.1048889160156
6,26,382.2261962890625,285.4842224121094
6,29,467.1534118652344,256.9697265625
6,30,452.63336181640625,259.981689453125
6,31,438.187255859375,262.1041259765625
6,32,422.75390625,264.12939453125
6,33,409.560791015625,266.7094421386719
6,34,394.73828125,269.40594482421875
6,35,380.23236083984375,272.1778564453125
6,38,463.6506042480469,244.11019897460938
6,39,450.08709716796875,246.469482421875
6,40,435.2750549316406,248.95248413085938
6,41,421.5048522949219,251.28512573242188
6,42,407.0467834472656,253.41827392578125
6,43,392.82012939453125,256.3138122558594
6,44,378.35223388671875,258.9953918457031
6,45,488.3172912597656,227.12942504882812
6,46,474.9488220214844,228.8477020263672
6,47,461.1588439941406,231.0847930908203
6,48,446.9750061035156,233.74403381347656
6,53,376.9021911621094,246.07887268066406
6,54,485.18426513671875,215.1964111328125
6,55,472.0444030761719,216.84934997558594
6,56,458.0604248046875,219.07427978515625
6,57,444.82464599609375,221.44813537597656
7,0,837.135498046875,984.7363891601562
7,1,838.9161987304688,943.9072265625
7,2,840.8920288085938,901.886962890625
7,3,843.0799560546875,858.908447265625
7,4,845.4608154296875,814.9434814453125
7,5,847.9027709960938,770.4711303710938
7,6,850.9500122070312,725.8322143554688
7,7,853.5990600585938,680.9161376953125
7,8,856.670166015625,636.2788696289062
7,9,879.1478881835938,990.9664916992188
7,10,881.1945190429688,949.5956420898438
7,11,883.7660522460938,907.2413330078125
7,12,886.4105224609375,863.8247680664062
7,13,888.9877319335938,818.9449462890625
7,14,891.4232788085938,773.7136840820312
7,15,894.174560546875,728.5426025390625
7,16,896.864013671875,683.0470581054688
7,17,899.5462646484375,637.8698120117188
7,18,922.3971557617188,996.0508422851562
7,19,925.3323974609375,954.8207397460938
7,20,927.9496459960938,911.8439331054688
7,21,930.6307373046875,868.0036010742188
7,22,933.384033203125,822.64208984375
7,23,936.1851806640625,777.0715942382812
7,24,938.7180786132812,731.2644653320312
7,25,941.3909301757812,685.1513061523438
7,26,944.2453002929688,639.5006713867188
7,27,966.938232421875,1001.3988647460938
7,28,969.9696655273438,959.5040893554688
7,29,972.9041748046875,916.45703125
7,30,976.1122436523438,871.740234375
7,31,979.0250854492188,826.2885131835938
7,32,981.8684692382812,780.0952758789062
7,33,984.4008178710938,734.0264892578125
7,34,987.14501953125,687.132080078125
7,35,989.4970703125,641.1605834960938
7,36,1011.8388671875,1005.6942749023438
7,37,1015.5482788085938,963.8261108398438
7,38,1018.994140625,919.9630737304688
7,39,1022.2938232421875,875.4600219726562
7,40,1025.460693359375,829.2708740234375
7,41,1028.2176513671875,783.0585327148438
7,42,1030.9871826171875,736.15185546875
7,43,1033.49462890625,689.1864624023438
7,44,1035.8804931640625,642.7291870117188
7,45,1057.2701416015625,1009.6202392578125
7,46,1061.2493896484375,967.3985595703125
7,47,1065.2110595703125,923.6544189453125
7,48,1068.8160400390625,878.600830078125
7,49,1072.137939453125,832.1109619140625
7,50,1075.09765625,785.3912353515625
7,51,1077.6654052734375,738.58203125
7,52,1080.106689453125,690.8497314453125
7,53,1081.9725341796875,644.2349853515625
7,54,1102.7266845703125,1012.218505859375
7,55,1107.220947265625,970.0733032226562
7,56,1111.608154296875,926.1464233398438
7,57,1115.30419921875,881.1637573242188
7,58,1118.9949951171875,834.6019287109375
7,59,1121.97998046875,787.7108764648438
7,60,1124.721435546875,740.2893676757812
7,61,1126.7347412109375,692.843994140625
7,62,1128.573486328125,645.86767578125
8,0,839.0357666015625,995.0667724609375
8,1,840.8720092773438,954.8134765625
8,2,842.836669921875,913.0480346679688
8,3,844.9368896484375,870.3565673828125
8,4,847.30419921875,826.4235229492188
8,5,850.0001220703125,782.1519775390625
8,6,852.9622802734375,737.5576782226562
8,7,855.6461791992188,692.5125122070312
8,8,858.656982421875,647.8645629882812
8,9,881.0086669921875,1001.5536499023438
8,10,883.1591186523438,960.6657104492188
8,11,885.780517578125,918.6171264648438
8,12,888.253662109375,875.2044677734375
8,13,890.9240112304688,830.7312622070312
8,14,893.5234985351562,785.7520141601562
8,15,896.096435546875,740.6045532226562
8,16,898.8771362304688,694.9882202148438
8,17,901.791015625,649.6084594726562
8,18,924.4290771484375,1007.0226440429688
8,19,927.102294921875,966.014404296875
8,20,929.7984619140625,923.259033203125
8,21,932.6079711914062,879.9456176757812
8,22,935.442626953125,834.7262573242188
8,23,938.2301635742188,789.1591186523438
8,24,940.9439697265625,743.4810180664062
8,25,943.7107543945312,697.331787109375
8,26,946.47802734375,651.43115234375
8,27,968.5314331054688,1012.2679443359375
8,28,971.6005859375,970.7718505859375
8,29,974.811767578125,928.0284423828125
8,30,977.9814453125,883.6334228515625
8,31,981.0133666992188,838.4200439453125
8,32,984.025390625,792.4989013671875
8,33,986.5765380859375,746.3357543945312
8,34,989.483642578125,699.58056640625
8,35,991.867919921875,653.3614501953125
8,36,1013.3153076171875,1016.6049194335938
8,37,1017.1633911132812,975.2643432617188
8,38,1020.7546997070312,931.6430053710938
8,39,1024.17529296875,887.4298706054688
8,40,1027.5538330078125,841.5866088867188
8,41,1030.4417724609375,795.4010620117188
8,42,1033.291259765625,748.61083984375
8,43,1035.8909912109375,701.6893920898438
8,44,1038.3287353515625,654.9989013671875
8,45,1058.69189453125,1020.7230224609375
8,46,1062.8260498046875,978.885498046875
8,47,1066.833740234375,935.3966064453125
8,48,1070.7283935546875,890.7249755859375
8,49,1074.170166015625,844.5143432617188
8,50,1077.2625732421875,797.8855590820312
8,51,1080.1004638671875,750.9928588867188
8,52,1082.730712890625,703.562744140625
8,53,1084.5762939453125,656.7244262695312
8,54,1104.0181884765625,1023.1327514648438
8,55,1108.7528076171875,981.529296875
8,56,1113.0704345703125,937.9810791015625
8,57,1117.0703125,893.2717895507812
8,58,1120.965087890625,847.0547485351562
8,59,1124.124267578125,800.2410888671875
8,60,1126.947509765625,752.931396484375
8,61,1129.1531982421875,705.4691772460938
8,62,1131.13916015625,658.3629150390625
9,2,929.6513671875,943.0769653320312
9,3,910.9488525390625,922.8842163085938
9,4,892.7568969726562,902.5748291015625
9,5,875.3565063476562,883.2234497070312
9,6,858.7040405273438,864.3300170898438
9,7,842.2968139648438,845.4788818359375
9,9,991.9902954101562,965.216552734375
9,10,971.9122924804688,944.7570190429688
9,11,952.3864135742188,924.6970825195312
9,12,933.4342651367188,904.9176635742188
9,13,915.165283203125,885.4058837890625
9,14,897.5027465820312,866.3947143554688
9,15,880.3568115234375,847.7921752929688
9,16,863.7970581054688,829.2955322265625
9,18,1014.4598999023438,945.7970581054688
9,19,994.2310180664062,925.908447265625
9,20,974.5549926757812,906.281005859375
9,21,955.490966796875,887.21875
9,22,937.0106811523438,868.07666015625
9,23,919.0236206054688,849.4309692382812
9,24,901.686279296875,831.1224365234375
9,25,885.27197265625,813.5485229492188
9,27,1036.542236328125,926.3780517578125
9,28,1016.148681640625,906.9927978515625
9,29,996.2494506835938,887.72314453125
9,30,977.0233764648438,869.2415771484375
9,33,922.920166015625,815.037109375
9,34,905.9570922851562,797.9363403320312
9,36,1057.9429931640625,906.820556640625
9,37,1037.6181640625,887.9786376953125
9,38,1017.5977783203125,869.6066284179688
9,39,998.17041015625,851.2467651367188
9,42,943.4944458007812,798.89794921875
9,45,1078.8497314453125,887.746826171875
9,46,1058.2171630859375,869.1519775390625
9,49,999.7814331054688,816.6480712890625
9,50,981.3967895507812,799.4659423828125
9,55,1078.43701171875,851.0321044921875
9,58,1019.6442260742188,799.6294555664062
10,0,505.2001037597656,295.6131591796875
10,1,491.22406005859375,298.06329345703125
10,2,475.9892883300781,300.9903259277344
10,3,461.8621826171875,303.75665283203125
10,4,446.7099914550781,306.1722106933594
10,5,431.3248596191406,309.3591613769531
10,6,416.6849670410156,311.992919921875
10,7,401.24273681640625,314.3736572265625
10,8,385.893798828125,316.8822326660156
10,9,502.2006530761719,281.06329345703125
10,10,487.4599914550781,284.09722900390625
10,11,473.3461608886719,286.31781005859375
10,12,458.7633056640625,289.3770751953125
10,13,443.80706787109375,292.1942138671875
10,14,429.1506042480469,294.3974609375
10,15,414.1064453125,296.9920349121094
10,16,399.3089294433594,299.5837097167969
10,17,384.3208923339844,302.10162353515625
10,18,498.7951965332031,267.68048095703125
10,19,484.36163330078125,270.33447265625
10,20,469.99969482421875,272.6963195800781
10,21,454.68585205078125,274.9334411621094
10,22,441.0701904296875,277.3710632324219
10,25,397.027099609375,285.3260498046875
10,26,382.1719665527344,288.0617370605469
10,27,495.3424072265625,254.08334350585938
10,28,480.94134521484375,256.6711730957031
10,29,467.2514953613281,258.6989440917969
10,30,452.94793701171875,261.4208068847656
10,31,438.2842102050781,262.4828796386719
10,34,394.8596496582031,271.40435791015625
10,35,380.68121337890625,274.4966125488281
10,36,492.0304260253906,240.80215454101562
10,37,478.2127380371094,243.0955810546875
10,38,463.9084167480469,245.79202270507812
10,39,450.21795654296875,247.91744995117188
10,40,435.8329772949219,250.43603515625
10,41,421.1501770019531,253.24066162109375
10,42,406.798095703125,255.35118103027344
10,43,393.29595947265625,258.140625
10,44,378.4930725097656,260.9908142089844
10,45,488.8372802734375,228.39736938476562
10,46,474.9772644042969,229.999267578125
10,49,433.2742004394531,237.13113403320312
10,50,419.0279846191406,239.6247100830078
10,51,404.96142578125,242.32945251464844
10,52,390.6037292480469,245.02894592285156
10,53,376.996826171875,247.52362060546875
10,54,485.0903625488281,215.83209228515625
10,58,430.5657043457031,225.03952026367188
10,59,416.8174133300781,227.6180877685547
10,60,402.9835205078125,229.2084503173828
11,0,942.2841796875,1004.938720703125
11,1,906.1304931640625,973.9342041015625
11,2,871.345458984375,943.1170654296875
11,3,838.3275146484375,912.9988403320312
11,4,806.5413208007812,883.4407348632812
11,5,776.7645874023438,854.9501342773438
11,6,748.8289794921875,827.4489135742188
11,7,722.1148071289062,800.735107421875
11,8,697.2162475585938,775.2772216796875
11,9,973.5759887695312,968.1316528320312
11,10,936.9096069335938,937.7565307617188
11,11,901.65234375,907.8128051757812
11,12,867.8914184570312,878.2757568359375
11,13,835.682373046875,849.63232421875
11,14,805.0314331054688,821.859619140625
11,15,776.2596435546875,795.1014404296875
11,16,748.6422729492188,769.1549682617188
11,17,723.2119140625,744.6875
11,18,1004.755615234375,930.7142333984375
11,19,967.6937255859375,901.0294189453125
11,20,931.8298950195312,871.7666015625
11,21,897.5604858398438,843.2515869140625
11,22,864.5751953125,815.384033203125
11,23,833.3997802734375,788.42431640625
11,24,803.6052856445312,762.4814453125
11,25,775.8074340820312,737.6629638671875
11,26,749.930908203125,714.3547973632812
11,27,1035.5545654296875,892.6734008789062
11,28,997.9649047851562,863.7838745117188
11,29,961.6486206054688,835.1931762695312
11,30,926.8865966796875,807.796875
11,31,893.4312133789062,780.9653930664062
11,32,861.8912353515625,755.1056518554688
11,33,831.6275634765625,730.08251953125
11,34,803.3124389648438,706.334228515625
11,35,776.6868286132812,683.9268188476562
11,36,1065.7144775390625,854.039794921875
11,37,1027.9329833984375,826.1160888671875
11,38,991.2024536132812,798.8071899414062
11,39,955.9315185546875,772.040771484375
11,40,922.0816650390625,746.3531494140625
11,41,889.9740600585938,721.4076538085938
11,42,859.3057250976562,697.4402465820312
11,43,830.4349365234375,674.8318481445312
11,44,803.2671508789062,653.4371948242188
11,45,1094.7855224609375,815.906982421875
11,46,1056.8580322265625,788.6566162109375
11,47,1019.9240112304688,762.238525390625
11,48,984.3947143554688,736.7109375
11,49,950.2109375,712.0374755859375
11,50,917.6780395507812,688.0917358398438
11,51,886.4046020507812,665.129150390625
11,52,857.0784912109375,643.4947509765625
11,53,829.3695068359375,623.2106323242188
11,54,1122.9373779296875,778.171875
11,55,1085.004150390625,751.9866943359375
11,56,1048.015380859375,726.5248413085938
11,57,1012.2388305664062,701.8995971679688
11,58,977.656494140625,678.022216796875
11,59,944.792724609375,655.328857421875
11,60,913.4610595703125,633.7359619140625
11,61,883.6716918945312,612.876220703125
11,62,855.2706909179688,593.4525756835938
12,0,597.0110473632812,276.2561340332031
12,1,582.2451782226562,279.04901123046875
12,2,566.656005859375,281.5121154785156
12,3,550.85888671875,284.6014709472656
12,4,534.7405395507812,286.93658447265625
12,9,592.071044921875,265.01153564453125
12,10,577.0767211914062,267.5634765625
12,11,562.6293334960938,270.63372802734375
12,12,547.1517944335938,272.4937438964844
12,13,531.2820434570312,275.7103576660156
12,18,587.0846557617188,254.82347106933594
12,19,573.0255126953125,257.22894287109375
12,20,558.2100219726562,259.34661865234375
12,21,543.6148071289062,262.28570556640625
12,22,528.6396484375,264.54376220703125
12,23,513.6976318359375,266.92901611328125
12,24,498.0665588378906,268.91900634765625
12,31,525.5511474609375,254.60301208496094
12,32,510.8287048339844,256.79901123046875
12,33,496.30718994140625,258.79766845703125
12,41,508.6409912109375,246.9984130859375
12,42,493.858642578125,248.85215759277344
13,0,475.7006530761719,372.5340270996094
13,1,459.26068115234375,374.611328125
13,2,442.50286865234375,377.0405578613281
13,3,426.25927734375,378.83685302734375
13,4,410.0827331542969,380.12554931640625
13,5,394.2520446777344,381.760009765625
13,6,377.8994445800781,383.2740173339844
13,7,362.17578125,383.13092041015625
13,8,347.7257080078125,385.23199462890625
13,9,474.0150146484375,356.7288818359375
13,10,457.5611572265625,358.02069091796875
13,11,441.14959716796875,360.6266174316406
13,12,424.9207458496094,362.03045654296875
13,13,408.27044677734375,364.128173828125
13,14,391.8895568847656,366.0627136230469
13,15,376.4752197265625,367.4613037109375
13,16,360.505615234375,368.92315673828125
13,17,345.4513244628906,370.07659912109375
13,18,471.9020080566406,340.662353515625
13,19,455.577392578125,342.767333984375
13,20,439.1684265136719,344.4325256347656
13,21,422.11517333984375,346.8285217285156
13,22,406.2030029296875,348.23126220703125
13,23,390.5169372558594,349.7076416015625
13,24,374.555419921875,351.2262268066406
13,25,358.97320556640625,352.8379211425781
13,26,343.8012390136719,354.4298400878906
13,27,469.1748352050781,324.3619689941406
13,28,453.2540588378906,325.9566345214844
13,29,437.0569763183594,328.044677734375
13,30,420.6574401855469,330.3556213378906
13,31,404.1630554199219,332.24981689453125
13,32,388.7504577636719,333.26519775390625
13,33,372.3320617675781,336.0316162109375
13,34,357.001220703125,337.0830993652344
13,35,342.10736083984375,338.62261962890625
13,36,467.75335693359375,306.878173828125
13,37,451.31549072265625,309.5931396484375
13,38,434.46575927734375,312.1197509765625
13,39,417.65399169921875,313.3175048828125
13,40,402.7254943847656,315.89361572265625
13,41,386.4569396972656,317.8991394042969
13,42,371.0611267089844,319.30511474609375
13,43,355.35162353515625,321.28857421875
13,44,340.6828308105469,322.76837158203125
13,45,465.1880798339844,291.74334716796875
13,46,449.2394714355469,292.759521484375
13,47,433.08673095703125,295.70233154296875
13,48,416.9642639160156,297.7426452636719
13,49,400.5345153808594,299.9886474609375
13,50,384.9593505859375,301.3912048339844
13,51,369.130859375,303.6610412597656
13,52,353.9707946777344,305.2496643066406
13,53,339.0305480957031,307.2791748046875
13,54,463.34814453125,275.139404296875
13,55,447.1328125,277.6030578613281
13,56,430.975830078125,279.2520446777344
13,57,414.7288513183594,281.93438720703125
13,58,399.03582763671875,283.9911804199219
13,59,383.18505859375,285.5465087890625
13,60,367.2933654785156,288.0229797363281
13,61,352.263916015625,289.7347412109375
13,62,337.6021728515625,291.0435485839844
14,3,540.981201171875,280.31640625
14,4,524.667236328125,281.81854248046875
14,5,508.4241943359375,283.50628662109375
14,6,491.8977355957031,285.4388732910156
14,12,537.097900390625,269.0721740722656
14,13,521.4423828125,270.6385803222656
14,14,505.3546142578125,272.8683166503906
14,15,489.91937255859375,274.6459655761719
14,18,576.850830078125,253.54104614257812
14,21,533.82373046875,258.8327331542969
14,22,518.2614135742188,260.576904296875
14,25,472.2755126953125,265.6251525878906
14,26,456.2293701171875,267.82330322265625
14,31,515.2531127929688,251.97964477539062
14,35,456.0771179199219,257.8486328125
15,0,1010.6702880859375,978.9422607421875
15,1,983.3943481445312,955.1983032226562
15,2,956.7763061523438,931.6226806640625
15,3,931.008056640625,908.4146728515625
15,4,905.794189453125,885.2259521484375
15,5,881.6788940429688,862.7860107421875
15,6,858.374267578125,840.7083129882812
15,7,835.9031982421875,818.92724609375
15,8,814.3439331054688,797.5980834960938
15,9,1035.196044921875,952.955078125
15,10,1008.1016235351562,930.0128784179688
15,11,981.6497802734375,907.3160400390625
15,12,955.8139038085938,884.6600952148438
15,13,930.5940551757812,862.4947509765625
15,14,906.3131713867188,840.4944458007812
15,15,882.86474609375,818.975341796875
15,16,860.2349853515625,797.6875610351562
15,17,838.51953125,777.2369384765625
15,18,1058.8760986328125,927.6180419921875
15,19,1031.9361572265625,905.263671875
15,20,1005.527587890625,883.2147216796875
15,21,979.8523559570312,861.4293823242188
15,22,954.6589965820312,839.8135375976562
15,23,930.2633666992188,818.3026123046875
15,24,906.8405151367188,797.46826171875
15,25,883.9109497070312,777.1148681640625
15,26,862.1591186523438,757.7160034179688
15,27,1081.6495361328125,902.5204467773438
15,28,1054.9453125,880.9362182617188
15,29,1028.570556640625,859.3152465820312
15,30,1002.9229125976562,838.2921142578125
15,31,977.8111572265625,817.4815063476562
15,32,953.5551147460938,796.9749145507812
15,33,930.109375,776.78466796875
15,34,907.2628173828125,757.0755004882812
15,35,885.1737670898438,738.31103515625
15,36,1103.700439453125,877.8338012695312
15,37,1077.0992431640625,856.8416748046875
15,38,1051.0318603515625,836.1101684570312
15,39,1025.4796142578125,815.6006469726562
15,40,1000.3147583007812,795.5611572265625
15,41,976.2186279296875,775.6947631835938
15,42,952.7147827148438,756.0983276367188
15,43,929.8696899414062,737.2640991210938
15,44,907.8086547851562,718.9876098632812
15,45,1124.417724609375,853.9317626953125
15,46,1098.3292236328125,833.2881469726562
15,47,1072.547607421875,813.3027954101562
15,48,1047.1070556640625,793.4226684570312
15,49,1022.0762939453125,774.0588989257812
15,50,998.0953979492188,754.9024658203125
15,51,974.517578125,735.8362426757812
15,52,951.548828125,717.5763549804688
15,53,929.4794311523438,700.156005859375
15,54,1144.2320556640625,830.7806396484375
15,55,1118.5140380859375,810.8782958984375
15,56,1092.9124755859375,791.2749633789062
15,57,1067.9090576171875,772.11328125
15,58,1042.955322265625,753.0250854492188
15,59,1018.9360961914062,734.56640625
15,60,995.6307983398438,716.6410522460938
15,61,972.82666015625,698.843994140625
15,62,950.5878295898438,681.8497924804688
16,0,981.01025390625,984.728515625
16,1,959.7675170898438,966.5120849609375
16,2,938.9193725585938,948.2349853515625
16,3,918.7400512695312,930.3629760742188
16,4,898.8234252929688,912.4655151367188
16,5,879.6599731445312,895.0112915039062
16,9,1000.4031982421875,964.4987182617188
16,10,979.07568359375,946.8703002929688
16,11,958.224365234375,929.2509765625
16,12,938.0509643554688,911.6873779296875
16,15,880.2098388671875,860.15625
16,16,861.818115234375,843.2356567382812
16,18,1019.135498046875,944.803955078125
16,19,997.8948974609375,927.5136108398438
16,20,977.2178955078125,910.1961669921875
16,21,956.972412109375,893.220947265625
16,27,1037.32080078125,925.2171020507812
16,28,1016.297119140625,908.3305053710938
16,31,955.4033203125,858.4085083007812
16,36,1055.13232421875,905.7037963867188
16,45,1072.20849609375,886.6119384765625
16,55,1068.0699462890625,852.2407836914062
17,0,433.35687255859375,475.9725341796875
17,1,420.5686340332031,470.33770751953125
17,2,406.682861328125,464.0687255859375
17,3,395.066650390625,458.50982666015625
17,4,382.9260559082031,452.2987060546875
17,5,371.0055847167969,446.6680908203125
17,6,359.4347229003906,440.42144775390625
17,7,348.2214050292969,434.56365966796875
17,8,337.1701354980469,428.1701354980469
17,9,439.3714294433594,463.7427673339844
17,10,426.7507019042969,458.1610107421875
17,13,389.0818786621094,441.1734619140625
17,14,377.7119445800781,435.06414794921875
17,15,366.093505859375,429.4151306152344
17,16,354.7295227050781,423.2426452636719
17,18,445.2330627441406,451.1353454589844
17,19,432.2755126953125,446.19610595703125
17,22,395.74029541015625,429.72705078125
17,23,383.7762756347656,424.24176025390625
17,24,372.2976989746094,418.11773681640625
17,25,360.90924072265625,412.89178466796875
17,33,378.7527770996094,407.4813537597656
17,34,367.7438049316406,402.0698547363281
17,35,356.8733825683594,396.78375244140625
17,54,466.8778076171875,404.3085632324219
18,0,986.7452392578125,978.7227172851562
18,1,945.9347534179688,953.5056762695312
18,2,906.6664428710938,928.7030639648438
18,3,869.2748413085938,904.1133422851562
18,4,833.3477172851562,879.7867431640625
18,5,799.87060546875,856.4017333984375
18,6,768.2527465820312,833.9321899414062
18,7,738.1868286132812,811.7791748046875
18,8,710.2039184570312,790.3555297851562
18,9,1013.5154418945312,941.7554321289062
18,10,973.4037475585938,918.0864868164062
18,11,934.6446533203125,894.9273681640625
18,12,897.4937744140625,871.6798706054688
18,13,862.0503540039062,849.098388671875
18,14,828.4962768554688,826.9550170898438
18,15,796.6834106445312,805.3601684570312
18,16,766.503173828125,784.28515625
18,17,738.2586059570312,764.5641479492188
18,18,1038.5087890625,906.74072265625
18,19,999.1572265625,884.33203125
18,20,961.0181274414062,862.3385009765625
18,21,924.3873291015625,840.8583374023438
18,22,889.1435546875,819.2752075195312
18,23,855.8126220703125,798.2980346679688
18,24,823.98486328125,777.7866821289062
18,25,793.8475341796875,758.2156982421875
18,26,765.694091796875,740.0999145507812
18,27,1061.8818359375,873.0388793945312
18,28,1023.2388305664062,851.8394165039062
18,29,985.8961181640625,830.8509521484375
18,30,949.7654418945312,810.6355590820312
18,31,914.9534301757812,790.5255737304688
18,32,881.7674560546875,771.130126953125
18,33,850.18408203125,751.768310546875
18,34,820.105712890625,733.5787963867188
18,35,791.9769897460938,716.4346313476562
18,36,1083.8878173828125,840.3394165039062
18,37,1046.0621337890625,820.52880859375
18,38,1009.2925415039062,800.9857177734375
18,39,973.8067626953125,781.5942993164062
18,40,939.4649047851562,763.062255859375
18,41,906.69921875,744.6533203125
18,42,875.2369995117188,726.373291015625
18,43,845.42626953125,709.3824462890625
18,44,817.1387329101562,693.2428588867188
18,45,1104.0882568359375,809.8875122070312
18,46,1067.1630859375,790.549072265625
18,47,1031.3336181640625,772.1353149414062
18,48,996.3941040039062,753.9815063476562
18,49,962.4539794921875,736.5772705078125
18,50,930.1373291015625,718.975341796875
18,51,899.0623168945312,701.977294921875
18,52,869.380126953125,685.9500122070312
18,53,841.2289428710938,670.7388305664062
18,54,1122.5596923828125,781.19287109375
18,55,1086.7799072265625,762.9413452148438
18,56,1051.68115234375,745.252685546875
18,57,1017.5335693359375,728.0475463867188
18,58,984.1365966796875,711.1404418945312
18,59,952.3524169921875,694.9530639648438
18,60,921.6516723632812,679.1278076171875
18,61,892.0578002929688,663.7977905273438
18,62,864.018798828125,649.4024047851562
19,0,896.2832641601562,1055.1048583984375
19,1,891.9412231445312,1022.856201171875
19,2,887.55078125,990.470458984375
19,3,883.294921875,958.5197143554688
19,4,879.2098999023438,926.6570434570312
19,5,875.2683715820312,895.2726440429688
19,6,871.5363159179688,864.733642578125
19,7,867.9996948242188,834.3041381835938
19,8,864.5968017578125,804.6212158203125
19,9,930.3592529296875,1050.8150634765625
19,10,925.3560180664062,1018.3402709960938
19,11,920.8399658203125,986.2907104492188
19,12,916.14794921875,954.3389892578125
19,13,911.7696533203125,922.5114135742188
19,14,907.3489990234375,891.20654296875
19,15,903.1641845703125,860.4920654296875
19,16,899.1339721679688,830.0514526367188
19,17,895.206298828125,800.583740234375
19,18,963.8920288085938,1045.82763671875
19,19,958.9801635742188,1013.5493774414062
19,20,953.8720703125,981.43896484375
19,21,948.9344482421875,949.5955200195312
19,22,944.14501953125,917.9579467773438
19,23,939.3259887695312,886.781005859375
19,24,934.7456665039062,856.0050048828125
19,25,930.2440185546875,825.8780517578125
19,26,925.8975830078125,796.5841674804688
19,27,997.5424194335938,1040.4619140625
19,28,992.1849975585938,1008.1873779296875
19,29,986.8897094726562,976.5077514648438
19,30,981.694580078125,944.6392822265625
19,31,976.3128051757812,913.0105590820312
19,32,971.2180786132812,882.1044921875
19,33,966.2759399414062,851.5333251953125
19,34,961.2139282226562,821.49169921875
19,35,956.49462890625,792.4171752929688
19,36,1031.037109375,1034.4752197265625
19,37,1025.5469970703125,1002.631103515625
19,38,1019.7205200195312,970.6934814453125
19,39,1014.2106323242188,939.080810546875
19,40,1008.521484375,907.856689453125
19,41,1003.0266723632812,877.0042724609375
19,42,997.6388549804688,846.5172119140625
19,43,992.22607421875,816.8860473632812
19,44,986.9295654296875,787.8842163085938
19,45,1063.9786376953125,1028.1961669921875
19,46,1058.18017578125,996.3772583007812
19,47,1052.258544921875,964.7907104492188
19,48,1046.1072998046875,933.3609619140625
19,49,1040.3223876953125,902.2265625
19,50,1034.3907470703125,871.6981811523438
19,51,1028.647705078125,841.3145141601562
19,52,1022.8718872070312,811.9187622070312
19,53,1017.1869506835938,783.0076904296875
19,54,1096.2308349609375,1021.5119018554688
19,55,1090.279296875,989.9451293945312
19,56,1084.0478515625,958.4775390625
19,57,1077.939697265625,927.3675537109375
19,58,1071.6749267578125,896.3712768554688
19,59,1065.4788818359375,865.981689453125
19,60,1059.2095947265625,836.1589965820312
19,61,1052.9320068359375,806.7894287109375
19,62,1046.869384765625,778.0840454101562
20,0,911.05322265625,757.9592895507812
20,1,897.6941528320312,719.042724609375
20,2,884.0175170898438,679.590576171875
20,3,870.4874267578125,639.83642578125
20,4,856.7811889648438,599.4814453125
20,5,843.758056640625,559.7041015625
20,6,830.8800659179688,520.2457885742188
20,7,817.7451782226562,481.3248596191406
20,8,805.539306640625,442.84332275390625
20,9,950.5046997070312,745.4476318359375
20,10,936.9877319335938,706.1175537109375
20,11,923.91259765625,666.1023559570312
20,12,910.3745727539062,626.1017456054688
20,13,896.825439453125,585.7190551757812
20,14,883.1865234375,545.818115234375
20,15,870.005126953125,506.04827880859375
20,16,856.7286987304688,466.8143310546875
20,17,843.8523559570312,428.5950012207031
20,18,990.0963745117188,732.534423828125
20,19,977.1340942382812,693.0415649414062
20,20,963.7353515625,653.0758056640625
20,21,950.26513671875,612.9769287109375
20,22,936.5023803710938,572.1355590820312
20,23,922.9895629882812,532.01904296875
20,24,909.6581420898438,492.15252685546875
20,25,896.0856323242188,452.91766357421875
20,26,883.0449829101562,414.59210205078125
20,27,1030.0855712890625,719.3223266601562
20,28,1016.8878784179688,679.6495361328125
20,29,1003.9548950195312,639.5769653320312
20,30,990.3214721679688,599.23681640625
20,31,976.9191284179688,558.5057373046875
20,32,963.16162109375,518.45458984375
20,33,949.6876220703125,478.55230712890625
20,34,935.8146362304688,439.09759521484375
20,35,922.6630859375,400.7987976074219
20,36,1069.9423828125,705.9722290039062
20,37,1057.317626953125,666.7064819335938
20,38,1044.13232421875,626.1383056640625
20,39,1031.021728515625,585.70751953125
20,40,1017.150146484375,544.9452514648438
20,41,1003.6846923828125,504.7099609375
20,42,989.7938842773438,464.81707763671875
20,43,976.1661987304688,425.6799011230469
20,44,962.3917846679688,387.61773681640625
20,45,1109.43212890625,693.078125
20,46,1097.0233154296875,653.107421875
20,47,1084.2679443359375,612.9016723632812
20,48,1071.0321044921875,572.344970703125
20,49,1057.4091796875,531.5074462890625
20,50,1043.68994140625,491.5026550292969
20,51,1029.7994384765625,451.7668762207031
20,52,1015.934814453125,412.5189208984375
20,53,1001.7926025390625,374.6715087890625
20,54,1147.7464599609375,679.437744140625
20,55,1136.27587890625,639.69140625
20,56,1123.3114013671875,599.7403564453125
20,57,1110.6756591796875,559.281005859375
20,58,1096.8992919921875,518.8265380859375
20,59,1083.4139404296875,478.5238342285156
20,60,1069.3848876953125,439.017333984375
20,61,1055.2694091796875,400.25518798828125
20,62,1040.9617919921875,362.1690368652344
21,0,488.96771240234375,383.01556396484375
21,1,476.332763671875,382.0737609863281
21,4,437.7268981933594,378.7159118652344
21,7,398.62835693359375,373.9216003417969
21,9,489.0950622558594,371.4156799316406
21,10,476.47113037109375,370.1325988769531
21,11,464.1455078125,369.2188720703125
21,12,451.6866455078125,367.9737854003906
21,19,477.73321533203125,358.43145751953125
21,20,464.947509765625,357.68438720703125
21,21,452.5308532714844,357.0794677734375
21,28,477.821533203125,347.7121276855469
21,31,441.3661193847656,344.8569030761719
21,36,490.0406494140625,337.3081359863281
21,37,478.0111999511719,337.2587585449219
21,41,429.98486328125,333.2814636230469
21,42,418.2323303222656,331.6943054199219
21,43,406.5030212402344,330.70416259765625
21,51,419.99072265625,321.4660339355469
21,52,407.81829833984375,320.45379638671875
21,53,396.4461364746094,319.6460876464844
22,0,980.3378295898438,986.27490234375
22,1,959.2181396484375,967.93994140625
22,2,938.280029296875,949.8914794921875
22,3,917.973388671875,931.926025390625
22,4,898.1015625,913.9075927734375
22,8,824.3922119140625,845.0117797851562
22,9,999.7529907226562,966.0463256835938
22,10,978.549560546875,948.31884765625
22,11,957.8026733398438,930.7799682617188
22,12,937.5116577148438,913.193115234375
22,13,917.499755859375,895.8554077148438
22,16,861.0908203125,844.7490234375
22,18,1018.4904174804688,946.3847045898438
22,19,997.4049072265625,929.0499267578125
22,20,976.6700439453125,911.8135375976562
22,23,917.0361938476562,860.9535522460938
22,24,898.2821044921875,844.2642822265625
22,27,1036.7855224609375,926.7257080078125
22,28,1015.7646484375,909.8469848632812
22,29,995.0431518554688,892.8959350585938
22,32,935.5717163085938,843.702880859375
22,36,1054.630859375,907.0240478515625
22,37,1033.7371826171875,890.6953125
22,38,1012.9703979492188,874.3152465820312
22,39,992.8775024414062,858.0262451171875
22,40,972.8944702148438,842.102783203125
22,41,953.5199584960938,826.2252197265625
22,44,898.5679321289062,780.2924194335938
22,45,1071.7738037109375,888.0276489257812
22,46,1051.0069580078125,871.8900146484375
22,47,1030.432861328125,855.8941040039062
22,48,1010.2662963867188,840.13037109375
22,49,990.3088989257812,824.6942749023438
22,50,971.19287109375,809.1322021484375
23,0,981.8557739257812,1008.0353393554688
23,1,942.2871704101562,978.7696533203125
23,2,904.4840087890625,949.9051513671875
23,3,868.4066772460938,921.7098388671875
23,4,833.9771118164062,893.8259887695312
23,5,801.7676391601562,867.1965942382812
23,6,771.7913208007812,841.4564819335938
23,7,743.076416015625,816.4681396484375
23,8,716.3160400390625,792.574462890625
23,9,1012.9319458007812,969.1221313476562
23,10,973.4722290039062,941.1589965820312
23,11,935.60595703125,913.7817993164062
23,12,899.2108764648438,886.8023071289062
23,13,864.71337890625,860.414794921875
23,14,832.0650024414062,834.8843383789062
23,15,801.2610473632812,810.1835327148438
23,16,772.0888061523438,786.2354125976562
23,17,745.0911865234375,763.8204345703125
23,18,1042.78955078125,930.9392700195312
23,19,1003.4509887695312,904.24365234375
23,20,965.5360717773438,878.0202026367188
23,21,929.2410278320312,852.3818359375
23,22,894.3728637695312,827.3798828125
23,23,861.4246215820312,803.0228271484375
23,24,830.235107421875,779.3807373046875
23,25,800.9500122070312,756.998046875
23,26,773.61669921875,736.087890625
23,27,1071.146484375,893.2704467773438
23,28,1032.080078125,867.8779296875
23,29,994.2666625976562,842.726806640625
23,30,958.07470703125,818.6771240234375
23,31,923.1250610351562,794.9129028320312
23,32,890.1190795898438,772.10986328125
23,33,858.7839965820312,749.6557006835938
23,34,829.081787109375,728.4708251953125
23,35,801.3560791015625,708.716552734375
23,36,1098.20068359375,856.0840454101562
23,37,1059.4835205078125,832.1184692382812
23,38,1021.8148193359375,808.4984741210938
23,39,985.7267456054688,785.2432250976562
23,40,950.916259765625,763.127685546875
23,41,917.8575439453125,741.2670288085938
23,42,886.3267822265625,720.1400756835938
23,43,856.5480346679688,700.4600830078125
23,44,828.2886352539062,681.6189575195312
23,45,1123.419189453125,820.7094116210938
23,46,1085.2352294921875,797.3519287109375
23,47,1048.0345458984375,775.0933837890625
23,48,1012.1651000976562,753.17041015625
23,49,977.4249267578125,732.260009765625
23,50,944.310791015625,711.5231323242188
23,51,912.8168334960938,691.5770874023438
23,52,882.8079223632812,672.8660888671875
23,53,854.5838623046875,655.173095703125
23,54,1147.110107421875,786.7298583984375
23,55,1109.5897216796875,764.6854248046875
23,56,1072.7371826171875,743.2685546875
23,57,1037.2891845703125,722.4214477539062
23,58,1002.6998901367188,702.2919921875
23,59,969.846923828125,682.9286499023438
23,60,938.344482421875,664.4429931640625
23,61,908.18310546875,646.4656372070312
23,62,879.7326049804688,629.7516479492188
24,0,930.9093017578125,999.647216796875
24,1,896.2504272460938,968.5175170898438
24,2,862.8705444335938,937.6166381835938
24,3,830.9347534179688,907.2623291015625
24,4,800.003173828125,877.3984985351562
24,5,771.112548828125,848.6664428710938
24,6,743.9461059570312,820.5904541015625
24,7,717.5179443359375,793.4251098632812
24,8,693.0302124023438,767.5581665039062
24,9,961.6788940429688,964.71533203125
24,10,926.267578125,933.9580688476562
24,11,892.3363037109375,903.5292358398438
24,12,859.6508178710938,873.7169799804688
24,13,828.3755493164062,844.4208374023438
24,14,798.5918579101562,816.186279296875
24,15,770.1865844726562,788.9041137695312
24,16,743.2680053710938,762.25146484375
24,17,718.1433715820312,737.1740112304688
24,18,992.584716796875,928.6133422851562
24,19,956.7398681640625,898.420166015625
24,20,922.0280151367188,868.6723022460938
24,21,888.9208984375,839.5414428710938
24,22,856.6823120117188,810.90087890625
24,23,826.169189453125,783.3485107421875
24,24,797.0302124023438,756.6519165039062
24,25,769.655517578125,731.0530395507812
24,26,744.3206176757812,706.793212890625
24,27,1023.3494262695312,891.8355712890625
24,28,986.9697875976562,862.1703491210938
24,29,951.5632934570312,832.9857177734375
24,30,917.8408203125,804.701171875
24,31,885.0899047851562,776.8601684570312
24,32,854.19384765625,750.1587524414062
24,33,824.4304809570312,724.2448120117188
24,34,796.5256958007812,699.6290893554688
24,35,770.5189208984375,676.1600341796875
24,36,1053.7784423828125,854.152587890625
24,37,1017.0308837890625,825.2971801757812
24,38,981.3558959960938,797.0128173828125
24,39,946.8995361328125,769.282470703125
24,40,913.8145141601562,742.5467529296875
24,41,882.1314086914062,716.6986083984375
24,42,851.9195556640625,691.5819091796875
24,43,823.4970092773438,667.9322509765625
24,44,796.7166748046875,645.5289306640625
24,45,1083.511962890625,816.6952514648438
24,46,1046.476806640625,788.3450927734375
24,47,1010.4025268554688,760.856689453125
24,48,975.489990234375,734.04345703125
24,49,941.9926147460938,708.2686157226562
24,50,909.7893676757812,683.0765991210938
24,51,879.0615234375,659.0245361328125
24,52,849.9306030273438,636.2298583984375
24,53,822.7813720703125,614.7353515625
24,54,1112.6031494140625,779.2686767578125
24,55,1075.347900390625,751.81884765625
24,56,1038.9921875,725.0667114257812
24,57,1003.81396484375,699.1423950195312
24,58,969.6851806640625,673.9083251953125
24,59,937.1434326171875,649.9225463867188
24,60,906.14111328125,627.0526123046875
24,61,876.6549072265625,605.087158203125
24,62,848.6304931640625,584.421875
25,0,500.09716796875,328.8572082519531
25,1,485.0763244628906,332.24359130859375
25,2,470.7392272949219,334.7322692871094
25,3,455.3085632324219,337.42974853515625
25,4,440.0827331542969,339.3451843261719
25,5,424.8407287597656,342.2605895996094
25,6,408.98291015625,344.8852844238281
25,7,394.12451171875,347.16204833984375
25,8,379.0589294433594,349.0212097167969
25,9,497.93450927734375,314.32171630859375
25,10,483.09722900390625,316.89300537109375
25,11,468.2229919433594,318.9136047363281
25,12,453.06988525390625,322.0024719238281
25,13,436.5223388671875,323.7054138183594
25,14,421.73486328125,327.2992858886719
25,15,407.1121520996094,329.1472473144531
25,16,391.47418212890625,331.8464660644531
25,17,376.90155029296875,333.96209716796875
25,18,495.294189453125,299.2459716796875
25,21,450.0179138183594,307.1270446777344
25,22,435.2537841796875,308.8717346191406
25,23,420.0716552734375,311.2673645019531
25,24,404.8856201171875,314.2511291503906
25,25,389.3489685058594,316.21551513671875
25,26,374.0472717285156,318.79559326171875
25,27,492.8068542480469,284.2638244628906
25,30,448.0079345703125,291.2251892089844
25,31,431.76263427734375,293.30096435546875
25,32,417.3955383300781,296.2807312011719
25,33,402.31866455078125,298.6914367675781
25,34,386.8651428222656,301.17327880859375
25,35,371.8979187011719,303.876953125
25,36,490.21124267578125,268.9188232421875
25,37,475.7651062011719,271.4744567871094
25,38,460.1280212402344,274.27752685546875
25,39,445.7148132324219,276.42193603515625
25,40,430.0215759277344,278.8865966796875
25,41,415.0690612792969,281.14990234375
25,42,399.7781677246094,283.80694580078125
25,43,384.2322082519531,286.30023193359375
25,44,369.66046142578125,288.3204650878906
25,45,486.710205078125,253.68173217773438
25,46,473.0169982910156,256.456787109375
25,47,458.094482421875,259.0451354980469
25,48,443.0099182128906,260.8838806152344
25,49,427.319091796875,264.0296936035156
25,50,412.1458435058594,266.15826416015625
25,51,397.4659729003906,268.1842956542969
25,52,382.25872802734375,270.2143859863281
25,53,367.37384033203125,273.2472839355469
25,54,485.01220703125,239.86703491210938
25,55,470.11663818359375,241.9561004638672
25,56,455.3384704589844,243.95309448242188
25,57,440.6971435546875,246.33853149414062
25,58,425.3204650878906,248.6551055908203
25,59,410.2486267089844,251.0016326904297
25,60,395.00830078125,253.53347778320312
25,61,379.8722229003906,256.41650390625
25,62,365.07861328125,258.6197814941406
26,0,980.3383178710938,986.2471923828125
26,1,959.1926879882812,968.0332641601562
26,2,938.23876953125,949.8642578125
26,3,918.0077514648438,931.9227905273438
26,6,860.2072143554688,879.0425415039062
26,9,999.7337036132812,966.0759887695312
26,10,978.5392456054688,948.3489379882812
26,11,957.8339233398438,930.7669067382812
26,12,937.4515991210938,913.2033081054688
26,13,917.5914916992188,895.8530883789062
26,14,898.1900634765625,878.6637573242188
26,15,879.4610595703125,861.6093139648438
26,18,1018.4495849609375,946.3195190429688
26,23,917.0538330078125,860.94287109375
26,24,898.2560424804688,844.2509765625
26,27,1036.828125,926.7628784179688
26,36,1054.7181396484375,907.0358276367188
26,37,1033.6729736328125,890.6971435546875
26,38,1013.0304565429688,874.3402709960938
26,39,992.8487548828125,858.007568359375
26,45,1071.78271484375,888.023681640625
26,46,1051.011962890625,871.8855590820312
26,47,1030.3994140625,855.9251708984375
26,48,1010.3399047851562,840.1364135742188
27,0,851.7713623046875,1074.479248046875
27,1,852.4238891601562,1036.5843505859375
27,2,853.2045288085938,997.3114013671875
27,3,854.2012329101562,957.2064819335938
27,4,855.3666381835938,915.8291015625
27,5,856.7537841796875,873.9680786132812
27,6,858.366455078125,831.78076171875
27,7,859.6017456054688,789.0477905273438
27,8,861.329833984375,746.3560180664062
27,9,892.3052368164062,1079.611572265625
27,10,893.4473876953125,1041.136474609375
27,11,894.6615600585938,1001.6835327148438
27,12,895.9818725585938,960.9490966796875
27,13,897.2280883789062,919.1378784179688
27,14,898.5009765625,876.6717529296875
27,15,899.98779296875,833.9500732421875
27,16,901.1921997070312,790.7406616210938
27,17,902.7175903320312,747.38330078125
27,18,934.0560302734375,1083.5482177734375
27,19,935.6387939453125,1045.0870361328125
27,20,937.040283203125,1005.1434936523438
27,21,938.5537719726562,964.2616577148438
27,22,939.9434204101562,921.7528686523438
27,23,941.2255249023438,879.2139892578125
27,24,942.7189331054688,835.9254760742188
27,25,943.9338989257812,792.2322998046875
27,26,945.4171142578125,748.3446655273438
27,27,976.66259765625,1087.2149658203125
27,28,978.4674682617188,1048.3681640625
27,29,980.1290283203125,1008.3991088867188
27,30,981.959228515625,966.816650390625
27,31,983.6931762695312,924.2955322265625
27,32,985.0035400390625,880.9664916992188
27,33,986.3757934570312,837.4475708007812
27,34,987.7645874023438,793.1350708007812
27,35,988.968017578125,749.083984375
27,36,1019.9401245117188,1090.2198486328125
27,37,1022.2335205078125,1051.0762939453125
27,38,1024.313720703125,1010.6724243164062
27,39,1026.1109619140625,969.0320434570312
27,40,1028.0299072265625,925.8839111328125
27,41,1029.694580078125,882.4535522460938
27,42,1030.927734375,838.6047973632812
27,43,1031.913330078125,794.14501953125
27,44,1033.2386474609375,749.7454833984375
27,45,1063.1768798828125,1092.4293212890625
27,46,1066.0426025390625,1053.163330078125
27,47,1068.239990234375,1012.5834350585938
27,48,1070.4686279296875,970.40185546875
27,49,1072.6346435546875,927.2491455078125
27,50,1074.22607421875,883.5093383789062
27,51,1075.5106201171875,839.2827758789062
27,52,1076.688232421875,794.4219360351562
27,53,1077.2882080078125,749.7387084960938
27,54,1106.817626953125,1093.048583984375
27,55,1109.890625,1054.001953125
27,56,1112.687744140625,1013.1884155273438
27,57,1114.903076171875,971.3475341796875
27,58,1116.97509765625,927.7982177734375
27,59,1118.730224609375,884.0879516601562
27,60,1120.2869873046875,839.4735717773438
27,61,1121.0233154296875,794.6776123046875
27,62,1121.68505859375,749.7163696289062
28,0,1007.9456787109375,977.2399291992188
28,1,980.4803466796875,953.3120727539062
28,2,953.7774658203125,929.6148071289062
28,3,927.9857788085938,906.1123657226562
28,4,902.78173828125,882.7621459960938
28,5,878.4925537109375,860.2671508789062
28,6,855.3242797851562,838.0941772460938
28,7,833.0457153320312,816.2577514648438
28,8,811.7112426757812,795.0477294921875
28,9,1033.0616455078125,951.16259765625
28,10,1005.805419921875,927.963623046875
28,11,979.022216796875,905.1364135742188
28,12,953.1500244140625,882.3751831054688
28,13,927.8815307617188,860.0214233398438
28,14,903.610595703125,837.9691772460938
28,15,880.1808471679688,816.4002685546875
28,16,857.7073974609375,795.0941162109375
28,17,836.0003051757812,774.8408813476562
28,18,1057.156982421875,925.84765625
28,19,1029.955322265625,903.2781372070312
28,20,1003.4440307617188,881.1193237304688
28,21,977.6221313476562,859.2002563476562
28,22,952.2294311523438,837.392333984375
28,23,927.9638671875,815.9766845703125
28,24,904.44677734375,794.9658813476562
28,25,881.8607788085938,774.7921752929688
28,26,859.98193359375,755.3665161132812
28,27,1080.359130859375,900.8096923828125
28,28,1053.33251953125,878.9194946289062
28,29,1026.903564453125,857.1095581054688
28,30,1001.0387573242188,836.0990600585938
28,31,975.9244995117188,815.1092529296875
28,32,951.4818115234375,794.6845092773438
28,33,928.02587890625,774.2750854492188
28,34,905.1741333007812,754.84228515625
28,35,883.232177734375,736.0306396484375
28,36,1102.7637939453125,875.7852783203125
28,37,1075.9559326171875,854.8441162109375
28,38,1049.638671875,833.898681640625
28,39,1023.89013671875,813.3939208984375
28,40,998.7958984375,793.2044677734375
28,41,974.2850952148438,773.290771484375
28,42,950.9337768554688,753.7254638671875
28,43,928.1615600585938,735.0880126953125
28,44,906.07373046875,717.0336303710938
28,45,1123.9788818359375,851.8162841796875
28,46,1097.4609375,831.1589965820312
28,47,1071.4029541015625,811.0938720703125
28,48,1045.832275390625,791.2001342773438
28,49,1020.7625732421875,771.9125366210938
28,50,996.5357666015625,752.6134643554688
28,51,973.0567626953125,733.7843017578125
28,52,950.1144409179688,715.6317138671875
28,53,928.2020874023438,698.3674926757812
28,54,1144.0185546875,828.67626953125
28,55,1117.924560546875,808.7498168945312
28,56,1092.1632080078125,789.0177612304688
28,57,1066.8297119140625,769.8466186523438
28,58,1041.88037109375,750.8912353515625
28,59,1017.8707885742188,732.5845947265625
28,60,994.3020629882812,714.376953125
29,0,891.4942626953125,1064.810546875
29,1,888.3836669921875,1030.9202880859375
29,2,885.1693115234375,996.95068359375
29,3,882.2598876953125,962.9955444335938
29,4,879.3508911132812,928.92138671875
29,5,876.4444580078125,895.1018676757812
29,6,873.8866577148438,861.7789306640625
29,7,871.4387817382812,828.6028442382812
29,8,868.8955688476562,796.064453125
29,9,927.0479736328125,1061.958740234375
29,10,923.4041748046875,1028.1148681640625
29,11,920.35888671875,994.1693115234375
29,12,917.037841796875,960.0948486328125
29,13,913.846923828125,925.9486083984375
29,14,910.7435302734375,892.214111328125
29,15,907.7009887695312,858.9229125976562
29,16,904.6865844726562,825.4962158203125
29,17,902.015869140625,793.071044921875
29,18,962.392333984375,1058.453857421875
29,19,958.947021484375,1024.700439453125
29,20,955.323486328125,990.697021484375
29,21,951.7847290039062,956.837158203125
29,22,948.214599609375,922.7722778320312
29,23,944.9759521484375,889.0595703125
29,24,941.55908203125,855.5511474609375
29,25,938.1328125,822.4744873046875
29,26,934.9916381835938,790.0748901367188
29,27,997.895751953125,1054.3914794921875
29,28,994.0139770507812,1020.8966674804688
29,29,990.3126831054688,987.0795288085938
29,30,986.4849853515625,952.9865112304688
29,31,982.8603515625,919.0241088867188
29,32,979.07421875,885.35546875
29,33,975.41748046875,852.1107177734375
29,34,971.7594604492188,819.0125122070312
29,35,968.17626953125,786.8684692382812
29,36,1033.09033203125,1050.0941162109375
29,37,1029.2091064453125,1016.4935913085938
29,38,1025.2225341796875,982.6552124023438
29,39,1021.3912963867188,948.7850952148438
29,40,1017.210693359375,914.9947509765625
29,41,1013.1802368164062,881.4857177734375
29,42,1009.1568603515625,848.0779418945312
29,43,1005.1099853515625,815.3370971679688
29,44,1001.0193481445312,783.2261962890625
29,45,1067.942626953125,1045.113037109375
29,46,1064.00146484375,1011.4822998046875
29,47,1059.863525390625,977.8056640625
29,48,1055.7486572265625,944.1889038085938
29,49,1051.1624755859375,910.6762084960938
29,50,1047.009033203125,877.0158081054688
29,51,1042.6121826171875,844.0799560546875
29,52,1038.267822265625,811.2304077148438
29,53,1033.8079833984375,779.199462890625
29,54,1101.9918212890625,1039.3896484375
29,55,1098.0726318359375,1006.159912109375
29,56,1093.92822265625,972.7781372070312
29,57,1089.3699951171875,939.3663940429688
29,58,1085.064697265625,905.8251342773438
29,59,1080.147705078125,872.6607666015625
29,60,1075.6405029296875,839.6687622070312
29,61,1070.8255615234375,807.1759033203125
29,62,1065.9954833984375,775.3419189453125
30,0,855.9771118164062,848.060791015625
30,1,848.165771484375,806.51953125
30,2,840.4353637695312,764.1621704101562
30,3,833.1049194335938,721.8628540039062
30,4,825.588134765625,679.47705078125
30,5,818.6995239257812,637.9421997070312
30,6,812.2779541015625,596.8671264648438
30,7,805.5665283203125,556.4915161132812
30,8,799.8418579101562,516.9027709960938
30,9,897.3296508789062,842.0037841796875
30,10,889.3582763671875,799.77294921875
30,11,881.7633056640625,757.0759887695312
30,12,873.8758544921875,714.48095703125
30,13,866.3429565429688,671.8473510742188
30,14,858.83984375,629.4095458984375
30,15,851.943359375,587.8301391601562
30,16,844.9622802734375,546.9972534179688
30,17,838.3419189453125,507.2914123535156
30,18,939.2908325195312,835.3806762695312
30,19,931.6405639648438,792.8998413085938
30,20,923.6829833984375,749.7194213867188
30,21,915.8848266601562,706.584716796875
30,22,907.8670043945312,663.3369140625
30,23,900.30859375,620.846923828125
30,24,892.3776245117188,578.7520141601562
30,25,885.3616943359375,537.7339477539062
30,26,878.3554077148438,497.8084411621094
30,27,982.48876953125,828.3016357421875
30,28,974.56005859375,785.2869262695312
30,29,966.4800415039062,741.8938598632812
30,30,958.3463134765625,698.3365478515625
30,31,950.36328125,654.7916870117188
30,32,942.1361694335938,612.0794677734375
30,33,934.343505859375,569.9735107421875
30,34,926.4384765625,528.550048828125
30,35,919.0245361328125,488.8407287597656
30,36,1025.927978515625,820.73095703125
30,37,1018.3826904296875,777.2901000976562
30,38,1009.6610107421875,733.4835205078125
30,39,1001.8568115234375,690.0478515625
30,40,993.37158203125,646.0980834960938
30,41,985.0646362304688,603.1822509765625
30,42,976.5663452148438,560.5488891601562
30,43,968.5409545898438,519.3021240234375
30,44,960.2764282226562,479.2231140136719
30,45,1069.90185546875,812.6160888671875
30,46,1061.6546630859375,768.9937133789062
30,47,1053.8751220703125,725.1316528320312
30,48,1045.2476806640625,681.2619018554688
30,49,1036.8912353515625,637.2686157226562
30,50,1027.721923828125,593.9729614257812
30,51,1019.2427368164062,551.7735595703125
30,52,1010.4827270507812,510.0802307128906
30,53,1001.732177734375,469.9031677246094
30,54,1113.2998046875,804.28466796875
30,55,1105.7955322265625,760.4472045898438
30,56,1097.372314453125,716.7828369140625
30,57,1088.99169921875,672.4667358398438
30,58,1079.8885498046875,628.421875
30,59,1071.0654296875,585.2716674804688
30,60,1061.865234375,542.906494140625
30,61,1052.6351318359375,501.1192321777344
30,62,1043.306884765625,461.1332092285156
31,0,504.14678955078125,319.95172119140625
31,1,489.99554443359375,323.3128967285156
31,2,475.0547180175781,326.0770568847656
31,3,460.224609375,329.05377197265625
31,4,445.1212158203125,331.9522399902344
31,5,430.138916015625,334.76641845703125
31,6,415.0535888671875,337.1120910644531
31,7,400.287841796875,339.68701171875
31,8,385.0753479003906,342.31884765625
31,9,501.12030029296875,306.13775634765625
31,10,487.1036071777344,308.0082702636719
31,11,472.7567443847656,311.9020080566406
31,12,457.7754821777344,314.03375244140625
31,13,442.1080627441406,317.09100341796875
31,14,426.90625,318.90625
31,15,412.6346435546875,322.3782043457031
31,16,397.4103698730469,325.0630187988281
31,17,382.35284423828125,327.47930908203125
31,18,498.82177734375,291.4089050292969
31,19,484.64154052734375,293.7337646484375
31,20,468.8175048828125,296.0282897949219
31,21,455.2562255859375,299.0563659667969
31,22,440.0329895019531,302.08221435546875
31,23,425.1385498046875,304.2093200683594
31,24,410.00408935546875,307.1170349121094
31,25,395.1436767578125,309.1380310058594
31,26,380.0990905761719,312.13275146484375
31,27,496.11212158203125,276.332275390625
31,28,481.1324157714844,279.1589660644531
31,29,467.14300537109375,281.1488342285156
31,30,452.1982421875,284.21539306640625
31,31,437.09881591796875,287.10150146484375
31,32,422.3631896972656,289.3310546875
31,33,407.2300109863281,292.2060546875
31,34,392.2966003417969,293.9627380371094
31,35,377.7647705078125,297.5998229980469
31,36,493.14385986328125,261.69488525390625
31,37,479.1647644042969,264.50390625
31,38,464.1416931152344,266.6273498535156
31,39,449.6378173828125,269.64288330078125
31,40,434.3608703613281,272.099609375
31,41,418.90625,273.90625
31,42,404.52032470703125,277.6399841308594
31,43,390.2666931152344,280.00726318359375
31,44,375.0956115722656,282.0384521484375
31,45,490.5118103027344,247.7675323486328
31,46,476.08013916015625,249.69590759277344
31,47,461.38018798828125,252.3213348388672
31,48,446.6247863769531,254.9170684814453
31,49,432.1295166015625,257.2374267578125
31,50,417.10955810546875,259.5445251464844
31,51,402.2373962402344,262.12799072265625
31,52,387.23516845703125,265.1171875
31,53,372.80450439453125,267.98040771484375
31,54,487.13525390625,233.15455627441406
31,55,473.1322937011719,235.15017700195312
31,56,458.5313415527344,237.9095916748047
31,57,444.17755126953125,240.04876708984375
31,58,429.2709045410156,242.8051300048828
31,59,414.54180908203125,245.40554809570312
31,60,399.2475280761719,248.17007446289062
31,61,385.0071716308594,250.92776489257812
31,62,370.6509704589844,253.81663513183594
32,0,505.32342529296875,296.8604736328125
32,1,491.2435607910156,299.9989318847656
32,2,476.0822448730469,303.0444641113281
32,3,462.26470947265625,305.5362243652344
32,4,447.0174255371094,308.7604675292969
32,5,432.16143798828125,311.0086364746094
32,6,416.5287170410156,314.04083251953125
32,7,400.7679443359375,315.8056640625
32,8,386.5438232421875,319.13629150390625
32,9,502.2601623535156,282.98583984375
32,10,487.7607116699219,286.09259033203125
32,11,473.48480224609375,288.28802490234375
32,12,458.891357421875,291.28472900390625
32,13,444.0888671875,294.0969543457031
32,14,429.03375244140625,296.5183410644531
32,15,414.15057373046875,299.1471252441406
32,16,399.4337463378906,301.8372497558594
32,17,383.646240234375,303.80389404296875
32,18,498.9266662597656,269.0663757324219
32,19,484.1878356933594,272.17730712890625
32,20,469.96990966796875,274.7304992675781
32,21,456.1639404296875,277.072265625
32,22,441.1961364746094,279.73236083984375
32,23,426.57843017578125,282.52203369140625
32,24,411.99749755859375,284.9849853515625
32,25,397.2628479003906,287.1266174316406
32,26,382.7091369628906,290.36419677734375
32,27,495.4728698730469,255.7071075439453
32,28,481.1138000488281,258.0931091308594
32,29,467.4393615722656,260.14306640625
32,30,452.670166015625,263.2806091308594
32,31,438.4618835449219,265.91961669921875
32,32,424.0147705078125,268.04376220703125
32,33,409.47003173828125,270.97137451171875
32,34,394.900390625,273.2544250488281
32,35,380.5913391113281,276.604248046875
32,37,478.2026062011719,244.6026153564453
32,38,463.95501708984375,247.22125244140625
32,39,450.2201843261719,249.12301635742188
32,40,436.03887939453125,252.08944702148438
32,41,421.4723205566406,254.81764221191406
32,42,407.007080078125,256.8808898925781
32,43,393.11236572265625,259.84747314453125
32,44,378.28125,262.9070739746094
32,46,474.93023681640625,231.7633819580078
32,47,461.2887878417969,233.67552185058594
32,48,447.0779113769531,236.62295532226562
32,49,433.1347351074219,239.18276977539062
32,50,419.0206604003906,240.97222900390625
32,51,404.46551513671875,244.08563232421875
32,52,390.88726806640625,246.21641540527344
32,53,376.4374084472656,249.6360626220703
32,55,472.2890625,219.09036254882812
32,56,458.11669921875,220.25125122070312
32,57,444.6322021484375,223.92166137695312
32,58,430.7955017089844,225.81942749023438
32,59,417.0775146484375,228.4403839111328
32,60,402.3006286621094,231.06951904296875
32,61,389.3506774902344,233.73460388183594
32,62,374.4000244140625,236.45106506347656
33,0,980.4588012695312,986.2987060546875
33,1,959.1693725585938,968.012451171875
33,2,938.2605590820312,949.8368530273438
33,3,917.9956665039062,931.9368896484375
33,4,898.087890625,913.9640502929688
33,5,878.8792114257812,896.3861083984375
33,6,860.1957397460938,879.1224365234375
33,7,841.9959716796875,861.892333984375
33,9,999.7559814453125,965.9706420898438
33,10,978.57568359375,948.2474975585938
33,11,957.8200073242188,930.815673828125
33,12,937.4550170898438,913.1970825195312
33,13,917.6283569335938,895.784423828125
33,14,898.2568359375,878.6131591796875
33,15,879.503173828125,861.674072265625
33,16,861.1273803710938,844.7932739257812
33,18,1018.5113525390625,946.2810668945312
33,19,997.4194946289062,929.0127563476562
33,20,976.693359375,911.8175048828125
33,27,1036.8023681640625,926.7466430664062
33,28,1015.7352905273438,909.8197631835938
33,29,995.088134765625,892.9037475585938
33,36,1054.673828125,907.0093994140625
33,37,1033.7708740234375,890.665283203125
33,38,1013.0288696289062,874.25732421875
33,39,992.9213256835938,858.0419921875
33,40,972.9864501953125,842.1229858398438
33,41,953.7313842773438,826.1375122070312
33,47,1030.318359375,855.9490356445312
33,48,1010.303466796875,840.107421875
34,0,987.9255981445312,982.0613403320312
34,1,958.375732421875,957.7761840820312
34,2,929.6593627929688,933.5237426757812
34,3,902.0686645507812,909.9566040039062
34,4,875.2404174804688,886.3894653320312
34,5,849.943115234375,863.8592529296875
34,6,825.758056640625,841.8719482421875
34,7,802.4754638671875,820.1735229492188
34,8,780.2945556640625,799.2806396484375
34,9,1014.142578125,953.2181396484375
34,10,984.4258422851562,929.6134643554688
34,11,955.7131958007812,906.5984497070312
34,12,927.945068359375,883.5224609375
34,13,901.0904541015625,861.10888671875
34,14,875.5234985351562,839.1738891601562
34,15,850.9569091796875,817.8489990234375
34,16,827.2705078125,796.7860717773438
34,17,804.9600219726562,776.8391723632812
34,18,1039.3438720703125,924.859619140625
34,19,1009.7005615234375,901.9611206054688
34,20,981.0341186523438,879.5859375
34,21,953.14111328125,857.6573486328125
34,22,926.2757568359375,835.9434814453125
34,23,900.3801879882812,814.6586303710938
34,24,875.4175415039062,793.9987182617188
34,25,851.6677856445312,773.9012451171875
34,26,829.0450439453125,755.1456909179688
34,27,1063.639404296875,896.7643432617188
34,28,1034.0987548828125,874.7777709960938
34,29,1005.4410400390625,852.9478759765625
34,30,977.45068359375,831.9273071289062
34,31,950.4307861328125,811.0492553710938
34,32,924.689453125,790.8571166992188
34,33,899.6481323242188,770.9122314453125
34,34,875.60498046875,751.7752075195312
34,35,852.8609619140625,733.6160278320312
34,36,1087.07080078125,868.7826538085938
34,37,1057.6611328125,847.7462158203125
34,38,1029.0068359375,826.7893676757812
34,39,1001.166259765625,806.265380859375
34,40,974.1551513671875,786.6619873046875
34,41,948.1912841796875,767.06787109375
34,42,923.1891479492188,747.9003295898438
34,43,899.0408935546875,729.7728271484375
34,44,876.3153686523438,712.2447509765625
34,45,1109.2376708984375,841.7821044921875
34,46,1080.18505859375,821.1261596679688
34,47,1051.72998046875,801.1563110351562
34,48,1023.9903564453125,781.627197265625
34,49,997.0167846679688,762.7459716796875
34,50,971.0131225585938,743.757080078125
34,51,945.8822021484375,725.2884521484375
34,52,921.7001953125,707.9132080078125
34,53,898.5179443359375,691.1065673828125
34,54,1130.4892578125,815.7614135742188
34,55,1101.5789794921875,795.8485717773438
34,56,1073.2864990234375,776.4405517578125
34,57,1045.8961181640625,757.5784301757812
34,58,1018.853271484375,739.0415649414062
34,59,992.894287109375,721.1387329101562
34,60,967.836181640625,703.7868041992188
34,61,943.7386474609375,686.8843383789062
34,62,920.3497924804688,670.6148071289062
35,0,1039.6590576171875,675.4614868164062
35,1,1012.6892700195312,648.6555786132812
35,2,985.4510498046875,621.666748046875
35,3,958.3470458984375,594.9430541992188
35,4,931.4577026367188,568.11767578125
35,5,904.9890747070312,542.1405639648438
35,6,878.8274536132812,516.4122924804688
35,7,853.266845703125,491.00250244140625
35,8,828.5355834960938,466.1360778808594
35,9,1060.711181640625,652.5008544921875
35,10,1034.22900390625,626.2689819335938
35,11,1007.598876953125,600.27197265625
35,12,981.1715698242188,574.310302734375
35,13,954.7991333007812,548.57421875
35,14,928.8948974609375,523.0403442382812
35,15,903.4385375976562,498.02288818359375
35,16,878.5193481445312,473.1055908203125
35,17,853.9539184570312,449.28448486328125
35,18,1079.9351806640625,630.8455200195312
35,19,1054.338623046875,605.5286865234375
35,20,1028.571044921875,580.09521484375
35,21,1002.8447265625,555.0607299804688
35,22,976.9920043945312,529.8988037109375
35,23,951.781005859375,505.0924987792969
35,24,927.0328979492188,480.4305725097656
35,25,902.2206420898438,456.7262268066406
35,26,877.9342041015625,433.9944152832031
35,27,1098.3489990234375,610.4019165039062
35,28,1073.5501708984375,585.510498046875
35,29,1048.571533203125,560.7941284179688
35,30,1023.1846923828125,536.4971313476562
35,31,998.1162109375,512.1112060546875
35,32,973.2957153320312,488.3297424316406
35,33,949.1127319335938,464.56121826171875
35,34,924.7461547851562,441.46563720703125
35,35,900.7408447265625,419.3505859375
35,36,1116.0113525390625,590.6010131835938
35,37,1091.658447265625,566.7083740234375
35,38,1067.1785888671875,542.5787353515625
35,39,1042.8760986328125,518.7142944335938
35,40,1018.1083374023438,495.4215393066406
35,41,993.9986572265625,472.0354309082031
35,42,970.1830444335938,449.0080871582031
35,43,946.1849365234375,426.82708740234375
35,44,922.7355346679688,405.4013977050781
35,45,1132.3985595703125,572.2022094726562
35,46,1108.9366455078125,548.4834594726562
35,47,1085.1807861328125,525.2350463867188
35,48,1061.274169921875,502.0950622558594
35,49,1037.1600341796875,479.5556945800781
35,50,1013.6412353515625,456.72052001953125
35,53,943.8407592773438,391.88238525390625
35,55,1124.8931884765625,532.0359497070312
35,56,1101.7958984375,509.103515625
35,57,1078.661376953125,486.6445007324219
35,58,1055.1771240234375,464.17730712890625
35,59,1032.271240234375,442.3547668457031
35,62,963.735595703125,379.3986511230469
36,0,1006.9899291992188,984.0451049804688
36,1,980.25341796875,960.8339233398438
36,2,953.930908203125,937.50830078125
36,3,928.6198120117188,914.5355834960938
36,4,903.6131591796875,891.5289306640625
36,5,879.5731811523438,869.2692260742188
36,6,856.5330200195312,847.1589965820312
36,7,834.0504150390625,825.4191284179688
36,8,812.552490234375,804.1409301757812
36,9,1031.0960693359375,958.3699951171875
36,10,1004.5311279296875,935.7930908203125
36,11,978.3619384765625,913.2080688476562
36,12,952.8629760742188,890.8617553710938
36,13,928.00927734375,868.6939697265625
36,14,903.84423828125,846.7306518554688
36,15,880.5894775390625,825.245361328125
36,16,858.0277099609375,803.9901123046875
36,17,836.2830810546875,783.487548828125
36,18,1054.49365234375,933.1370239257812
36,19,1027.9722900390625,911.05419921875
36,20,1001.9121704101562,889.1968994140625
36,21,976.4830322265625,867.4860229492188
36,22,951.55029296875,845.9230346679688
36,23,927.35791015625,824.6477661132812
36,24,904.1219482421875,803.556640625
36,25,881.405029296875,783.1566162109375
36,26,859.6248779296875,763.7527465820312
36,27,1076.8709716796875,908.2583618164062
36,28,1050.6116943359375,886.7242431640625
36,29,1024.8214111328125,865.2781372070312
36,30,999.2515869140625,844.3995971679688
36,31,974.4861450195312,823.4165649414062
36,32,950.46875,802.9835815429688
36,33,927.0079345703125,782.723388671875
36,34,904.2755126953125,762.8975830078125
36,35,882.46240234375,743.963623046875
36,36,1098.7996826171875,883.47412109375
36,37,1072.4560546875,862.793212890625
36,38,1046.8212890625,842.0062866210938
36,39,1021.5693359375,821.4027709960938
36,40,996.7398071289062,801.3327026367188
36,41,972.5775146484375,781.3524780273438
36,42,949.177001953125,761.6923217773438
36,43,926.5933227539062,742.7922973632812
36,44,904.67333984375,724.2792358398438
36,45,1119.370849609375,859.5222778320312
36,46,1093.6802978515625,838.9931030273438
36,47,1068.18359375,819.0202026367188
36,48,1042.8126220703125,799.156005859375
36,49,1018.1015014648438,779.6936645507812
36,50,994.13232421875,760.3125
36,51,970.9454345703125,741.1909790039062
36,52,948.1511840820312,722.8994140625
36,53,926.0779418945312,705.1038818359375
36,54,1139.0853271484375,836.2359008789062
36,55,1113.6163330078125,816.3388671875
36,56,1088.3673095703125,796.813232421875
36,57,1063.402587890625,777.4757080078125
36,58,1038.943115234375,758.3101196289062
36,59,1015.08154296875,739.8595581054688
36,60,991.7293701171875,721.5642700195312
36,61,969.1887817382812,703.7071533203125
36,62,947.0242919921875,686.35546875
37,2,468.07684326171875,373.5259704589844
37,3,454.0610656738281,373.5392761230469
37,4,439.7274475097656,373.16729736328125
37,5,426.1788330078125,372.72967529296875
37,6,411.32568359375,372.1404113769531
37,7,398.0724182128906,372.08380126953125
37,8,384.159423828125,370.64990234375
37,9,495.0252990722656,361.16717529296875
37,10,481.8140563964844,360.5377197265625
37,13,440.186279296875,360.68865966796875
37,14,426.4509582519531,359.9784851074219
37,15,413.31036376953125,359.331298828125
37,16,399.6820983886719,358.5714111328125
37,17,385.9698486328125,358.0111999511719
37,18,494.5665283203125,348.569091796875
37,22,440.6463623046875,348.4833068847656
37,25,400.4916076660156,346.60736083984375
37,26,386.8029479980469,346.09515380859375
37,30,454.6841735839844,336.0648193359375
37,31,441.3255310058594,336.248779296875
37,35,387.6553955078125,333.73406982421875
37,44,390.03887939453125,322.9360046386719
38,1,479.9833679199219,372.7359619140625
38,2,465.3350830078125,372.78399658203125
38,3,450.71514892578125,372.91448974609375
38,4,436.6242980957031,372.00848388671875
38,5,422.29742431640625,371.7898254394531
38,6,406.41192626953125,371.9134521484375
38,7,393.7250061035156,370.51715087890625
38,8,378.849365234375,370.02001953125
38,10,479.2585144042969,359.5859069824219
38,11,465.3188171386719,359.7806091308594
38,12,450.9833679199219,359.62298583984375
38,15,408.7602844238281,358.3342590332031
38,16,394.6971740722656,357.5436096191406
38,18,491.95574951171875,347.031005859375
38,21,451.0617980957031,347.15667724609375
38,25,396.02978515625,344.7848815917969
38,31,437.6072692871094,334.58026123046875
39,0,491.24212646484375,343.08203125
39,1,476.1410217285156,346.0417785644531
39,2,460.0721740722656,349.06170654296875
39,3,445.0922546386719,351.45697021484375
39,4,428.8305969238281,354.140380859375
39,5,413.1148986816406,356.63079833984375
39,6,398.013671875,359.0395812988281
39,7,382.22747802734375,360.6810607910156
39,8,365.8805847167969,363.2449951171875
39,9,488.9722595214844,328.5600891113281
39,10,473.566162109375,331.05633544921875
39,11,458.21929931640625,333.1044616699219
39,12,442.0819091796875,336.1988830566406
39,13,426.14312744140625,338.8486022949219
39,14,410.7132263183594,341.1795959472656
39,15,395.3887939453125,343.8758239746094
39,16,379.5199279785156,345.6595458984375
39,17,364.123046875,347.79278564453125
39,18,486.9256591796875,312.979248046875
39,19,471.5531005859375,314.7840576171875
39,20,455.9747619628906,318.0831298828125
39,21,440.10223388671875,319.99822998046875
39,22,424.0058288574219,323.11383056640625
39,23,408.4814453125,325.30633544921875
39,24,392.7193603515625,327.34765625
39,25,377.2398986816406,329.7312316894531
39,26,361.0679016113281,332.52667236328125
39,27,484.1884765625,297.0892028808594
39,28,469.090087890625,299.9783630371094
39,29,453.21343994140625,302.7313232421875
39,30,437.4041442871094,304.92938232421875
39,31,421.28155517578125,307.4935607910156
39,32,405.9357604980469,309.230224609375
39,33,390.41802978515625,312.2820739746094
39,34,374.3173522949219,314.3591613769531
39,35,359.1169128417969,316.7728271484375
39,36,481.8040466308594,281.2877197265625
39,37,466.2507629394531,284.09716796875
39,38,450.85406494140625,286.05010986328125
39,39,435.18475341796875,289.24859619140625
39,40,419.1588134765625,291.5653076171875
39,41,403.1549377441406,294.04351806640625
39,42,387.8451843261719,295.8358459472656
39,43,372.37152099609375,299.00579833984375
39,44,357.0599365234375,301.2489929199219
39,45,479.3591613769531,266.2190856933594
39,46,463.8647766113281,268.2983703613281
39,47,448.3158264160156,270.4646911621094
39,48,432.671630859375,273.69085693359375
39,49,417.0613708496094,276.05096435546875
39,50,401.0953063964844,277.7767028808594
39,51,385.3693542480469,280.6929626464844
39,52,369.7803649902344,282.946533203125
39,53,354.2786865234375,285.89801025390625
39,54,476.3686218261719,250.46771240234375
39,55,461.4197082519531,253.2275390625
39,56,445.41351318359375,255.44882202148438
39,57,430.14044189453125,257.6004943847656
39,58,414.2123107910156,260.0616149902344
39,59,398.4315490722656,262.9366455078125
39,60,383.0771789550781,264.8826599121094
39,61,367.5313415527344,268.0073547363281
39,62,351.8645935058594,270.3038330078125
40,0,502.63995361328125,324.89471435546875
40,1,488.0513916015625,327.1299743652344
40,2,473.099365234375,329.9702453613281
40,3,458.2122802734375,333.0921325683594
40,4,443.0386962890625,335.71942138671875
40,5,427.775146484375,338.39300537109375
40,6,412.2109375,340.8625183105469
40,7,397.1336364746094,343.1678161621094
40,8,382.1341857910156,345.0950622558594
40,9,500.13995361328125,309.7489318847656
40,10,485.41510009765625,312.3936767578125
40,11,470.2193908691406,315.2667541503906
40,12,455.5982666015625,317.0740051269531
40,13,440.3526916503906,320.0692443847656
40,14,425.04254150390625,323.10784912109375
40,15,410.20458984375,325.5160827636719
40,16,394.68914794921875,328.11517333984375
40,17,379.6985778808594,330.7414245605469
40,18,497.04827880859375,294.67962646484375
40,19,482.6867980957031,297.5416564941406
40,20,467.3093566894531,300.4079284667969
40,21,453.3595275878906,302.9422607421875
40,22,437.52520751953125,305.5690002441406
40,23,422.0602722167969,308.1523742675781
40,24,407.105224609375,310.5696716308594
40,25,392.1205139160156,313.0618896484375
40,26,377.1871643066406,315.1382751464844
40,27,494.2535705566406,280.12762451171875
40,28,480.0145568847656,282.24365234375
40,29,465.3026428222656,285.0625915527344
40,30,450.1763916015625,287.6904602050781
40,31,435.158935546875,290.11175537109375
40,32,420.1083068847656,293.04241943359375
40,33,405.11932373046875,294.9591979980469
40,34,389.5408630371094,298.0400085449219
40,35,375.1132507324219,300.46307373046875
40,36,491.7843017578125,264.9839172363281
40,37,477.08062744140625,268.0195007324219
40,38,462.3331604003906,270.0463562011719
40,39,447.1434020996094,273.125244140625
40,40,432.34686279296875,275.3585205078125
40,41,417.0184020996094,278.0638732910156
40,42,402.3521728515625,280.0382995605469
40,43,387.03900146484375,282.97650146484375
40,44,372.56671142578125,285.4618835449219
40,45,488.813232421875,251.16915893554688
40,46,474.24884033203125,252.84410095214844
40,47,458.68585205078125,254.74594116210938
40,48,445.0549621582031,257.97271728515625
40,49,430.1458740234375,260.09429931640625
40,50,415.17608642578125,262.97900390625
40,51,400.0964050292969,265.4304504394531
40,52,385.08734130859375,268.03326416015625
40,53,370.1967468261719,270.2185363769531
40,54,485.9430847167969,236.3800506591797
40,55,471.87994384765625,238.90673828125
40,56,457.0911865234375,240.8535614013672
40,57,442.3041687011719,243.18719482421875
40,58,427.1539611816406,245.8223114013672
40,59,412.42779541015625,248.43577575683594
40,60,397.4835510253906,250.98324584960938
40,61,382.6822204589844,253.81784057617188
40,62,367.9339904785156,256.1070861816406
41,0,980.377685546875,986.2670288085938
41,1,959.1624145507812,968.0156860351562
41,2,938.295166015625,949.9342041015625
41,3,917.9641723632812,931.9801025390625
41,4,898.0945434570312,913.9733276367188
41,5,878.8715209960938,896.443603515625
41,8,824.4406127929688,844.9859008789062
41,9,999.746826171875,966.08154296875
41,10,978.477783203125,948.2872314453125
41,11,957.8407592773438,930.83447265625
41,12,937.4598388671875,913.1768188476562
41,13,917.5823364257812,895.8349609375
41,14,898.2096557617188,878.612060546875
41,15,879.4339599609375,861.6790771484375
41,16,861.1182861328125,844.7466430664062
41,18,1018.5641479492188,946.3607177734375
41,19,997.3528442382812,929.039794921875
41,20,976.7251586914062,911.8637084960938
41,25,879.9864501953125,827.99658203125
41,27,1036.8260498046875,926.8350219726562
41,28,1015.7645874023438,909.8681640625
41,29,995.0001220703125,892.890380859375
41,36,1054.6907958984375,907.0789184570312
41,37,1033.7867431640625,890.5411987304688
41,38,1013.0208129882812,874.2731323242188
41,45,1071.7230224609375,888.0243530273438
41,46,1050.9735107421875,871.8373413085938
41,47,1030.379638671875,855.9317626953125
42,0,980.3349609375,986.209228515625
42,1,959.1422729492188,967.9805908203125
42,2,938.2156372070312,949.8428344726562
42,3,918.0455322265625,931.9435424804688
42,4,898.0897827148438,913.99365234375
42,5,878.9497680664062,896.4073486328125
42,8,824.4110107421875,845.021484375
42,9,999.7640380859375,966.0806274414062
42,10,978.5894775390625,948.3580932617188
42,11,957.8419799804688,930.7941284179688
42,12,937.4591064453125,913.194580078125
42,13,917.5595703125,895.8198852539062
42,14,898.2512817382812,878.6182250976562
42,15,879.4219970703125,861.6241455078125
42,16,861.0490112304688,844.762939453125
42,18,1018.5118408203125,946.3429565429688
42,19,997.3289794921875,929.0896606445312
42,20,976.6481323242188,911.8397827148438
42,27,1036.8125,926.7779541015625
42,28,1015.7844848632812,909.8361206054688
42,29,995.0823364257812,892.8795166015625
42,36,1054.656494140625,907.0431518554688
42,37,1033.683349609375,890.7313232421875
42,38,1013.015625,874.279296875
42,39,992.8607177734375,858.0051879882812
42,45,1071.7841796875,887.9957275390625
42,46,1051.0479736328125,871.8675537109375
42,47,1030.434326171875,855.9358520507812
42,48,1010.3477783203125,840.12548828125
43,0,932.530517578125,981.797607421875
43,1,900.226318359375,953.047607421875
43,2,869.1070556640625,924.3560791015625
43,3,839.1329345703125,896.3236694335938
43,4,810.0744018554688,868.6817626953125
43,5,782.8613891601562,841.7733764648438
43,6,756.9493408203125,815.7940063476562
43,7,731.9639282226562,790.362060546875
43,8,708.431640625,765.9832153320312
43,9,961.3209838867188,949.02880859375
43,10,928.646728515625,920.6851196289062
43,11,897.0523681640625,892.6254272460938
43,12,866.4506225585938,864.985595703125
43,13,837.1002807617188,838.0252075195312
43,14,809.0586547851562,811.6422729492188
43,15,782.4244384765625,786.1497802734375
43,16,756.74658203125,761.4046020507812
43,17,732.8248901367188,737.7308349609375
43,18,990.1687622070312,915.5745849609375
43,19,957.0432739257812,887.8228149414062
43,20,924.9371948242188,860.2800903320312
43,21,893.9990234375,833.30224609375
43,22,863.99951171875,806.9907836914062
43,23,835.2938232421875,781.2653198242188
43,24,807.9442749023438,756.2752075195312
43,25,782.09521484375,732.2454223632812
43,26,757.755126953125,709.6294555664062
43,27,1018.7841796875,881.7947387695312
43,28,985.2175903320312,854.3392944335938
43,29,952.595458984375,827.3980102539062
43,30,921.2222290039062,801.2740478515625
43,31,890.9286499023438,775.5320434570312
43,32,861.92431640625,750.72802734375
43,33,833.9608764648438,726.509033203125
43,34,807.65380859375,703.3955688476562
43,35,782.8486328125,681.35546875
43,36,1046.9510498046875,847.262939453125
43,37,1013.1661987304688,820.7025756835938
43,38,980.1607055664062,794.4642944335938
43,39,948.2967529296875,768.880126953125
43,40,917.6880493164062,744.079345703125
43,41,888.2576293945312,719.821533203125
43,42,859.9667358398438,696.5640258789062
43,43,833.1227416992188,674.1543579101562
43,44,807.8103637695312,652.9722900390625
43,45,1074.4327392578125,813.0164184570312
43,46,1040.488037109375,786.8843994140625
43,47,1007.2594604492188,761.41259765625
43,48,975.1699829101562,736.5580444335938
43,49,944.1160278320312,712.6287841796875
43,50,914.1888427734375,689.1210327148438
43,51,885.501953125,666.5379028320312
43,52,858.1902465820312,645.042236328125
43,53,832.4882202148438,624.73486328125
43,54,1101.3853759765625,778.9950561523438
43,55,1067.28369140625,753.5680541992188
43,56,1033.845703125,728.787109375
43,57,1001.5033569335938,704.69677734375
43,58,970.019775390625,681.2111206054688
43,59,939.8663940429688,658.7686767578125
43,60,911.0874633789062,637.1470947265625
43,61,883.3411254882812,616.366943359375
43,62,856.9453125,596.7680053710938
44,2,463.18487548828125,344.8270568847656
44,3,447.2021484375,348.1029968261719
44,4,432.0084533691406,350.0102233886719
44,5,416.2939758300781,352.6354064941406
44,6,400.5041198730469,355.00787353515625
44,7,385.34344482421875,357.7938232421875
44,8,369.80755615234375,359.14459228515625
44,9,491.4069519042969,324.1907958984375
44,10,476.1093444824219,326.9966735839844
44,11,459.7013854980469,329.3009033203125
44,12,445.1629638671875,331.7960205078125
44,13,429.11260986328125,335.0096435546875
44,14,413.79412841796875,337.10369873046875
44,15,398.1255187988281,339.6435546875
44,16,382.1356201171875,342.28057861328125
44,17,367.0363464355469,344.5058898925781
44,18,488.75653076171875,309.249267578125
44,19,473.8462219238281,311.75054931640625
44,20,458.2426452636719,314.0246276855469
44,21,442.7814636230469,316.9586181640625
44,22,427.0083312988281,318.98077392578125
44,23,411.5213928222656,321.5263671875
44,24,395.0192565917969,324.52056884765625
44,25,379.9992370605469,326.4366149902344
44,26,364.9305725097656,329.0697021484375
44,27,486.5116271972656,293.8528747558594
44,28,470.966796875,296.40423583984375
44,29,456.1322326660156,298.8460388183594
44,30,440.21014404296875,300.77117919921875
44,31,424.7296142578125,303.86602783203125
44,32,408.74835205078125,306.1031188964844
44,33,393.1627197265625,308.7308044433594
44,34,377.0152282714844,311.1928405761719
44,35,362.0382385253906,313.6767578125
44,36,483.9732666015625,277.9907531738281
44,37,468.5065612792969,280.8319091796875
44,38,453.1325378417969,282.9389343261719
44,39,437.38726806640625,286.00201416015625
44,40,421.7075500488281,288.1950378417969
44,41,406.0649719238281,290.6982727050781
44,42,389.6832580566406,293.28485107421875
44,43,375.3324890136719,295.1885986328125
44,44,359.4800720214844,297.9850769042969
44,45,481.1042785644531,263.17193603515625
44,46,466.1175537109375,264.835693359375
44,47,450.490478515625,267.8863525390625
44,48,435.080810546875,269.8863220214844
44,49,418.8294677734375,271.76873779296875
44,50,404.03192138671875,275.17596435546875
44,51,388.37420654296875,277.0562438964844
44,52,372.9454345703125,279.6815490722656
44,53,357.7413635253906,282.48797607421875
44,54,478.55780029296875,247.6620330810547
44,55,463.40423583984375,250.0138702392578
44,56,448.1226501464844,251.87258911132812
44,57,432.5909729003906,254.94432067871094
44,58,417.0059814453125,257.0079040527344
44,59,401.25872802734375,259.80224609375
44,60,385.83197021484375,262.04522705078125
44,61,370.527099609375,264.88275146484375
44,62,355.1345520019531,267.0904846191406
45,0,984.1258544921875,1004.4807739257812
45,1,944.25732421875,975.8148193359375
45,2,905.9899291992188,947.5230102539062
45,3,869.5506591796875,919.8449096679688
45,4,834.8817749023438,892.4754028320312
45,5,802.4048461914062,866.2794799804688
45,6,771.8280029296875,841.1053466796875
45,7,742.9448852539062,816.427490234375
45,8,716.0389404296875,792.9656372070312
45,9,1014.7686767578125,965.7251586914062
45,10,975.0454711914062,938.5323486328125
45,11,936.8192749023438,911.8084106445312
45,12,900.2388916015625,885.2689208984375
45,13,865.423583984375,859.5802001953125
45,14,832.632080078125,834.5363159179688
45,15,801.6246948242188,810.3492431640625
45,16,772.14013671875,786.7996215820312
45,17,744.9386596679688,764.780029296875
45,18,1043.8560791015625,927.9736328125
45,19,1004.3720703125,902.1325073242188
45,20,966.3582763671875,876.5687255859375
45,21,929.7938232421875,851.64990234375
45,22,894.9564208984375,827.2290649414062
45,23,861.8403930664062,803.2477416992188
45,24,830.455810546875,780.1256713867188
45,25,800.9583740234375,758.1580200195312
45,26,773.4859008789062,737.7180786132812
45,27,1071.4527587890625,891.1260375976562
45,28,1032.363037109375,866.3737182617188
45,29,994.5044555664062,841.9183349609375
45,30,958.1821899414062,818.5267333984375
45,31,923.3204345703125,795.2871704101562
45,32,890.22119140625,773.1229858398438
45,33,858.767822265625,751.191650390625
45,34,829.1673583984375,730.5009765625
45,35,801.2125854492188,711.1647338867188
45,36,1097.6158447265625,854.7823486328125
45,37,1058.9544677734375,831.4402465820312
45,38,1021.5134887695312,808.5769653320312
45,39,985.5300903320312,785.9700317382812
45,40,950.7603149414062,764.5327758789062
45,41,917.7534790039062,743.3284912109375
45,42,886.1598510742188,722.5455322265625
45,43,856.2486572265625,703.3267822265625
45,44,828.021484375,684.9932861328125
45,45,1121.883544921875,820.2525634765625
45,46,1083.98291015625,797.826416015625
45,47,1046.9959716796875,776.0769653320312
45,48,1011.2025756835938,754.8936157226562
45,49,976.6702270507812,734.6731567382812
45,50,943.7088012695312,714.4437255859375
45,51,912.248291015625,694.900390625
45,52,882.2853393554688,676.731201171875
45,53,853.9124755859375,659.3179321289062
45,54,1144.6512451171875,787.3654174804688
45,55,1107.415283203125,766.1574096679688
45,56,1070.9593505859375,745.2627563476562
45,57,1035.7149658203125,725.0528564453125
45,58,1001.2908325195312,705.4457397460938
45,59,968.7763061523438,686.8115234375
45,60,937.4006958007812,668.821533203125
45,61,907.2938232421875,651.3027954101562
45,62,878.82861328125,634.8731689453125
46,0,873.9840698242188,1041.9935302734375
46,1,859.066650390625,1015.8422241210938
46,2,844.7921752929688,989.714111328125
46,3,831.0481567382812,964.22607421875
46,4,817.69140625,938.9445190429688
46,5,805.0474853515625,914.4463500976562
46,6,793.0791625976562,890.8223876953125
46,7,781.1567993164062,867.2742309570312
46,9,901.8988037109375,1027.2864990234375
46,10,886.4796752929688,1001.1390991210938
46,11,872.0925903320312,975.7384033203125
46,12,857.9727172851562,950.4397583007812
46,13,844.0684204101562,925.7404174804688
46,14,831.0833129882812,901.5887451171875
46,15,818.5313720703125,877.9835815429688
46,16,806.133544921875,854.7942504882812
46,18,929.483154296875,1012.2357788085938
46,19,914.1134033203125,986.6182250976562
46,20,898.924072265625,961.3215942382812
46,21,884.6687622070312,936.6710205078125
46,22,870.469970703125,912.2520141601562
46,23,856.9966430664062,888.243896484375
46,24,843.8529663085938,865.0001220703125
46,25,831.364501953125,842.219482421875
46,27,956.8616333007812,997.1685180664062
46,28,940.9812622070312,971.8049926757812
46,29,925.7606201171875,946.9784545898438
46,30,910.8123779296875,922.5014038085938
46,31,896.3313598632812,898.5309448242188
46,32,882.7593994140625,875.2158203125
46,33,869.22216796875,852.1416015625
46,34,856.2994995117188,829.78173828125
46,35,844.092041015625,808.35400390625
46,36,983.7294921875,981.3862915039062
46,37,967.7671508789062,956.7325439453125
46,38,952.1840209960938,932.1795654296875
46,39,937.0725708007812,907.9749755859375
46,40,922.0397338867188,884.614501953125
46,41,908.033447265625,861.4879760742188
46,42,894.3020629882812,838.8522338867188
46,43,880.7313232421875,817.0615844726562
46,44,868.2967529296875,796.0338134765625
46,45,1010.3533935546875,965.981201171875
46,46,994.021484375,941.3449096679688
46,47,978.2384643554688,917.2819213867188
46,48,962.6812133789062,893.4910888671875
46,49,947.7003784179688,870.6257934570312
46,50,932.9253540039062,847.8042602539062
46,51,918.9361572265625,825.6858520507812
46,52,905.2939453125,804.1834716796875
46,53,892.1038208007812,783.5347900390625
46,54,1036.1517333984375,950.2778930664062
46,55,1019.767333984375,926.316162109375
46,56,1003.4978637695312,902.4307861328125
46,57,987.6454467773438,879.2588500976562
46,58,972.4630126953125,856.4175415039062
46,59,957.696044921875,834.354248046875
46,60,943.2738037109375,812.6005859375
47,0,1001.7686157226562,983.49169921875
47,1,976.7789306640625,960.3093872070312
47,2,952.3206787109375,937.2681884765625
47,3,928.632080078125,914.6748046875
47,4,905.4884643554688,891.9678344726562
47,5,883.2828369140625,870.0465087890625
47,6,861.85791015625,848.5299072265625
47,7,841.1010131835938,827.2684936523438
47,8,821.0228881835938,806.2898559570312
47,9,1025.8643798828125,959.941162109375
47,10,1000.9309692382812,937.5343017578125
47,11,976.60986328125,915.3260498046875
47,12,952.8377075195312,893.1494750976562
47,13,929.735107421875,871.4444580078125
47,14,907.43798828125,849.9568481445312
47,15,885.8299560546875,828.9859619140625
47,16,864.8037719726562,808.0137939453125
47,17,844.5978393554688,787.974609375
47,18,1048.9620361328125,937.1167602539062
47,19,1024.18505859375,915.2230834960938
47,20,999.8746337890625,893.5457153320312
47,21,976.2091674804688,872.2648315429688
47,22,952.9880981445312,850.9891967773438
47,23,930.7747192382812,830.0860595703125
47,24,909.0421752929688,809.4263916015625
47,25,887.9156494140625,789.5641479492188
47,26,867.7672119140625,770.24951171875
47,27,1071.1322021484375,914.4379272460938
47,28,1046.6151123046875,893.1289672851562
47,29,1022.5347900390625,872.0186767578125
47,30,998.9047241210938,851.473388671875
47,31,975.7527465820312,830.897216796875
47,32,953.171142578125,810.735595703125
47,33,931.7069091796875,790.8561401367188
47,34,910.527099609375,771.3272094726562
47,35,890.17138671875,752.776611328125
47,36,1092.7637939453125,892.0018310546875
47,37,1068.26904296875,871.3131713867188
47,38,1044.134765625,851.0079345703125
47,39,1020.8577880859375,830.8255615234375
47,40,997.6797485351562,811.0808715820312
47,43,932.6162719726562,753.5208129882812
47,44,912.17529296875,735.4425659179688
47,45,1113.177978515625,870.2670288085938
47,46,1089.124755859375,850.0940551757812
47,47,1065.1767578125,830.2904052734375
47,48,1041.97802734375,810.8782348632812
47,49,1018.9635620117188,791.7158813476562
47,53,933.3377685546875,718.2548828125
47,54,1132.5797119140625,849.3002319335938
47,55,1108.8685302734375,829.7448120117188
47,56,1085.269775390625,810.4086303710938
47,57,1062.3092041015625,791.3909912109375
47,58,1039.42822265625,772.5983276367188
48,0,480.0606384277344,363.9179992675781
48,1,463.98089599609375,366.11004638671875
48,2,447.62628173828125,368.0047302246094
48,3,431.23944091796875,370.827392578125
48,4,414.9256286621094,372.9154052734375
48,5,399.22021484375,374.5522155761719
48,6,382.91436767578125,376.67132568359375
48,7,366.7510986328125,378.5278625488281
48,8,352.0883483886719,379.42071533203125
48,9,477.5710754394531,348.0354919433594
48,10,461.8304443359375,349.64056396484375
48,11,445.0235900878906,352.6327819824219
48,12,428.8862609863281,355.1791076660156
48,13,413.1160583496094,356.4620056152344
48,14,396.23828125,359.22418212890625
48,15,381.1072998046875,360.6228942871094
48,16,365.20013427734375,362.67333984375
48,17,349.283203125,364.48638916015625
48,18,476.00970458984375,331.8298034667969
48,19,459.2867431640625,334.25677490234375
48,20,443.2109069824219,335.9652099609375
48,21,427.08709716796875,338.51617431640625
48,22,410.4930419921875,341.0762634277344
48,23,394.69183349609375,342.9461669921875
48,24,378.4991455078125,345.1904296875
48,25,362.48779296875,347.12969970703125
48,26,347.0874328613281,348.7043762207031
48,27,473.51727294921875,315.88525390625
48,28,457.0380859375,318.0846252441406
48,29,441.0130310058594,320.30291748046875
48,30,424.88214111328125,321.95989990234375
48,31,408.3738708496094,324.8793029785156
48,32,391.7870178222656,327.2135009765625
48,33,376.0785217285156,329.4829406738281
48,34,360.0,331.099365234375
48,35,345.38897705078125,332.66497802734375
48,36,471.15380859375,299.0000915527344
48,37,455.2076110839844,301.6368103027344
48,38,438.3630676269531,304.2224426269531
48,39,421.939697265625,306.7186279296875
48,40,406.0417175292969,309.021484375
48,41,390.2889099121094,311.06793212890625
48,42,374.22650146484375,312.4695129394531
48,43,358.108642578125,315.2109680175781
48,44,343.0182189941406,317.1094055175781
48,45,468.899658203125,283.22613525390625
48,46,452.8597412109375,284.9911804199219
48,47,436.08233642578125,288.1573486328125
48,48,419.9419860839844,289.9854431152344
48,49,403.98114013671875,292.32696533203125
48,50,388.037109375,295.0547180175781
48,51,372.3907775878906,296.6685791015625
48,52,355.8990783691406,299.16912841796875
48,53,341.13970947265625,301.0242004394531
48,54,466.27490234375,267.1031494140625
48,55,450.2465515136719,269.6347961425781
48,56,433.9052429199219,272.1951599121094
48,57,418.1637878417969,273.4936218261719
48,58,401.94732666015625,276.6633605957031
48,59,385.92889404296875,278.557373046875
48,60,369.3733825683594,281.1362609863281
48,61,354.7782287597656,283.0297546386719
48,62,339.0831604003906,285.0487365722656
49,0,797.1346435546875,1014.4575805664062
49,1,778.071533203125,991.6679077148438
49,2,759.7506713867188,969.2863159179688
49,3,742.4322509765625,947.4193115234375
49,4,725.5842895507812,925.9248046875
49,5,709.5668334960938,905.0204467773438
49,6,694.531494140625,884.9013061523438
49,7,679.9828491210938,864.9725952148438
49,9,821.4629516601562,994.8546752929688
49,10,802.0648193359375,972.5672607421875
49,11,783.679931640625,950.7353515625
49,12,765.7486572265625,929.3280029296875
49,13,748.5609130859375,908.3997802734375
49,14,732.4103393554688,887.937255859375
49,15,716.7518920898438,868.0228881835938
49,16,701.82958984375,848.5278930664062
49,18,845.46142578125,975.3409423828125
49,19,825.8645629882812,953.5194091796875
49,20,807.0389404296875,932.1187744140625
49,21,789.0934448242188,911.2411499023438
49,22,771.5662841796875,890.8318481445312
49,23,754.9073486328125,870.7798461914062
49,24,738.862548828125,851.165771484375
49,25,723.6266479492188,832.2276611328125
49,27,869.2845458984375,955.7686767578125
49,28,849.411865234375,934.1817626953125
49,29,830.2095947265625,913.3275756835938
49,30,811.8623046875,893.0648193359375
49,33,761.1389770507812,834.401611328125
49,34,745.5228271484375,816.1681518554688
49,35,730.7915649414062,798.5057373046875
49,36,892.826904296875,935.671875
49,37,872.8200073242188,914.9651489257812
49,38,853.3146362304688,894.4751586914062
49,45,915.804931640625,915.9923095703125
49,46,895.3698120117188,895.4478759765625
49,47,875.8386840820312,875.8248901367188
49,54,938.3008422851562,896.6080322265625
49,55,917.8715209960938,876.7648315429688
49,56,897.98388671875,857.2084350585938
49,57,878.9107055664062,838.2719116210938
50,0,476.9223937988281,378.93310546875
50,1,461.1302185058594,380.05487060546875
50,2,444.8280944824219,380.6314697265625
50,3,427.9788818359375,381.69329833984375
50,4,412.391845703125,382.17547607421875
50,7,365.2850036621094,382.6446533203125
50,8,349.819580078125,382.7325439453125
50,9,475.8869323730469,362.85589599609375
50,10,459.6692199707031,364.056884765625
50,11,443.91180419921875,364.9653625488281
50,12,427.7744140625,365.6669921875
50,13,410.925537109375,366.6319274902344
50,16,364.4021301269531,367.6285095214844
50,18,474.6492004394531,347.237548828125
50,19,459.167724609375,347.5444030761719
50,20,442.2412109375,349.2635192871094
50,21,427.3973693847656,349.82562255859375
50,22,411.5611877441406,350.4689025878906
50,23,395.8864440917969,350.50738525390625
50,24,379.63433837890625,351.89923095703125
50,25,365.09130859375,351.8896179199219
50,29,442.134521484375,333.82525634765625
50,30,426.5503234863281,334.0567321777344
50,31,411.07952880859375,334.62969970703125
50,32,395.3201599121094,335.74261474609375
50,33,379.5667724609375,336.8157958984375
50,34,364.43792724609375,336.9973449707031
50,35,349.9696044921875,337.619384765625
50,38,440.748046875,318.6239318847656
50,39,426.1502685546875,318.71612548828125
50,40,410.4146728515625,319.9478759765625
50,41,394.7928466796875,320.9340515136719
50,42,379.7584533691406,320.9801330566406
50,43,365.2208557128906,321.9933166503906
50,44,349.88037109375,322.70989990234375
50,45,471.8104553222656,301.7142639160156
50,46,455.975830078125,302.29583740234375
50,47,440.89617919921875,303.20281982421875
50,48,425.0410461425781,304.0659484863281
50,49,409.15802001953125,304.2879638671875
50,50,394.8065490722656,305.6310119628906
50,51,379.6714172363281,306.7392272949219
50,52,364.6475524902344,307.35693359375
50,53,351.0680847167969,307.4244689941406
50,54,470.1836853027344,286.3568420410156
50,55,455.09832763671875,287.96893310546875
50,56,439.8650817871094,288.74737548828125
50,57,424.0545959472656,290.0157165527344
50,58,409.6037292480469,290.258056640625
50,59,394.77166748046875,291.23590087890625
50,60,380.07403564453125,291.6287841796875
51,0,602.9154663085938,281.083984375
51,1,588.0531616210938,284.88671875
51,2,573.1141357421875,287.3265075683594
51,3,557.5932006835938,290.8082275390625
51,4,542.0698852539062,293.52703857421875
51,5,526.5980834960938,296.2933654785156
51,6,510.8727111816406,299.1169128417969
51,7,494.7153015136719,302.25274658203125
51,8,479.0984191894531,304.91326904296875
51,9,598.1206665039062,269.80133056640625
51,10,583.734619140625,272.4837341308594
51,11,569.1047973632812,275.6242980957031
51,12,554.0573120117188,278.4444580078125
51,13,539.141357421875,281.5987548828125
51,14,523.5206909179688,284.76055908203125
51,15,508.4848327636719,287.3968505859375
51,16,493.198974609375,289.951171875
51,17,477.913330078125,292.7667236328125
51,18,593.0911254882812,258.8489685058594
51,19,579.2431640625,261.79998779296875
51,20,564.8583984375,264.87078857421875
51,23,521.1708984375,272.8848876953125
51,24,505.88397216796875,275.8072814941406
51,29,561.420166015625,254.2255096435547
51,39,542.6089477539062,247.02589416503906
51,45,580.0175170898438,230.14071655273438
51,51,500.21484375,245.40235900878906
52,0,1047.156005859375,673.8964233398438
52,1,1018.3654174804688,648.135498046875
52,2,989.3087158203125,622.2291259765625
52,3,960.4278564453125,596.90283203125
52,4,931.9031982421875,571.0703735351562
52,5,903.6432495117188,546.3132934570312
52,6,876.0048828125,521.7637329101562
52,7,849.0499267578125,497.4760437011719
52,8,822.7523193359375,473.9605407714844
52,9,1065.7545166015625,650.9353637695312
52,10,1037.7261962890625,625.9215698242188
52,11,1009.3728637695312,601.2723999023438
52,12,981.4371948242188,576.5145263671875
52,13,953.4041137695312,551.9688110351562
52,14,926.0604858398438,527.7353515625
52,15,899.133056640625,503.8868713378906
52,16,872.8580932617188,480.1910400390625
52,17,846.9812622070312,457.5419616699219
52,18,1082.7291259765625,629.5363159179688
52,19,1055.5986328125,605.3950805664062
52,20,1028.198974609375,581.3489379882812
52,21,1001.01416015625,557.638427734375
52,22,973.8500366210938,533.7313842773438
52,23,947.22607421875,510.20904541015625
52,24,921.0658569335938,486.88787841796875
52,25,895.1384887695312,464.4754638671875
52,26,869.5556640625,443.0936279296875
52,27,1098.6824951171875,609.5023193359375
52,28,1072.349365234375,586.0173950195312
52,29,1046.172119140625,562.4655151367188
52,30,1019.5597534179688,539.6465454101562
52,31,993.0132446289062,516.5789794921875
52,32,966.9630737304688,494.01025390625
52,33,941.70849609375,471.4885559082031
52,34,915.9344482421875,449.866943359375
52,35,891.146728515625,428.99957275390625
52,36,1113.979736328125,590.0704956054688
52,37,1088.289794921875,567.4784545898438
52,38,1062.7022705078125,544.8257446289062
52,39,1037.2064208984375,522.3375854492188
52,40,1011.1375122070312,500.4782409667969
52,43,936.08447265625,435.8982238769531
52,44,911.5444946289062,415.5882873535156
52,45,1128.1722412109375,572.3077392578125
52,46,1103.503173828125,549.9215087890625
52,47,1078.2679443359375,527.95263671875
52,48,1053.7200927734375,506.1887512207031
52,49,1028.39892578125,485.0650939941406
52,52,955.1947631835938,422.33197021484375
52,54,1140.97216796875,555.6996459960938
52,57,1069.06103515625,491.15728759765625
52,58,1044.65869140625,470.29644775390625
53,0,975.3544311523438,991.75732421875
53,1,945.070556640625,967.2410888671875
53,2,915.8162231445312,942.9627075195312
53,3,887.5352783203125,919.130126953125
53,4,860.278564453125,895.4470825195312
53,5,834.4489135742188,872.7642822265625
53,6,809.8375244140625,850.3660278320312
53,7,786.0213623046875,828.6796264648438
53,8,763.570556640625,807.5704345703125
53,9,1001.4376831054688,961.6785278320312
53,10,970.983154296875,938.0070190429688
53,11,941.802734375,914.5617065429688
53,12,913.2152099609375,891.4536743164062
53,13,885.971435546875,868.8417358398438
53,14,859.6080932617188,846.7371215820312
53,15,834.57958984375,825.0916137695312
53,16,810.38525390625,803.9708251953125
53,17,787.5777587890625,783.8822631835938
53,18,1026.6990966796875,932.022705078125
53,19,996.2684326171875,908.984375
53,20,966.7987060546875,886.3402709960938
53,21,938.4199829101562,864.1517944335938
53,22,910.7584838867188,842.248046875
53,23,884.2431640625,820.8184814453125
53,24,858.9512939453125,799.7830810546875
53,25,834.4929809570312,779.520263671875
53,26,811.5028686523438,760.4835815429688
53,27,1051.2374267578125,902.4752197265625
53,28,1020.800537109375,880.2615356445312
53,29,991.2770385742188,858.224853515625
53,30,962.7666015625,836.9674072265625
53,31,934.9879760742188,815.8541259765625
53,32,908.582275390625,795.3409423828125
53,33,882.8713989257812,775.08935546875
53,34,858.3816528320312,755.837890625
53,35,835.2526245117188,737.4227905273438
53,36,1074.835205078125,872.92626953125
53,37,1044.4974365234375,851.6162109375
53,38,1015.1967163085938,830.5267944335938
53,39,986.56884765625,809.8711547851562
53,40,958.8492431640625,789.7806396484375
53,41,932.1334228515625,770.0184326171875
53,42,906.2902221679688,750.56201171875
53,43,881.79345703125,732.1615600585938
53,44,858.3521728515625,714.407958984375
53,45,1097.7156982421875,844.353515625
53,46,1067.5938720703125,823.634033203125
53,47,1038.059814453125,803.2927856445312
53,48,1009.3932495117188,783.398193359375
53,49,981.7215576171875,764.0533447265625
53,50,954.9227905273438,744.9963989257812
53,51,929.1854248046875,726.387451171875
53,52,904.3003540039062,708.6648559570312
53,53,880.7099609375,691.7396240234375
53,54,1119.2247314453125,816.6316528320312
53,55,1089.4898681640625,796.386474609375
53,56,1060.0269775390625,776.9825439453125
53,57,1031.7486572265625,757.614501953125
53,58,1003.8900146484375,738.861083984375
53,59,977.1776123046875,720.7933349609375
53,60,951.3638916015625,703.211669921875
53,61,926.6996459960938,685.952880859375
53,62,902.6557006835938,669.609619140625
54,0,947.56787109375,998.8698120117188
54,1,916.6592407226562,973.26416015625
54,2,886.8018798828125,947.9935913085938
54,3,858.0914916992188,923.0975952148438
54,4,830.50048828125,898.5565795898438
54,5,804.3533935546875,874.7479248046875
54,6,779.3189697265625,851.7798461914062
54,7,755.4092407226562,829.1223754882812
54,8,732.745849609375,807.3490600585938
54,9,974.0592651367188,967.3933715820312
54,10,943.0065307617188,942.5775756835938
54,11,912.9124755859375,918.001953125
54,12,883.8174438476562,893.8201293945312
54,13,855.86669921875,870.061279296875
54,14,829.1549072265625,846.9342651367188
54,15,803.6891479492188,824.412841796875
54,16,779.1702270507812,802.301025390625
54,17,756.0626220703125,781.4241333007812
54,18,1000.2989501953125,935.959228515625
54,19,968.9653930664062,911.756591796875
54,20,938.4678955078125,887.8566284179688
54,21,909.2215576171875,864.4678344726562
54,22,880.8709106445312,841.414794921875
54,23,853.7659912109375,818.96044921875
54,24,827.7592163085938,797.052734375
54,25,803.1880493164062,776.00390625
54,26,779.9737548828125,755.9698486328125
54,27,1025.8798828125,904.340087890625
54,28,994.3783569335938,880.8318481445312
54,29,963.6741943359375,857.509033203125
54,30,934.0977783203125,834.9867553710938
54,31,905.5527954101562,812.7218017578125
54,32,878.277099609375,791.23828125
54,33,851.9927368164062,770.1323852539062
54,34,827.0841674804688,749.7664794921875
54,35,803.4430541992188,730.5443725585938
54,36,1050.945068359375,872.5889892578125
54,37,1019.2242431640625,849.7267456054688
54,38,988.415283203125,827.3959350585938
54,39,958.707763671875,805.348388671875
54,40,929.958984375,784.0982666015625
54,41,902.366455078125,763.345458984375
54,42,875.947509765625,743.0435180664062
54,43,850.70751953125,723.7710571289062
54,44,826.7293090820312,705.1567993164062
54,45,1075.0462646484375,841.16748046875
54,46,1043.385498046875,818.9454345703125
54,47,1012.5349731445312,797.3786010742188
54,48,982.7598266601562,776.21630859375
54,49,953.7291259765625,755.9024658203125
54,50,925.8702392578125,735.7384643554688
54,51,899.1856689453125,716.1519165039062
54,52,873.7555541992188,697.6693725585938
54,53,849.3681030273438,679.88818359375
54,54,1098.4368896484375,810.3767700195312
54,55,1066.76806640625,789.0089111328125
54,56,1035.995849609375,768.0919189453125
54,57,1006.0549926757812,747.8060302734375
54,58,976.9035034179688,727.8190307617188
54,59,948.9915771484375,708.739013671875
54,60,922.2374267578125,690.1607055664062
54,61,896.4859619140625,672.2900390625
54,62,871.772216796875,655.1698608398438
55,0,1013.1903686523438,687.8289794921875
55,1,988.1678466796875,659.7586059570312
55,2,963.0132446289062,631.6522827148438
55,3,938.0018310546875,603.670166015625
55,4,913.0117797851562,575.4448852539062
55,5,888.2699584960938,548.0662841796875
55,6,864.010498046875,520.9696044921875
55,7,840.0675048828125,494.0030822753906
55,8,816.8067626953125,467.7552185058594
55,9,1039.4766845703125,663.2178955078125
55,10,1014.7944946289062,635.44970703125
55,11,989.889404296875,607.8494262695312
55,12,965.2362060546875,580.1170043945312
55,13,940.3204956054688,552.7412719726562
55,14,915.8622436523438,525.5947875976562
55,15,891.7439575195312,498.83197021484375
55,16,867.849853515625,472.17901611328125
55,17,844.5283813476562,446.5515441894531
55,18,1064.545654296875,639.415283203125
55,19,1040.2742919921875,612.054443359375
55,20,1015.9161987304688,584.6923828125
55,21,991.3799438476562,557.5069580078125
55,22,966.836669921875,530.5224609375
55,23,942.7010498046875,503.6343994140625
55,24,918.8157958984375,477.12591552734375
55,25,894.950439453125,451.3851318359375
55,26,871.7034912109375,426.5574951171875
55,27,1088.98193359375,616.10009765625
55,28,1065.1846923828125,589.0843505859375
55,29,1041.17041015625,562.10009765625
55,30,1016.8869018554688,535.5147094726562
55,31,992.6361083984375,508.8702697753906
55,32,968.5625,482.69024658203125
55,33,944.923095703125,456.8739318847656
55,34,921.2711181640625,431.46710205078125
55,35,898.0471801757812,407.1653137207031
55,36,1112.8668212890625,593.3807983398438
55,37,1089.189208984375,566.8656005859375
55,38,1065.4937744140625,540.3635864257812
55,39,1041.770751953125,513.998291015625
55,40,1017.6954345703125,488.0520324707031
55,41,993.9813842773438,462.28582763671875
55,42,970.6446533203125,436.9247131347656
55,43,947.074951171875,412.2020568847656
55,44,924.01806640625,388.4024963378906
55,45,1135.4693603515625,571.6897583007812
55,46,1112.489501953125,545.3095703125
55,47,1089.197998046875,519.347412109375
55,48,1065.6954345703125,493.4549865722656
55,49,1041.826171875,468.0570373535156
55,50,1018.4703979492188,442.5904846191406
55,51,995.1826171875,417.7640380859375
55,52,971.9563598632812,393.4986877441406
55,53,949.0318603515625,370.193603515625
55,54,1156.8726806640625,550.8788452148438
55,55,1134.3785400390625,524.9965209960938
55,56,1111.5577392578125,499.30029296875
55,57,1088.5955810546875,473.9085693359375
55,58,1065.212646484375,448.6179504394531
55,59,1042.0731201171875,423.9510192871094
55,60,1019.0042724609375,399.73193359375
55,61,996.1240234375,375.9629821777344
55,62,973.2138671875,352.9156188964844
56,0,983.0182495117188,998.0948486328125
56,1,962.1719360351562,979.1566162109375
56,2,941.448486328125,960.3062744140625
56,3,921.50830078125,941.8883666992188
56,4,901.832763671875,923.3202514648438
56,5,882.9402465820312,905.2046508789062
56,6,864.413818359375,887.3304443359375
56,7,846.5426025390625,869.6033325195312
56,9,1003.0267944335938,978.0452270507812
56,10,982.00927734375,959.7349243164062
56,11,961.6271362304688,941.54248046875
56,12,941.3490600585938,923.4840087890625
56,13,921.7861328125,905.4353637695312
56,14,902.7830200195312,887.6201782226562
56,15,884.1467895507812,870.13916015625
56,16,866.1529541015625,852.745849609375
56,17,848.7308959960938,835.8201293945312
56,18,1022.2936401367188,958.5404052734375
56,21,960.8926391601562,905.1268310546875
56,22,941.223388671875,887.5576171875
56,23,922.0576171875,870.1388549804688
56,24,903.4851684570312,852.9112548828125
56,27,1041.206298828125,939.1314697265625
56,30,979.9052124023438,886.9960327148438
56,36,1059.6103515625,919.6456298828125
56,58,1014.2238159179688,817.7392578125
57,0,980.321533203125,986.2247924804688
57,1,959.19140625,968.028076171875
57,2,938.232421875,949.8587036132812
57,3,918.0125122070312,931.9826049804688
57,4,898.168701171875,913.9473266601562
57,8,824.3757934570312,844.9971923828125
57,9,999.76171875,966.0367431640625
57,10,978.575439453125,948.3133544921875
57,11,957.8224487304688,930.80029296875
57,12,937.454833984375,913.1864013671875
57,13,917.5220336914062,895.8492431640625
57,17,843.4247436523438,828.3385009765625
57,18,1018.6489868164062,946.2988891601562
57,19,997.424560546875,929.061767578125
57,20,976.74365234375,911.82275390625
57,21,956.37060546875,894.8002319335938
57,22,936.56640625,877.7527465820312
57,23,917.1142578125,860.860107421875
57,27,1036.7835693359375,926.7589111328125
57,28,1015.7661743164062,909.8428344726562
57,29,994.9937133789062,892.8688354492188
57,30,974.8440551757812,876.4027099609375
57,31,955.0106201171875,859.8258666992188
57,32,935.5350952148438,843.6099243164062
57,36,1054.6893310546875,907.0797729492188
57,37,1033.712890625,890.6522216796875
57,38,1012.9794311523438,874.1870727539062
57,41,953.5156860351562,826.1296997070312
58,0,505.09454345703125,308.2142639160156
58,1,491.2562255859375,311.1636962890625
58,2,476.069091796875,313.98199462890625
58,3,461.2133483886719,317.1117858886719
58,4,446.97125244140625,319.36541748046875
58,5,431.6742248535156,322.6608581542969
58,6,416.6672058105469,325.20587158203125
58,7,402.11456298828125,327.5347900390625
58,8,386.9391784667969,330.3674621582031
58,9,502.20703125,293.57550048828125
58,10,488.0455017089844,296.03741455078125
58,11,473.3871765136719,299.24908447265625
58,12,458.75048828125,301.9705505371094
58,13,443.9886169433594,305.1981201171875
58,14,429.0633544921875,307.0595703125
58,15,414.2509460449219,310.0235595703125
58,16,399.0198059082031,313.1064453125
58,17,383.68585205078125,314.7459411621094
58,18,499.0936279296875,278.73699951171875
58,19,485.1470642089844,282.02484130859375
58,20,470.40863037109375,284.73565673828125
58,21,456.2279968261719,287.5989074707031
58,22,441.0316162109375,289.99169921875
58,23,426.36236572265625,292.73529052734375
58,24,411.4299011230469,295.74554443359375
58,25,396.6051330566406,298.62841796875
58,26,382.0395202636719,301.03582763671875
58,27,496.2327880859375,265.1268005371094
58,28,482.0254821777344,267.2578125
58,29,467.4110107421875,270.3948059082031
58,30,452.9977722167969,273.1932067871094
58,31,438.2011413574219,275.7054443359375
58,32,423.89697265625,278.4406433105469
58,33,408.8852233886719,281.35174560546875
58,34,394.1713562011719,283.4010925292969
58,35,380.1664733886719,286.4259948730469
58,36,493.111572265625,250.63685607910156
58,37,478.9810485839844,253.31166076660156
58,38,464.44091796875,255.95094299316406
58,39,450.2093505859375,257.964111328125
58,40,435.6197509765625,261.0632629394531
58,41,420.7747802734375,264.14605712890625
58,42,406.1145935058594,266.6734619140625
58,43,392.11529541015625,269.3433532714844
58,44,377.0263977050781,272.3262634277344
58,45,489.079833984375,236.5104217529297
58,46,475.7180480957031,239.3340301513672
58,47,460.6988525390625,241.35617065429688
58,48,447.0094909667969,244.70628356933594
58,49,433.0050048828125,247.09300231933594
58,50,418.34332275390625,249.463623046875
58,51,403.6032409667969,252.79385375976562
58,52,389.1581726074219,255.28123474121094
58,53,375.0652770996094,258.0500183105469
58,54,486.5111389160156,223.3534698486328
58,55,472.9104919433594,226.2131805419922
58,56,458.4242858886719,228.20223999023438
58,57,444.711181640625,230.81089782714844
58,58,430.0455322265625,232.94796752929688
58,59,415.8888244628906,236.15261840820312
58,60,401.1678466796875,238.79013061523438
58,61,387.2919616699219,241.0875701904297
58,62,372.9140930175781,244.30421447753906
59,0,480.8809814453125,361.88470458984375
59,1,465.4573669433594,364.3385009765625
59,2,448.99078369140625,366.3457336425781
59,3,433.03289794921875,368.96148681640625
59,4,416.598876953125,371.042236328125
59,5,400.519775390625,372.8619689941406
59,6,384.3888854980469,374.8973388671875
59,7,369.04620361328125,376.4140930175781
59,8,353.3374328613281,377.82470703125
59,9,479.1002502441406,345.5611572265625
59,10,462.5495300292969,348.55859375
59,11,446.9479675292969,350.9169006347656
59,12,430.54119873046875,353.0647277832031
59,13,414.02728271484375,355.1473083496094
59,14,397.9418640136719,357.17572021484375
59,15,382.0317687988281,359.11248779296875
59,16,366.0334167480469,360.9452209472656
59,17,350.2044677734375,362.94384765625
59,18,476.4915771484375,330.0791015625
59,19,460.6669006347656,332.1860656738281
59,20,444.6019592285156,334.135986328125
59,21,427.99847412109375,337.1023864746094
59,22,411.5278015136719,339.2199401855469
59,23,396.03155517578125,341.5005798339844
59,24,379.80133056640625,343.2010192871094
59,25,364.2352600097656,344.649169921875
59,26,348.0234069824219,347.0441589355469
59,27,474.77996826171875,313.9925842285156
59,28,458.1893310546875,316.2322998046875
59,29,442.2869873046875,318.1022644042969
59,30,426.0184326171875,320.99517822265625
59,31,410.0041809082031,323.2828674316406
59,32,393.4261169433594,325.2455139160156
59,33,377.4820556640625,327.29901123046875
59,34,361.7417907714844,329.205322265625
59,35,346.05364990234375,331.23529052734375
59,36,472.2405090332031,297.0707092285156
59,37,456.4024353027344,299.6474914550781
59,38,439.25775146484375,302.5495910644531
59,39,423.9385070800781,304.1580810546875
59,40,407.7528381347656,306.7445068359375
59,41,391.6434020996094,308.72149658203125
59,42,375.25567626953125,310.96435546875
59,43,358.8961486816406,313.5863342285156
59,44,344.0671081542969,315.064208984375
59,45,469.952880859375,281.3073425292969
59,46,453.55908203125,283.86419677734375
59,47,437.25439453125,286.3853454589844
59,48,421.4676818847656,287.9600830078125
59,49,405.2344970703125,290.71240234375
59,50,388.9894104003906,293.16864013671875
59,51,373.12652587890625,295.0254821777344
59,52,357.2642822265625,297.27374267578125
59,53,342.203857421875,298.98406982421875
59,54,467.6117248535156,265.4183349609375
59,55,451.5232849121094,267.8214111328125
59,56,434.9465637207031,270.0985107421875
59,57,419.2783203125,272.1338806152344
59,58,403.06048583984375,274.3963317871094
59,59,387.16754150390625,277.0468444824219
59,60,371.1839904785156,278.13079833984375
59,61,355.6768798828125,281.47027587890625
59,62,340.2325134277344,282.9581604003906
60,0,968.8319091796875,985.140380859375
60,1,948.35888671875,964.0396118164062
60,2,928.6005249023438,942.97216796875
60,3,909.419189453125,922.5161743164062
60,4,890.8107299804688,902.2443237304688
60,5,872.9751586914062,882.5179443359375
60,6,855.8078002929688,863.199951171875
60,7,839.0425415039062,844.043701171875
60,9,991.4974975585938,965.656005859375
60,10,971.1200561523438,944.9779052734375
60,11,951.3219604492188,924.9486694335938
60,12,932.0390014648438,904.872802734375
60,13,913.176025390625,885.2017822265625
60,14,895.0654296875,865.726318359375
60,15,877.51806640625,846.893310546875
60,16,860.826904296875,828.037841796875
60,17,844.499267578125,810.0966796875
60,18,1013.8065795898438,946.3165893554688
60,19,993.2683715820312,926.2374267578125
60,20,973.2337646484375,906.5608520507812
60,21,954.0294799804688,887.2327880859375
60,22,935.0194702148438,868.035888671875
60,23,916.7289428710938,849.1572265625
60,24,899.1002197265625,830.4908447265625
60,25,881.9428100585938,812.5098876953125
60,26,865.4739990234375,795.3219604492188
60,27,1035.4771728515625,927.1220703125
60,28,1014.9502563476562,907.64013671875
60,29,994.904541015625,888.2080078125
60,30,975.490966796875,869.52197265625
60,33,920.0745849609375,814.7068481445312
60,34,902.8845825195312,797.408935546875
60,35,886.30322265625,780.4658813476562
60,36,1056.5616455078125,907.7944946289062
60,37,1036.0103759765625,889.0794067382812
60,38,1015.9028930664062,870.3221435546875
61,0,978.1410522460938,976.09033203125
61,1,957.4894409179688,957.5216674804688
61,2,937.0671997070312,939.109130859375
61,7,843.8004150390625,850.22314453125
61,8,826.8707885742188,833.2240600585938
61,11,956.9802856445312,920.5912475585938
61,16,863.2032470703125,833.635986328125
61,23,918.202880859375,850.7640380859375
61,24,899.9791259765625,833.9097290039062
61,27,1035.60888671875,918.0545654296875
61,32,936.9939575195312,833.977783203125
61,36,1053.8004150390625,899.1686401367188
61,37,1033.3115234375,882.4573364257812
61,38,1013.2314453125,865.7695922851562
61,39,993.64990234375,849.3568725585938
61,40,974.0109252929688,833.192626953125
61,47,1031.0145263671875,847.3660278320312
61,48,1011.2870483398438,831.5664672851562
61,56,1048.127685546875,828.040283203125
62,0,794.6199340820312,1010.8434448242188
62,1,775.0955810546875,988.5901489257812
62,2,756.6079711914062,966.5008544921875
62,3,738.885986328125,945.13330078125
62,4,721.6041259765625,924.1079711914062
62,5,705.526611328125,903.937744140625
62,6,690.0654907226562,884.1212158203125
62,9,818.2561645507812,990.7960205078125
62,10,798.6201782226562,969.0570068359375
62,11,779.8713989257812,947.8159790039062
62,12,761.82958984375,926.847412109375
62,13,744.298828125,906.4374389648438
62,14,727.7225341796875,886.3421020507812
62,15,711.9173583984375,867.0300903320312
62,18,841.9537963867188,970.89208984375
62,19,822.0264892578125,949.6419067382812
62,20,802.858642578125,928.762939453125
62,21,784.6491088867188,908.5453491210938
62,22,766.7650756835938,888.4277954101562
62,23,749.7916870117188,869.0244750976562
62,24,733.5792236328125,849.9304809570312
62,27,865.2628784179688,950.9307861328125
62,28,845.1692504882812,930.0823974609375
62,29,825.4932861328125,909.74462890625
62,30,807.0739135742188,890.0214233398438
62,33,755.2564697265625,832.9678955078125
62,36,888.2125854492188,930.7029418945312
62,37,867.8757934570312,910.4237060546875
62,38,848.1976928710938,890.6171875
62,39,829.2575073242188,871.1491088867188
62,43,760.8689575195312,798.5843505859375
62,45,910.774658203125,910.8252563476562
62,46,890.0560913085938,890.89404296875
62,47,870.1943969726562,871.5840454101562
62,48,851.0791015625,852.700927734375
62,49,832.758056640625,834.3621215820312
62,52,781.6401977539062,781.9104614257812
62,54,932.7984619140625,891.0849609375
62,55,912.0823974609375,871.6986083984375
62,56,891.9369506835938,852.8300170898438
62,57,872.67236328125,834.2882690429688
62,58,854.0314331054688,816.441650390625
62,59,836.0672607421875,799.0536499023438
62,60,818.8660278320312,782.0663452148438
62,61,802.2448120117188,765.43408203125
63,0,980.397216796875,986.2855834960938
63,1,959.2904663085938,967.960693359375
63,2,938.3233032226562,949.887451171875
63,3,918.0745849609375,931.9268798828125
63,4,898.1092529296875,913.9608154296875
63,7,841.9435424804688,861.957275390625
63,8,824.3534545898438,844.93359375
63,9,999.7061767578125,966.0302734375
63,10,978.533447265625,948.27978515625
63,11,957.8229370117188,930.7542724609375
63,12,937.4631958007812,913.135009765625
63,13,917.5686645507812,895.871826171875
63,18,1018.546142578125,946.3182983398438
63,19,997.3594360351562,929.0264892578125
63,20,976.6146850585938,911.7975463867188
63,23,917.076904296875,860.908447265625
63,27,1036.8375244140625,926.7376098632812
63,28,1015.766845703125,909.8445434570312
63,29,994.986083984375,892.8869018554688
63,32,935.6279296875,843.6573486328125
63,33,916.6863403320312,827.3294067382812
63,34,898.2828369140625,811.6760864257812
63,35,880.4417724609375,796.2608642578125
63,36,1054.694580078125,907.047607421875
63,37,1033.8060302734375,890.7264404296875
63,38,1013.0585327148438,874.248779296875
63,39,992.8975219726562,858.0665283203125
63,40,972.95068359375,842.115234375
63,41,953.6477661132812,826.1607055664062
63,42,934.85107421875,810.5390014648438
63,45,1071.7821044921875,888.064453125
63,46,1051.0789794921875,871.8336791992188
64,0,898.57958984375,1046.41455078125
64,1,888.608154296875,1017.4031982421875
64,2,879.0108032226562,988.5441284179688
64,3,869.8344116210938,960.229248046875
64,4,860.917724609375,932.1636352539062
64,5,852.249755859375,904.9074096679688
64,6,844.0233154296875,878.2854614257812
64,7,836.135009765625,851.911865234375
64,8,828.7266235351562,826.3402709960938
64,9,929.0804443359375,1036.7977294921875
64,10,918.8270263671875,1007.8541870117188
64,11,909.0460205078125,979.3806762695312
64,12,899.2650146484375,951.2055053710938
64,13,889.9406127929688,923.5205688476562
64,14,880.987060546875,896.375732421875
64,15,872.292236328125,869.7999877929688
64,16,863.7627563476562,843.7430419921875
64,17,855.8375854492188,818.1619873046875
64,18,959.267333984375,1026.7613525390625
64,19,948.9295654296875,997.9700317382812
64,20,938.4708862304688,969.8771362304688
64,21,928.5388793945312,942.14453125
64,22,918.8767700195312,914.7048950195312
64,23,909.3027954101562,887.7949829101562
64,24,900.1382446289062,861.2145385742188
64,25,891.6056518554688,835.623046875
64,26,882.8782348632812,810.5723266601562
64,27,989.1591186523438,1016.464111328125
64,28,978.39208984375,988.0100708007812
64,29,967.9396362304688,960.0408935546875
64,30,957.56640625,932.6098022460938
64,31,947.3607788085938,905.2694091796875
64,32,937.7014770507812,878.7968139648438
64,33,928.163330078125,852.6954956054688
64,34,918.787109375,827.198486328125
64,35,910.199462890625,802.6099243164062
64,36,1019.0782470703125,1005.66943359375
64,37,1008.02294921875,977.66650390625
64,38,996.97900390625,949.90625
64,39,986.1377563476562,922.87890625
64,40,975.590087890625,895.8840942382812
64,41,965.6870727539062,869.3223876953125
64,42,955.7915649414062,843.7731323242188
64,43,946.1934204101562,818.5884399414062
64,44,936.7612915039062,794.3432006835938
64,45,1048.08203125,994.6990966796875
64,46,1036.79296875,966.9996948242188
64,47,1025.6219482421875,939.573974609375
64,48,1014.5658569335938,912.7077026367188
64,49,1003.6549072265625,886.176025390625
64,50,992.9603271484375,860.1232299804688
64,51,982.94775390625,834.6891479492188
64,52,972.8853759765625,809.9024047851562
64,53,963.3607788085938,785.5132446289062
64,54,1076.46435546875,983.5416870117188
64,55,1064.9193115234375,955.93212890625
64,56,1053.34765625,929.167236328125
64,57,1042.2236328125,902.41259765625
64,58,1030.9029541015625,876.2809448242188
64,59,1020.1881713867188,850.6598510742188
64,60,1009.5536499023438,825.6111450195312
64,61,999.2946166992188,801.0751953125
64,62,989.208740234375,777.2123413085938
65,0,503.87646484375,264.4967956542969
65,1,488.8731689453125,266.3664245605469
65,2,473.01531982421875,268.9581298828125
65,3,457.8397521972656,271.09454345703125
65,4,441.3362731933594,272.9984130859375
65,5,425.3720397949219,275.1767272949219
65,6,409.0637512207031,277.71429443359375
65,7,392.6737976074219,280.0131530761719
65,8,376.8706970214844,281.4462585449219
65,9,499.8620910644531,252.99221801757812
65,10,484.6531982421875,254.14012145996094
65,11,470.1473693847656,257.21533203125
65,12,454.4443664550781,259.0567321777344
65,13,439.2169189453125,261.1184387207031
65,14,422.83282470703125,263.46490478515625
65,15,406.4816589355469,264.77630615234375
65,16,391.89349365234375,267.086669921875
65,18,495.6398620605469,242.42100524902344
65,19,481.37384033203125,244.79910278320312
65,20,466.4323425292969,246.03353881835938
65,21,451.8349914550781,248.68710327148438
65,22,436.7158508300781,250.0360565185547
65,25,390.9460754394531,256.264404296875
65,29,462.7708435058594,235.34471130371094
65,30,449.08428955078125,237.4439239501953
65,31,434.4791259765625,239.84425354003906
65,34,389.10955810546875,245.34255981445312
65,38,460.6719055175781,225.83340454101562
65,43,389.8302917480469,234.80990600585938
65,53,374.49884033203125,227.8777313232422
66,0,980.440673828125,986.2144775390625
66,1,959.1715087890625,968.0406494140625
66,2,938.2301025390625,949.8637084960938
66,3,918.021484375,931.8916015625
66,4,898.0664672851562,913.9681396484375
66,8,824.410400390625,844.945068359375
66,9,999.695068359375,966.0712280273438
66,10,978.5699462890625,948.3450927734375
66,11,957.794189453125,930.8119506835938
66,12,937.4439086914062,913.224609375
66,13,917.5161743164062,895.8756713867188
66,16,861.1111450195312,844.7462158203125
66,17,843.3564453125,828.29443359375
66,18,1018.4678344726562,946.285888671875
66,19,997.4406127929688,929.0685424804688
66,20,976.5374145507812,911.8046875
66,21,956.4864501953125,894.8204345703125
66,22,936.4617309570312,877.7604370117188
66,23,917.0106201171875,860.9361572265625
66,24,898.255615234375,844.1974487304688
66,27,1036.780029296875,926.7859497070312
66,28,1015.753173828125,909.8196411132812
66,29,995.0659790039062,892.899658203125
66,30,974.7804565429688,876.3192749023438
66,31,954.947998046875,859.80517578125
66,32,935.6674194335938,843.5658569335938
66,36,1054.647705078125,907.0988159179688
66,37,1033.8092041015625,890.6344604492188
66,38,1013.0376586914062,874.2429809570312
66,41,953.648193359375,826.0821533203125
66,45,1071.7716064453125,888.0547485351562
66,46,1051.0704345703125,871.7974853515625
66,47,1030.205322265625,855.9456787109375
66,54,1088.2303466796875,869.3678588867188
66,57,1027.1649169921875,822.5557250976562
67,0,505.05010986328125,317.132080078125
67,1,489.69793701171875,319.78033447265625
67,2,476.1609802246094,322.8785705566406
67,5,431.5067138671875,331.33001708984375
67,6,416.4241638183594,333.9259948730469
67,7,401.8480529785156,336.5783386230469
67,8,386.1113586425781,339.1972351074219
67,9,502.0821533203125,303.02825927734375
67,10,488.0743103027344,305.0310363769531
67,11,473.7173767089844,308.78955078125
67,14,428.6720275878906,316.80169677734375
67,15,413.7044372558594,319.26605224609375
67,16,397.81634521484375,321.01611328125
67,17,383.8515625,324.2474060058594
67,18,499.6246643066406,288.1693115234375
67,19,485.28277587890625,290.6228942871094
67,20,470.7608642578125,293.6332702636719
67,21,455.7350158691406,296.23388671875
67,22,441.07952880859375,299.0698547363281
67,23,426.1818542480469,300.9603576660156
67,24,411.03802490234375,304.21527099609375
67,25,396.2298583984375,306.6414489746094
67,26,381.3700866699219,309.06658935546875
67,27,495.69696044921875,272.9229736328125
67,28,482.45050048828125,275.8691101074219
67,29,468.0876159667969,278.0865478515625
67,30,453.2474060058594,281.2879333496094
67,31,438.0523986816406,284.01483154296875
67,32,423.3805847167969,286.7352600097656
67,33,408.4630432128906,289.4259338378906
67,34,393.6005554199219,290.666015625
67,35,379.14422607421875,294.6235046386719
67,36,493.9114990234375,258.82110595703125
67,37,479.86895751953125,261.1724548339844
67,38,465.0695495605469,263.6513977050781
67,41,420.6459655761719,271.9614562988281
67,42,405.799072265625,274.5790710449219
67,43,391.2705993652344,277.1144104003906
67,44,376.3323059082031,279.6935729980469
67,45,491.1067199707031,244.75762939453125
67,46,476.13763427734375,247.0613250732422
67,47,462.3572082519531,249.22117614746094
67,53,373.9739685058594,265.34698486328125
67,54,488.0143737792969,230.139404296875
67,55,472.79071044921875,231.8292236328125
67,56,459.3521728515625,234.79574584960938
67,57,445.1203308105469,237.67933654785156
67,62,371.8581848144531,250.99696350097656
68,0,979.3818969726562,980.1212768554688
68,1,958.4298095703125,961.9061279296875
68,2,938.1101684570312,943.4991455078125
68,3,918.2057495117188,925.3203735351562
68,4,898.5756225585938,907.1591796875
68,5,879.8495483398438,889.6739501953125
68,9,999.0438842773438,960.490966796875
68,10,978.1800537109375,942.6680908203125
68,11,957.8338012695312,924.8095092773438
68,12,937.8938598632812,907.0599365234375
68,13,918.2725219726562,889.4993286132812
68,14,899.4344482421875,872.1617431640625
68,15,880.9343872070312,855.0487060546875
68,18,1018.134765625,941.1371459960938
68,19,997.2573852539062,923.6699829101562
68,20,976.862060546875,906.1287231445312
68,21,957.031982421875,888.9581298828125
68,22,937.4423828125,871.8388061523438
68,27,1036.7255859375,921.9257202148438
68,28,1015.962158203125,904.8257446289062
68,29,995.5689086914062,887.6796875
68,30,975.5850219726562,871.10107421875
68,31,956.0973510742188,854.2066040039062
68,39,993.9891967773438,853.025634765625
68,40,974.2117309570312,836.9058837890625
69,0,438.2332763671875,472.3570556640625
69,1,425.13787841796875,467.01959228515625
69,8,341.00433349609375,424.53253173828125
69,9,444.11370849609375,460.37396240234375
69,10,431.6554870605469,454.7069091796875
69,11,418.7896728515625,449.3591613769531
69,15,370.2813415527344,425.786376953125
69,16,358.8336486816406,419.53277587890625
69,18,450.3795471191406,448.0500183105469
69,21,411.9350280761719,430.72760009765625
69,30,418.55615234375,420.30450439453125
69,31,405.9187316894531,413.6827392578125
69,44,367.3056335449219,383.0008544921875
69,52,384.2367248535156,377.7144775390625
70,0,922.4061889648438,742.9349975585938
70,1,907.6679077148438,705.028076171875
70,2,892.9297485351562,666.8006591796875
70,3,878.1139526367188,628.1403198242188
70,4,863.1431884765625,589.1106567382812
70,5,848.5045166015625,550.65185546875
70,6,834.181640625,512.226318359375
70,7,820.0645751953125,474.32635498046875
70,8,806.1508178710938,437.0157775878906
70,9,960.799560546875,728.7467651367188
70,10,946.1344604492188,690.7399291992188
70,11,931.3868408203125,652.1575927734375
70,12,916.7227783203125,613.5052490234375
70,13,901.91162109375,574.3150634765625
70,14,887.0779418945312,535.48193359375
70,15,872.4962158203125,497.0633239746094
70,16,857.9934692382812,458.8675231933594
70,17,843.8848266601562,421.5907897949219
70,18,999.0103149414062,714.4107666015625
70,19,984.86474609375,676.1774291992188
70,20,970.1168212890625,637.48291015625
70,21,955.4793090820312,598.7180786132812
70,22,940.4893188476562,559.372802734375
70,23,925.7974853515625,520.4674072265625
70,24,911.0957641601562,481.9725646972656
70,25,896.478515625,443.9248962402344
70,26,882.082275390625,406.7588195800781
70,27,1037.6153564453125,699.9974365234375
70,28,1023.1320190429688,661.6094360351562
70,29,1009.1729125976562,622.9468383789062
70,30,994.3886108398438,583.8776245117188
70,31,979.6524047851562,544.64501953125
70,32,964.82421875,505.8141174316406
70,33,949.8914794921875,467.3462219238281
70,34,935.0803833007812,429.1846618652344
70,35,920.45751953125,392.1695556640625
70,36,1075.904296875,685.4669799804688
70,37,1062.0675048828125,647.0980834960938
70,38,1047.8480224609375,608.2653198242188
70,39,1033.535400390625,569.2623291015625
70,40,1018.4202880859375,529.8746948242188
70,41,1003.8326416015625,491.0191650390625
70,42,988.9886474609375,452.6425476074219
70,43,973.956298828125,414.7983703613281
70,44,958.9302978515625,377.93060302734375
70,45,1113.8258056640625,670.8270263671875
70,46,1100.271728515625,632.4931030273438
70,47,1086.3834228515625,593.75048828125
70,48,1072.0301513671875,554.923583984375
70,49,1057.2030029296875,515.6410522460938
70,50,1042.2352294921875,476.985107421875
70,51,1027.4169921875,438.5304870605469
70,52,1012.2740478515625,400.9620666503906
70,53,997.1666870117188,364.1780090332031
70,54,1150.8243408203125,656.4071655273438
70,55,1137.728759765625,618.1533203125
70,56,1123.7406005859375,579.567626953125
70,57,1109.865234375,540.74853515625
70,58,1095.2928466796875,501.68743896484375
70,59,1080.535400390625,463.26953125
70,60,1065.4630126953125,425.102783203125
70,61,1050.114990234375,387.6495666503906
70,62,1034.94287109375,350.9822082519531
71,0,500.90716552734375,239.24835205078125
71,1,485.15692138671875,241.2793426513672
71,2,468.35107421875,242.665283203125
71,5,417.34979248046875,247.64149475097656
71,6,399.6969909667969,249.83114624023438
71,7,383.0118713378906,250.9945526123047
71,8,365.4552917480469,252.98866271972656
71,9,496.7160339355469,230.58473205566406
71,10,480.9723205566406,231.6239471435547
71,11,464.1707458496094,232.315673828125
71,21,446.2484436035156,225.56369018554688
71,30,442.49609375,217.19406127929688
71,31,428.5929870605469,218.98838806152344
72,0,793.5833740234375,985.6867065429688
72,1,773.313720703125,965.3232421875
72,2,753.7271728515625,945.5413208007812
72,3,735.1737060546875,926.0816040039062
72,4,717.1012573242188,906.9718627929688
72,5,700.1139526367188,888.3727416992188
72,6,683.9478759765625,870.3357543945312
72,7,668.0640869140625,852.8482666015625
72,9,815.8573608398438,965.0233154296875
72,10,795.2680053710938,945.154052734375
72,11,775.6981201171875,926.1189575195312
72,12,756.6446533203125,907.0071411132812
72,13,738.5452880859375,888.498046875
72,14,721.1870727539062,870.4555053710938
72,18,837.6886596679688,944.5289306640625
72,19,817.068115234375,925.2211303710938
72,20,797.1995239257812,906.4937133789062
72,21,778.0107421875,888.1056518554688
72,22,759.6135864257812,870.0335693359375
72,23,741.9049682617188,852.326171875
72,27,859.3197631835938,924.02685546875
72,28,838.3646850585938,905.2086181640625
72,29,818.1709594726562,886.8767700195312
72,30,798.9172973632812,869.166015625
72,31,780.2459716796875,851.674072265625
72,32,762.6085815429688,834.7874145507812
72,36,880.4130249023438,903.2462768554688
72,39,819.7725219726562,850.1226196289062
72,40,800.9014282226562,833.3421630859375
72,41,782.791259765625,816.9215698242188
72,45,901.0128173828125,883.1840209960938
72,48,839.9205932617188,831.583740234375
72,49,821.0570068359375,815.2574462890625
72,50,802.8247680664062,799.09814453125
72,51,785.0661010742188,783.1505126953125
72,54,921.2860717773438,863.450927734375
72,55,900.1578979492188,846.2410278320312
72,56,879.5811767578125,829.4130859375
72,57,860.0211181640625,813.0924072265625
72,58,840.6375122070312,797.094482421875
73,0,492.5398864746094,371.36328125
73,1,477.67559814453125,372.4461364746094
73,2,463.7130126953125,372.09625244140625
73,3,449.3992919921875,371.71075439453125
73,4,434.58502197265625,371.61407470703125
73,5,419.4429016113281,371.77789306640625
73,6,405.6009826660156,370.40484619140625
73,7,390.755126953125,370.52691650390625
73,9,491.87469482421875,358.71649169921875
73,10,477.7360534667969,358.5475769042969
73,11,464.0166931152344,358.6681213378906
73,12,449.2727966308594,358.6182861328125
73,13,434.51263427734375,358.9084167480469
73,14,420.75872802734375,357.84527587890625
73,15,406.4534606933594,357.9980773925781
73,16,391.8997802734375,356.9892883300781
73,17,378.1518859863281,356.7062072753906
73,19,476.8701171875,346.7674255371094
73,20,463.57855224609375,346.0513916015625
73,21,448.8173522949219,346.43341064453125
73,22,434.7438659667969,346.0228271484375
73,29,463.0805358886719,334.1605224609375
73,30,449.1463928222656,333.75469970703125
73,31,435.87127685546875,332.9964904785156
74,0,484.6036071777344,355.9991455078125
74,1,468.87530517578125,358.6941833496094
74,2,451.9677734375,361.26312255859375
74,3,436.8324890136719,363.62664794921875
74,4,420.6170349121094,365.235107421875
74,5,404.4632873535156,367.94366455078125
74,6,388.3778076171875,369.8157653808594
74,7,373.0379943847656,371.05633544921875
74,8,357.10418701171875,373.2655029296875
74,9,482.16302490234375,340.6822814941406
74,10,466.13641357421875,342.8935241699219
74,11,450.09326171875,345.14471435546875
74,12,434.4140625,346.9211730957031
74,13,418.3180236816406,350.1026306152344
74,14,402.2575378417969,351.380859375
74,15,386.4383239746094,353.70062255859375
74,16,369.8966369628906,356.1197509765625
74,17,355.04339599609375,357.9873962402344
74,18,480.1214904785156,323.8670349121094
74,19,464.332275390625,326.7961120605469
74,20,447.8722229003906,329.34381103515625
74,21,432.1785888671875,331.0364074707031
74,22,415.683349609375,334.0672302246094
74,23,399.97918701171875,336.29510498046875
74,24,383.5243225097656,338.250244140625
74,25,368.10498046875,339.73773193359375
74,26,351.764404296875,342.383056640625
74,27,477.8918151855469,308.1169128417969
74,28,462.0543212890625,311.0450744628906
74,29,445.7144775390625,313.2997741699219
74,30,429.87493896484375,315.072265625
74,31,413.00341796875,318.1039123535156
74,32,397.2486572265625,319.974365234375
74,33,381.3182373046875,322.24774169921875
74,34,365.59759521484375,324.2449951171875
74,35,350.21380615234375,326.104248046875
74,36,474.9597473144531,292.7388610839844
74,37,459.77191162109375,294.99468994140625
74,38,443.2783508300781,297.30474853515625
74,39,427.4027404785156,299.2554931640625
74,40,411.13861083984375,301.5860595703125
74,41,395.29510498046875,303.5765686035156
74,42,378.9382019042969,306.191162109375
74,43,363.61407470703125,308.3128356933594
74,44,348.09002685546875,309.9288635253906
74,45,473.1778869628906,276.07708740234375
74,46,457.1100769042969,278.9848937988281
74,47,440.99658203125,281.1160888671875
74,48,424.958984375,283.14312744140625
74,51,377.29095458984375,290.20361328125
74,52,361.2597351074219,291.7324523925781
74,53,345.9117431640625,294.826904296875
74,54,470.53411865234375,260.2053527832031
74,55,454.67681884765625,263.0642395019531
74,56,439.0226745605469,265.3465270996094
74,57,422.93267822265625,267.182861328125
74,60,374.8782043457031,274.1369323730469
74,61,359.2579040527344,276.66436767578125
74,62,343.31182861328125,279.1912536621094
75,0,503.924560546875,321.1551208496094
75,1,489.2469787597656,324.1731872558594
75,2,474.729736328125,327.1710205078125
75,3,459.81451416015625,330.1028137207031
75,4,444.42010498046875,332.8258972167969
75,5,430.2823791503906,335.14715576171875
75,6,414.299560546875,337.98162841796875
75,7,399.8280944824219,340.6291198730469
75,8,384.7488098144531,342.9692687988281
75,9,501.1166076660156,306.7425537109375
75,10,486.8104553222656,309.36004638671875
75,11,472.1083679199219,312.0182189941406
75,12,457.1441345214844,314.89068603515625
75,13,442.09375,316.90625
75,14,427.07525634765625,320.1480407714844
75,15,412.1480712890625,322.6136779785156
75,16,397.02862548828125,325.1775207519531
75,17,382.2035217285156,328.1357116699219
75,18,498.4106140136719,291.87152099609375
75,19,484.0840148925781,294.2712707519531
75,20,469.24981689453125,297.1042175292969
75,21,454.1487731933594,300.164306640625
75,22,439.7755126953125,302.5730285644531
75,23,424.43145751953125,305.2904052734375
75,24,409.56488037109375,307.64068603515625
75,25,394.4039001464844,310.1955871582031
75,26,379.71990966796875,312.7057189941406
75,27,495.49554443359375,277.5482482910156
75,28,481.18316650390625,278.90704345703125
75,29,466.7442932128906,282.671630859375
75,30,451.5821533203125,285.0528564453125
75,31,436.98052978515625,287.52227783203125
75,32,421.97796630859375,290.36749267578125
75,33,406.5211486816406,293.0699157714844
75,34,391.8916931152344,295.26416015625
75,35,376.7897033691406,298.1177673339844
75,36,492.9518737792969,262.5370788574219
75,37,478.28216552734375,265.0696105957031
75,38,463.9459228515625,267.62823486328125
75,39,449.11920166015625,269.9756164550781
75,40,433.9772033691406,272.630859375
75,41,419.2181396484375,275.1267395019531
75,42,404.2518005371094,277.2169189453125
75,43,389.4880065917969,280.284912109375
75,44,374.3531799316406,283.3093566894531
75,45,490.2196960449219,248.1193389892578
75,46,475.847900390625,250.2043914794922
75,47,461.2530517578125,253.09165954589844
75,48,446.3361511230469,254.9385528564453
75,51,401.8255615234375,263.1523742675781
75,52,386.8472595214844,265.82958984375
75,53,372.2545471191406,268.1708068847656
75,54,487.04754638671875,233.64529418945312
75,55,471.7890930175781,235.90853881835938
75,56,458.0469970703125,238.42982482910156
75,57,443.7618713378906,241.00840759277344
75,60,399.19622802734375,248.6921844482422
75,61,383.7660217285156,250.8170166015625
75,62,369.6663513183594,253.9573974609375
76,4,897.742431640625,906.3944702148438
76,5,879.82373046875,888.3147583007812
76,9,996.0023193359375,962.8423461914062
76,10,975.76904296875,944.1119995117188
76,11,956.1324462890625,925.8690185546875
76,12,936.99951171875,907.82958984375
76,13,918.2303466796875,889.783935546875
76,14,900.2128295898438,871.8832397460938
76,15,882.6893310546875,854.0648803710938
76,16,865.5446166992188,836.4329223632812
76,18,1015.9993286132812,944.8992309570312
76,19,995.9992065429688,926.523193359375
76,20,976.2728271484375,908.37890625
76,21,957.1046752929688,890.6768188476562
76,22,938.2136840820312,872.7950439453125
76,23,920.1485595703125,855.2037353515625
76,24,902.4205932617188,837.9058227539062
76,27,1035.755615234375,926.2640991210938
76,28,1015.4525146484375,908.358642578125
76,29,995.9323120117188,890.631591796875
76,30,976.7513427734375,873.0833740234375
76,33,921.6080932617188,821.9271850585938
76,36,1054.930419921875,907.2282104492188
76,37,1034.8419189453125,889.9532470703125
76,38,1015.0715942382812,872.8380737304688
76,43,923.690185546875,790.351806640625
76,47,1033.739501953125,854.7938842773438
77,0,481.55291748046875,373.28863525390625
77,1,465.7707214355469,374.7002258300781
77,2,450.2372741699219,374.2169189453125
77,3,433.8918151855469,375.6459045410156
77,4,418.8299560546875,375.48907470703125
77,5,403.1791076660156,375.712890625
77,6,387.47186279296875,375.5477294921875
77,7,372.7530212402344,375.67266845703125
77,8,357.69415283203125,374.58245849609375
77,9,480.65179443359375,358.43695068359375
77,10,464.77978515625,359.68951416015625
77,11,449.5248718261719,360.0758972167969
77,12,434.56707763671875,359.88714599609375
77,13,418.0004577636719,361.01580810546875
77,14,403.54376220703125,360.5345153808594
77,15,388.4358215332031,360.6827392578125
77,16,373.01507568359375,360.6092224121094
77,18,479.31396484375,344.8256530761719
77,19,464.53680419921875,345.16009521484375
77,20,449.52783203125,345.8822326660156
77,21,434.3878173828125,345.65618896484375
77,22,418.9696960449219,345.81304931640625
77,23,404.0013732910156,346.2103271484375
77,24,388.6551513671875,346.07623291015625
77,25,373.8034973144531,346.43896484375
77,27,478.90283203125,330.2194519042969
77,28,463.9129943847656,330.7550964355469
77,29,449.131103515625,330.98828125
77,30,433.84600830078125,331.9102783203125
77,31,419.0295715332031,331.91973876953125
77,32,403.2082214355469,332.3569030761719
77,33,389.792236328125,331.7166442871094
77,34,373.92840576171875,332.6324462890625
77,35,359.99737548828125,332.9508972167969
77,36,477.83782958984375,316.5557556152344
77,37,463.0927734375,317.192138671875
77,38,447.8944091796875,317.6126403808594
77,45,476.87933349609375,303.1564636230469
77,46,462.1675720214844,303.6946105957031
77,47,447.58111572265625,304.2989501953125
77,57,433.7069091796875,291.2846984863281
78,0,505.0234375,316.1667785644531
78,1,491.11181640625,319.3688659667969
78,2,476.1492919921875,322.02264404296875
78,3,461.35107421875,325.17193603515625
78,4,446.1980285644531,328.07086181640625
78,5,431.60284423828125,330.94598388671875
78,6,416.9504089355469,333.2745361328125
78,7,402.0066223144531,336.17578125
78,8,386.6070861816406,338.5834655761719
78,9,502.3329772949219,302.1576232910156
78,10,488.09075927734375,304.45465087890625
78,13,443.6877746582031,313.1832580566406
78,14,429.1221008300781,315.5860900878906
78,15,414.126953125,318.42633056640625
78,16,398.5523986816406,321.0242919921875
78,17,384.0450744628906,323.70819091796875
78,18,499.7862854003906,287.03326416015625
78,19,485.1868591308594,290.07025146484375
78,22,441.04022216796875,298.0734558105469
78,23,426.0694274902344,300.67822265625
78,24,411.2131652832031,303.1750793457031
78,25,396.1838684082031,306.14306640625
78,26,381.7508850097656,308.9588623046875
78,27,497.00250244140625,273.0289611816406
78,28,482.441650390625,275.26702880859375
78,29,468.1759948730469,278.1770935058594
78,30,453.1916809082031,280.7245178222656
78,31,438.48651123046875,283.312255859375
78,32,423.3505859375,286.03668212890625
78,33,408.8523864746094,288.5537109375
78,34,393.7269592285156,291.7931823730469
78,35,379.2264404296875,293.97674560546875
78,36,494.0425720214844,258.0451965332031
78,37,479.8888854980469,260.9646911621094
78,38,465.097900390625,263.05084228515625
78,39,450.64129638671875,265.95172119140625
78,40,434.90625,267.90625
78,41,420.82891845703125,271.16168212890625
78,42,406.08355712890625,273.54010009765625
78,43,391.04132080078125,276.7196960449219
78,44,376.87335205078125,279.26361083984375
78,45,491.2139587402344,244.16336059570312
78,46,476.89080810546875,245.97561645507812
78,47,462.40289306640625,248.74461364746094
78,48,447.99359130859375,251.3498077392578
78,49,433.25762939453125,253.85150146484375
78,50,418.1624755859375,255.94578552246094
78,53,374.14666748046875,263.9991455078125
78,54,487.97283935546875,229.67361450195312
78,55,473.9423522949219,232.01866149902344
78,56,459.2969970703125,234.30706787109375
78,57,445.2028503417969,236.70184326171875
78,58,430.1866760253906,238.80197143554688
78,59,415.736083984375,242.07586669921875
78,62,371.7185974121094,250.21969604492188
79,0,505.146728515625,313.97216796875
79,1,491.29290771484375,317.09490966796875
79,2,475.9967956542969,320.09320068359375
79,3,461.6837158203125,323.0436096191406
79,4,445.90625,324.90625
79,5,431.87646484375,328.2378845214844
79,6,416.77142333984375,330.9481506347656
79,7,402.1681213378906,333.72625732421875
79,8,386.8454895019531,336.0884094238281
79,9,502.65570068359375,299.160888671875
79,10,488.1083679199219,302.1259765625
79,11,473.5276184082031,305.40692138671875
79,12,459.14910888671875,308.00885009765625
79,13,444.08502197265625,310.11676025390625
79,14,429.13848876953125,313.1008605957031
79,15,413.9842529296875,316.0312194824219
79,16,399.1185607910156,318.77972412109375
79,17,384.42791748046875,321.4188537597656
79,18,499.8324890136719,284.8840637207031
79,19,485.3888854980469,287.8270263671875
79,20,471.1153259277344,290.3431091308594
79,21,456.06378173828125,292.947509765625
79,22,441.1722106933594,295.5892639160156
79,23,426.4129943847656,298.3101806640625
79,24,411.2544860839844,301.2804870605469
79,25,395.802001953125,302.73431396484375
79,26,381.9873046875,306.47021484375
79,27,497.0574951171875,270.4667663574219
79,28,482.622314453125,273.0231018066406
79,29,468.2029724121094,275.3114318847656
79,30,453.2620849609375,278.2168273925781
79,31,438.3470153808594,281.2080078125
79,32,423.87445068359375,283.50262451171875
79,33,408.9808044433594,286.3771057128906
79,34,393.77008056640625,289.08050537109375
79,35,379.11865234375,291.927734375
79,36,493.8331298828125,256.135498046875
79,37,479.93206787109375,258.3432922363281
79,38,464.8841247558594,261.1363220214844
79,39,450.7199401855469,263.48681640625
79,40,435.9351501464844,266.14111328125
79,41,420.79718017578125,269.2040100097656
79,42,406.0516662597656,271.5504150390625
79,43,391.7267761230469,274.6495361328125
79,44,376.590087890625,277.228271484375
79,47,462.3094482421875,246.66864013671875
79,48,447.6707763671875,249.30006408691406
79,49,433.1208190917969,252.135986328125
79,50,418.26507568359375,254.010498046875
79,51,403.51947021484375,257.44207763671875
79,52,389.19036865234375,259.9144592285156
79,53,374.8433837890625,262.51397705078125
79,56,459.0442199707031,232.72259521484375
79,57,444.70098876953125,235.08689880371094
79,58,430.2109375,237.2158966064453
79,59,416.02972412109375,240.1017608642578
79,60,401.1434631347656,242.31295776367188
79,61,385.7425231933594,244.78717041015625
79,62,372.0944519042969,247.958740234375
80,0,604.6695556640625,278.33349609375
80,1,590.3544311523438,282.9420471191406
80,2,575.09375,285.8125
80,3,560.3342895507812,290.224853515625
80,4,544.8984985351562,293.7467956542969
80,5,529.8507080078125,297.64324951171875
80,6,514.089599609375,301.0583801269531
80,7,498.2220458984375,304.8852844238281
80,9,599.9990234375,267.1830139160156
80,10,585.134765625,271.0061340332031
80,11,571.3062744140625,275.0939636230469
80,12,556.285400390625,278.3023376464844
80,13,541.4495849609375,281.8366394042969
80,14,526.2503051757812,285.7696533203125
80,15,511.8179931640625,288.9843444824219
80,16,496.4847412109375,292.3437805175781
80,17,481.9985046386719,295.8934326171875
80,19,581.176513671875,260.4901428222656
80,20,566.8999633789062,263.7224426269531
80,21,552.6387329101562,267.49896240234375
80,22,538.144775390625,270.63372802734375
80,29,561.72216796875,252.8295440673828
80,30,548.9807739257812,256.8888854980469
80,31,535.2010498046875,260.1471862792969
81,0,935.92724609375,1002.7088012695312
81,1,900.643310546875,971.5972290039062
81,2,866.4483032226562,940.6583862304688
81,3,833.91845703125,910.2683715820312
81,4,802.5730590820312,880.5127563476562
81,5,773.1446533203125,851.611328125
81,6,745.4824829101562,823.89599609375
81,7,719.0165405273438,796.8707885742188
81,8,694.1141357421875,771.0382690429688
81,9,967.0272216796875,966.943359375
81,10,930.9747314453125,936.2308349609375
81,11,896.4291381835938,906.0020751953125
81,12,863.0808715820312,876.2249145507812
81,13,831.3516845703125,847.0839233398438
81,14,801.0836791992188,818.9254760742188
81,15,772.3016357421875,791.8089599609375
81,16,745.11572265625,765.3692626953125
81,17,719.766845703125,740.2665405273438
81,18,998.0247192382812,930.1956176757812
81,19,961.7260131835938,900.149169921875
81,20,926.3509521484375,870.5026245117188
81,21,892.5216064453125,841.5631103515625
81,22,859.9927368164062,813.1700439453125
81,23,829.0498046875,785.7762451171875
81,24,799.5254516601562,759.1915893554688
81,25,771.8052368164062,733.8946533203125
81,26,746.1993408203125,709.9381713867188
81,27,1028.9442138671875,892.7863159179688
81,28,992.0046997070312,863.3513793945312
81,29,956.0994262695312,834.3773193359375
81,30,921.8364868164062,806.2694702148438
81,31,888.6378784179688,778.8693237304688
81,32,857.3517456054688,752.48828125
81,33,827.2908325195312,726.7400512695312
81,34,799.0325927734375,702.3384399414062
81,35,772.6759643554688,679.283447265625
81,36,1059.2786865234375,854.720703125
81,37,1022.0843505859375,826.1188354492188
81,38,985.8377075195312,798.0487670898438
81,39,950.9332885742188,770.7743530273438
81,40,917.2586059570312,744.3399047851562
81,41,885.4957885742188,718.6488647460938
81,42,854.8736572265625,694.0645751953125
81,43,826.13818359375,670.741455078125
81,44,799.1678466796875,648.5823974609375
81,45,1088.8675537109375,816.7901000976562
81,46,1051.3792724609375,788.8219604492188
81,47,1014.760009765625,761.670166015625
81,48,979.5360717773438,735.19140625
81,49,945.652099609375,709.801025390625
81,50,913.0714721679688,685.104736328125
81,51,882.07177734375,661.4398803710938
81,52,852.8109130859375,639.05322265625
81,53,825.2542724609375,618.0723266601562
81,54,1117.6141357421875,779.110107421875
81,55,1080.0069580078125,752.0178833007812
81,56,1043.25732421875,725.7667236328125
81,57,1007.7925415039062,700.287353515625
81,58,973.2843017578125,675.5025634765625
81,59,940.481689453125,652.0465087890625
81,60,909.1863403320312,629.55810546875
81,61,879.4502563476562,608.005615234375
81,62,851.165283203125,587.7794189453125
82,0,879.77880859375,1081.38525390625
82,1,878.6185913085938,1045.33154296875
82,2,877.7007446289062,1008.511474609375
82,3,876.815673828125,971.1026611328125
82,4,875.97607421875,933.0739135742188
82,5,875.3203735351562,895.0997314453125
82,6,874.8621215820312,857.1558227539062
82,7,874.2149658203125,819.0883178710938
82,8,873.950927734375,781.4906616210938
82,9,918.2698364257812,1082.0029296875
82,10,917.2867431640625,1045.730224609375
82,11,916.2799682617188,1008.63916015625
82,12,915.4818115234375,971.0529174804688
82,13,914.5957641601562,932.8705444335938
82,14,913.739013671875,894.6765747070312
82,15,912.9663696289062,856.3331298828125
82,16,912.0941162109375,818.1734619140625
82,17,911.2418823242188,780.206787109375
82,18,957.2867431640625,1081.834716796875
82,19,956.578857421875,1045.3060302734375
82,20,955.4598388671875,1008.222412109375
82,21,954.3528442382812,970.7109985351562
82,22,953.3362426757812,932.070556640625
82,23,952.3502807617188,893.8831176757812
82,24,951.3471069335938,855.2823486328125
82,25,950.3318481445312,816.8388671875
82,26,949.2450561523438,778.9564819335938
82,27,996.6273193359375,1080.9959716796875
82,28,995.5143432617188,1044.250244140625
82,29,994.7713012695312,1007.192626953125
82,30,993.7870483398438,969.1727905273438
82,31,992.6575317382812,930.8759765625
82,32,991.4929809570312,892.4161376953125
82,33,990.21337890625,853.9552612304688
82,34,988.8214111328125,815.3056030273438
82,35,987.3939819335938,777.4558715820312
82,36,1035.9505615234375,1079.405517578125
82,37,1035.2965087890625,1042.9019775390625
82,38,1034.397705078125,1005.4801025390625
82,39,1033.2193603515625,967.7432861328125
82,40,1031.844482421875,928.9367065429688
82,41,1030.7532958984375,890.6674194335938
82,42,1029.2135009765625,852.0287475585938
82,43,1027.5487060546875,813.454833984375
82,44,1025.94482421875,775.444580078125
82,45,1075.2999267578125,1077.148193359375
82,46,1074.4178466796875,1040.768310546875
82,47,1073.716552734375,1003.2760620117188
82,48,1072.5390625,965.4569091796875
82,49,1071.1138916015625,926.9256591796875
82,50,1069.6920166015625,888.4011840820312
82,51,1067.8883056640625,849.9296875
82,52,1066.03759765625,811.3134765625
82,53,1063.8472900390625,773.2357788085938
82,54,1113.9051513671875,1074.24072265625
82,55,1113.5220947265625,1037.835693359375
82,56,1112.56884765625,1000.5343017578125
82,57,1111.334228515625,962.8223876953125
82,58,1110.0203857421875,924.2935180664062
82,59,1108.287109375,885.7845458984375
82,60,1106.371337890625,847.3544311523438
82,61,1104.048583984375,808.974609375
82,62,1101.7264404296875,770.928955078125
83,0,1001.753662109375,917.12109375
83,1,961.6599731445312,895.9420166015625
83,2,922.9459838867188,874.7542114257812
83,3,885.8861083984375,854.2509155273438
83,4,850.3629150390625,833.57666015625
83,5,816.9879760742188,814.0098266601562
83,6,785.1895141601562,794.765380859375
83,7,755.1058959960938,775.7346801757812
83,8,726.8059692382812,757.671875
83,9,1024.294677734375,884.9796142578125
83,10,985.1912231445312,865.1478271484375
83,11,947.4151000976562,845.9122924804688
83,12,911.1317749023438,826.3673095703125
83,13,876.2138671875,807.388916015625
83,14,843.05908203125,788.675048828125
83,15,811.627197265625,770.462158203125
83,16,781.6110229492188,752.5211181640625
83,17,753.283447265625,735.8302612304688
83,18,1044.922119140625,855.3871459960938
83,19,1006.8386840820312,836.8665771484375
83,20,970.0208129882812,818.2781372070312
83,21,934.6223754882812,800.2203369140625
83,22,900.1585083007812,782.4252319335938
83,23,867.5155639648438,764.5606079101562
83,24,836.4325561523438,747.2000122070312
83,25,806.953857421875,730.772705078125
83,26,778.7882080078125,715.52294921875
83,27,1064.1773681640625,827.0819091796875
83,28,1027.1839599609375,809.6171264648438
83,29,991.3472900390625,791.9181518554688
83,30,956.4969482421875,775.253662109375
83,31,922.9110717773438,758.34423828125
83,32,890.759521484375,742.1919555664062
83,33,859.8535766601562,725.8239135742188
83,34,830.593994140625,710.456787109375
83,35,802.9876708984375,695.921142578125
83,36,1081.9794921875,800.1461791992188
83,37,1046.063232421875,783.4810791015625
83,38,1010.9971923828125,767.3585815429688
83,39,977.1837768554688,751.1901245117188
83,40,944.1022338867188,735.9425659179688
83,41,912.4285278320312,720.315673828125
83,42,882.3056030273438,705.00341796875
83,43,853.1470947265625,690.59619140625
83,44,825.5711669921875,677.072509765625
83,45,1098.32666015625,775.2637939453125
83,46,1063.5203857421875,759.0647583007812
83,47,1029.5968017578125,743.7943725585938
83,48,996.3803100585938,728.6727294921875
83,49,964.037109375,714.222412109375
83,50,933.1588134765625,699.497314453125
83,51,903.5112915039062,684.96875
83,52,874.7085571289062,671.6382446289062
83,53,847.1046142578125,658.7152099609375
83,54,1113.218994140625,752.0435180664062
83,55,1079.518798828125,736.8469848632812
83,56,1046.4285888671875,722.1444091796875
83,57,1014.2378540039062,707.56982421875
83,58,982.80029296875,693.5498657226562
83,59,952.3486328125,680.0632934570312
83,60,923.07275390625,666.8046875
83,61,894.9119262695312,654.1731567382812
83,62,867.8407592773438,641.6309204101562
84,0,840.8208618164062,882.2474975585938
84,1,834.8364868164062,840.4488525390625
84,2,828.9223022460938,797.9632568359375
84,3,823.3569946289062,755.1190185546875
84,4,817.7828979492188,712.2587890625
84,5,812.6757202148438,669.885498046875
84,6,807.8763427734375,627.818603515625
84,7,803.111328125,586.2559204101562
84,8,799.003173828125,545.7266845703125
84,9,882.4653930664062,878.8309936523438
84,10,876.3627319335938,836.2344360351562
84,11,870.6553344726562,793.146728515625
84,12,864.4166870117188,749.8003540039062
84,13,859.0457763671875,706.3651123046875
84,14,853.21728515625,663.1880493164062
84,15,848.2628784179688,620.810302734375
84,16,842.8907470703125,578.66259765625
84,17,838.2039184570312,537.9179077148438
84,18,924.8136596679688,874.3834838867188
84,19,919.107177734375,831.7202758789062
84,20,913.072265625,788.1454467773438
84,21,907.0886840820312,744.38525390625
84,22,900.9609985351562,700.1219482421875
84,23,895.3651733398438,656.9199829101562
84,24,889.2548217773438,613.643310546875
84,25,884.1627807617188,571.3594360351562
84,26,878.8480834960938,530.3836059570312
84,27,968.5122680664062,869.91552734375
84,28,962.2852172851562,826.3286743164062
84,29,956.4074096679688,782.6630859375
84,30,950.2543334960938,738.2066040039062
84,31,944.3369750976562,693.9315795898438
84,32,938.1299438476562,649.9807739257812
84,33,932.2177734375,606.6725463867188
84,34,926.1910400390625,564.02294921875
84,35,920.6132202148438,522.9642944335938
84,36,1012.646240234375,864.5338134765625
84,37,1006.9935913085938,820.5062866210938
84,38,1000.8341064453125,776.482177734375
84,39,994.7576904296875,731.9777221679688
84,40,988.1830444335938,687.2259521484375
84,41,981.9525146484375,643.1023559570312
84,42,975.60693359375,599.5723876953125
84,43,969.1698608398438,556.76806640625
84,44,963.0054321289062,515.2947387695312
84,45,1057.156494140625,858.9426879882812
84,46,1051.425048828125,814.650390625
84,47,1045.4144287109375,770.1414184570312
84,48,1039.005126953125,725.4727172851562
84,49,1032.6549072265625,680.4182739257812
84,50,1025.7421875,636.05419921875
84,51,1018.9038696289062,592.6395263671875
84,52,1011.992431640625,549.2407836914062
84,53,1005.225830078125,507.822021484375
84,54,1101.5194091796875,852.3270874023438
84,55,1096.1290283203125,808.1734619140625
84,56,1089.9229736328125,763.550048828125
84,57,1083.76171875,718.5520629882812
84,58,1076.7093505859375,673.5108642578125
84,59,1069.7974853515625,629.0260620117188
84,60,1062.739501953125,585.2291870117188
84,61,1055.486328125,542.251708984375
84,62,1047.923095703125,500.4031066894531
85,0,980.4024047851562,986.232421875
85,3,917.9682006835938,931.9290771484375
85,4,898.0637817382812,913.9595947265625
85,7,842.0178833007812,861.8920288085938
85,9,999.7516479492188,966.0072021484375
85,12,937.4039916992188,913.2175903320312
85,13,917.5468139648438,895.754638671875
85,18,1018.5575561523438,946.2799682617188
85,19,997.4526977539062,929.0186157226562
85,20,976.6995239257812,911.8033447265625
85,21,956.3515625,894.800537109375
85,22,936.374755859375,877.8438110351562
85,27,1036.787353515625,926.7283935546875
85,28,1015.766845703125,909.841796875
85,29,995.0220336914062,892.865966796875
85,30,974.8461303710938,876.3807983398438
85,31,954.9497680664062,859.8661499023438
85,37,1033.75634765625,890.6878051757812
85,38,1013.0121459960938,874.24267578125
85,39,992.9183349609375,858.0546264648438
85,40,972.9837646484375,842.1401977539062
85,41,953.697998046875,826.1719970703125
85,46,1051.02099609375,871.8630981445312
85,47,1030.3634033203125,855.9558715820312
85,48,1010.297607421875,840.1441040039062
85,54,1088.2454833984375,869.3646240234375
86,0,503.51123046875,257.896728515625
86,1,488.2055358886719,260.4016418457031
86,2,472.11566162109375,262.6932373046875
86,3,456.4197692871094,264.6109619140625
86,4,439.9853210449219,266.51873779296875
86,5,424.03118896484375,268.7579650878906
86,6,407.1452331542969,270.8087158203125
86,7,389.64373779296875,272.7577819824219
86,8,374.7835998535156,275.480712890625
86,9,499.8700256347656,247.75865173339844
86,10,484.0287170410156,249.55148315429688
86,13,437.4565734863281,255.9413604736328
86,14,421.7392883300781,257.5975036621094
86,15,406.13409423828125,259.4498596191406
86,16,389.5888366699219,261.5290222167969
86,17,373.6225280761719,263.93560791015625
86,18,494.9959411621094,236.86306762695312
86,22,435.37396240234375,244.62106323242188
86,23,420.1629333496094,246.48846435546875
86,24,404.6929016113281,248.7207489013672
86,25,389.2368469238281,250.5735321044922
86,26,373.8677673339844,252.6586151123047
86,30,447.9721374511719,233.08526611328125
86,31,433.388916015625,234.8359375
86,32,418.046142578125,236.79248046875
86,33,403.3795166015625,238.89138793945312
86,34,388.2875671386719,240.72035217285156
86,35,373.6774597167969,242.9469451904297
86,43,388.18145751953125,231.04473876953125
86,44,373.4158020019531,232.8538818359375
86,53,372.88751220703125,224.29074096679688
87,2,473.86114501953125,274.12322998046875
87,3,458.39398193359375,276.1748046875
87,4,442.21136474609375,278.6351318359375
87,5,426.2732238769531,281.4075622558594
87,6,410.84027099609375,283.0068664550781
87,7,393.78472900390625,284.82891845703125
87,8,378.80242919921875,287.1213073730469
87,9,500.3656311035156,258.05267333984375
87,10,485.200927734375,259.8859558105469
87,11,470.5196228027344,261.9232177734375
87,12,455.08587646484375,264.248779296875
87,13,440.09039306640625,266.01123046875
87,14,423.8871765136719,268.6024169921875
87,15,408.9148864746094,270.4456481933594
87,16,394.0290832519531,272.9232482910156
87,18,496.1083068847656,246.61793518066406
87,19,482.08197021484375,248.8139190673828
87,20,467.2854919433594,250.43524169921875
87,21,452.5254211425781,252.92498779296875
87,22,437.2801818847656,254.77630615234375
87,23,422.8106689453125,256.4598693847656
87,24,406.7762451171875,258.01568603515625
87,27,492.71942138671875,235.82289123535156
87,28,478.2958984375,237.32504272460938
87,31,435.2496032714844,243.55780029296875
87,32,420.4452209472656,245.6685791015625
87,33,406.276611328125,247.1524658203125
87,41,418.9278259277344,234.98934936523438
87,42,404.4356384277344,236.47315979003906
87,43,390.1706848144531,238.9802703857422
87,44,376.01947021484375,240.67445373535156
87,50,417.06451416015625,224.02818298339844
88,0,503.0882873535156,252.1942901611328
88,1,487.5898132324219,254.0674591064453
88,2,471.3017883300781,256.3927001953125
88,5,422.13189697265625,261.96051025390625
88,6,404.12860107421875,264.7103576660156
88,11,468.1312561035156,245.5359649658203
88,15,403.73431396484375,253.81689453125
88,21,449.57562255859375,237.97683715820312
88,24,402.3691101074219,243.04722595214844
88,25,387.50787353515625,244.943359375
88,26,371.41412353515625,247.25387573242188
88,33,401.6616516113281,233.6405792236328
88,34,386.7560119628906,235.1318359375
88,35,371.50091552734375,237.7506866455078
88,42,400.91815185546875,224.043701171875
89,0,980.3617553710938,986.277587890625
89,1,959.181640625,968.0200805664062
89,2,938.2568969726562,949.9035034179688
89,3,918.0309448242188,931.8978881835938
89,4,898.08544921875,913.9642333984375
89,7,842.0162353515625,861.9013671875
89,9,999.763671875,966.0193481445312
89,10,978.5157470703125,948.2955322265625
89,11,957.869140625,930.8397827148438
89,12,937.4033813476562,913.2260131835938
89,13,917.4578247070312,895.8591918945312
89,16,861.1337890625,844.7459106445312
89,18,1018.5032958984375,946.3302612304688
89,19,997.3880004882812,929.0233154296875
89,20,976.673095703125,911.843505859375
89,21,956.327392578125,894.677734375
89,22,936.4065551757812,877.7622680664062
89,23,917.0408325195312,860.9236450195312
89,24,898.2324829101562,844.2075805664062
89,27,1036.7587890625,926.7365112304688
89,28,1015.805419921875,909.8097534179688
89,29,995.0022583007812,892.8862915039062
89,30,974.7960815429688,876.3678588867188
89,31,954.949951171875,859.844970703125
89,32,935.5422973632812,843.6533203125
89,36,1054.680908203125,907.0514526367188
89,37,1033.7484130859375,890.6705932617188
89,38,1012.9974975585938,874.2471313476562
89,41,953.5086059570312,826.1121215820312
89,47,1030.250244140625,855.929931640625
89,50,971.12744140625,809.112060546875
90,0,883.2515869140625,1043.444091796875
90,1,869.405517578125,1016.6189575195312
90,2,855.8428955078125,989.8167114257812
90,3,843.0029907226562,963.8326416015625
90,4,830.1256713867188,937.832763671875
90,5,818.1622314453125,912.6678466796875
90,6,806.8592529296875,888.0330810546875
90,7,795.677490234375,864.003173828125
90,8,785.036376953125,840.3116455078125
90,9,911.9125366210938,1029.6845703125
90,10,897.3828125,1003.15234375
90,11,883.5679321289062,976.9267578125
90,12,870.2608642578125,950.9901733398438
90,13,857.3065185546875,925.4689331054688
90,14,845.1748046875,900.5100708007812
90,17,810.38232421875,829.1710205078125
90,18,939.9251708984375,1015.8616333007812
90,19,925.3739624023438,989.6790771484375
90,20,911.1444702148438,963.552734375
90,21,897.517333984375,937.9505004882812
90,22,884.1304321289062,912.8270874023438
90,23,871.2117309570312,888.2233276367188
90,26,835.611572265625,817.92236328125
90,27,967.7999267578125,1001.548828125
90,28,952.8113403320312,975.7619018554688
90,29,938.5829467773438,950.0195922851562
90,30,924.2947998046875,924.9613647460938
90,31,910.7099609375,900.0551147460938
90,32,897.752685546875,875.895751953125
90,33,884.9328002929688,852.0852661132812
90,34,872.305908203125,829.01318359375
90,35,860.8251953125,806.8848876953125
90,36,995.3547973632812,986.9686889648438
90,37,980.1715087890625,961.4521484375
90,38,965.350341796875,936.1194458007812
90,39,951.0773315429688,911.2916259765625
90,40,937.2562866210938,887.1715087890625
90,41,923.477783203125,863.1796264648438
90,42,910.3120727539062,839.8802490234375
90,43,898.0994262695312,817.2032470703125
90,44,885.8291015625,795.19921875
90,45,1022.137451171875,972.385009765625
90,46,1006.9302978515625,947.0306396484375
90,47,991.8530883789062,922.2811889648438
90,48,977.2958374023438,897.849365234375
90,49,962.8287353515625,873.9677734375
90,50,949.0761108398438,850.2378540039062
90,51,935.4794921875,827.398681640625
90,52,922.6719970703125,805.1328125
90,53,910.0729370117188,783.3507690429688
90,54,1048.58251953125,957.733642578125
90,55,1033.2744140625,933.036865234375
90,56,1017.6947631835938,908.4508056640625
90,57,1003.2725219726562,884.3221435546875
90,58,988.0914916992188,860.770263671875
90,59,974.2535400390625,837.7854614257812
90,60,960.70654296875,815.1934814453125
90,61,947.3705444335938,793.2400512695312
90,62,934.6256103515625,772.0185546875
91,0,994.656005859375,978.9494018554688
91,1,973.3153076171875,960.1728515625
91,2,952.5250244140625,941.7473754882812
91,3,932.4518432617188,923.4718627929688
91,4,912.8575439453125,905.3925170898438
91,9,1015.1707153320312,958.5546264648438
91,10,993.8286743164062,940.3287353515625
91,11,973.0352172851562,922.48779296875
91,12,952.9002685546875,904.722900390625
91,13,933.1788940429688,887.2510986328125
91,18,1035.2706298828125,938.4238891601562
91,19,1013.9669799804688,920.8673706054688
91,20,993.0502319335938,903.2515258789062
91,21,972.872314453125,886.2250366210938
91,22,953.0709838867188,869.2469482421875
91,25,897.3955688476562,820.0264282226562
91,27,1054.7061767578125,918.4441528320312
91,28,1033.3851318359375,901.2440185546875
91,29,1012.5457153320312,884.3672485351562
91,30,992.1331176757812,867.7026977539062
91,31,972.2152099609375,851.1676635742188
91,36,1073.7310791015625,898.3654174804688
92,0,496.7471923828125,335.0614013671875
92,1,481.2757568359375,338.4884948730469
92,2,466.35357666015625,340.9638977050781
92,3,451.1934509277344,343.0058898925781
92,4,435.51568603515625,346.1348571777344
92,5,420.2219543457031,347.75494384765625
92,6,404.8193664550781,350.1843566894531
92,7,389.122802734375,353.13800048828125
92,8,373.7026062011719,355.060791015625
92,9,494.43194580078125,320.21368408203125
92,10,479.1191101074219,323.0957946777344
92,11,464.039306640625,325.5559387207031
92,12,449.05340576171875,328.24615478515625
92,13,433.4820556640625,330.29248046875
92,14,417.412841796875,333.02227783203125
92,15,401.9947814941406,335.68035888671875
92,16,385.98016357421875,337.92742919921875
92,17,371.5518798828125,339.6564025878906
92,18,492.0088806152344,305.1228942871094
92,19,477.11956787109375,307.12005615234375
92,20,461.94500732421875,309.9122619628906
92,21,446.38739013671875,312.728515625
92,22,430.6360168457031,315.22479248046875
92,23,415.299072265625,317.23590087890625
92,24,399.9460144042969,320.0789489746094
92,25,384.1568298339844,322.1320495605469
92,26,369.13739013671875,324.7277526855469
92,27,489.11212158203125,290.0108337402344
92,28,474.48724365234375,292.1650085449219
92,29,459.38409423828125,294.7449035644531
92,30,444.0377502441406,296.90692138671875
92,31,428.376708984375,299.8497314453125
92,32,412.7010192871094,302.0818786621094
92,33,397.1150817871094,304.6677551269531
92,34,381.9284973144531,305.8943176269531
92,35,366.2820129394531,309.3226318359375
92,36,487.02783203125,274.1356506347656
92,37,472.2980041503906,277.1428527832031
92,38,456.9372863769531,279.0852355957031
92,39,441.520263671875,281.8779296875
92,40,425.689453125,284.2205810546875
92,41,410.379150390625,286.40087890625
92,42,394.8924255371094,288.87847900390625
92,43,379.369384765625,291.24383544921875
92,44,364.1897888183594,293.0050048828125
92,45,484.6004638671875,259.5532531738281
92,46,469.6404724121094,261.1861267089844
92,49,423.4885559082031,268.9031982421875
92,50,408.0401916503906,270.8908996582031
92,51,391.57598876953125,272.5997314453125
92,52,377.16015625,275.8361511230469
92,53,361.9132385253906,278.1470947265625
92,54,481.9953308105469,244.1866912841797
92,55,467.1914367675781,246.3788604736328
92,58,421.1790771484375,252.73585510253906
92,59,405.62921142578125,256.011962890625
92,60,390.21417236328125,257.8958435058594
92,61,374.9566955566406,261.01922607421875
92,62,359.69622802734375,263.2056579589844
93,0,945.1832275390625,995.8341674804688
93,1,914.2559204101562,970.0137329101562
93,2,884.3053588867188,944.4354858398438
93,3,855.5786743164062,919.3528442382812
93,4,827.6596069335938,894.5178833007812
93,5,801.396728515625,870.5516967773438
93,6,776.421875,847.2374877929688
93,7,752.4140625,824.424560546875
93,8,729.7354125976562,802.3574829101562
93,9,971.9361572265625,964.2484130859375
93,10,940.6320190429688,939.1105346679688
93,11,910.4494018554688,914.2713012695312
93,12,881.2615966796875,889.875732421875
93,13,853.2134399414062,865.8818359375
93,14,826.3381958007812,842.4981079101562
93,15,800.8402709960938,819.7974243164062
93,16,776.1673583984375,797.5210571289062
93,17,753.1395263671875,776.3179321289062
93,18,998.1809692382812,932.6767578125
93,19,966.7418823242188,908.1130981445312
93,20,936.130615234375,883.9338989257812
93,21,906.7720336914062,860.2919311523438
93,22,878.2304077148438,836.9876708984375
93,23,851.0349731445312,814.2942504882812
93,24,824.94970703125,792.1112670898438
93,25,800.21923828125,770.8383178710938
93,26,777.0000610351562,750.6436157226562
93,27,1024.009033203125,900.85302734375
93,28,992.2706298828125,877.0234375
93,29,961.4129638671875,853.4173583984375
93,30,931.9060668945312,830.626708984375
93,31,903.1572265625,808.0281982421875
93,32,875.7512817382812,786.2122802734375
93,33,849.3475952148438,764.9165649414062
93,34,824.2313232421875,744.3619995117188
93,35,800.5556640625,725.0352172851562
93,36,1049.154541015625,868.7283325195312
93,37,1017.4325561523438,845.71923828125
93,38,986.4959716796875,823.037353515625
93,39,956.60302734375,800.8414306640625
93,40,927.7030029296875,779.1669311523438
93,41,900.0450439453125,758.1304321289062
93,42,873.2877807617188,737.4876098632812
93,43,848.0029296875,717.9723510742188
93,44,823.9200439453125,699.197998046875
93,45,1073.6864013671875,837.15966796875
93,46,1041.76025390625,814.6534423828125
93,47,1010.822021484375,792.677734375
93,48,980.7373657226562,771.3489379882812
93,49,951.6289672851562,750.6550903320312
93,50,923.7147216796875,730.2019653320312
93,51,896.7432250976562,710.4524536132812
93,52,871.1212158203125,691.5320434570312
93,53,846.8477172851562,673.6377563476562
93,54,1097.2691650390625,806.08349609375
93,55,1065.551513671875,784.3680419921875
93,56,1034.4537353515625,763.089111328125
93,57,1004.3494262695312,742.3215942382812
93,58,974.9302368164062,722.240234375
93,59,946.9894409179688,702.9260864257812
93,60,919.9214477539062,683.9960327148438
93,61,893.9630126953125,665.89990234375
93,62,869.2508544921875,648.4798583984375
94,0,998.8165893554688,984.2565307617188
94,1,973.6137084960938,960.6873168945312
94,2,948.7119140625,937.1346435546875
94,3,924.7658081054688,913.9180297851562
94,4,901.063720703125,890.7308959960938
94,5,878.5635986328125,868.201904296875
94,6,856.8297729492188,846.0881958007812
94,7,835.7326049804688,824.1976928710938
94,8,815.3681030273438,802.8394775390625
94,9,1023.323486328125,960.13916015625
94,10,998.0750122070312,937.1200561523438
94,11,973.3965454101562,914.4180908203125
94,12,949.2227172851562,891.8526611328125
94,13,925.712646484375,869.5118408203125
94,14,903.1249389648438,847.430419921875
94,15,881.131103515625,825.8153076171875
94,16,859.8601684570312,804.2897338867188
94,17,839.2196655273438,783.8195190429688
94,18,1046.8848876953125,936.6024780273438
94,19,1021.7711791992188,914.19287109375
94,20,997.1715698242188,892.0227661132812
94,21,973.1810913085938,870.27099609375
94,22,949.6666870117188,848.44482421875
94,23,926.8531494140625,826.9642944335938
94,24,904.8516235351562,805.7598266601562
94,25,883.337890625,785.3019409179688
94,26,862.8170776367188,765.464111328125
94,27,1069.7010498046875,913.3251953125
94,28,1044.762939453125,891.4520874023438
94,29,1020.2326049804688,869.7916870117188
94,30,996.26220703125,848.724365234375
94,31,972.7565307617188,827.4679565429688
94,32,949.9398803710938,806.9067993164062
94,33,927.9428100585938,786.3160400390625
94,34,906.455810546875,766.5466918945312
94,35,885.8018798828125,747.34814453125
94,36,1091.7794189453125,890.0996704101562
94,37,1066.915771484375,869.07373046875
94,38,1042.4720458984375,848.0330200195312
94,39,1018.7920532226562,827.3053588867188
94,40,995.1028442382812,807.080322265625
94,41,972.4459838867188,786.96875
94,42,950.2821655273438,767.11669921875
94,43,928.9780883789062,747.9285278320312
94,44,908.1456909179688,729.3604736328125
94,45,1112.7655029296875,867.7277221679688
94,46,1088.2017822265625,846.968017578125
94,47,1064.0467529296875,826.788818359375
94,48,1040.23291015625,806.6177978515625
94,49,1016.8843383789062,786.9373168945312
94,50,994.0375366210938,767.3381958007812
94,51,972.19580078125,748.0360717773438
94,52,950.6514282226562,729.6030883789062
94,53,929.76953125,711.5106811523438
94,54,1132.8529052734375,846.0365600585938
94,55,1108.60693359375,825.8487548828125
94,56,1084.384765625,806.017822265625
94,57,1060.94580078125,786.3512573242188
94,58,1037.709228515625,767.1049194335938
94,59,1015.2081298828125,748.387939453125
94,60,993.0796508789062,729.9717407226562
95,3,454.2538757324219,254.69525146484375
95,4,437.1084289550781,256.5886535644531
95,5,420.830078125,258.6420593261719
95,6,403.5044860839844,260.75042724609375
95,12,451.03790283203125,244.01988220214844
95,13,435.222900390625,245.61117553710938
95,14,418.9961242675781,247.7792205810547
95,15,403.0596008300781,249.68235778808594
95,18,493.6908264160156,228.5991668701172
95,19,479.2818908691406,231.11961364746094
95,20,464.0450134277344,232.89805603027344
95,21,448.6561279296875,235.02609252929688
95,22,433.06072998046875,236.24440002441406
95,23,417.81707763671875,237.9099578857422
95,24,401.7667236328125,239.32444763183594
95,25,385.50634765625,241.79611206054688
95,26,370.001953125,243.55662536621094
95,33,400.8603820800781,230.7173614501953
95,34,385.72576904296875,231.92213439941406
95,35,370.4832458496094,234.6730499267578
96,0,959.3239135742188,998.194091796875
96,1,928.9221801757812,973.421142578125
96,2,899.7102661132812,948.929931640625
96,3,871.5659790039062,925.038818359375
96,4,844.4108276367188,901.2316284179688
96,5,818.718017578125,878.452392578125
96,6,794.1815795898438,856.1553344726562
96,7,770.795166015625,834.419189453125
96,8,748.453857421875,813.4586791992188
96,9,985.55517578125,967.3594970703125
96,10,954.9995727539062,943.3578491210938
96,11,925.4642333984375,919.7904052734375
96,12,897.06982421875,896.5565795898438
96,13,869.62890625,873.7982177734375
96,14,843.4539184570312,851.5006103515625
96,15,818.6068115234375,830.018310546875
96,16,794.64697265625,808.8068237304688
96,17,771.9964599609375,788.6621704101562
96,18,1011.107177734375,936.76416015625
96,19,980.397216796875,913.5888671875
96,20,950.6609497070312,890.72705078125
96,21,922.0548706054688,868.2409057617188
96,22,894.3168334960938,846.2120971679688
96,23,867.9202880859375,824.681640625
96,24,842.5197143554688,803.7353515625
96,25,818.4127807617188,783.4945068359375
96,26,795.6659545898438,764.4020385742188
96,27,1036.04150390625,906.1073608398438
96,28,1005.2647705078125,883.6567993164062
96,29,975.3049926757812,861.3984985351562
96,30,946.3912963867188,839.965576171875
96,31,918.5897216796875,818.7477416992188
96,32,891.9967651367188,798.102783203125
96,33,866.463623046875,777.9241333007812
96,34,842.0453491210938,758.6251831054688
96,35,818.9945678710938,740.1780395507812
96,36,1060.3681640625,875.4692993164062
96,37,1029.6566162109375,853.856689453125
96,38,999.4878540039062,832.43212890625
96,39,970.6390380859375,811.5238037109375
96,40,942.500732421875,791.3653564453125
96,41,915.75830078125,771.5955200195312
96,42,889.9087524414062,752.1136474609375
96,43,865.259033203125,733.7698364257812
96,44,841.7968139648438,716.1239624023438
96,45,1083.7470703125,845.4271850585938
96,46,1052.9210205078125,824.2703857421875
96,47,1022.981201171875,803.8502807617188
96,48,993.84326171875,783.8446655273438
96,49,965.8233032226562,764.4391479492188
96,50,938.6224975585938,745.1513061523438
96,51,912.6804809570312,726.5978393554688
96,52,887.8135375976562,709.0040893554688
96,53,864.1829223632812,692.1375122070312
96,54,1106.1591796875,816.0201416015625
96,55,1075.4552001953125,795.7721557617188
96,56,1045.393798828125,775.9367065429688
96,57,1016.3999633789062,756.66162109375
96,58,988.2099609375,737.7587280273438
96,59,961.0758056640625,719.57666015625
96,60,935.0292358398438,702.0782470703125
96,61,909.9108276367188,684.9415893554688
96,62,886.003173828125,668.67724609375
97,0,793.4972534179688,995.9263305664062
97,1,773.3098754882812,975.1632080078125
97,2,754.1258544921875,954.722412109375
97,3,735.7509765625,934.9117431640625
97,4,717.8655395507812,915.2919311523438
97,5,701.1564331054688,896.4215087890625
97,6,685.1549682617188,878.1639404296875
97,7,669.7587890625,859.9647216796875
97,9,816.0629272460938,975.17529296875
97,10,795.7904052734375,954.9778442382812
97,11,776.3131103515625,935.3074340820312
97,12,757.60791015625,915.931884765625
97,13,739.7330932617188,897.0084228515625
97,14,722.4129638671875,878.4635009765625
97,15,706.1062622070312,860.4677734375
97,16,690.2017211914062,842.8009033203125
97,18,838.4436645507812,954.870361328125
97,19,818.0277709960938,935.1522216796875
97,20,798.1882934570312,915.880859375
97,21,779.3934936523438,897.1726684570312
97,22,760.9711303710938,878.580810546875
97,23,743.6085815429688,860.5628051757812
97,24,726.7681884765625,842.9380493164062
97,27,860.48828125,934.3024291992188
97,28,839.7368774414062,915.165771484375
97,29,819.6964111328125,896.3717041015625
97,30,800.6810302734375,878.1531372070312
97,36,882.109375,913.7470092773438
97,37,861.2470703125,895.1048583984375
97,38,841.1375122070312,877.0320434570312
97,45,903.2622680664062,893.6749267578125
97,46,882.1319580078125,875.2130737304688
97,47,861.9546508789062,857.7710571289062
97,50,805.3585205078125,807.1605834960938
97,54,924.0469970703125,873.8134155273438
98,0,866.7955322265625,1082.015625
98,1,867.2293701171875,1044.7955322265625
98,2,867.8709106445312,1006.5185546875
98,3,868.52294921875,967.4430541992188
98,4,869.1304321289062,928.005126953125
98,5,870.1449584960938,888.0841064453125
98,6,871.2389526367188,848.1852416992188
98,7,872.1052856445312,808.136474609375
98,8,873.3019409179688,768.4609985351562
98,9,906.4969482421875,1085.287353515625
98,10,907.0612182617188,1047.4996337890625
98,11,907.8406372070312,1009.0003051757812
98,12,908.5992431640625,969.8308715820312
98,13,909.3082275390625,929.7051391601562
98,14,910.0321655273438,889.3876342773438
98,15,910.8375244140625,849.16748046875
98,16,911.5900268554688,808.6318969726562
98,17,912.32080078125,768.4298706054688
98,18,946.8956909179688,1087.6004638671875
98,19,947.775390625,1049.81689453125
98,20,948.580322265625,1010.8111572265625
98,21,949.32177734375,971.2662963867188
98,22,949.95361328125,930.8720092773438
98,23,950.6881103515625,890.4989624023438
98,24,951.123046875,849.7401733398438
98,25,951.648193359375,808.9627685546875
98,26,952.3456420898438,768.4721069335938
98,27,988.2402954101562,1089.2694091796875
98,28,989.00146484375,1051.08935546875
98,29,989.7789306640625,1012.3651123046875
98,30,990.6327514648438,972.2432861328125
98,31,991.1861572265625,931.8123168945312
98,32,991.9046630859375,890.9183959960938
98,33,992.1141967773438,850.0620727539062
98,34,992.6078491210938,808.8786010742188
98,35,992.7801513671875,768.2210083007812
98,36,1029.508056640625,1090.421142578125
98,37,1030.8358154296875,1052.11962890625
98,38,1031.70458984375,1012.8411254882812
98,39,1032.486572265625,972.9100952148438
98,40,1033.122802734375,931.9532470703125
98,41,1033.4521484375,890.9263916015625
98,42,1033.792236328125,849.7877197265625
98,43,1033.8046875,808.5060424804688
98,44,1033.793212890625,767.5803833007812
98,45,1071.1314697265625,1090.8094482421875
98,46,1072.43017578125,1052.2960205078125
98,47,1073.50146484375,1012.9376220703125
98,48,1074.379638671875,972.7279052734375
98,49,1074.9150390625,931.6800537109375
98,50,1075.1475830078125,890.457763671875
98,51,1075.126708984375,849.25537109375
98,52,1075.015869140625,807.6621704101562
98,53,1074.5020751953125,766.7557373046875
98,54,1112.6741943359375,1089.896240234375
98,55,1114.116943359375,1051.6353759765625
98,56,1115.12939453125,1012.0631103515625
98,57,1116.04296875,972.0532836914062
98,58,1116.771240234375,930.8387451171875
98,59,1116.8126220703125,889.4990234375
98,60,1116.7408447265625,848.1033325195312
98,61,1116.120361328125,806.7621459960938
98,62,1115.194091796875,765.4849853515625
99,0,998.5174560546875,702.1213989257812
99,1,975.4855346679688,672.4937744140625
99,2,952.043212890625,642.6102905273438
99,3,928.5370483398438,612.591796875
99,4,904.9053344726562,582.148193359375
99,5,881.3547973632812,552.2054443359375
99,6,858.1213989257812,522.3861694335938
99,7,835.1154174804688,492.8377380371094
99,8,812.5502319335938,463.57147216796875
99,9,1027.31396484375,678.4332885742188
99,10,1004.5859375,649.0420532226562
99,11,981.4014282226562,619.2252807617188
99,12,958.0967407226562,589.2676391601562
99,13,934.60009765625,559.2787475585938
99,14,911.3118896484375,529.3998413085938
99,15,888.1505737304688,499.7555236816406
99,16,865.1943359375,470.41156005859375
99,17,842.5541381835938,441.5773010253906
99,18,1055.33935546875,655.242919921875
99,19,1032.9234619140625,625.9603881835938
99,20,1010.1300659179688,596.2157592773438
99,21,987.0335693359375,566.696533203125
99,22,963.88232421875,536.828857421875
99,23,940.78857421875,507.0677185058594
99,24,917.8692626953125,477.8244934082031
99,25,894.8875732421875,448.7682189941406
99,26,872.1263427734375,420.550048828125
99,27,1082.852783203125,632.3209838867188
99,28,1060.76416015625,603.2625732421875
99,29,1038.4931640625,573.6467895507812
99,30,1015.7119140625,544.24560546875
99,31,992.626220703125,514.8138427734375
99,32,969.6190185546875,485.53765869140625
99,33,946.9130859375,456.63494873046875
99,34,924.0673217773438,427.8164367675781
99,35,901.3276977539062,400.07720947265625
99,36,1109.8773193359375,609.7863159179688
99,37,1088.10693359375,580.7650146484375
99,38,1065.8955078125,551.7461547851562
99,39,1043.6353759765625,522.4826049804688
99,40,1020.743896484375,493.2890625
99,41,998.1365966796875,464.36773681640625
99,42,975.426025390625,435.59979248046875
99,43,952.7254638671875,407.4975280761719
99,44,930.192626953125,380.1217956542969
99,45,1135.8135986328125,588.1072998046875
99,46,1114.5447998046875,559.0906372070312
99,47,1092.8680419921875,530.2483520507812
99,48,1070.7274169921875,501.3064270019531
99,49,1048.1063232421875,472.5830993652344
99,50,1025.7730712890625,443.8777160644531
99,51,1003.3194580078125,415.5379943847656
99,52,980.733642578125,387.9573059082031
99,53,958.346435546875,360.7568054199219
99,54,1160.7333984375,566.7906494140625
99,55,1140.1051025390625,538.2454223632812
99,56,1118.712158203125,509.5911560058594
99,57,1097.0030517578125,481.0264587402344
99,58,1074.810791015625,452.40301513671875
99,59,1052.7054443359375,424.3698425292969
99,60,1030.42236328125,396.48016357421875
99,61,1008.0180053710938,369.03857421875
99,62,985.6943969726562,342.3520202636719
100,0,502.7060546875,246.66183471679688
100,1,486.6807556152344,247.8742218017578
100,2,470.02215576171875,249.4977264404297
100,3,453.5147705078125,251.86204528808594
100,4,436.904052734375,252.91993713378906
100,7,385.6700744628906,259.19244384765625
100,8,368.3025817871094,260.9359436035156
100,9,497.8553771972656,236.58287048339844
100,10,482.20477294921875,237.65518188476562
100,11,466.8035888671875,239.9921875
100,12,450.8418273925781,241.57823181152344
100,13,434.67913818359375,242.90867614746094
100,16,384.8957214355469,248.40420532226562
100,21,448.25238037109375,231.69631958007812
100,22,432.1872863769531,233.043701171875
100,31,430.5375671386719,224.80203247070312
100,43,384.38421630859375,221.51824951171875
100,44,369.72857666015625,223.13372802734375
101,0,843.2258911132812,1036.178466796875
101,1,826.4352416992188,1011.2119750976562
101,2,810.1688232421875,986.4141235351562
101,3,794.848388671875,962.4448852539062
101,4,779.587890625,938.5264282226562
101,5,765.4467163085938,915.5260009765625
101,6,751.7913208007812,893.2345581054688
101,9,869.8303833007812,1019.2100219726562
101,10,852.5579833984375,994.4414672851562
101,11,836.1832275390625,970.2022094726562
101,12,820.1788940429688,946.4976806640625
101,13,804.8942260742188,923.3646850585938
101,14,790.2676391601562,900.5648193359375
101,15,776.2246704101562,878.6473388671875
101,18,896.280517578125,1001.9974365234375
101,19,878.7975463867188,977.6865844726562
101,20,861.8423461914062,954.0089721679688
101,21,845.665283203125,930.9041748046875
101,22,829.6610717773438,907.9609375
101,23,814.8626708984375,885.5770263671875
101,24,800.1388549804688,863.6893920898438
101,25,786.4481811523438,842.5535888671875
101,26,773.2916870117188,822.1832275390625
101,27,922.3238525390625,984.6632080078125
101,28,904.55859375,960.7855834960938
101,29,887.0236206054688,937.2134399414062
101,30,870.8173217773438,914.5712280273438
101,31,854.5108032226562,892.1648559570312
101,32,839.3258666992188,870.415283203125
101,33,824.3438720703125,849.026123046875
101,34,810.0765380859375,828.2967529296875
101,36,948.0658569335938,966.858642578125
101,37,929.9388427734375,943.5853271484375
101,38,912.4315795898438,920.7843627929688
101,39,895.36328125,898.2808227539062
101,40,879.1339721679688,876.380615234375
101,41,863.1831665039062,855.0440063476562
101,42,848.3323364257812,834.0485229492188
101,45,973.1360473632812,949.2471923828125
101,46,954.8888549804688,926.1798706054688
101,47,937.1809692382812,903.9857788085938
101,48,919.8722534179688,881.95458984375
101,49,903.2061767578125,860.656005859375
101,50,886.9765625,839.4127197265625
101,51,871.7984008789062,818.9420776367188
101,54,997.8679809570312,931.837158203125
101,55,979.2744140625,909.27880859375
101,56,961.2705688476562,887.20947265625
101,57,944.0491333007812,865.6729125976562
101,58,927.0292358398438,844.685546875
101,59,910.3880004882812,824.17431640625
101,60,894.9132080078125,804.2265625
102,0,980.4443359375,986.2254028320312
102,1,959.1702880859375,968.0355224609375
102,2,938.1784057617188,949.9114379882812
102,3,917.9690551757812,931.9379272460938
102,4,898.1068725585938,913.9846801757812
102,9,999.7267456054688,966.0923461914062
102,10,978.533203125,948.324951171875
102,11,957.818603515625,930.82177734375
102,12,937.4151000976562,913.1707153320312
102,13,917.4613037109375,895.8212890625
102,16,861.0852661132812,844.78955078125
102,18,1018.424072265625,946.35693359375
102,19,997.39404296875,928.992919921875
102,20,976.6668090820312,911.8336181640625
102,27,1036.8885498046875,926.7888793945312
102,28,1015.77783203125,909.7884521484375
102,29,995.0262451171875,892.8623046875
102,36,1054.70703125,907.0595092773438
102,37,1033.7474365234375,890.6887817382812
102,38,1013.04052734375,874.31640625
102,39,992.8028564453125,858.0062255859375
102,40,972.9599609375,842.0701293945312
102,41,953.6377563476562,826.1198120117188
102,45,1071.7974853515625,888.0184326171875
102,46,1051.0042724609375,871.8171997070312
102,47,1030.3392333984375,855.9053955078125
102,48,1010.3101196289062,840.091796875
102,54,1088.2611083984375,869.36376953125
103,0,501.0560607910156,327.53411865234375
103,1,486.3831787109375,330.2221374511719
103,2,471.18890380859375,333.02899169921875
103,3,456.5335388183594,335.1648254394531
103,4,441.0799255371094,337.9393615722656
103,5,426.03900146484375,340.7864685058594
103,6,410.1542053222656,343.4273376464844
103,7,395.4785461425781,345.1007995605469
103,8,379.8317565917969,347.97259521484375
103,9,497.58416748046875,311.5785827636719
103,10,484.0500183105469,314.96429443359375
103,11,469.2074279785156,318.180419921875
103,12,453.9952392578125,320.1377868652344
103,13,438.3115234375,323.4551086425781
103,14,422.9836120605469,325.951904296875
103,15,408.2949523925781,328.2577209472656
103,16,392.7191162109375,330.7367858886719
103,17,377.64923095703125,333.0050048828125
103,18,496.0212097167969,297.4167175292969
103,19,481.4339599609375,300.39105224609375
103,20,466.5292663574219,302.8343200683594
103,21,451.3542175292969,305.21490478515625
103,22,435.990966796875,307.9757385253906
103,23,421.0836181640625,309.95538330078125
103,24,405.30743408203125,313.0264892578125
103,25,390.1558532714844,315.162841796875
103,26,375.200927734375,317.71893310546875
103,27,493.02227783203125,283.11279296875
103,28,478.8003234863281,285.26312255859375
103,29,464.16217041015625,287.1539611816406
103,30,449.0556945800781,290.10968017578125
103,31,433.63372802734375,292.92156982421875
103,32,418.1213684082031,295.1783752441406
103,33,403.1927185058594,296.993408203125
103,34,388.03369140625,300.0028076171875
103,35,373.12371826171875,302.3526916503906
103,36,491.0119934082031,267.6780700683594
103,37,476.201171875,269.9593200683594
103,38,461.17919921875,272.7188415527344
103,39,446.15264892578125,275.1224670410156
103,40,431.051513671875,277.0036926269531
103,41,415.39404296875,280.23809814453125
103,42,400.7068176269531,282.6101379394531
103,43,385.25164794921875,285.0469970703125
103,44,370.6298828125,287.4747009277344
103,45,487.9828186035156,253.2675018310547
103,46,473.5855712890625,255.18438720703125
103,49,428.7201843261719,262.4874572753906
103,50,413.2566223144531,265.1141052246094
103,51,398.41802978515625,267.18804931640625
103,52,383.1319274902344,269.9538879394531
103,53,368.44427490234375,272.24560546875
103,54,485.23101806640625,238.3966827392578
103,55,470.9330749511719,241.02357482910156
103,58,426.12908935546875,247.60877990722656
103,59,411.05255126953125,250.48834228515625
103,60,396.01690673828125,252.54359436035156
103,61,380.95697021484375,255.50425720214844
103,62,366.1617126464844,257.6926574707031
104,0,875.366455078125,1083.2542724609375
104,1,874.9466552734375,1046.9365234375
104,2,874.4900512695312,1009.5574951171875
104,3,874.0911865234375,971.8455810546875
104,4,873.9521484375,933.2485961914062
104,5,873.7557373046875,894.7529296875
104,6,873.9273681640625,855.8609619140625
104,7,873.8828125,817.0462036132812
104,8,874.1978759765625,778.7432861328125
104,9,914.3087768554688,1085.0234375
104,10,914.1256713867188,1048.256103515625
104,11,913.5430297851562,1010.7745361328125
104,12,913.3861083984375,972.5545043945312
104,13,913.087890625,933.7088012695312
104,14,912.8450317382812,894.7881469726562
104,15,912.5779418945312,855.88330078125
104,16,912.2874755859375,816.6448364257812
104,17,911.9395141601562,778.0671997070312
104,18,953.8726196289062,1085.4140625
104,19,953.5975341796875,1048.8465576171875
104,20,953.3494873046875,1010.9140014648438
104,21,953.0731201171875,972.7427978515625
104,22,952.5149536132812,933.4784545898438
104,23,952.2401123046875,894.7027587890625
104,24,951.843505859375,855.3561401367188
104,25,951.2965087890625,816.1151733398438
104,26,950.9883422851562,777.176025390625
104,27,993.833984375,1085.668212890625
104,28,993.7734985351562,1048.626953125
104,29,993.1915283203125,1010.9693603515625
104,30,993.095947265625,972.2632446289062
104,31,992.654296875,933.1221923828125
104,32,992.0665893554688,893.89404296875
104,33,991.484619140625,854.5820922851562
104,34,990.8141479492188,815.0130004882812
104,35,989.9757080078125,776.13232421875
104,36,1033.8740234375,1084.96533203125
104,37,1034.0162353515625,1047.919677734375
104,38,1033.813232421875,1009.9192504882812
104,39,1033.2611083984375,971.5728149414062
104,40,1032.8138427734375,932.0556030273438
104,41,1032.225830078125,892.8571166992188
104,42,1031.31201171875,853.19921875
104,43,1030.36279296875,813.7459716796875
104,44,1029.27099609375,774.5675048828125
104,45,1073.9322509765625,1083.6959228515625
104,46,1074.076904296875,1046.6658935546875
104,47,1073.8997802734375,1008.65673828125
104,48,1073.4822998046875,970.0673828125
104,49,1072.9669189453125,930.6682739257812
104,50,1072.1546630859375,891.2416381835938
104,51,1071.1669921875,851.7577514648438
104,52,1069.959716796875,812.151611328125
104,53,1068.2542724609375,773.1190185546875
104,54,1113.448974609375,1081.3204345703125
104,55,1113.832763671875,1044.5421142578125
104,56,1113.87451171875,1006.6387329101562
104,57,1113.3138427734375,967.9116821289062
104,58,1112.7220458984375,928.6349487304688
104,59,1111.8143310546875,889.1961059570312
104,60,1110.728271484375,849.8255004882812
104,61,1108.8878173828125,810.3694458007812
104,62,1107.18994140625,771.1361694335938
105,0,892.9888305664062,1062.0260009765625
105,1,889.4127807617188,1028.607666015625
105,2,886.0143432617188,995.0067749023438
105,3,882.7360229492188,961.7470092773438
105,4,879.4877319335938,928.20361328125
105,5,876.3216552734375,895.3146362304688
105,6,873.7565307617188,862.5933227539062
105,7,870.7972412109375,830.1622314453125
105,8,868.0565185546875,798.4868774414062
105,9,928.0676879882812,1058.5401611328125
105,10,924.1268310546875,1025.192626953125
105,11,920.6083984375,991.7731323242188
105,12,916.9755249023438,958.4319458007812
105,13,913.44970703125,924.9922485351562
105,14,910.0703125,892.0308227539062
105,15,906.7454833984375,859.3903198242188
105,16,903.6650390625,826.968994140625
105,17,900.4136352539062,795.34228515625
105,18,962.6708984375,1054.8887939453125
105,19,958.862060546875,1021.6155395507812
105,20,954.9642944335938,988.1402587890625
105,21,951.0751953125,954.8840942382812
105,22,947.1978149414062,921.366943359375
105,23,943.4933471679688,888.67724609375
105,24,940.0391845703125,855.8923950195312
105,25,936.3246459960938,823.477294921875
105,26,932.8515014648438,792.064697265625
105,27,997.580078125,1050.544189453125
105,28,993.3468017578125,1017.2612915039062
105,29,989.280517578125,984.0289306640625
105,30,985.27294921875,950.8084106445312
105,31,981.2385864257812,917.4190063476562
105,32,977.0064086914062,884.614990234375
105,33,972.9590454101562,852.2372436523438
105,34,969.063232421875,819.9755249023438
105,35,965.1712646484375,788.8327026367188
105,36,1032.1060791015625,1045.728271484375
105,37,1027.87158203125,1012.6846923828125
105,38,1023.6763305664062,979.5372924804688
105,39,1019.23486328125,946.3305053710938
105,40,1014.6957397460938,912.9642333984375
105,41,1010.2935180664062,880.463623046875
105,42,1006.1841430664062,848.15283203125
105,43,1001.656982421875,816.1564331054688
105,44,997.20751953125,784.896240234375
105,45,1066.39990234375,1040.477294921875
105,46,1061.978759765625,1007.4461669921875
105,47,1057.4364013671875,974.413818359375
105,48,1052.857666015625,941.47607421875
105,49,1047.939697265625,908.6367797851562
105,50,1043.1995849609375,875.8358154296875
105,51,1038.766357421875,843.8085327148438
105,52,1033.9964599609375,811.9669189453125
105,53,1029.0152587890625,780.8375854492188
105,54,1099.9329833984375,1034.650146484375
105,55,1095.2476806640625,1001.976318359375
105,56,1090.3194580078125,968.9121704101562
105,57,1085.82861328125,936.4950561523438
105,58,1080.8760986328125,903.605712890625
105,59,1075.952880859375,871.1310424804688
105,60,1070.877685546875,839.1139526367188
105,61,1065.816650390625,807.7864379882812
105,62,1060.60205078125,776.7496337890625
106,0,993.326416015625,976.841064453125
106,1,964.6731567382812,952.5478515625
106,2,936.7108764648438,928.6493530273438
106,3,909.9915771484375,905.1468505859375
106,4,884.0153198242188,881.9194946289062
106,5,859.3984375,859.5906982421875
106,6,835.8992919921875,837.9096069335938
106,7,813.3214721679688,816.497314453125
106,8,791.8378295898438,795.8905029296875
106,9,1019.6488037109375,948.8900146484375
106,10,990.6685791015625,925.4639892578125
106,11,962.859375,902.5235595703125
106,12,935.858642578125,879.7771606445312
106,13,909.8511352539062,857.6737060546875
106,14,884.919677734375,835.9126586914062
106,15,861.1183471679688,814.7913208007812
106,16,838.0658569335938,794.1126098632812
106,17,816.4242553710938,774.2930297851562
106,18,1044.7364501953125,921.5635375976562
106,19,1016.0049438476562,898.9949951171875
106,20,988.066162109375,876.7255859375
106,21,961.0127563476562,855.0492553710938
106,22,934.8388671875,833.5070190429688
106,23,909.555419921875,812.62158203125
106,24,885.65478515625,791.8533935546875
106,25,862.540771484375,772.2293090820312
106,26,840.7169189453125,753.6483764648438
106,27,1068.953857421875,894.56494140625
106,28,1040.3111572265625,872.743896484375
106,29,1012.3339233398438,851.0941772460938
106,30,985.22314453125,830.294921875
106,31,959.1480102539062,809.5897216796875
106,32,933.9276123046875,789.668212890625
106,33,909.7891235351562,769.9146118164062
106,34,886.4344482421875,751.0375366210938
106,35,864.3726806640625,733.0637817382812
106,36,1092.239990234375,867.654052734375
106,37,1063.82275390625,846.6701049804688
106,38,1036.00927734375,826.137939453125
106,39,1008.9263916015625,805.7567138671875
106,40,982.6883544921875,786.2310180664062
106,41,957.336669921875,766.94091796875
106,42,933.0673828125,747.9244995117188
106,43,909.7846069335938,729.9354858398438
106,44,887.417236328125,712.6646728515625
106,45,1114.363525390625,841.7230224609375
106,46,1086.1397705078125,821.2388916015625
106,47,1058.4521484375,801.5206298828125
106,48,1031.610107421875,782.0347290039062
106,49,1005.2522583007812,763.1972045898438
106,50,980.0185546875,744.5243530273438
106,51,955.739990234375,726.2584838867188
106,52,932.2763061523438,708.9769897460938
106,53,909.7168579101562,692.5049438476562
106,54,1135.5875244140625,816.7482299804688
106,55,1107.689697265625,796.9917602539062
106,56,1080.0540771484375,777.733154296875
106,57,1053.223388671875,758.9769287109375
106,58,1027.1163330078125,740.6551513671875
106,59,1002.09130859375,722.869140625
106,60,977.6589965820312,705.6900634765625
106,61,954.0540771484375,688.910888671875
106,62,931.4072875976562,672.91796875
107,0,864.3424072265625,830.2633056640625
107,1,855.6129760742188,788.8621215820312
107,2,846.9066162109375,746.7689819335938
107,3,838.4251708984375,705.0626831054688
107,4,830.0718994140625,662.6426391601562
107,5,822.439697265625,621.1862182617188
107,6,814.87060546875,580.4859008789062
107,7,807.6162719726562,540.0431518554688
107,8,800.3438110351562,500.7467956542969
107,9,905.4066162109375,823.2816772460938
107,10,896.6954956054688,781.2794799804688
107,11,888.0797729492188,738.668701171875
107,12,879.1943359375,696.34765625
107,13,870.9857788085938,653.6708374023438
107,14,862.5289306640625,611.8283081054688
107,15,854.6788940429688,570.4952392578125
107,16,846.5736083984375,529.7681884765625
107,17,839.126953125,490.38775634765625
107,18,947.2907104492188,815.5861206054688
107,19,938.8515014648438,773.1591186523438
107,20,929.73291015625,730.2721557617188
107,21,921.1275024414062,687.7144165039062
107,22,911.8074951171875,644.3421020507812
107,23,903.6439819335938,602.3570556640625
107,24,894.9661865234375,560.428955078125
107,25,886.9083862304688,519.7247314453125
107,26,878.8711547851562,480.2782897949219
107,27,990.24951171875,807.5765991210938
107,28,981.1046142578125,764.5860595703125
107,29,972.4973754882812,721.3651123046875
107,30,963.52490234375,678.31201171875
107,31,954.5933227539062,635.1194458007812
107,32,945.4578857421875,592.7056274414062
107,33,936.7315673828125,550.6888427734375
107,34,927.966552734375,509.7933044433594
107,35,919.5599365234375,470.27972412109375
107,36,1033.5809326171875,798.8875732421875
107,37,1024.8974609375,755.7463989257812
107,38,1015.7667236328125,712.4473876953125
107,39,1006.7652587890625,669.046875
107,40,997.1972045898438,625.4903564453125
107,41,988.1384887695312,582.7888793945312
107,42,978.7391357421875,540.7724609375
107,43,969.7371215820312,499.8893127441406
107,44,960.7946166992188,460.10028076171875
107,45,1076.9952392578125,790.0486450195312
107,46,1068.1298828125,746.6976928710938
107,47,1059.206787109375,703.2007446289062
107,48,1049.723388671875,659.4656982421875
107,49,1040.338134765625,616.1954345703125
107,50,1030.6934814453125,573.1687622070312
107,51,1021.068359375,531.0753173828125
107,52,1011.3667602539062,489.83416748046875
107,53,1001.8534545898438,450.20953369140625
107,54,1119.87060546875,780.6431884765625
107,55,1111.5594482421875,737.159912109375
107,56,1102.6015625,693.5420532226562
107,57,1093.0867919921875,649.8970336914062
107,58,1083.1376953125,606.3501586914062
107,59,1073.4168701171875,563.427001953125
107,60,1063.16748046875,521.52587890625
107,61,1053.3057861328125,480.0893859863281
107,62,1043.1903076171875,440.6065368652344
108,0,840.8965454101562,1013.7988891601562
108,1,842.6483154296875,974.01953125
108,2,844.6649780273438,932.7737426757812
108,3,846.7677001953125,890.3817749023438
108,4,848.9451904296875,847.0595703125
108,5,851.6419067382812,803.0714721679688
108,6,854.4193725585938,758.6134643554688
108,7,856.7724609375,713.9083251953125
108,8,859.918212890625,669.28662109375
108,9,882.9144897460938,1020.335693359375
108,10,885.00439453125,980.0418090820312
108,11,887.4990234375,938.2739868164062
108,12,889.828125,895.571533203125
108,13,892.4253540039062,851.3766479492188
108,14,894.897705078125,806.790283203125
108,15,897.5438842773438,761.90966796875
108,16,900.1636352539062,716.5595703125
108,17,902.8373413085938,671.2841186523438
108,18,925.8096313476562,1025.69873046875
108,19,928.5308837890625,985.3390502929688
108,20,931.2133178710938,943.32568359375
108,21,933.948974609375,900.1774291992188
108,22,936.7030029296875,855.3112182617188
108,23,939.4219360351562,810.3152465820312
108,24,942.0550537109375,764.9364013671875
108,25,944.7096557617188,718.9609985351562
108,26,947.66552734375,673.0656127929688
108,27,969.9895629882812,1030.9993896484375
108,28,972.9905395507812,990.1254272460938
108,29,976.0108032226562,947.9513549804688
108,30,979.1661987304688,904.0348510742188
108,31,982.22021484375,859.24267578125
108,32,985.1211547851562,813.6488037109375
108,33,987.6416625976562,767.6777954101562
108,34,990.4518432617188,721.0635375976562
108,35,992.8064575195312,675.1317749023438
108,36,1014.3782958984375,1035.2064208984375
108,37,1018.522705078125,994.3109130859375
108,38,1021.7977294921875,951.4194946289062
108,39,1025.1624755859375,907.8093872070312
108,40,1028.2039794921875,862.2374267578125
108,41,1031.4122314453125,816.460693359375
108,42,1034.324462890625,770.1182250976562
108,43,1036.7294921875,723.3483276367188
108,44,1039.2236328125,676.5994262695312
108,45,1059.376708984375,1039.363525390625
108,46,1063.7220458984375,997.9693603515625
108,47,1067.5079345703125,955.2457885742188
108,48,1071.296630859375,910.935546875
108,49,1074.86181640625,865.2611083984375
108,50,1078.041015625,818.9909057617188
108,51,1080.89599609375,772.3089599609375
108,52,1083.265380859375,725.192138671875
108,53,1085.175048828125,678.5034790039062
108,54,1104.6436767578125,1041.768310546875
108,55,1109.2000732421875,1000.6638793945312
108,56,1113.6793212890625,957.6190795898438
108,57,1117.6246337890625,913.5299682617188
108,58,1121.45703125,867.7440185546875
108,59,1124.6876220703125,821.2960815429688
108,60,1127.632080078125,774.3722534179688
108,61,1129.912353515625,727.050048828125
108,62,1131.896240234375,679.9389038085938
109,0,1007.1019897460938,982.0081176757812
109,1,980.1907958984375,958.783447265625
109,2,953.71142578125,935.4759521484375
109,3,928.1192016601562,912.4620361328125
109,4,903.0127563476562,889.5989379882812
109,5,878.9190673828125,867.2630004882812
109,6,855.7725219726562,845.51025390625
109,7,833.3687133789062,823.8856201171875
109,8,811.8844604492188,802.7781372070312
109,9,1031.5262451171875,956.021240234375
109,10,1004.5942993164062,933.293212890625
109,11,978.1193237304688,910.9773559570312
109,12,952.3961181640625,888.6365966796875
109,13,927.449951171875,866.6322631835938
109,14,903.2719116210938,844.8375854492188
109,15,879.9297485351562,823.4526977539062
109,16,857.3474731445312,802.393310546875
109,17,835.619873046875,782.1630249023438
109,18,1054.9404296875,930.6243896484375
109,19,1028.085693359375,908.7227172851562
109,20,1001.9129638671875,886.7804565429688
109,21,976.2418823242188,865.1842041015625
109,22,951.1568603515625,843.7760620117188
109,23,926.9165649414062,822.6173095703125
109,24,903.362060546875,801.7318725585938
109,25,880.8671264648438,781.6640625
109,26,858.9938354492188,762.20849609375
109,27,1077.4393310546875,905.5692138671875
109,28,1050.8447265625,884.140869140625
109,29,1024.8162841796875,862.7893676757812
109,30,999.1384887695312,841.9882202148438
109,31,973.9591674804688,821.2686767578125
109,32,949.939453125,800.9644165039062
109,33,926.389892578125,780.7869262695312
109,34,903.74365234375,761.2571411132812
109,35,881.863525390625,742.527587890625
109,36,1099.2822265625,880.5202026367188
109,37,1072.9017333984375,859.829345703125
109,38,1046.858154296875,839.3588256835938
109,39,1021.4832153320312,818.933837890625
109,40,996.4061889648438,799.0320434570312
109,41,972.1598510742188,779.3412475585938
109,42,948.7635498046875,759.7584228515625
109,43,925.990478515625,741.1385498046875
109,44,903.9927978515625,723.0004272460938
109,45,1120.072509765625,856.3511352539062
109,46,1093.986572265625,836.0237426757812
109,47,1068.1123046875,816.1475219726562
109,48,1042.904052734375,796.549560546875
109,49,1017.985595703125,777.2672729492188
109,50,993.8016967773438,758.09814453125
109,51,970.3668823242188,739.2586059570312
109,52,947.6473999023438,721.1619873046875
109,53,925.5315551757812,703.6859741210938
109,54,1139.93994140625,833.080810546875
109,55,1114.04931640625,813.3071899414062
109,56,1088.6414794921875,793.9293212890625
109,57,1063.515380859375,774.8678588867188
109,58,1038.8441162109375,755.9024658203125
109,59,1014.6568603515625,737.5680541992188
109,60,991.195556640625,719.6633911132812
109,61,968.80078125,701.9907836914062
109,62,946.364013671875,684.9522705078125
110,0,823.6632690429688,1028.805908203125
110,1,806.148681640625,1004.49072265625
110,2,789.1878662109375,980.4779052734375
110,3,772.7438354492188,957.093994140625
110,4,757.1105346679688,934.04296875
110,5,742.3262329101562,911.8959350585938
110,6,728.2797241210938,890.1264038085938
110,7,714.7041625976562,869.0493774414062
110,9,849.5309448242188,1010.8848876953125
110,10,831.55615234375,986.9403076171875
110,11,814.3395385742188,963.7101440429688
110,12,797.657470703125,940.623779296875
110,13,781.80322265625,918.1351928710938
110,14,766.6316528320312,896.1273803710938
110,15,751.9412841796875,874.9013061523438
110,16,737.9760131835938,853.7547607421875
110,18,875.231201171875,992.9328002929688
110,19,857.0167236328125,969.3983764648438
110,20,839.1209106445312,946.3628540039062
110,21,822.22265625,923.9798583984375
110,22,805.9751586914062,901.8612670898438
110,23,790.3280639648438,880.2982177734375
110,24,775.3031005859375,859.14306640625
110,27,900.6026000976562,974.782958984375
110,28,881.9036254882812,951.6771850585938
110,29,864.0408935546875,928.956298828125
110,30,846.8533325195312,907.1543579101562
110,31,830.2073974609375,885.3380126953125
110,32,814.3212890625,864.57958984375
110,33,798.6304321289062,843.9036865234375
110,36,925.6393432617188,956.1622924804688
110,37,906.8800048828125,933.661865234375
110,38,888.3989868164062,911.5062255859375
110,39,870.935791015625,889.9577026367188
110,40,853.9195556640625,869.0062255859375
110,45,950.0469970703125,937.8651123046875
110,46,930.9083862304688,915.5017700195312
110,47,912.494384765625,894.104248046875
110,48,894.66845703125,873.0435180664062
110,49,877.4207153320312,852.4295043945312
110,54,974.2131958007812,919.7113037109375
110,55,954.928466796875,897.9851684570312
110,56,935.9302368164062,876.7401733398438
110,57,918.04052734375,856.1355590820312
110,58,900.4508056640625,835.8353271484375
111,0,1066.2860107421875,650.1926879882812
111,1,1031.71875,628.7028198242188
111,2,997.1248168945312,607.2298583984375
111,3,962.7106323242188,586.1672973632812
111,4,928.7551879882812,564.88671875
111,5,895.3939208984375,544.57763671875
111,6,862.8568725585938,524.5185546875
111,7,831.5280151367188,504.6661682128906
111,8,800.5607299804688,485.2796630859375
111,9,1076.9168701171875,630.8585205078125
111,10,1043.6298828125,610.2571411132812
111,11,1010.3265380859375,590.12353515625
111,12,977.3873901367188,569.7791137695312
111,13,944.4625854492188,549.7080688476562
111,14,912.60205078125,530.1962890625
111,15,881.4443359375,510.8411560058594
111,16,850.7090454101562,491.3814392089844
111,17,820.8428344726562,473.1698303222656
111,18,1086.0234375,613.5215454101562
111,19,1054.1810302734375,593.9005737304688
111,20,1022.5391235351562,574.31103515625
111,21,990.8362426757812,555.078125
111,22,959.2279052734375,535.8688354492188
111,23,928.495849609375,516.8150634765625
111,24,898.3798217773438,497.9053649902344
111,25,868.1383666992188,479.90325927734375
111,26,839.5089111328125,463.091552734375
111,27,1094.68408203125,597.4463500976562
111,28,1064.2357177734375,578.3670043945312
111,36,1102.9832763671875,581.8895874023438
111,37,1073.5740966796875,563.7208862304688
111,45,1110.519775390625,567.9236450195312
111,46,1082.35791015625,549.8973999023438
112,0,505.12249755859375,290.82916259765625
112,1,491.2217712402344,294.1153564453125
112,2,475.9372253417969,296.69757080078125
112,3,461.16986083984375,299.10711669921875
112,4,446.260009765625,301.5714111328125
112,5,431.1634826660156,303.891357421875
112,6,415.8794860839844,307.15008544921875
112,7,399.4652099609375,308.69757080078125
112,8,385.8323974609375,311.407470703125
112,9,500.516357421875,276.65313720703125
112,10,487.4192199707031,280.1339416503906
112,11,473.2828674316406,282.3795166015625
112,12,458.3669128417969,284.6228332519531
112,13,443.5636291503906,287.1925048828125
112,14,428.20562744140625,290.10565185546875
112,15,413.54107666015625,292.5447692871094
112,16,398.555908203125,295.0231628417969
112,17,383.8885192871094,297.48065185546875
112,18,497.9516906738281,264.08673095703125
112,19,484.26446533203125,266.2355041503906
112,20,469.87493896484375,268.9222412109375
112,21,455.43377685546875,271.3868713378906
112,22,441.068603515625,273.7384948730469
112,23,426.1949768066406,275.5543212890625
112,24,411.1864929199219,278.18603515625
112,25,396.5000915527344,281.0685729980469
112,26,381.96844482421875,283.0730895996094
112,27,495.0932312011719,250.46607971191406
112,28,480.807373046875,253.23150634765625
112,31,438.1614990234375,260.0995788574219
112,32,423.30218505859375,262.75567626953125
112,33,409.2893371582031,265.19073486328125
112,34,394.4323425292969,267.5885314941406
112,35,380.471435546875,269.59619140625
112,36,491.54339599609375,238.00877380371094
112,37,477.93902587890625,240.21530151367188
112,40,435.7738037109375,246.9191436767578
112,43,392.8015441894531,254.35748291015625
112,44,378.28765869140625,256.8694152832031
112,45,488.3315124511719,226.2241668701172
112,46,474.9623107910156,227.85357666015625
112,52,390.984375,241.54931640625
112,61,389.515380859375,229.39476013183594
113,1,409.6705017089844,470.4811096191406
113,2,397.199462890625,464.40509033203125
113,7,339.43768310546875,433.67767333984375
113,8,329.2605895996094,428.3652648925781
113,10,416.164794921875,458.15740966796875
113,11,402.9152526855469,451.6731872558594
113,16,346.466796875,424.0531921386719
113,19,421.96759033203125,446.697021484375
113,20,410.01220703125,441.1374816894531
113,21,397.38519287109375,434.590576171875
113,29,416.0603942871094,429.72393798828125
113,30,404.0152893066406,424.1925354003906
113,45,451.44830322265625,415.75665283203125
113,58,410.0800476074219,386.6240234375
114,0,980.3363037109375,986.2318725585938
114,1,959.1875,968.0228271484375
114,2,938.2244873046875,949.894775390625
114,3,917.9892578125,931.912353515625
114,4,898.0564575195312,913.9813232421875
114,5,878.9086303710938,896.4308471679688
114,9,999.7404174804688,966.095458984375
114,10,978.5421752929688,948.322021484375
114,11,957.7864990234375,930.789794921875
114,12,937.4197387695312,913.1821899414062
114,13,917.4924926757812,895.8046264648438
114,14,898.1849365234375,878.6658325195312
114,15,879.3822021484375,861.6002197265625
114,16,861.0460815429688,844.754150390625
114,18,1018.4724731445312,946.30908203125
114,19,997.4094848632812,929.0007934570312
114,20,976.6527709960938,911.8369140625
114,23,917.0836181640625,860.945068359375
114,24,898.2269287109375,844.2402954101562
114,25,879.8818969726562,827.9805297851562
114,27,1036.814697265625,926.7594604492188
114,28,1015.8165283203125,909.7974243164062
114,29,995.0331420898438,892.886962890625
114,36,1054.732177734375,907.0365600585938
114,37,1033.63525390625,890.7191162109375
114,38,1013.0352172851562,874.315185546875
114,39,992.8854370117188,857.9869995117188
114,45,1071.807861328125,888.0421752929688
114,46,1050.9735107421875,871.8392944335938
114,47,1030.365234375,855.937255859375
114,48,1010.2916870117188,840.1305541992188
115,0,1006.4175415039062,977.4189453125
115,1,978.9054565429688,953.3447265625
115,2,952.0929565429688,929.3968505859375
115,3,926.1008911132812,905.8678588867188
115,4,900.8246459960938,882.3226928710938
115,5,876.7852172851562,859.7344970703125
115,6,853.5227661132812,837.482421875
115,7,831.1236572265625,815.470458984375
115,8,809.7984008789062,794.1527709960938
115,9,1031.8466796875,951.3259887695312
115,10,1004.2365112304688,927.999755859375
115,11,977.5475463867188,904.956298828125
115,12,951.5870361328125,882.0140991210938
115,13,926.25732421875,859.3967895507812
115,14,902.052978515625,837.3316650390625
115,15,878.696044921875,815.6761474609375
115,16,855.9485473632812,794.3486938476562
115,17,834.3871459960938,774.0790405273438
115,18,1056.0743408203125,925.8353881835938
115,19,1028.887939453125,903.1480102539062
115,20,1002.1632080078125,880.6987915039062
115,21,976.1500854492188,858.7601318359375
115,22,950.8272094726562,836.8405151367188
115,23,926.4091186523438,815.3385009765625
115,24,902.9818115234375,794.2546997070312
115,25,880.2667846679688,773.8501586914062
115,26,858.52783203125,754.560791015625
115,27,1079.646728515625,900.614013671875
115,28,1052.469970703125,878.5518188476562
115,29,1025.9000244140625,856.753662109375
115,30,999.9881591796875,835.4681396484375
115,31,974.580810546875,814.4813232421875
115,32,950.1320190429688,793.9912109375
115,33,926.7581787109375,773.6239624023438
115,34,903.9154052734375,753.9158935546875
115,35,882.1000366210938,735.2299194335938
115,36,1102.13916015625,875.5643920898438
115,37,1075.206298828125,854.4024047851562
115,38,1048.7039794921875,833.3818359375
115,39,1022.969482421875,812.70703125
115,40,997.7684936523438,792.628173828125
115,41,973.3045043945312,772.6296997070312
115,42,949.8809204101562,753.03515625
115,43,926.851806640625,734.2644653320312
115,44,905.017578125,716.169677734375
115,45,1123.6214599609375,851.52392578125
115,46,1097.026611328125,830.6541137695312
115,47,1070.8084716796875,810.38134765625
115,48,1045.132080078125,790.4356689453125
115,49,1019.7731323242188,771.1824951171875
115,50,995.6817626953125,751.776123046875
115,51,972.0369262695312,732.7613525390625
115,52,949.1219482421875,714.723876953125
115,53,927.1641235351562,697.2735595703125
115,54,1143.84033203125,828.1123657226562
115,55,1117.5211181640625,808.146484375
115,56,1091.71484375,788.3329467773438
115,57,1066.20361328125,769.0217895507812
115,58,1041.2384033203125,749.957763671875
115,59,1017.1001586914062,731.5550537109375
115,60,993.5169677734375,713.4981079101562
115,61,970.55419921875,695.95849609375
115,62,948.4619750976562,678.964599609375
116,0,992.8571166992188,984.9560546875
116,1,971.564697265625,966.0399780273438
116,2,950.487548828125,947.6710205078125
116,3,930.2901611328125,929.388916015625
116,4,910.4358520507812,911.1570434570312
116,5,891.5181274414062,893.677490234375
116,6,873.0217895507812,876.2217407226562
116,7,855.2052612304688,859.1238403320312
116,9,1013.21533203125,964.1504516601562
116,10,991.7160034179688,946.046875
116,11,970.8726806640625,928.2289428710938
116,12,950.4680786132812,910.296630859375
116,15,893.0233154296875,858.5609741210938
116,16,874.7901000976562,841.8734130859375
116,18,1033.0301513671875,944.0427856445312
116,19,1011.5390014648438,926.1890869140625
116,20,990.5645141601562,908.8414916992188
116,24,912.16796875,840.9652099609375
116,25,893.8948364257812,824.8419189453125
116,27,1052.1708984375,923.8817138671875
116,28,1030.71435546875,906.76806640625
116,29,1009.8486938476562,889.416015625
116,36,1070.8792724609375,903.8428955078125
116,51,967.9368896484375,789.6881713867188
117,0,833.760009765625,966.7975463867188
117,1,834.15576171875,925.72509765625
117,2,834.717041015625,883.4739379882812
117,3,835.38623046875,840.2916259765625
117,4,836.3394165039062,796.1449584960938
117,5,837.6528930664062,751.6309204101562
117,6,839.0966186523438,707.0759887695312
117,7,840.1815185546875,662.3831176757812
117,8,842.2451782226562,617.9497680664062
117,9,876.0045776367188,971.5969848632812
117,10,876.6776733398438,930.0010375976562
117,11,877.6448364257812,887.1494750976562
117,12,878.5690307617188,843.4146728515625
117,13,879.7545166015625,798.692138671875
117,14,880.8719482421875,753.4755859375
117,15,882.050048828125,708.3224487304688
117,16,883.3717041015625,662.9635009765625
117,17,884.7613525390625,618.017578125
117,18,919.36669921875,975.5770263671875
117,19,920.2835693359375,933.6219482421875
117,20,921.6453247070312,890.3433227539062
117,21,922.714599609375,846.432373046875
117,22,924.0980224609375,800.7689819335938
117,23,925.1758422851562,755.3059692382812
117,24,926.2852172851562,709.3356323242188
117,25,927.7249145507812,663.3604736328125
117,26,929.43994140625,618.1832275390625
117,27,963.5712890625,979.1710815429688
117,28,965.081298828125,936.6445922851562
117,29,966.6229858398438,893.510498046875
117,30,968.2152099609375,848.5402221679688
117,31,969.5570068359375,802.9077758789062
117,32,970.9431762695312,756.741943359375
117,33,971.92333984375,710.6368408203125
117,34,973.2490234375,664.0267944335938
117,35,974.21240234375,618.23681640625
117,36,1008.7295532226562,981.98974609375
117,37,1010.8751220703125,939.4608154296875
117,38,1012.7021484375,895.5018920898438
117,39,1014.4006958007812,850.824462890625
117,40,1015.9050903320312,804.2604370117188
117,41,1017.2351684570312,758.0068359375
117,42,1018.3563232421875,711.1604614257812
117,43,1019.3641967773438,664.5158081054688
117,44,1020.1859130859375,618.1901245117188
117,45,1054.2001953125,984.3560180664062
117,46,1056.7099609375,941.7662353515625
117,47,1058.90283203125,897.6068115234375
117,48,1060.87060546875,852.2586669921875
117,49,1062.54833984375,805.8428344726562
117,50,1063.9532470703125,758.8631591796875
117,51,1064.995849609375,711.99560546875
117,52,1065.94482421875,664.8056030273438
117,53,1066.223876953125,618.269287109375
117,54,1099.739013671875,985.5595092773438
117,55,1102.5865478515625,943.0466918945312
117,56,1105.2410888671875,898.8743286132812
117,57,1107.3126220703125,853.432861328125
117,58,1109.3367919921875,806.7991943359375
117,59,1110.692626953125,759.7869873046875
117,60,1111.9815673828125,712.5118408203125
117,61,1112.3992919921875,665.2993774414062
117,62,1112.6121826171875,618.44140625
118,0,795.6806640625,978.0010986328125
118,1,775.1793212890625,957.807373046875
118,2,755.604736328125,938.14208984375
118,6,685.440673828125,864.0032348632812
118,9,817.7366333007812,957.1097412109375
118,10,797.0873413085938,937.6513061523438
118,11,777.3946533203125,918.7138671875
118,14,722.6929321289062,863.8413696289062
118,15,706.0277099609375,846.2869873046875
118,18,839.2879028320312,936.6221313476562
118,19,818.6220092773438,917.734619140625
118,20,798.6445922851562,899.152099609375
118,21,779.5965576171875,881.0151977539062
118,22,761.010986328125,863.3109741210938
118,23,743.1614379882812,845.9246826171875
118,24,726.2179565429688,828.8173828125
118,25,710.0703735351562,812.2459716796875
118,27,860.864501953125,916.1657104492188
118,28,839.7847290039062,897.8358154296875
118,29,819.5890502929688,879.649169921875
118,30,800.3121337890625,862.1564331054688
118,31,781.5115356445312,845.072509765625
118,32,763.80712890625,828.1690063476562
118,33,746.7666015625,811.5863037109375
118,34,730.0664672851562,795.816650390625
118,36,881.7261352539062,895.5823974609375
118,37,860.6736450195312,877.8167724609375
118,38,840.3132934570312,860.4193115234375
118,39,820.7433471679688,843.1934204101562
118,40,801.984375,826.820068359375
118,41,783.9356079101562,810.30322265625
118,42,766.4892578125,794.3087768554688
118,45,902.0030517578125,875.625
118,46,880.9019165039062,858.0174560546875
118,49,822.00341796875,808.7994384765625
118,50,803.807373046875,792.6580810546875
118,51,785.9833984375,777.1259155273438
118,54,922.0779418945312,855.9347534179688
118,55,900.9674072265625,838.9254760742188
119,0,1014.4482421875,991.390380859375
119,1,989.9182739257812,971.1640625
119,2,966.1118774414062,950.9763793945312
119,3,942.7027587890625,931.1103515625
119,4,919.963623046875,911.10693359375
119,5,898.1004638671875,891.8285522460938
119,6,876.8035278320312,872.7691650390625
119,7,856.308837890625,853.8060913085938
119,8,836.3360595703125,835.2073974609375
119,9,1035.9365234375,968.5135498046875
119,10,1011.5350952148438,948.8119506835938
119,11,987.5829467773438,929.4183959960938
119,12,964.4071044921875,909.9329223632812
119,13,941.6533203125,890.917236328125
119,14,919.538330078125,871.900634765625
119,15,898.2572631835938,853.2225341796875
119,16,877.673095703125,834.8645629882812
119,18,1056.5015869140625,946.1775512695312
119,19,1032.2760009765625,926.985595703125
119,20,1008.4013061523438,908.038818359375
119,21,985.3304443359375,889.4109497070312
119,22,962.4443359375,870.6920776367188
119,23,940.607177734375,852.292236328125
119,24,919.1785278320312,834.0496826171875
119,27,1076.2662353515625,923.99853515625
119,28,1052.240234375,905.4741821289062
119,29,1028.7490234375,886.96875
119,30,1005.4459228515625,868.9453735351562
119,31,983.027099609375,850.9080200195312
119,32,960.9912109375,833.1150512695312
119,36,1095.5997314453125,901.9913940429688
119,37,1071.669677734375,884.0767211914062
119,38,1048.2152099609375,866.2338256835938
119,39,1025.196044921875,848.5172729492188
119,40,1002.7411499023438,831.2855224609375
119,41,980.7766723632812,814.1107788085938
119,45,1113.9813232421875,880.7665405273438
119,46,1090.370361328125,863.0805053710938
119,47,1067.1072998046875,845.889892578125
119,48,1044.1461181640625,828.9205322265625
119,49,1021.6129760742188,812.0777587890625
119,50,999.8186645507812,795.3372192382812
119,51,978.4099731445312,778.8886108398438
119,52,957.8527221679688,762.9739379882812
119,54,1131.4317626953125,860.2191162109375
119,55,1107.926025390625,843.1365356445312
119,56,1084.8797607421875,826.269775390625
120,0,849.4862060546875,1070.9063720703125
120,1,850.35888671875,1032.92919921875
120,2,851.2337036132812,993.669677734375
120,3,852.4606323242188,953.1556396484375
120,4,853.4779052734375,911.7445068359375
120,5,854.9778442382812,869.5316772460938
120,6,856.79052734375,826.9220581054688
120,7,858.0822143554688,783.7332763671875
120,8,860.0518798828125,740.5922241210938
120,9,890.3616943359375,1076.2412109375
120,10,891.607666015625,1037.86669921875
120,11,892.8272705078125,998.1411743164062
120,12,894.3453979492188,957.3721923828125
120,13,895.739013671875,915.1683959960938
120,14,897.1796875,872.4616088867188
120,15,898.7008666992188,829.4291381835938
120,16,900.1368408203125,785.6476440429688
120,17,901.85791015625,741.9598388671875
120,18,932.2997436523438,1080.5335693359375
120,19,933.9844970703125,1042.0546875
120,20,935.7098388671875,1002.0449829101562
120,21,937.2265014648438,960.851806640625
120,22,938.8018798828125,918.1771240234375
120,23,940.2412719726562,875.2695922851562
120,24,941.8720703125,831.5480346679688
120,25,943.178466796875,787.3002319335938
120,26,945.0794067382812,743.012451171875
120,27,975.194091796875,1084.5506591796875
120,28,977.0244140625,1045.565673828125
120,29,978.964599609375,1005.4848022460938
120,30,980.8297729492188,963.3529663085938
120,31,982.6917724609375,921.0451049804688
120,32,984.545654296875,877.2149658203125
120,33,986.0105590820312,833.3301391601562
120,34,987.6316528320312,788.6396484375
120,35,988.8513793945312,744.18701171875
120,36,1018.621337890625,1087.7713623046875
120,37,1021.0501098632812,1048.514404296875
120,38,1023.2755737304688,1007.9413452148438
120,39,1025.5233154296875,966.1643676757812
120,40,1027.523681640625,922.7255859375
120,41,1029.3275146484375,878.984130859375
120,42,1030.947021484375,834.658203125
120,43,1032.2056884765625,789.8199462890625
120,44,1033.8253173828125,744.8634033203125
120,45,1062.1475830078125,1090.0621337890625
120,46,1065.0843505859375,1050.929931640625
120,47,1067.8604736328125,1010.0372314453125
120,48,1070.1446533203125,967.88916015625
120,49,1072.45068359375,924.410400390625
120,50,1074.398681640625,880.257568359375
120,51,1075.9290771484375,835.8236083984375
120,52,1077.2711181640625,790.2588500976562
120,53,1078.314453125,745.211669921875
120,54,1105.7794189453125,1090.96533203125
120,55,1109.192626953125,1051.91552734375
120,56,1112.18212890625,1011.0692138671875
120,57,1114.828857421875,969.0519409179688
120,58,1117.3780517578125,925.29296875
120,59,1119.287353515625,881.2046508789062
120,60,1121.138427734375,836.2379150390625
120,61,1122.29638671875,790.9373168945312
120,62,1123.1793212890625,745.5189208984375
121,0,1060.1048583984375,661.3328857421875
121,1,1027.9129638671875,637.9979248046875
121,2,995.5477905273438,614.5807495117188
121,3,963.5110473632812,591.4458618164062
121,4,931.8247680664062,568.1079711914062
121,5,900.6226806640625,545.9053955078125
121,6,870.03369140625,523.8873291015625
121,7,840.2996826171875,501.9926452636719
121,8,811.4420166015625,480.87225341796875
121,9,1073.9400634765625,639.9639282226562
121,10,1042.8389892578125,617.5301513671875
121,11,1011.6063232421875,595.3158569335938
121,12,980.7369384765625,573.02880859375
121,13,949.842041015625,551.1681518554688
121,14,919.7632446289062,529.3797607421875
121,15,890.3575439453125,508.0556640625
121,16,861.4754638671875,486.8293151855469
121,17,833.277099609375,466.9259948730469
121,18,1086.1171875,620.732177734375
121,19,1056.2401123046875,599.1155395507812
121,20,1026.2425537109375,577.4600830078125
121,21,996.4673461914062,556.2978515625
121,22,966.7567138671875,535.0913696289062
121,23,937.7056274414062,514.1051025390625
121,24,909.3040161132812,493.1817932128906
121,25,881.0596923828125,473.2914123535156
121,26,853.4037475585938,454.60736083984375
121,27,1097.6011962890625,602.6563720703125
121,28,1068.941162109375,581.6759033203125
121,29,1040.2708740234375,560.593017578125
121,30,1011.283935546875,540.4661254882812
121,31,982.5475463867188,520.1029663085938
121,32,954.217041015625,500.1341857910156
121,35,872.2978515625,442.7687072753906
121,36,1108.7255859375,585.1088256835938
121,37,1080.791015625,565.0094604492188
121,38,1052.9188232421875,545.1569213867188
121,47,1064.99951171875,530.3900756835938
122,0,505.7383117675781,299.4290771484375
122,1,491.28363037109375,302.1372375488281
122,2,476.4668273925781,305.1683349609375
122,3,462.0330810546875,307.8518371582031
122,4,446.95147705078125,310.06341552734375
122,5,432.08819580078125,312.9995422363281
122,6,417.06884765625,316.06341552734375
122,7,402.2055358886719,318.06195068359375
122,8,387.0364074707031,320.98419189453125
122,9,502.2389831542969,285.11846923828125
122,10,488.0785827636719,287.3699645996094
122,11,473.67755126953125,290.3125915527344
122,12,458.72125244140625,293.1983947753906
122,13,444.0220031738281,296.0827941894531
122,14,429.1588439941406,298.70257568359375
122,15,414.3177490234375,301.2832336425781
122,16,399.6304931640625,304.2106018066406
122,17,384.57952880859375,306.65301513671875
122,18,499.0933532714844,270.81866455078125
122,19,483.9078369140625,272.910400390625
122,20,470.0838928222656,276.25201416015625
122,21,456.1765441894531,279.1410827636719
122,22,441.1705017089844,281.6364440917969
122,23,425.68585205078125,283.8397216796875
122,24,411.97454833984375,286.8929138183594
122,25,397.2259826660156,289.03045654296875
122,26,382.1507873535156,292.4114685058594
122,27,495.6282043457031,257.23797607421875
122,28,481.3792724609375,259.8652038574219
122,29,467.3732604980469,262.2326354980469
122,30,453.063232421875,264.44781494140625
122,31,437.7660217285156,266.8170166015625
122,32,424.0303039550781,269.9638671875
122,33,409.63177490234375,272.9254455566406
122,34,394.962158203125,275.0775146484375
122,35,380.43463134765625,278.4613952636719
122,39,450.1764221191406,251.09605407714844
122,40,436.0716247558594,253.87130737304688
122,41,421.43621826171875,256.359619140625
122,42,407.0312805175781,258.017578125
122,43,391.86566162109375,260.782958984375
122,44,378.0,263.90625
122,48,447.2168273925781,237.77748107910156
122,49,433.21112060546875,240.0469512939453
122,50,419.0520324707031,243.0907745361328
122,53,376.3097839355469,251.098388671875
122,55,472.2703857421875,220.07215881347656
122,56,457.9813537597656,222.582275390625
122,57,444.6625061035156,224.90274047851562
122,58,430.5057678222656,227.49832153320312
122,59,415.684814453125,229.352294921875
122,62,374.71966552734375,237.97076416015625
123,0,854.4384765625,1076.547119140625
123,1,855.216796875,1038.8572998046875
123,2,856.2177124023438,999.7745361328125
123,3,857.1005249023438,959.7518920898438
123,4,858.2359619140625,918.6265869140625
123,5,859.6583862304688,876.926025390625
123,6,861.1146850585938,835.0916748046875
123,7,862.3413696289062,792.7045288085938
123,8,864.0278930664062,750.5955200195312
123,9,895.0406494140625,1081.505126953125
123,10,896.1220092773438,1043.2613525390625
123,11,897.2804565429688,1003.7140502929688
123,12,898.497314453125,963.1646118164062
123,13,899.87255859375,921.666259765625
123,14,900.9525756835938,879.5316772460938
123,15,902.4188842773438,837.0617065429688
123,16,903.6668090820312,794.24951171875
123,17,904.8844604492188,751.4402465820312
123,18,936.49609375,1085.2608642578125
123,19,938.0557250976562,1047.037841796875
123,20,939.4712524414062,1007.0457153320312
123,21,940.8687744140625,966.2653198242188
123,22,942.2366333007812,924.233154296875
123,23,943.4791259765625,881.8988647460938
123,24,944.7139892578125,838.910400390625
123,25,945.9440307617188,795.4859619140625
123,26,947.4296875,752.2062377929688
123,27,979.159912109375,1088.7119140625
123,28,980.6419677734375,1049.9669189453125
123,29,982.33056640625,1009.9711303710938
123,30,983.9541015625,968.6842041015625
123,31,985.5193481445312,926.3186645507812
123,32,986.9364624023438,883.3895874023438
123,33,988.1035766601562,840.2018432617188
123,34,989.2095336914062,796.3786010742188
123,35,990.1661987304688,752.9249877929688
123,36,1022.0709228515625,1091.390869140625
123,37,1024.183837890625,1052.463623046875
123,38,1026.1422119140625,1012.031494140625
123,39,1027.7969970703125,970.69287109375
123,40,1029.472412109375,927.8375854492188
123,41,1030.9560546875,884.6181640625
123,42,1032.1839599609375,841.009033203125
123,43,1033.0234375,797.129638671875
123,44,1034.1973876953125,753.164794921875
123,45,1065.297119140625,1093.25439453125
123,46,1067.5958251953125,1054.227783203125
123,47,1069.9444580078125,1013.6248168945312
123,48,1071.999267578125,971.9179077148438
123,49,1073.6568603515625,928.8816528320312
123,50,1075.23681640625,885.5084228515625
123,51,1076.4061279296875,841.7001342773438
123,52,1077.187255859375,797.2115478515625
123,53,1077.669921875,753.1262817382812
123,54,1108.324951171875,1093.943603515625
123,55,1111.372314453125,1054.8546142578125
123,56,1113.775634765625,1014.1392211914062
123,57,1115.9658203125,972.4536743164062
123,58,1117.910400390625,929.2738037109375
123,59,1119.3424072265625,885.7960815429688
123,60,1120.7513427734375,841.6976318359375
123,61,1121.148681640625,797.1784057617188
123,62,1121.565185546875,752.890869140625
124,4,436.9662170410156,254.73887634277344
124,7,386.33123779296875,260.29296875
124,8,369.093994140625,262.167724609375
124,9,498.05560302734375,237.5580291748047
124,10,482.251708984375,238.77821350097656
124,11,467.3155822753906,241.0354461669922
124,12,450.9336853027344,242.4503936767578
124,13,434.4109802246094,244.97593688964844
124,16,385.5873718261719,249.92349243164062
124,17,369.0738830566406,252.00714111328125
124,23,416.8133544921875,236.86395263671875
124,24,400.39923095703125,238.0762939453125
124,32,415.6227111816406,227.67001342773438
124,38,457.72711181640625,214.06825256347656
124,41,413.9949951171875,219.32521057128906
124,46,468.8733825683594,204.5904541015625
125,2,551.8759155273438,273.2781677246094
125,5,503.4432678222656,279.88348388671875
125,6,486.8551330566406,281.804443359375
125,7,470.4486083984375,283.1236877441406
125,8,452.9450378417969,285.4582214355469
125,10,562.2178955078125,260.8467102050781
125,11,547.6813354492188,263.8216247558594
125,14,500.7645263671875,268.9718933105469
125,15,484.632080078125,271.1968688964844
125,16,468.6202392578125,272.69390869140625
125,17,452.03515625,275.0535888671875
125,18,571.75,249.72946166992188
125,21,528.8202514648438,255.89501953125
125,22,513.3504638671875,257.1772155761719
125,25,467.41265869140625,262.6136474609375
125,26,451.761474609375,264.51641845703125
126,2,937.2888793945312,944.9765625
126,3,918.1430053710938,925.7354125976562
126,4,899.685791015625,906.59326171875
126,5,881.72412109375,888.0215454101562
126,6,864.2955932617188,869.3703002929688
126,9,998.2728881835938,965.9683227539062
126,10,978.2069702148438,946.5305786132812
126,11,958.70947265625,927.730224609375
126,12,939.4744262695312,908.9798583984375
126,13,920.7638549804688,890.37451171875
126,14,902.6365356445312,871.9061279296875
126,19,998.8081665039062,929.0596923828125
126,20,979.124267578125,910.429443359375
126,28,1018.976806640625,911.5379028320312
126,29,999.237548828125,893.31982421875
126,37,1038.619140625,893.3146362304688
126,38,1018.879638671875,876.06884765625
126,39,999.8198852539062,858.7008056640625
126,47,1037.8564453125,858.2056884765625
126,48,1018.7232666015625,841.8092651367188
126,57,1037.11865234375,824.5532836914062
127,0,503.0274658203125,322.95184326171875
127,1,488.26104736328125,326.2715148925781
127,2,473.151123046875,329.0670166015625
127,3,458.9952697753906,331.9583740234375
127,4,443.7203063964844,334.76959228515625
127,5,428.26983642578125,337.23724365234375
127,6,413.2409973144531,339.21563720703125
127,7,398.1937561035156,342.1852111816406
127,8,383.1377868652344,344.1831970214844
127,9,500.2823181152344,308.8417663574219
127,10,486.08050537109375,311.1166076660156
127,11,470.69775390625,314.1009216308594
127,12,456.12591552734375,315.9761657714844
127,13,441.19482421875,319.1221618652344
127,14,425.60418701171875,322.031982421875
127,15,410.9421081542969,324.8049621582031
127,16,395.05194091796875,327.24652099609375
127,17,380.5339050292969,329.3607177734375
127,18,497.35528564453125,293.910400390625
127,19,483.23858642578125,296.0510559082031
127,20,468.4161071777344,298.8088073730469
127,21,453.51690673828125,301.80267333984375
127,22,438.3238525390625,304.13958740234375
127,23,423.11163330078125,307.083740234375
127,24,408.1255187988281,308.9391784667969
127,25,393.0621337890625,312.0693359375
127,26,378.1932067871094,314.1003723144531
127,27,495.30157470703125,279.1416931152344
127,28,480.5463562011719,281.3973693847656
127,29,465.3759765625,284.3408508300781
127,30,450.0121765136719,285.77679443359375
127,31,435.59295654296875,289.58935546875
127,32,420.8016052246094,291.78875732421875
127,33,405.577880859375,294.4705810546875
127,34,390.0738830566406,297.0113525390625
127,35,374.7679443359375,298.8056640625
127,36,492.01214599609375,264.06097412109375
127,37,477.24896240234375,267.0201416015625
127,38,463.07562255859375,269.1646423339844
127,39,448.2196350097656,271.58905029296875
127,40,433.13873291015625,274.1720886230469
127,41,418.107666015625,277.0780029296875
127,42,403.0896301269531,278.9168701171875
127,43,388.2155456542969,282.0074768066406
127,44,373.3372802734375,284.1809387207031
127,45,489.34539794921875,249.66024780273438
127,46,474.8585510253906,252.141845703125
127,47,460.1951599121094,254.26803588867188
127,48,444.9793395996094,257.0505676269531
127,49,430.5054016113281,259.4172058105469
127,50,415.02703857421875,262.1482849121094
127,51,400.7710266113281,264.60003662109375
127,52,385.5013122558594,267.3241271972656
127,53,370.92266845703125,269.8673095703125
127,54,485.9541931152344,235.80426025390625
127,55,472.2778015136719,237.75892639160156
127,56,457.08624267578125,240.00559997558594
127,57,441.76165771484375,241.81076049804688
127,58,428.08563232421875,244.45999145507812
127,59,413.1268005371094,247.1888885498047
127,60,398.2242736816406,249.47747802734375
127,61,383.701904296875,252.25970458984375
127,62,368.1299743652344,255.63153076171875
128,0,474.8379821777344,374.7394104003906
128,1,458.2017822265625,377.2270812988281
128,2,441.4562683105469,378.9477233886719
128,3,425.9577941894531,380.5325927734375
128,4,409.6790771484375,381.31634521484375
128,5,393.622802734375,382.82867431640625
128,6,377.732421875,384.17486572265625
128,7,361.9859619140625,385.4336242675781
128,8,346.319580078125,386.6457824707031
128,9,473.05670166015625,358.6604309082031
128,10,456.9367980957031,360.73187255859375
128,11,440.12493896484375,362.5875549316406
128,12,423.9498596191406,364.3342590332031
128,13,407.7567443847656,366.0242919921875
128,14,391.832275390625,367.7704772949219
128,15,376.3130798339844,368.8724365234375
128,16,359.8614807128906,370.05438232421875
128,17,344.9161071777344,370.9847412109375
128,18,471.0947265625,342.1668395996094
128,19,454.9566650390625,344.317626953125
128,20,438.3902893066406,346.3669128417969
128,21,422.1408996582031,348.1108093261719
128,22,405.4441833496094,350.0781555175781
128,23,390.0763244628906,351.6334533691406
128,24,373.78619384765625,352.90155029296875
128,25,358.20196533203125,354.2176513671875
128,26,343.1758117675781,355.326904296875
128,27,469.1138610839844,326.04315185546875
128,28,452.8229064941406,327.993896484375
128,29,436.1740417480469,330.2724609375
128,30,420.10382080078125,331.9606628417969
128,31,404.0159912109375,333.52142333984375
128,32,388.0580749511719,334.9797668457031
128,33,372.4410095214844,336.8059387207031
128,34,356.820556640625,338.1606750488281
128,35,341.79620361328125,339.7713623046875
128,36,467.3605651855469,309.33123779296875
128,37,451.122314453125,311.6618347167969
128,38,435.0389404296875,313.8011779785156
128,39,418.2283935546875,315.8486328125
128,40,402.3663330078125,317.0934143066406
128,41,386.2499694824219,319.2137451171875
128,42,371.12158203125,320.8411560058594
128,43,355.4821472167969,322.38006591796875
128,44,340.0263366699219,324.0675964355469
128,45,465.1772155761719,293.60986328125
128,46,449.1361389160156,295.3655700683594
128,47,433.253173828125,297.8579406738281
128,48,416.938232421875,299.513916015625
128,49,400.60736083984375,301.57501220703125
128,50,385.01458740234375,303.27496337890625
128,51,368.6965637207031,305.2731018066406
128,52,353.89178466796875,306.8876037597656
128,53,339.0599670410156,308.31689453125
128,54,463.1875305175781,276.58929443359375
128,55,447.10595703125,279.9065856933594
128,56,430.99566650390625,281.4752197265625
128,57,415.0896301269531,283.04754638671875
128,58,398.8840026855469,285.2508850097656
128,59,383.1918029785156,286.6770935058594
128,60,367.64385986328125,289.5372619628906
128,61,352.6404113769531,290.9136047363281
128,62,337.8770751953125,292.0946350097656
129,0,847.7747802734375,1064.4859619140625
129,1,848.7281494140625,1026.2532958984375
129,2,849.8988037109375,986.90087890625
129,3,851.119873046875,946.1011352539062
129,4,852.42724609375,904.237548828125
129,5,854.123291015625,861.7535400390625
129,6,856.0935668945312,818.619873046875
129,7,857.6923217773438,775.0455322265625
129,8,859.6051025390625,731.5130004882812
129,9,888.9310913085938,1070.18603515625
129,10,890.2575073242188,1031.6531982421875
129,11,891.82666015625,991.5037231445312
129,12,893.3722534179688,950.4977416992188
129,13,895.0254516601562,908.06396484375
129,14,896.6688842773438,864.8902587890625
129,15,898.3710327148438,821.4932861328125
129,16,900.0821533203125,777.2365112304688
129,17,901.95361328125,733.009033203125
129,18,930.8890380859375,1074.39794921875
129,19,932.8623657226562,1036.08837890625
129,20,934.8717041015625,995.708251953125
129,21,936.3799438476562,954.4299926757812
129,22,938.5675659179688,911.3458251953125
129,23,940.2098388671875,868.0450439453125
129,24,942.0065307617188,823.9624633789062
129,25,943.7227783203125,779.2721557617188
129,26,945.7220458984375,734.4830932617188
129,27,974.21875,1078.8660888671875
129,28,976.3466186523438,1039.8297119140625
129,29,978.360107421875,999.4435424804688
129,30,980.7931518554688,957.2437133789062
129,31,982.88671875,914.3241577148438
129,32,984.8894653320312,870.3062133789062
129,33,986.5968627929688,826.0250854492188
129,34,988.3889770507812,780.8599853515625
129,35,990.1190795898438,735.8238525390625
129,36,1017.7030639648438,1082.4466552734375
129,37,1020.4830932617188,1043.0018310546875
129,38,1023.151611328125,1002.2250366210938
129,39,1025.6405029296875,960.1698608398438
129,40,1027.8450927734375,916.3220825195312
129,41,1030.1646728515625,872.4177856445312
129,42,1032.1014404296875,827.7885131835938
129,43,1033.70849609375,782.2144775390625
129,44,1035.2857666015625,736.8880004882812
129,45,1061.5635986328125,1084.9390869140625
129,46,1064.8536376953125,1045.6064453125
129,47,1067.7371826171875,1004.7130737304688
129,48,1070.711181640625,962.1978149414062
129,49,1073.327880859375,918.3261108398438
129,50,1075.4781494140625,873.9112548828125
129,51,1077.3138427734375,829.1260375976562
129,52,1079.1544189453125,783.3134155273438
129,53,1080.270263671875,737.7259521484375
129,54,1105.4749755859375,1086.2852783203125
129,55,1109.1790771484375,1046.9708251953125
129,56,1112.559814453125,1005.9148559570312
129,57,1115.7244873046875,963.6829833984375
129,58,1118.5908203125,919.7542114257812
129,59,1120.849609375,875.16162109375
129,60,1122.9962158203125,829.9331665039062
129,61,1124.4908447265625,784.1509399414062
129,62,1125.6751708984375,738.1710815429688
130,7,468.1993713378906,281.57366943359375
130,8,450.3949890136719,283.682861328125
130,16,466.4169616699219,271.0345764160156
130,17,450.6065673828125,272.9204406738281
130,19,555.7138061523438,250.3037872314453
130,20,540.7354125976562,251.8251953125
130,21,526.2510986328125,253.7918243408203
130,22,510.998046875,255.43026733398438
130,29,537.1487426757812,243.50750732421875
130,30,522.585205078125,244.76345825195312
130,38,532.9523315429688,234.8723907470703
130,47,530.0654296875,227.72561645507812
131,6,401.2243347167969,381.8482971191406
131,7,388.79107666015625,380.1103820800781
131,8,376.9084777832031,377.7532653808594
131,9,479.16204833984375,380.935546875
131,15,403.78875732421875,371.186767578125
131,16,391.83465576171875,368.9796142578125
131,17,379.994384765625,367.0611572265625
131,24,407.0827941894531,360.9906311035156
131,25,394.8912353515625,358.3489990234375
131,26,382.850830078125,356.7218933105469
131,31,432.85052490234375,353.6961669921875
131,32,420.82550048828125,351.965087890625
132,0,487.58673095703125,349.8672790527344
132,1,472.2879638671875,352.0735778808594
132,2,455.362060546875,355.28076171875
132,3,440.76678466796875,357.7875061035156
132,4,424.444580078125,359.9638977050781
132,5,409.2020263671875,362.4148864746094
132,6,393.0447998046875,363.861083984375
132,7,377.21624755859375,366.20977783203125
132,8,361.1351318359375,368.31195068359375
132,9,485.2866516113281,334.28704833984375
132,10,470.216064453125,336.4523620605469
132,11,454.1778259277344,339.1063537597656
132,12,438.3243103027344,341.6502685546875
132,13,422.1989440917969,344.1089782714844
132,14,406.2836608886719,345.7266845703125
132,15,390.4452819824219,348.92706298828125
132,16,374.54803466796875,350.97576904296875
132,17,359.33026123046875,352.5691223144531
132,18,483.32440185546875,318.36260986328125
132,19,467.3071594238281,321.313232421875
132,20,451.9405212402344,323.1796875
132,21,435.6209716796875,326.0764465332031
132,22,419.954833984375,327.95782470703125
132,23,404.18359375,330.60113525390625
132,24,387.8730773925781,333.15936279296875
132,25,372.1902770996094,335.0953369140625
132,26,356.7906494140625,337.1851501464844
132,27,481.1183776855469,302.6085510253906
132,28,465.0996398925781,304.9975891113281
132,29,449.4261779785156,307.87945556640625
132,30,433.324462890625,310.1564025878906
132,31,417.2245788574219,312.7181701660156
132,32,401.3890075683594,314.8664855957031
132,33,385.1970520019531,317.3296203613281
132,34,369.99267578125,319.1513671875
132,35,354.2154541015625,321.8394775390625
132,36,478.02197265625,287.0581359863281
132,37,462.8905944824219,289.3572998046875
132,38,447.0794677734375,292.0796203613281
132,39,431.11334228515625,293.97216796875
132,40,415.1123046875,295.83770751953125
132,41,399.2273864746094,298.6024169921875
132,42,383.1878662109375,301.10009765625
132,43,367.5738220214844,303.944091796875
132,44,352.1157531738281,305.64923095703125
132,45,476.2447204589844,271.2489013671875
132,46,460.3956604003906,273.13824462890625
132,47,444.7082824707031,275.8077697753906
132,48,428.7174377441406,277.9203186035156
132,49,412.38775634765625,280.9233093261719
132,50,396.3204040527344,283.2279968261719
132,51,381.19964599609375,285.15264892578125
132,52,365.3165283203125,287.81048583984375
132,53,350.18402099609375,289.7456359863281
132,54,473.337890625,254.99566650390625
132,55,458.06829833984375,258.0793762207031
132,56,441.9587707519531,260.2528381347656
132,57,425.99957275390625,262.6217956542969
132,58,409.85235595703125,265.0452575683594
132,59,394.22271728515625,267.408935546875
132,60,378.6494445800781,269.9302673339844
132,61,363.2395324707031,272.1067810058594
132,62,348.04345703125,274.9241943359375
133,5,417.7967834472656,249.1596221923828
133,6,400.649169921875,250.4624481201172
133,7,383.2897033691406,252.2427978515625
133,8,366.19085693359375,253.71974182128906
133,14,415.83416748046875,238.83436584472656
133,18,492.2751770019531,221.96803283691406
133,19,477.55413818359375,223.88333129882812
133,20,462.0530700683594,225.04910278320312
133,21,446.5733947753906,226.9027557373047
133,22,430.5754699707031,228.2103729248047
133,23,414.91986083984375,229.76669311523438
133,31,429.0146179199219,219.7450408935547
133,32,413.0865173339844,221.03477478027344
133,41,412.0215759277344,213.17784118652344
134,0,595.921142578125,276.7074279785156
134,3,550.028076171875,283.91552734375
134,4,533.758544921875,286.7650146484375
134,5,517.7366333007812,289.0568542480469
134,6,501.03192138671875,291.647705078125
134,7,484.452880859375,294.0235290527344
134,8,468.2274475097656,296.1272888183594
134,9,591.1618041992188,265.2697448730469
134,12,545.9046020507812,272.6897888183594
134,13,530.468017578125,274.83343505859375
134,14,514.88623046875,277.1629333496094
134,15,498.8137512207031,279.89306640625
134,16,482.8717041015625,281.93060302734375
134,17,467.109619140625,284.1662292480469
134,19,572.1945190429688,257.6448669433594
134,20,557.3009033203125,259.4479675292969
134,21,541.604248046875,261.3791809082031
134,22,527.08349609375,264.0694580078125
134,23,512.0277099609375,266.68536376953125
134,24,496.652099609375,268.80804443359375
134,28,567.6146850585938,246.8898162841797
134,29,553.70361328125,249.94139099121094
134,30,539.0711669921875,251.565185546875
134,31,524.7177734375,253.8701629638672
134,32,509.9515380859375,256.265380859375
134,39,536.2332153320312,242.15634155273438
134,40,521.6881103515625,244.53993225097656
134,53,463.63348388671875,244.09213256835938
135,0,441.1219177246094,468.9018859863281
135,1,427.9796447753906,463.7610168457031
135,2,414.9207458496094,457.8109130859375
135,3,402.404052734375,451.8680114746094
135,6,365.6552734375,434.1717834472656
135,9,446.4171142578125,455.71417236328125
135,10,433.84576416015625,451.11590576171875
135,13,396.0540466308594,434.35577392578125
135,14,384.0615539550781,428.5798645019531
135,18,452.3677062988281,444.61553955078125
135,22,402.32891845703125,423.1254577636719
135,30,420.3382263183594,417.16668701171875
135,31,408.1934814453125,412.0421447753906
135,41,401.976806640625,394.76031494140625
135,45,468.28582763671875,409.4638977050781
135,54,472.93585205078125,398.0816955566406
136,0,983.330810546875,991.8187866210938
136,1,962.197265625,973.0030517578125
136,2,941.5570678710938,954.0971069335938
136,3,921.6119995117188,935.7930908203125
136,4,902.0687255859375,917.2152099609375
136,7,847.2279663085938,864.2451782226562
136,8,830.1666259765625,847.1016235351562
136,9,1003.7526245117188,971.5208740234375
136,10,982.6036987304688,953.121337890625
136,11,962.0619506835938,935.0308837890625
136,12,941.9562377929688,917.0034790039062
136,13,922.287353515625,899.1372680664062
136,16,867.036865234375,847.2561645507812
136,18,1023.3624877929688,951.7572631835938
136,23,922.9620971679688,864.0244750976562
136,24,904.2581787109375,847.05078125
136,38,1019.8649291992188,878.3456420898438
136,39,999.75927734375,861.7236938476562
137,0,1004.8984375,980.219482421875
137,1,977.2130737304688,955.86376953125
137,2,950.348388671875,931.4420166015625
137,3,924.2979125976562,907.6046752929688
137,4,899.00390625,883.7105102539062
137,5,874.7109985351562,860.617431640625
137,6,851.5283203125,838.040771484375
137,7,829.03857421875,815.9232788085938
137,8,807.6595458984375,794.1839599609375
137,9,1030.6259765625,953.8195190429688
137,10,1002.975830078125,930.1270751953125
137,11,976.1641235351562,906.8423461914062
137,12,950.113525390625,883.413818359375
137,13,924.727783203125,860.5264282226562
137,14,900.3092651367188,838.1735229492188
137,15,876.8350219726562,816.1554565429688
137,16,854.0574340820312,794.3531494140625
137,17,832.3671875,773.9296875
137,18,1055.2166748046875,928.0438842773438
137,19,1027.859130859375,905.0786743164062
137,20,1001.0670166015625,882.2291259765625
137,21,974.890869140625,859.9080200195312
137,22,949.4606323242188,837.7322998046875
137,23,924.9678344726562,815.8985595703125
137,24,901.3362426757812,794.3659057617188
137,25,878.7831420898438,773.819580078125
137,26,856.7642822265625,754.0430908203125
137,27,1078.9969482421875,902.5521240234375
137,28,1051.77978515625,880.21142578125
137,29,1025.0599365234375,858.0903930664062
137,30,998.9758911132812,836.4403686523438
137,31,973.611572265625,815.0565795898438
137,32,949.0330200195312,794.1035766601562
137,33,925.405029296875,773.5050048828125
137,34,902.5232543945312,753.559326171875
137,35,880.6243286132812,734.6426391601562
137,36,1101.912109375,877.2493896484375
137,37,1074.917724609375,855.8153686523438
137,38,1048.2740478515625,834.427978515625
137,39,1022.27978515625,813.2274780273438
137,40,996.9241333007812,792.9853515625
137,41,972.4733276367188,772.6271362304688
137,42,948.8424682617188,752.654541015625
137,43,925.8695678710938,733.631103515625
137,44,903.6406860351562,715.17919921875
137,45,1123.5953369140625,852.887939453125
137,46,1096.962646484375,831.7507934570312
137,47,1070.563720703125,811.2439575195312
137,48,1044.7989501953125,790.9607543945312
137,49,1019.443603515625,771.1617431640625
137,50,995.0501708984375,751.4974975585938
137,51,971.2600708007812,732.1187133789062
137,52,948.197509765625,713.8145141601562
137,53,926.0958862304688,696.1483764648438
137,54,1144.18212890625,829.1725463867188
137,55,1117.902099609375,808.948974609375
137,56,1091.7552490234375,788.8792114257812
137,57,1066.129150390625,769.1282348632812
137,58,1040.9814453125,749.8544311523438
137,59,1016.6800537109375,731.0162963867188
137,60,992.970703125,712.623046875
137,61,970.036865234375,694.8858032226562
137,62,947.817138671875,677.4149780273438
138,0,937.0543823242188,984.8221435546875
138,1,905.9802856445312,957.5741577148438
138,2,876.0468139648438,930.653564453125
138,3,847.2758178710938,904.341796875
138,4,819.3409423828125,878.2007446289062
138,5,793.1151123046875,853.2067260742188
138,6,768.309814453125,828.721435546875
138,7,744.12744140625,805.013916015625
138,8,721.48193359375,782.040283203125
138,9,964.3375854492188,953.0661010742188
138,10,932.9423828125,926.3197021484375
138,11,902.6459350585938,900.0895385742188
138,12,873.3076782226562,874.1830444335938
138,13,845.1755981445312,848.8619384765625
138,14,818.2553100585938,824.242919921875
138,15,792.5987548828125,800.3676147460938
138,16,767.967041015625,777.1243286132812
138,17,744.9189453125,755.0482788085938
138,18,991.7699584960938,920.7905883789062
138,19,959.966796875,894.7304077148438
138,20,929.0308837890625,868.9948120117188
138,21,899.3814086914062,843.8555908203125
138,22,870.765380859375,819.1128540039062
138,23,843.267333984375,795.1458129882812
138,24,816.9778442382812,771.7395629882812
138,25,792.1424560546875,749.3656005859375
138,26,768.8428344726562,728.0322265625
138,27,1018.7017211914062,888.0812377929688
138,28,986.56640625,862.6237182617188
138,29,955.3771362304688,837.3656616210938
138,30,925.2369384765625,813.0630493164062
138,31,896.1968383789062,789.07958984375
138,32,868.5146484375,765.91162109375
138,33,841.796630859375,743.3435668945312
138,34,816.4944458007812,721.7116088867188
138,35,792.7266845703125,701.090087890625
138,36,1045.279541015625,854.99169921875
138,37,1012.9727172851562,830.0903930664062
138,38,981.3511962890625,805.781982421875
138,39,950.9222412109375,782.003662109375
138,40,921.6497802734375,758.9135131835938
138,41,893.4633178710938,736.4636840820312
138,42,866.2315063476562,714.5992431640625
138,43,840.7611083984375,693.857666015625
138,44,816.37060546875,674.02392578125
138,45,1071.26318359375,822.0789184570312
138,46,1038.63818359375,797.7921142578125
138,47,1006.9530029296875,774.1859741210938
138,48,976.2024536132812,751.11962890625
138,49,946.572021484375,728.8534545898438
138,50,917.9375610351562,707.115234375
138,51,890.6069946289062,686.0160522460938
138,52,864.44189453125,665.9933471679688
138,53,839.6712646484375,647.0419921875
138,54,1096.5469970703125,789.6197509765625
138,55,1063.869873046875,766.0225830078125
138,56,1031.9847412109375,743.03955078125
138,57,1001.0322265625,720.6480712890625
138,58,971.0172119140625,698.96875
138,59,942.1559448242188,678.168212890625
138,60,914.7752685546875,658.0494995117188
138,61,888.1292724609375,638.8448486328125
138,62,862.9544067382812,620.23486328125
139,0,498.2781066894531,331.82379150390625
139,1,483.2479248046875,335.37115478515625
139,2,468.3621826171875,337.9339599609375
139,3,453.3103332519531,339.9341125488281
139,4,438.1576843261719,342.8184814453125
139,5,422.8313903808594,345.5382995605469
139,6,407.1073303222656,346.9740295410156
139,7,391.02581787109375,350.04107666015625
139,8,376.13885498046875,351.92462158203125
139,9,496.10260009765625,317.72283935546875
139,10,480.96783447265625,320.07684326171875
139,11,466.2372741699219,322.1425476074219
139,12,451.0978698730469,324.9614562988281
139,13,435.281005859375,327.90087890625
139,14,420.2372131347656,330.0331726074219
139,15,404.77392578125,332.1676940917969
139,16,389.2697448730469,334.28302001953125
139,17,374.0127868652344,336.8473815917969
139,18,493.6824951171875,302.1986389160156
139,19,479.1126403808594,304.725341796875
139,20,463.4002990722656,307.469970703125
139,21,448.58428955078125,309.8875732421875
139,22,432.9679260253906,312.1732482910156
139,23,417.88330078125,314.85406494140625
139,24,402.26324462890625,316.7520751953125
139,25,386.79803466796875,319.3294372558594
139,26,371.61865234375,321.5176696777344
139,27,491.2814636230469,287.0040283203125
139,28,476.0756530761719,289.7466125488281
139,29,461.315185546875,292.2153625488281
139,30,446.1209716796875,293.89599609375
139,31,430.5413513183594,296.9729309082031
139,32,415.1146545410156,299.0847473144531
139,33,400.1116638183594,300.9734191894531
139,34,384.33367919921875,303.904296875
139,35,369.4271240234375,305.87664794921875
139,36,488.7852783203125,272.1093444824219
139,37,473.9923400878906,274.36376953125
139,38,458.82147216796875,276.8021240234375
139,39,443.1807861328125,279.19964599609375
139,40,428.2718811035156,280.9727478027344
139,41,413.119384765625,283.7704772949219
139,42,396.9682312011719,286.2857971191406
139,43,382.30267333984375,288.1075744628906
139,44,366.6313781738281,291.0690612792969
139,45,486.14385986328125,256.98095703125
139,46,471.19921875,259.1966857910156
139,47,456.4257507324219,261.1984558105469
139,48,441.1756591796875,263.2421875
139,49,425.8801574707031,266.19122314453125
139,50,410.3707580566406,268.42449951171875
139,51,395.27044677734375,270.66375732421875
139,52,379.8846740722656,273.2189025878906
139,53,364.739990234375,275.6506042480469
139,54,483.6607666015625,242.08836364746094
139,55,468.97833251953125,244.17030334472656
139,56,453.9098815917969,246.28973388671875
139,57,438.5050048828125,248.98617553710938
139,58,423.0006103515625,251.09902954101562
139,59,408.25921630859375,253.0918731689453
139,60,393.0200500488281,255.41427612304688
139,61,377.8492431640625,258.1087341308594
139,62,362.88226318359375,260.5784912109375
140,0,1001.0570068359375,979.8257446289062
140,1,972.9857177734375,955.1713256835938
140,2,945.6600952148438,930.8575439453125
140,3,919.357666015625,906.8712768554688
140,4,893.8209228515625,882.9735717773438
140,5,869.27099609375,859.9978637695312
140,6,845.8905639648438,837.5910034179688
140,7,823.3391723632812,815.478515625
140,8,801.903076171875,793.9832153320312
140,9,1027.0511474609375,952.7715454101562
140,10,999.0310668945312,928.931884765625
140,11,971.820068359375,905.568115234375
140,12,945.2132568359375,882.1423950195312
140,13,919.6676635742188,859.4088745117188
140,14,895.0048217773438,837.0037841796875
140,15,871.2973022460938,815.146728515625
140,16,848.4576416015625,793.6044311523438
140,17,826.692626953125,773.0987548828125
140,18,1052.1943359375,926.23583984375
140,19,1024.1324462890625,903.2097778320312
140,20,996.8754272460938,880.3468627929688
140,21,970.564697265625,858.1008911132812
140,22,944.6990356445312,835.9606323242188
140,23,919.8230590820312,814.0997314453125
140,24,896.0104370117188,792.9343872070312
140,25,873.0663452148438,772.3897094726562
140,26,851.19775390625,752.9224243164062
140,27,1076.300048828125,900.1583251953125
140,28,1048.446044921875,877.7822265625
140,29,1021.2662353515625,855.586181640625
140,30,994.8081665039062,834.0928955078125
140,31,969.0640258789062,812.7587890625
140,32,944.2346801757812,792.0625610351562
140,33,920.2445068359375,771.48876953125
140,34,897.1427612304688,751.84326171875
140,35,875.16943359375,733.0645141601562
140,36,1099.6412353515625,874.1346435546875
140,37,1071.9295654296875,852.6339111328125
140,38,1044.7623291015625,831.30517578125
140,39,1018.491455078125,810.2716064453125
140,40,992.5263671875,790.0089111328125
140,41,967.8516845703125,769.9014282226562
140,42,943.737548828125,750.093994140625
140,43,920.559814453125,731.3059692382812
140,44,898.3282470703125,713.1659545898438
140,45,1121.7305908203125,849.0800170898438
140,46,1094.280029296875,827.9389038085938
140,47,1067.318115234375,807.4404907226562
140,48,1041.0545654296875,787.3314208984375
140,49,1015.291259765625,767.7440185546875
140,50,990.574462890625,748.18798828125
140,51,966.447998046875,729.0797119140625
140,52,943.183837890625,710.9627075195312
140,53,920.9920654296875,693.3969116210938
140,54,1142.634521484375,824.8570556640625
140,55,1115.6368408203125,804.5177001953125
140,56,1088.952392578125,784.48095703125
140,57,1062.869384765625,764.9105224609375
140,58,1037.1234130859375,745.851806640625
140,59,1012.5186767578125,727.1710815429688
140,60,988.486572265625,709.1512451171875
140,61,965.2324829101562,691.4441528320312
140,62,942.6952514648438,674.6713256835938
141,0,478.54547119140625,366.05096435546875
141,1,462.63507080078125,367.9640197753906
141,2,446.27667236328125,369.5255432128906
141,3,430.150146484375,372.6321716308594
141,4,413.4378356933594,375.0212097167969
141,5,398.1319580078125,376.9548034667969
141,6,382.0516052246094,377.9654846191406
141,7,365.860107421875,380.0904235839844
141,8,350.8975524902344,380.9728698730469
141,9,476.19793701171875,350.2105712890625
141,10,460.56341552734375,352.05999755859375
141,11,444.13909912109375,354.4833679199219
141,12,427.3236389160156,357.1582946777344
141,13,411.85284423828125,359.2023620605469
141,14,395.63116455078125,361.1422119140625
141,15,379.9481201171875,362.9656982421875
141,16,363.9158020019531,364.35845947265625
141,17,348.91412353515625,366.08135986328125
141,18,474.3259582519531,334.0028076171875
141,19,458.277099609375,336.01507568359375
141,20,442.04296875,338.3996887207031
141,21,426.0700988769531,340.8951721191406
141,22,409.5621032714844,342.9768981933594
141,23,393.63873291015625,344.7392578125
141,24,377.71380615234375,347.1871643066406
141,25,361.9736328125,348.8876037597656
141,26,346.4778137207031,349.6907653808594
141,27,472.4673156738281,317.755126953125
141,28,455.9555969238281,319.9966125488281
141,29,440.0074462890625,322.7956848144531
141,30,423.7054138183594,324.2713928222656
141,31,407.1982421875,326.7463073730469
141,32,390.7608947753906,329.0555114746094
141,33,375.38555908203125,331.09771728515625
141,34,359.80865478515625,332.4274597167969
141,35,344.245361328125,334.14532470703125
141,36,469.9079895019531,301.79632568359375
141,37,453.92315673828125,304.1473388671875
141,38,437.38421630859375,306.1838684082031
141,39,421.0688781738281,308.62982177734375
141,40,404.5266418457031,310.92169189453125
141,41,389.1723937988281,312.8619689941406
141,42,373.2343444824219,315.02569580078125
141,43,357.5916748046875,316.93011474609375
141,44,342.0531311035156,318.85504150390625
141,45,467.9933776855469,285.3208923339844
141,46,451.7030029296875,286.8929443359375
141,47,435.0539855957031,290.0990295410156
141,48,419.05230712890625,292.0270080566406
141,49,403.0607604980469,293.94268798828125
141,50,386.8659973144531,296.4219055175781
141,51,371.1371154785156,298.687744140625
141,52,354.8783874511719,301.08795166015625
141,53,339.92236328125,302.9956970214844
141,54,465.3111877441406,268.9419860839844
141,55,449.13262939453125,271.6196594238281
141,56,433.0350036621094,274.14776611328125
141,57,417.0454406738281,276.3159484863281
141,58,400.7443542480469,278.14031982421875
141,59,384.48150634765625,281.0043029785156
141,60,368.3110656738281,283.0990905761719
141,61,353.243896484375,285.31805419921875
141,62,338.33154296875,286.92926025390625
142,2,935.0640258789062,941.62744140625
142,9,995.581787109375,960.0609741210938
142,10,975.3065795898438,941.7904052734375
142,11,955.3889770507812,923.9144897460938
142,17,846.9595336914062,818.1241455078125
142,18,1015.342529296875,941.9248046875
142,21,955.9737548828125,888.1756591796875
142,22,936.8278198242188,870.6088256835938
142,30,975.1484375,870.7477416992188
142,38,1013.5515747070312,869.9708251953125
142,39,994.1165771484375,853.0545043945312
142,49,993.2311401367188,819.334716796875
142,59,992.5653686523438,786.803466796875
143,0,815.1678466796875,1024.763916015625
143,1,797.3112182617188,1000.7908935546875
143,2,780.0241088867188,977.1154174804688
143,3,763.3927001953125,954.1117553710938
143,4,747.53125,931.6951904296875
143,5,732.3369140625,909.857177734375
143,6,718.4063720703125,888.4992065429688
143,7,704.2609252929688,867.722412109375
143,9,840.7013549804688,1006.2357177734375
143,10,822.490234375,982.7697143554688
143,11,804.8402709960938,959.8336791992188
143,12,787.8659057617188,937.1886596679688
143,13,771.7193603515625,915.1912841796875
143,14,756.14501953125,893.7249755859375
143,15,741.3828125,872.87060546875
143,16,727.2039794921875,852.099853515625
143,18,865.9765625,987.9151611328125
143,19,847.4133911132812,964.898681640625
143,20,829.3557739257812,942.2606201171875
143,21,812.3506469726562,920.2854614257812
143,22,795.7039794921875,898.7164306640625
143,23,779.5095825195312,877.3665771484375
143,24,764.4400634765625,856.8065185546875
143,27,891.05029296875,969.2459716796875
143,28,872.0046997070312,946.6751708984375
143,29,853.7741088867188,924.4151000976562
143,30,836.2310180664062,903.049560546875
143,31,819.2462768554688,881.855224609375
143,32,803.0227661132812,861.3018188476562
143,33,787.6669921875,841.0142822265625
143,36,915.5745849609375,950.239013671875
143,37,896.4550170898438,928.2986450195312
143,38,877.8245849609375,906.8296508789062
143,39,860.0130004882812,885.48486328125
143,40,842.8538818359375,864.99462890625
143,45,939.7916870117188,931.6944580078125
143,46,920.1720581054688,909.9368286132812
143,47,901.4918823242188,888.9320068359375
143,48,883.39794921875,868.2127685546875
143,49,866.05615234375,848.2278442382812
143,54,963.3529663085938,913.1626586914062
143,55,943.8847045898438,892.0180053710938
143,56,924.7691040039062,871.1773681640625
143,57,906.5629272460938,851.1005859375
143,58,888.44189453125,831.3245239257812
143,59,871.97998046875,812.2308959960938
144,0,898.619384765625,775.5210571289062
144,1,886.5224609375,735.5390625
144,2,874.2681274414062,695.1322021484375
144,3,861.9923095703125,654.2999877929688
144,4,849.7504272460938,613.400390625
144,5,837.9375,572.7736206054688
144,6,826.2534790039062,532.741455078125
144,7,814.902587890625,492.8818054199219
144,8,803.8629760742188,453.9429626464844
144,9,938.8742065429688,764.4154663085938
144,10,926.3674926757812,724.3427734375
144,11,914.6575317382812,683.4929809570312
144,12,902.2267456054688,642.3489379882812
144,13,890.1539916992188,600.73583984375
144,14,877.6622924804688,560.1004638671875
144,15,865.9969482421875,519.7651977539062
144,16,853.9977416992188,479.6529235839844
144,17,842.8272094726562,440.2954406738281
144,18,979.326171875,752.8626098632812
144,19,967.661865234375,712.2899169921875
144,20,955.267578125,671.3912963867188
144,21,943.0992431640625,630.2488403320312
144,22,930.5955200195312,588.6007690429688
144,23,918.4916381835938,547.5426635742188
144,24,906.1336669921875,506.6573791503906
144,25,894.09716796875,466.65728759765625
144,26,882.6795043945312,427.64678955078125
144,27,1020.4351196289062,741.27587890625
144,28,1008.2604370117188,700.423095703125
144,29,996.599853515625,659.5266723632812
144,30,984.3707275390625,617.7108154296875
144,31,971.9899291992188,575.931396484375
144,32,959.4698486328125,534.7277221679688
144,33,947.1307373046875,494.0384826660156
144,34,934.6624145507812,453.9203796386719
144,35,922.654541015625,415.04656982421875
144,36,1061.3507080078125,729.1758422851562
144,37,1050.1282958984375,688.19482421875
144,38,1037.993408203125,646.9906616210938
144,39,1026.00830078125,605.2670288085938
144,40,1013.25390625,563.5474853515625
144,41,1001.030517578125,522.2994384765625
144,42,988.3636474609375,481.4615478515625
144,43,975.7407836914062,441.39593505859375
144,44,963.3123168945312,402.4471435546875
144,45,1102.566162109375,717.2555541992188
144,46,1091.3031005859375,676.1242065429688
144,47,1079.5562744140625,634.6194458007812
144,48,1066.9149169921875,593.0394897460938
144,49,1054.7708740234375,551.2999267578125
144,50,1042.180908203125,510.0007019042969
144,51,1029.18701171875,469.25640869140625
144,52,1016.2569580078125,429.02783203125
144,53,1003.5193481445312,390.19647216796875
144,54,1142.5400390625,705.140869140625
144,55,1131.790283203125,663.9691772460938
144,56,1120.1221923828125,622.551025390625
144,57,1108.060302734375,581.12744140625
144,58,1095.454833984375,539.3092041015625
144,59,1083.0625,497.9326171875
144,60,1069.9404296875,457.3026428222656
144,61,1056.916015625,417.5075378417969
144,62,1043.701416015625,378.6382141113281
145,0,505.09039306640625,288.84014892578125
145,1,490.9787902832031,291.6202392578125
145,2,476.0301513671875,294.0101623535156
145,3,461.1225891113281,296.72393798828125
145,4,445.97344970703125,299.0560302734375
145,5,430.69268798828125,301.9981994628906
145,6,415.16302490234375,304.20147705078125
145,7,400.3420104980469,305.9709167480469
145,8,384.55926513671875,307.7340087890625
145,9,500.7415771484375,274.79644775390625
145,10,487.3296813964844,277.45159912109375
145,11,473.1888122558594,280.0035095214844
145,12,458.06787109375,282.3170166015625
145,13,443.12225341796875,285.1663513183594
145,14,428.2645263671875,286.93243408203125
145,15,413.4503173828125,289.5763854980469
145,16,397.9473571777344,292.13916015625
145,17,383.2727966308594,294.78961181640625
145,18,498.12896728515625,261.7112731933594
145,19,484.1855163574219,264.0679626464844
145,20,469.70556640625,266.83892822265625
145,21,455.26544189453125,269.2012023925781
145,22,440.760009765625,271.4969177246094
145,23,426.1750183105469,273.05596923828125
145,24,411.0517883300781,275.5640563964844
145,25,396.5546569824219,278.1980895996094
145,26,381.88226318359375,280.7785339355469
145,27,494.94354248046875,249.09327697753906
145,28,480.8900146484375,251.23719787597656
145,29,465.63409423828125,252.75289916992188
145,30,452.80218505859375,255.78163146972656
145,31,438.2745666503906,258.1654968261719
145,32,423.5513000488281,260.63385009765625
145,33,409.1477355957031,262.6052551269531
145,34,394.8188171386719,265.0605773925781
145,35,379.6964111328125,267.934814453125
145,37,477.6518859863281,238.88522338867188
145,38,463.9927978515625,240.9977569580078
145,39,449.72784423828125,243.20977783203125
145,40,435.4638366699219,245.48985290527344
145,46,474.5550842285156,226.74725341796875
145,49,433.21087646484375,232.761474609375
145,58,430.92144775390625,220.81256103515625
146,0,900.2163696289062,1048.85498046875
146,1,891.4737548828125,1019.126220703125
146,2,882.9933471679688,989.7693481445312
146,3,874.7665405273438,960.8740234375
146,4,866.7763061523438,931.9220581054688
146,5,859.0096435546875,904.0014038085938
146,6,851.4765625,876.5213012695312
146,7,844.3004760742188,849.604736328125
146,8,837.5865478515625,823.160888671875
146,9,931.5086059570312,1040.11376953125
146,10,922.2776489257812,1010.619140625
146,11,913.3096923828125,981.455810546875
146,12,904.8331909179688,952.7191162109375
146,13,896.2662353515625,924.2343139648438
146,14,888.1032104492188,896.387939453125
146,15,880.2991943359375,869.0323486328125
146,16,872.8546752929688,842.1436157226562
146,17,865.3504028320312,816.2237548828125
146,18,962.2050170898438,1031.0595703125
146,19,952.8141479492188,1002.0330200195312
146,20,943.47021484375,972.9740600585938
146,21,934.4966430664062,944.312255859375
146,22,925.495361328125,916.0925903320312
146,23,917.1090087890625,888.4229736328125
146,24,908.8273315429688,861.3226928710938
146,25,901.0184936523438,834.5723876953125
146,26,893.0946044921875,809.0975341796875
146,27,992.7989501953125,1021.656005859375
146,28,983.098876953125,992.766357421875
146,29,973.47265625,964.0577392578125
146,30,963.7427368164062,935.7986450195312
146,31,954.8523559570312,907.7743530273438
146,32,945.8870239257812,880.4993286132812
146,33,937.29833984375,853.5545654296875
146,34,928.9120483398438,827.3074951171875
146,35,920.810791015625,801.9036865234375
146,36,1023.2394409179688,1011.8545532226562
146,37,1013.1138305664062,983.1930541992188
146,38,1003.169189453125,954.8870239257812
146,39,993.3682250976562,926.9549560546875
146,40,983.8258666992188,899.2144775390625
146,41,974.6018676757812,872.1351318359375
146,42,965.290771484375,845.302001953125
146,43,956.8679809570312,819.7523803710938
146,44,947.963134765625,794.349365234375
146,45,1052.799072265625,1001.8880004882812
146,46,1042.215087890625,973.3206787109375
146,47,1032.3651123046875,945.4088134765625
146,48,1022.2024536132812,917.7030029296875
146,49,1012.08056640625,890.3087158203125
146,50,1002.6946411132812,863.55517578125
146,51,993.4863891601562,837.1221313476562
146,52,983.992431640625,811.43017578125
146,53,975.2077026367188,786.4951782226562
146,54,1081.741455078125,991.9407958984375
146,55,1071.28125,963.7022094726562
146,56,1060.5955810546875,935.6311645507812
146,57,1050.4090576171875,908.3675537109375
146,58,1040.3016357421875,881.1990966796875
146,59,1030.4232177734375,854.94873046875
146,60,1020.5925903320312,828.9751586914062
146,61,1011.0933837890625,803.414306640625
146,62,1001.91015625,778.9583740234375
147,0,857.3109741210938,1078.4781494140625
147,1,858.064208984375,1040.8421630859375
147,2,858.9596557617188,1001.7487182617188
147,3,859.9788818359375,962.01708984375
147,4,861.0316772460938,921.1295166015625
147,5,862.37890625,879.9329833984375
147,6,864.0,838.5369873046875
147,7,865.1569213867188,796.6172485351562
147,8,866.6155395507812,754.7056274414062
147,9,897.6478881835938,1083.06787109375
147,10,898.7803344726562,1044.9315185546875
147,11,899.9552001953125,1005.5474853515625
147,12,901.0670776367188,965.2224731445312
147,13,902.3930053710938,924.0399780273438
147,14,903.5641479492188,882.416259765625
147,15,904.8235473632812,840.2258911132812
147,16,906.032958984375,797.9400024414062
147,17,907.2365112304688,755.5612182617188
147,18,939.0557861328125,1086.6900634765625
147,19,940.490234375,1048.39794921875
147,20,941.7831420898438,1008.6516723632812
147,21,943.0925903320312,968.1318969726562
147,22,944.2936401367188,926.1768188476562
147,23,945.6390380859375,884.3963012695312
147,24,946.7236328125,841.8685302734375
147,25,947.9190063476562,798.9927368164062
147,26,949.2553100585938,756.2362060546875
147,27,981.201416015625,1089.781494140625
147,28,982.8165283203125,1051.12744140625
147,29,984.244384765625,1011.4552612304688
147,30,985.9319458007812,970.2638549804688
147,31,987.2256469726562,928.34375
147,32,988.6565551757812,885.8642578125
147,33,989.6517944335938,843.00634765625
147,34,990.8252563476562,799.7726440429688
147,35,991.7061767578125,756.7769775390625
147,36,1023.9833374023438,1092.333984375
147,37,1025.88671875,1053.4366455078125
147,38,1027.666748046875,1013.0491943359375
147,39,1029.321044921875,972.0948486328125
147,40,1030.7896728515625,929.5272827148438
147,41,1032.287109375,886.8814086914062
147,42,1033.2882080078125,843.8106079101562
147,43,1034.0963134765625,800.1690673828125
147,44,1034.8792724609375,756.8018188476562
147,45,1066.8709716796875,1093.845703125
147,46,1069.1435546875,1055.061279296875
147,47,1071.1981201171875,1014.679443359375
147,48,1073.0123291015625,973.0748901367188
147,49,1074.6143798828125,930.4384155273438
147,50,1076.0086669921875,887.4766845703125
147,51,1076.9259033203125,844.1476440429688
147,52,1077.6966552734375,800.173828125
147,53,1077.9754638671875,756.8088989257812
147,54,1109.7633056640625,1094.4212646484375
147,55,1112.3621826171875,1055.3797607421875
147,56,1114.7105712890625,1014.8453369140625
147,57,1116.63916015625,973.5820922851562
147,58,1118.348876953125,930.71826171875
147,59,1119.7462158203125,887.5639038085938
147,60,1120.681396484375,843.9693603515625
147,61,1120.999267578125,800.168701171875
147,62,1121.22900390625,756.381103515625
148,0,980.4277954101562,986.2190551757812
148,3,917.928955078125,931.92529296875
148,4,898.071533203125,913.9581298828125
148,9,999.6968994140625,966.0534057617188
148,12,937.4369506835938,913.2483520507812
148,13,917.4370727539062,895.9183349609375
148,18,1018.5396728515625,946.2731323242188
148,19,997.4910278320312,929.0011596679688
148,20,976.675048828125,911.8209838867188
148,23,917.0498046875,860.9090576171875
148,27,1036.8367919921875,926.7438354492188
148,28,1015.7610473632812,909.801513671875
148,29,995.0582885742188,892.8787841796875
148,36,1054.6405029296875,907.0481567382812
148,37,1033.689208984375,890.6851806640625
148,38,1013.004638671875,874.2869873046875
148,39,992.8551635742188,858.0303344726562
148,45,1071.7939453125,888.09326171875
148,46,1051.03955078125,871.8761596679688
148,47,1030.2728271484375,855.9408569335938
148,48,1010.2941284179688,840.1272583007812
149,0,602.431396484375,280.9162292480469
149,1,587.512451171875,283.567138671875
149,2,572.2487182617188,286.683349609375
149,3,557.294677734375,289.6468505859375
149,4,541.1077270507812,292.6395263671875
149,5,525.7655639648438,295.37982177734375
149,6,509.914794921875,298.1322937011719
149,7,493.9610900878906,301.1930847167969
149,8,477.8355407714844,303.78070068359375
149,9,597.5504760742188,269.3824157714844
149,10,582.9190673828125,271.59222412109375
149,11,568.264404296875,274.886474609375
149,12,553.3199462890625,277.636962890625
149,13,538.1920166015625,280.69842529296875
149,14,522.5164184570312,283.8573913574219
149,15,507.6465759277344,286.5114440917969
149,16,492.11090087890625,288.90606689453125
149,17,476.8038330078125,291.7870788574219
149,18,592.6588134765625,258.4393005371094
149,21,549.7367553710938,267.0361022949219
149,22,534.999755859375,269.6495361328125
149,25,490.26177978515625,277.7373352050781
149,26,475.0438232421875,280.7332763671875
149,27,588.1468505859375,248.73220825195312
149,34,488.9134826660156,266.7853698730469
149,35,473.87457275390625,270.0643615722656
149,43,487.1324768066406,257.03851318359375
149,44,473.0216979980469,259.5676574707031
149,48,539.8331909179688,236.8931121826172
150,0,899.2764892578125,1053.73681640625
150,1,893.788818359375,1022.4420776367188
150,2,888.2337036132812,991.1719970703125
150,3,883.0305786132812,960.3214111328125
150,4,877.9966430664062,929.820556640625
150,5,873.0494384765625,899.9281005859375
150,6,868.3255004882812,870.4713134765625
150,7,863.820068359375,841.739990234375
150,8,859.565673828125,813.556396484375
150,9,932.2123413085938,1048.0093994140625
150,10,926.3280639648438,1016.8502807617188
150,11,920.4451904296875,985.9163818359375
150,12,914.7752075195312,955.05029296875
150,13,909.2442626953125,924.7213745117188
150,14,903.8930053710938,894.8172607421875
150,15,898.8253173828125,865.4380493164062
150,16,893.8698120117188,836.6980590820312
150,17,889.0578002929688,808.3927001953125
150,18,964.9010620117188,1042.105712890625
150,19,958.6953125,1010.9605712890625
150,20,952.5631103515625,980.1023559570312
150,21,946.4646606445312,949.3521118164062
150,22,940.33203125,919.0685424804688
150,23,934.6490478515625,889.3057250976562
150,24,929.0628051757812,860.0736083984375
150,25,923.6979370117188,831.3856811523438
150,26,918.3937377929688,803.7958374023438
150,27,997.456787109375,1035.3768310546875
150,28,990.6533813476562,1004.5584716796875
150,29,984.19482421875,974.0319213867188
150,30,977.8932495117188,943.3045043945312
150,31,971.6422119140625,913.2401733398438
150,32,965.40283203125,883.5931396484375
150,33,959.4423828125,854.697021484375
150,34,953.597900390625,826.30712890625
150,35,947.778076171875,798.4786987304688
150,36,1029.7457275390625,1028.6185302734375
150,37,1023.0183715820312,997.768798828125
150,38,1016.1832275390625,967.0879516601562
150,39,1009.1858520507812,936.8488159179688
150,40,1002.3186645507812,907.0115966796875
150,41,995.8086547851562,877.6690063476562
150,42,989.5357666015625,848.8385009765625
150,43,983.2300415039062,820.6766967773438
150,44,977.149169921875,793.1932983398438
150,45,1061.4002685546875,1021.2298583984375
150,46,1054.4310302734375,990.6355590820312
150,47,1047.3128662109375,960.2645874023438
150,48,1040.1600341796875,930.2408447265625
150,49,1033.0830078125,900.582763671875
150,50,1026.1156005859375,871.2942504882812
150,51,1019.2012329101562,842.7507934570312
150,52,1012.4976806640625,814.7243041992188
150,53,1006.0068359375,787.4415893554688
150,54,1092.65087890625,1013.5482788085938
150,55,1085.64111328125,983.2896118164062
150,56,1077.8896484375,953.1156616210938
150,57,1070.6287841796875,923.2351684570312
150,58,1063.271728515625,893.6627807617188
150,59,1055.8548583984375,864.793212890625
150,60,1048.8912353515625,836.6430053710938
150,61,1041.564453125,808.8279418945312
150,62,1034.38916015625,781.6690063476562
151,0,494.18377685546875,338.2828369140625
151,1,479.0916442871094,341.2449645996094
151,2,464.185302734375,343.8916320800781
151,3,449.1874694824219,345.99786376953125
151,4,433.3184509277344,348.6835632324219
151,5,416.7760314941406,351.761962890625
151,6,402.11004638671875,352.9949951171875
151,7,386.1080627441406,356.0465393066406
151,8,371.05584716796875,358.0402526855469
151,9,492.0296325683594,323.2835388183594
151,10,477.1604309082031,325.671142578125
151,11,462.1104431152344,328.7424621582031
151,12,446.42071533203125,331.024658203125
151,13,430.7952575683594,333.2294616699219
151,14,414.83154296875,335.99188232421875
151,15,399.7502746582031,338.0975646972656
151,16,383.988525390625,340.2945251464844
151,17,368.5757751464844,342.9169921875
151,18,490.0157775878906,307.5625915527344
151,19,475.1890563964844,310.1688232421875
151,20,459.2055969238281,312.9574279785156
151,21,444.1786804199219,315.1719665527344
151,22,428.27056884765625,317.68414306640625
151,23,412.4942321777344,320.4164123535156
151,24,397.0793762207031,322.37139892578125
151,25,381.2539978027344,325.2565002441406
151,26,366.09246826171875,326.95074462890625
151,27,487.5305480957031,292.37652587890625
151,28,472.359619140625,294.81854248046875
151,29,457.23553466796875,297.2345275878906
151,30,441.2888488769531,299.90283203125
151,31,426.0384216308594,302.7063903808594
151,32,410.0670166015625,304.9534606933594
151,33,394.31201171875,307.2958679199219
151,34,379.04229736328125,309.1258544921875
151,35,363.0596923828125,312.1319885253906
151,36,485.00494384765625,277.0629577636719
151,37,470.02008056640625,279.4476318359375
151,38,454.5762939453125,281.2568054199219
151,39,438.9153747558594,284.4439392089844
151,40,423.23468017578125,285.7359924316406
151,41,407.43389892578125,289.4072265625
151,42,392.13006591796875,290.9468688964844
151,43,376.1903076171875,294.17169189453125
151,44,361.4678649902344,295.96649169921875
151,45,482.388427734375,261.844970703125
151,46,467.0957946777344,263.93341064453125
151,47,452.0811462402344,266.07403564453125
151,48,436.3116149902344,268.6997375488281
151,49,421.0198059082031,271.3911437988281
151,50,405.2224426269531,273.3495178222656
151,51,389.2530212402344,276.3166809082031
151,52,374.2605895996094,277.76495361328125
151,53,359.281494140625,281.123779296875
151,54,479.8879699707031,246.26535034179688
151,55,463.60845947265625,248.23898315429688
151,56,448.8758850097656,251.1390838623047
151,57,434.09033203125,253.16909790039062
151,58,418.4786376953125,255.84844970703125
151,59,402.9607238769531,258.1683349609375
151,60,387.499267578125,259.9403381347656
151,61,372.12432861328125,263.52349853515625
151,62,357.01025390625,265.053466796875
152,0,979.20361328125,978.5403442382812
152,1,958.3399658203125,960.0468139648438
152,2,938.0023193359375,941.6371459960938
152,3,918.272705078125,923.3878173828125
152,4,898.8194580078125,905.1707153320312
152,5,880.083984375,887.58935546875
152,6,861.9661865234375,870.0635375976562
152,9,998.9160766601562,958.9064331054688
152,10,978.0657348632812,940.884033203125
152,13,918.6130981445312,887.6946411132812
152,14,899.7666015625,870.2059326171875
152,15,881.4592895507812,853.13916015625
152,18,1017.9443969726562,939.6549682617188
152,19,997.360107421875,922.0768432617188
152,23,918.9635009765625,853.040283203125
152,24,900.5313110351562,836.26513671875
152,27,1036.640380859375,920.41796875
152,28,1016.0435180664062,903.275634765625
152,29,995.7153930664062,886.1575927734375
152,32,937.59765625,836.3223266601562
152,36,1054.8341064453125,901.410400390625
152,37,1034.2796630859375,884.675537109375
152,38,1013.92333984375,868.0534057617188
152,39,994.3174438476562,851.55615234375
152,40,974.7877807617188,835.4732055664062
152,41,955.9467163085938,819.2911376953125
152,45,1072.1572265625,882.86279296875
152,46,1051.883544921875,866.1849975585938
153,0,1010.2238159179688,978.065673828125
153,1,982.9564819335938,954.213623046875
153,2,956.2230224609375,930.6002807617188
153,3,930.4588012695312,907.1463623046875
153,4,905.2474365234375,883.840087890625
153,5,881.06884765625,861.2392578125
153,6,857.8200073242188,839.1495971679688
153,7,835.249755859375,817.1766967773438
153,8,813.7874755859375,795.936767578125
153,9,1035.134521484375,952.0520629882812
153,10,1007.994873046875,928.9867553710938
153,11,981.341552734375,906.1948852539062
153,12,955.462158203125,883.452392578125
153,13,930.1373291015625,861.0979614257812
153,14,905.8905029296875,839.0167236328125
153,15,882.333740234375,817.3487548828125
153,16,859.7863159179688,796.0704345703125
153,17,838.1232299804688,775.6699829101562
153,18,1058.9417724609375,926.8224487304688
153,19,1031.9537353515625,904.2393798828125
153,20,1005.518798828125,882.1099243164062
153,21,979.5715942382812,860.249755859375
153,22,954.4456176757812,838.3731079101562
153,23,930.0390625,817.0338745117188
153,24,906.5555419921875,795.951904296875
153,25,883.8239135742188,775.541748046875
153,26,861.9351196289062,756.0878295898438
153,27,1081.8946533203125,901.7655029296875
153,28,1055.014892578125,879.9619140625
153,29,1028.77734375,858.2381591796875
153,30,1002.8935546875,837.247314453125
153,31,977.826416015625,816.1570434570312
153,32,953.5186767578125,795.6730346679688
153,33,930.0023193359375,775.2774658203125
153,34,907.1600341796875,755.6764526367188
153,35,885.093017578125,736.8568725585938
153,36,1104.057373046875,876.9710693359375
153,37,1077.3526611328125,855.9177856445312
153,38,1051.05078125,835.1102905273438
153,39,1025.6497802734375,814.3450927734375
153,40,1000.3765869140625,794.402099609375
153,41,976.2776489257812,774.3729248046875
153,42,952.7483520507812,754.6995849609375
153,43,929.9346923828125,735.8232421875
153,44,907.8535766601562,717.59765625
153,45,1124.9931640625,852.9712524414062
153,46,1098.843994140625,832.308349609375
153,47,1072.8492431640625,812.2843017578125
153,48,1047.2637939453125,792.2301025390625
153,49,1022.2468872070312,773.0208129882812
153,50,998.0867309570312,753.5777587890625
153,51,974.686279296875,734.7778930664062
153,52,951.764892578125,716.2730712890625
153,53,929.46240234375,698.8375244140625
153,54,1144.8973388671875,829.9458618164062
153,55,1118.97607421875,809.9841918945312
153,56,1093.289306640625,790.2769165039062
153,57,1068.234619140625,771.0283813476562
153,58,1043.38134765625,751.9649047851562
153,59,1019.2319946289062,733.5260009765625
153,60,995.7108154296875,715.3320922851562
153,61,973.0858154296875,697.5404663085938
153,62,950.8148193359375,680.4534912109375
154,0,794.0628051757812,1006.1038818359375
154,1,774.1958618164062,984.439453125
154,2,755.25830078125,963.202880859375
154,3,737.157470703125,942.3036499023438
154,4,719.6365966796875,921.9547119140625
154,5,703.0593872070312,902.2454223632812
154,6,687.3900146484375,883.1604614257812
154,7,672.04833984375,864.1339721679688
154,9,817.244873046875,985.7603759765625
154,10,797.1503295898438,964.624755859375
154,11,778.0420532226562,944.0491333007812
154,12,759.630126953125,923.7194213867188
154,15,708.9213256835938,865.6426391601562
154,16,693.2158813476562,847.0972290039062
154,17,678.3546752929688,829.4625854492188
154,18,840.385986328125,965.4412841796875
154,19,820.1409301757812,944.951904296875
154,20,800.4913940429688,924.7489013671875
154,24,730.09814453125,848.2714233398438
154,25,714.2724609375,830.3690795898438
154,26,699.4010009765625,813.480224609375
154,27,863.12158203125,945.1967163085938
154,28,842.565185546875,925.0299682617188
154,29,822.7386474609375,905.23486328125
154,32,768.1714477539062,849.1387329101562
154,33,751.3118286132812,831.15234375
154,34,735.320556640625,813.8375854492188
154,36,885.3876342773438,924.6900634765625
154,37,864.8445434570312,905.1705932617188
154,38,844.7718505859375,886.114501953125
154,39,825.6637573242188,867.2423095703125
154,40,807.151611328125,849.1052856445312
154,41,789.4603271484375,831.2486572265625
154,42,772.301025390625,813.83984375
154,45,907.2755126953125,904.4818115234375
154,46,886.4896240234375,885.2192993164062
154,47,866.36767578125,866.7045288085938
154,48,846.9445190429688,848.5479736328125
154,55,907.8132934570312,866.0567016601562
154,56,887.4567260742188,847.8449096679688
154,62,780.6575317382812,748.6193237304688
155,0,966.4887084960938,1010.7476806640625
155,1,928.3136596679688,980.758056640625
155,2,891.5645141601562,951.2110595703125
155,3,856.8501586914062,922.1831665039062
155,4,823.5534057617188,893.8192749023438
155,5,792.4550170898438,866.5540771484375
155,6,763.4326171875,840.4257202148438
155,7,735.7579956054688,814.9955444335938
155,8,709.9214477539062,790.6570434570312
155,9,997.8897094726562,971.8444213867188
155,10,959.2003173828125,942.9566650390625
155,11,922.4527587890625,914.5220336914062
155,12,887.0446166992188,886.69970703125
155,13,853.5181884765625,859.565185546875
155,14,821.6390380859375,833.2109985351562
155,15,791.7598266601562,807.9270629882812
155,16,763.2521362304688,783.4032592773438
155,17,737.0007934570312,760.42529296875
155,18,1028.376220703125,933.0410766601562
155,19,989.634765625,905.1983032226562
155,20,952.304931640625,877.827392578125
155,21,916.8167724609375,851.2431640625
155,22,882.6795043945312,825.1939697265625
155,23,850.2691040039062,799.8618774414062
155,24,819.7469482421875,775.5120239257812
155,25,790.9932250976562,752.4054565429688
155,26,764.4287719726562,730.8237915039062
155,27,1058.008056640625,894.1903686523438
155,28,1019.2108154296875,867.5078735351562
155,29,981.5737915039062,841.0106811523438
155,30,945.7849731445312,815.7279052734375
155,31,911.2984619140625,790.9246215820312
155,32,878.8294677734375,767.024658203125
155,33,847.7622680664062,743.88720703125
155,34,818.7545776367188,721.8624877929688
155,35,791.5131225585938,701.283935546875
155,36,1086.6435546875,855.3240356445312
155,37,1047.7818603515625,829.8311767578125
155,38,1010.1149291992188,804.8189697265625
155,39,974.0106811523438,780.3666381835938
155,40,939.4114990234375,757.0428466796875
155,41,906.5643310546875,734.1926879882812
155,42,875.2313232421875,712.134765625
155,43,845.78076171875,691.4960327148438
155,44,818.1181640625,671.94189453125
155,45,1113.8096923828125,817.5562744140625
155,46,1075.0836181640625,792.7525024414062
155,47,1037.5291748046875,768.9935913085938
155,48,1001.2559814453125,745.885498046875
155,49,966.6874389648438,723.6873168945312
155,50,933.45556640625,701.9635009765625
155,51,901.822998046875,680.9981689453125
155,52,872.0925903320312,661.5477294921875
155,53,843.9203491210938,643.1190185546875
155,54,1139.5531005859375,780.875
155,55,1101.210693359375,757.2979736328125
155,56,1063.765625,734.5223388671875
155,57,1027.6412353515625,712.3251342773438
155,58,992.748291015625,690.9744262695312
155,59,959.6248168945312,670.6066284179688
155,60,927.9826049804688,651.1298828125
155,61,897.86376953125,632.4135131835938
155,62,869.2713623046875,615.0057983398438
156,0,603.97705078125,280.97564697265625
156,1,589.684326171875,284.53204345703125
156,2,574.6368408203125,287.4468078613281
156,3,559.1759643554688,291.44622802734375
156,4,543.9736328125,294.1672668457031
156,5,528.3947143554688,297.6745300292969
156,6,512.5911865234375,301.07513427734375
156,7,496.87652587890625,304.541259765625
156,9,599.1763305664062,269.5869140625
156,10,584.94189453125,272.7977294921875
156,11,570.4098510742188,276.07049560546875
156,12,555.4065551757812,279.5635986328125
156,15,510.24041748046875,289.0455627441406
156,16,494.9161071777344,292.0134582519531
156,17,480.4758605957031,294.7156677246094
156,18,594.0711059570312,258.69317626953125
156,19,579.1531982421875,261.34832763671875
156,20,566.2564697265625,265.037841796875
156,21,552.31005859375,268.72967529296875
156,24,508.10626220703125,277.0286560058594
156,25,493.8749694824219,280.12384033203125
156,26,478.6288757324219,283.7434997558594
156,31,534.4564819335938,260.722900390625
156,32,520.2814331054688,263.918701171875
156,41,517.4561767578125,253.86351013183594
157,0,605.0506591796875,275.8542785644531
157,3,561.4174194335938,288.1824035644531
157,4,546.0418701171875,292.4931945800781
157,5,530.9096069335938,296.829345703125
157,6,515.9812622070312,300.2721252441406
157,7,500.7483215332031,304.3903503417969
157,8,485.5480041503906,307.6657409667969
157,9,600.1438598632812,264.1965637207031
157,12,557.2349243164062,276.92633056640625
157,13,542.5027465820312,280.7847900390625
157,14,527.6925048828125,284.86865234375
157,15,513.180908203125,288.6963195800781
157,16,498.0909423828125,292.0495910644531
157,17,483.5895080566406,296.0503845214844
157,19,581.2735595703125,258.16094970703125
157,20,566.9680786132812,261.9045104980469
157,21,553.3301391601562,265.8443908691406
157,22,538.8150634765625,269.9142761230469
157,28,576.6716918945312,247.88284301757812
157,29,563.11328125,251.34564208984375
157,30,549.1264038085938,255.06948852539062
158,0,863.5142822265625,1039.9639892578125
158,1,847.9806518554688,1014.287841796875
158,2,832.8347778320312,988.8197021484375
158,3,818.6143188476562,963.8728637695312
158,4,804.5845336914062,939.5594482421875
158,5,791.2673950195312,915.7245483398438
158,6,778.7875366210938,892.6975708007812
158,7,766.651123046875,870.0540161132812
158,9,890.9707641601562,1024.220458984375
158,10,874.8768920898438,998.916015625
158,11,859.6176147460938,974.0482177734375
158,12,844.9799194335938,949.5552978515625
158,13,830.57470703125,925.4324951171875
158,14,816.8329467773438,901.9970703125
158,15,803.8270874023438,879.0750732421875
158,16,790.8513793945312,856.7177124023438
158,18,918.0524291992188,1008.4309692382812
158,19,901.8153076171875,983.3216552734375
158,20,886.0794677734375,958.7662353515625
158,21,871.0587768554688,934.6767578125
158,22,856.1182861328125,911.1358642578125
158,23,842.3577880859375,887.9668579101562
158,24,828.6644287109375,865.2783813476562
158,25,815.6152954101562,843.305908203125
158,27,944.935302734375,992.2784423828125
158,28,928.254150390625,967.5087280273438
158,29,912.02783203125,943.2880859375
158,30,896.6097412109375,919.7926025390625
158,31,881.6388549804688,896.4016723632812
158,32,867.2758178710938,873.9425048828125
158,35,827.30810546875,809.5711669921875
158,36,971.5525512695312,975.9224243164062
158,37,954.6981811523438,951.5780029296875
158,38,938.2069702148438,927.98974609375
158,39,922.32666015625,904.5259399414062
158,40,906.9706420898438,881.9279174804688
158,41,892.0048217773438,859.5515747070312
158,44,850.922119140625,796.32861328125
158,45,997.3591918945312,959.2507934570312
158,46,980.3343505859375,935.3999633789062
158,47,963.7517700195312,912.2855834960938
158,48,947.48779296875,889.3353271484375
158,49,931.9032592773438,867.2041015625
158,50,916.5870361328125,844.94873046875
158,51,901.8430786132812,823.6375122070312
158,52,887.8856201171875,802.9447631835938
158,54,1022.7732543945312,943.0969848632812
158,55,1005.6071166992188,919.504638671875
158,56,988.6642456054688,896.6669311523438
158,57,972.1241455078125,874.1088256835938
158,58,956.4000854492188,852.0786743164062
158,59,940.5269165039062,830.84326171875
158,60,925.9067993164062,809.925537109375
158,61,911.8391723632812,789.457763671875
159,0,500.3783874511719,237.0428009033203
159,1,484.7649841308594,239.05148315429688
159,2,467.745849609375,240.3875274658203
159,3,450.0556335449219,241.26190185546875
159,4,433.92584228515625,243.80429077148438
159,5,416.9716796875,245.76522827148438
159,6,399.2170104980469,246.9539337158203
159,7,381.7052001953125,249.0054931640625
159,8,364.63250732421875,250.48231506347656
159,11,464.5518798828125,230.74171447753906
159,12,448.0396423339844,232.02565002441406
159,13,431.63446044921875,234.12887573242188
159,14,414.9833679199219,235.27041625976562
159,17,365.4905090332031,240.06903076171875
160,0,1012.8697509765625,991.6070556640625
160,1,987.8277587890625,970.7305297851562
160,2,963.1758422851562,949.9379272460938
160,3,939.305908203125,929.4933471679688
160,4,915.9723510742188,908.6415405273438
160,5,893.608154296875,888.7463989257812
160,6,871.89013671875,869.0234375
160,7,850.8928833007812,849.5023193359375
160,8,830.6787719726562,830.3911743164062
160,9,1034.8724365234375,968.1788330078125
160,10,1009.8885498046875,947.9251708984375
160,11,985.3704833984375,927.9002075195312
160,12,961.692626953125,907.9124145507812
160,13,938.2533569335938,888.0787353515625
160,14,915.7642822265625,868.39453125
160,15,894.087890625,849.3054809570312
160,16,872.928466796875,830.2880859375
160,17,852.6361083984375,811.8396606445312
160,18,1055.8656005859375,945.4307250976562
160,19,1031.0474853515625,925.6555786132812
160,20,1006.7303466796875,906.11767578125
160,21,983.015869140625,886.8453369140625
160,22,959.8233032226562,867.7376708984375
160,23,937.30615234375,848.74951171875
160,24,915.5914306640625,829.7138671875
160,27,1076.18798828125,922.8370971679688
160,28,1051.33984375,903.69287109375
160,29,1027.392333984375,884.4571533203125
160,30,1003.754150390625,866.0370483398438
160,31,980.7110595703125,847.4832763671875
160,32,958.24609375,829.1655883789062
160,33,936.2677001953125,811.0506591796875
160,36,1095.7998046875,900.4303588867188
160,37,1071.5595703125,882.0140380859375
160,38,1047.3477783203125,863.5989990234375
160,39,1023.928955078125,845.2489013671875
160,40,1000.88525390625,827.716552734375
160,43,934.88720703125,773.8161010742188
160,45,1114.543701171875,878.8311767578125
160,46,1090.387451171875,860.6314086914062
160,47,1066.605712890625,842.88525390625
160,48,1043.4697265625,825.38916015625
160,49,1020.1492309570312,808.1554565429688
160,54,1132.3963623046875,857.9389038085938
160,55,1108.4136962890625,840.4728393554688
160,56,1084.8690185546875,822.956787109375
161,0,980.3875122070312,986.2786865234375
161,1,959.1873168945312,967.9698486328125
161,2,938.2376708984375,949.87109375
161,3,917.9517822265625,931.9208984375
161,4,898.0798950195312,913.9838256835938
161,5,878.9154052734375,896.398193359375
161,6,860.2315063476562,879.0902709960938
161,9,999.7443237304688,966.1021118164062
161,10,978.5180053710938,948.2622680664062
161,11,957.794677734375,930.7922973632812
161,12,937.4584350585938,913.2127075195312
161,13,917.4744873046875,895.8297119140625
161,14,898.271728515625,878.6328125
161,18,1018.48193359375,946.4081420898438
161,19,997.3591918945312,928.99853515625
161,20,976.647705078125,911.8546142578125
161,23,917.0201416015625,860.9276123046875
161,27,1036.8536376953125,926.7001342773438
161,28,1015.8177490234375,909.8192138671875
161,29,995.0698852539062,892.8719482421875
161,32,935.5809326171875,843.6145629882812
161,33,916.7662963867188,827.3701782226562
161,36,1054.6646728515625,907.0486450195312
161,37,1033.6719970703125,890.7507934570312
161,38,1012.9776000976562,874.28564453125
161,41,953.5222778320312,826.1213989257812
161,42,934.7667236328125,810.3441162109375
161,45,1071.7659912109375,888.0242919921875
161,46,1051.091552734375,871.88037109375
161,47,1030.4669189453125,855.9237060546875
162,0,503.92181396484375,267.0373840332031
162,1,489.0093078613281,269.87005615234375
162,2,473.3556213378906,271.62384033203125
162,5,426.19915771484375,278.1758117675781
162,6,409.3802185058594,280.6112365722656
162,9,500.03729248046875,255.94430541992188
162,10,485.1338195800781,257.46124267578125
162,14,423.9908142089844,265.98541259765625
162,15,408.38983154296875,267.86163330078125
162,18,495.9402160644531,244.74160766601562
162,19,481.7443542480469,246.60154724121094
162,22,436.9346008300781,252.4880828857422
162,25,392.1398620605469,258.0752868652344
162,26,376.7369689941406,260.595458984375
162,27,492.32958984375,234.1664581298828
162,28,478.2526550292969,235.99032592773438
162,29,464.154296875,237.5762939453125
162,30,448.5618896484375,239.80714416503906
162,31,434.67266845703125,241.8642578125
162,34,390.6598815917969,247.43357849121094
162,35,375.68017578125,249.93359375
162,43,389.7245788574219,237.1831817626953
162,44,375.6615295410156,239.08212280273438
163,0,980.3074340820312,986.2496948242188
163,1,959.2677001953125,968.02001953125
163,2,938.3131103515625,949.7250366210938
163,3,917.9680786132812,932.0245361328125
163,4,898.1048583984375,913.9732055664062
163,5,878.9293823242188,896.4681396484375
163,6,860.0606689453125,879.158203125
163,9,999.7677001953125,966.06982421875
163,10,978.5362548828125,948.333740234375
163,11,957.6461791992188,930.7780151367188
163,12,937.4312744140625,913.1804809570312
163,13,917.4281616210938,895.8215942382812
163,14,898.2479248046875,878.6554565429688
163,15,879.6607055664062,861.7280883789062
163,18,1018.6447143554688,946.2959594726562
163,19,997.466064453125,929.1215209960938
163,20,976.7443237304688,911.8284301757812
163,23,917.106201171875,860.9072265625
163,24,898.30322265625,844.1243896484375
163,27,1036.81201171875,926.7923583984375
163,28,1015.677978515625,909.7923583984375
163,32,935.5387573242188,843.7538452148438
163,36,1054.7666015625,907.0659790039062
163,37,1033.75048828125,890.5772094726562
163,41,953.6661376953125,826.0272216796875
163,44,898.5623168945312,780.35693359375
163,47,1030.3126220703125,856.0260620117188
163,50,971.2935180664062,809.1376953125
163,56,1047.2684326171875,838.0599365234375
163,59,988.0360717773438,792.3466796875
164,2,405.8829650878906,465.17486572265625
164,3,393.112060546875,459.1727600097656
164,6,357.9462890625,441.2977600097656
164,9,436.8412780761719,463.32135009765625
164,10,424.76898193359375,458.7076110839844
164,11,412.2494812011719,453.0000305175781
164,12,399.8445739746094,447.23516845703125
164,15,364.2756042480469,430.2901611328125
164,18,443.4503173828125,451.8940734863281
164,19,430.72613525390625,446.53643798828125
164,20,418.1214904785156,441.1531677246094
164,24,370.60302734375,419.0946044921875
164,29,424.15521240234375,429.2477111816406
164,38,429.67523193359375,416.842529296875
165,0,475.9319152832031,379.823486328125
165,1,459.95501708984375,380.76190185546875
165,2,443.37078857421875,382.33233642578125
165,3,427.4586486816406,382.7156066894531
165,4,410.50152587890625,384.0091857910156
165,5,394.5213317871094,384.79730224609375
165,6,378.5587463378906,385.0011901855469
165,7,363.7247009277344,385.21893310546875
165,8,348.513427734375,385.0355224609375
165,9,474.867919921875,363.71502685546875
165,10,458.411376953125,365.2261657714844
165,11,442.5607604980469,365.9651794433594
165,12,425.82000732421875,367.1082763671875
165,13,410.2584533691406,367.5843811035156
165,14,393.8505554199219,368.6136474609375
165,18,473.805908203125,347.9664001464844
165,19,457.6755676269531,349.0764465332031
165,20,440.8504333496094,350.2847595214844
165,21,425.1048583984375,351.3047790527344
165,22,409.70989990234375,351.932861328125
165,23,393.7086181640625,352.769775390625
165,27,472.62261962890625,331.8674621582031
165,28,456.65631103515625,333.1624450683594
165,29,440.4287414550781,334.4897766113281
165,30,424.82659912109375,334.91314697265625
165,31,409.0400695800781,335.4136047363281
165,32,392.916748046875,337.0544738769531
165,33,377.857666015625,337.6977233886719
165,34,362.46875,338.67498779296875
165,35,347.95452880859375,338.5204772949219
165,36,471.0879821777344,316.2160339355469
165,37,455.36639404296875,317.9660339355469
165,38,439.6568603515625,318.2824401855469
165,39,423.88153076171875,319.487548828125
165,40,407.2235412597656,320.91534423828125
165,41,392.669921875,321.81494140625
165,42,376.7474060058594,322.5281677246094
165,43,361.5361633300781,323.4449462890625
165,44,347.23602294921875,323.9057922363281
165,45,470.0986022949219,300.944580078125
165,46,453.8722839355469,302.0926513671875
165,47,438.3471984863281,303.3194580078125
165,48,422.7696533203125,304.3788146972656
165,49,407.21075439453125,305.3195495605469
165,50,392.1446838378906,306.6150207519531
165,51,376.6802673339844,307.2690734863281
165,52,361.3724060058594,308.1106262207031
165,53,347.6682434082031,308.85400390625
165,54,468.50726318359375,285.5891418457031
165,55,453.31561279296875,286.5199890136719
165,56,437.77386474609375,287.8900146484375
165,57,421.9465026855469,289.5075988769531
165,58,406.6166687011719,290.1123046875
165,59,391.7069091796875,291.7498779296875
165,60,376.4347229003906,292.01544189453125
165,61,361.99627685546875,293.33001708984375
165,62,347.2126159667969,294.3275146484375
166,0,973.616943359375,1010.729248046875
166,1,934.8787841796875,981.168212890625
166,2,897.6508178710938,951.7593383789062
166,3,862.456787109375,923.06787109375
166,4,828.6880493164062,894.8365478515625
166,5,797.334228515625,867.8821411132812
166,6,767.775146484375,841.9285278320312
166,7,739.6923828125,816.6276245117188
166,8,713.5396728515625,792.6573486328125
166,9,1004.8876342773438,971.7160034179688
166,10,965.9117431640625,943.1138305664062
166,11,928.689208984375,915.0999755859375
166,12,893.0082397460938,887.564697265625
166,13,858.9100341796875,860.7765502929688
166,14,826.8096923828125,834.7718505859375
166,15,796.5636596679688,809.7264404296875
166,16,767.8035278320312,785.466552734375
166,17,741.116455078125,762.6376342773438
166,18,1035.3277587890625,932.8949584960938
166,19,996.2777709960938,905.3916015625
166,20,958.6218872070312,878.5538330078125
166,21,922.798583984375,852.23974609375
166,22,888.2942504882812,826.67431640625
166,23,855.69580078125,801.717529296875
166,24,824.822265625,777.701171875
166,25,795.9443969726562,754.8443603515625
166,26,769.0296630859375,733.6304931640625
166,27,1064.569580078125,894.2056884765625
166,28,1025.5462646484375,867.9850463867188
166,29,987.7816162109375,842.0280151367188
166,30,951.7214965820312,817.1884765625
166,31,916.9531860351562,792.817138671875
166,32,884.2875366210938,769.3461303710938
166,33,853.1140747070312,746.4409790039062
166,34,823.8040161132812,724.9246826171875
166,35,796.349853515625,704.8639526367188
166,36,1092.665283203125,855.7789916992188
166,37,1053.7816162109375,830.81103515625
166,38,1015.9356689453125,806.2455444335938
166,39,979.8869018554688,782.3402099609375
166,40,945.0281372070312,759.4432983398438
166,41,912.1031494140625,737.15283203125
166,42,880.5784301757812,715.3643188476562
166,43,850.96875,695.1170654296875
166,44,823.1180419921875,675.905517578125
166,45,1119.26025390625,818.4563598632812
166,46,1080.5111083984375,794.277099609375
166,47,1043.0335693359375,771.0897827148438
166,48,1006.856689453125,748.4461669921875
166,49,972.0200805664062,726.83544921875
166,50,938.8674926757812,705.3867797851562
166,51,907.1570434570312,684.9906005859375
166,52,877.1882934570312,665.79443359375
166,53,848.9407958984375,647.659912109375
166,54,1144.1964111328125,782.6480102539062
166,55,1106.0291748046875,759.6408081054688
166,56,1068.7760009765625,737.3035888671875
166,57,1032.735595703125,715.7374877929688
166,58,997.8668212890625,694.9036254882812
166,59,964.7406616210938,674.9223022460938
166,60,933.0054321289062,655.934326171875
166,61,902.9183959960938,637.5607299804688
166,62,874.2672119140625,620.3948364257812
167,0,503.79345703125,262.3750305175781
167,3,457.28515625,269.1319580078125
167,4,440.5835266113281,271.02032470703125
167,5,424.9404602050781,273.3224182128906
167,6,408.00567626953125,274.97833251953125
167,7,392.35137939453125,277.0680236816406
167,8,375.5533142089844,279.49517822265625
167,9,499.5740966796875,250.35691833496094
167,12,454.01715087890625,256.9335632324219
167,15,406.89007568359375,263.5145263671875
167,16,390.7917785644531,265.4204406738281
167,18,495.61712646484375,240.60711669921875
167,19,481.18182373046875,242.7439422607422
167,20,466.15496826171875,244.1197967529297
167,21,451.07904052734375,246.7120361328125
167,24,405.9252014160156,251.9475555419922
167,25,390.5005798339844,254.06622314453125
167,27,491.845458984375,230.5563201904297
167,28,477.2850646972656,232.0809783935547
167,29,463.3360595703125,233.93505859375
167,30,447.65704345703125,236.34295654296875
167,31,434.2113342285156,237.79762268066406
167,32,419.0802307128906,239.61036682128906
167,39,446.388916015625,226.4376220703125
167,40,431.87725830078125,228.1172332763672
168,0,1007.3610229492188,980.3843383789062
168,1,985.5917358398438,960.295166015625
168,2,964.197265625,940.334228515625
168,3,943.2789306640625,920.7584228515625
168,4,922.9486083984375,901.145751953125
168,5,903.3650512695312,882.1618041992188
168,6,884.3048706054688,863.2799682617188
168,7,865.8886108398438,844.8253173828125
168,8,848.0260009765625,826.4620971679688
168,9,1028.6326904296875,959.866943359375
168,10,1006.7728881835938,940.2371826171875
168,11,985.4569091796875,921.0979614257812
168,12,964.5905151367188,901.9773559570312
168,13,944.2106323242188,883.0713500976562
168,14,924.4010009765625,864.3134765625
168,15,905.3515625,845.9666748046875
168,16,886.7820434570312,827.7535400390625
168,17,868.754150390625,810.1227416992188
168,18,1049.0467529296875,939.9111938476562
168,21,985.1846923828125,883.4133911132812
168,22,964.8223876953125,865.0515747070312
168,23,945.1103515625,846.7853393554688
168,24,925.86962890625,828.6404418945312
168,25,907.1981811523438,811.13232421875
168,26,889.1188354492188,794.2084350585938
168,27,1068.8763427734375,920.1312866210938
168,31,984.8853149414062,847.1185302734375
168,32,965.1082763671875,829.5330810546875
168,33,945.96240234375,811.92822265625
168,34,927.05419921875,794.9697265625
168,36,1088.3338623046875,900.3424072265625
168,37,1066.885986328125,882.4180297851562
168,41,984.651123046875,812.1519165039062
168,42,965.4082641601562,795.2872924804688
168,50,1003.6102294921875,795.34619140625
168,51,984.3300170898438,778.7965087890625
168,59,1022.1668701171875,778.8359375
168,60,1002.5834350585938,762.9961547851562
168,61,983.8980712890625,747.2240600585938
168,62,965.538330078125,732.1264038085938
169,0,1008.51416015625,691.9373168945312
169,1,983.8648071289062,663.3681640625
169,2,959.0947875976562,634.7578735351562
169,3,934.59130859375,606.2033081054688
169,4,909.7833862304688,577.5130004882812
169,5,885.3500366210938,549.3482666015625
169,6,861.3104858398438,521.48291015625
169,7,837.551025390625,493.9884033203125
169,8,814.2914428710938,466.91156005859375
169,9,1035.4281005859375,667.2457275390625
169,10,1011.1814575195312,639.1300048828125
169,11,986.67919921875,610.938720703125
169,12,962.2596435546875,582.5933837890625
169,13,937.7815551757812,554.2997436523438
169,14,913.5762939453125,526.5533447265625
169,15,889.6763305664062,499.0442199707031
169,16,865.8931274414062,471.653564453125
169,17,842.7462768554688,445.23846435546875
169,18,1061.584228515625,643.409423828125
169,19,1037.8353271484375,615.4548950195312
169,20,1013.6231689453125,587.5120849609375
169,21,989.512939453125,559.6384887695312
169,22,965.1087036132812,531.872314453125
169,23,941.134033203125,504.21661376953125
169,24,917.3257446289062,477.01739501953125
169,25,893.7308959960938,450.33648681640625
169,26,870.5827026367188,424.594482421875
169,27,1086.9752197265625,619.9310913085938
169,28,1063.5712890625,592.2909545898438
169,29,1039.9468994140625,564.6065063476562
169,30,1015.8716430664062,537.1338500976562
169,31,991.8509521484375,509.81671142578125
169,32,967.9839477539062,482.813720703125
169,33,944.3668212890625,456.093017578125
169,34,920.9473266601562,429.7680969238281
169,35,897.8053588867188,404.607421875
169,36,1111.850830078125,597.0031127929688
169,37,1088.7520751953125,569.8251953125
169,38,1065.240234375,542.5303344726562
169,39,1041.7567138671875,515.3107299804688
169,40,1017.7775268554688,488.57073974609375
169,41,994.1813354492188,461.86688232421875
169,42,970.939453125,435.3358154296875
169,43,947.5770874023438,409.9014892578125
169,44,924.5380249023438,385.01837158203125
169,45,1135.698974609375,575.0824584960938
169,46,1113.0736083984375,547.8680419921875
169,47,1089.9886474609375,521.0975341796875
169,48,1066.6748046875,494.2587585449219
169,49,1043.02880859375,467.95458984375
169,50,1019.7415771484375,441.55694580078125
169,51,996.6550903320312,415.6986389160156
169,52,973.3773803710938,390.5300598144531
169,53,950.5419921875,366.17022705078125
169,54,1158.199462890625,553.835693359375
169,55,1136.10546875,527.0734252929688
169,56,1113.39599609375,500.48577880859375
169,57,1090.624755859375,474.2279968261719
169,58,1067.50244140625,447.976318359375
169,59,1044.4637451171875,422.30926513671875
169,60,1021.396484375,397.02130126953125
169,61,998.393310546875,372.23858642578125
169,62,975.7078857421875,348.1416320800781
170,0,1013.4652099609375,985.5259399414062
170,1,989.7554931640625,965.6618041992188
170,2,966.5965576171875,945.6891479492188
170,3,944.0768432617188,926.2243041992188
170,4,922.2053833007812,906.5299682617188
170,5,901.1549072265625,887.6344604492188
170,6,880.779296875,868.8480834960938
170,7,861.0167236328125,850.2238159179688
170,8,841.896728515625,832.2872924804688
170,9,1034.8597412109375,963.4228515625
170,10,1011.2053833007812,944.0187377929688
170,11,988.0609130859375,924.9148559570312
170,12,965.6569213867188,905.7291870117188
170,13,943.7470703125,886.9842529296875
170,14,922.3759765625,868.5301513671875
170,15,902.0293579101562,850.2420654296875
170,16,882.1561889648438,832.078369140625
170,17,862.684326171875,814.869140625
170,18,1055.2171630859375,941.9246215820312
170,19,1031.822021484375,923.0607299804688
170,20,1008.7713623046875,904.2508544921875
170,21,986.3566284179688,885.9021606445312
170,22,964.4727172851562,867.7210693359375
170,23,943.3460083007812,849.6311645507812
170,24,922.689453125,831.5975341796875
170,25,902.7034912109375,814.2515258789062
170,26,883.5511474609375,797.6386108398438
170,27,1075.02001953125,920.629150390625
170,28,1051.7867431640625,902.203857421875
170,29,1028.935302734375,883.8854370117188
170,30,1006.5694580078125,866.1369018554688
170,31,984.698486328125,848.4306030273438
170,32,963.4537963867188,830.9717407226562
170,33,942.7877197265625,813.76416015625
170,34,922.7194213867188,797.0398559570312
170,35,903.23486328125,780.86572265625
170,36,1094.1431884765625,899.2478637695312
170,37,1071.2052001953125,881.4924926757812
170,38,1048.228515625,864.0281982421875
170,39,1026.0704345703125,846.444580078125
170,40,1004.1970825195312,829.4793701171875
170,41,982.9230346679688,812.5689697265625
170,42,962.3733520507812,795.8960571289062
170,43,942.39453125,779.7208862304688
170,44,922.9271240234375,763.9515991210938
170,45,1112.5123291015625,878.7750244140625
170,46,1089.7156982421875,861.262451171875
170,47,1067.0478515625,844.427978515625
170,48,1044.9034423828125,827.4365844726562
170,49,1022.9949340820312,810.9674682617188
170,50,1001.9356689453125,794.5271606445312
170,51,981.6577758789062,778.1383666992188
170,52,961.33154296875,762.3717041015625
170,53,941.9268188476562,747.5913696289062
170,54,1129.958984375,858.98974609375
170,55,1107.430419921875,841.966796875
170,56,1084.8731689453125,825.4273681640625
170,57,1063.0364990234375,808.7622680664062
170,58,1041.3173828125,792.7506103515625
171,0,870.3860473632812,1083.373046875
171,1,870.540771484375,1046.6346435546875
171,2,870.8656616210938,1008.9277954101562
171,3,870.8834838867188,970.46728515625
171,4,871.2798461914062,931.2574462890625
171,5,871.8800048828125,892.124755859375
171,6,872.72119140625,852.783447265625
171,7,873.0762939453125,813.2290649414062
171,8,873.8395385742188,774.1883544921875
171,9,909.789306640625,1085.97265625
171,10,910.0713500976562,1048.793212890625
171,11,910.2512817382812,1010.76220703125
171,12,910.6822509765625,972.0281372070312
171,13,911.1053466796875,932.522216796875
171,14,911.3455200195312,892.916259765625
171,15,911.746826171875,853.2835083007812
171,16,912.0870361328125,813.4510498046875
171,17,912.3572387695312,774.0040893554688
171,18,949.7875366210938,1087.3876953125
171,19,950.2337646484375,1050.173828125
171,20,950.4842529296875,1011.8218383789062
171,21,950.8448486328125,973.0233154296875
171,22,951.0034790039062,933.0997924804688
171,23,951.2294921875,893.4944458007812
171,24,951.6801147460938,853.5272216796875
171,25,951.724365234375,813.36865234375
171,26,952.0254516601562,773.7948608398438
171,27,990.36279296875,1088.6893310546875
171,28,990.8065185546875,1050.9976806640625
171,29,991.2314453125,1012.75537109375
171,30,991.4998779296875,973.241943359375
171,31,991.7392578125,933.5501098632812
171,32,991.9428100585938,893.4050903320312
171,33,991.9874267578125,853.2742919921875
171,34,991.8973388671875,812.9832153320312
171,35,991.757568359375,773.1297607421875
171,36,1031.13720703125,1088.96875
171,37,1031.71630859375,1051.3485107421875
171,38,1032.313232421875,1012.535400390625
171,39,1032.6077880859375,973.41650390625
171,40,1032.8887939453125,933.0870361328125
171,41,1032.8297119140625,893.0623779296875
171,42,1032.7713623046875,852.6687622070312
171,43,1032.302734375,812.1529541015625
171,44,1031.7674560546875,772.2542114257812
171,45,1072.1280517578125,1088.66162109375
171,46,1072.879150390625,1050.9281005859375
171,47,1073.4080810546875,1012.1250610351562
171,48,1073.9024658203125,972.8141479492188
171,49,1073.864501953125,932.3458251953125
171,50,1073.6968994140625,892.0469970703125
171,51,1073.235107421875,851.7149047851562
171,52,1072.7667236328125,811.0831909179688
171,53,1071.806884765625,771.08740234375
171,54,1112.707763671875,1087.1385498046875
171,55,1113.619140625,1049.6011962890625
171,56,1114.15283203125,1010.704345703125
171,57,1114.5977783203125,971.4296264648438
171,58,1114.693359375,931.1488037109375
171,59,1114.2750244140625,890.8804321289062
171,60,1113.847900390625,850.280029296875
171,61,1112.87548828125,809.8026123046875
171,62,1111.810546875,769.5805053710938
172,0,473.8456726074219,379.03265380859375
172,1,458.1226501464844,380.8045349121094
172,2,441.4806213378906,382.28924560546875
172,3,425.2491760253906,382.98345947265625
172,4,408.7549133300781,384.6397705078125
172,5,392.5394287109375,386.0218811035156
172,6,377.2107238769531,386.2597961425781
172,7,361.8515930175781,387.61431884765625
172,8,346.2733459472656,387.8125305175781
172,9,473.0257568359375,362.629150390625
172,10,456.8562316894531,364.71868896484375
172,11,440.09796142578125,365.4998779296875
172,12,423.7926330566406,367.3677978515625
172,13,407.167236328125,368.8464050292969
172,14,391.7007141113281,369.40594482421875
172,15,375.9986877441406,370.98455810546875
172,16,359.84259033203125,371.9958190917969
172,17,345.2810363769531,372.76202392578125
172,18,471.5404968261719,346.00946044921875
172,19,455.14947509765625,348.2285461425781
172,20,438.59375,348.90625
172,21,422.15899658203125,351.20941162109375
172,22,406.2068176269531,352.5271911621094
172,23,390.13702392578125,353.5926818847656
172,24,374.2945861816406,354.35174560546875
172,25,359.0892639160156,355.9524230957031
172,26,344.06884765625,356.9976806640625
172,27,469.9692687988281,330.34356689453125
172,28,453.497314453125,332.02716064453125
172,29,437.0569152832031,333.62213134765625
172,30,420.4985656738281,335.148193359375
172,31,404.7507019042969,335.8468322753906
172,32,388.91033935546875,337.4443664550781
172,33,373.2392272949219,338.9853210449219
172,34,357.4145812988281,340.3070373535156
172,35,342.361083984375,341.56939697265625
172,36,467.422119140625,314.01324462890625
172,37,452.28106689453125,315.7825622558594
172,38,435.861572265625,318.0077819824219
172,39,419.2807922363281,318.6434631347656
172,40,402.73016357421875,320.4234619140625
172,41,387.33447265625,321.7984619140625
172,42,371.7776794433594,323.1360778808594
172,43,356.0152893066406,324.908935546875
172,44,341.81201171875,325.3685302734375
172,45,466.31927490234375,297.617431640625
172,46,450.1392517089844,299.49969482421875
172,47,433.85931396484375,301.180908203125
172,48,417.9135437011719,302.2465515136719
172,49,401.9371032714844,304.3238830566406
172,50,385.507568359375,305.98919677734375
172,51,370.57806396484375,307.79736328125
172,52,354.9615783691406,308.9917907714844
172,53,340.30682373046875,310.50341796875
172,54,464.5926208496094,281.40887451171875
172,55,448.53790283203125,283.8367004394531
172,56,432.46343994140625,285.5242614746094
172,57,416.4830017089844,286.8426513671875
172,58,400.46575927734375,288.43145751953125
172,59,384.73345947265625,290.3238525390625
172,60,369.18011474609375,292.0369567871094
172,61,354.311767578125,293.440185546875
172,62,339.87939453125,294.6973876953125
173,0,980.4425659179688,986.3279418945312
173,1,959.1578979492188,967.9939575195312
173,2,938.2315063476562,949.9170532226562
173,3,917.9512329101562,931.971435546875
173,4,898.0872802734375,914.01513671875
173,8,824.3486328125,845.0237426757812
173,9,999.7076416015625,966.0502319335938
173,10,978.643310546875,948.4092407226562
173,11,957.8129272460938,930.8277587890625
173,12,937.4443359375,913.2623901367188
173,16,861.0762939453125,844.7468872070312
173,17,843.4212646484375,828.2852172851562
173,18,1018.5325927734375,946.314208984375
173,19,997.4521484375,928.9800415039062
173,20,976.7095947265625,911.890869140625
173,25,879.9595947265625,828.0132446289062
173,26,862.2047729492188,812.3128051757812
173,27,1036.837890625,926.6187744140625
173,28,1015.7718505859375,909.8041381835938
173,29,995.0536499023438,892.87060546875
173,35,880.5616455078125,796.334716796875
173,36,1054.65625,907.0684204101562
173,37,1033.7451171875,890.5781860351562
173,38,1012.9737548828125,874.1896362304688
173,39,992.9066772460938,858.0120239257812
173,40,972.9920043945312,842.0554809570312
173,41,953.6144409179688,826.1475219726562
173,47,1030.4144287109375,855.9002685546875
173,48,1010.2198486328125,840.113037109375
174,0,983.0316772460938,998.0341796875
174,1,962.0355834960938,979.0778198242188
174,2,941.4429321289062,960.2538452148438
174,3,921.3914184570312,941.8494262695312
174,4,901.8745727539062,923.2124633789062
174,5,882.9188842773438,905.1080322265625
174,8,829.1054077148438,852.0618896484375
174,9,1003.0592041015625,978.0712280273438
174,10,982.0032348632812,959.6619262695312
174,11,961.5850830078125,941.438720703125
174,12,941.4296264648438,923.345458984375
174,15,884.1419677734375,870.0547485351562
174,16,866.1923828125,852.7440185546875
174,17,848.727783203125,835.7149047851562
174,18,1022.3656616210938,958.5010986328125
174,19,1001.4285278320312,940.5206298828125
174,20,980.926025390625,922.6201782226562
174,27,1041.070556640625,939.1011352539062
174,28,1020.310302734375,921.4279174804688
174,29,999.9478149414062,903.9097290039062
174,36,1059.5816650390625,919.7047119140625
174,39,998.4230346679688,868.5628662109375
174,40,978.728759765625,852.1836547851562
174,44,905.2047119140625,788.0784301757812
174,49,996.9649047851562,834.8245849609375
175,2,930.9342041015625,947.9271240234375
175,3,912.154296875,928.2601318359375
175,4,893.7645874023438,908.76611328125
175,5,876.3639526367188,889.9165649414062
175,9,992.8040771484375,968.8529052734375
175,10,972.5072021484375,949.012939453125
175,11,953.0437622070312,929.5534057617188
175,12,933.8755493164062,910.08056640625
175,13,915.2786865234375,891.2839965820312
175,14,897.5182495117188,872.6407470703125
175,15,880.3570556640625,854.5219116210938
175,16,863.724853515625,836.524658203125
175,17,847.6742553710938,819.1805419921875
175,18,1014.2839965820312,949.7191772460938
175,19,994.17138671875,930.1420288085938
175,20,974.3165283203125,911.0365600585938
175,21,955.2125854492188,892.294921875
175,22,936.4953002929688,873.7333984375
175,23,918.5850830078125,855.5049438476562
175,24,901.1060180664062,837.6430053710938
175,25,884.1416015625,820.27734375
175,26,868.01708984375,803.4993286132812
175,27,1035.7396240234375,930.389892578125
175,28,1015.2682495117188,911.3767700195312
175,29,995.3729858398438,892.4650268554688
175,30,976.1053466796875,874.2347412109375
175,31,957.2191772460938,856.3035278320312
175,32,939.0855102539062,838.6708984375
175,33,921.5154418945312,821.16162109375
175,34,904.3392333984375,804.2591552734375
175,35,887.947021484375,787.992431640625
175,36,1056.1534423828125,910.976806640625
175,41,959.2947998046875,821.5404663085938
175,42,941.5604248046875,804.5035400390625
175,51,961.13232421875,788.0087890625
176,0,982.5464477539062,986.8482055664062
176,1,952.599609375,962.3853759765625
176,2,923.5397338867188,938.1185302734375
176,3,895.4768676757812,914.4210205078125
176,4,868.3068237304688,890.8696899414062
176,5,842.5541381835938,868.1815795898438
176,6,817.9967651367188,845.909423828125
176,7,794.3486938476562,824.197998046875
176,8,771.9220581054688,803.2210083007812
176,9,1008.6522827148438,957.2161254882812
176,10,978.5300903320312,933.6997680664062
176,11,949.434814453125,910.4771118164062
176,12,921.256103515625,887.4327392578125
176,13,894.0399780273438,864.8856201171875
176,14,867.9550170898438,842.7548217773438
176,15,843.0582275390625,821.1697387695312
176,16,819.059326171875,799.9951171875
176,17,796.3681640625,779.8690795898438
176,18,1033.8544921875,928.2505493164062
176,19,1003.8048706054688,905.3941650390625
176,20,974.6201782226562,882.8538208007812
176,21,946.35595703125,860.7006225585938
176,22,919.0460205078125,838.9071044921875
176,23,892.7410888671875,817.5652465820312
176,24,867.52294921875,796.5274658203125
176,25,843.3849487304688,776.4031372070312
176,26,820.4713134765625,757.4501342773438
176,27,1058.2723388671875,899.4967651367188
176,28,1028.184814453125,877.309326171875
176,29,999.03662109375,855.4320678710938
176,30,970.915283203125,834.298583984375
176,31,943.2545166015625,813.1722412109375
176,32,917.1915893554688,792.8822021484375
176,33,891.6644287109375,772.7649536132812
176,34,867.3557739257812,753.4094848632812
176,35,844.3319091796875,735.1622314453125
176,36,1081.7142333984375,870.7562255859375
176,37,1051.90869140625,849.4985961914062
176,38,1022.8473510742188,828.5223999023438
176,39,994.61669921875,807.9486083984375
176,40,967.0501098632812,788.0091552734375
176,41,940.7901000976562,768.3003540039062
176,42,915.189697265625,748.956298828125
176,43,890.738525390625,730.6390380859375
176,44,867.348388671875,712.970458984375
176,45,1104.1473388671875,842.8798828125
176,46,1074.6690673828125,822.1358642578125
176,47,1045.6309814453125,802.1431884765625
176,48,1017.3027954101562,782.3461303710938
176,49,989.9157104492188,763.1406860351562
176,50,963.4174194335938,744.1405029296875
176,51,937.9386596679688,725.6334838867188
176,52,913.3756103515625,707.8975219726562
176,53,890.0000610351562,691.0565185546875
176,54,1125.5958251953125,815.9986572265625
176,55,1096.133056640625,795.9829711914062
176,56,1067.2921142578125,776.4849243164062
176,57,1039.2943115234375,757.5367431640625
176,58,1011.787841796875,738.7017822265625
176,59,985.7068481445312,720.7550048828125
176,60,960.0457153320312,703.2491455078125
176,61,935.4047241210938,686.0029296875
176,62,911.84765625,669.8289794921875
177,0,801.8273315429688,1017.917236328125
177,1,783.1569213867188,994.5595703125
177,2,765.0527954101562,971.8173828125
177,3,748.0450439453125,949.5213623046875
177,4,731.447998046875,927.6005859375
177,5,715.867919921875,906.4690551757812
177,6,701.0617065429688,885.9224853515625
177,7,686.8635864257812,865.5449829101562
177,9,826.5734252929688,998.8104248046875
177,10,807.5449829101562,975.9515991210938
177,11,789.4012451171875,953.7666015625
177,12,771.8593139648438,931.9220581054688
177,13,754.9611206054688,910.4511108398438
177,14,738.9473266601562,889.67724609375
177,17,694.8177490234375,830.236572265625
177,18,851.0355224609375,979.5036010742188
177,19,831.8795776367188,957.32080078125
177,20,813.1942749023438,935.4715576171875
177,21,795.4249877929688,914.1109008789062
177,22,778.3720092773438,893.1847534179688
177,23,761.8310546875,872.7130737304688
177,27,875.3646240234375,960.2603759765625
177,28,855.767333984375,938.3870239257812
177,29,836.8397216796875,916.9334716796875
177,30,818.7924194335938,896.2721557617188
177,33,768.6804809570312,836.325927734375
177,36,899.3099365234375,940.5940551757812
177,37,879.4129028320312,919.294677734375
177,38,860.31298828125,898.4222412109375
177,42,790.9678344726562,819.8331298828125
177,45,922.6282958984375,921.288330078125
177,46,902.4589233398438,900.19677734375
177,47,883.1888427734375,880.060791015625
177,50,829.4196166992188,821.912353515625
177,51,812.6900634765625,803.1934814453125
177,54,945.5138549804688,902.0390625
177,55,925.3060913085938,881.7590942382812
177,56,905.734619140625,861.7796630859375
177,57,887.0610961914062,842.4612426757812
177,58,868.822509765625,823.3269653320312
178,0,833.2156372070312,1033.2830810546875
178,1,816.010009765625,1008.6834716796875
178,2,799.2455444335938,984.1808471679688
178,3,783.2810668945312,960.4597778320312
178,4,767.886474609375,936.8929443359375
178,5,753.36669921875,914.352783203125
178,6,739.36279296875,892.06640625
178,9,859.4525146484375,1015.8863525390625
178,10,841.7427978515625,991.3824462890625
178,11,824.85400390625,967.6941528320312
178,12,808.6611938476562,944.131591796875
178,13,792.8471069335938,921.291015625
178,14,777.7907104492188,898.8759155273438
178,15,763.4403686523438,877.1553955078125
178,18,885.5416870117188,998.10009765625
178,19,867.4144897460938,974.1727905273438
178,20,850.1396484375,950.8431396484375
178,21,833.6591796875,927.9874877929688
178,22,817.331298828125,905.5546875
178,23,801.9423217773438,883.431640625
178,24,787.2614135742188,861.9286499023438
178,27,911.2763671875,980.3856811523438
178,28,892.93359375,956.9688110351562
178,29,875.27880859375,933.8080444335938
178,30,858.382080078125,911.468994140625
178,31,841.826171875,889.21728515625
178,32,826.0970458984375,867.8905029296875
178,33,810.9877319335938,846.9129028320312
178,36,936.57373046875,962.2093505859375
178,37,918.0407104492188,939.1843872070312
178,38,900.2326049804688,916.7373046875
178,39,882.6865844726562,894.642578125
178,40,866.1876220703125,873.1351928710938
178,41,849.9905395507812,852.043701171875
178,42,834.4810791015625,831.456298828125
178,45,961.4139404296875,944.0853271484375
178,46,942.5813598632812,921.64990234375
178,47,924.53662109375,899.59716796875
178,48,906.9061889648438,878.0104370117188
178,49,889.9735107421875,857.0122680664062
178,50,873.6383056640625,836.2482299804688
178,54,985.6766357421875,926.3900756835938
178,55,966.9743041992188,904.3260498046875
178,56,948.2626342773438,882.5044555664062
178,59,896.5386352539062,820.5371704101562
179,0,980.3099975585938,986.2659301757812
179,1,959.1719360351562,968.0263061523438
179,2,938.2239379882812,949.8408203125
179,3,918.0089721679688,931.937255859375
179,4,898.109130859375,913.9672241210938
179,5,878.8358764648438,896.4339599609375
179,6,860.1619262695312,879.0879516601562
179,7,842.0570678710938,861.904296875
179,8,824.3656616210938,844.994873046875
179,9,999.7766723632812,966.0079345703125
179,10,978.6338500976562,948.314208984375
179,11,957.8212890625,930.8094482421875
179,12,937.3793334960938,913.2450561523438
179,13,917.504150390625,895.8312377929688
179,14,898.1936645507812,878.5039672851562
179,15,879.5038452148438,861.7183837890625
179,16,861.1348266601562,844.7682495117188
179,18,1018.5281372070312,946.3457641601562
179,19,997.4172973632812,929.00634765625
179,20,976.66455078125,911.7974853515625
179,21,956.3480834960938,894.7273559570312
179,22,936.3961181640625,877.7842407226562
179,27,1036.8192138671875,926.6845703125
179,28,1015.8074951171875,909.8001708984375
179,29,995.05712890625,892.8350830078125
179,30,974.807373046875,876.3379516601562
179,31,954.9188842773438,859.8323974609375
179,36,1054.6458740234375,907.0331420898438
179,37,1033.72802734375,890.6558837890625
179,38,1013.011962890625,874.2664794921875
179,39,992.9065551757812,858.0725708007812
179,40,972.9872436523438,842.0838623046875
179,41,953.6893920898438,826.1033325195312
179,47,1030.2440185546875,855.8997192382812
179,48,1010.2820434570312,840.1265869140625
180,0,835.1019287109375,975.2565307617188
180,1,836.44482421875,934.4219360351562
180,2,837.9674682617188,892.0392456054688
180,3,839.7256469726562,849.0214233398438
180,4,841.4483032226562,804.8134155273438
180,5,843.7724609375,760.3135986328125
180,6,846.2647705078125,715.8697509765625
180,7,848.42578125,670.9971923828125
180,8,851.1680297851562,626.6363525390625
180,9,877.3644409179688,981.1002807617188
180,10,878.9664916992188,939.5189208984375
180,11,881.0205078125,896.8848876953125
180,12,882.970703125,853.1861572265625
180,13,885.1100463867188,808.5607299804688
180,14,887.2434692382812,763.3204345703125
180,15,889.3614501953125,717.9345092773438
180,16,891.5255126953125,672.4791259765625
180,17,893.8585815429688,627.4895629882812
180,18,920.7420654296875,985.75927734375
180,19,922.8988037109375,944.1866455078125
180,20,925.1068725585938,901.0875244140625
180,21,927.2510986328125,857.017333984375
180,22,929.5787353515625,811.4799194335938
180,23,931.59228515625,766.2247924804688
180,24,933.8046875,720.0372924804688
180,25,935.7700805664062,674.1583862304688
180,26,938.396728515625,628.4255981445312
180,27,964.99853515625,990.5175170898438
180,28,967.739013671875,948.3739624023438
180,29,970.1383056640625,905.0071411132812
180,30,972.7946166992188,860.21142578125
180,31,975.1019287109375,814.5628662109375
180,32,977.3191528320312,768.3911743164062
180,33,979.321044921875,722.2620239257812
180,34,981.7283325195312,675.5751953125
180,35,983.397705078125,629.8196411132812
180,36,1010.232177734375,994.4554443359375
180,37,1013.391357421875,952.0552368164062
180,38,1016.1519775390625,908.048828125
180,39,1018.9161987304688,863.2531127929688
180,40,1021.5001220703125,816.9860229492188
180,41,1023.8643188476562,770.6336669921875
180,42,1026.0457763671875,723.9052124023438
180,43,1027.901611328125,677.076416015625
180,44,1029.6907958984375,630.5906982421875
180,45,1055.6712646484375,997.7705078125
180,46,1059.1888427734375,955.2142333984375
180,47,1062.3251953125,911.2837524414062
180,48,1065.45947265625,865.8228149414062
180,49,1068.163818359375,819.4601440429688
180,50,1070.6427001953125,772.5256958007812
180,51,1072.39501953125,725.682373046875
180,52,1074.5390625,678.38525390625
180,53,1075.6285400390625,631.748046875
180,54,1101.0831298828125,999.7745361328125
180,55,1105.1632080078125,957.3118286132812
180,56,1108.7662353515625,913.1265258789062
180,57,1111.8929443359375,868.0250244140625
180,58,1115.0557861328125,821.2985229492188
180,59,1117.224853515625,774.467529296875
180,60,1119.3331298828125,726.66552734375
180,61,1120.9134521484375,679.6593017578125
180,62,1122.11083984375,632.7138671875
181,0,980.3828125,986.2537231445312
181,1,959.1923828125,968.0166015625
181,2,938.2910766601562,949.8976440429688
181,3,917.924072265625,931.9384155273438
181,4,898.0845336914062,913.991943359375
181,5,878.86083984375,896.4412841796875
181,6,860.2297973632812,879.0939331054688
181,7,842.0493774414062,861.8793334960938
181,9,999.7474365234375,966.0746459960938
181,10,978.5523681640625,948.3168334960938
181,11,957.7720336914062,930.79833984375
181,12,937.4974365234375,913.2200317382812
181,13,917.4281616210938,895.859619140625
181,14,898.2015991210938,878.5857543945312
181,15,879.4099731445312,861.6992797851562
181,16,861.0880126953125,844.7691040039062
181,18,1018.4790649414062,946.3641967773438
181,19,997.3511962890625,929.0584716796875
181,20,976.6973266601562,911.819580078125
181,25,879.9962768554688,827.9984741210938
181,27,1036.789306640625,926.7421264648438
181,28,1015.7793579101562,909.8317260742188
181,29,995.0363159179688,892.8762817382812
181,36,1054.6678466796875,907.0571899414062
181,37,1033.7816162109375,890.6573486328125
181,38,1012.969482421875,874.2492065429688
181,41,953.7113037109375,826.1708374023438
181,45,1071.72900390625,888.022216796875
181,46,1051.01123046875,871.8130493164062
181,47,1030.4281005859375,855.8966674804688
181,54,1088.2547607421875,869.3770751953125
182,0,497.2642822265625,333.9920654296875
182,1,482.778564453125,337.26031494140625
182,2,467.3796081542969,339.1469421386719
182,5,421.1255187988281,347.1253356933594
182,6,406.1508483886719,348.93157958984375
182,7,390.4204406738281,351.2434387207031
182,8,374.950439453125,353.6249694824219
182,9,495.0543212890625,319.13671875
182,10,480.3863830566406,320.88580322265625
182,11,465.3132629394531,324.1548156738281
182,14,419.0376892089844,331.1054992675781
182,15,403.5340576171875,333.7668762207031
182,16,387.9936218261719,335.892333984375
182,17,372.32379150390625,338.4339599609375
182,18,493.0130920410156,304.2073059082031
182,19,477.9413757324219,306.3192138671875
182,20,462.92132568359375,307.8628845214844
182,21,447.4654235839844,311.3486633300781
182,22,432.04864501953125,313.36871337890625
182,23,416.1733703613281,316.1802062988281
182,24,401.05047607421875,317.8211364746094
182,25,385.5183410644531,320.9631652832031
182,26,370.48553466796875,323.21826171875
182,27,490.511474609375,288.4490661621094
182,28,475.1417541503906,291.02410888671875
182,29,460.1517028808594,293.6378479003906
182,30,445.034912109375,296.0131530761719
182,31,429.4087219238281,298.3893737792969
182,32,414.1170654296875,300.0894470214844
182,33,398.8336486816406,302.9687194824219
182,34,382.353271484375,305.6634216308594
182,35,368.08612060546875,307.9226379394531
182,36,488.07305908203125,272.94732666015625
182,37,473.1905822753906,275.3374328613281
182,38,457.4661865234375,278.1877746582031
182,39,442.6055908203125,280.531005859375
182,40,426.9730529785156,283.0892639160156
182,41,411.81341552734375,285.1225891113281
182,42,396.3857421875,287.9268798828125
182,43,380.66015625,290.1306457519531
182,44,365.6933898925781,292.21600341796875
182,45,485.6563720703125,258.3957824707031
182,46,470.6661071777344,260.4534606933594
182,47,455.51953125,262.7484436035156
182,48,440.0870666503906,264.9556579589844
182,49,424.9207458496094,267.3038330078125
182,50,409.18878173828125,269.8243713378906
182,51,394.3062438964844,272.2048645019531
182,52,378.57220458984375,274.2413330078125
182,53,363.2373962402344,277.185791015625
182,54,482.9872741699219,243.218505859375
182,55,468.1220397949219,245.09877014160156
182,56,452.9777526855469,247.45057678222656
182,57,437.38226318359375,250.0955047607422
182,58,422.0948791503906,252.22296142578125
182,59,407.0601806640625,254.6414031982422
182,60,391.8812561035156,257.02374267578125
182,61,376.42181396484375,259.2336730957031
182,62,361.0424499511719,261.9151306152344
183,0,1028.15966796875,676.423583984375
183,1,1001.885498046875,649.0418701171875
183,2,975.5985717773438,621.7919311523438
183,3,949.605712890625,594.8704833984375
183,4,923.5758056640625,567.72705078125
183,5,898.0931396484375,541.6227416992188
183,6,873.132080078125,515.7747802734375
183,7,848.7279052734375,490.1985778808594
183,8,824.8779296875,465.37054443359375
183,9,1051.5533447265625,652.9418334960938
183,10,1025.84130859375,626.1221923828125
183,11,999.9107055664062,599.7732543945312
183,12,974.2485961914062,573.4067993164062
183,13,948.6797485351562,547.3834838867188
183,14,923.6392211914062,521.5811767578125
183,15,899.0936889648438,496.3418273925781
183,16,874.9553833007812,471.3554382324219
183,17,851.2896728515625,447.3364562988281
183,18,1073.4473876953125,630.7049560546875
183,19,1048.2685546875,604.5183715820312
183,20,1022.9596557617188,578.713134765625
183,21,997.8422241210938,553.1341552734375
183,22,972.8116455078125,527.6497802734375
183,23,948.2615966796875,502.4367370605469
183,24,923.9493408203125,477.5901794433594
183,25,899.9940795898438,453.6997985839844
183,26,876.4851684570312,430.69091796875
183,27,1094.2757568359375,609.2953491210938
183,28,1069.785888671875,583.8119506835938
183,29,1045.3157958984375,558.399658203125
183,30,1020.4374389648438,533.5338134765625
183,31,995.8323364257812,508.7778015136719
183,32,971.4517211914062,484.4827880859375
183,33,947.843505859375,460.4288330078125
183,34,924.1129760742188,437.0768737792969
183,35,900.8618774414062,414.8180847167969
183,36,1114.56494140625,588.59375
183,37,1090.4656982421875,563.8792114257812
183,38,1066.136962890625,539.2178955078125
183,39,1042.1270751953125,514.74365234375
183,40,1017.78173828125,490.9081115722656
183,41,994.0745239257812,467.0758361816406
183,42,970.6556396484375,443.49871826171875
183,43,947.21728515625,421.0980224609375
183,44,924.17041015625,399.2611389160156
183,45,1133.34423828125,569.138427734375
183,46,1110.0880126953125,544.814697265625
183,47,1086.462890625,520.7459106445312
183,48,1062.795166015625,496.9285583496094
183,49,1038.803955078125,473.67999267578125
183,50,1015.6557006835938,450.3858337402344
183,51,992.79296875,427.5785217285156
183,52,969.6177978515625,405.5418701171875
183,54,1150.9327392578125,550.9222412109375
183,55,1128.33251953125,527.0388793945312
183,56,1105.40185546875,503.41912841796875
183,57,1082.3414306640625,480.2925109863281
183,58,1059.0606689453125,457.204833984375
183,59,1036.1136474609375,434.87860107421875
183,60,1013.1930541992188,412.867431640625
183,61,991.0934448242188,391.18365478515625
184,0,604.1199951171875,279.92669677734375
184,3,560.0415649414062,290.7256164550781
184,4,544.3645629882812,294.0600891113281
184,5,529.1307983398438,297.8000793457031
184,6,513.0658569335938,301.3434753417969
184,9,599.5233154296875,268.66473388671875
184,12,556.0556640625,278.6850891113281
184,15,511.1917724609375,288.5218200683594
184,19,580.7708740234375,261.3603515625
184,20,566.7061157226562,264.80145263671875
184,21,552.3504028320312,267.8490905761719
184,25,494.0348205566406,280.8565368652344
184,28,576.0944213867188,250.84112548828125
184,29,562.590087890625,254.02047729492188
184,30,548.6401977539062,257.5867004394531
184,35,477.67767333984375,273.8022155761719
184,39,545.375244140625,247.34483337402344
185,0,1050.9639892578125,672.4884643554688
185,1,1021.2577514648438,647.26220703125
185,2,991.2637939453125,622.1231079101562
185,3,961.6727905273438,597.2005615234375
185,4,932.0392456054688,572.08056640625
185,5,902.964111328125,547.9007568359375
185,6,874.303955078125,524.0032958984375
185,7,846.5958862304688,500.1468200683594
185,8,819.5477294921875,477.1043701171875
185,9,1068.1070556640625,649.779052734375
185,10,1039.28271484375,625.406494140625
185,11,1010.1698608398438,601.4793701171875
185,12,981.36328125,577.1864013671875
185,13,952.5186157226562,553.2730712890625
185,14,924.39501953125,529.681396484375
185,15,896.6015014648438,506.4252624511719
185,16,869.5512084960938,483.24365234375
185,17,843.150390625,461.16314697265625
185,18,1083.8089599609375,628.9212646484375
185,19,1055.808349609375,605.2716064453125
185,20,1027.7235107421875,581.88671875
185,21,999.841552734375,558.797119140625
185,22,971.8589477539062,535.5853271484375
185,23,944.7420654296875,512.6519775390625
185,24,917.7028198242188,489.8726501464844
185,25,891.1387939453125,467.9903564453125
185,26,864.9208984375,447.1589050292969
185,27,1098.3284912109375,609.0591430664062
185,28,1071.4229736328125,586.155517578125
185,29,1044.426513671875,563.3262329101562
185,30,1017.1886596679688,541.1241455078125
185,31,990.0859985351562,518.7796630859375
185,32,963.2464599609375,496.8604431152344
185,33,937.3027954101562,474.9544677734375
185,34,911.1694946289062,453.91510009765625
185,35,885.5029907226562,433.7529602050781
185,36,1112.43994140625,590.0888061523438
185,37,1086.087890625,568.0902099609375
185,38,1059.9425048828125,546.1170043945312
185,39,1033.7681884765625,524.2257690429688
185,40,1007.0647583007812,503.0270690917969
185,41,981.3381958007812,481.7989501953125
185,42,955.9534912109375,460.4629211425781
185,43,930.3642578125,440.4059753417969
185,44,905.2534790039062,420.859619140625
185,45,1125.203369140625,572.6664428710938
185,46,1100.083740234375,550.947509765625
185,47,1074.6141357421875,529.7966918945312
185,48,1049.0850830078125,508.7178955078125
185,49,1023.3129272460938,488.0197448730469
185,50,998.1491088867188,467.227294921875
185,55,1112.7486572265625,535.3505859375
185,56,1088.1177978515625,514.6682739257812
185,57,1063.4720458984375,494.06463623046875
185,58,1038.65869140625,473.9773254394531
185,59,1014.0888671875,453.9564208984375
186,0,980.3385620117188,986.2346801757812
186,1,959.220458984375,968.0327758789062
186,2,938.2229614257812,949.8507080078125
186,3,918.0091552734375,931.9398803710938
186,4,898.117431640625,913.9528198242188
186,5,878.870849609375,896.3920288085938
186,6,860.142333984375,879.1014404296875
186,7,841.9442138671875,861.9281005859375
186,9,999.7847900390625,966.1068725585938
186,10,978.6133422851562,948.361328125
186,11,957.7630004882812,930.82666015625
186,12,937.399658203125,913.2034301757812
186,13,917.564453125,895.8435668945312
186,14,898.1985473632812,878.5440063476562
186,18,1018.4232177734375,946.2926025390625
186,19,997.4720458984375,929.0388793945312
186,20,976.6926879882812,911.8167114257812
186,21,956.2860717773438,894.7582397460938
186,22,936.4999389648438,877.7617797851562
186,27,1036.7545166015625,926.7666625976562
186,28,1015.7886352539062,909.8038940429688
186,29,995.0426025390625,892.8724365234375
186,30,974.8029174804688,876.3328857421875
186,31,954.9752197265625,859.8635864257812
186,36,1054.6427001953125,907.0333862304688
186,37,1033.7294921875,890.66748046875
186,38,1012.9886474609375,874.2052612304688
186,47,1030.39794921875,855.9413452148438
187,0,475.7534484863281,380.0237121582031
187,1,459.16937255859375,381.6070861816406
187,2,442.3959045410156,383.2536315917969
187,3,426.3729248046875,383.7925720214844
187,4,410.0551452636719,384.51959228515625
187,5,393.6703186035156,385.8059997558594
187,6,377.7259216308594,386.3127746582031
187,7,362.7536315917969,386.76947021484375
187,8,347.379638671875,386.4787292480469
187,9,474.0641784667969,364.21246337890625
187,10,457.933349609375,365.60345458984375
187,11,441.35443115234375,366.845947265625
187,12,424.716064453125,368.1380310058594
187,13,409.0718688964844,369.0119323730469
187,14,392.81561279296875,369.7024230957031
187,15,377.0566101074219,370.794921875
187,16,361.82135009765625,370.76153564453125
187,17,346.0538330078125,371.7356872558594
187,18,472.43194580078125,348.239501953125
187,19,456.5455017089844,349.69525146484375
187,20,440.357177734375,350.1937255859375
187,21,424.24407958984375,351.5269470214844
187,22,407.6731872558594,352.9132995605469
187,23,392.1167907714844,353.7490539550781
187,24,375.9491271972656,354.7579040527344
187,25,361.07611083984375,355.0273742675781
187,26,346.04119873046875,355.8640441894531
187,27,471.5055847167969,331.8219909667969
187,28,455.6710205078125,333.0235595703125
187,29,439.18011474609375,334.6440124511719
187,30,423.1029968261719,335.9971923828125
187,31,407.0184326171875,336.9906311035156
187,32,390.8570861816406,337.9654541015625
187,33,375.871826171875,338.7796630859375
187,34,359.9587097167969,339.7467346191406
187,35,345.72869873046875,340.103759765625
187,36,469.97247314453125,315.8373107910156
187,37,454.2227478027344,317.735595703125
187,38,438.08697509765625,318.4235534667969
187,39,422.08758544921875,320.0432434082031
187,40,405.13983154296875,321.239013671875
187,41,390.4939270019531,321.941162109375
187,42,374.6192932128906,323.2304382324219
187,43,359.52825927734375,324.1995544433594
187,44,344.89324951171875,325.2518005371094
187,45,468.207763671875,300.4053955078125
187,46,452.78857421875,301.4910888671875
187,47,436.9391784667969,302.603271484375
187,48,420.50946044921875,304.2740478515625
187,49,405.2527770996094,305.1322937011719
187,50,389.6507568359375,306.41265869140625
187,51,373.98321533203125,308.109375
187,52,358.8263854980469,308.87677001953125
187,53,344.91192626953125,309.5687561035156
187,54,467.0916442871094,284.8674621582031
187,55,451.2898254394531,286.17620849609375
187,56,435.778076171875,287.718505859375
187,57,419.9648742675781,288.953369140625
187,58,403.91131591796875,290.1662902832031
187,59,387.5447998046875,290.66290283203125
187,60,373.8520202636719,291.925537109375
187,61,358.9647521972656,293.7723693847656
187,62,343.9907531738281,294.9595642089844
188,0,897.4322509765625,1045.44287109375
188,1,887.1146240234375,1016.508544921875
188,2,876.8579711914062,988.173828125
188,3,867.0481567382812,960.1234741210938
188,4,857.7594604492188,932.4094848632812
188,5,848.448974609375,905.4863891601562
188,6,839.7965698242188,879.267822265625
188,7,831.5134887695312,853.3450317382812
188,8,823.42236328125,827.9440307617188
188,9,927.7973022460938,1035.2257080078125
188,10,916.9674682617188,1006.517333984375
188,11,906.4757690429688,978.4035034179688
188,12,896.1409301757812,950.5907592773438
188,13,886.28759765625,923.3381958007812
188,14,876.9601440429688,896.6524047851562
188,15,867.729736328125,870.3447875976562
188,16,858.8331909179688,844.6024780273438
188,17,850.2205200195312,819.5497436523438
188,18,957.683837890625,1024.6854248046875
188,19,946.7442626953125,996.2583618164062
188,20,935.8195190429688,968.2468872070312
188,21,925.185302734375,941.0645141601562
188,22,915.0013427734375,913.8746948242188
188,23,904.9511108398438,887.2561645507812
188,24,895.3322143554688,861.118896484375
188,25,886.2628784179688,835.9606323242188
188,26,877.4104614257812,811.4937744140625
188,27,987.3530883789062,1013.6381225585938
188,28,975.9097290039062,985.694580078125
188,29,964.7838745117188,958.049560546875
188,30,953.7293090820312,930.8712768554688
188,31,943.1818237304688,904.0328369140625
188,32,932.8397827148438,877.9216918945312
188,33,923.091796875,852.1583862304688
188,34,913.217529296875,827.0670166015625
188,35,904.0343017578125,802.8905639648438
188,36,1016.5665893554688,1002.2813720703125
188,37,1005.1348876953125,974.53076171875
188,38,993.3019409179688,947.2784423828125
188,39,982.2837524414062,920.6223754882812
188,40,971.1854248046875,894.1241455078125
188,41,960.6056518554688,868.1671142578125
188,42,950.114990234375,842.69677734375
188,43,940.3790283203125,818.1148681640625
188,44,930.4319458007812,794.2191772460938
188,45,1045.493896484375,990.9945068359375
188,46,1033.3875732421875,963.4386596679688
188,47,1021.862060546875,936.4279174804688
188,48,1010.1780395507812,910.123779296875
188,49,998.938720703125,883.9393920898438
188,50,987.7964477539062,858.2962646484375
188,51,977.1795654296875,833.2178955078125
188,52,966.7272338867188,808.8425903320312
188,53,956.8007202148438,785.0711059570312
188,54,1073.664306640625,979.3709716796875
188,55,1061.3131103515625,952.3016967773438
188,56,1049.374755859375,925.7041625976562
188,57,1037.84716796875,899.4923095703125
188,58,1025.97412109375,873.6472778320312
188,59,1014.548828125,848.294921875
188,60,1003.61279296875,823.9547119140625
188,61,992.8709106445312,799.8179321289062
188,62,982.4619140625,776.3238525390625
189,2,468.88934326171875,374.0033264160156
189,3,456.20263671875,373.6486511230469
189,7,401.954345703125,370.5419921875
189,8,387.7696533203125,370.06982421875
189,13,442.9111633300781,360.6665344238281
189,16,402.5949401855469,358.99310302734375
189,22,442.8905944824219,349.11688232421875
189,23,430.283203125,348.8219299316406
189,24,416.8609619140625,348.05181884765625
189,25,404.3199462890625,347.54742431640625
189,30,456.6427917480469,338.3534240722656
190,0,991.50146484375,953.8276977539062
190,1,950.8062133789062,930.412353515625
190,2,911.6307373046875,907.7390747070312
190,3,874.2453002929688,885.1248168945312
190,4,838.331787109375,862.6171875
190,5,804.6571655273438,841.2371215820312
190,6,772.9678955078125,820.3120727539062
190,7,742.6612548828125,799.8892822265625
190,8,714.3822021484375,779.9551391601562
190,9,1016.1405639648438,918.7535400390625
190,10,976.1862182617188,897.0140380859375
190,11,937.8902587890625,875.7596435546875
190,12,900.9463500976562,854.3706665039062
190,13,865.6354370117188,833.8753662109375
190,14,832.008056640625,813.273681640625
190,15,800.2153930664062,793.452392578125
190,16,770.0230102539062,773.8472900390625
190,17,741.56396484375,755.5646362304688
190,18,1038.9112548828125,885.7703857421875
190,19,999.9965209960938,865.28076171875
190,20,962.277099609375,845.1505126953125
190,21,926.0560913085938,825.5661010742188
190,22,891.0625610351562,805.8665771484375
190,23,858.0062866210938,786.5266723632812
190,24,826.314453125,767.5779418945312
190,25,796.3214111328125,749.6674194335938
190,26,768.0027465820312,733.0048828125
190,27,1060.1572265625,854.3751831054688
190,28,1022.1268920898438,835.0248413085938
190,29,985.3587036132812,815.8128662109375
190,30,949.6827392578125,797.4994506835938
190,31,915.3965454101562,779.0454711914062
190,32,882.64208984375,761.3399658203125
190,33,851.2202758789062,743.3833618164062
190,34,821.33544921875,726.7201538085938
190,35,793.1718139648438,711.0497436523438
190,36,1079.88818359375,823.9417724609375
190,37,1043.064208984375,806.0354614257812
190,38,1006.8949584960938,788.244873046875
190,39,972.0870971679688,770.2989501953125
190,40,938.0640258789062,753.6294555664062
190,41,905.8543701171875,736.7260131835938
190,42,874.912841796875,719.9791259765625
190,43,845.2811279296875,704.4258422851562
190,44,817.2410278320312,689.594482421875
190,45,1098.101806640625,795.826171875
190,46,1062.124755859375,778.3628540039062
190,47,1027.0205078125,761.525146484375
190,48,992.928466796875,745.0596313476562
190,49,959.6990356445312,729.31103515625
190,50,927.809814453125,713.14990234375
190,51,897.2327880859375,697.6514282226562
190,52,868.0489501953125,682.6808471679688
190,53,840.0658569335938,668.9118041992188
190,54,1114.9742431640625,769.677734375
190,55,1079.9835205078125,753.046630859375
190,56,1045.6563720703125,736.95849609375
190,57,1012.4056396484375,721.1884155273438
190,58,979.7601318359375,705.8305053710938
190,59,948.6664428710938,690.9598999023438
190,60,918.6052856445312,676.595703125
190,61,889.3284912109375,662.4183959960938
190,62,861.7672119140625,649.1452026367188
191,0,1003.8736572265625,696.662353515625
191,1,980.0123901367188,667.6231689453125
191,2,955.8869018554688,638.3858642578125
191,3,931.6771240234375,609.135986328125
191,4,907.3855590820312,579.652099609375
191,5,883.4044799804688,550.749755859375
191,6,859.73046875,521.895263671875
191,7,836.1097412109375,493.4225158691406
191,8,813.15478515625,465.34228515625
191,9,1031.8270263671875,672.2764892578125
191,10,1008.1669921875,643.5267944335938
191,11,984.1851196289062,614.6699829101562
191,12,960.2621459960938,585.5260620117188
191,13,936.2291259765625,556.4796142578125
191,14,912.3093872070312,527.685302734375
191,15,888.7177124023438,499.2353210449219
191,16,865.2569580078125,470.94757080078125
191,17,842.1682739257812,443.3289794921875
191,18,1058.7587890625,648.8328247070312
191,19,1035.68505859375,620.0896606445312
191,20,1012.01513671875,591.3389892578125
191,21,988.3145751953125,562.7266845703125
191,22,964.4872436523438,533.8983154296875
191,23,940.7459716796875,505.2083435058594
191,24,917.3235473632812,477.0457763671875
191,25,893.9014892578125,449.2355651855469
191,26,870.9535522460938,422.45654296875
191,27,1085.3001708984375,625.3379516601562
191,28,1062.447021484375,597.0255737304688
191,29,1039.2301025390625,568.4195556640625
191,30,1015.77734375,540.0928344726562
191,31,992.05517578125,511.6482849121094
191,32,968.5773315429688,483.7187194824219
191,33,945.3660278320312,455.8243713378906
191,34,922.1250610351562,428.38165283203125
191,35,899.0056762695312,402.0965881347656
191,36,1111.2071533203125,602.4595336914062
191,37,1088.6475830078125,574.3853149414062
191,38,1065.7508544921875,546.3320922851562
191,39,1042.7193603515625,518.1844482421875
191,40,1019.111572265625,490.1815490722656
191,41,995.9719848632812,462.3338928222656
191,42,972.8982543945312,434.9666442871094
191,43,949.6541748046875,408.26544189453125
191,44,926.8698120117188,382.2088623046875
191,45,1136.010498046875,580.4869995117188
191,46,1113.996337890625,552.5309448242188
191,47,1091.483154296875,524.7063598632812
191,48,1068.723876953125,496.85418701171875
191,49,1045.39892578125,469.40606689453125
191,50,1022.5282592773438,441.9080505371094
191,51,999.5913696289062,414.8945617675781
191,52,976.55126953125,388.6072082519531
191,53,953.7684936523438,362.9724426269531
191,54,1159.724609375,559.1425170898438
191,55,1138.2017822265625,531.6036987304688
191,56,1116.048095703125,503.9344482421875
191,57,1093.775146484375,476.4797668457031
191,58,1070.9300537109375,449.1520690917969
191,59,1048.1229248046875,422.364501953125
191,60,1025.39794921875,395.9059143066406
191,61,1002.6486206054688,369.9548034667969
191,62,980.096923828125,344.66290283203125
192,0,483.580810546875,358.0667419433594
192,1,467.52081298828125,360.44073486328125
192,2,450.8487243652344,363.1380310058594
192,3,435.79827880859375,365.2648620605469
192,4,419.16900634765625,366.880615234375
192,5,403.2170715332031,369.1166687011719
192,6,387.2065734863281,371.0499572753906
192,7,371.1458435058594,373.28570556640625
192,8,355.5556335449219,374.941162109375
192,9,481.2580261230469,342.63201904296875
192,10,465.239501953125,344.8042297363281
192,11,449.3011169433594,346.8670959472656
192,12,433.1884460449219,349.11492919921875
192,13,417.0414733886719,351.80950927734375
192,14,400.7685852050781,353.8742980957031
192,15,385.0255126953125,356.0523986816406
192,16,369.0258483886719,357.4295959472656
192,17,353.5360412597656,359.3341979980469
192,18,479.0641784667969,325.9454345703125
192,19,463.2122802734375,328.6583251953125
192,20,446.93450927734375,331.3408508300781
192,21,430.8035583496094,333.3984069824219
192,22,414.6701354980469,335.2201843261719
192,23,398.5165100097656,337.9693298339844
192,24,382.7328186035156,340.06488037109375
192,25,366.4825439453125,341.9841003417969
192,26,351.1408386230469,343.3636169433594
192,27,476.38641357421875,310.53546142578125
192,28,461.0238342285156,312.4221496582031
192,29,444.651123046875,315.20892333984375
192,30,427.9745788574219,317.7471008300781
192,31,412.4671936035156,319.8969421386719
192,32,395.8225402832031,321.87457275390625
192,33,380.51568603515625,323.7312927246094
192,34,364.25970458984375,325.8940124511719
192,35,349.0251159667969,328.0987548828125
192,36,474.5799865722656,293.95355224609375
192,37,458.7491149902344,296.87261962890625
192,38,442.07177734375,299.05438232421875
192,39,426.15869140625,301.1131591796875
192,40,409.86199951171875,303.5983581542969
192,41,394.03118896484375,305.96527099609375
192,42,377.4608459472656,308.0458984375
192,43,362.2792053222656,310.1501159667969
192,44,346.9299011230469,312.1875915527344
192,45,472.1431579589844,278.8166198730469
192,46,456.1313781738281,280.01080322265625
192,47,440.08282470703125,282.5177307128906
192,48,423.48126220703125,285.1638488769531
192,49,407.8900146484375,287.12298583984375
192,50,391.774169921875,289.2066955566406
192,51,375.3870544433594,292.1482238769531
192,52,359.9975891113281,293.9107971191406
192,53,344.04486083984375,296.7042541503906
192,54,469.6308288574219,262.0218505859375
192,55,453.8494567871094,264.0902099609375
192,56,437.84210205078125,266.487060546875
192,57,421.0292663574219,269.35113525390625
192,58,405.540771484375,270.92987060546875
192,59,389.34368896484375,273.8242492675781
192,60,373.8436279296875,276.0271911621094
192,61,357.8974609375,278.3118896484375
192,62,342.0374755859375,279.82769775390625
193,0,1010.4462280273438,983.5531616210938
193,1,987.9596557617188,963.4719848632812
193,2,965.6814575195312,943.5098876953125
193,3,944.018798828125,923.8145751953125
193,4,923.0112915039062,904.04052734375
193,5,902.73486328125,884.9878540039062
193,6,882.79736328125,866.0237426757812
193,7,863.7227172851562,847.2376098632812
193,8,845.2063598632812,829.0310668945312
193,9,1031.9151611328125,962.1172485351562
193,10,1009.1782836914062,942.4193725585938
193,11,987.1268310546875,923.2435302734375
193,12,965.4896240234375,903.92919921875
193,15,904.0138549804688,847.8922729492188
193,16,884.7924194335938,829.6047973632812
193,18,1052.4376220703125,941.1762084960938
193,19,1029.8631591796875,922.1389770507812
193,20,1007.7495727539062,903.3274536132812
193,21,986.0792846679688,884.74658203125
193,24,924.573974609375,829.7830200195312
193,25,905.1866455078125,812.142822265625
193,27,1072.351318359375,920.6798095703125
193,28,1049.8712158203125,901.9601440429688
193,29,1027.94140625,883.3507690429688
193,30,1006.2486572265625,865.4196166992188
193,31,985.2200317382812,847.4791259765625
193,32,964.57958984375,829.898681640625
193,33,944.8372192382812,812.2628784179688
193,34,925.2816162109375,795.2257690429688
193,35,906.7568969726562,778.9058837890625
193,36,1091.70849609375,899.8776245117188
193,37,1069.4080810546875,882.023681640625
193,38,1047.3623046875,864.0904541015625
193,45,1109.998291015625,880.0156860351562
193,46,1088.0692138671875,862.1942749023438
193,60,1001.759765625,761.0259399414062
194,0,1007.5704956054688,895.8389282226562
194,1,967.9169921875,875.4629516601562
194,2,929.5839233398438,855.0646362304688
194,3,892.9229125976562,835.2069091796875
194,4,857.794921875,815.3748168945312
194,5,824.6563720703125,796.7034912109375
194,6,793.1685791015625,778.2224731445312
194,7,763.3990478515625,760.0304565429688
194,9,1029.2886962890625,865.3794555664062
194,10,990.7443237304688,846.309326171875
194,11,953.3274536132812,827.834228515625
194,12,917.5337524414062,808.985107421875
194,13,883.0121459960938,790.9522705078125
194,14,850.054931640625,773.0079956054688
194,15,818.938232421875,755.6688232421875
194,16,789.19775390625,738.2183227539062
194,17,761.0828857421875,721.8865356445312
194,18,1049.08740234375,837.490966796875
194,19,1011.7332763671875,819.2385864257812
194,20,975.1805419921875,801.936767578125
194,21,940.3262329101562,784.5756225585938
194,22,906.2797241210938,767.3310546875
194,23,874.0091552734375,750.5389404296875
194,24,843.2755126953125,733.660400390625
194,25,814.2759399414062,718.07568359375
194,26,786.00537109375,703.434326171875
194,27,1067.6766357421875,811.1419067382812
194,28,1031.139892578125,794.1075439453125
194,29,995.9635009765625,777.01171875
194,30,961.529052734375,761.1740112304688
194,31,928.3255615234375,744.8915405273438
194,32,896.609130859375,729.5269165039062
194,35,809.8300170898438,685.5662231445312
194,36,1084.6888427734375,785.6098022460938
194,39,981.4569091796875,738.5549926757812
194,40,948.928955078125,723.9500122070312
194,41,918.03369140625,708.9571533203125
194,44,831.9796142578125,667.5545654296875
194,48,999.990478515625,717.7157592773438
194,49,968.1090087890625,704.1207885742188
194,50,937.7109985351562,689.6137084960938
194,53,853.0121459960938,650.2044677734375
194,56,1049.004638671875,711.954833984375
194,57,1017.3829956054688,697.93603515625
194,58,986.1611328125,684.567138671875
194,59,956.0391235351562,671.5303955078125
194,62,873.1514892578125,634.4008178710938
195,0,900.7312622070312,1051.5693359375
195,1,892.801025390625,1021.3359375
195,2,885.0797119140625,991.4268188476562
195,3,877.8486938476562,961.9148559570312
195,4,870.7911376953125,932.452392578125
195,5,863.910888671875,903.8284912109375
195,6,857.236328125,875.6829223632812
195,7,850.9318237304688,847.9489135742188
195,8,845.0843505859375,821.0350341796875
195,9,932.300537109375,1043.8272705078125
195,10,924.1339111328125,1013.9255981445312
195,11,916.1553344726562,983.9722290039062
195,12,908.3121948242188,954.6928100585938
195,13,900.800537109375,925.4462890625
195,14,893.6331176757812,897.0462646484375
195,15,886.7230224609375,868.9885864257812
195,16,879.8233032226562,841.2745361328125
195,17,873.2134399414062,814.4637451171875
195,18,963.3259887695312,1035.7869873046875
195,19,955.123291015625,1006.0010986328125
195,20,946.86083984375,976.2974243164062
195,21,938.87353515625,947.1992797851562
195,22,930.8646850585938,918.2274780273438
195,23,923.1007690429688,889.9014282226562
195,24,915.7448120117188,861.9920043945312
195,25,908.565673828125,834.7959594726562
195,26,901.7775268554688,808.1930541992188
195,27,994.7564086914062,1027.2308349609375
195,28,985.97412109375,997.8248291015625
195,29,977.3360595703125,968.3655395507812
195,30,968.8765258789062,939.6077270507812
195,31,960.49462890625,910.696533203125
195,32,952.467041015625,882.6912231445312
195,33,944.7899780273438,854.9843139648438
195,34,937.059326171875,827.8543701171875
195,35,929.8521118164062,801.5938720703125
195,36,1025.46533203125,1018.3724975585938
195,37,1016.3682861328125,989.0889282226562
195,38,1007.4462280273438,959.9286499023438
195,39,998.9642333984375,931.2199096679688
195,40,989.9759521484375,902.924072265625
195,41,981.7244873046875,875.0029296875
195,42,973.5447998046875,847.6212768554688
195,43,965.5411987304688,820.8649291992188
195,44,957.6736450195312,794.75341796875
195,45,1055.842041015625,1009.2281494140625
195,46,1046.6075439453125,980.1092529296875
195,47,1037.485107421875,951.5067138671875
195,48,1028.19775390625,922.8248291015625
195,49,1019.1878662109375,894.8790893554688
195,50,1010.5823364257812,867.0713500976562
195,51,1002.1685180664062,840.0423583984375
195,52,993.5633544921875,813.3208618164062
195,53,985.3313598632812,787.8231811523438
195,54,1085.3602294921875,999.9728393554688
195,55,1075.956298828125,971.314208984375
195,56,1066.2711181640625,942.5283203125
195,57,1057.2464599609375,914.34375
195,58,1047.7249755859375,886.3272094726562
195,59,1038.8145751953125,859.1971435546875
195,60,1029.820068359375,832.4154663085938
195,61,1021.2183837890625,806.4728393554688
195,62,1012.5653686523438,780.6588745117188
196,0,980.4221801757812,986.2402954101562
196,1,959.1261596679688,968.0177612304688
196,2,938.3082885742188,949.9075927734375
196,3,917.9432983398438,931.9691772460938
196,4,898.0469970703125,913.9190673828125
196,5,878.8450317382812,896.4208374023438
196,6,860.2197265625,879.0901489257812
196,7,841.9782104492188,861.94384765625
196,8,824.4149169921875,844.9647216796875
196,9,999.7860107421875,966.0631713867188
196,10,978.5371704101562,948.2846069335938
196,11,957.8547973632812,930.8239135742188
196,12,937.4012451171875,913.28466796875
196,13,917.5339965820312,895.7523193359375
196,14,898.2325439453125,878.597412109375
196,15,879.439208984375,861.6616821289062
196,16,861.1277465820312,844.7200927734375
196,17,843.4774169921875,828.3349609375
196,18,1018.4883422851562,946.3287353515625
196,19,997.3609008789062,929.02001953125
196,20,976.6393432617188,911.8132934570312
196,23,917.0452270507812,860.9285278320312
196,24,898.3013916015625,844.2960205078125
196,27,1036.7593994140625,926.6629638671875
196,28,1015.7847290039062,909.8220825195312
196,29,995.0146484375,892.8948364257812
196,32,935.6032104492188,843.6351928710938
196,36,1054.712890625,907.0655517578125
196,37,1033.721435546875,890.538818359375
196,38,1012.9905395507812,874.2551879882812
196,39,992.8823852539062,858.0444946289062
196,40,972.9522094726562,842.0798950195312
196,41,953.5699462890625,826.1646728515625
196,47,1030.376953125,855.9136352539062
196,48,1010.2643432617188,840.1142578125
197,0,599.78076171875,277.1855163574219
197,1,584.93505859375,280.6367492675781
197,2,569.2625732421875,283.69818115234375
197,7,489.3070983886719,297.93377685546875
197,8,473.84521484375,300.29193115234375
197,11,565.3935546875,271.85394287109375
197,16,487.8343200683594,285.5834655761719
197,20,561.1820068359375,261.1063232421875
197,21,545.8125,263.5
197,22,531.7628784179688,266.8878479003906
197,25,486.9749755859375,274.04925537109375
197,29,556.3935546875,250.2005615234375
197,30,543.2150268554688,253.715576171875
197,31,529.1488037109375,256.03662109375
197,34,485.1146545410156,263.6559143066406
197,35,471.0286560058594,266.66656494140625
198,0,501.49725341796875,326.23260498046875
198,1,487.1621398925781,328.5108947753906
198,2,472.03271484375,331.604736328125
198,3,457.36602783203125,334.00103759765625
198,4,441.5727844238281,337.0475769042969
198,5,427.4316101074219,339.82745361328125
198,6,411.64019775390625,341.92718505859375
198,7,396.2772216796875,343.9851989746094
198,8,381.0754089355469,346.5169372558594
198,9,499.3157958984375,311.2162170410156
198,10,484.54522705078125,314.0285339355469
198,11,469.9817810058594,316.1677551269531
198,12,454.1932067871094,319.306396484375
198,13,439.1541442871094,321.97344970703125
198,14,424.27862548828125,324.0185852050781
198,17,378.4294738769531,331.8358154296875
198,18,496.4519958496094,296.21466064453125
198,19,482.1749267578125,299.15869140625
198,20,467.1793518066406,301.0207824707031
198,21,452.16729736328125,304.1302795410156
198,22,437.01861572265625,306.1776123046875
198,23,420.86993408203125,308.2852783203125
198,26,376.271240234375,316.2467346191406
198,27,494.120849609375,281.0471496582031
198,28,479.6421813964844,283.98468017578125
198,29,464.66595458984375,286.4854431152344
198,30,449.4182434082031,289.1022644042969
198,31,434.49969482421875,291.1464538574219
198,32,418.7802429199219,293.9627990722656
198,33,403.9162292480469,296.6424865722656
198,34,388.5354919433594,299.0348205566406
198,35,374.2378234863281,301.56884765625
198,36,491.1226501464844,266.5599060058594
198,39,447.12384033203125,274.0841064453125
198,40,431.9696960449219,276.143798828125
198,41,416.1858825683594,279.1688537597656
198,42,401.5399169921875,281.54290771484375
198,43,386.0890808105469,284.0569152832031
198,44,371.7342224121094,286.5438232421875
198,45,488.8370361328125,252.12103271484375
198,48,444.1387023925781,258.9840087890625
198,49,429.0494384765625,261.6965026855469
198,50,414.202880859375,263.39166259765625
198,51,399.3057556152344,266.0647888183594
198,52,384.0953369140625,269.0169982910156
198,53,369.4405822753906,271.20184326171875
198,54,485.6003723144531,237.18772888183594
198,55,471.2662658691406,239.500732421875
198,56,456.8930969238281,241.66334533691406
198,57,441.9637145996094,244.25433349609375
198,58,426.5008544921875,246.95716857910156
198,59,411.956298828125,249.32374572753906
198,60,397.00323486328125,251.389892578125
199,2,930.6797485351562,944.9117431640625
199,3,912.2022094726562,924.4754638671875
199,4,894.1770629882812,904.139892578125
199,5,876.9344482421875,884.7024536132812
199,6,860.2272338867188,865.2112426757812
199,7,844.1383056640625,846.2803955078125
199,9,992.903076171875,967.6275024414062
199,10,973.0256958007812,946.9844360351562
199,11,953.6534423828125,926.7735595703125
199,12,934.851806640625,906.7785034179688
199,13,916.579345703125,887.0892944335938
199,14,898.9901733398438,867.896728515625
199,15,882.1527099609375,848.8435668945312
199,16,865.5326538085938,830.1093139648438
199,17,849.9013061523438,812.1587524414062
199,18,1015.6500244140625,948.6101684570312
199,19,995.6107788085938,928.535400390625
199,20,975.88232421875,908.6836547851562
199,23,920.8308715820312,850.9957885742188
199,24,903.5226440429688,832.4685668945312
199,25,886.9527587890625,814.24609375
199,26,871.0003051757812,797.1203002929688
199,27,1037.58935546875,929.7399291992188
199,28,1017.47119140625,909.9051513671875
199,29,997.9519653320312,890.4436645507812
199,32,942.1524047851562,834.5436401367188
199,33,924.8687744140625,816.4732055664062
199,34,907.9569702148438,798.9257202148438
199,36,1059.2808837890625,910.4369506835938
199,37,1039.031982421875,891.2689208984375
199,38,1019.3502807617188,872.43017578125
199,39,1000.0647583007812,853.902099609375
199,40,981.2774658203125,835.8035278320312
199,41,963.1270141601562,818.0068359375
199,42,945.5576782226562,800.3026123046875
199,45,1080.094482421875,891.9474487304688
199,46,1059.8177490234375,872.9591064453125
199,49,1001.843017578125,818.9312133789062
199,50,983.5361938476562,801.42236328125
199,51,965.8101196289062,784.3373413085938
199,55,1080.0340576171875,855.308349609375
199,61,968.396240234375,752.838134765625
199,62,951.6141357421875,737.188232421875
200,0,475.02545166015625,379.5955810546875
200,1,458.06402587890625,381.74072265625
200,2,441.3787841796875,383.07562255859375
200,3,424.67437744140625,383.2984619140625
200,4,409.0871887207031,385.1968688964844
200,5,393.3695373535156,385.652587890625
200,6,377.8689270019531,386.54541015625
200,7,361.60076904296875,387.7431945800781
200,8,346.8566589355469,387.56341552734375
200,9,473.3537902832031,363.8173522949219
200,10,456.9256896972656,365.35614013671875
200,11,440.4562072753906,366.95166015625
200,12,423.9478759765625,368.1751708984375
200,13,408.16412353515625,368.6171569824219
200,14,391.877685546875,370.0964660644531
200,17,345.70703125,372.13555908203125
200,18,472.0283203125,347.5712585449219
200,19,455.9319763183594,349.1529541015625
200,20,439.67626953125,350.7051086425781
200,21,423.2342834472656,351.4552001953125
200,22,406.4201965332031,353.1919250488281
200,23,391.1787109375,353.89666748046875
200,26,344.6986389160156,356.897216796875
200,27,470.4051513671875,331.2431945800781
200,28,453.77423095703125,333.0469970703125
200,29,438.138427734375,334.71087646484375
200,30,421.89068603515625,335.8619384765625
200,31,405.7194519042969,336.6814270019531
200,32,389.5140380859375,338.4833679199219
200,33,373.61700439453125,339.5693664550781
200,34,358.7109375,340.2580871582031
200,35,344.03631591796875,340.7396240234375
200,36,468.7591857910156,315.2519836425781
200,37,452.5903625488281,317.0810546875
200,38,436.6549377441406,318.1614685058594
200,39,420.4145202636719,319.8335266113281
200,40,404.44329833984375,321.1958923339844
200,41,388.40765380859375,322.6290283203125
200,42,373.1841735839844,322.9579162597656
200,43,357.7571716308594,324.9242248535156
200,44,342.168701171875,325.94244384765625
200,45,467.20391845703125,299.1315002441406
200,46,450.35101318359375,301.0456237792969
200,47,435.3483581542969,302.0054931640625
200,48,418.87274169921875,303.9128723144531
200,49,403.09478759765625,305.7137451171875
200,50,387.6986083984375,306.09375
200,51,372.1741638183594,308.0129089355469
200,52,356.49090576171875,309.29876708984375
200,53,342.3379211425781,310.333984375
200,54,465.7984313964844,283.0626220703125
200,55,449.10406494140625,285.3860778808594
200,56,433.9535827636719,286.07891845703125
200,57,418.24267578125,288.04058837890625
200,58,402.1346435546875,289.54058837890625
200,59,386.89202880859375,291.0580139160156
200,60,371.3846130371094,292.2972717285156
200,61,356.51629638671875,293.8598937988281
200,62,341.4058837890625,295.3267517089844
201,0,954.1795654296875,999.776611328125
201,1,923.6417236328125,974.8206176757812
201,2,894.1522216796875,950.0311889648438
201,3,865.9324951171875,925.859130859375
201,4,838.572021484375,901.811767578125
201,5,812.8626098632812,878.7841186523438
201,6,788.3031616210938,856.1843872070312
201,7,764.7984008789062,834.3260498046875
201,8,742.4195556640625,813.0405883789062
201,9,980.4812622070312,968.8040771484375
201,10,949.6217651367188,944.5347900390625
201,11,920.0382080078125,920.6983642578125
201,12,891.3643798828125,897.0635375976562
201,13,863.923828125,874.0364990234375
201,14,837.54052734375,851.4902954101562
201,15,812.5502319335938,829.710693359375
201,16,788.5267944335938,808.3258666992188
201,17,765.9959106445312,788.0442504882812
201,18,1006.2053833007812,937.7412719726562
201,19,975.3716430664062,914.2103881835938
201,20,945.3343505859375,891.0725708007812
201,21,916.5274047851562,868.289794921875
201,22,888.7743530273438,846.0668334960938
201,23,862.0570678710938,824.1614990234375
201,24,836.5377807617188,803.1016845703125
201,25,812.355712890625,782.5908203125
201,26,789.66650390625,763.3389892578125
201,27,1031.466796875,906.771728515625
201,28,1000.1445922851562,883.9994506835938
201,29,970.1830444335938,861.3726196289062
201,30,941.1826782226562,839.589599609375
201,31,913.118896484375,818.0267944335938
201,32,886.4043579101562,797.2416381835938
201,33,860.601806640625,776.8004760742188
201,34,835.9903564453125,757.201416015625
201,35,812.94140625,738.597900390625
201,36,1056.017333984375,875.546875
201,37,1024.9451904296875,853.7445068359375
201,38,994.73388671875,832.0604248046875
201,39,965.4636840820312,810.6983032226562
201,40,937.0951538085938,790.3538208007812
201,41,910.1312255859375,770.2235717773438
201,42,884.0464477539062,750.4890747070312
201,43,859.3756713867188,731.8768310546875
201,44,835.8056640625,714.0789184570312
201,45,1079.684814453125,845.112548828125
201,46,1048.4853515625,823.7290649414062
201,47,1018.2669067382812,802.86962890625
201,48,988.9711303710938,782.582763671875
201,49,960.52734375,762.9210205078125
201,50,933.2056274414062,743.3778686523438
201,51,907.032958984375,724.6067504882812
201,52,881.9757690429688,706.6592407226562
201,53,858.2078247070312,689.6934204101562
201,54,1102.3802490234375,815.200439453125
201,55,1071.4124755859375,794.6890258789062
201,56,1041.0667724609375,774.42529296875
201,57,1011.8192749023438,754.8557739257812
201,58,983.1318359375,735.7184448242188
201,59,955.9740600585938,717.2254638671875
201,60,929.67236328125,699.4407958984375
201,61,904.2413940429688,682.0419311523438
201,62,880.1127319335938,665.624755859375
202,0,505.1231994628906,302.8537292480469
202,1,491.1850891113281,305.6235046386719
202,2,475.9255065917969,308.0086669921875
202,3,462.0523376464844,311.4137878417969
202,4,447.06402587890625,314.0180358886719
202,5,432.2281494140625,316.6023254394531
202,6,416.9786376953125,319.76239013671875
202,7,402.1623229980469,322.04083251953125
202,8,387.1877136230469,324.642578125
202,9,502.3044128417969,288.1632995605469
202,10,487.8813781738281,291.218994140625
202,11,473.92388916015625,294.3587951660156
202,12,458.9539489746094,296.4580078125
202,13,444.1152038574219,299.0316162109375
202,14,428.9389343261719,302.1888427734375
202,15,414.0797424316406,305.20123291015625
202,16,399.8407287597656,307.28277587890625
202,17,384.8104553222656,310.2673645019531
202,18,498.5740966796875,274.1933898925781
202,19,485.1418762207031,276.08477783203125
202,20,470.5480041503906,279.2218322753906
202,21,456.1144714355469,282.2671203613281
202,22,441.3141174316406,284.619873046875
202,23,426.3266296386719,287.9737243652344
202,24,411.79803466796875,290.4889831542969
202,25,397.35498046875,293.244873046875
202,26,382.1605529785156,295.88336181640625
202,27,495.8537902832031,260.21038818359375
202,28,481.5818786621094,262.8598327636719
202,29,467.4634094238281,265.26129150390625
202,30,453.01824951171875,267.5314636230469
202,31,438.462890625,270.85162353515625
202,32,423.9575500488281,273.1725769042969
202,33,409.2721862792969,274.6199951171875
202,34,394.924072265625,278.34136962890625
202,35,380.43701171875,281.0638122558594
202,36,492.5503234863281,246.58438110351562
202,37,478.681884765625,248.9281768798828
202,38,464.32568359375,251.07603454589844
202,39,450.1477355957031,254.20046997070312
202,40,434.942138671875,255.9748992919922
202,41,421.24786376953125,259.0732116699219
202,42,407.0633544921875,262.06365966796875
202,43,392.11346435546875,265.00433349609375
202,44,378.15191650390625,266.8439025878906
202,45,489.18011474609375,233.08665466308594
202,46,475.3736572265625,235.0508270263672
202,47,461.5201416015625,237.72096252441406
202,48,447.06268310546875,240.12744140625
202,49,433.1543273925781,242.80580139160156
202,50,418.6371154785156,245.84962463378906
202,51,404.3392333984375,248.25611877441406
202,52,390.1198425292969,250.15293884277344
202,53,376.0539855957031,253.97164916992188
202,54,485.9932556152344,219.76156616210938
202,55,472.35028076171875,222.02818298339844
202,56,458.41656494140625,224.7545928955078
202,57,443.857421875,226.23471069335938
202,58,430.1855773925781,229.64346313476562
202,59,416.2333679199219,232.0196533203125
202,60,402.10321044921875,234.2992401123047
202,61,388.12176513671875,237.5495147705078
202,62,374.07818603515625,239.75796508789062
203,0,980.4063110351562,986.2623291015625
203,1,959.1929931640625,968.0059204101562
203,2,938.2827758789062,949.927001953125
203,3,917.9816284179688,931.970458984375
203,4,898.1212768554688,913.9706420898438
203,5,878.9132690429688,896.410400390625
203,8,824.4080810546875,845.01171875
203,9,999.72998046875,966.02880859375
203,10,978.5038452148438,948.3328247070312
203,11,957.8157958984375,930.7943115234375
203,12,937.5198974609375,913.1965942382812
203,13,917.4690551757812,895.8505249023438
203,14,898.2398681640625,878.5714721679688
203,17,843.4642333984375,828.3304443359375
203,18,1018.6729736328125,946.36474609375
203,19,997.4103393554688,929.0169067382812
203,20,976.7315063476562,911.7784423828125
203,23,917.0744018554688,860.953125
203,27,1036.736328125,926.7874755859375
203,28,1015.772216796875,909.8375854492188
203,29,995.01123046875,892.8937377929688
203,32,935.6580810546875,843.6329956054688
203,36,1054.663818359375,907.0767822265625
203,37,1033.7392578125,890.77490234375
203,38,1012.9924926757812,874.2778930664062
203,39,992.8304443359375,858.0657958984375
203,40,972.968017578125,842.1231689453125
203,41,953.7640380859375,826.1607666015625
203,47,1030.4146728515625,855.906494140625
203,48,1010.260498046875,840.1333618164062
204,0,499.2480163574219,330.31494140625
204,1,484.7289733886719,333.3997497558594
204,2,469.23944091796875,336.3380126953125
204,3,453.9996032714844,339.0372619628906
204,4,439.1298522949219,340.8760681152344
204,5,423.8754577636719,343.64178466796875
204,6,408.2032470703125,345.8897705078125
204,7,393.0503845214844,348.1882629394531
204,8,377.8111877441406,349.9659729003906
204,9,497.11505126953125,316.1083984375
204,10,482.1842346191406,317.983642578125
204,11,467.11041259765625,321.0924377441406
204,12,451.989013671875,322.98162841796875
204,13,436.2880859375,326.2799072265625
204,14,421.3041687011719,327.7662658691406
204,15,406.05157470703125,330.7071838378906
204,16,390.3581848144531,333.0913391113281
204,17,375.01177978515625,335.57025146484375
204,18,494.1502990722656,300.9459533691406
204,19,480.04412841796875,303.2469177246094
204,20,464.7637939453125,305.7916259765625
204,21,449.41180419921875,308.378662109375
204,22,434.0831604003906,310.5017395019531
204,23,418.7828369140625,313.2109375
204,24,403.5589904785156,315.3009948730469
204,25,388.131103515625,317.630126953125
204,26,372.5658264160156,320.093994140625
204,27,492.1636657714844,285.6153869628906
204,28,477.0614929199219,288.15185546875
204,29,462.4330749511719,290.1950988769531
204,30,447.00628662109375,293.07275390625
204,31,431.920166015625,295.1550598144531
204,32,416.444091796875,297.6545104980469
204,33,401.3271789550781,300.18927001953125
204,34,385.6412658691406,302.812255859375
204,35,370.765869140625,305.027587890625
204,36,489.1188659667969,270.85906982421875
204,37,475.08111572265625,272.8953552246094
204,38,459.31982421875,275.5792541503906
204,39,444.59063720703125,278.05914306640625
204,40,428.95208740234375,280.1172790527344
204,41,414.04632568359375,281.9664001464844
204,42,398.4083251953125,284.8136901855469
204,43,383.35809326171875,287.2756652832031
204,44,368.1313171386719,289.8514404296875
204,45,487.16229248046875,255.4038848876953
204,46,472.2025451660156,257.5681457519531
204,47,457.1559753417969,260.1632080078125
204,48,442.0631408691406,261.9171447753906
204,49,426.6849670410156,265.17047119140625
204,50,411.24993896484375,267.21331787109375
204,51,396.4836730957031,269.2228698730469
204,52,380.9898376464844,271.9577331542969
204,53,366.04681396484375,274.397705078125
204,54,484.3150634765625,240.41578674316406
204,55,469.353759765625,243.2814178466797
204,56,454.62066650390625,245.36972045898438
204,57,438.7989196777344,246.82818603515625
204,58,424.4997253417969,249.7680206298828
204,59,409.269287109375,251.97515869140625
204,60,394.0899353027344,254.35308837890625
204,61,378.8780212402344,257.4194641113281
204,62,364.0868225097656,259.99945068359375
205,0,966.4799194335938,984.8536376953125
205,1,946.38623046875,963.6222534179688
205,2,926.9014892578125,942.8870849609375
205,3,908.1826782226562,922.3549194335938
205,4,889.8156127929688,902.0166015625
205,5,872.1685791015625,882.3169555664062
205,6,855.2310180664062,862.9719848632812
205,7,838.973388671875,843.9105224609375
205,8,823.0042724609375,825.1272583007812
205,9,989.4890747070312,965.2880859375
205,10,969.3053588867188,944.6932983398438
205,11,949.679931640625,924.488037109375
205,12,930.6744384765625,904.4566040039062
205,13,912.2802124023438,884.9166259765625
205,14,894.2874145507812,865.3090209960938
205,15,877.0928344726562,846.3289184570312
205,16,860.3710327148438,827.5400390625
205,18,1011.9239501953125,946.1146240234375
205,19,991.722900390625,925.9957885742188
205,20,971.93212890625,906.1688232421875
205,21,952.8463134765625,886.7194213867188
205,22,934.0890502929688,867.46240234375
205,23,916.032958984375,848.3482055664062
205,24,898.559814453125,829.7252197265625
205,27,1033.98974609375,927.0661010742188
205,28,1013.5433349609375,907.3054809570312
205,29,993.6979370117188,887.810791015625
205,30,974.41064453125,868.9827880859375
205,36,1055.3260498046875,907.613037109375
205,37,1034.9595947265625,888.5555419921875
205,38,1014.90234375,869.72021484375
205,39,995.5292358398438,851.0470581054688
205,49,997.022216796875,815.9273681640625
205,52,943.2305297851562,765.0341186523438
205,53,926.3904418945312,748.8546752929688
205,61,962.8317260742188,749.64208984375
205,62,945.8753662109375,733.9931640625
206,0,940.8233642578125,724.6787109375
206,1,924.0664672851562,688.8275146484375
206,2,906.880126953125,652.8397827148438
206,3,889.8099365234375,616.427001953125
206,4,872.5691528320312,579.8428955078125
206,5,855.7325439453125,543.468017578125
206,6,839.1163940429688,507.48956298828125
206,7,822.5386352539062,471.8797607421875
206,8,806.2349243164062,436.8931579589844
206,9,976.9563598632812,707.85791015625
206,10,960.2255859375,672.0621948242188
206,11,943.3036499023438,635.7951049804688
206,12,926.1919555664062,599.2998657226562
206,13,909.0410766601562,562.747314453125
206,14,892.0335693359375,526.2586669921875
206,15,875.2225952148438,490.2588195800781
206,16,858.4182739257812,454.5606994628906
206,17,841.9916381835938,419.79443359375
206,18,1012.7447509765625,690.86376953125
206,19,996.3814086914062,655.0932006835938
206,20,979.5921630859375,618.7590942382812
206,21,962.4830322265625,582.3616943359375
206,22,945.3021240234375,545.6650390625
206,23,928.4931640625,509.28521728515625
206,24,911.548583984375,473.2696228027344
206,25,894.5809936523438,437.86749267578125
206,26,878.06591796875,403.26568603515625
206,27,1048.50244140625,673.65771484375
206,28,1032.2000732421875,638.0130615234375
206,29,1015.75244140625,601.7129516601562
206,30,998.8373413085938,565.352294921875
206,31,981.8709106445312,528.7570190429688
206,32,964.7854614257812,492.6271057128906
206,33,947.7167358398438,456.8728332519531
206,34,930.7937622070312,421.4228820800781
206,35,914.0326538085938,387.08538818359375
206,36,1083.8377685546875,656.9288330078125
206,37,1067.97216796875,621.1104125976562
206,38,1051.5498046875,584.9254150390625
206,39,1034.8018798828125,548.6961059570312
206,40,1017.8614501953125,512.1821899414062
206,41,1000.9412231445312,476.2164306640625
206,42,983.8864135742188,440.4736633300781
206,43,966.8134155273438,405.3782958984375
206,44,949.9429321289062,371.22149658203125
206,45,1118.6558837890625,640.47216796875
206,46,1103.1278076171875,604.4458618164062
206,47,1086.9415283203125,568.4291381835938
206,48,1070.370849609375,532.2984008789062
206,49,1053.427001953125,496.0563049316406
206,50,1036.4989013671875,460.1569519042969
206,51,1019.5877075195312,424.4568176269531
206,52,1002.3536376953125,389.8349304199219
206,53,985.3741455078125,356.0081481933594
206,54,1152.48388671875,623.81982421875
206,55,1137.252197265625,588.150146484375
206,56,1121.4432373046875,552.4130249023438
206,57,1105.229248046875,516.5403442382812
206,58,1088.337646484375,480.2967224121094
206,59,1071.6566162109375,444.8865051269531
206,60,1054.4671630859375,409.4560546875
206,61,1037.310302734375,374.9339294433594
206,62,1020.2275390625,341.1980895996094
207,0,504.4960632324219,274.9208984375
207,1,490.10675048828125,277.0533752441406
207,2,473.8619384765625,280.06329345703125
207,3,459.19207763671875,282.1059265136719
207,4,443.46392822265625,284.36126708984375
207,5,428.2261962890625,285.9684753417969
207,6,412.1323547363281,288.609375
207,7,396.05950927734375,291.3185729980469
207,8,380.93359375,292.76202392578125
207,9,500.81494140625,262.5235595703125
207,10,486.1247863769531,264.3698425292969
207,11,471.23773193359375,267.2039489746094
207,12,456.20361328125,268.3917541503906
207,18,496.9781188964844,250.8111114501953
207,19,482.8058776855469,252.9909210205078
207,20,468.1670837402344,254.4064178466797
207,27,493.2364501953125,239.6566162109375
207,28,479.1313171386719,240.7899627685547
207,29,465.25689697265625,243.12075805664062
207,32,421.32879638671875,249.26174926757812
207,33,407.1954040527344,251.11160278320312
207,41,420.2005615234375,238.0432586669922
207,42,405.3076477050781,239.8509521484375
208,0,601.6085205078125,279.331298828125
208,1,586.9527587890625,282.58416748046875
208,2,571.3567504882812,285.77587890625
208,3,556.2640380859375,288.63946533203125
208,4,540.1614379882812,291.6865234375
208,5,523.9708251953125,294.78118896484375
208,6,508.28704833984375,297.4821472167969
208,7,492.7900390625,300.0569152832031
208,8,476.8266906738281,302.72991943359375
208,11,567.39794921875,273.8888244628906
208,12,552.4959106445312,276.8255615234375
208,13,537.2105712890625,279.6891784667969
208,14,522.056640625,282.70831298828125
208,15,506.82470703125,284.8731689453125
208,16,490.781982421875,287.94256591796875
208,17,475.15252685546875,290.82757568359375
208,21,547.55126953125,265.3812255859375
208,22,534.0444946289062,268.6766357421875
208,30,545.50390625,255.55030822753906
208,43,486.2532958984375,256.1595458984375
208,44,472.0162658691406,258.618896484375
209,2,936.2366333007812,946.2070922851562
209,3,917.1741943359375,926.9583740234375
209,4,898.6119384765625,907.5885009765625
209,5,880.652099609375,888.9703979492188
209,6,863.2860107421875,870.3201293945312
209,9,997.9177856445312,967.0941162109375
209,10,977.545654296875,947.6991577148438
209,11,957.98779296875,928.734130859375
209,12,938.49072265625,909.7745361328125
209,18,1018.70703125,948.857666015625
209,19,998.2799682617188,929.8164672851562
209,20,978.6679077148438,911.01123046875
209,21,959.3419189453125,892.8256225585938
209,42,944.2866821289062,808.1162719726562
209,45,1077.8388671875,893.0577392578125
209,55,1076.1156005859375,858.0101318359375
210,0,505.0771179199219,301.05389404296875
210,1,491.31903076171875,303.55950927734375
210,2,476.6434631347656,306.94866943359375
210,3,462.2424621582031,309.7320251464844
210,4,446.98309326171875,312.10992431640625
210,5,432.0995788574219,315.0071105957031
210,6,417.0508117675781,318.09039306640625
210,7,402.1780700683594,319.9577941894531
210,8,387.09246826171875,322.9457092285156
210,9,502.3937683105469,286.14544677734375
210,10,488.0997009277344,289.0014953613281
210,11,473.4324035644531,292.2706298828125
210,12,459.0125427246094,295.1527404785156
210,13,444.2054138183594,297.0075378417969
210,14,429.30572509765625,300.00244140625
210,15,414.28173828125,303.2018737792969
210,16,399.5021667480469,306.00311279296875
210,17,384.94122314453125,308.3428649902344
210,18,498.9690246582031,272.23046875
210,19,484.82403564453125,275.3611145019531
210,20,470.3675842285156,277.9023742675781
210,21,456.1641540527344,280.1313171386719
210,22,441.1965026855469,282.97979736328125
210,23,426.2758483886719,286.2740173339844
210,24,412.04998779296875,288.4217834472656
210,25,397.16357421875,291.08526611328125
210,26,382.269287109375,294.177001953125
210,27,494.8586120605469,257.93853759765625
210,28,481.46875,261.2672119140625
210,29,467.54437255859375,263.2706604003906
210,30,452.9751892089844,266.1034240722656
210,31,438.8004455566406,268.9010314941406
210,32,424.1243591308594,271.42828369140625
210,33,409.4891357421875,274.1778259277344
210,34,394.43585205078125,277.0790710449219
210,35,380.4488220214844,279.9695739746094
210,36,492.169677734375,244.8728790283203
210,37,478.729248046875,247.7555694580078
210,38,464.0080871582031,250.0439910888672
210,39,450.23773193359375,252.01419067382812
210,40,435.7771301269531,255.4054718017578
210,41,421.18145751953125,258.03692626953125
210,42,406.96575927734375,259.9322509765625
210,43,392.47760009765625,263.4526062011719
210,44,378.5550842285156,265.8300476074219
210,45,489.1381530761719,231.5094451904297
210,46,475.06268310546875,233.98373413085938
210,47,461.4273986816406,236.27662658691406
210,48,447.1451110839844,238.84017944335938
210,49,433.0995788574219,241.86988830566406
210,50,418.79315185546875,244.2060089111328
210,51,404.7305908203125,246.96652221679688
210,52,390.6990966796875,249.30154418945312
210,54,485.9263916015625,218.61981201171875
210,55,472.2627868652344,221.01608276367188
210,56,458.2684326171875,223.67434692382812
210,57,444.762939453125,226.05252075195312
210,58,430.2568359375,228.3057098388672
210,59,416.6094665527344,230.89173889160156
210,60,402.23797607421875,233.65135192871094
210,61,388.397705078125,236.1603240966797
211,0,941.2755737304688,989.3206176757812
211,1,910.156982421875,962.9463500976562
211,2,880.1053466796875,936.7041625976562
211,3,851.3910522460938,910.9592895507812
211,4,823.4248657226562,885.6241455078125
211,5,797.140380859375,860.980224609375
211,6,772.1690063476562,837.1348266601562
211,7,748.0118408203125,813.7965087890625
211,8,725.2373046875,791.052734375
211,9,968.2230224609375,957.7070922851562
211,10,936.7860107421875,931.8759765625
211,11,906.53515625,906.2933959960938
211,12,877.2457275390625,881.13134765625
211,13,849.121337890625,856.3900146484375
211,14,822.2626342773438,832.4581298828125
211,15,796.5115966796875,809.1426391601562
211,16,771.7178955078125,786.2831420898438
211,17,748.6555786132812,764.6287231445312
211,18,995.0802001953125,925.8151245117188
211,19,963.4354858398438,900.5000610351562
211,20,932.684326171875,875.67724609375
211,21,903.0904541015625,851.261474609375
211,22,874.510498046875,827.1845092773438
211,23,847.1458129882812,803.7416381835938
211,24,820.9468383789062,781.0
211,25,796.0386352539062,759.1670532226562
211,26,772.6909790039062,738.3466796875
211,27,1021.5178833007812,893.6071166992188
211,28,989.6227416992188,868.9459228515625
211,29,958.4901123046875,844.618408203125
211,30,928.6875,821.013427734375
211,31,899.7145385742188,797.715087890625
211,32,872.0917358398438,775.1699829101562
211,33,845.4635620117188,753.1563720703125
211,34,820.2012939453125,732.0385131835938
211,35,796.4091186523438,712.1036376953125
211,36,1047.33251953125,860.97509765625
211,37,1015.3283081054688,837.0487670898438
211,38,984.0927124023438,813.6130981445312
211,39,953.8311157226562,790.5670776367188
211,40,924.6764526367188,768.2052001953125
211,41,896.747314453125,746.4620361328125
211,42,869.8487548828125,725.1384887695312
211,43,844.1182861328125,705.0537719726562
211,44,819.9912109375,685.723876953125
211,45,1072.441162109375,828.9391479492188
211,46,1040.2706298828125,805.51318359375
211,47,1009.0028686523438,782.7536010742188
211,48,978.6185913085938,760.5242309570312
211,49,949.131103515625,739.0390625
211,50,920.8760986328125,717.8782958984375
211,51,893.7359008789062,697.3801879882812
211,52,867.8556518554688,677.9755859375
211,53,843.1277465820312,659.359130859375
211,54,1096.9166259765625,797.1466674804688
211,55,1064.81005859375,774.584228515625
211,56,1033.246337890625,752.4050903320312
211,57,1002.812744140625,730.9353637695312
211,58,973.007080078125,709.8960571289062
211,59,944.7178955078125,689.72802734375
211,60,917.4031982421875,670.264404296875
211,61,891.1578369140625,651.3494873046875
211,62,866.0261840820312,633.5531616210938
212,0,980.3193969726562,986.2891235351562
212,1,959.1608276367188,967.9904174804688
212,2,938.2515869140625,949.8883666992188
212,3,917.9614868164062,931.9780883789062
212,4,898.1029663085938,913.9466552734375
212,5,878.747314453125,896.3369750976562
212,6,860.2125244140625,879.0606079101562
212,7,842.0238647460938,861.8464965820312
212,9,999.8229370117188,966.0419311523438
212,10,978.6162719726562,948.2894287109375
212,11,957.7681274414062,930.7509155273438
212,12,937.4258422851562,913.2705688476562
212,13,917.5428466796875,895.802490234375
212,14,898.225830078125,878.5855102539062
212,15,879.4986572265625,861.6448974609375
212,16,861.1619262695312,844.7800903320312
212,17,843.4634399414062,828.254150390625
212,18,1018.6077880859375,946.328369140625
212,19,997.3643188476562,929.0167846679688
212,20,976.732421875,911.8163452148438
212,23,916.9345703125,860.9332885742188
212,24,898.277099609375,844.2670288085938
212,25,879.9046630859375,827.9628295898438
212,26,862.1571044921875,812.3077392578125
212,27,1036.8544921875,926.7514038085938
212,28,1015.8152465820312,909.8294067382812
212,29,995.0659790039062,892.8311157226562
212,32,935.6221313476562,843.6559448242188
212,35,880.4675903320312,796.2653198242188
212,36,1054.6649169921875,907.0681762695312
212,37,1033.725830078125,890.6808471679688
212,38,1013.0263671875,874.2218017578125
212,45,1071.740966796875,888.0321044921875
212,46,1051.010986328125,871.8325805664062
212,47,1030.422119140625,855.908203125
212,54,1088.3277587890625,869.343505859375
213,0,981.885498046875,994.272705078125
213,1,960.797119140625,975.6282348632812
213,2,939.9545288085938,957.0155029296875
213,3,920.0044555664062,938.8233032226562
213,4,900.2750244140625,920.1838989257812
213,5,881.2606201171875,902.5855102539062
213,6,862.9357299804688,884.9422607421875
213,9,1001.8876342773438,974.2081298828125
213,10,980.8519287109375,955.9877319335938
213,11,960.0313110351562,937.9789428710938
213,12,939.8732299804688,919.9189453125
213,15,882.3571166992188,867.5612182617188
213,18,1021.3119506835938,954.286865234375
213,24,901.7457885742188,850.0780029296875
213,25,883.6767578125,833.6904907226562
213,27,1040.1927490234375,934.702392578125
213,32,939.4022827148438,849.8709106445312
213,37,1037.7301025390625,898.1047973632812
213,38,1017.2460327148438,881.3065185546875
213,39,997.0869750976562,864.8347778320312
213,40,977.2357177734375,848.5690307617188
213,41,957.9303588867188,832.552734375
213,49,995.125732421875,831.0342407226562
213,50,975.94140625,815.26416015625
213,59,993.3203125,798.3575439453125
214,0,943.3329467773438,992.1119995117188
214,1,912.2249755859375,966.0368041992188
214,2,882.2493896484375,940.1050415039062
214,3,853.48876953125,914.7479248046875
214,4,825.6182250976562,889.6192016601562
214,5,799.2290649414062,865.40380859375
214,6,774.3355102539062,841.8082275390625
214,7,750.1773681640625,818.8861694335938
214,8,727.4146118164062,796.5104370117188
214,9,970.2300415039062,960.3953247070312
214,10,938.69384765625,935.0322265625
214,11,908.5169677734375,909.8692626953125
214,12,879.2152709960938,885.1795043945312
214,13,851.2028198242188,860.8646850585938
214,14,824.290771484375,837.1058349609375
214,15,798.7090454101562,814.179443359375
214,16,774.0249633789062,791.71435546875
214,17,750.9347534179688,770.32373046875
214,18,996.7457885742188,928.6835327148438
214,19,965.1895141601562,903.8143920898438
214,20,934.5630493164062,879.319091796875
214,21,905.0792846679688,855.3497924804688
214,22,876.4723510742188,831.8412475585938
214,23,849.1260375976562,808.7113037109375
214,24,822.9695434570312,786.199951171875
214,25,798.1659545898438,764.8602294921875
214,26,774.8984985351562,744.3917846679688
214,27,1022.8445434570312,896.5730590820312
214,28,990.9935302734375,872.4259033203125
214,29,960.0440063476562,848.49755859375
214,30,930.2369995117188,825.4366455078125
214,31,901.4133911132812,802.4921875
214,32,873.9572143554688,780.4693603515625
214,33,847.4560546875,758.8489990234375
214,34,822.2286376953125,737.9949951171875
214,35,798.5452880859375,718.3326416015625
214,36,1048.3292236328125,864.3411254882812
214,37,1016.3916015625,840.99755859375
214,38,985.292724609375,817.9307250976562
214,39,955.1998291015625,795.289794921875
214,40,926.2320556640625,773.3369750976562
214,41,898.3767700195312,752.047119140625
214,42,871.6707763671875,731.1741333007812
214,43,846.1334228515625,711.39990234375
214,44,822.06787109375,692.3486938476562
214,45,1073.0711669921875,832.5382080078125
214,46,1041.04931640625,809.588134765625
214,47,1009.878173828125,787.3321533203125
214,48,979.64599609375,765.6631469726562
214,49,950.26123046875,744.6968383789062
214,50,922.2793579101562,723.8076782226562
214,51,895.1983032226562,703.8795166015625
214,52,869.4280395507812,684.6434326171875
214,53,845.073486328125,666.4246826171875
214,54,1097.009033203125,801.0899658203125
214,55,1065.0841064453125,779.1011962890625
214,56,1033.8245849609375,757.4498901367188
214,57,1003.5170288085938,736.3970947265625
214,58,974.0302734375,715.8723754882812
214,59,945.7855224609375,696.1903686523438
214,60,918.5906982421875,677.11669921875
214,61,892.538330078125,658.81689453125
214,62,867.70947265625,641.0220947265625
215,0,980.3577880859375,986.2109375
215,3,917.9260864257812,931.903564453125
215,4,898.1043701171875,913.9459228515625
215,5,878.8605346679688,896.4284057617188
215,6,860.23046875,879.0621337890625
215,7,842.0069580078125,861.9346923828125
215,9,999.7345581054688,966.0266723632812
215,12,937.4320068359375,913.2178955078125
215,13,917.5252685546875,895.78955078125
215,14,898.2217407226562,878.6182861328125
215,18,1018.572509765625,946.2817993164062
215,19,997.4554443359375,929.014404296875
215,20,976.666259765625,911.8045043945312
215,27,1036.7677001953125,926.7521362304688
215,28,1015.7699584960938,909.8304443359375
215,29,995.0537719726562,892.8772583007812
215,36,1054.667724609375,907.0316162109375
215,37,1033.7335205078125,890.6806030273438
215,38,1013.00927734375,874.2481079101562
215,39,992.868896484375,858.046142578125
215,40,972.964111328125,842.1065063476562
215,41,953.6268920898438,826.163330078125
215,45,1071.7763671875,888.0372314453125
215,46,1051.0238037109375,871.8743286132812
215,47,1030.3795166015625,855.913330078125
215,48,1010.2796020507812,840.1917724609375
215,54,1088.2406005859375,869.3341674804688
216,0,505.096923828125,286.3027648925781
216,1,490.314697265625,289.28546142578125
216,2,475.96002197265625,291.08404541015625
216,3,460.5614318847656,294.2661437988281
216,4,444.90625,295.8125
216,5,430.1678161621094,299.1378173828125
216,6,414.9784240722656,300.9652099609375
216,7,398.650390625,302.716796875
216,8,383.8880310058594,306.06298828125
216,9,501.45062255859375,273.1588134765625
216,10,487.13153076171875,275.02679443359375
216,11,472.744384765625,278.0683898925781
216,12,458.1253356933594,280.00665283203125
216,13,443.1784973144531,281.94085693359375
216,14,428.08673095703125,284.55889892578125
216,15,412.8006896972656,287.1055908203125
216,16,397.9522399902344,289.12701416015625
216,17,381.67755126953125,290.7428283691406
216,18,497.9775085449219,259.7957458496094
216,19,484.1166687011719,262.0196838378906
216,20,469.1977233886719,264.64190673828125
216,21,455.24273681640625,266.5166931152344
216,22,440.43377685546875,268.3695983886719
216,23,425.5478515625,271.4378356933594
216,24,410.7606201171875,273.3883972167969
216,25,395.62945556640625,276.1379089355469
216,26,380.9917907714844,278.2308349609375
216,27,494.653564453125,247.22816467285156
216,28,480.6474609375,249.70156860351562
216,31,437.9122009277344,256.22637939453125
216,32,423.1068115234375,258.121826171875
216,33,409.14154052734375,260.47869873046875
216,34,394.3385314941406,262.43353271484375
216,35,379.72271728515625,265.299072265625
216,37,477.32537841796875,237.1272430419922
216,40,435.2455139160156,243.65049743652344
216,43,392.81695556640625,250.2186737060547
216,44,378.0527038574219,252.65289306640625
216,46,474.1170349121094,224.94265747070312
216,49,433.0267333984375,231.55853271484375
216,53,376.86212158203125,240.50912475585938
216,58,430.837158203125,219.792724609375
216,59,417.2071533203125,221.9916229248047
217,0,477.49761962890625,377.4439392089844
217,1,462.400390625,377.87969970703125
217,2,446.1077575683594,378.7188720703125
217,3,429.5863342285156,379.7613525390625
217,4,413.9591064453125,379.5917053222656
217,5,398.21710205078125,380.5872802734375
217,6,382.4756164550781,380.6734619140625
217,7,366.4735412597656,380.7287902832031
217,8,351.4069519042969,380.453857421875
217,9,477.14715576171875,361.6529846191406
217,10,461.34521484375,362.11224365234375
217,11,445.0031433105469,363.6874694824219
217,12,429.8188781738281,363.2124328613281
217,13,413.03924560546875,364.6253356933594
217,14,397.7987365722656,364.8122253417969
217,15,382.8606262207031,364.6651611328125
217,16,367.0808410644531,364.8225402832031
217,17,352.5798645019531,364.7378234863281
217,18,475.97918701171875,346.1341857910156
217,19,460.83758544921875,346.4681396484375
217,20,444.9530944824219,347.5249328613281
217,21,429.058837890625,348.6277160644531
217,22,413.57098388671875,348.25079345703125
217,23,397.4550476074219,349.68890380859375
217,24,382.53741455078125,349.5188903808594
217,25,367.89886474609375,349.4785461425781
217,26,352.7402038574219,349.818603515625
217,27,475.3861389160156,330.6135559082031
217,28,459.7585754394531,331.73760986328125
217,31,413.47967529296875,333.5352783203125
217,32,397.5936279296875,334.5960388183594
217,33,383.0716247558594,334.552978515625
217,34,367.9100341796875,334.8081970214844
217,36,473.8892822265625,316.26385498046875
217,37,459.06146240234375,316.91033935546875
217,41,397.8105163574219,319.7718200683594
217,42,383.06292724609375,319.6025390625
217,43,367.7221984863281,320.9684143066406
217,45,473.0740051269531,301.9749755859375
217,46,457.328857421875,302.80035400390625
217,47,442.78070068359375,303.3212890625
217,50,398.0594787597656,305.6253662109375
217,51,383.50262451171875,305.41229248046875
217,52,367.8283386230469,306.5950622558594
217,54,471.7362976074219,287.85748291015625
217,55,457.1805114746094,288.55865478515625
217,56,442.1896667480469,288.97833251953125
217,57,427.6752624511719,289.4232177734375
217,58,412.3284606933594,290.84503173828125
217,59,397.96209716796875,291.42822265625
217,60,383.5133361816406,291.62969970703125
218,0,958.5676879882812,1008.6640625
218,1,921.091796875,978.2735595703125
218,2,884.9207153320312,948.3173217773438
218,3,850.69384765625,919.1530151367188
218,4,817.885498046875,890.3815307617188
218,5,787.2548217773438,862.9382934570312
218,6,758.57958984375,836.46044921875
218,7,731.27734375,810.7610473632812
218,8,705.8367919921875,786.1062622070312
218,9,990.0098266601562,970.1676025390625
218,10,951.913818359375,940.883544921875
218,11,915.6363525390625,912.0494384765625
218,12,880.6840209960938,883.731201171875
218,13,847.5894775390625,856.18798828125
218,14,816.1539306640625,829.669921875
218,15,786.7047729492188,803.9569091796875
218,16,758.4854125976562,779.156494140625
218,17,732.6199951171875,755.7343139648438
218,18,1020.9651489257812,931.602783203125
218,19,982.5681762695312,903.2698364257812
218,20,945.6094360351562,875.3206176757812
218,21,910.5663452148438,848.240478515625
218,22,876.7726440429688,821.7952880859375
218,23,844.7478637695312,796.1387329101562
218,24,814.4199829101562,771.409912109375
218,25,786.0361938476562,747.9310302734375
218,26,759.8243408203125,725.9508666992188
218,27,1050.8642578125,892.8953857421875
218,28,1012.3194580078125,865.465087890625
218,29,975.0533447265625,838.6704711914062
218,30,939.4853515625,812.7908325195312
218,31,905.33642578125,787.3516235351562
218,32,873.2232666015625,763.1121215820312
218,33,842.5133666992188,739.4885864257812
218,34,813.6943969726562,717.1324462890625
218,35,786.8546142578125,696.3162231445312
218,36,1079.8670654296875,853.8842163085938
218,37,1041.3511962890625,827.7904663085938
218,38,1003.9710083007812,802.1729736328125
218,39,968.0001220703125,777.2366333007812
218,40,933.8310546875,753.258544921875
218,41,901.085205078125,730.0524291992188
218,42,869.9879760742188,707.4509887695312
218,43,840.8235473632812,686.48828125
218,44,813.3104248046875,666.4464111328125
218,45,1107.6524658203125,815.9539184570312
218,46,1069.056640625,790.562255859375
218,47,1031.8355712890625,766.146728515625
218,48,995.7182006835938,742.3558959960938
218,49,961.133056640625,719.644775390625
218,50,928.1652221679688,697.3681640625
218,51,896.87109375,676.019287109375
218,52,867.0661010742188,656.0325317382812
218,53,839.1348876953125,637.1077880859375
218,54,1134.078857421875,778.853271484375
218,55,1095.8785400390625,754.5115966796875
218,56,1058.4697265625,731.1228637695312
218,57,1022.4321899414062,708.3582153320312
218,58,987.73486328125,686.5259399414062
218,59,954.5729370117188,665.6567993164062
218,60,923.0183715820312,645.6256103515625
218,61,893.1592407226562,626.5650024414062
218,62,864.7742919921875,608.6378784179688
219,0,505.00079345703125,316.0359802246094
219,1,491.11053466796875,318.7198181152344
219,2,476.2396240234375,321.69158935546875
219,3,461.5715637207031,324.396240234375
219,4,446.395751953125,327.25750732421875
219,5,430.90625,329.40625
219,6,417.08056640625,332.23773193359375
219,7,401.4536437988281,335.4676513671875
219,8,386.993408203125,337.61480712890625
219,9,502.4060363769531,301.23382568359375
219,10,488.0509948730469,303.9825744628906
219,11,473.672607421875,306.8802185058594
219,12,459.0691223144531,309.238525390625
219,13,443.9208068847656,312.416748046875
219,14,428.6655578613281,315.1623229980469
219,15,414.08380126953125,317.5845642089844
219,16,399.1020812988281,320.0301818847656
219,17,384.1158447265625,323.0404968261719
219,18,499.8965759277344,286.65765380859375
219,19,485.4186096191406,289.0712585449219
219,20,470.37060546875,292.33251953125
219,21,456.0720520019531,294.60418701171875
219,22,441.1809997558594,297.0965270996094
219,23,426.121337890625,300.1016540527344
219,24,411.2931213378906,302.6139831542969
219,25,396.39996337890625,305.32489013671875
219,26,381.1766052246094,308.2073974609375
219,27,496.99774169921875,272.1108703613281
219,28,482.367919921875,274.7757263183594
219,29,468.0969543457031,277.4447326660156
219,30,453.38360595703125,279.63720703125
219,31,438.6419372558594,282.3470458984375
219,32,423.64617919921875,285.47686767578125
219,33,408.8415222167969,288.06024169921875
219,34,394.0549011230469,290.57513427734375
219,35,378.890869140625,293.3260803222656
219,36,493.9934387207031,257.2718811035156
219,37,479.8731689453125,260.09234619140625
219,38,465.10791015625,262.640380859375
219,39,450.3426818847656,265.35858154296875
219,40,435.8192138671875,268.0726013183594
219,41,421.159423828125,270.6042785644531
219,42,405.7622985839844,273.2821044921875
219,43,391.3336181640625,276.2472229003906
219,44,376.8802490234375,278.5955505371094
219,45,491.23223876953125,243.08779907226562
219,46,476.8857421875,245.1958770751953
219,47,462.23443603515625,248.1357421875
219,48,448.1127624511719,250.73513793945312
219,49,433.103271484375,252.99745178222656
219,50,418.287353515625,255.66639709472656
219,51,403.782470703125,258.603515625
219,52,388.3063049316406,261.4148864746094
219,53,374.4466247558594,264.1801452636719
219,54,487.87738037109375,229.0775909423828
219,55,474.1291198730469,231.40321350097656
219,56,459.275634765625,233.8675994873047
219,57,445.2604675292969,236.04185485839844
219,58,430.2830505371094,238.62290954589844
219,59,414.7659912109375,240.8170166015625
219,60,401.057373046875,243.9558868408203
219,61,386.56903076171875,246.7694091796875
219,62,371.77197265625,249.8482666015625
220,0,1043.8017578125,675.231201171875
220,1,1016.0914916992188,648.8237915039062
220,2,988.0647583007812,622.2958984375
220,3,960.1806640625,596.1211547851562
220,4,932.4949951171875,569.7863159179688
220,5,905.1495971679688,544.19677734375
220,6,878.3148803710938,518.9937133789062
220,7,852.2985229492188,494.0528564453125
220,8,826.7568359375,469.5614013671875
220,9,1063.701171875,652.161376953125
220,10,1036.5032958984375,626.5264282226562
220,11,1009.1435546875,601.1119995117188
220,12,982.0631103515625,575.6016235351562
220,13,954.8819580078125,550.3992919921875
220,14,928.3130493164062,525.4275512695312
220,15,902.1810302734375,500.9084777832031
220,16,876.739013671875,476.4181213378906
220,17,851.4330444335938,453.0758361816406
220,18,1081.8555908203125,630.8717041015625
220,19,1055.513671875,605.8677978515625
220,20,1029.0421142578125,581.1533203125
220,21,1002.7106323242188,556.6309204101562
220,22,976.1436767578125,531.9548950195312
220,23,950.3085327148438,507.6834716796875
220,24,924.9458618164062,483.42510986328125
220,25,899.4989013671875,460.36981201171875
220,26,874.7839965820312,438.1294250488281
220,27,1098.93310546875,610.4146118164062
220,28,1073.474609375,586.1699829101562
220,29,1048.017822265625,561.9431762695312
220,30,1022.0850830078125,538.2354736328125
220,31,996.3773193359375,514.4991455078125
220,32,970.9432373046875,491.078857421875
220,33,946.080322265625,467.9634704589844
220,34,921.440185546875,445.4410400390625
220,35,897.089599609375,423.8990173339844
220,36,1115.3304443359375,590.813232421875
220,37,1090.4056396484375,567.3871459960938
220,38,1065.620849609375,543.9622192382812
220,39,1040.668212890625,520.658203125
220,40,1015.4119262695312,498.02618408203125
220,41,990.8316040039062,475.16156005859375
220,42,966.5693359375,452.7288818359375
220,43,942.0553588867188,431.0978698730469
220,44,918.1646118164062,410.27618408203125
220,45,1130.6221923828125,572.7539672851562
220,46,1106.7784423828125,549.5442504882812
220,47,1082.348388671875,526.9110107421875
220,48,1058.161376953125,504.47772216796875
220,49,1033.458251953125,482.4010009765625
220,50,1009.5241088867188,460.06536865234375
220,51,985.345947265625,438.4934997558594
220,52,961.9080810546875,417.3429260253906
220,53,938.4354858398438,396.97674560546875
220,54,1144.542236328125,555.8413696289062
220,55,1121.46826171875,533.3391723632812
220,56,1097.966796875,511.0958557128906
221,0,832.0817260742188,954.0416870117188
221,1,830.5264892578125,912.9308471679688
221,2,829.3101806640625,870.4532470703125
221,3,828.4855346679688,827.3397216796875
221,4,827.44140625,783.1417236328125
221,5,827.1179809570312,738.892333984375
221,6,826.9515380859375,694.42333984375
221,7,826.4468994140625,649.9242553710938
221,8,826.58056640625,605.809326171875
221,9,873.9677124023438,956.9915161132812
221,10,872.896240234375,915.1060791015625
221,11,872.3685913085938,872.2374877929688
221,12,871.43310546875,828.76123046875
221,13,870.8377075195312,784.0886840820312
221,14,870.101318359375,738.9751586914062
221,15,869.5559692382812,693.9903564453125
221,16,869.1785888671875,648.6534423828125
221,17,868.8901977539062,604.0701904296875
221,18,917.1143798828125,959.0096435546875
221,19,916.7699584960938,917.3079223632812
221,20,916.1902465820312,873.8825073242188
221,21,915.5551147460938,829.782958984375
221,22,914.87548828125,784.1828002929688
221,23,914.3009643554688,739.0074462890625
221,24,913.6670532226562,693.2542114257812
221,25,913.1849365234375,647.6087036132812
221,26,913.0090942382812,602.2373046875
221,27,961.662841796875,960.911376953125
221,28,961.1212158203125,918.2587280273438
221,29,960.8934326171875,875.1051635742188
221,30,960.5994873046875,830.0975341796875
221,31,960.1652221679688,784.6947021484375
221,32,959.806640625,738.6161499023438
221,33,959.0023193359375,692.5986938476562
221,34,958.3538208007812,646.0982055664062
221,35,957.8607177734375,600.8175048828125
221,36,1006.6211547851562,962.0565795898438
221,37,1006.8529663085938,919.6168212890625
221,38,1006.9144897460938,875.4049682617188
221,39,1006.6355590820312,830.7265625
221,40,1006.5032348632812,784.4896240234375
221,41,1005.884765625,738.0235595703125
221,42,1005.1810913085938,691.5055541992188
221,43,1004.3116455078125,645.1505126953125
221,44,1003.4072875976562,598.8543090820312
221,45,1051.9791259765625,962.565673828125
221,46,1052.4847412109375,919.721923828125
221,47,1052.7957763671875,875.8386840820312
221,48,1052.9827880859375,830.3031616210938
221,49,1053.0045166015625,783.7538452148438
221,50,1052.364501953125,737.2310791015625
221,51,1051.5272216796875,690.575927734375
221,52,1050.7109375,643.5632934570312
221,53,1049.022705078125,597.5849609375
221,54,1097.1920166015625,962.0095825195312
221,55,1098.3695068359375,919.52685546875
221,56,1098.943115234375,875.0672607421875
221,57,1099.3323974609375,829.6076049804688
221,58,1099.173095703125,782.9284057617188
221,59,1098.95556640625,736.2467651367188
221,60,1098.217041015625,689.19873046875
221,61,1096.77880859375,642.42236328125
221,62,1095.211181640625,595.7662963867188
222,0,598.8245239257812,276.47802734375
222,1,583.8512573242188,279.6951599121094
222,2,568.1590576171875,282.6618957519531
222,3,552.856201171875,285.6291809082031
222,6,504.1778259277344,293.9186096191406
222,7,488.4298095703125,296.49810791015625
222,8,472.0097961425781,299.123046875
222,9,593.8828125,265.65625
222,10,579.1392822265625,268.31182861328125
222,11,564.3217163085938,271.02001953125
222,12,549.17236328125,273.92913818359375
222,13,533.6771240234375,276.8299255371094
222,14,517.9260864257812,279.7391357421875
222,15,502.4470520019531,281.9847106933594
222,16,486.2382507324219,284.8301086425781
222,17,471.4326477050781,286.6692199707031
222,18,588.7379760742188,254.88198852539062
222,23,515.70849609375,268.49139404296875
222,24,500.434326171875,270.54083251953125
222,25,485.44512939453125,273.1346130371094
222,26,470.2447509765625,275.7044372558594
222,32,513.0648193359375,258.02618408203125
222,33,498.3258056640625,260.83978271484375
222,34,483.9109191894531,262.6669006347656
222,38,552.785400390625,240.4346466064453
222,39,539.0946044921875,243.1605682373047
222,40,524.9310913085938,245.63455200195312
222,41,510.38482666015625,248.78424072265625
222,42,496.349853515625,250.6571044921875
222,49,522.2645263671875,236.7229461669922
222,50,508.0660705566406,239.04434204101562
222,51,495.06781005859375,241.28091430664062
222,58,519.3719482421875,228.0564422607422
223,0,991.0155029296875,979.1165161132812
223,1,961.8858032226562,954.7162475585938
223,2,933.6088256835938,930.6824951171875
223,3,906.41162109375,907.1179809570312
223,4,880.0849609375,883.890380859375
223,5,855.089111328125,861.3998413085938
223,6,831.3010864257812,839.4307250976562
223,7,808.4146728515625,818.0697631835938
223,8,786.6343994140625,797.2842407226562
223,9,1017.1619873046875,950.7310791015625
223,10,988.0313110351562,927.1580200195312
223,11,959.7472534179688,904.152099609375
223,12,932.2973022460938,881.349853515625
223,13,905.923583984375,859.0790405273438
223,14,880.677734375,837.2542724609375
223,15,856.5266723632812,816.0057373046875
223,16,833.1777954101562,795.1621704101562
223,17,811.3230590820312,775.3085327148438
223,18,1042.3507080078125,922.9234619140625
223,19,1013.1677856445312,900.204833984375
223,20,985.0195922851562,877.8385620117188
223,21,957.545166015625,855.990478515625
223,22,930.935791015625,834.4876708984375
223,23,905.5867919921875,813.3779296875
223,24,881.07275390625,792.6767578125
223,25,857.6703491210938,772.9197387695312
223,26,835.4746704101562,754.085205078125
223,27,1066.60595703125,895.268310546875
223,28,1037.6793212890625,873.3617553710938
223,29,1009.2813720703125,851.7208251953125
223,30,981.844482421875,830.8942260742188
223,31,955.1966552734375,810.0615844726562
223,32,929.7872924804688,790.03515625
223,33,905.2468872070312,770.2013549804688
223,34,881.690185546875,751.1656494140625
223,35,859.30615234375,733.16796875
223,36,1089.9832763671875,867.8809814453125
223,37,1061.042724609375,846.9776000976562
223,38,1032.9764404296875,826.15283203125
223,39,1005.4990844726562,805.7984008789062
223,40,978.9235229492188,786.2207641601562
223,41,953.3253173828125,766.8541870117188
223,42,928.6393432617188,747.7310180664062
223,43,905.0023803710938,729.67724609375
223,44,882.3960571289062,712.2774658203125
223,45,1112.281005859375,841.5999145507812
223,46,1083.572998046875,821.0650634765625
223,47,1055.5218505859375,801.1657104492188
223,48,1028.158447265625,781.5606079101562
223,49,1001.47998046875,762.7967529296875
223,50,976.1056518554688,743.9406127929688
223,51,951.2601318359375,725.7719116210938
223,52,927.5870971679688,708.2935791015625
223,53,904.8291625976562,691.7210083007812
223,54,1133.453369140625,816.007568359375
223,55,1105.114501953125,796.1343994140625
223,56,1077.05224609375,776.8958129882812
223,57,1049.97216796875,758.0514526367188
223,58,1023.525634765625,739.6726684570312
223,59,998.0054321289062,721.8347778320312
223,60,973.2333374023438,704.6869506835938
223,61,949.5125732421875,687.790771484375
223,62,926.6119995117188,671.789794921875
224,2,934.8316650390625,946.2037353515625
224,5,878.6966552734375,887.9529418945312
224,6,861.18017578125,869.2958984375
224,9,996.89892578125,967.3796997070312
224,10,976.5433349609375,947.79736328125
224,14,899.8174438476562,871.552001953125
224,15,882.27685546875,853.3137817382812
224,18,1018.0274047851562,948.4385375976562
224,19,997.669189453125,929.3450317382812
224,22,939.02099609375,873.4072875976562
224,23,920.8970947265625,855.2651977539062
224,24,903.1683959960938,837.3074340820312
224,31,959.6253051757812,856.8707275390625
224,32,941.0989379882812,839.432373046875
224,40,979.4425659179688,840.287353515625
224,41,961.1239013671875,823.2759399414062
224,49,998.8156127929688,824.000244140625
224,50,980.161865234375,807.3087768554688
224,51,962.24365234375,791.0608520507812
225,0,502.58489990234375,245.6650390625
225,3,453.45611572265625,250.18399047851562
225,4,436.5740966796875,251.69395446777344
225,5,419.44378662109375,253.7645721435547
225,6,402.1904296875,255.96231079101562
225,7,385.1661682128906,257.8741455078125
225,8,368.3132019042969,258.91168212890625
225,9,497.6557922363281,235.376220703125
225,12,450.20947265625,240.12425231933594
225,13,434.2177734375,241.67906188964844
225,14,417.9351806640625,243.34173583984375
225,17,368.864013671875,248.7979736328125
225,18,493.2552185058594,225.8963165283203
225,21,446.8125,230.40625
225,22,431.9630126953125,232.43505859375
225,30,445.1482849121094,222.0393829345703
225,39,443.38458251953125,214.13827514648438
226,1,480.49847412109375,373.6956787109375
226,2,466.6349182128906,373.0666809082031
226,3,452.1876525878906,373.2798767089844
226,4,437.9266357421875,372.78564453125
226,5,423.7347717285156,372.7724609375
226,6,409.5928649902344,372.1501770019531
226,10,480.4072265625,360.1579895019531
226,11,466.7452697753906,359.84027099609375
226,12,452.8057556152344,359.8850402832031
226,13,438.4657897949219,359.9593811035156
226,14,424.6163635253906,359.3508605957031
226,15,410.56396484375,359.0648193359375
226,19,479.5268859863281,348.11474609375
226,20,466.1517333984375,347.3492736816406
226,21,452.435791015625,348.116455078125
226,22,438.7148742675781,347.3813781738281
226,25,397.10882568359375,346.1656799316406
226,31,439.0961608886719,335.2666015625
226,34,398.4722900390625,334.17425537109375
226,35,384.7353515625,332.7353515625
226,45,491.0461730957031,313.241455078125
227,0,980.4144287109375,986.2933959960938
227,1,959.1060180664062,968.0278930664062
227,2,938.2514038085938,949.9136962890625
227,3,917.9703979492188,931.9364013671875
227,6,860.2257080078125,879.0905151367188
227,7,841.9954223632812,861.8770141601562
227,8,824.3653564453125,844.989013671875
227,9,999.7384033203125,966.1221923828125
227,10,978.5531005859375,948.378173828125
227,13,917.468017578125,895.7882690429688
227,14,898.2092895507812,878.6026000976562
227,15,879.5286254882812,861.6634521484375
227,16,861.0546264648438,844.7490234375
227,18,1018.6278686523438,946.365966796875
227,19,997.3885498046875,928.9697875976562
227,22,936.2689208984375,877.7499389648438
227,23,917.0388793945312,860.9346923828125
227,24,898.2734985351562,844.2366943359375
227,25,879.887451171875,827.9605712890625
227,27,1036.775390625,926.7683715820312
227,28,1015.8189086914062,909.8316650390625
227,29,995.0516967773438,892.908447265625
227,30,974.7945556640625,876.3766479492188
227,31,954.9263305664062,859.8781127929688
227,32,935.5248413085938,843.6737060546875
227,36,1054.7100830078125,907.044677734375
227,39,992.9247436523438,858.0081176757812
227,40,972.99365234375,842.0629272460938
227,41,953.5518188476562,826.1940307617188
227,45,1071.84619140625,888.1067504882812
227,48,1010.2509765625,840.1461181640625
227,54,1088.2628173828125,869.4205932617188
228,0,485.73309326171875,354.083740234375
228,1,470.0631103515625,356.3428649902344
228,2,453.3013916015625,359.2032165527344
228,3,438.05902099609375,361.0534973144531
228,4,421.9373779296875,363.86297607421875
228,5,406.05712890625,365.83868408203125
228,6,390.0762939453125,367.976806640625
228,7,374.4013671875,369.57232666015625
228,8,358.9986877441406,371.95281982421875
228,9,483.2117004394531,338.5885314941406
228,10,467.1269836425781,340.95111083984375
228,11,451.6437683105469,343.0462341308594
228,12,435.6561279296875,345.10369873046875
228,13,419.01593017578125,348.1964111328125
228,14,403.1176452636719,350.2588195800781
228,15,386.9424743652344,352.74005126953125
228,16,371.905517578125,353.89349365234375
228,18,481.0910949707031,321.8964538574219
228,19,465.46417236328125,324.7028503417969
228,20,449.3564453125,327.251953125
228,21,433.2756042480469,329.7182312011719
228,22,417.02777099609375,332.1992492675781
228,23,401.2029724121094,334.1061706542969
228,24,385.1520690917969,335.87921142578125
228,25,369.2667236328125,338.7342224121094
228,27,478.9070129394531,306.28973388671875
228,28,463.02154541015625,309.1551513671875
228,29,447.0980224609375,311.0318908691406
228,30,431.00579833984375,313.1764831542969
228,31,414.53924560546875,316.1248779296875
228,32,398.893798828125,318.06988525390625
228,33,382.9833068847656,320.9500427246094
228,34,367.1858215332031,322.9932861328125
228,35,351.51080322265625,325.0422058105469
228,36,476.3859558105469,290.1119384765625
228,37,460.1274719238281,293.13568115234375
228,38,444.43731689453125,295.75335693359375
228,39,428.35894775390625,297.8963623046875
228,40,412.6922607421875,300.2723083496094
228,41,396.45953369140625,301.8608703613281
228,42,380.8003234863281,305.0157165527344
228,43,365.023193359375,307.0046081542969
228,44,348.8487854003906,309.1470947265625
228,45,474.3146667480469,274.8475646972656
228,46,458.0501708984375,277.14599609375
228,47,442.18792724609375,279.0210266113281
228,48,425.8875732421875,281.7848815917969
228,49,409.63970947265625,284.2502746582031
228,50,394.1922607421875,286.74615478515625
228,51,378.1643981933594,288.7509765625
228,52,361.77947998046875,291.29669189453125
228,53,347.2398986816406,293.13983154296875
228,54,471.167236328125,259.0682678222656
228,55,455.9121398925781,261.4700012207031
228,56,439.85662841796875,263.3612976074219
228,57,424.00738525390625,266.0186767578125
228,58,408.0116882324219,267.9114685058594
228,59,392.1756896972656,270.66912841796875
228,60,375.92901611328125,273.0816955566406
228,61,359.6776123046875,274.23724365234375
228,62,345.1484375,277.25091552734375
229,0,1019.3621215820312,681.7420043945312
229,1,993.7022094726562,654.1787109375
229,2,967.995849609375,626.6775512695312
229,3,942.4988403320312,599.2657470703125
229,4,917.169189453125,571.7681884765625
229,5,892.1444702148438,545.2300415039062
229,6,867.586181640625,518.9962158203125
229,7,843.5694580078125,493.0342102050781
229,8,820.2545776367188,467.7577819824219
229,9,1044.4442138671875,657.5031127929688
229,10,1019.2556762695312,630.3694458007812
229,11,993.8862915039062,603.3013305664062
229,12,968.6648559570312,576.5843505859375
229,13,943.55224609375,549.95556640625
229,14,918.8746948242188,523.635009765625
229,15,894.607177734375,497.9059753417969
229,16,870.7273559570312,472.29193115234375
229,17,847.4109497070312,447.6810302734375
229,18,1068.199951171875,634.2679443359375
229,19,1043.6990966796875,607.6007690429688
229,20,1018.5719604492188,581.0131225585938
229,21,993.89794921875,554.8428955078125
229,22,968.94677734375,528.62744140625
229,23,944.67529296875,502.8896179199219
229,24,920.7340698242188,477.3116149902344
229,25,896.9319458007812,452.86724853515625
229,26,873.5032958984375,429.13226318359375
229,27,1091.256103515625,611.7119750976562
229,28,1067.0789794921875,585.3949584960938
229,29,1042.7335205078125,559.2945556640625
229,30,1017.98876953125,533.7892456054688
229,31,993.7371826171875,508.1885681152344
229,32,969.4638061523438,483.15045166015625
229,33,945.8745727539062,458.2200927734375
229,34,922.1842041015625,434.1653137207031
229,35,898.981201171875,411.10723876953125
229,36,1113.6209716796875,589.677734375
229,37,1089.675048828125,564.086181640625
229,38,1065.6307373046875,538.759521484375
229,39,1041.61181640625,513.3084716796875
229,40,1017.3532104492188,488.6304016113281
229,41,993.6721801757812,463.9392395019531
229,42,970.1083984375,439.5193176269531
229,43,946.7977294921875,416.4113464355469
229,44,923.842529296875,393.6911315917969
229,45,1134.6859130859375,568.823974609375
229,46,1111.5087890625,543.32861328125
229,47,1087.862060546875,518.6917114257812
229,48,1064.1153564453125,493.86212158203125
229,49,1040.1163330078125,469.581787109375
229,50,1016.865478515625,445.48809814453125
229,51,993.7394409179688,421.8305969238281
229,52,970.5179443359375,398.8991394042969
229,53,947.7086791992188,376.77911376953125
229,54,1154.3836669921875,548.9584350585938
229,55,1131.7752685546875,524.0895385742188
229,56,1108.6571044921875,499.64178466796875
229,57,1085.7091064453125,475.31475830078125
229,58,1062.1329345703125,451.34356689453125
229,59,1039.01025390625,428.04876708984375
229,60,1016.0447998046875,404.9891357421875
229,61,993.2000732421875,382.6539611816406
229,62,970.7216186523438,360.96533203125
230,2,929.7106323242188,946.39892578125
230,3,911.5070190429688,926.3561401367188
230,4,893.5261840820312,906.29736328125
230,7,843.6175537109375,849.1259765625
230,9,991.805908203125,968.923095703125
230,10,971.8863525390625,948.4910278320312
230,11,952.7410278320312,928.51904296875
230,12,933.897216796875,908.7868041992188
230,13,915.7710571289062,889.3872680664062
230,16,864.7105712890625,832.9346313476562
230,18,1014.0968017578125,950.14990234375
230,19,994.1787109375,930.2163696289062
230,20,974.77392578125,910.600830078125
230,23,919.73974609375,853.375732421875
230,24,902.5341796875,834.904052734375
230,27,1036.039306640625,931.4694213867188
230,28,1015.9229125976562,911.843994140625
230,29,996.3250732421875,892.373779296875
230,32,941.0342407226562,836.7493896484375
230,36,1057.281005859375,912.2437744140625
230,37,1037.416259765625,893.24755859375
230,38,1017.7318725585938,874.3322143554688
230,41,961.7606201171875,819.9976806640625
230,45,1078.02783203125,893.7596435546875
230,46,1057.9285888671875,874.73583984375
230,50,981.982666015625,803.3010864257812
230,51,964.2393188476562,786.2362060546875
230,55,1078.047119140625,857.2130126953125
230,58,1019.90625,803.9471435546875
230,59,1001.7618408203125,787.1316528320312
230,60,983.9503784179688,770.7527465820312
230,61,966.5555419921875,754.3865356445312
231,0,807.875,1021.0884399414062
231,1,789.71533203125,997.56884765625
231,2,772.0030517578125,974.2500610351562
231,3,755.1882934570312,951.75048828125
231,4,738.9612426757812,929.5629272460938
231,5,723.5723876953125,907.9039916992188
231,6,709.2625122070312,887.1001586914062
231,7,695.0447998046875,866.5677490234375
231,8,681.4053955078125,846.656005859375
231,9,833.0305786132812,1002.2403564453125
231,10,814.4734497070312,979.1701049804688
231,11,796.6452026367188,956.7328491210938
231,12,779.25537109375,934.3145751953125
231,13,762.7763061523438,912.7889404296875
231,14,746.9447021484375,891.6473999023438
231,15,732.0016479492188,870.989990234375
231,16,717.4384155273438,850.72705078125
231,17,703.7022705078125,831.2918090820312
231,18,857.9449462890625,983.4730224609375
231,19,839.0386352539062,960.9112548828125
231,20,820.7962646484375,938.7338256835938
231,21,803.2784423828125,917.0381469726562
231,22,786.3390502929688,895.6981811523438
231,23,770.1243286132812,874.9422607421875
231,24,754.7764892578125,854.5475463867188
231,27,882.6142578125,964.4880981445312
231,28,863.2739868164062,942.3653564453125
231,29,844.6417236328125,920.553466796875
231,30,826.9117431640625,899.53515625
231,31,809.7835693359375,878.71826171875
231,32,793.3959350585938,858.325927734375
231,33,777.7271118164062,838.6277465820312
231,36,906.8995971679688,945.2291259765625
231,37,887.2808837890625,923.7227783203125
231,38,868.49072265625,902.3052368164062
231,39,850.34326171875,881.6806640625
231,40,832.9765014648438,861.50390625
231,45,930.6104125976562,926.18212890625
231,46,910.7627563476562,904.8817749023438
231,47,891.9140014648438,884.30712890625
231,48,873.4920043945312,864.0244750976562
231,49,855.6195678710938,844.2685546875
231,54,953.8289184570312,907.3677978515625
231,55,934.1142578125,886.7017822265625
231,56,914.7188720703125,866.225341796875
231,57,896.2357177734375,846.6473388671875
231,58,878.1539916992188,827.1685791015625
232,0,980.3349609375,986.3067016601562
232,1,959.1900024414062,968.0609130859375
232,2,938.2374267578125,949.8404541015625
232,7,841.99658203125,861.9391479492188
232,9,999.8121948242188,966.0782470703125
232,10,978.5249633789062,948.3321533203125
232,11,957.8236694335938,930.8592529296875
232,18,1018.52685546875,946.29150390625
232,19,997.4008178710938,929.0267944335938
232,20,976.6578979492188,911.8470458984375
232,21,956.35400390625,894.7952270507812
232,22,936.469970703125,877.7377319335938
232,27,1036.7926025390625,926.728759765625
232,28,1015.8430786132812,909.8255004882812
232,29,995.0255737304688,892.89501953125
232,30,974.7646484375,876.3411254882812
232,36,1054.6435546875,907.0346069335938
232,37,1033.73974609375,890.6828002929688
232,38,1013.0155029296875,874.2664794921875
232,39,992.8817749023438,858.0171508789062
232,45,1071.74755859375,888.046630859375
232,46,1051.01904296875,871.8711547851562
232,47,1030.3240966796875,855.928466796875
232,48,1010.2095947265625,840.1570434570312
232,54,1088.2744140625,869.3768310546875
233,0,967.2750854492188,712.5916748046875
233,1,947.3645629882812,679.9075927734375
233,2,927.0546264648438,646.8405151367188
233,3,906.7752075195312,613.6517333984375
233,4,886.3029174804688,580.1517333984375
233,5,866.04833984375,546.940185546875
233,6,846.0994262695312,513.84814453125
233,7,826.16455078125,481.02587890625
233,8,806.6898193359375,448.7621154785156
233,9,999.9450073242188,692.2328491210938
233,10,980.1541748046875,659.6666259765625
233,11,960.0733642578125,626.5952758789062
233,12,939.98486328125,593.2313232421875
233,13,919.5987548828125,559.9447631835938
233,14,899.4564819335938,526.776123046875
233,15,879.301513671875,493.813232421875
233,16,859.3676147460938,461.0256652832031
233,17,839.836181640625,429.19793701171875
233,18,1032.0830078125,671.9929809570312
233,19,1012.716796875,639.451904296875
233,20,993.0086669921875,606.2926025390625
233,21,972.906005859375,573.2987670898438
233,22,952.6730346679688,540.0120849609375
233,23,932.5042114257812,506.94549560546875
233,24,912.5281982421875,473.95501708984375
233,25,892.5040283203125,441.4510803222656
233,26,872.822265625,409.9996643066406
233,27,1063.9793701171875,651.8344116210938
233,28,1044.795166015625,619.3026123046875
233,29,1025.3681640625,586.4675903320312
233,30,1005.375732421875,553.3963623046875
233,31,985.3649291992188,520.2722778320312
233,32,965.251953125,487.4548645019531
233,33,945.2537231445312,454.8802795410156
233,34,925.32568359375,422.6202697753906
233,35,905.52880859375,391.2357177734375
233,36,1095.3961181640625,631.9487915039062
233,37,1076.629150390625,599.5391235351562
233,38,1057.17041015625,566.7598876953125
233,39,1037.8017578125,533.8734130859375
233,40,1017.6781005859375,501.0206298828125
233,41,997.886962890625,468.4311828613281
233,42,977.8765869140625,435.9974365234375
233,43,957.9796142578125,404.2336730957031
233,44,938.0411987304688,373.114013671875
233,45,1126.11669921875,612.522216796875
233,46,1107.7791748046875,580.1907958984375
233,47,1088.6624755859375,547.5340576171875
233,48,1069.204833984375,514.857177734375
233,49,1049.29736328125,482.23858642578125
233,50,1029.749755859375,449.9445495605469
233,51,1009.9314575195312,417.7852783203125
233,52,989.9559936523438,386.17938232421875
233,53,969.973388671875,355.4970397949219
233,54,1155.5625,593.4326171875
233,55,1137.660888671875,561.2861328125
233,56,1119.0859375,528.8668823242188
233,57,1100.0811767578125,496.5450134277344
233,58,1080.615234375,463.9720153808594
233,59,1060.9166259765625,432.0794677734375
233,60,1041.171630859375,400.2917175292969
233,61,1021.34326171875,369.1868896484375
233,62,1001.4490356445312,338.61602783203125
234,0,593.8857421875,276.60577392578125
234,1,578.9424438476562,278.5416259765625
234,2,563.1015625,280.3617248535156
234,3,547.3041381835938,283.1672058105469
234,4,531.2057495117188,284.6141662597656
234,5,514.7474975585938,287.6520690917969
234,6,498.0166015625,289.8182373046875
234,7,481.3475036621094,292.0340576171875
234,8,464.7116394042969,293.7966003417969
234,9,588.8798217773438,265.3974609375
234,10,574.3150634765625,267.82977294921875
234,11,559.2036743164062,269.6520080566406
234,12,543.7531127929688,271.7508239746094
234,13,528.5135498046875,274.1046447753906
234,14,512.1476440429688,275.7861328125
234,15,496.55438232421875,277.7756652832031
234,16,480.3831787109375,279.5823974609375
234,17,464.352783203125,281.6463317871094
234,18,583.8895874023438,254.904052734375
234,19,569.7935180664062,257.6370544433594
234,20,555.1272583007812,259.2320861816406
234,21,540.377685546875,261.7369384765625
234,22,525.015380859375,263.100341796875
234,23,510.1131286621094,265.065185546875
234,24,494.3711853027344,266.6009826660156
234,25,479.159912109375,268.8300476074219
234,26,463.6042175292969,271.0047302246094
234,29,551.4044189453125,249.6537322998047
234,30,536.9849243164062,251.06703186035156
234,31,522.2017822265625,253.6581573486328
234,32,507.4341735839844,255.3291473388672
234,39,532.8125,242.0
234,40,519.2372436523438,243.8253936767578
235,0,1221.93359375,956.3309936523438
235,1,1198.4869384765625,939.3663940429688
235,2,1175.1568603515625,922.3805541992188
235,3,1152.0626220703125,905.3408813476562
235,4,1128.9586181640625,888.2623901367188
235,9,1237.857177734375,934.0052490234375
235,10,1214.7906494140625,917.3951416015625
235,11,1191.688720703125,900.901611328125
235,12,1168.693359375,884.3663940429688
235,18,1252.8499755859375,912.2047119140625
235,19,1230.0635986328125,896.357177734375
235,20,1207.2225341796875,879.9398803710938
236,0,486.4231262207031,385.04400634765625
236,1,473.8675537109375,384.42889404296875
236,2,460.69879150390625,383.1391906738281
236,7,397.28692626953125,375.89251708984375
236,9,487.18341064453125,373.1060791015625
236,10,474.5922546386719,372.2384948730469
236,18,486.9379577636719,361.9907531738281
236,19,475.1334533691406,361.07781982421875
236,22,437.8877258300781,358.3151550292969
236,27,487.29986572265625,351.4418640136719
236,28,475.2467956542969,350.1211242675781
236,31,439.3380126953125,347.2455139160156
236,37,476.1560363769531,339.5935363769531
237,2,935.0635986328125,940.5803833007812
237,3,915.7042846679688,922.3455810546875
237,9,995.859130859375,958.6808471679688
237,10,975.229736328125,940.3408203125
237,11,955.389892578125,922.3399658203125
237,12,935.91650390625,904.4971313476562
237,13,917.0092163085938,886.817626953125
237,18,1015.3702392578125,939.985595703125
237,23,917.99462890625,852.126953125
237,24,899.8894653320312,835.0674438476562
237,27,1034.4541015625,921.3297729492188
237,50,973.9139404296875,802.4219360351562
237,57,1029.357421875,815.398681640625
237,58,1010.17578125,799.9754028320312
238,0,980.3229370117188,986.2333984375
238,1,959.2398681640625,968.0460205078125
238,2,938.2687377929688,949.8464965820312
238,3,918.0256958007812,931.927978515625
238,4,898.0989379882812,913.9420776367188
238,5,878.8568115234375,896.4035034179688
238,6,860.1563110351562,879.0824584960938
238,7,841.9776000976562,861.9051513671875
238,9,999.8152465820312,966.0791625976562
238,10,978.5391845703125,948.3284912109375
238,11,957.810302734375,930.8428955078125
238,12,937.3793334960938,913.2343139648438
238,13,917.5110473632812,895.8409423828125
238,14,898.1893920898438,878.6142578125
238,15,879.4315185546875,861.5491333007812
238,16,861.1157836914062,844.7603759765625
238,18,1018.4600219726562,946.3837890625
238,19,997.4052124023438,929.0595092773438
238,20,976.6762084960938,911.8181762695312
238,21,956.3667602539062,894.7788696289062
238,22,936.4927368164062,877.7008056640625
238,27,1036.756103515625,926.7548217773438
238,28,1015.8074340820312,909.822265625
238,31,955.016845703125,859.8059692382812
238,36,1054.6510009765625,907.0386352539062
238,37,1033.725830078125,890.6762084960938
238,40,973.0045166015625,842.1016845703125
238,45,1071.727294921875,888.0578002929688
238,46,1051.024169921875,871.8584594726562
238,47,1030.3499755859375,855.921142578125
238,48,1010.20068359375,840.1483154296875
238,54,1088.30224609375,869.3905029296875
239,0,1055.9830322265625,667.2681884765625
239,1,1025.0279541015625,642.9420776367188
239,2,994.0464477539062,618.6094360351562
239,3,963.0917358398438,594.6527099609375
239,4,932.5143432617188,570.0931396484375
239,5,902.24853515625,546.895751953125
239,6,872.8677978515625,523.805908203125
239,7,844.0372314453125,500.91204833984375
239,8,816.1959228515625,478.67681884765625
239,9,1071.4453125,645.1599731445312
239,10,1041.601806640625,621.7225952148438
239,11,1011.2677612304688,598.6947631835938
239,12,981.6396484375,575.2328491210938
239,13,951.825927734375,552.2359619140625
239,14,922.6973266601562,529.40576171875
239,15,894.1341552734375,506.9635314941406
239,16,866.1176147460938,484.8441162109375
239,17,838.8970947265625,463.66888427734375
239,18,1085.2318115234375,625.0110473632812
239,19,1056.451171875,602.342041015625
239,20,1027.394775390625,579.919677734375
239,21,998.6890258789062,557.57373046875
239,22,969.8683471679688,535.2281494140625
239,23,941.6284790039062,513.2266235351562
239,24,914.139404296875,491.3421630859375
239,25,886.6316528320312,470.290771484375
239,26,859.7799072265625,450.5815124511719
239,27,1098.337890625,606.0718994140625
239,28,1070.5601806640625,584.0472412109375
239,29,1042.766357421875,561.9774780273438
239,30,1014.6370239257812,540.7626953125
239,31,986.8798217773438,519.2549438476562
239,32,959.2860107421875,498.2958984375
239,33,932.4847412109375,477.4084777832031
239,34,905.7803955078125,457.09368896484375
239,35,879.3958740234375,437.9564208984375
239,36,1110.9219970703125,587.8820190429688
239,37,1083.9365234375,566.7911987304688
239,38,1056.7939453125,545.741943359375
239,39,1030.101806640625,524.8699951171875
239,40,1002.7106323242188,504.5836486816406
239,43,923.8901977539062,444.6625061035156
239,44,898.233642578125,425.9264831542969
239,45,1122.146240234375,571.1564331054688
239,46,1096.2847900390625,550.281494140625
239,47,1070.118896484375,530.005859375
239,48,1044.121337890625,509.93743896484375
239,49,1017.7171020507812,490.2210693359375
240,0,597.888427734375,276.1813049316406
240,1,583.016845703125,278.67578125
240,2,567.0936279296875,281.8958435058594
240,3,552.052001953125,284.7979431152344
240,4,535.7571411132812,287.5834655761719
240,5,519.9607543945312,290.3275146484375
240,6,503.6358642578125,292.8651123046875
240,7,487.29083251953125,295.0384521484375
240,8,471.09869384765625,298.0793151855469
240,9,593.0250854492188,265.02386474609375
240,10,578.2359619140625,267.9259033203125
240,11,563.2621459960938,270.60455322265625
240,12,548.00732421875,272.9564208984375
240,13,532.612548828125,275.8609924316406
240,14,517.061767578125,278.6318359375
240,15,501.5299377441406,280.6695861816406
240,16,485.0667419433594,283.8142395019531
240,17,470.15802001953125,285.9991760253906
240,18,587.9360961914062,254.783447265625
240,19,573.9114990234375,257.0349426269531
240,20,559.241455078125,259.9222717285156
240,21,544.2402954101562,262.6992492675781
240,22,529.6339111328125,264.8934326171875
240,23,514.34375,267.7828369140625
240,24,499.2496643066406,269.2044982910156
240,25,483.7021179199219,272.7823486328125
240,26,468.8858947753906,274.6695861816406
240,29,555.618896484375,249.73789978027344
240,30,540.9596557617188,252.0583038330078
240,31,526.838134765625,254.9845733642578
240,32,512.0850830078125,257.1956481933594
240,33,497.20562744140625,259.6160888671875
240,34,482.6228332519531,262.1477966308594
240,35,467.8920593261719,264.8943786621094
241,0,503.30877685546875,322.147705078125
241,1,488.7835388183594,325.243896484375
241,2,474.2123718261719,327.2186279296875
241,3,459.4902038574219,330.6555480957031
241,4,444.1914978027344,333.3341369628906
241,5,429.19927978515625,336.15728759765625
241,6,414.0445556640625,338.1865234375
241,7,398.2707214355469,341.3620300292969
241,8,383.9811096191406,343.2518005371094
241,9,500.9967041015625,307.6591491699219
241,10,486.16619873046875,310.0715026855469
241,13,441.4677429199219,318.5270080566406
241,14,426.15289306640625,321.0975036621094
241,15,411.5652160644531,323.23260498046875
241,16,396.2113037109375,325.7885437011719
241,17,381.0948486328125,328.60430908203125
241,18,498.0661926269531,292.5578308105469
241,19,483.752685546875,295.5587158203125
241,22,439.1483459472656,303.0594177246094
241,23,423.6608581542969,306.12860107421875
241,24,408.65911865234375,308.6265869140625
241,25,393.16888427734375,311.32110595703125
241,26,378.9039611816406,313.6744079589844
241,27,495.11285400390625,278.2177734375
241,28,481.04150390625,280.5821838378906
241,29,466.1297607421875,283.039794921875
241,30,451.353759765625,285.5589294433594
241,31,436.2571716308594,288.2421875
241,32,421.0625,291.006103515625
241,33,406.25701904296875,293.1342468261719
241,34,391.2072448730469,295.3491516113281
241,35,376.441162109375,298.22491455078125
241,36,492.30657958984375,263.26934814453125
241,37,478.1424865722656,265.7579345703125
241,38,463.40313720703125,268.198974609375
241,39,448.51495361328125,271.0843811035156
241,40,432.90625,272.90625
241,41,418.8974914550781,276.1816101074219
241,42,402.90625,277.90625
241,43,388.5931396484375,281.612060546875
241,44,374.0577392578125,283.3822326660156
241,45,489.96820068359375,249.2115478515625
241,46,475.19989013671875,250.92816162109375
241,49,431.1624755859375,258.08770751953125
241,50,415.9924621582031,261.1700439453125
241,51,401.23272705078125,263.6637268066406
241,52,386.1896667480469,266.0233154296875
241,53,371.5143127441406,269.3193664550781
241,54,486.76751708984375,234.59617614746094
241,55,472.3772277832031,237.1177520751953
241,58,427.9671630859375,244.189697265625
241,59,413.7627258300781,246.48272705078125
241,60,398.7002868652344,249.63888549804688
241,61,384.06292724609375,251.7181854248047
241,62,369.08917236328125,253.66127014160156
242,1,484.7917785644531,239.4579620361328
242,2,468.0564270019531,241.58688354492188
242,3,451.2821044921875,243.2321014404297
242,4,434.2080383300781,245.2566375732422
242,7,382.4256591796875,250.15846252441406
242,10,480.407470703125,230.00387573242188
242,11,464.84759521484375,231.57933044433594
242,12,448.3808288574219,233.28939819335938
242,17,365.5155944824219,241.6343994140625
242,21,446.1174621582031,224.67745971679688
242,26,365.726806640625,232.62876892089844
242,31,428.20843505859375,217.7426300048828
242,35,366.98834228515625,223.7447052001953
243,0,928.0902099609375,736.23095703125
243,1,912.6567993164062,699.142578125
243,2,896.9996948242188,661.4407348632812
243,3,881.8107299804688,623.5006713867188
243,4,866.0346069335938,585.2215576171875
243,5,850.8715209960938,547.2073364257812
243,6,835.87939453125,509.69476318359375
243,7,820.8380737304688,472.34454345703125
243,8,806.2174072265625,435.8427734375
243,9,965.64306640625,721.3599243164062
243,10,950.4805297851562,684.044921875
243,11,935.098388671875,646.1597900390625
243,12,919.7273559570312,607.9925537109375
243,13,904.2039794921875,569.6173706054688
243,14,888.5902099609375,531.5372314453125
243,15,873.4130249023438,493.8021545410156
243,16,858.1975708007812,456.4012451171875
243,17,843.3134765625,419.9549560546875
243,18,1002.998291015625,706.016357421875
243,19,988.54296875,668.7992553710938
243,20,972.8482666015625,630.5903930664062
243,21,957.8267822265625,592.3120727539062
243,22,942.1065063476562,553.9694213867188
243,23,926.6504516601562,516.0255737304688
243,24,911.3639526367188,478.13262939453125
243,25,895.9578247070312,440.932373046875
243,26,880.8579711914062,404.5157775878906
243,27,1040.929443359375,690.9403686523438
243,28,1026.0135498046875,653.2240600585938
243,29,1011.2703857421875,615.2586669921875
243,30,996.0262451171875,577.1325073242188
243,31,980.3181762695312,538.6261596679688
243,32,964.8282470703125,500.59234619140625
243,33,949.3944702148438,462.8660583496094
243,34,933.8888549804688,425.7787780761719
243,35,918.5858764648438,389.5054931640625
243,36,1078.081298828125,675.4528198242188
243,37,1064.00634765625,638.1007080078125
243,38,1049.1414794921875,599.8751831054688
243,39,1033.97607421875,561.7745971679688
243,40,1018.2813110351562,523.3521118164062
243,41,1002.8839721679688,485.31103515625
243,42,987.4214477539062,447.76580810546875
243,43,971.8615112304688,410.7196350097656
243,44,956.3853149414062,374.7172546386719
243,45,1115.3612060546875,660.2813110351562
243,46,1101.1458740234375,622.8514404296875
243,47,1086.5450439453125,584.8359985351562
243,48,1071.5687255859375,546.8185424804688
243,49,1056.1787109375,508.5528259277344
243,50,1040.696044921875,470.7810974121094
243,51,1025.1290283203125,433.06048583984375
243,52,1009.3211669921875,396.3095397949219
243,53,993.6295166015625,360.74969482421875
243,54,1151.2633056640625,645.2652587890625
243,55,1137.7657470703125,607.8519897460938
243,56,1123.32861328125,570.1505126953125
243,57,1108.5107421875,532.135009765625
243,58,1093.2513427734375,494.0295104980469
243,59,1077.7425537109375,456.45550537109375
243,60,1062.203369140625,419.1452941894531
243,61,1046.419189453125,382.6923522949219
243,62,1030.6600341796875,346.82342529296875
244,0,980.4011840820312,986.25
244,1,959.2095336914062,968.021728515625
244,2,938.2705688476562,949.8980102539062
244,3,917.9828491210938,931.9375610351562
244,4,898.0791625976562,913.9442749023438
244,8,824.4022827148438,844.9671020507812
244,9,999.7208862304688,966.0757446289062
244,10,978.5471801757812,948.305419921875
244,11,957.8709106445312,930.8338012695312
244,12,937.5455322265625,913.2352905273438
244,13,917.5068359375,895.8346557617188
244,16,861.0558471679688,844.8181762695312
244,18,1018.5552978515625,946.4583129882812
244,19,997.3802490234375,929.0089721679688
244,20,976.6749877929688,911.792236328125
244,25,879.979736328125,828.0053100585938
244,27,1036.8160400390625,926.7173461914062
244,28,1015.8323364257812,909.8565673828125
244,29,995.0574951171875,892.878173828125
244,36,1054.6397705078125,907.0567016601562
244,37,1033.80615234375,890.632080078125
244,38,1013.0007934570312,874.2062377929688
244,41,953.6696166992188,826.1719970703125
244,45,1071.751708984375,888.0025024414062
244,46,1051.0421142578125,871.8340454101562
244,54,1088.2574462890625,869.3569946289062
245,0,979.1409301757812,710.286376953125
245,1,957.902587890625,678.8675537109375
245,2,936.4761962890625,647.169677734375
245,3,915.0353393554688,615.3106079101562
245,4,893.2035522460938,582.951171875
245,5,871.6046142578125,550.9638671875
245,6,850.2039184570312,519.1702270507812
245,7,828.8831176757812,487.41357421875
245,8,807.9156494140625,456.23468017578125
245,9,1010.4849243164062,688.4990844726562
245,10,989.5481567382812,657.205322265625
245,11,968.1160278320312,625.41064453125
245,12,946.8225708007812,593.7396240234375
245,13,925.1343383789062,561.556640625
245,14,903.5217895507812,529.5463256835938
245,15,882.2144775390625,497.83038330078125
245,16,860.9267578125,466.1615295410156
245,17,839.8533935546875,435.24981689453125
245,18,1040.7626953125,667.0518798828125
245,19,1020.3662109375,635.6553344726562
245,20,999.5236206054688,604.0822143554688
245,21,978.1878051757812,572.3450927734375
245,22,956.7274169921875,540.296630859375
245,23,935.455810546875,508.5184020996094
245,24,914.0982055664062,476.97998046875
245,25,892.8080444335938,445.4904479980469
245,26,871.7171020507812,415.0175476074219
245,27,1071.061767578125,645.72265625
245,28,1050.763916015625,614.456787109375
245,29,1030.246337890625,583.01611328125
245,30,1009.345458984375,551.3490600585938
245,31,988.0614624023438,519.37646484375
245,32,966.7208251953125,487.9697265625
245,33,945.5155639648438,456.6310729980469
245,34,924.2537231445312,425.548583984375
245,35,903.3400268554688,395.2979736328125
245,36,1100.9873046875,624.5657958984375
245,37,1081.048583984375,593.6732177734375
245,38,1060.5042724609375,562.0864868164062
245,39,1040.0196533203125,530.78759765625
245,40,1018.7946166992188,499.139404296875
245,41,997.7930297851562,467.8432922363281
245,42,976.833984375,436.65362548828125
245,43,955.5137939453125,406.0122375488281
245,44,934.376708984375,376.12347412109375
245,45,1129.9718017578125,603.9820556640625
245,46,1110.34130859375,573.1029052734375
245,47,1090.3958740234375,541.8355712890625
245,48,1070.02685546875,510.6259460449219
245,49,1048.9656982421875,479.37066650390625
245,50,1028.11669921875,448.3111572265625
245,51,1007.3141479492188,417.3335876464844
245,52,986.145263671875,387.0556640625
245,53,965.0951538085938,357.4566955566406
245,54,1157.832275390625,583.9182739257812
245,55,1138.83837890625,553.2098999023438
245,56,1119.192138671875,522.1290893554688
245,57,1099.19482421875,491.1473388671875
245,58,1078.6419677734375,459.9831237792969
245,59,1057.9381103515625,429.3944396972656
245,60,1037.0072021484375,398.8322448730469
245,61,1016.0173950195312,368.99102783203125
245,62,995.1023559570312,339.5857849121094
246,0,980.4228515625,986.314208984375
246,1,959.1800537109375,968.0272216796875
246,2,938.2520751953125,949.931884765625
246,3,918.0314331054688,931.9219360351562
246,4,898.1079711914062,914.0115966796875
246,8,824.3797607421875,844.9782104492188
246,9,999.7207641601562,966.063720703125
246,10,978.5482177734375,948.30810546875
246,11,957.7781982421875,930.8082275390625
246,12,937.36962890625,913.1812744140625
246,13,917.5232543945312,895.8610229492188
246,18,1018.4754028320312,946.3213500976562
246,19,997.3961181640625,929.0010986328125
246,20,976.6521606445312,911.813720703125
246,23,917.0299072265625,860.8790283203125
246,27,1036.8284912109375,926.7195434570312
246,28,1015.75048828125,909.794189453125
246,29,995.0759887695312,892.8401489257812
246,32,935.5694580078125,843.68896484375
246,36,1054.6904296875,907.0433349609375
246,37,1033.779052734375,890.7771606445312
246,38,1013.027099609375,874.3370971679688
246,41,953.5663452148438,826.2060546875
246,45,1071.80517578125,888.0094604492188
246,46,1050.9464111328125,871.8367919921875
246,47,1030.3487548828125,855.94189453125
246,54,1088.2388916015625,869.3603515625
247,0,487.147705078125,370.6872863769531
247,1,472.5975036621094,370.880126953125
247,2,457.487060546875,370.9223327636719
247,3,441.3977966308594,371.7218933105469
247,4,427.08709716796875,371.4700012207031
247,5,411.9951477050781,370.8896179199219
247,6,396.8845520019531,370.38031005859375
247,7,381.4083557128906,370.5887145996094
247,8,366.7038269042969,369.67279052734375
247,9,486.58770751953125,356.72772216796875
247,10,471.5125732421875,357.4275817871094
247,11,457.1180114746094,357.57733154296875
247,12,441.9392395019531,357.7773742675781
247,13,427.0298156738281,357.6711120605469
247,14,411.9076843261719,357.54443359375
247,15,397.5321044921875,357.3121337890625
247,16,383.0017395019531,356.6450500488281
247,18,485.167236328125,343.8765563964844
247,19,470.7897644042969,344.19085693359375
247,20,456.64398193359375,343.8674011230469
247,21,442.0076904296875,344.6572265625
247,22,427.5682373046875,344.0948791503906
247,23,413.55804443359375,343.4126281738281
247,24,398.0739440917969,343.77105712890625
247,29,456.4581298828125,331.2682800292969
247,30,442.1659240722656,331.4456481933594
247,31,428.0097351074219,331.3079528808594
247,32,413.59765625,331.03167724609375
247,54,481.6202392578125,295.6934509277344
248,0,1003.8164672851562,983.6397094726562
248,1,977.6231689453125,960.24560546875
248,2,951.8737182617188,936.866943359375
248,3,927.0668334960938,913.8721923828125
248,4,902.5887451171875,890.7372436523438
248,5,879.09521484375,868.4115600585938
248,6,856.54833984375,846.334716796875
248,7,834.6058349609375,824.5546875
248,8,813.4642944335938,803.259765625
248,9,1028.153564453125,958.4627685546875
248,10,1002.0375366210938,935.78076171875
248,11,976.4312744140625,913.190185546875
248,12,951.4157104492188,890.8334350585938
248,13,927.0234985351562,868.5824584960938
248,14,903.4595336914062,846.6051025390625
248,15,880.5662841796875,825.1301879882812
248,16,858.5960693359375,803.8480834960938
248,17,837.2680053710938,783.2787475585938
248,18,1051.436767578125,933.9828491210938
248,19,1025.513916015625,911.85107421875
248,20,999.9793701171875,889.8905029296875
248,21,975.126953125,868.1193237304688
248,22,950.5965576171875,846.4225463867188
248,23,927.0588989257812,825.1456909179688
248,24,904.1895751953125,804.0669555664062
248,25,882.0216674804688,783.570068359375
248,26,860.8072509765625,764.1219482421875
248,27,1073.985595703125,909.7296142578125
248,28,1048.2735595703125,888.1689453125
248,29,1022.9688110351562,866.643310546875
248,30,997.9741821289062,845.7267456054688
248,31,973.7509155273438,824.7535400390625
248,32,950.0548706054688,804.1116333007812
248,33,927.1368408203125,783.83642578125
248,34,904.9959106445312,764.0303955078125
248,35,883.4542236328125,745.08154296875
248,36,1095.8941650390625,885.7069091796875
248,37,1070.177978515625,864.8875732421875
248,38,1045.0635986328125,844.050048828125
248,39,1020.2040405273438,823.3335571289062
248,40,995.9685668945312,803.25537109375
248,41,972.4800415039062,783.3128051757812
248,42,949.5714111328125,763.5698852539062
248,43,927.2747192382812,744.684326171875
248,44,905.8555297851562,726.1694946289062
248,45,1116.6412353515625,862.3216552734375
248,46,1091.37255859375,841.7633056640625
248,47,1066.417724609375,821.7316284179688
248,48,1041.7476806640625,801.7925415039062
248,49,1017.438720703125,782.35546875
248,50,994.061767578125,762.9315795898438
248,51,971.1959838867188,743.8373413085938
248,52,949.0121459960938,725.315185546875
248,53,927.32373046875,707.5150146484375
248,54,1136.406005859375,839.80615234375
248,55,1111.568115234375,819.89013671875
248,56,1086.5123291015625,800.2860107421875
248,57,1062.1591796875,780.8857421875
248,58,1038.2762451171875,761.7059326171875
248,59,1015.092041015625,743.0776977539062
248,60,992.1117553710938,724.7929077148438
248,61,970.080322265625,706.8992919921875
248,62,948.2289428710938,689.3403930664062
249,0,978.2970581054688,1009.2650146484375
249,1,939.13671875,979.7750854492188
249,2,901.7337646484375,950.7200317382812
249,3,866.0477294921875,922.3231201171875
249,4,831.9683227539062,894.3270874023438
249,5,800.2402954101562,867.5567016601562
249,6,770.5491333007812,841.8980712890625
249,7,742.2220458984375,816.7575073242188
249,8,715.937255859375,792.9381713867188
249,9,1009.58349609375,970.1526489257812
249,10,970.3253173828125,941.944091796875
249,11,932.7977905273438,914.1898803710938
249,12,896.7485961914062,886.9988403320312
249,13,862.5372314453125,860.5797729492188
249,14,830.1665649414062,834.804931640625
249,15,799.7586059570312,810.16552734375
249,16,770.8219604492188,786.0789794921875
249,17,744.03857421875,763.6400146484375
249,18,1039.84716796875,931.5245361328125
249,19,1000.5828857421875,904.4981689453125
249,20,962.7216796875,878.0110473632812
249,21,926.6605834960938,852.2689208984375
249,22,892.0781860351562,826.9589233398438
249,23,859.2980346679688,802.3224487304688
249,24,828.329833984375,778.5693359375
249,25,799.3175659179688,756.0584106445312
249,26,772.21484375,735.1563110351562
249,27,1068.6507568359375,893.4112548828125
249,28,1029.600830078125,867.5429077148438
249,29,991.7806396484375,842.090576171875
249,30,955.7268676757812,817.7036743164062
249,31,920.9554443359375,793.7892456054688
249,32,887.9955444335938,770.7156372070312
249,33,856.7188720703125,748.1712646484375
249,34,827.3673095703125,726.93359375
249,35,799.8153076171875,706.9722290039062
249,36,1096.23583984375,855.4822998046875
249,37,1057.4097900390625,831.0296630859375
249,38,1019.7030639648438,807.0819091796875
249,39,983.6686401367188,783.55859375
249,40,948.8656616210938,761.092041015625
249,41,915.7301025390625,739.1571044921875
249,42,884.3124389648438,717.9180908203125
249,43,854.6981201171875,698.04443359375
249,44,826.7023315429688,679.0763549804688
249,45,1122.2684326171875,819.0514526367188
249,46,1083.759033203125,795.3740234375
249,47,1046.3876953125,772.7550659179688
249,48,1010.27587890625,750.5655517578125
249,49,975.573974609375,729.325927734375
249,50,942.360595703125,708.4740600585938
249,51,910.9404296875,688.2906494140625
249,52,880.9266967773438,669.571533203125
249,53,852.7647705078125,651.7718505859375
249,54,1146.635986328125,784.129638671875
249,55,1108.7174072265625,761.619384765625
249,56,1071.6759033203125,739.875244140625
249,57,1035.834716796875,718.8004760742188
249,58,1001.2221069335938,698.294921875
249,59,968.1702270507812,678.9523315429688
249,60,936.7157592773438,660.2772216796875
249,61,906.4646606445312,642.2494506835938
249,62,877.9810791015625,625.4019775390625
250,0,847.2664794921875,865.4674072265625
250,1,840.4500732421875,824.1229248046875
250,2,833.8381958007812,781.4149780273438
250,3,827.2811889648438,738.85986328125
250,4,821.0275268554688,696.21630859375
250,5,815.11181640625,654.25244140625
250,6,809.4161376953125,612.7252807617188
250,7,803.9190673828125,571.9745483398438
250,8,798.8916015625,531.9259643554688
250,9,888.796142578125,860.8656616210938
250,10,881.75,818.23828125
250,11,875.1140747070312,775.2355346679688
250,12,868.3837890625,732.5531616210938
250,13,862.0077514648438,689.4590454101562
250,14,855.6329345703125,646.9046020507812
250,15,849.522705078125,604.8101196289062
250,16,843.4228515625,563.3278198242188
250,17,837.822021484375,523.1725463867188
250,18,930.9307861328125,855.4223022460938
250,19,924.34765625,812.5967407226562
250,20,917.2619018554688,769.3042602539062
250,21,910.6220703125,725.73095703125
250,22,903.4720458984375,682.0242309570312
250,23,896.9214477539062,639.360107421875
250,24,890.178466796875,596.7333984375
250,25,884.1324462890625,554.9774169921875
250,26,878.2034912109375,514.7447509765625
250,27,974.4153442382812,849.5131225585938
250,28,967.3946533203125,806.1177978515625
250,29,960.5870971679688,762.4197998046875
250,30,953.48291015625,718.5053100585938
250,31,946.57666015625,674.708251953125
250,32,939.6636352539062,631.6491088867188
250,33,932.56103515625,588.841796875
250,34,925.7816162109375,546.8413696289062
250,35,919.3836669921875,506.38104248046875
250,36,1018.2765502929688,843.1734008789062
250,37,1011.74755859375,799.5899658203125
250,38,1004.2501831054688,755.321044921875
250,39,997.2164306640625,711.5047607421875
250,40,989.7546997070312,667.087158203125
250,41,982.7631225585938,623.5587158203125
250,42,975.1569213867188,580.535400390625
250,43,968.1119384765625,538.5711059570312
250,44,960.8622436523438,497.83245849609375
250,45,1062.6416015625,836.3869018554688
250,46,1055.5247802734375,792.5465087890625
250,47,1048.723388671875,748.210693359375
250,48,1041.137451171875,703.7501220703125
250,49,1033.778076171875,659.2843017578125
250,50,1025.832763671875,615.4010009765625
250,51,1018.2653198242188,572.081298828125
250,52,1010.3488159179688,530.188720703125
250,53,1002.83837890625,489.46502685546875
250,54,1106.6802978515625,828.9728393554688
250,55,1100.078125,784.6819458007812
250,56,1092.5394287109375,740.6315307617188
250,57,1085.385009765625,695.8706665039062
250,58,1077.4263916015625,651.2734985351562
250,59,1069.5421142578125,607.7005004882812
250,60,1061.3238525390625,564.4763793945312
250,61,1053.0975341796875,522.369140625
250,62,1044.6656494140625,481.41925048828125
251,0,793.0656127929688,991.2798461914062
251,1,772.8350219726562,970.7460327148438
251,2,753.55810546875,950.4608154296875
251,3,734.9816284179688,930.9396362304688
251,4,717.0715942382812,911.5869750976562
251,5,700.1729125976562,892.95361328125
251,6,684.1723022460938,874.827392578125
251,7,668.6749267578125,856.89208984375
251,9,815.5574951171875,970.5110473632812
251,10,795.148193359375,950.4419555664062
251,11,775.7137451171875,931.2380981445312
251,12,756.7369995117188,911.905029296875
251,13,738.6830444335938,893.1810302734375
251,14,721.3017578125,875.0347290039062
251,15,704.987548828125,857.1023559570312
251,16,689.0448608398438,839.65771484375
251,18,837.578369140625,950.0285034179688
251,19,817.0291137695312,930.7408447265625
251,20,797.2444458007812,911.6845092773438
251,21,778.26806640625,893.042236328125
251,22,759.9196166992188,874.9362182617188
251,23,742.3569946289062,856.9541625976562
251,24,725.3775634765625,839.4168701171875
251,25,709.23681640625,822.6635131835938
251,27,859.4578247070312,929.7503662109375
251,28,838.7156372070312,910.7816772460938
251,29,818.3377075195312,892.1155395507812
251,30,799.3870849609375,874.2019653320312
251,36,880.9078369140625,908.9486083984375
251,37,859.9051513671875,890.7305908203125
251,38,839.7322998046875,872.7985229492188
251,39,820.3218383789062,855.130126953125
251,45,901.8125,888.888671875
251,46,880.6534423828125,870.91845703125
251,49,821.9119262695312,819.90234375
251,54,922.2023315429688,869.05224609375
251,58,841.7388916015625,801.9013671875
251,59,823.3768920898438,786.2236328125
252,0,930.5235595703125,983.7002563476562
252,1,897.9117431640625,954.28271484375
252,2,866.4631958007812,925.1990966796875
252,3,836.1275634765625,896.6187133789062
252,4,806.94677734375,868.214111328125
252,5,779.3284912109375,840.943359375
252,6,753.207763671875,814.326904296875
252,7,727.9617919921875,788.4159545898438
252,8,704.257080078125,763.63330078125
252,9,959.7354736328125,950.7813110351562
252,10,926.6177978515625,921.794189453125
252,11,894.6873168945312,893.1370239257812
252,12,863.8773193359375,865.0176391601562
252,13,834.1198120117188,837.409423828125
252,14,805.9109497070312,810.551513671875
252,15,778.8917236328125,784.3615112304688
252,16,752.9464721679688,759.0878295898438
252,17,728.8110961914062,734.8012084960938
252,18,988.8994750976562,917.1327514648438
252,19,955.4822998046875,888.720458984375
252,20,922.8850708007812,860.52490234375
252,21,891.68603515625,833.0761108398438
252,22,861.3521728515625,805.9537963867188
252,23,832.34912109375,779.6984252929688
252,24,804.7133178710938,754.1535034179688
252,25,778.516357421875,729.62548828125
252,26,753.92578125,706.3336181640625
252,27,1017.9292602539062,882.8764038085938
252,28,984.0889892578125,854.97021484375
252,29,951.0364990234375,827.3126220703125
252,30,919.3504028320312,800.6209716796875
252,31,888.5692749023438,774.040283203125
252,32,859.3037109375,748.7232055664062
252,33,831.0474853515625,723.9828491210938
252,34,804.3477172851562,700.2005004882812
252,35,779.33154296875,677.5531616210938
252,36,1046.76025390625,847.9846801757812
252,37,1012.5430908203125,820.6815795898438
252,38,979.1484985351562,793.9356689453125
252,39,946.9616088867188,767.6206665039062
252,40,915.8463745117188,742.1072387695312
252,41,886.0767822265625,717.3956298828125
252,42,857.312255859375,693.3591918945312
252,43,830.260986328125,670.4342041015625
252,44,804.6838989257812,648.6873779296875
252,45,1074.849365234375,813.2520751953125
252,46,1040.32958984375,786.4609375
252,47,1006.8209838867188,760.382080078125
252,48,974.1787109375,734.903076171875
252,49,942.695068359375,710.2057495117188
252,50,912.4561767578125,686.1011962890625
252,51,883.3497314453125,662.94873046875
252,52,855.7220458984375,640.9004516601562
252,53,829.6255493164062,619.9019165039062
252,54,1102.2060546875,778.8041381835938
252,55,1067.7601318359375,752.6630859375
252,56,1033.88623046875,727.1981201171875
252,57,1001.0818481445312,702.3243408203125
252,58,969.1264038085938,678.27001953125
252,59,938.6201782226562,655.2308349609375
252,60,909.2764282226562,633.0709838867188
252,61,881.266845703125,611.6290283203125
252,62,854.5100708007812,591.4019165039062
253,0,994.6904907226562,981.4447021484375
253,1,973.3765869140625,962.8220825195312
253,2,952.5712280273438,944.2074584960938
253,3,932.3472290039062,926.0452270507812
253,4,912.759521484375,907.921142578125
253,5,893.9163208007812,890.5429077148438
253,6,875.6563720703125,873.230712890625
253,7,857.888916015625,856.0469970703125
253,9,1015.0227661132812,960.9398803710938
253,10,993.7097778320312,942.8237915039062
253,13,933.0114135742188,889.7532958984375
253,14,913.9691162109375,872.3998413085938
253,15,895.6390380859375,855.5282592773438
253,16,877.4076538085938,838.9420166015625
253,18,1034.9490966796875,940.925048828125
253,19,1013.665283203125,923.177001953125
253,23,933.4075927734375,854.6085205078125
253,24,914.8600463867188,837.9353637695312
253,27,1054.234375,920.976318359375
253,28,1032.9189453125,903.5137939453125
253,29,1012.1118774414062,886.4439697265625
253,32,952.6349487304688,837.0184936523438
253,36,1073.1317138671875,900.7555541992188
254,0,973.3556518554688,986.6380615234375
254,1,952.8804931640625,965.9085693359375
254,2,932.8622436523438,945.2750854492188
254,3,913.5021362304688,925.0947265625
254,4,894.6506958007812,904.969970703125
254,5,876.2803344726562,885.4668579101562
254,6,858.8218994140625,866.3728637695312
254,7,841.7775268554688,847.4415283203125
254,8,825.1848754882812,828.9542236328125
254,9,995.5653686523438,967.2439575195312
254,10,975.0016479492188,947.0667114257812
254,11,954.9904174804688,927.2857055664062
254,12,935.532958984375,907.502197265625
254,13,916.4091796875,888.0740356445312
254,14,898.0623779296875,869.0847778320312
254,15,880.353759765625,850.430908203125
254,16,863.09912109375,831.9369506835938
254,18,1017.0376586914062,948.1788940429688
254,19,996.6598510742188,928.7861938476562
254,20,976.443115234375,909.4119262695312
254,21,956.6998291015625,890.3714599609375
254,22,937.6273803710938,871.6404418945312
254,23,919.2196044921875,852.864501953125
254,24,901.3497314453125,834.3740844726562
254,25,883.9613037109375,816.858154296875
254,27,1037.9056396484375,929.3212890625
254,28,1017.2512817382812,910.2636108398438
254,29,997.0779418945312,891.5350952148438
254,30,977.5645751953125,873.1737060546875
254,33,921.9921875,819.1403198242188
254,34,904.6227416992188,802.0224609375
254,36,1058.1551513671875,910.1286010742188
254,37,1037.639892578125,891.9320068359375
254,38,1017.5842895507812,874.0076293945312
254,39,998.02685546875,856.0341186523438
254,42,942.1118774414062,803.902099609375
254,45,1077.924072265625,891.4529418945312
254,46,1057.4066162109375,873.5048828125
254,47,1037.3994140625,856.0414428710938
254,48,1017.439453125,838.94482421875
254,49,998.25146484375,821.8720703125
254,50,979.7507934570312,805.0074462890625
254,51,961.6323852539062,788.2067260742188
254,57,1036.7730712890625,821.7595825195312
254,58,1017.5531005859375,805.1658325195312
254,59,998.7587890625,789.0467529296875
254,60,980.7112426757812,773.1525268554688
255,0,591.0352783203125,276.9105224609375
255,1,576.1979370117188,278.4784851074219
255,2,560.48388671875,280.9230041503906
255,3,545.0785522460938,282.7347412109375
255,4,528.5427856445312,284.7328186035156
255,7,479.1737060546875,289.9303283691406
255,8,462.07177734375,291.9406433105469
255,9,586.1104736328125,265.8363342285156
255,10,571.6036987304688,267.5330505371094
255,11,556.7407836914062,269.91986083984375
255,12,541.15478515625,271.4014587402344
255,13,525.518798828125,273.8858642578125
255,16,477.56561279296875,278.81353759765625
255,17,461.55902099609375,280.5832824707031
255,18,580.844970703125,255.8050079345703
255,19,567.2061767578125,257.5417175292969
255,20,552.6139526367188,259.4413757324219
255,21,537.7379760742188,261.56341552734375
255,22,522.559814453125,262.70050048828125
255,23,507.0560607910156,265.0227966308594
255,24,491.9074401855469,265.8084411621094
255,25,476.4984436035156,267.7050476074219
255,26,460.98577880859375,269.5662841796875
255,27,575.8126220703125,246.48922729492188
255,28,562.672607421875,247.8301239013672
255,31,519.5610961914062,253.57626342773438
255,32,504.8040771484375,254.83689880371094
255,33,490.19525146484375,256.59649658203125
255,34,474.5906982421875,258.0033264160156
255,40,517.1136474609375,243.95291137695312
255,41,502.4653625488281,246.0709991455078
255,42,488.05230712890625,246.9401397705078
256,2,400.1556396484375,463.8056335449219
256,3,387.18280029296875,459.2065734863281
256,6,352.5116882324219,441.1576843261719
256,9,431.0508117675781,464.2442626953125
256,10,418.31048583984375,458.9440612792969
256,11,405.97991943359375,453.08984375
256,12,393.7509460449219,447.31195068359375
256,21,399.9690246582031,436.0909118652344
256,30,406.0093078613281,424.66473388671875
256,53,363.08135986328125,378.0921936035156
256,58,410.7309875488281,385.969970703125
257,0,886.3329467773438,1069.9053955078125
257,1,883.5712280273438,1035.4698486328125
257,2,881.1827392578125,1000.6417846679688
257,3,878.5037841796875,965.447998046875
257,4,876.29541015625,930.3449096679688
257,5,873.9403076171875,895.2256469726562
257,6,871.8806762695312,860.6536254882812
257,7,869.7503662109375,826.1158447265625
257,8,867.8424072265625,792.0116577148438
257,9,922.674072265625,1068.0531005859375
257,10,919.9400634765625,1033.250244140625
257,11,917.0819702148438,998.53955078125
257,12,914.4320678710938,963.16552734375
257,13,911.9344482421875,927.9951171875
257,14,909.35693359375,892.935791015625
257,15,906.6846923828125,858.2022094726562
257,16,904.372802734375,823.3429565429688
257,17,901.9029541015625,789.3445434570312
257,18,959.2098999023438,1065.3970947265625
257,19,956.23779296875,1030.7926025390625
257,20,953.3624267578125,995.6792602539062
257,21,950.5928955078125,960.5810546875
257,22,947.5885009765625,925.0794677734375
257,23,944.6685180664062,890.0778198242188
257,24,941.9432373046875,855.0610961914062
257,25,939.0323486328125,820.484619140625
257,26,936.4556884765625,786.3527221679688
257,27,995.9197998046875,1062.4361572265625
257,28,992.725830078125,1027.52734375
257,29,989.8230590820312,992.640380859375
257,30,986.601806640625,957.4906616210938
257,31,983.5072631835938,922.1396484375
257,32,980.306640625,886.8932495117188
257,33,977.1574096679688,852.0088500976562
257,34,974.1820678710938,817.27392578125
257,35,970.8829956054688,783.6033325195312
257,36,1032.614990234375,1058.7452392578125
257,37,1029.3160400390625,1024.004150390625
257,38,1026.1988525390625,988.865478515625
257,39,1022.9180908203125,953.8108520507812
257,40,1019.2880859375,918.46728515625
257,41,1016.1731567382812,883.2128295898438
257,42,1012.6671752929688,848.3223876953125
257,43,1009.0551147460938,813.9224243164062
257,44,1005.6348266601562,780.0432739257812
257,45,1068.845947265625,1054.4169921875
257,46,1065.372802734375,1019.7341918945312
257,47,1062.2576904296875,984.8788452148438
257,48,1058.7127685546875,949.6895751953125
257,49,1055.1551513671875,914.4122924804688
257,50,1051.4405517578125,879.3969116210938
257,51,1047.7279052734375,844.5866088867188
257,52,1043.776123046875,810.0385131835938
257,53,1039.8687744140625,776.2982177734375
257,54,1104.28271484375,1049.3121337890625
257,55,1101.411376953125,1015.0186157226562
257,56,1097.942138671875,980.1531982421875
257,57,1094.329833984375,945.1906127929688
257,58,1090.318603515625,909.9808349609375
257,59,1086.5101318359375,875.1474609375
257,60,1082.3948974609375,840.4788208007812
257,61,1078.2672119140625,806.2077026367188
257,62,1073.855224609375,772.402587890625
258,0,881.5592651367188,1079.0201416015625
258,1,879.9925537109375,1043.242431640625
258,2,878.4814453125,1007.0062866210938
258,3,877.09033203125,970.24853515625
258,4,875.9052124023438,933.0383911132812
258,5,874.6201782226562,895.8449096679688
258,6,873.6724853515625,858.7703857421875
258,7,872.636962890625,821.6048583984375
258,8,871.757568359375,784.7506103515625
258,9,919.6407470703125,1078.9288330078125
258,10,917.9608764648438,1042.927001953125
258,11,916.48876953125,1006.4898681640625
258,12,914.8094482421875,969.3021850585938
258,13,913.7234497070312,931.9442749023438
258,14,912.097412109375,894.663330078125
258,15,910.896240234375,857.3136596679688
258,16,909.5626831054688,820.0270385742188
258,17,908.2374267578125,783.0599975585938
258,18,957.8024291992188,1078.032470703125
258,19,956.4283447265625,1041.9068603515625
258,20,954.863525390625,1005.3067016601562
258,21,953.1749877929688,968.4873657226562
258,22,951.486083984375,930.5160522460938
258,23,950.0374755859375,893.1942138671875
258,24,948.3822021484375,855.6725463867188
258,25,946.8560791015625,818.2194213867188
258,26,945.3027954101562,781.2594604492188
258,27,996.5267944335938,1076.480712890625
258,28,994.892822265625,1040.3814697265625
258,29,993.192138671875,1003.8731689453125
258,30,991.7717895507812,966.50244140625
258,31,989.9036865234375,928.9743041992188
258,32,988.0523071289062,891.233642578125
258,33,986.2306518554688,853.9468383789062
258,34,984.32177734375,816.0845336914062
258,35,982.4202270507812,779.3295288085938
258,36,1035.0177001953125,1074.381591796875
258,37,1033.660888671875,1038.2244873046875
258,38,1032.021240234375,1001.4099731445312
258,39,1030.3382568359375,964.2735595703125
258,40,1028.4830322265625,926.5848388671875
258,41,1026.4267578125,888.9425048828125
258,42,1024.42236328125,851.3057250976562
258,43,1022.1190795898438,813.9222412109375
258,44,1019.9424438476562,776.880615234375
258,45,1073.5811767578125,1071.61767578125
258,46,1072.0206298828125,1035.4100341796875
258,47,1070.6080322265625,998.7538452148438
258,48,1068.641357421875,961.4301147460938
258,49,1066.7926025390625,923.87744140625
258,50,1064.5291748046875,886.2249145507812
258,51,1062.169921875,848.6119384765625
258,52,1059.6212158203125,810.9794311523438
258,53,1056.883544921875,774.1849975585938
258,54,1111.3095703125,1067.785400390625
258,55,1110.185302734375,1031.904296875
258,56,1108.4410400390625,995.1492919921875
258,57,1106.572021484375,958.4966430664062
258,58,1104.58056640625,920.6575317382812
258,59,1102.1640625,883.0999755859375
258,60,1099.7080078125,845.6755981445312
258,61,1096.69873046875,808.3555297851562
258,62,1093.7271728515625,771.2413940429688
259,0,979.9967041015625,976.604736328125
259,1,959.3173828125,958.141357421875
259,2,939.086181640625,939.698486328125
259,3,919.2555541992188,921.5783081054688
259,4,900.0350952148438,903.2128295898438
259,5,881.4387817382812,885.6426391601562
259,9,999.8333740234375,957.100830078125
259,10,979.0054321289062,939.041015625
259,11,958.8040161132812,921.1134033203125
259,12,939.1522827148438,903.3381958007812
259,13,919.7061767578125,885.781005859375
259,14,901.00146484375,868.2793579101562
259,18,1018.9584350585938,937.9924926757812
259,19,998.2107543945312,920.2603759765625
259,20,978.0118408203125,902.7792358398438
259,27,1037.470458984375,918.9320678710938
259,28,1017.0093383789062,901.669677734375
259,29,996.879150390625,884.39111328125
259,34,902.6900024414062,802.2091064453125
259,35,885.3452758789062,786.906005859375
260,0,501.5862731933594,241.9230194091797
260,1,485.850341796875,243.53546142578125
260,2,469.20916748046875,245.45578002929688
260,3,452.4991455078125,247.2240753173828
260,4,435.70281982421875,248.91404724121094
260,5,418.3766784667969,250.7511749267578
260,6,401.009765625,252.91122436523438
260,7,384.1922302246094,254.00746154785156
260,8,367.0174560546875,256.0552978515625
260,9,497.2109069824219,232.55960083007812
260,10,481.531005859375,233.63018798828125
260,11,466.1329650878906,236.00294494628906
260,12,449.6470031738281,237.74441528320312
260,13,433.3750305175781,238.9268341064453
260,14,416.9639587402344,240.72329711914062
260,15,400.37841796875,242.35174560546875
260,16,383.8909912109375,243.79811096191406
260,17,366.9729309082031,246.07861328125
260,18,492.9161376953125,223.5091552734375
260,19,477.95745849609375,225.6167449951172
260,20,462.71527099609375,226.66819763183594
261,2,459.5210266113281,371.0619201660156
261,3,445.2021179199219,370.86846923828125
261,4,429.819580078125,370.48382568359375
261,5,414.904052734375,371.06768798828125
261,6,399.4565124511719,370.6914367675781
261,7,385.50439453125,369.864990234375
261,9,487.94866943359375,357.7374572753906
261,10,473.5737609863281,357.7911376953125
261,11,459.21624755859375,357.8866882324219
261,12,444.6678771972656,357.47650146484375
261,13,430.2585754394531,357.72210693359375
261,14,415.50909423828125,357.7723083496094
261,15,400.9427490234375,357.0797424316406
261,16,386.1323547363281,356.53497314453125
261,17,372.3779602050781,355.922119140625
261,18,487.7887878417969,344.66912841796875
261,19,473.7344665527344,344.0555419921875
261,20,458.3986511230469,344.8288269042969
261,21,444.9688415527344,344.802978515625
261,22,429.90875244140625,344.8149719238281
262,0,980.4078979492188,986.2838134765625
262,1,959.1651611328125,967.9790649414062
262,2,938.237060546875,949.9009399414062
262,3,918.0303344726562,931.9328002929688
262,4,898.0546264648438,913.9303588867188
262,7,842.0250854492188,861.884521484375
262,8,824.3673706054688,844.9718017578125
262,9,999.8042602539062,965.9982299804688
262,10,978.5512084960938,948.31884765625
262,13,917.5579833984375,895.81201171875
262,16,861.085205078125,844.7689208984375
262,18,1018.625,946.3424682617188
262,19,997.3200073242188,928.98828125
262,22,936.3201293945312,877.7688598632812
262,27,1036.8416748046875,926.7484130859375
262,28,1015.8088989257812,909.79296875
262,29,995.0243530273438,892.8263549804688
262,30,974.8633422851562,876.3642578125
262,31,954.94580078125,859.8140258789062
262,36,1054.636474609375,907.0423583984375
262,37,1033.74755859375,890.6513671875
262,38,1012.9921875,874.2179565429688
262,39,992.9536743164062,858.0385131835938
262,40,972.9566040039062,842.0597534179688
262,41,953.7070922851562,826.1389770507812
262,45,1071.7735595703125,888.042724609375
262,46,1050.9993896484375,871.7825317382812
262,47,1030.3660888671875,855.9086303710938
262,48,1010.3009033203125,840.0996704101562
263,0,980.361572265625,986.2346801757812
263,1,959.1895751953125,967.97314453125
263,2,938.2767333984375,949.9164428710938
263,5,878.8899536132812,896.3731689453125
263,6,860.2590942382812,879.1284790039062
263,7,842.0478515625,861.8956298828125
263,9,999.7488403320312,966.0338134765625
263,10,978.5380249023438,948.3189697265625
263,11,957.8038330078125,930.81640625
263,14,898.218017578125,878.632568359375
263,15,879.460693359375,861.5900268554688
263,16,861.129638671875,844.7882690429688
263,18,1018.4722900390625,946.451416015625
263,19,997.419921875,929.0242919921875
263,20,976.641357421875,911.8329467773438
263,23,917.0602416992188,860.9925537109375
263,24,898.257568359375,844.20751953125
263,27,1036.808837890625,926.7476806640625
263,28,1015.7815551757812,909.8016357421875
263,29,995.072509765625,892.8841552734375
263,32,935.6314086914062,843.6878051757812
263,36,1054.677978515625,907.0712890625
263,37,1033.656494140625,890.6881103515625
263,38,1012.955810546875,874.2816772460938
263,41,953.609375,826.207763671875
263,45,1071.7850341796875,888.0172729492188
263,46,1050.97802734375,871.8569946289062
263,47,1030.38330078125,855.9093627929688
264,0,831.2120971679688,943.2416381835938
264,1,828.7763061523438,902.2269287109375
264,2,826.5171508789062,859.8892822265625
264,3,824.3363037109375,816.505126953125
264,4,822.2860717773438,772.6936645507812
264,5,820.5804443359375,728.47265625
264,6,819.337890625,684.4259643554688
264,7,817.5326538085938,640.137451171875
264,8,816.6285400390625,596.334228515625
264,9,873.4089965820312,944.8534545898438
264,10,870.9368286132812,903.2466430664062
264,11,869.0768432617188,860.3098754882812
264,12,866.9988403320312,816.59033203125
264,13,865.0647583007812,771.9625854492188
264,14,863.201171875,727.1433715820312
264,15,861.5668334960938,682.3734130859375
264,16,859.837890625,637.420654296875
264,17,858.444580078125,593.163330078125
264,18,916.4578857421875,945.7964477539062
264,19,914.7787475585938,903.7818603515625
264,20,912.700439453125,860.3637084960938
264,21,910.9439086914062,816.2176513671875
264,22,908.8517456054688,770.7037963867188
264,23,907.002685546875,725.7379150390625
264,24,905.2454223632812,680.2928466796875
264,25,903.5350341796875,634.9564819335938
264,26,902.0371704101562,590.169189453125
264,27,960.7576904296875,946.2988891601562
264,28,959.0615844726562,903.7459716796875
264,29,957.51806640625,860.1023559570312
264,30,955.8153076171875,815.2311401367188
264,31,953.9642333984375,769.890625
264,32,952.2771606445312,724.1082153320312
264,33,950.1051635742188,678.4857788085938
264,34,948.2775268554688,632.2579345703125
264,35,946.4690551757812,587.3701171875
264,36,1005.4892578125,946.09326171875
264,37,1004.4501342773438,903.2346801757812
264,38,1003.2073364257812,859.060791015625
264,39,1001.4727783203125,814.2658081054688
264,40,999.877197265625,768.0816040039062
264,41,998.0628662109375,722.0352783203125
264,42,996.0632934570312,675.8202514648438
264,43,993.8422241210938,629.7782592773438
264,44,991.8126220703125,584.2246704101562
264,45,1050.84130859375,945.348388671875
264,46,1050.01513671875,902.3513793945312
264,47,1048.924560546875,858.0050048828125
264,48,1047.5284423828125,812.5380249023438
264,49,1046.0367431640625,766.380859375
264,50,1044.2967529296875,719.9922485351562
264,51,1041.9541015625,673.5243530273438
264,52,1039.5848388671875,626.9405517578125
264,53,1036.8885498046875,581.7776489257812
264,54,1096.1143798828125,943.6881713867188
264,55,1095.8026123046875,900.7772827148438
264,56,1094.97265625,856.2290649414062
264,57,1093.9140625,810.711181640625
264,58,1092.3238525390625,764.317626953125
264,59,1090.3875732421875,717.6034545898438
264,60,1088.181640625,670.892333984375
264,61,1085.5283203125,624.44140625
264,62,1082.74365234375,578.6328125
265,0,845.5501708984375,1054.253173828125
265,1,846.5013427734375,1015.8350219726562
265,2,847.894287109375,975.8759155273438
265,3,849.5313110351562,934.80078125
265,4,851.0342407226562,892.31396484375
265,5,853.1472778320312,849.69482421875
265,6,855.2276000976562,806.1839599609375
265,7,857.159423828125,762.2840576171875
265,8,859.506103515625,718.3118286132812
265,9,886.7124633789062,1060.2427978515625
265,10,888.2727661132812,1021.2097778320312
265,11,890.1652221679688,980.8583984375
265,12,891.9696044921875,939.4191284179688
265,13,893.8401489257812,896.7820434570312
265,14,895.884521484375,853.0384521484375
265,15,897.8616333007812,809.3550415039062
265,16,899.9976196289062,764.7865600585938
265,17,902.035888671875,720.060546875
265,18,929.0344848632812,1065.1239013671875
265,19,931.2349243164062,1026.149658203125
265,20,933.3622436523438,985.3734741210938
265,21,935.5082397460938,943.4625244140625
265,22,937.5689086914062,900.0904541015625
265,23,939.6889038085938,856.5272827148438
265,24,941.7421264648438,812.1477661132812
265,25,943.8353881835938,766.9200439453125
265,26,946.138671875,721.79296875
265,27,972.3343505859375,1069.7410888671875
265,28,974.8663330078125,1030.0450439453125
265,29,977.2905883789062,989.7073364257812
265,30,979.988525390625,947.0450439453125
265,31,982.2250366210938,903.5471801757812
265,32,984.61279296875,859.13720703125
265,33,986.6791381835938,814.3887329101562
265,34,988.86376953125,768.79541015625
265,35,990.677734375,723.4098510742188
265,36,1016.3314208984375,1073.486083984375
265,37,1019.2117309570312,1034.02294921875
265,38,1022.343505859375,992.7258911132812
265,39,1024.8836669921875,950.34765625
265,40,1027.65869140625,905.9471435546875
265,41,1030.1378173828125,861.5979614257812
265,42,1032.4713134765625,816.385009765625
265,43,1034.4886474609375,770.4833984375
265,44,1036.3380126953125,724.7219848632812
265,45,1060.4337158203125,1076.552490234375
265,46,1064.0118408203125,1036.972900390625
265,47,1067.185302734375,995.5498657226562
265,48,1070.4085693359375,952.659423828125
265,49,1073.311767578125,908.2964477539062
265,50,1075.9942626953125,863.5023803710938
265,51,1078.212646484375,818.1397705078125
265,52,1080.1990966796875,771.8103637695312
265,53,1081.7513427734375,725.8394775390625
265,54,1104.674072265625,1078.2916259765625
265,55,1108.6552734375,1038.798583984375
265,56,1112.3826904296875,997.2303466796875
265,57,1115.868408203125,954.61572265625
265,58,1119.071044921875,910.1822509765625
265,59,1121.73486328125,865.0453491210938
265,60,1124.1038818359375,819.1236572265625
265,61,1125.979248046875,773.0428466796875
265,62,1127.5286865234375,726.590087890625
266,2,468.470947265625,373.8553771972656
266,5,426.59271240234375,372.90380859375
266,6,412.5645751953125,372.0163879394531
266,7,399.340576171875,370.9515686035156
266,8,385.6246032714844,370.2043151855469
266,9,495.344970703125,361.799560546875
266,10,481.98333740234375,360.9516296386719
266,11,468.5779724121094,361.0620422363281
266,14,427.47442626953125,360.04736328125
266,15,414.35430908203125,359.0879211425781
266,16,400.7388610839844,358.2129821777344
266,19,481.77838134765625,349.2792663574219
266,20,468.4337463378906,348.6048278808594
266,21,454.9442443847656,349.1016540527344
266,22,441.7113952636719,348.08203125
266,23,428.32733154296875,347.9103698730469
266,24,414.34027099609375,347.2073059082031
266,28,481.1837463378906,336.9620666503906
266,31,442.236572265625,336.67120361328125
266,32,428.501708984375,336.1924743652344
266,36,493.06207275390625,326.11016845703125
266,41,429.1880187988281,325.2073059082031
266,45,492.93963623046875,315.4965515136719
267,0,860.4422607421875,1079.80078125
267,1,861.2063598632812,1042.208251953125
267,2,862.0576171875,1003.269775390625
267,3,863.0073852539062,963.8743896484375
267,4,863.999267578125,923.3417358398438
267,5,865.2581176757812,882.5184326171875
267,6,866.7974853515625,841.5324096679688
267,7,867.808349609375,800.1437377929688
267,8,869.3348999023438,758.9559936523438
267,9,900.7006225585938,1084.0550537109375
267,10,901.6917724609375,1045.9718017578125
267,11,902.7694702148438,1006.9132080078125
267,12,903.8865356445312,966.9530639648438
267,13,904.8883056640625,926.0103149414062
267,14,906.10205078125,884.759033203125
267,15,907.1957397460938,843.16796875
267,16,908.3038330078125,801.172607421875
267,17,909.3753051757812,759.6405639648438
267,18,941.775146484375,1087.273193359375
267,19,943.0557250976562,1049.200927734375
267,20,944.3727416992188,1009.6336669921875
267,21,945.4970092773438,969.4078979492188
267,22,946.5962524414062,928.0128784179688
267,23,947.6747436523438,886.4176025390625
267,24,948.7306518554688,844.3467407226562
267,25,949.7847290039062,802.1046752929688
267,26,950.88427734375,760.12255859375
267,27,983.6865844726562,1090.18310546875
267,28,985.105712890625,1051.639404296875
267,29,986.4560546875,1012.09716796875
267,30,987.9085083007812,971.28466796875
267,31,989.0321655273438,929.8264770507812
267,32,990.133544921875,887.6577758789062
267,33,991.0064697265625,845.3167114257812
267,34,991.9616088867188,802.5986938476562
267,35,992.554931640625,760.4118041992188
267,36,1026.02587890625,1092.3740234375
267,37,1027.8804931640625,1053.447998046875
267,38,1029.3619384765625,1013.4093627929688
267,39,1030.8221435546875,972.7700805664062
267,40,1032.037841796875,930.6383056640625
267,41,1033.125244140625,888.4639892578125
267,42,1034.1551513671875,845.7567138671875
267,43,1034.781005859375,802.92626953125
267,44,1035.2569580078125,760.236572265625
267,45,1068.58154296875,1093.65966796875
267,46,1070.605224609375,1054.76904296875
267,47,1072.4100341796875,1014.5953369140625
267,48,1074.025146484375,973.4155883789062
267,49,1075.218994140625,931.1387939453125
267,50,1076.3289794921875,888.7088012695312
267,51,1077.143310546875,845.9738159179688
267,52,1077.6363525390625,802.7150268554688
267,53,1077.6455078125,759.9613647460938
267,54,1110.9051513671875,1093.4483642578125
267,55,1113.3912353515625,1054.97900390625
267,56,1115.3880615234375,1014.8212280273438
267,57,1117.1490478515625,973.443115234375
267,58,1118.567626953125,931.2471313476562
267,59,1119.48974609375,888.603271484375
267,60,1120.1173095703125,845.3884887695312
267,61,1120.4920654296875,802.326416015625
267,62,1120.3477783203125,759.2257080078125
268,0,980.316162109375,986.2975463867188
268,1,959.1470336914062,967.9915161132812
268,2,938.2366333007812,949.9146118164062
268,3,918.0184936523438,931.9652099609375
268,4,898.115234375,913.9635620117188
268,7,842.0089721679688,861.87939453125
268,9,999.6454467773438,966.072998046875
268,10,978.4990844726562,948.354248046875
268,11,957.7960205078125,930.7548828125
268,12,937.5476684570312,913.2299194335938
268,13,917.540771484375,895.7943115234375
268,17,843.4430541992188,828.3489379882812
268,18,1018.5263671875,946.314208984375
268,19,997.3883666992188,929.0127563476562
268,20,976.6382446289062,911.7371826171875
268,27,1036.7125244140625,926.7738037109375
268,28,1015.7705078125,909.8233032226562
268,29,995.1051635742188,892.8828125
268,36,1054.7000732421875,907.0360717773438
268,37,1033.78759765625,890.7130737304688
268,38,1012.9945678710938,874.2366943359375
268,39,992.7705078125,858.0628662109375
268,40,972.9788208007812,842.1038818359375
268,41,953.6464233398438,826.1369018554688
268,45,1071.845703125,888.0050659179688
268,46,1051.09716796875,871.8486328125
268,47,1030.4036865234375,855.8902587890625
268,48,1010.2937622070312,840.1394653320312
269,2,935.7429809570312,939.295166015625
269,3,916.163330078125,921.008544921875
269,4,896.9482421875,902.6840209960938
269,5,878.343017578125,884.8753662109375
269,6,860.5513305664062,867.2049560546875
269,9,996.3004150390625,956.7257690429688
269,10,975.6063842773438,938.7144165039062
269,11,955.4783325195312,920.8228759765625
269,12,935.9043579101562,902.9548950195312
269,13,916.8616333007812,885.1165161132812
269,14,898.1798095703125,867.7413940429688
269,15,880.0870971679688,850.6051635742188
269,18,1015.5859375,937.798828125
269,19,995.1995849609375,920.0301513671875
269,20,974.9995727539062,902.3717041015625
269,23,917.275390625,850.7095336914062
269,24,899.290771484375,833.8386840820312
269,27,1034.416748046875,918.94384765625
269,28,1013.9962158203125,901.448974609375
269,36,1052.95849609375,899.5830078125
269,37,1032.4942626953125,882.9370727539062
269,47,1030.2725830078125,847.2931518554688
269,48,1010.6830444335938,831.87109375
269,49,991.4976806640625,816.19140625
269,56,1047.6788330078125,827.800537109375
270,2,998.3286743164062,601.6730346679688
270,3,963.0036010742188,581.5626220703125
270,4,927.9485473632812,561.0189819335938
270,5,893.6859130859375,541.465576171875
270,6,859.9912719726562,522.4873046875
270,7,827.7708740234375,503.22650146484375
270,8,796.0772094726562,484.957763671875
270,10,1044.59130859375,605.2698364257812
270,13,942.7328491210938,547.5677490234375
270,14,909.7258911132812,528.7650756835938
270,15,877.5856323242188,510.1965026855469
270,16,846.1710205078125,491.7112121582031
270,18,1086.2567138671875,609.2291259765625
270,19,1053.80419921875,590.3333740234375
270,22,956.0669555664062,534.9612426757812
270,23,924.8447875976562,516.7578125
270,24,893.7123413085938,498.68408203125
270,25,861.8916015625,479.7435302734375
270,27,1093.5648193359375,594.3889770507812
270,28,1062.2352294921875,576.19189453125
270,29,1031.164306640625,557.933837890625
270,30,999.7273559570312,540.7196655273438
270,31,968.6459350585938,523.1575317382812
270,32,938.2036743164062,506.13482666015625
270,36,1100.57080078125,580.1161499023438
270,39,1010.5352783203125,528.7303466796875
270,40,980.2626342773438,512.2501220703125
271,0,605.0537719726562,276.9830017089844
271,1,590.9178466796875,280.8873291015625
271,2,576.0353393554688,285.1568298339844
271,3,561.24853515625,289.03472900390625
271,4,545.6609497070312,292.97369384765625
271,5,530.8043212890625,296.6159362792969
271,6,515.4398803710938,301.052001953125
271,9,600.0936279296875,265.662841796875
271,10,585.9073486328125,269.6597900390625
271,11,571.7064819335938,273.63922119140625
271,12,556.9801635742188,277.49285888671875
271,13,542.3372192382812,281.1801452636719
271,14,527.5889282226562,284.7623291015625
271,15,512.6046752929688,288.98822021484375
271,19,580.40625,258.5
271,20,566.447998046875,261.97308349609375
271,21,553.2947998046875,266.2125244140625
271,22,538.8289184570312,270.00006103515625
271,25,495.7955017089844,280.9413146972656
271,26,481.19268798828125,284.8034973144531
271,31,535.7504272460938,259.2851867675781
271,34,493.27716064453125,270.3438720703125
271,35,479.67205810546875,274.3006286621094
272,0,982.7191162109375,997.1341552734375
272,1,961.8203735351562,978.1890258789062
272,2,941.2242431640625,959.5516967773438
272,3,921.3529052734375,941.0018920898438
272,4,901.8803100585938,922.1768188476562
272,5,882.8944091796875,904.2036743164062
272,6,864.5878295898438,886.3386840820312
272,9,1002.7452392578125,977.227783203125
272,10,981.9261474609375,958.9135131835938
272,11,961.3253173828125,940.6881103515625
272,12,941.3363037109375,922.4244384765625
272,13,921.775634765625,904.386962890625
272,14,902.8261108398438,886.62109375
272,18,1022.1757202148438,957.9200439453125
272,21,960.9785766601562,904.2078247070312
272,22,941.2025146484375,886.554931640625
272,27,1041.1138916015625,938.3961791992188
272,30,979.911865234375,886.0659790039062
272,31,960.22509765625,868.9780883789062
272,39,998.585205078125,868.0008544921875
272,40,978.9100341796875,851.5119018554688
272,49,996.9827270507812,834.0791625976562
273,0,504.9776916503906,313.174072265625
273,1,491.1656188964844,316.1443786621094
273,2,476.6455078125,318.858642578125
273,3,460.7989196777344,320.92193603515625
273,4,446.3548583984375,324.770751953125
273,5,432.06781005859375,327.0799255371094
273,6,416.71075439453125,329.9073486328125
273,7,402.146728515625,332.6925048828125
273,8,386.9128112792969,335.2022705078125
273,9,502.64031982421875,298.3693542480469
273,10,488.1011962890625,301.0696716308594
273,11,473.5113830566406,304.2280578613281
273,12,459.0568542480469,307.1241149902344
273,13,444.0727233886719,309.0103759765625
273,14,429.0077819824219,312.0675048828125
273,15,414.10565185546875,315.0804748535156
273,16,399.3238525390625,317.733154296875
273,17,384.3578186035156,320.2807922363281
273,18,499.3721008300781,284.14215087890625
273,19,485.4120788574219,286.20050048828125
273,20,471.11810302734375,289.4194030761719
273,21,456.0672912597656,292.014892578125
273,22,441.2182312011719,294.6341552734375
273,23,426.3841857910156,297.3108825683594
273,24,411.3231201171875,300.1595764160156
273,25,396.7013244628906,303.01470947265625
273,26,382.0187072753906,305.4108581542969
273,27,496.9589538574219,269.2538146972656
273,28,481.9255676269531,272.209716796875
273,29,468.1233825683594,274.15338134765625
273,30,453.234130859375,277.1907958984375
273,31,438.3233337402344,280.2665710449219
273,32,423.5186767578125,282.8994140625
273,33,409.0632629394531,285.40728759765625
273,34,393.98699951171875,288.16241455078125
273,35,379.413818359375,290.83721923828125
273,36,493.5360412597656,255.0891571044922
273,37,479.6441955566406,257.47119140625
273,38,464.8638000488281,260.244140625
273,39,450.4801940917969,262.3280029296875
273,40,435.9501037597656,265.2786865234375
273,41,421.1896057128906,268.0518798828125
273,42,406.08099365234375,270.5504455566406
273,43,391.7437438964844,273.8418273925781
273,44,376.7933654785156,276.1165466308594
273,45,489.6594543457031,239.72549438476562
273,46,476.0943298339844,243.35659790039062
273,47,462.08587646484375,245.5482940673828
273,48,447.681396484375,248.30203247070312
273,49,433.04998779296875,251.07098388671875
273,50,418.18121337890625,253.6150360107422
273,51,403.80926513671875,256.16790771484375
273,52,388.9400634765625,259.03717041015625
273,53,373.78424072265625,260.8175048828125
273,54,487.26824951171875,226.8518829345703
273,57,444.9886169433594,234.17282104492188
273,58,430.1428527832031,236.62200927734375
273,59,416.04168701171875,239.20748901367188
273,60,401.26806640625,241.4692840576172
273,61,386.7282409667969,245.01719665527344
273,62,372.2612609863281,247.03057861328125
274,0,504.5644836425781,318.1974182128906
274,1,490.6147155761719,321.0075378417969
274,2,476.0583801269531,323.63018798828125
274,3,461.1755676269531,326.313232421875
274,4,446.07135009765625,329.053955078125
274,5,430.9479675292969,332.0211181640625
274,6,416.0071716308594,334.747314453125
274,7,401.2199401855469,337.0234375
274,8,386.1121826171875,339.86663818359375
274,9,502.21923828125,303.3957214355469
274,10,487.81646728515625,306.2720642089844
274,11,473.4307556152344,308.755126953125
274,12,457.9255065917969,311.0086669921875
274,13,443.71051025390625,314.4939880371094
274,14,428.1183776855469,317.163818359375
274,15,413.8304748535156,319.3507080078125
274,16,398.713623046875,322.6179504394531
274,17,383.2833557128906,324.9833679199219
274,18,499.34136962890625,288.7788391113281
274,19,485.15447998046875,291.1483154296875
274,20,470.1437683105469,294.1004943847656
274,21,455.9820556640625,297.05352783203125
274,22,440.9116516113281,299.35174560546875
274,23,425.3665466308594,302.3752136230469
274,24,411.0975646972656,304.4609680175781
274,25,395.95257568359375,307.4062805175781
274,26,381.090087890625,310.02911376953125
274,27,496.9432067871094,274.058349609375
274,28,482.2523193359375,276.61175537109375
274,29,467.75848388671875,279.1377868652344
274,30,452.7596740722656,282.0301208496094
274,31,438.0531005859375,284.6532287597656
274,32,423.2961120605469,286.96392822265625
274,33,408.5617980957031,289.81695556640625
274,34,393.31512451171875,292.2489013671875
274,35,378.3779602050781,295.3508605957031
274,36,493.97265625,259.3411865234375
274,37,479.2165832519531,262.0804443359375
274,38,465.01019287109375,264.1919860839844
274,39,450.1844787597656,266.9847106933594
274,40,435.5189208984375,269.7802429199219
274,41,420.7580261230469,272.5357971191406
274,42,405.1091613769531,275.11492919921875
274,43,390.92718505859375,277.9100341796875
274,44,376.1247253417969,279.82073974609375
274,45,491.06732177734375,245.22584533691406
274,46,476.3890075683594,247.72433471679688
274,47,462.3179626464844,250.12364196777344
274,48,447.73748779296875,252.32083129882812
274,49,432.6712341308594,255.22830200195312
274,50,417.9091491699219,257.5377197265625
274,51,403.1805114746094,260.1233825683594
274,52,388.23455810546875,262.817138671875
274,53,372.696044921875,264.69793701171875
274,54,487.9892578125,230.92745971679688
274,55,473.7926025390625,233.54531860351562
274,56,459.0903625488281,235.54364013671875
274,57,444.5035400390625,238.44007873535156
274,58,430.03326416015625,240.3827667236328
274,59,415.2520446777344,243.09970092773438
274,60,400.34130859375,246.0376434326172
274,61,386.1204528808594,248.5391082763672
274,62,371.3809814453125,251.08937072753906
275,2,940.35009765625,959.139404296875
275,3,920.4083862304688,940.5847778320312
275,4,900.9754638671875,922.032470703125
275,7,846.1238403320312,868.2124633789062
275,9,1001.6336059570312,977.758544921875
275,10,980.8208618164062,959.025634765625
275,11,960.4608764648438,940.80517578125
275,12,940.497802734375,922.4525146484375
275,13,920.93115234375,904.4452514648438
275,16,865.8404541015625,851.5166625976562
275,18,1021.0426025390625,958.169189453125
275,19,1000.3234252929688,940.1921997070312
275,20,980.0067749023438,922.2279663085938
275,23,921.77587890625,869.3278198242188
275,24,903.1605834960938,852.049072265625
275,27,1040.09423828125,939.0138549804688
275,28,1019.4888916015625,921.3637084960938
275,32,940.6126098632812,852.330322265625
275,33,922.2237548828125,835.4827880859375
275,36,1058.5640869140625,919.8765258789062
275,41,959.5027465820312,835.2141723632812
275,42,940.9838256835938,818.755859375
275,43,922.8594970703125,802.9186401367188
275,44,905.4218139648438,787.3370361328125
275,50,977.7503662109375,818.1906127929688
275,51,959.134033203125,802.167236328125
275,52,941.0662841796875,786.8433227539062
275,53,923.4917602539062,771.8139038085938
276,0,980.3558349609375,981.7703857421875
276,1,959.3638916015625,963.5497436523438
276,2,938.9420776367188,945.1068725585938
276,3,918.843994140625,927.1361694335938
276,4,898.9987182617188,909.0217895507812
276,5,880.1710815429688,891.3610229492188
276,6,861.7435302734375,874.0836791992188
276,9,999.9310302734375,961.8671875
276,10,978.972412109375,943.8812255859375
276,11,958.3637084960938,926.2723999023438
276,12,938.3057250976562,908.69140625
276,13,918.4583129882812,891.183349609375
276,14,899.47509765625,873.9472045898438
276,18,1018.98974609375,942.3146362304688
276,21,957.45751953125,890.360595703125
276,22,937.5996704101562,873.2587890625
276,23,918.579833984375,856.3546752929688
276,27,1037.2386474609375,922.9549560546875
276,30,975.8782958984375,872.3089599609375
276,31,956.2678833007812,855.6984252929688
276,32,937.1843872070312,839.2897338867188
276,36,1055.2232666015625,903.67578125
276,39,994.1021118164062,854.1507568359375
276,40,974.31005859375,838.1235961914062
277,0,927.2110595703125,991.1412963867188
277,1,893.806396484375,960.3991088867188
277,2,861.335693359375,930.0428466796875
277,3,830.2963256835938,900.1864013671875
277,4,800.3733520507812,870.7799682617188
277,5,772.2564697265625,842.3478393554688
277,6,745.7192993164062,814.8378295898438
277,7,720.019775390625,788.0162353515625
277,8,695.9389038085938,762.1965942382812
277,9,957.3148803710938,957.2665405273438
277,10,923.17919921875,926.99462890625
277,11,890.3421020507812,897.072265625
277,12,858.5371704101562,867.6591796875
277,13,828.1301879882812,838.8358154296875
277,14,799.1787719726562,810.9120483398438
277,15,771.6538696289062,783.8167114257812
277,16,745.189208984375,757.640625
277,17,720.6651611328125,732.6178588867188
277,18,987.6771240234375,922.485107421875
277,19,953.0311279296875,892.6981201171875
277,20,919.436767578125,863.2350463867188
277,21,887.1785888671875,834.4942016601562
277,22,856.0271606445312,806.210205078125
277,23,826.2811889648438,778.91015625
277,24,797.9105224609375,752.36083984375
277,25,771.14404296875,726.985595703125
277,26,746.2701416015625,702.923095703125
277,27,1017.9703979492188,886.8926391601562
277,28,982.7448120117188,857.6917724609375
277,29,948.506103515625,828.7313842773438
277,30,915.7516479492188,800.5852661132812
277,31,884.03076171875,773.0631713867188
277,32,853.9117431640625,746.567626953125
277,33,824.9202880859375,720.8635864257812
277,34,797.6162719726562,696.2055053710938
277,35,772.1346435546875,673.0343017578125
277,36,1047.9891357421875,850.5188598632812
277,37,1012.3412475585938,821.8538208007812
277,38,977.74755859375,793.74169921875
277,39,944.2363891601562,766.2142944335938
277,40,912.123291015625,739.6381225585938
277,41,881.3328857421875,713.8270263671875
277,42,851.8399047851562,688.9313354492188
277,43,824.085693359375,665.1724243164062
277,44,797.9466552734375,642.8018798828125
277,45,1077.3516845703125,814.1480102539062
277,46,1041.4222412109375,785.9210205078125
277,47,1006.42578125,758.603271484375
277,48,972.6215209960938,731.8992919921875
277,49,940.0189208984375,706.1000366210938
277,50,908.6570434570312,681.0784301757812
277,51,878.6241455078125,656.99951171875
277,52,850.2052612304688,634.1349487304688
277,53,823.5064697265625,612.692626953125
277,54,1106.220947265625,777.7741088867188
277,55,1070.0859375,750.3839111328125
277,56,1034.849365234375,723.7052612304688
277,57,1000.58203125,697.7816162109375
277,58,967.4285278320312,672.6348876953125
277,59,935.7817993164062,648.573486328125
277,60,905.49560546875,625.655517578125
277,61,876.4940185546875,603.4664306640625
277,62,849.0682983398438,582.7933959960938
278,0,980.4202270507812,986.30859375
278,1,959.2482299804688,967.963134765625
278,2,938.2191162109375,949.8502197265625
278,3,918.0322265625,931.9571533203125
278,4,898.0932006835938,913.9805297851562
278,5,878.9537963867188,896.46875
278,6,860.1786499023438,879.0028686523438
278,7,841.965087890625,861.9104614257812
278,9,999.7149047851562,966.0360107421875
278,10,978.576171875,948.327392578125
278,11,957.8033447265625,930.81005859375
278,12,937.4581909179688,913.2296752929688
278,13,917.4937133789062,895.8501586914062
278,14,898.2691650390625,878.580322265625
278,18,1018.5951538085938,946.3228759765625
278,19,997.3544311523438,929.0092163085938
278,20,976.6578979492188,911.8050537109375
278,27,1036.7601318359375,926.74951171875
278,28,1015.7276000976562,909.800048828125
278,29,995.0433959960938,892.8551025390625
278,35,880.5756225585938,796.3219604492188
278,36,1054.6251220703125,907.1068725585938
278,37,1033.8258056640625,890.736083984375
278,38,1013.0220947265625,874.2195434570312
278,39,992.8859252929688,858.077880859375
278,45,1071.8870849609375,888.0156860351562
278,46,1051.0399169921875,871.8745727539062
278,54,1088.3193359375,869.37353515625
279,0,474.6313171386719,376.9785461425781
279,1,458.0664978027344,379.1005554199219
279,2,441.8271179199219,380.0922546386719
279,3,425.1187744140625,382.0658264160156
279,4,409.0273742675781,383.1332702636719
279,5,392.7874755859375,384.77703857421875
279,6,377.1438903808594,385.5489196777344
279,7,361.8029479980469,386.7796630859375
279,8,345.9699401855469,387.6828918457031
279,9,472.9717712402344,360.9160461425781
279,10,456.591064453125,362.9350280761719
279,11,439.9898376464844,364.4627380371094
279,12,423.7554016113281,365.9351806640625
279,13,407.1229248046875,367.59210205078125
279,14,390.8457946777344,368.9530334472656
279,15,375.59002685546875,370.08087158203125
279,16,359.7523498535156,370.98846435546875
279,17,344.9678039550781,371.88458251953125
279,18,471.1050109863281,345.0184631347656
279,19,454.7884216308594,346.70501708984375
279,20,438.1836853027344,347.92645263671875
279,21,421.3922424316406,350.10382080078125
279,22,405.8919372558594,351.1090087890625
279,23,389.6308288574219,353.1449279785156
279,24,374.0604553222656,353.8968811035156
279,25,358.2857971191406,355.19049072265625
279,26,343.1684875488281,356.22027587890625
279,27,469.16705322265625,328.0776062011719
279,28,452.83721923828125,330.1639709472656
279,29,436.58123779296875,331.88824462890625
279,30,420.3293151855469,333.9239501953125
279,31,404.16973876953125,335.0806579589844
279,32,388.1683044433594,336.58538818359375
279,33,372.56829833984375,337.75506591796875
279,34,357.03057861328125,339.1880798339844
279,35,341.9021301269531,340.75775146484375
279,36,467.2657470703125,310.7054748535156
279,37,451.1075439453125,313.6994323730469
279,38,434.7158508300781,315.881103515625
279,39,417.87200927734375,316.893310546875
279,40,402.71453857421875,319.2343444824219
279,41,386.1768493652344,320.93487548828125
279,42,370.6657409667969,322.2392883300781
279,43,355.60980224609375,323.8304748535156
279,44,340.6222839355469,325.28375244140625
279,45,465.8751525878906,295.6148986816406
279,46,449.2533874511719,297.4199523925781
279,47,433.0450439453125,299.72845458984375
279,48,416.9017333984375,301.20477294921875
279,49,401.17156982421875,302.8059997558594
279,50,384.5977478027344,304.97052001953125
279,51,369.77142333984375,306.1596374511719
279,52,353.9327697753906,308.1268615722656
279,53,339.74798583984375,309.1097412109375
279,54,463.7117614746094,279.2546081542969
279,55,447.8170471191406,281.9778747558594
279,56,431.5023193359375,283.1261291503906
279,57,415.268798828125,285.1502685546875
279,58,399.0965881347656,287.1533508300781
279,59,383.74127197265625,288.85546875
279,60,367.97161865234375,290.8045349121094
279,61,352.963134765625,292.54058837890625
279,62,338.0337829589844,294.19305419921875
280,0,894.7467651367188,1058.1461181640625
280,1,890.8007202148438,1025.0701904296875
280,2,886.8262939453125,992.162841796875
280,3,883.197998046875,959.3922729492188
280,4,879.53515625,926.700439453125
280,5,876.08251953125,894.6386108398438
280,6,873.0260620117188,862.8922119140625
280,7,869.7604370117188,831.6444091796875
280,8,866.7002563476562,800.7945556640625
280,9,928.9998779296875,1054.3446044921875
280,10,924.78515625,1021.257080078125
280,11,920.666748046875,988.5035400390625
280,12,916.7255249023438,955.7923583984375
280,13,912.771240234375,923.14697265625
280,14,909.055908203125,891.023681640625
280,15,905.2959594726562,859.2651977539062
280,16,901.6666259765625,827.9639282226562
280,17,898.1519775390625,797.2249755859375
280,18,963.2404174804688,1049.902099609375
280,19,958.9129028320312,1017.2018432617188
280,20,954.3721313476562,984.2572631835938
280,21,950.1712646484375,951.8032836914062
280,22,945.9219970703125,919.109619140625
280,23,941.8259887695312,886.9765625
280,24,937.7014770507812,855.3109130859375
280,25,933.7103881835938,824.1435546875
280,26,929.810791015625,793.77685546875
280,27,997.7174682617188,1045.0888671875
280,28,992.9556274414062,1012.4082641601562
280,29,988.1634521484375,979.7969970703125
280,30,983.6376953125,947.086181640625
280,31,978.9739379882812,914.6038818359375
280,32,974.3646240234375,882.8452758789062
280,33,969.9153442382812,851.3310546875
280,34,965.3475341796875,820.1203002929688
280,35,961.1539306640625,789.9989624023438
280,36,1031.680419921875,1039.8104248046875
280,37,1026.8284912109375,1007.2650146484375
280,38,1021.7894287109375,974.5987548828125
280,39,1016.9796752929688,942.2415161132812
280,40,1011.7994384765625,910.0643920898438
280,41,1006.916015625,878.26318359375
280,42,1002.1565551757812,846.8455810546875
280,43,997.2244262695312,816.0254516601562
280,44,992.3966064453125,785.9512329101562
280,45,1065.2176513671875,1033.93603515625
280,46,1060.009033203125,1001.429931640625
280,47,1054.9140625,969.3656616210938
280,48,1049.8924560546875,937.091796875
280,49,1044.4381103515625,904.9733276367188
280,50,1038.8739013671875,873.1948852539062
280,51,1033.9039306640625,842.1734008789062
280,52,1028.6279296875,811.4011840820312
280,53,1023.36376953125,781.5988159179688
280,54,1098.1009521484375,1027.7420654296875
280,55,1092.93603515625,995.5200805664062
280,56,1087.648193359375,963.3441772460938
280,57,1082.058837890625,931.5369262695312
280,58,1076.481201171875,899.5671997070312
280,59,1070.961669921875,868.1824340820312
280,60,1065.1788330078125,837.2509765625
280,61,1059.6982421875,806.7609252929688
280,62,1054.015869140625,777.1265869140625
281,0,900.4696044921875,1053.38525390625
281,1,893.71435546875,1022.8216552734375
281,2,886.8226928710938,992.3338623046875
281,3,880.3129272460938,962.2999877929688
281,4,873.9797973632812,932.5068969726562
281,5,867.9540405273438,903.2685546875
281,6,862.1198120117188,874.7948608398438
281,7,856.64111328125,846.5008544921875
281,8,851.2713012695312,818.8297729492188
281,9,932.5707397460938,1046.4234619140625
281,10,925.2571411132812,1016.099853515625
281,11,918.276123046875,985.7955932617188
281,12,911.376708984375,955.9777221679688
281,13,904.5956420898438,926.2969360351562
281,14,898.2250366210938,897.2197265625
281,15,891.9439697265625,868.5848999023438
281,16,885.7896118164062,840.4743041992188
281,17,879.8985595703125,813.1976928710938
281,18,964.3175659179688,1039.2347412109375
281,19,956.8486938476562,1009.0257568359375
281,20,949.4968872070312,978.949462890625
281,21,942.1561279296875,949.2062377929688
281,22,934.99609375,919.7203979492188
281,23,928.0856323242188,890.9498291015625
281,24,921.5484619140625,862.310546875
281,25,915.053466796875,834.5894775390625
281,26,908.8197631835938,807.52099609375
281,27,996.0277709960938,1031.6688232421875
281,28,988.1708984375,1001.5230102539062
281,29,980.3347778320312,971.7813720703125
281,30,972.5889282226562,942.0538330078125
281,31,965.2725219726562,912.8724975585938
281,32,958.1143188476562,884.2163696289062
281,33,950.9926147460938,856.040283203125
281,34,944.0269165039062,828.283935546875
281,35,937.3713989257812,801.5380249023438
281,36,1027.3695068359375,1023.3786010742188
281,37,1019.34033203125,993.7941284179688
281,38,1011.150634765625,963.8907470703125
281,39,1003.4053344726562,934.6428833007812
281,40,995.210205078125,905.5831298828125
281,41,987.7857666015625,877.2342529296875
281,42,980.3536987304688,849.1931762695312
281,43,973.1033325195312,821.8423461914062
281,44,965.77587890625,795.2125244140625
281,45,1058.1951904296875,1015.205810546875
281,46,1049.876708984375,985.336669921875
281,47,1041.4349365234375,956.0159301757812
281,48,1033.2000732421875,926.9739990234375
281,49,1025.054443359375,898.2964477539062
281,50,1016.883056640625,869.9913330078125
281,51,1009.3021240234375,842.2762451171875
281,52,1001.4232177734375,815.0440063476562
281,53,993.8844604492188,788.8265991210938
281,54,1088.31982421875,1006.5767211914062
281,55,1079.864501953125,977.2210693359375
281,56,1071.3665771484375,948.0521240234375
281,57,1062.7733154296875,919.2354125976562
281,58,1054.2271728515625,890.654296875
281,59,1045.882080078125,862.6724243164062
281,60,1037.765625,835.2528686523438
281,61,1029.630615234375,808.4605712890625
281,62,1021.5037841796875,782.2528686523438
282,0,980.3637084960938,986.2772827148438
282,1,959.2093505859375,968.0339965820312
282,2,938.2460327148438,949.85498046875
282,3,918.0185546875,931.9207763671875
282,4,898.0569458007812,913.989501953125
282,5,878.9292602539062,896.3989868164062
282,9,999.7593994140625,966.0778198242188
282,10,978.640380859375,948.3909912109375
282,11,957.82861328125,930.8340454101562
282,12,937.457275390625,913.200927734375
282,13,917.579833984375,895.8262939453125
282,14,898.1906127929688,878.62060546875
282,15,879.4354248046875,861.7029418945312
282,16,861.0418701171875,844.7191772460938
282,18,1018.4722290039062,946.365478515625
282,19,997.3631591796875,929.0565795898438
282,20,976.6615600585938,911.8154296875
282,27,1036.79541015625,926.7539672851562
282,28,1015.7906494140625,909.8347778320312
282,29,995.0664672851562,892.8697509765625
282,36,1054.7301025390625,907.046142578125
282,39,992.8820190429688,857.9911499023438
282,40,972.9525756835938,842.064453125
282,41,953.5328369140625,826.0821533203125
282,45,1071.8359375,888.007568359375
282,48,1010.2945556640625,840.1529541015625
282,49,990.4176635742188,824.5570068359375
282,50,971.1420288085938,809.1470947265625
282,54,1088.3172607421875,869.4158325195312
283,0,927.8629150390625,995.4658813476562
283,1,893.8430786132812,964.4197998046875
283,2,860.9795532226562,933.7550659179688
283,3,829.6195678710938,903.6288452148438
283,4,799.2520751953125,873.8746948242188
283,5,770.817626953125,845.23583984375
283,6,743.964111328125,817.4273681640625
283,7,718.0576171875,790.390625
283,8,693.9461669921875,764.2860107421875
283,9,958.1610107421875,961.1380615234375
283,10,923.6448974609375,930.523193359375
283,11,890.3036499023438,900.2031860351562
283,12,858.0271606445312,870.6670532226562
283,13,827.259765625,841.4716186523438
283,14,797.9611206054688,813.3016357421875
283,15,770.0838623046875,785.9837036132812
283,16,743.3811645507812,759.623046875
283,17,718.64013671875,734.49609375
283,18,988.9656372070312,925.8106079101562
283,19,953.7401733398438,895.7080688476562
283,20,919.6759643554688,865.9340209960938
283,21,886.9620971679688,836.9500732421875
283,22,855.3699951171875,808.351318359375
283,23,825.2982788085938,780.9033203125
283,24,796.5403442382812,754.1721801757812
283,25,769.6193237304688,728.5528564453125
283,26,744.486083984375,704.4190673828125
283,27,1019.4442749023438,889.6871337890625
283,28,983.7874145507812,860.0933837890625
283,29,949.0262451171875,830.9053955078125
283,30,915.765625,802.566162109375
283,31,883.54931640625,774.8211059570312
283,32,853.1834106445312,748.0100708007812
283,33,823.8557739257812,722.223876953125
283,34,796.1862182617188,697.4600830078125
283,35,770.5860595703125,674.0814819335938
283,36,1049.854736328125,852.6577758789062
283,37,1013.7598266601562,823.8029174804688
283,38,978.5095825195312,795.4028930664062
283,39,944.6016235351562,767.6530151367188
283,40,912.0210571289062,740.9451293945312
283,41,880.82666015625,714.9105834960938
283,42,850.879638671875,689.873046875
283,43,823.0335693359375,666.0393676757812
283,44,796.6123657226562,643.6533203125
283,45,1079.447509765625,815.6742553710938
283,46,1043.022216796875,787.2568969726562
283,47,1007.494384765625,759.6715698242188
283,48,973.1375732421875,732.8875122070312
283,49,940.0576782226562,706.9874877929688
283,50,908.2333374023438,681.7504272460938
283,51,877.9956665039062,657.5174560546875
283,52,849.2713623046875,634.669677734375
283,53,822.3178100585938,613.0607299804688
283,54,1108.7000732421875,778.7627563476562
283,55,1071.958740234375,751.1122436523438
283,56,1036.1390380859375,724.28173828125
283,57,1001.4227294921875,698.2173461914062
283,58,967.7095336914062,672.9075927734375
283,59,935.650146484375,648.780517578125
283,60,904.9795532226562,625.7073364257812
283,61,875.753173828125,603.6105346679688
283,62,848.0514526367188,582.8604736328125
284,0,479.735595703125,374.65802001953125
284,1,464.1842346191406,376.0268859863281
284,2,448.1311340332031,376.69635009765625
284,3,431.60772705078125,377.7738037109375
284,4,415.9644470214844,377.8506774902344
284,5,400.6745910644531,377.56658935546875
284,6,384.5802001953125,377.99859619140625
284,7,369.77301025390625,377.5989074707031
284,9,479.1552734375,360.2828063964844
284,10,462.77520751953125,361.025634765625
284,11,447.1669616699219,361.8287658691406
284,12,431.7052307128906,362.00372314453125
284,13,415.64471435546875,362.85430908203125
284,14,400.4920654296875,362.608642578125
284,15,385.39544677734375,362.76611328125
284,16,370.1227111816406,362.4254455566406
284,18,477.7569274902344,345.01409912109375
284,19,462.5284118652344,345.78173828125
284,20,446.74346923828125,346.5529479980469
284,21,431.8890686035156,346.6278076171875
284,22,415.27642822265625,347.73974609375
284,23,400.8197021484375,347.69390869140625
284,24,385.82080078125,348.19415283203125
284,25,370.6524658203125,348.0718078613281
284,27,476.2330017089844,330.9245300292969
284,28,461.7620849609375,330.2376403808594
284,29,445.9027099609375,332.02923583984375
284,30,431.32373046875,332.8162536621094
284,31,415.8806457519531,332.916259765625
284,32,400.8072204589844,333.2574768066406
284,33,385.7546691894531,333.848876953125
284,34,370.7909851074219,333.80157470703125
284,35,356.88525390625,333.8690185546875
284,36,475.71343994140625,316.0538024902344
284,37,461.0648193359375,316.5325012207031
284,38,445.2530212402344,317.79876708984375
284,39,431.2128601074219,318.0708923339844
284,40,416.0007019042969,318.97314453125
284,41,401.1813049316406,318.9579162597656
284,42,386.0711669921875,319.0028076171875
284,45,475.02081298828125,302.34814453125
284,46,459.60760498046875,303.037841796875
284,47,445.7276611328125,303.2023010253906
284,48,430.65625,303.2557678222656
284,49,416.0269470214844,304.83636474609375
284,50,400.4921569824219,305.1552734375
284,54,473.79730224609375,288.7372741699219
284,57,429.7342834472656,291.0495300292969
284,58,415.7660827636719,290.3157958984375
284,59,401.30682373046875,291.8038635253906
285,0,495.4689025878906,373.8998107910156
285,1,481.8838195800781,373.6033020019531
285,2,467.2887268066406,373.9360656738281
285,3,453.6676940917969,373.739990234375
285,4,438.3641357421875,373.0713806152344
285,5,425.24993896484375,372.63897705078125
285,6,410.2653503417969,372.2951354980469
285,11,467.4212646484375,361.0438537597656
285,12,453.7986755371094,360.37481689453125
285,13,439.76641845703125,360.2417297363281
285,14,425.4198913574219,359.978515625
285,15,411.8325500488281,359.7680358886719
285,20,467.1578369140625,348.1285705566406
285,21,453.71466064453125,348.1745910644531
285,22,439.56561279296875,348.0154113769531
285,25,399.4234924316406,346.2313232421875
285,26,385.80816650390625,346.08062744140625
285,29,466.7709045410156,336.5355529785156
285,30,453.6221618652344,336.02789306640625
285,31,440.47662353515625,335.67919921875
285,34,400.3311462402344,334.7546081542969
285,35,387.269775390625,334.26141357421875
285,39,453.970703125,324.40576171875
285,40,440.55828857421875,324.03656005859375
285,41,427.2868957519531,324.06805419921875
285,42,414.31329345703125,323.2203369140625
285,49,440.5097961425781,313.1773986816406
285,50,428.0538024902344,312.34002685546875
286,0,584.6762084960938,271.41900634765625
286,1,569.7948608398438,272.9509582519531
286,2,554.2020874023438,275.6324768066406
286,3,538.6105346679688,277.9580078125
286,4,522.0394897460938,279.716552734375
286,5,505.19500732421875,282.05548095703125
286,6,489.33172607421875,283.3857116699219
286,9,579.7391967773438,261.5704040527344
286,10,564.8221435546875,262.91058349609375
286,13,519.1326293945312,268.5979919433594
286,14,503.1556091308594,270.4925231933594
286,15,487.30877685546875,272.6864318847656
286,22,515.8034057617188,258.9135437011719
286,23,500.7947082519531,261.1004333496094
286,24,484.9104919433594,262.657958984375
286,25,468.42742919921875,263.137939453125
286,31,513.2282104492188,249.60855102539062
286,32,498.15521240234375,251.3982391357422
286,41,496.10369873046875,243.20750427246094
287,0,500.1508483886719,235.74940490722656
287,1,484.4092712402344,237.58383178710938
287,2,467.1819152832031,239.03680419921875
287,3,450.9069519042969,240.67291259765625
287,4,433.6706848144531,241.9928741455078
287,5,416.2465515136719,243.85552978515625
287,6,398.97308349609375,245.8829803466797
287,7,381.35260009765625,247.73248291015625
287,8,363.7138671875,249.1549835205078
287,9,496.0519104003906,226.87734985351562
287,10,480.1225280761719,227.96327209472656
287,11,464.40679931640625,229.8819580078125
287,12,447.763671875,231.10861206054688
287,13,431.3904724121094,232.95115661621094
287,14,414.7516784667969,234.56890869140625
287,15,398.2097473144531,235.70823669433594
287,16,381.0022277832031,237.3889923095703
287,18,491.492919921875,217.88363647460938
287,21,445.5594177246094,222.24220275878906
287,22,429.5798645019531,223.55990600585938
288,0,965.4212036132812,984.8475341796875
288,1,945.5294799804688,963.8641967773438
288,2,926.2059936523438,943.0682983398438
288,3,907.5576782226562,923.0140991210938
288,4,889.3035888671875,902.8701171875
288,5,872.05029296875,883.3251953125
288,6,855.2093505859375,864.3118286132812
288,9,988.3916015625,965.1983642578125
288,10,968.35302734375,944.7813720703125
288,11,948.769775390625,924.8428344726562
288,12,930.0672607421875,905.0390014648438
288,13,911.6243896484375,885.5709228515625
288,14,893.9774169921875,866.2719116210938
288,18,1010.9600830078125,945.9801025390625
288,19,990.6456298828125,926.0131225585938
288,20,970.9434204101562,906.3773803710938
288,21,951.9872436523438,887.2108764648438
288,22,933.3778686523438,868.1766357421875
288,23,915.3596801757812,849.4317626953125
288,26,865.5054931640625,796.3648681640625
288,27,1032.8507080078125,926.73046875
288,28,1012.4296875,907.1929321289062
288,29,992.7464599609375,887.9566650390625
288,30,973.456787109375,869.3660888671875
288,31,954.8876953125,850.9171142578125
288,32,936.8527221679688,832.9483032226562
288,33,919.3257446289062,815.1007690429688
288,34,902.43408203125,797.8495483398438
288,35,886.1989135742188,781.3135375976562
288,36,1054.221435546875,907.0870361328125
288,37,1033.8946533203125,888.186767578125
288,38,1013.8572387695312,869.7879028320312
288,39,994.5409545898438,851.3363037109375
288,40,975.766357421875,833.614501953125
288,45,1075.0460205078125,888.0462646484375
288,46,1054.3602294921875,869.3073120117188
288,49,996.1438598632812,816.59619140625
288,55,1074.6336669921875,851.2141723632812
288,58,1015.989013671875,799.2819213867188
288,59,997.5342407226562,783.0276489257812
289,0,504.2351379394531,318.93341064453125
289,1,490.3277893066406,321.41912841796875
289,2,475.90447998046875,324.1198425292969
289,3,461.0538024902344,327.4129943847656
289,4,446.1202392578125,330.0235595703125
289,5,431.066162109375,331.95733642578125
289,6,416.0577697753906,335.17718505859375
289,7,400.61138916015625,338.0996398925781
289,8,386.14544677734375,339.99737548828125
289,9,501.8829040527344,304.3999328613281
289,10,487.44317626953125,306.92822265625
289,11,473.1513977050781,309.6410827636719
289,12,458.3054504394531,312.3346862792969
289,13,443.0696105957031,315.03717041015625
289,14,428.3606262207031,317.6274719238281
289,15,413.359130859375,320.2242126464844
289,16,398.058349609375,322.9546203613281
289,17,383.49029541015625,325.2649230957031
289,18,499.2501525878906,288.9610595703125
289,19,484.8736877441406,292.17620849609375
289,20,470.28826904296875,294.6896057128906
289,21,455.7270812988281,297.6260681152344
289,22,440.1272888183594,300.3116760253906
289,25,395.19342041015625,308.3647766113281
289,26,379.83740234375,310.009521484375
289,27,496.5983581542969,274.7618713378906
289,28,482.1194152832031,276.94927978515625
289,29,467.2668762207031,280.1955871582031
289,30,451.94329833984375,281.88006591796875
289,31,438.2247619628906,285.1385498046875
289,34,393.0660705566406,293.0983581542969
289,35,378.36700439453125,295.0624694824219
289,36,493.8091125488281,260.375244140625
289,37,479.1061096191406,262.99169921875
289,38,464.971923828125,265.0788269042969
289,39,450.1796569824219,268.0805358886719
289,40,435.16912841796875,269.9854736328125
289,41,420.13336181640625,273.1213684082031
289,42,405.3297424316406,275.74334716796875
289,43,390.6241455078125,278.8378601074219
289,44,375.73834228515625,281.0805358886719
289,45,490.9273376464844,246.13241577148438
289,46,476.129638671875,248.37940979003906
289,47,460.7660217285156,249.7232666015625
289,48,447.133544921875,252.94679260253906
289,49,432.47216796875,255.8336639404297
289,50,417.6883544921875,258.52490234375
289,51,402.6752624511719,261.1175231933594
289,52,388.0068359375,263.52105712890625
289,53,373.4581604003906,266.304931640625
289,54,487.6707763671875,231.84230041503906
289,55,473.6856384277344,234.11361694335938
289,56,459.0832824707031,236.0143280029297
289,57,444.7640380859375,238.98092651367188
289,58,430.0643615722656,241.18128967285156
289,59,415.2147521972656,243.64227294921875
289,60,400.3680725097656,246.093505859375
289,61,385.5900573730469,249.54954528808594
289,62,370.9564208984375,252.0654296875
290,0,927.0521240234375,987.148681640625
290,1,894.00830078125,956.859619140625
290,2,862.0448608398438,926.9036865234375
290,3,831.390869140625,897.2890625
290,4,801.90087890625,868.3319702148438
290,5,774.0259399414062,840.2676391601562
290,6,747.8005981445312,813.0408935546875
290,7,722.4541015625,786.6311645507812
290,8,698.6939697265625,761.258544921875
290,9,956.8699951171875,953.640380859375
290,10,923.1123657226562,923.658935546875
290,11,890.8203125,894.2745361328125
290,12,859.425048828125,865.2673950195312
290,13,829.4876708984375,836.770263671875
290,14,800.834228515625,809.1455688476562
290,15,773.6184692382812,782.449951171875
290,16,747.484375,756.5938720703125
290,17,723.2946166992188,731.9385986328125
290,18,986.933349609375,919.1557006835938
290,19,952.7869262695312,889.7706298828125
290,20,919.7446899414062,860.8662719726562
290,21,887.8282470703125,832.3781127929688
290,22,857.0623779296875,804.5398559570312
290,23,827.7537841796875,777.642822265625
290,24,799.7921752929688,751.5170288085938
290,25,773.3160400390625,726.4149780273438
290,26,748.8609619140625,702.751708984375
290,27,1016.8543090820312,884.11181640625
290,28,982.1256103515625,855.18017578125
290,29,948.3624877929688,826.8096313476562
290,30,916.090576171875,799.087890625
290,31,884.8652954101562,771.9310913085938
290,32,855.1243286132812,745.8464965820312
290,33,826.4373779296875,720.3591918945312
290,34,799.6679077148438,696.1303100585938
290,35,774.4937744140625,673.2316284179688
290,36,1046.4671630859375,848.1915893554688
290,37,1011.459716796875,820.02685546875
290,38,977.3436279296875,792.3135986328125
290,39,944.4083251953125,765.15380859375
290,40,912.6647338867188,738.9290161132812
290,41,882.3638916015625,713.5343627929688
290,42,853.20556640625,688.96337890625
290,43,825.8492431640625,665.6038818359375
290,44,800.0516357421875,643.5288696289062
290,45,1075.474365234375,812.4022216796875
290,46,1040.177490234375,784.7192993164062
290,47,1005.7898559570312,757.604736328125
290,48,972.3465576171875,731.442626953125
290,49,940.1876831054688,706.0148315429688
290,50,909.264892578125,681.302978515625
290,51,879.8228759765625,657.5853881835938
290,52,851.8195190429688,635.0885009765625
290,53,825.2537231445312,613.8543701171875
290,54,1103.965576171875,776.6539916992188
290,55,1068.4716796875,749.6114501953125
290,56,1033.73486328125,723.3956909179688
290,57,1000.0862426757812,697.9093017578125
290,58,967.2882080078125,673.0277099609375
290,59,936.0951538085938,649.3749389648438
290,60,906.243896484375,626.8070678710938
290,61,877.7562255859375,604.9247436523438
290,62,850.798095703125,584.4490966796875
291,0,997.0897827148438,977.6340942382812
291,1,968.6650390625,953.1573486328125
291,2,941.0459594726562,929.1563720703125
291,3,914.44775390625,905.5032348632812
291,4,888.708740234375,882.0064697265625
291,5,864.1748657226562,859.41015625
291,6,840.826416015625,837.5237426757812
291,7,818.1727905273438,815.8778686523438
291,8,796.7763061523438,794.9064331054688
291,9,1023.142333984375,950.06640625
291,10,994.6179809570312,926.4708251953125
291,11,967.091064453125,903.5035400390625
291,12,940.2557373046875,880.6131591796875
291,13,914.5606079101562,858.076416015625
291,14,889.8369140625,836.0938720703125
291,15,866.0088500976562,814.7477416992188
291,16,843.1173706054688,793.6605834960938
291,17,821.323486328125,773.6541748046875
291,18,1048.1661376953125,923.2202758789062
291,19,1019.8565063476562,900.5337524414062
291,20,992.1856689453125,878.0399169921875
291,21,965.5189819335938,856.1080932617188
291,22,939.66064453125,834.325439453125
291,23,914.4266357421875,813.0221557617188
291,24,890.500244140625,792.2315063476562
291,25,867.4905395507812,772.1947631835938
291,26,845.6981201171875,753.3116455078125
291,27,1072.365478515625,896.7222290039062
291,28,1044.0146484375,874.6595458984375
291,29,1016.5421752929688,852.7772827148438
291,30,989.724609375,831.81005859375
291,31,963.7803344726562,810.901123046875
291,32,938.7796630859375,790.7060546875
291,33,914.75634765625,770.54296875
291,34,891.6821899414062,751.3438720703125
291,35,869.3890380859375,733.1068725585938
291,36,1095.7738037109375,870.1981811523438
291,37,1067.42919921875,849.0737915039062
291,38,1040.01904296875,828.166748046875
291,39,1013.3653564453125,807.5533447265625
291,40,987.2760009765625,787.751953125
291,41,962.2459106445312,768.1631469726562
291,42,938.009521484375,748.9186401367188
291,43,914.82177734375,730.576416015625
291,44,892.438720703125,713.0392456054688
291,45,1117.6966552734375,844.8817749023438
291,46,1089.8206787109375,824.0324096679688
291,47,1062.646484375,804.0567016601562
291,48,1035.84814453125,784.1757202148438
291,49,1009.8878784179688,765.157958984375
291,50,984.987548828125,746.1383666992188
291,51,960.6867065429688,727.6416625976562
291,52,937.2800903320312,710.0054931640625
291,53,914.9649047851562,693.0216674804688
291,54,1138.71044921875,820.0352783203125
291,55,1111.1383056640625,800.1488647460938
291,56,1084.032470703125,780.6591796875
291,57,1057.58935546875,761.5726928710938
291,58,1031.6768798828125,742.97705078125
291,59,1006.8905029296875,724.832275390625
291,60,982.5126342773438,707.2886352539062
291,61,959.1995849609375,690.218994140625
291,62,936.7396850585938,673.9091186523438
292,0,938.6167602539062,986.9172973632812
292,1,907.6762084960938,960.1226806640625
292,2,877.7271728515625,933.629150390625
292,3,848.9349975585938,907.4196166992188
292,4,821.1036987304688,881.7399291992188
292,5,794.954833984375,856.8989868164062
292,6,770.02978515625,832.72900390625
292,7,745.9448852539062,809.1812133789062
292,8,723.2636108398438,786.3721313476562
292,9,965.789306640625,955.2379150390625
292,10,934.406005859375,928.9324340820312
292,11,904.2111206054688,903.1113891601562
292,12,874.9393920898438,877.6106567382812
292,13,846.8505859375,852.5672607421875
292,14,819.9083251953125,828.19677734375
292,15,794.3698120117188,804.6756591796875
292,16,769.6770629882812,781.5348510742188
292,17,746.6476440429688,759.6687622070312
292,18,992.950439453125,923.1770629882812
292,19,961.1549072265625,897.5537719726562
292,20,930.4473876953125,872.163818359375
292,21,900.986083984375,847.3506469726562
292,22,872.2002563476562,823.0302124023438
292,23,844.9486694335938,799.2764282226562
292,24,818.7237548828125,776.1719970703125
292,25,793.8480224609375,754.1002197265625
292,26,770.5018920898438,732.9520263671875
292,27,1019.5767211914062,890.7621459960938
292,28,987.6317749023438,865.7584838867188
292,29,956.4656372070312,840.9157104492188
292,30,926.6517333984375,816.9783935546875
292,31,897.6409301757812,793.2328491210938
292,32,870.046875,770.3941650390625
292,33,843.373046875,748.2092895507812
292,34,818.13037109375,726.622314453125
292,35,794.3489379882812,706.48583984375
292,36,1045.8887939453125,857.963623046875
292,37,1013.7267456054688,833.6190185546875
292,38,982.3314819335938,809.5984497070312
292,39,951.9288940429688,786.1465454101562
292,40,922.8134765625,763.4400634765625
292,41,894.8163452148438,741.2684326171875
292,42,867.8480834960938,719.640380859375
292,43,842.2454223632812,699.197021484375
292,44,817.9962158203125,679.6377563476562
292,45,1071.4202880859375,825.4288940429688
292,46,1039.0616455078125,801.5487060546875
292,47,1007.6363525390625,778.2797241210938
292,48,977.0402221679688,755.7078247070312
292,49,947.5966796875,733.7430419921875
292,50,918.974609375,712.3023071289062
292,51,891.8316040039062,691.4725952148438
292,52,865.8330688476562,671.7687377929688
292,53,841.2269287109375,652.8890991210938
292,54,1096.177001953125,793.28515625
292,55,1063.9036865234375,770.1041259765625
292,56,1032.209228515625,747.5895385742188
292,57,1001.5780029296875,725.5931396484375
292,58,971.62158203125,704.2960815429688
292,59,943.1821899414062,683.7598266601562
292,60,915.7611083984375,663.930908203125
292,61,889.3099365234375,644.8782958984375
292,62,864.1721801757812,626.6359252929688
293,0,490.0637512207031,345.7142028808594
293,1,474.9349060058594,348.388671875
293,2,458.8211364746094,351.2873229980469
293,3,443.7626953125,353.79876708984375
293,4,426.69537353515625,356.3961181640625
293,5,412.0511474609375,357.9035339355469
293,6,396.0853271484375,360.4041748046875
293,7,380.03216552734375,363.1138916015625
293,8,365.10955810546875,365.0085144042969
293,9,488.1082458496094,330.02484130859375
293,10,472.60089111328125,332.98931884765625
293,11,457.1478576660156,335.33697509765625
293,12,441.1356506347656,338.01055908203125
293,13,425.2464599609375,340.05084228515625
293,14,408.9508972167969,343.00299072265625
293,15,393.30419921875,345.3924560546875
293,16,377.894775390625,347.29400634765625
293,17,362.5728759765625,349.27227783203125
293,18,485.65386962890625,313.6754150390625
293,19,470.1618347167969,317.11962890625
293,20,454.6644287109375,319.6846923828125
293,21,437.89031982421875,322.7028503417969
293,22,422.79132080078125,323.8821105957031
293,25,375.4053649902344,331.847900390625
293,26,360.02313232421875,333.7023010253906
293,27,482.230224609375,298.20556640625
293,28,467.84112548828125,301.2953796386719
293,29,451.75836181640625,304.1709899902344
293,30,436.1675720214844,305.779541015625
293,31,420.0855712890625,309.18182373046875
293,34,372.8348388671875,316.0097351074219
293,35,357.8322448730469,318.2255859375
293,36,479.9698181152344,283.6847839355469
293,37,464.06878662109375,285.1864013671875
293,38,449.7713928222656,287.8816223144531
293,39,433.6590881347656,290.94281005859375
293,40,417.5783386230469,293.2713928222656
293,41,402.1263122558594,295.16827392578125
293,42,385.94732666015625,298.0150451660156
293,43,369.9339599609375,300.8509521484375
293,44,355.07843017578125,302.5527648925781
293,45,478.1402282714844,267.70184326171875
293,46,462.08935546875,270.3987121582031
293,47,446.9830322265625,272.5849304199219
293,48,430.91864013671875,275.10784912109375
293,49,415.621826171875,277.03216552734375
293,50,399.8916015625,280.05950927734375
293,51,384.1672668457031,282.3359069824219
293,52,368.22430419921875,284.7530212402344
293,53,353.1150207519531,286.9913330078125
293,54,475.2919616699219,252.21180725097656
293,55,460.10711669921875,254.13682556152344
293,56,443.8836975097656,257.23468017578125
293,57,428.8784484863281,259.3983459472656
293,58,413.0815734863281,261.96868896484375
293,59,397.3418884277344,263.81085205078125
293,60,381.73846435546875,266.25189208984375
293,61,366.1495361328125,269.1819152832031
293,62,350.9600830078125,271.1983337402344
294,0,980.4187622070312,986.2477416992188
294,1,959.2075805664062,968.018310546875
294,2,938.2547607421875,949.8961791992188
294,3,918.0361938476562,931.9631958007812
294,4,898.05224609375,914.0169067382812
294,9,999.6312255859375,966.074462890625
294,10,978.5812377929688,948.3463745117188
294,11,957.791259765625,930.7862548828125
294,12,937.4736328125,913.1632690429688
294,13,917.5397338867188,895.8351440429688
294,18,1018.5346069335938,946.2679443359375
294,19,997.400634765625,929.0770874023438
294,20,976.6116943359375,911.7969360351562
294,23,917.05859375,860.9728393554688
294,27,1036.74951171875,926.7990112304688
294,28,1015.736572265625,909.838134765625
294,29,995.1008911132812,892.9095458984375
294,32,935.623779296875,843.5330810546875
294,36,1054.65966796875,907.1278076171875
294,37,1033.8011474609375,890.6851806640625
294,38,1013.009765625,874.2506103515625
294,39,992.8814086914062,858.0416259765625
294,40,972.9533081054688,842.1439819335938
294,41,953.6927490234375,826.0904541015625
294,45,1071.8538818359375,888.004150390625
294,46,1051.0372314453125,871.7861328125
294,47,1030.3192138671875,855.91162109375
294,48,1010.2564697265625,840.1177978515625
294,49,990.4761962890625,824.7440185546875
294,50,971.1568603515625,809.1232299804688
294,54,1088.250244140625,869.4529418945312
295,2,574.0580444335938,287.9803161621094
295,3,558.7643432617188,291.6369934082031
295,4,543.2672729492188,294.5861511230469
295,5,527.7385864257812,298.0195617675781
295,6,512.1458740234375,300.3885803222656
295,7,496.7182312011719,304.0953063964844
295,8,480.6235046386719,306.79150390625
295,9,599.0922241210938,269.9841613769531
295,10,584.542236328125,273.04693603515625
295,11,569.3125,275.90625
295,12,555.0968017578125,279.74029541015625
295,13,540.2410888671875,282.6126403808594
295,14,525.0126953125,285.5695495605469
295,15,508.50982666015625,287.7549133300781
295,16,494.6382141113281,291.29730224609375
295,17,479.2225646972656,294.7198486328125
295,18,593.9415893554688,259.0977478027344
295,19,580.39208984375,262.2190856933594
295,20,565.8881225585938,265.4684753417969
295,21,551.6475219726562,268.57861328125
295,22,536.99755859375,271.56927490234375
295,25,493.13232421875,279.580810546875
295,26,478.2097473144531,282.5699462890625
295,31,534.1515502929688,261.0228271484375
295,34,490.8047790527344,269.2309875488281
295,35,477.05706787109375,272.3401794433594
295,43,489.4669189453125,259.2303466796875
295,44,475.69049072265625,262.0931091308594
295,52,487.5702209472656,249.20535278320312
296,0,990.3640747070312,707.0466918945312
296,1,968.2206420898438,676.8121337890625
296,2,945.7600708007812,646.0830688476562
296,3,923.189453125,615.1314086914062
296,4,900.3671875,583.9066772460938
296,5,877.6573486328125,552.9176635742188
296,6,855.1051025390625,522.0333251953125
296,7,832.7957153320312,491.27764892578125
296,8,810.8126831054688,460.9901428222656
296,9,1020.2886352539062,684.2711181640625
296,10,998.3132934570312,654.0274658203125
296,11,976.1458129882812,623.4472045898438
296,12,953.7357788085938,592.584228515625
296,13,931.0662231445312,561.4888305664062
296,14,908.5254516601562,530.6278076171875
296,15,886.0824584960938,499.9281921386719
296,16,863.7421875,469.18072509765625
296,17,841.778076171875,439.2071838378906
296,18,1049.3616943359375,661.7913818359375
296,19,1027.9193115234375,631.5895385742188
296,20,1005.9631958007812,601.0463256835938
296,21,983.929443359375,570.384033203125
296,22,961.4247436523438,539.4383544921875
296,23,939.1658325195312,508.6817626953125
296,24,916.9312133789062,478.16436767578125
296,25,894.5946044921875,447.8704833984375
296,26,872.488525390625,418.4447021484375
296,27,1078.0806884765625,639.5518188476562
296,28,1056.976806640625,609.5172119140625
296,29,1035.5775146484375,579.07275390625
296,30,1013.50634765625,548.5707397460938
296,31,991.3506469726562,518.001708984375
296,32,969.177001953125,487.49945068359375
296,33,947.2066040039062,457.23876953125
296,34,924.862548828125,427.2469482421875
296,35,902.8951416015625,398.1136779785156
296,36,1106.409423828125,617.6133422851562
296,37,1085.5833740234375,587.73193359375
296,38,1064.304443359375,557.4329833984375
296,39,1042.875,527.1786499023438
296,40,1020.763916015625,496.7965393066406
296,41,998.8839111328125,466.6812744140625
296,42,976.9710083007812,436.59814453125
296,43,954.92626953125,407.1512756347656
296,44,932.834716796875,378.36639404296875
296,45,1133.8193359375,596.2011108398438
296,46,1113.50048828125,566.4991455078125
296,47,1092.575927734375,536.4564208984375
296,48,1071.33837890625,506.4512634277344
296,49,1049.486572265625,476.4333190917969
296,50,1027.891845703125,446.51885986328125
296,51,1006.1431884765625,416.8064880371094
296,52,984.1952514648438,387.6421203613281
296,53,962.2311401367188,359.1713562011719
296,54,1159.9481201171875,575.4971313476562
296,55,1140.1524658203125,546.0044555664062
296,56,1119.7674560546875,516.210693359375
296,57,1098.9456787109375,486.4214172363281
296,58,1077.5703125,456.4805603027344
296,59,1056.0506591796875,427.0761413574219
296,60,1034.4052734375,397.7839050292969
296,61,1012.71826171875,369.0567321777344
296,62,990.989990234375,340.940185546875
297,0,863.6522216796875,1080.858154296875
297,1,864.2727661132812,1043.25048828125
297,2,865.0551147460938,1004.8272094726562
297,3,865.9501342773438,965.5226440429688
297,4,866.761962890625,925.3984375
297,5,867.9112548828125,884.9797973632812
297,6,869.28466796875,844.521240234375
297,7,870.2269897460938,803.7550048828125
297,8,871.935791015625,763.3538818359375
297,9,903.6757202148438,1084.7001953125
297,10,904.50830078125,1046.7086181640625
297,11,905.4346313476562,1007.8509521484375
297,12,906.381591796875,968.159912109375
297,13,907.3823852539062,927.480712890625
297,14,908.166748046875,886.6580810546875
297,15,909.2254638671875,845.7764892578125
297,16,910.21923828125,804.4903564453125
297,17,911.2833251953125,763.5689697265625
297,18,944.3020629882812,1087.3892822265625
297,19,945.5658569335938,1049.283935546875
297,20,946.63671875,1010.161865234375
297,21,947.6328125,970.13134765625
297,22,948.5328979492188,929.1703491210938
297,23,949.3637084960938,888.149169921875
297,24,950.228271484375,846.8345947265625
297,25,951.0806884765625,805.1648559570312
297,26,951.9901123046875,763.9528198242188
297,27,985.8988647460938,1089.9219970703125
297,28,987.2014770507812,1051.4119873046875
297,29,988.3209838867188,1012.076904296875
297,30,989.4686889648438,971.7081298828125
297,31,990.4089965820312,930.547607421875
297,32,991.2918090820312,889.01025390625
297,33,991.8228149414062,847.3716430664062
297,34,992.573974609375,805.2907104492188
297,35,992.955322265625,763.969482421875
297,36,1028.0255126953125,1091.4681396484375
297,37,1029.48095703125,1052.9234619140625
297,38,1030.8382568359375,1013.038818359375
297,39,1031.886474609375,972.7591552734375
297,40,1032.887451171875,931.0245361328125
297,41,1033.751220703125,889.3535766601562
297,42,1034.260986328125,847.326171875
297,43,1034.7120361328125,805.2772216796875
297,44,1034.95068359375,763.5403442382812
297,45,1070.0863037109375,1092.39208984375
297,46,1071.781982421875,1053.61181640625
297,47,1073.269287109375,1013.7826538085938
297,48,1074.5389404296875,973.0034790039062
297,49,1075.4061279296875,931.166015625
297,50,1076.190185546875,889.2297973632812
297,51,1076.671630859375,847.2216186523438
297,52,1076.7764892578125,804.7863159179688
297,53,1076.5521240234375,762.9346923828125
297,54,1112.211669921875,1092.033447265625
297,55,1114.0911865234375,1053.431396484375
297,56,1115.8548583984375,1013.4554443359375
297,57,1117.001220703125,972.7451782226562
297,58,1118.0198974609375,930.8465576171875
297,59,1118.646484375,888.8557739257812
297,60,1118.90234375,846.44482421875
297,61,1118.77978515625,804.1809692382812
297,62,1118.3173828125,762.0379638671875
298,0,495.79119873046875,336.23223876953125
298,1,480.82232666015625,339.4788513183594
298,2,465.28631591796875,342.1451110839844
298,3,450.0737609863281,344.6481628417969
298,4,434.05816650390625,347.4931945800781
298,5,419.1443176269531,349.7275695800781
298,6,403.00189208984375,352.1427307128906
298,7,387.9500427246094,354.304931640625
298,8,372.5774230957031,356.0652160644531
298,9,493.40997314453125,321.8529052734375
298,10,478.2439270019531,324.1672668457031
298,11,463.2695007324219,326.6521911621094
298,12,447.5002136230469,329.80548095703125
298,13,432.13311767578125,331.7064514160156
298,14,416.1835632324219,334.47772216796875
298,15,401.013427734375,336.880615234375
298,16,385.0537109375,339.0948791503906
298,17,370.47467041015625,341.89263916015625
298,18,491.0142822265625,305.9983215332031
298,19,476.1036376953125,308.7036437988281
298,20,460.3984069824219,311.70343017578125
298,21,445.35430908203125,314.23583984375
298,22,429.74298095703125,316.1346435546875
298,23,414.12579345703125,318.75579833984375
298,24,398.1614990234375,321.44097900390625
298,25,383.0932922363281,323.7225341796875
298,26,367.3217468261719,326.0037841796875
298,27,488.2502746582031,291.2721252441406
298,28,473.45440673828125,293.2425231933594
298,29,458.4432678222656,296.390625
298,30,442.3531494140625,298.9254455566406
298,31,427.30499267578125,300.5868835449219
298,32,411.36810302734375,303.6378479003906
298,33,396.1081848144531,305.6999816894531
298,34,380.2267761230469,308.28253173828125
298,35,365.2383117675781,310.06134033203125
298,36,486.03521728515625,275.5240173339844
298,37,471.451416015625,278.2618408203125
298,38,455.6560974121094,280.4029846191406
298,39,440.6894226074219,282.7156982421875
298,40,424.5274353027344,285.63226318359375
298,41,409.17291259765625,288.1315002441406
298,42,393.53460693359375,290.24676513671875
298,43,378.1104431152344,292.4759521484375
298,44,363.0135192871094,295.16424560546875
298,47,453.5310974121094,265.3798522949219
298,48,437.6175537109375,267.74017333984375
298,49,422.3674011230469,269.54107666015625
298,50,406.811767578125,272.5339050292969
298,51,391.3026123046875,274.6615905761719
298,52,375.4533996582031,277.29864501953125
298,53,360.5344543457031,279.89471435546875
298,56,450.6468811035156,249.98727416992188
298,57,435.4234313964844,252.21725463867188
298,58,419.2113952636719,254.84898376464844
298,59,404.1291809082031,256.9966125488281
298,60,389.00213623046875,259.1588134765625
298,61,373.20611572265625,262.1734619140625
298,62,358.3523254394531,264.0476379394531
299,0,996.1087646484375,936.5436401367188
299,1,955.75048828125,914.3259887695312
299,2,916.7113647460938,892.4766235351562
299,3,879.3991088867188,870.9783935546875
299,4,843.83349609375,849.2077026367188
299,5,810.1410522460938,828.9082641601562
299,6,778.3409423828125,808.8443603515625
299,7,748.1454467773438,789.033447265625
299,8,719.8494873046875,770.1632690429688
299,9,1019.8034057617188,902.8546752929688
299,10,980.1388549804688,882.09912109375
299,11,942.0282592773438,861.9700317382812
299,12,905.4212036132812,841.4618530273438
299,13,870.2185668945312,821.7946166992188
299,14,836.8314819335938,802.2109985351562
299,15,805.1190185546875,783.142333984375
299,16,774.9924926757812,764.3656616210938
299,17,746.7619018554688,746.9666137695312
299,18,1041.3616943359375,871.3939819335938
299,19,1002.927978515625,851.9180908203125
299,20,965.5228881835938,832.7091674804688
299,21,929.6353149414062,813.958984375
299,22,894.9469604492188,795.2874145507812
299,23,861.9601440429688,776.825927734375
299,24,830.5541381835938,758.4810791015625
299,25,800.8607788085938,741.3596801757812
299,26,772.4774169921875,725.5087890625
299,27,1061.5758056640625,841.6264038085938
299,28,1024.01708984375,823.2066040039062
299,29,987.6228637695312,804.6901245117188
299,30,952.4048461914062,787.2579956054688
299,31,918.3709716796875,769.7551879882812
299,32,885.9375,752.8865356445312
299,33,854.8746948242188,735.6956787109375
299,34,825.21240234375,719.6913452148438
299,35,796.9486083984375,704.6415405273438
299,36,1080.31689453125,812.81103515625
299,37,1043.885986328125,795.6337890625
299,38,1008.2395629882812,778.7063598632812
299,39,973.8731079101562,761.5426025390625
299,40,940.2918701171875,745.6513061523438
299,41,908.55322265625,729.5008544921875
299,42,877.9439697265625,713.4130249023438
299,43,848.4014282226562,698.7145385742188
299,44,820.5967407226562,684.3627319335938
299,45,1097.6317138671875,786.0089721679688
299,46,1062.1307373046875,769.3671875
299,47,1027.641357421875,753.348876953125
299,48,994.0078125,737.6460571289062
299,49,961.119384765625,722.6722412109375
299,50,929.7313232421875,707.1785888671875
299,51,899.6798706054688,692.0734252929688
299,52,870.63232421875,678.1400146484375
299,53,842.8375854492188,664.8187255859375
299,54,1113.4400634765625,761.5266723632812
299,55,1079.0718994140625,745.3450317382812
299,56,1045.2099609375,730.2312622070312
299,57,1012.8056640625,715.07275390625
299,58,980.445068359375,700.5214233398438
299,59,949.7699584960938,686.3283081054688
299,60,920.0331420898438,672.4352416992188
299,61,891.2805786132812,659.1104736328125
299,62,863.821044921875,646.2939453125
300,0,835.7138061523438,898.6013793945312
300,1,830.758544921875,856.8930053710938
300,2,825.4163818359375,814.3409423828125
300,3,820.6477661132812,771.4337768554688
300,4,815.8519287109375,728.0977172851562
300,5,811.4292602539062,685.1909790039062
300,6,807.4766845703125,642.6260375976562
300,7,803.4447021484375,600.5670166015625
300,8,799.9409790039062,558.974609375
300,9,877.5040283203125,896.4768676757812
300,10,872.1380004882812,853.8671264648438
300,11,867.288330078125,811.0296020507812
300,12,862.2200927734375,767.4285888671875
300,13,857.3685302734375,723.4449462890625
300,14,852.673828125,680.1051025390625
300,15,848.2310791015625,636.8749389648438
300,16,843.6203002929688,593.9083251953125
300,17,839.7196655273438,552.397705078125
300,18,920.0728149414062,893.4341430664062
300,19,915.105712890625,850.587890625
300,20,909.86279296875,806.7902221679688
300,21,904.9736328125,763.0171508789062
300,22,899.7484741210938,718.4249267578125
300,23,895.0286865234375,674.489013671875
300,24,890.0345458984375,630.8486938476562
300,25,885.5867919921875,587.7191772460938
300,26,881.1127319335938,545.6768798828125
300,27,964.0687866210938,889.9431762695312
300,28,958.7579956054688,846.4577026367188
300,29,953.8832397460938,802.4021606445312
300,30,948.6253051757812,758.2329711914062
300,31,943.6514282226562,713.3645629882812
300,32,938.2966918945312,668.7119140625
300,33,933.057373046875,625.0203247070312
300,34,928.0670166015625,581.2412719726562
300,35,923.376220703125,539.218994140625
300,36,1008.2556762695312,885.9166259765625
300,37,1003.658203125,842.087646484375
300,38,998.5098266601562,797.89990234375
300,39,993.3949584960938,752.901611328125
300,40,987.6884155273438,707.5999755859375
300,41,982.5213623046875,662.97314453125
300,42,976.9953002929688,618.512451171875
300,43,971.7059326171875,574.8541870117188
300,44,966.2257690429688,532.5115966796875
300,45,1053.130126953125,881.388671875
300,46,1048.278076171875,837.2720336914062
300,47,1043.517333984375,792.6585693359375
300,48,1038.13037109375,747.5446166992188
300,49,1032.7935791015625,702.0985107421875
300,50,1027.0142822265625,657.0662231445312
300,51,1021.0780029296875,612.4892578125
300,52,1015.494873046875,568.4949340820312
300,53,1009.4180908203125,526.024658203125
300,55,1093.6990966796875,831.7483520507812
300,56,1088.5198974609375,787.1400146484375
300,57,1083.2999267578125,741.6973266601562
300,58,1077.787353515625,696.281005859375
300,59,1071.7314453125,650.8988037109375
300,60,1065.734130859375,606.2915649414062
300,61,1059.1964111328125,562.2018432617188
300,62,1052.79541015625,519.3643798828125
301,0,505.12298583984375,311.91571044921875
301,1,491.13409423828125,314.64068603515625
301,2,476.26116943359375,317.3046569824219
301,3,461.66522216796875,320.5701904296875
301,4,446.7431335449219,323.2041931152344
301,7,402.1131286621094,330.9916076660156
301,8,387.08599853515625,333.6290283203125
301,9,502.33123779296875,297.22027587890625
301,10,487.9831237792969,300.1758117675781
301,13,444.1192321777344,308.0067138671875
301,16,399.2674865722656,316.0899353027344
301,17,384.2046813964844,319.09747314453125
301,18,499.32281494140625,282.7301330566406
301,19,485.2427673339844,285.0408020019531
301,22,441.1676330566406,293.22723388671875
301,23,426.2832946777344,296.18780517578125
301,24,411.70208740234375,298.8771057128906
301,25,396.7305908203125,301.683349609375
301,26,382.11505126953125,303.8708801269531
301,27,496.39971923828125,268.25201416015625
301,28,482.1430969238281,270.510009765625
301,29,468.0174865722656,273.3356018066406
301,30,452.84881591796875,276.24560546875
301,31,438.35552978515625,278.9164123535156
301,32,423.6320495605469,281.57647705078125
301,33,408.9010925292969,284.2637939453125
301,34,394.1219177246094,286.4046630859375
301,35,378.69793701171875,288.78033447265625
301,36,493.552734375,253.89891052246094
301,37,479.3119201660156,256.1165771484375
301,38,464.66290283203125,258.96051025390625
301,39,450.4493103027344,261.3208923339844
301,40,435.7787170410156,264.2232360839844
301,41,421.1136779785156,266.77984619140625
301,42,406.1944885253906,268.8023986816406
301,43,390.7679443359375,271.8994140625
301,44,377.1620178222656,274.308349609375
301,45,490.4929504394531,239.8051300048828
301,46,476.3044128417969,241.31423950195312
301,47,462.0939636230469,244.65859985351562
301,48,447.2762451171875,247.1194305419922
301,49,433.1627197265625,250.15646362304688
301,50,418.2615966796875,251.75511169433594
301,51,403.8530578613281,255.14926147460938
301,52,389.1347351074219,257.3986511230469
301,53,375.15447998046875,260.7342224121094
301,54,487.1991882324219,225.5419464111328
301,55,473.4277648925781,227.72784423828125
301,56,459.0381774902344,230.27671813964844
301,57,444.96746826171875,233.1596221923828
301,58,430.1374206542969,235.3632049560547
301,59,416.0938720703125,238.210693359375
301,60,401.3472900390625,240.55984497070312
301,61,387.0887451171875,243.63992309570312
301,62,372.15887451171875,246.85719299316406
302,0,483.7959899902344,372.4018859863281
302,1,467.9673156738281,372.88055419921875
302,2,452.5301208496094,372.2362976074219
302,3,436.3912658691406,373.62518310546875
302,4,421.6471862792969,373.3980712890625
302,5,406.1087341308594,373.52227783203125
302,6,391.0697326660156,373.76544189453125
302,7,375.9009094238281,372.7937927246094
302,8,360.55047607421875,372.4637451171875
302,9,482.37933349609375,357.7471618652344
302,10,467.4963073730469,358.0483703613281
302,11,451.614990234375,358.96124267578125
302,12,436.9295654296875,358.7147521972656
302,13,421.9697265625,358.6343078613281
302,14,406.8264465332031,359.41607666015625
302,15,391.6313781738281,359.2048645019531
302,16,376.5022888183594,358.5880432128906
302,18,481.6729431152344,343.9494934082031
302,19,466.8641357421875,344.3747253417969
302,20,451.846435546875,344.0977783203125
302,21,436.74578857421875,344.6470642089844
302,22,422.10162353515625,345.0354309082031
302,23,407.1959533691406,344.8906555175781
302,24,392.0643310546875,344.6119689941406
302,25,377.4485778808594,345.0286560058594
302,27,480.8868103027344,329.52264404296875
302,28,465.5713806152344,330.8561096191406
302,29,451.4004821777344,330.82879638671875
302,30,436.73480224609375,330.3244323730469
302,31,421.7594299316406,331.4693298339844
302,32,406.2799072265625,331.70745849609375
302,36,479.3558349609375,316.86358642578125
302,39,436.8435363769531,317.7993469238281
302,40,421.2679443359375,318.3115234375
302,45,478.69268798828125,304.06536865234375
302,49,421.5567321777344,305.61199951171875
302,58,422.1356506347656,292.66693115234375
303,0,980.3809204101562,986.1796264648438
303,1,959.1843872070312,968.0402221679688
303,2,938.2371215820312,949.9317626953125
303,3,917.978515625,931.9366455078125
303,4,898.1177368164062,914.0069580078125
303,9,999.7254638671875,966.0599365234375
303,10,978.557861328125,948.373779296875
303,11,957.810546875,930.7891235351562
303,12,937.46826171875,913.1582641601562
303,13,917.538330078125,895.8425903320312
303,16,861.0947265625,844.7342529296875
303,18,1018.4530639648438,946.3386840820312
303,19,997.4417724609375,929.0068359375
303,20,976.6405029296875,911.8374633789062
303,27,1036.848388671875,926.7857666015625
303,28,1015.7657470703125,909.7788696289062
303,29,994.9666748046875,892.8900756835938
303,36,1054.6715087890625,907.0887451171875
303,37,1033.7301025390625,890.696533203125
303,38,1013.0404052734375,874.3569946289062
303,39,992.8301391601562,858.0236206054688
303,40,972.982421875,842.0721435546875
303,45,1071.8170166015625,888.0311889648438
303,46,1051.015869140625,871.84228515625
303,47,1030.3846435546875,855.9263916015625
303,48,1010.3014526367188,840.1193237304688
303,54,1088.246337890625,869.412109375
304,4,439.60595703125,377.2871398925781
304,5,426.69415283203125,376.2543640136719
304,6,413.6289978027344,375.04443359375
304,13,440.9884338378906,365.4576416015625
304,14,427.9444274902344,364.3760986328125
304,15,415.1332092285156,363.2633361816406
304,19,479.8880310058594,356.4690246582031
304,23,429.3740539550781,352.8065490722656
304,24,416.8210754394531,351.3825378417969
304,25,404.28472900390625,350.1565856933594
304,32,430.5127258300781,341.2409973144531
304,35,393.2689514160156,338.80133056640625
304,41,431.49188232421875,330.993896484375
304,44,395.2596435546875,327.7117614746094
305,0,898.0797119140625,1053.90673828125
305,1,892.9475708007812,1022.1646118164062
305,2,888.0332641601562,990.4896850585938
305,3,883.2147827148438,959.0303955078125
305,4,878.6566772460938,928.0
305,5,874.212158203125,897.3812866210938
305,6,870.0549926757812,867.5914916992188
305,7,865.9874877929688,837.9747924804688
305,8,862.2288208007812,809.2158203125
305,9,931.404541015625,1048.765380859375
305,10,925.8770751953125,1017.0579223632812
305,11,920.5589599609375,985.6690063476562
305,12,915.357666015625,954.2498779296875
305,13,910.5348510742188,923.2825317382812
305,14,905.596923828125,892.8727416992188
305,15,900.919921875,862.8896484375
305,16,896.4819946289062,833.3746337890625
305,17,892.0396728515625,804.6074829101562
305,18,964.5259399414062,1043.3115234375
305,19,958.7977294921875,1011.7569580078125
305,20,953.1829833984375,980.2365112304688
305,21,947.5383911132812,949.0902099609375
305,22,942.1856079101562,918.1666870117188
305,23,936.8839111328125,887.9046630859375
305,24,931.855224609375,857.9881591796875
305,25,926.8661499023438,828.65625
305,26,922.1113891601562,800.3168334960938
305,27,997.5408325195312,1037.2578125
305,28,991.4825439453125,1005.9315185546875
305,29,985.5122680664062,974.5957641601562
305,30,979.6137084960938,943.508544921875
305,31,973.8803100585938,912.6345825195312
305,32,968.140380859375,882.6641235351562
305,33,962.6533813476562,852.98046875
305,34,957.267333984375,823.9320678710938
305,35,952.0048828125,795.7706298828125
305,36,1030.16259765625,1030.878662109375
305,37,1024.06298828125,999.6167602539062
305,38,1017.5757446289062,968.390869140625
305,39,1011.634765625,937.4043579101562
305,40,1005.12060546875,906.9820556640625
305,41,999.1207885742188,876.973388671875
305,42,993.27001953125,847.3433227539062
305,43,987.408935546875,818.776611328125
305,44,981.7664794921875,790.64892578125
305,45,1062.814697265625,1023.9464721679688
305,46,1056.0567626953125,992.848388671875
305,47,1049.617919921875,961.9613037109375
305,48,1043.028564453125,931.3255004882812
305,49,1036.355224609375,901.0715942382812
305,50,1030.041015625,871.054443359375
305,51,1023.6353759765625,841.962158203125
305,52,1017.2296752929688,813.1465454101562
305,53,1011.00732421875,785.1586303710938
305,54,1094.3345947265625,1016.8795166015625
305,55,1087.7923583984375,985.8955688476562
305,56,1080.76806640625,955.0439453125
305,57,1074.029296875,924.8778076171875
305,58,1067.219482421875,894.6390991210938
305,59,1060.3421630859375,865.0198364257812
305,60,1053.6136474609375,836.0676879882812
305,61,1046.85009765625,807.6784057617188
305,62,1040.1656494140625,779.9683227539062
306,0,1034.1832275390625,675.606201171875
306,1,1007.7440185546875,648.4968872070312
306,2,981.0675659179688,621.1759033203125
306,3,954.5123291015625,594.341796875
306,4,928.14208984375,567.2607421875
306,5,902.21923828125,541.1135864257812
306,6,876.7650756835938,515.3339233398438
306,7,851.9132690429688,489.68194580078125
306,8,827.71826171875,464.80523681640625
306,9,1056.5150146484375,652.4703369140625
306,10,1030.3646240234375,625.9649047851562
306,11,1004.1911010742188,599.7850341796875
306,12,978.3925170898438,573.3482055664062
306,13,952.3880615234375,547.4395141601562
306,14,927.030517578125,521.6867065429688
306,15,902.1707153320312,496.4471130371094
306,16,877.6568603515625,471.4317626953125
306,17,853.7526245117188,447.3680419921875
306,18,1076.98974609375,630.711181640625
306,19,1051.8514404296875,604.9078979492188
306,20,1026.2547607421875,579.1593017578125
306,21,1001.02294921875,553.7803955078125
306,22,975.6275634765625,528.2842407226562
306,23,950.8995971679688,503.0788269042969
306,24,926.3872680664062,478.4149169921875
306,25,902.2117309570312,454.408447265625
306,26,878.3387451171875,431.5459289550781
306,27,1096.6478271484375,609.9013061523438
306,28,1072.0845947265625,584.5888061523438
306,29,1047.6156005859375,559.4137573242188
306,30,1022.4880981445312,534.6917724609375
306,31,997.8140258789062,510.1244812011719
306,32,973.301513671875,486.0123291015625
306,33,949.3336791992188,461.9945373535156
306,34,925.4786987304688,438.7720031738281
306,35,901.9570922851562,416.3967590332031
306,36,1115.6427001953125,589.716064453125
306,37,1091.44677734375,565.2536010742188
306,38,1067.2271728515625,540.863525390625
306,39,1043.124755859375,516.7271728515625
306,40,1018.6784057617188,492.9139099121094
306,41,994.9873046875,469.339599609375
306,42,971.4522094726562,445.9786071777344
306,43,947.7393798828125,423.6378479003906
306,44,924.753662109375,401.99560546875
306,45,1133.14794921875,570.9407958984375
306,46,1110.036376953125,546.8500366210938
306,47,1086.4154052734375,523.097412109375
306,48,1062.82275390625,499.5577087402344
306,49,1038.769287109375,476.5882263183594
306,50,1015.4684448242188,453.3592834472656
306,51,992.3894653320312,430.7569885253906
306,52,969.2174682617188,408.99169921875
306,53,946.451171875,387.8351745605469
306,54,1149.5186767578125,553.206298828125
306,55,1126.8924560546875,529.83544921875
306,56,1104.1295166015625,506.49261474609375
306,57,1081.1456298828125,483.5117492675781
306,58,1057.92138671875,460.8139343261719
307,0,505.30950927734375,304.70489501953125
307,1,491.25238037109375,307.290283203125
307,2,476.6595764160156,310.24017333984375
307,3,461.7449645996094,313.58172607421875
307,4,447.0535583496094,316.0362243652344
307,5,431.6680603027344,318.9878845214844
307,6,417.02410888671875,321.0924987792969
307,7,402.1329650878906,323.9885559082031
307,8,387.2514343261719,326.1958923339844
307,9,502.3614807128906,290.14556884765625
307,10,488.0803527832031,293.0677490234375
307,11,473.35589599609375,296.1846618652344
307,12,459.0030822753906,298.2538757324219
307,13,444.10516357421875,300.94140625
307,14,429.18621826171875,303.7625427246094
307,15,414.1103210449219,307.0954895019531
307,16,398.9112548828125,309.0282897949219
307,17,384.5012512207031,312.33258056640625
307,18,498.958740234375,275.1615905761719
307,19,485.0888977050781,278.07464599609375
307,20,470.86444091796875,281.3121032714844
307,21,456.2713317871094,284.11309814453125
307,22,441.2255554199219,286.59149169921875
307,23,426.6345520019531,289.61956787109375
307,24,411.50115966796875,292.3352355957031
307,25,397.1478576660156,294.02117919921875
307,26,382.0991516113281,297.7487487792969
307,27,496.1260681152344,262.14288330078125
307,28,481.8748779296875,264.1168212890625
307,29,467.8039855957031,266.9163818359375
307,30,453.01397705078125,269.05975341796875
307,31,438.48492431640625,272.28021240234375
307,32,423.370849609375,275.29351806640625
307,33,409.29803466796875,277.6947021484375
307,34,394.7270812988281,280.6781311035156
307,35,380.0903625488281,283.155517578125
307,36,492.7784423828125,247.9535675048828
307,39,450.0946044921875,255.57257080078125
307,40,435.31292724609375,258.4473876953125
307,41,421.1767578125,260.7400817871094
307,42,406.8806457519531,263.61370849609375
307,43,392.3418273925781,266.13055419921875
307,44,378.0107421875,268.9482727050781
307,45,489.5485534667969,234.18118286132812
307,48,447.134765625,241.5400390625
307,49,433.0716857910156,244.4536895751953
307,50,418.6712646484375,246.91036987304688
307,51,404.20068359375,249.69895935058594
307,52,389.9811706542969,252.18972778320312
307,53,375.89892578125,255.30206298828125
307,54,486.1896667480469,221.11903381347656
307,55,472.5722961425781,223.12652587890625
307,56,458.5948791503906,225.76515197753906
307,57,444.7728576660156,228.20651245117188
307,58,430.1842346191406,230.56561279296875
307,59,416.1090087890625,233.61431884765625
307,60,402.1489562988281,236.06263732910156
307,61,388.1123962402344,238.8069305419922
307,62,373.3929748535156,241.84889221191406
308,2,472.03814697265625,258.6978454589844
308,3,455.7942199707031,259.9942626953125
308,4,438.97686767578125,262.5677185058594
308,5,422.08795166015625,264.79852294921875
308,6,405.7047119140625,266.4268493652344
308,7,389.1039123535156,268.5727233886719
308,8,372.6187744140625,270.5711364746094
308,11,468.23931884765625,247.89059448242188
308,12,452.7160339355469,249.29849243164062
308,17,371.7513732910156,258.23504638671875
308,21,450.2164611816406,239.0570526123047
308,27,490.8210754394531,224.51036071777344
308,30,447.0368957519531,229.6713104248047
308,33,402.63995361328125,234.97438049316406
308,37,473.1476135253906,217.61276245117188
308,38,458.8870544433594,218.92269897460938
308,42,400.9380187988281,225.8922119140625
309,0,503.65667724609375,260.34356689453125
309,3,457.086181640625,266.7642517089844
309,4,440.6416015625,268.5874328613281
309,7,391.5184020996094,275.616943359375
309,8,374.87982177734375,277.370361328125
309,9,499.23297119140625,249.62026977539062
309,12,453.5843505859375,255.62161254882812
309,13,438.273193359375,257.2323303222656
309,17,374.6907043457031,265.8932800292969
309,18,495.34771728515625,239.03660583496094
309,19,481.0434875488281,240.90232849121094
309,20,466.18389892578125,243.10678100585938
309,21,451.130859375,244.80352783203125
309,22,435.43743896484375,246.91079711914062
309,27,491.43145751953125,229.81893920898438
309,28,477.0410461425781,230.87998962402344
309,29,463.19708251953125,232.62918090820312
309,30,448.17254638671875,234.05442810058594
309,31,433.51519775390625,236.87977600097656
309,39,446.2575378417969,225.06619262695312
309,40,431.1267395019531,226.98623657226562
310,2,927.7070922851562,943.2015380859375
310,3,909.134033203125,923.0030517578125
310,4,890.9359741210938,902.9445190429688
310,5,873.5580444335938,883.65380859375
310,6,856.8392333984375,864.66650390625
310,9,990.0217895507812,965.3046875
310,10,969.9345092773438,944.7643432617188
310,11,950.3056030273438,924.7630615234375
310,12,931.5380859375,905.0680541992188
310,13,913.1826171875,885.6927490234375
310,14,895.4979248046875,866.7518920898438
310,15,878.4494018554688,848.1452026367188
310,18,1012.36328125,945.9052124023438
310,19,992.2057495117188,926.0054931640625
310,20,972.578125,906.4251098632812
310,23,917.025146484375,849.8271484375
310,24,899.688232421875,831.4201049804688
310,25,883.1019897460938,813.9190673828125
310,27,1034.267578125,926.4141235351562
310,28,1013.968994140625,907.1199340820312
310,29,994.1719970703125,887.9791259765625
310,33,920.7649536132812,815.4243774414062
310,34,903.912841796875,798.2509155273438
310,35,887.698486328125,781.8889770507812
310,36,1055.77197265625,906.9274291992188
310,39,996.0394897460938,851.453125
310,42,941.3810424804688,799.2959594726562
310,43,924.1925659179688,782.922607421875
310,44,907.93359375,766.9287719726562
310,45,1076.3690185546875,887.8826904296875
310,48,1016.5532836914062,833.9653930664062
310,51,961.397216796875,783.1666259765625
310,52,944.1876831054688,767.1842041015625
310,54,1096.3297119140625,869.1358032226562
310,55,1076.0546875,851.2592163085938
310,56,1055.8966064453125,833.7811279296875
310,57,1036.3245849609375,816.68212890625
311,0,832.4969482421875,914.8480224609375
311,1,828.0253295898438,873.1998901367188
311,2,823.8796997070312,831.0450439453125
311,3,819.6321411132812,788.0277709960938
311,4,815.4614868164062,744.0574340820312
311,5,812.0249633789062,700.8678588867188
311,6,808.8220825195312,657.6546630859375
311,7,805.389892578125,614.9002075195312
311,8,802.8119506835938,572.6047973632812
311,9,874.0899047851562,913.8418579101562
311,10,869.6785888671875,871.7554321289062
311,11,865.7125854492188,828.73046875
311,12,861.4498291015625,785.0866088867188
311,13,857.6103515625,740.7770385742188
311,14,853.733642578125,696.9115600585938
311,15,849.8814086914062,653.2072143554688
311,16,846.1825561523438,609.4589233398438
311,17,843.1612548828125,566.7874145507812
311,18,916.90576171875,912.2779541015625
311,19,912.762939453125,869.6498413085938
311,20,908.4597778320312,825.806640625
311,21,904.6627197265625,782.0160522460938
311,22,900.2960205078125,737.0739135742188
311,23,896.4368286132812,692.7621459960938
311,24,892.4271240234375,648.4462280273438
311,25,888.5160522460938,604.2621459960938
311,26,885.0863647460938,561.264404296875
311,27,961.0038452148438,909.8892822265625
311,28,956.630126953125,866.8323364257812
311,29,952.6648559570312,823.03955078125
311,30,948.6908569335938,778.4539794921875
311,31,944.569091796875,733.2224731445312
311,32,940.0841674804688,688.0864868164062
311,33,935.986572265625,643.509033203125
311,34,931.99755859375,599.1256103515625
311,35,927.9002685546875,556.014892578125
311,36,1005.2615356445312,907.443115234375
311,37,1001.7220458984375,863.7536010742188
311,38,997.6845703125,819.5454711914062
311,39,993.5744018554688,774.5691528320312
311,40,989.3411254882812,728.881103515625
311,41,985.0505981445312,683.6236572265625
311,42,980.5812377929688,638.567138671875
311,43,976.1519775390625,593.7944946289062
311,44,971.6004638671875,549.951171875
311,45,1050.316650390625,903.8789672851562
311,46,1046.8062744140625,860.330078125
311,47,1043.0938720703125,815.6612548828125
311,48,1038.9332275390625,770.2630004882812
311,49,1034.5694580078125,724.4066162109375
311,50,1030.1080322265625,678.8348388671875
311,51,1025.3341064453125,633.5525512695312
311,52,1020.4380493164062,588.3280639648438
311,53,1015.6242065429688,544.5787353515625
311,54,1095.1605224609375,899.8705444335938
311,55,1092.259765625,855.9896850585938
311,56,1088.522216796875,811.2562255859375
311,57,1084.5528564453125,765.9629516601562
311,58,1080.11474609375,719.7197265625
311,59,1075.434814453125,673.7893676757812
311,60,1070.6397705078125,628.4528198242188
311,61,1065.2855224609375,583.0676879882812
311,62,1060.0294189453125,539.2521362304688
312,0,889.9425659179688,1043.3955078125
312,1,877.0433349609375,1015.835205078125
312,2,864.647705078125,988.5060424804688
312,3,852.82421875,961.8818359375
312,4,840.9779052734375,935.3234252929688
312,5,829.99072265625,909.5065307617188
312,6,819.2965698242188,884.2977905273438
312,7,809.2119750976562,859.630859375
312,8,799.1804809570312,835.59765625
312,9,919.0093383789062,1030.7689208984375
312,10,905.7254028320312,1003.5361328125
312,11,893.06396484375,976.696533203125
312,12,880.7784423828125,950.0338745117188
312,13,868.837646484375,923.9630126953125
312,14,857.3653564453125,898.4786376953125
312,15,846.2348022460938,873.5501708984375
312,16,835.6838989257812,848.8536987304688
312,17,825.1219482421875,825.26025390625
312,18,947.7244262695312,1017.8983154296875
312,19,934.3424072265625,990.9733276367188
312,20,921.0999145507812,964.3470458984375
312,21,908.5554809570312,938.4866333007812
312,22,896.1527099609375,912.4559936523438
312,23,884.2094116210938,887.0940551757812
312,24,872.7286987304688,862.3154907226562
312,25,861.7467651367188,838.248046875
312,26,850.8389892578125,815.0122680664062
312,27,976.0296630859375,1004.7636108398438
312,28,962.3673095703125,978.21044921875
312,29,948.9985961914062,951.8539428710938
312,30,935.8779907226562,926.1094970703125
312,31,923.3045043945312,900.6929321289062
312,32,911.0369262695312,875.906005859375
312,33,899.1666259765625,851.2240600585938
312,34,887.6940307617188,827.53857421875
312,35,876.8899536132812,804.9288940429688
312,36,1004.44677734375,991.3925170898438
312,37,990.3073120117188,965.197265625
312,38,976.4957885742188,939.1629638671875
312,39,963.3002319335938,913.6738891601562
312,40,950.0556030273438,888.6919555664062
312,41,937.6089477539062,864.1363525390625
312,42,925.218505859375,840.1148071289062
312,43,913.6580200195312,816.7796630859375
312,44,902.10986328125,794.1888427734375
312,45,1031.901611328125,977.9428100585938
312,46,1017.6511840820312,951.8023681640625
312,47,1003.8114013671875,926.3668212890625
312,48,989.8638916015625,901.2913818359375
312,49,976.228271484375,876.6790161132812
312,50,963.92041015625,852.23583984375
312,51,951.17138671875,828.7955322265625
312,52,938.8228149414062,805.8109130859375
312,53,927.37109375,783.580810546875
312,54,1058.8070068359375,964.0677490234375
312,55,1044.3182373046875,938.7155151367188
312,56,1030.1976318359375,913.48779296875
312,57,1016.2269897460938,888.6888427734375
312,58,1002.4342041015625,864.291748046875
312,59,989.0891723632812,840.6679077148438
312,60,976.31298828125,817.2505493164062
313,0,884.275390625,1072.8031005859375
313,1,881.9451904296875,1037.810302734375
313,2,879.6542358398438,1002.6053466796875
313,3,877.4271850585938,966.9318237304688
313,4,875.3482055664062,931.1820678710938
313,5,873.445068359375,895.3592529296875
313,6,871.8484497070312,860.0773315429688
313,7,869.7254638671875,824.8252563476562
313,8,868.2052001953125,789.9644775390625
313,9,920.9707641601562,1071.4727783203125
313,10,918.5457153320312,1036.2208251953125
313,11,916.1724243164062,1000.8632202148438
313,12,913.90673828125,965.0765380859375
313,13,911.547119140625,929.1641845703125
313,14,909.32861328125,893.3075561523438
313,15,907.115478515625,857.7591552734375
313,16,904.9169921875,822.2953491210938
313,17,902.8584594726562,787.5492553710938
313,18,958.1060180664062,1069.349853515625
313,19,955.5393676757812,1034.263916015625
313,20,953.0416870117188,998.5805053710938
313,21,950.6063232421875,962.9359741210938
313,22,948.0390625,926.7734375
313,23,945.5357055664062,890.9601440429688
313,24,942.9373779296875,855.0828857421875
313,25,940.5543823242188,819.6356811523438
313,26,938.0220947265625,784.7041625976562
313,27,995.3312377929688,1066.7979736328125
313,28,992.7758178710938,1031.577880859375
313,29,990.1136474609375,995.9679565429688
313,30,987.4443359375,960.1451416015625
313,31,984.5787353515625,924.0657958984375
313,32,981.9468383789062,888.115234375
313,33,979.0564575195312,852.3316040039062
313,34,976.2657470703125,816.757080078125
313,35,973.3458251953125,782.0147705078125
313,36,1032.5899658203125,1063.5106201171875
313,37,1030.0604248046875,1028.2640380859375
313,38,1027.1282958984375,992.5018920898438
313,39,1024.42578125,956.787109375
313,40,1021.2827758789062,920.6763305664062
313,41,1018.3970947265625,884.70361328125
313,42,1015.2952270507812,849.0051879882812
313,43,1012.0888061523438,813.63525390625
313,44,1008.9287109375,778.7877807617188
313,45,1069.7984619140625,1059.72216796875
313,46,1066.958984375,1024.616943359375
313,47,1064.1409912109375,988.9500122070312
313,48,1061.0399169921875,953.1080932617188
313,49,1057.97998046875,916.9891357421875
313,50,1054.545654296875,881.0843505859375
313,51,1051.24609375,845.43505859375
313,52,1047.6182861328125,810.0757446289062
313,53,1043.976806640625,775.1864013671875
313,54,1106.2413330078125,1055.015625
313,55,1103.6041259765625,1020.0891723632812
313,56,1100.5087890625,984.693603515625
313,57,1097.556884765625,948.9130249023438
313,58,1094.1513671875,913.0205078125
313,59,1090.515625,877.2093505859375
313,60,1086.729736328125,841.5339965820312
313,61,1082.982421875,806.2196044921875
313,62,1078.8487548828125,771.4164428710938
314,0,504.75982666015625,277.994140625
314,1,490.2486267089844,280.63714599609375
314,2,475.03436279296875,281.9651794433594
314,3,459.71783447265625,285.09625244140625
314,4,444.1521911621094,286.8738708496094
314,5,427.6839599609375,288.8271484375
314,9,501.21759033203125,265.2265930175781
314,10,486.2729187011719,267.5379638671875
314,13,441.3692626953125,274.3558349609375
314,14,426.5990295410156,275.5032043457031
314,15,411.3035888671875,278.08489990234375
314,16,395.3782043457031,280.5762939453125
314,19,483.21832275390625,255.09584045410156
314,22,439.1155090332031,261.5461120605469
314,23,424.3399963378906,262.9275207519531
314,24,408.90557861328125,265.5533447265625
314,28,479.7615051269531,243.4569549560547
314,29,464.51446533203125,244.79299926757812
314,30,451.1701354980469,247.03890991210938
314,31,437.03387451171875,249.36553955078125
314,32,421.9397277832031,251.174072265625
314,33,407.94708251953125,253.42999267578125
314,39,448.2926330566406,236.01556396484375
314,40,434.3294372558594,237.8787384033203
314,41,420.2727966308594,239.77029418945312
314,42,406.0718688964844,241.50160217285156
314,48,446.1419372558594,224.382568359375
314,51,404.23699951171875,230.88235473632812
315,0,980.419189453125,986.2650146484375
315,1,959.1681518554688,967.9874877929688
315,2,938.2373046875,949.9000244140625
315,3,917.9586791992188,931.9824829101562
315,4,898.0762939453125,913.9644165039062
315,5,878.8368530273438,896.42431640625
315,8,824.5324096679688,844.96240234375
315,9,999.7838134765625,966.0499877929688
315,10,978.4877319335938,948.2678833007812
315,11,957.8383178710938,930.8184814453125
315,12,937.3929443359375,913.154052734375
315,13,917.489013671875,895.83203125
315,14,898.2457275390625,878.6216430664062
315,15,879.4259643554688,861.6414184570312
315,16,861.0819091796875,844.6961669921875
315,18,1018.5841674804688,946.3513793945312
315,19,997.3648681640625,929.0667114257812
315,20,976.7115478515625,911.7546997070312
315,27,1036.811279296875,926.7891235351562
315,28,1015.7676391601562,909.7765502929688
315,29,994.982421875,892.8821411132812
315,36,1054.686279296875,907.0968017578125
315,37,1033.7747802734375,890.658203125
315,38,1013.0123291015625,874.2564086914062
315,41,953.7321166992188,826.0894165039062
315,45,1071.755615234375,887.9993896484375
315,46,1051.01904296875,871.8056030273438
315,50,971.1265869140625,809.184814453125
315,54,1088.2073974609375,869.4164428710938
316,0,985.4055786132812,998.9996337890625
316,1,945.2048950195312,971.1582641601562
316,2,906.54248046875,943.7437133789062
316,3,869.869140625,916.7910766601562
316,4,834.6646118164062,890.10498046875
316,5,801.8704833984375,864.8198852539062
316,6,771.0162353515625,840.105224609375
316,7,741.8780517578125,816.1424560546875
316,8,714.6780395507812,793.231201171875
316,9,1015.2139892578125,960.520263671875
316,10,975.2208862304688,934.1070556640625
316,11,936.821044921875,908.2853393554688
316,12,900.0386962890625,882.7297973632812
316,13,864.9489135742188,857.8527221679688
316,14,831.8837280273438,833.4813232421875
316,15,800.6153564453125,810.0371704101562
316,16,770.970458984375,787.0703735351562
316,17,743.3506469726562,765.738037109375
316,18,1043.339599609375,923.3052978515625
316,19,1003.8223266601562,898.3261108398438
316,20,965.5986328125,873.7505493164062
316,21,929.0706176757812,849.7238159179688
316,22,893.9334106445312,826.01904296875
316,23,860.7543334960938,802.8778686523438
316,24,829.1893920898438,780.3888549804688
316,25,799.5997314453125,759.1644287109375
316,26,771.8255615234375,739.2885131835938
316,27,1069.9527587890625,887.1331787109375
316,28,1030.92822265625,863.4478759765625
316,29,993.0921020507812,839.827392578125
316,30,956.788818359375,817.3184814453125
316,31,921.7832641601562,795.0233154296875
316,32,888.729736328125,773.482421875
316,33,857.1112060546875,752.31591796875
316,34,827.2604370117188,732.25
316,35,799.2302856445312,713.6008911132812
316,36,1095.01904296875,851.7572631835938
316,37,1056.5777587890625,829.4158325195312
316,38,1019.1978149414062,807.4032592773438
316,39,983.2838745117188,785.7412719726562
316,40,948.413818359375,765.0073852539062
316,41,915.4930419921875,744.5811767578125
316,42,883.96142578125,724.5515747070312
316,43,854.0379028320312,705.9541625976562
316,44,825.8470458984375,688.1857299804688
316,45,1118.346435546875,818.1983642578125
316,46,1080.572998046875,796.584228515625
316,47,1043.8316650390625,775.8724365234375
316,48,1008.1895751953125,755.5490112304688
316,49,973.8194580078125,736.0433959960938
316,50,940.9496459960938,716.4969482421875
316,51,909.5114135742188,697.8005981445312
316,52,879.580810546875,680.1568603515625
316,53,851.389404296875,663.421630859375
316,54,1139.959228515625,786.4677124023438
316,55,1102.993408203125,766.0217895507812
316,56,1066.8896484375,746.1221313476562
316,57,1031.8563232421875,726.7432250976562
316,58,997.7364501953125,707.9596557617188
316,59,965.1380615234375,689.921630859375
316,60,934.0284423828125,672.5638427734375
316,61,904.17041015625,655.784912109375
316,62,875.8350219726562,639.8176879882812
317,2,931.1571044921875,943.516845703125
317,3,912.6180419921875,923.0808715820312
317,4,894.2081909179688,902.5972900390625
317,5,876.9296264648438,883.1964721679688
317,6,859.8848876953125,864.0454711914062
317,7,843.6521606445312,845.0590209960938
317,8,827.8876342773438,826.639404296875
317,9,993.5578002929688,966.1209716796875
317,10,973.608642578125,945.4279174804688
317,11,954.0269775390625,925.1514282226562
317,12,935.0015258789062,905.2221069335938
317,13,916.7305908203125,885.544189453125
317,14,898.9603271484375,866.3360595703125
317,15,881.8499755859375,847.5256958007812
317,16,865.1455688476562,828.9677124023438
317,18,1016.1625366210938,946.7039184570312
317,19,996.0599975585938,926.7698364257812
317,20,976.2882080078125,906.8277587890625
317,21,957.2198486328125,887.6192626953125
317,22,938.6298217773438,868.3958129882812
317,23,920.65625,849.482421875
317,24,903.2100219726562,831.09228515625
317,25,886.6376953125,813.133056640625
317,27,1038.1571044921875,927.2747802734375
317,28,1017.929931640625,907.8364868164062
317,29,998.173095703125,888.4891357421875
317,30,978.9554443359375,869.87255859375
317,31,960.08056640625,851.18115234375
317,32,942.0276489257812,833.0559692382812
317,36,1059.8663330078125,907.882568359375
317,37,1039.375732421875,888.9605712890625
317,38,1019.294921875,870.3927001953125
317,39,1000.0895385742188,852.0675659179688
317,40,981.2025146484375,834.1394653320312
317,47,1040.1522216796875,852.2202758789062
317,48,1020.6703491210938,834.6326293945312
317,49,1001.8259887695312,817.2841186523438
317,56,1060.1546630859375,834.9967651367188
317,57,1040.725341796875,817.222412109375
317,58,1021.5733642578125,800.3113403320312
317,59,1003.1277465820312,783.8848266601562
318,0,983.0078125,998.0626831054688
318,1,962.0162963867188,979.1056518554688
318,2,941.4002685546875,960.3328857421875
318,3,921.445068359375,941.8176879882812
318,4,901.8282470703125,923.158447265625
318,5,882.8223266601562,905.0872802734375
318,9,1003.0233154296875,978.072265625
318,10,982.0223999023438,959.58984375
318,11,961.4760131835938,941.5180053710938
318,12,941.3616333007812,923.356689453125
318,13,921.8605346679688,905.310302734375
318,14,902.7554321289062,887.7066040039062
318,18,1022.216064453125,958.4526977539062
318,19,1001.4030151367188,940.5606079101562
318,20,980.9559326171875,922.6798095703125
318,23,921.990478515625,870.1154174804688
318,27,1041.0478515625,939.0983276367188
318,28,1020.2721557617188,921.4293823242188
318,29,999.9298706054688,903.927490234375
318,39,998.4873046875,868.5489501953125
318,49,996.8358154296875,834.8740844726562
319,2,469.2347717285156,246.56353759765625
319,3,452.99652099609375,248.2999725341797
319,4,435.9479064941406,249.82704162597656
319,5,418.62945556640625,252.01170349121094
319,6,401.8448791503906,253.4521026611328
319,7,384.3985900878906,255.4156951904297
319,8,367.35894775390625,256.8834533691406
319,9,497.2557373046875,233.59616088867188
319,10,482.1058044433594,235.16427612304688
319,13,433.4479675292969,240.10072326660156
319,14,417.0448913574219,241.21339416503906
319,15,400.4322509765625,243.55825805664062
319,16,384.00262451171875,244.90557861328125
319,19,478.39215087890625,226.26918029785156
319,22,430.3125,231.875
320,0,1002.7761840820312,974.953857421875
320,1,981.2896728515625,955.2177734375
320,2,960.23193359375,935.7933959960938
320,3,940.033447265625,916.6473388671875
320,4,919.9793701171875,897.6588134765625
320,5,901.0388793945312,879.24365234375
320,6,882.662353515625,861.2151489257812
320,7,864.7615966796875,843.2886962890625
320,9,1024.1270751953125,954.8699340820312
320,10,1002.3115234375,935.8262939453125
320,11,981.5095825195312,917.0199584960938
320,12,961.0675048828125,898.3499145507812
320,13,941.221923828125,880.0665893554688
320,14,921.9635620117188,861.9649658203125
320,15,903.3703002929688,844.3129272460938
320,16,885.210205078125,826.898681640625
320,17,867.9866333007812,809.9508056640625
320,18,1044.51025390625,935.35498046875
320,21,981.5086059570312,880.4180908203125
320,22,961.7953491210938,862.5454711914062
320,23,942.7620239257812,844.9161987304688
320,24,923.859130859375,827.556884765625
320,25,905.6343383789062,810.7507934570312
320,26,888.0737915039062,794.7177124023438
320,27,1064.51171875,916.0432739257812
320,36,1083.77978515625,896.6715698242188
320,49,1020.0991821289062,811.0588989257812
320,59,1019.0044555664062,778.8641967773438
321,0,603.2652587890625,281.3232727050781
321,1,588.8399658203125,284.4233703613281
321,2,573.8764038085938,287.7571716308594
321,3,558.6187744140625,290.8589782714844
321,4,541.5860595703125,294.24078369140625
321,7,496.0048522949219,303.12738037109375
321,8,480.0596008300781,305.89593505859375
321,9,598.495361328125,269.8789367675781
321,10,584.05029296875,272.8016662597656
321,13,539.6765747070312,282.0562744140625
321,16,493.9710693359375,291.0321350097656
321,17,478.87744140625,293.7261657714844
321,19,579.9417114257812,262.42889404296875
321,23,522.0203857421875,273.6719970703125
321,24,506.9346923828125,276.6661376953125
321,25,492.4084777832031,279.1835632324219
321,26,477.3554992675781,282.31658935546875
321,28,575.2962036132812,251.8459014892578
321,29,561.7633666992188,254.58963012695312
321,35,475.7973327636719,271.93670654296875
321,36,584.3553466796875,238.90281677246094
321,39,544.71826171875,247.5230712890625
322,0,482.2965393066406,359.95501708984375
322,1,466.0777893066406,362.647705078125
322,2,450.1287841796875,364.69287109375
322,3,434.2296142578125,367.0865783691406
322,4,417.67169189453125,369.353515625
322,5,401.9936828613281,371.4902648925781
322,6,386.0920715332031,372.8125
322,7,369.9688415527344,374.8580627441406
322,8,354.7002258300781,375.84576416015625
322,9,480.4053955078125,344.6363220214844
322,10,464.2627258300781,346.08831787109375
322,11,448.28173828125,348.5127258300781
322,12,431.35174560546875,351.3032531738281
322,13,415.70428466796875,353.68212890625
322,14,399.754638671875,355.19049072265625
322,15,383.56341552734375,357.4072265625
322,16,367.8426818847656,359.0303649902344
322,17,352.2811584472656,361.1595764160156
322,18,478.1138000488281,328.0235290527344
322,19,462.0482177734375,330.2441101074219
322,20,446.103271484375,333.14501953125
322,21,429.1086730957031,335.4357604980469
322,22,412.9028015136719,337.6876220703125
322,23,397.1918640136719,339.1429138183594
322,24,380.9228820800781,341.70892333984375
322,25,364.9586486816406,343.72137451171875
322,26,349.9424133300781,345.2870788574219
322,27,475.1585998535156,312.22711181640625
322,28,459.8915100097656,314.05413818359375
322,29,443.49041748046875,317.04779052734375
322,30,426.9493408203125,319.10369873046875
322,31,411.05694580078125,320.921630859375
322,32,395.0030822753906,323.03057861328125
322,33,378.9995422363281,325.39910888671875
322,34,363.103515625,326.82232666015625
322,35,347.2115478515625,329.87139892578125
322,36,473.66357421875,295.3674011230469
322,37,457.248779296875,298.13275146484375
322,38,441.2123107910156,300.0152282714844
322,39,425.1715393066406,302.51605224609375
322,40,408.5648498535156,305.15289306640625
322,41,392.3870544433594,307.50970458984375
322,42,376.925048828125,309.7223815917969
322,43,361.0110168457031,311.7213134765625
322,44,345.56536865234375,312.8313903808594
322,45,471.2012939453125,279.6627502441406
322,46,454.9584655761719,282.2537536621094
322,47,439.1588439941406,284.3039245605469
322,48,422.92669677734375,286.442626953125
322,49,406.0340270996094,289.1638488769531
322,50,390.3777160644531,290.92041015625
322,51,374.5233459472656,293.2880859375
322,52,358.4659729003906,295.75079345703125
322,53,343.428955078125,297.79791259765625
322,54,468.4339599609375,264.159423828125
322,55,452.6010437011719,266.1080627441406
322,56,436.5018615722656,268.2633056640625
322,57,420.1923828125,270.7549133300781
322,58,404.4381103515625,272.6064758300781
322,59,388.238037109375,275.0824890136719
322,60,372.5442810058594,276.89813232421875
322,61,356.6819152832031,280.0143737792969
322,62,341.0360107421875,282.2171936035156
323,0,980.3348388671875,986.2437744140625
323,1,959.1498413085938,968.0179443359375
323,2,938.3029174804688,949.8922729492188
323,3,917.9599609375,931.9633178710938
323,4,898.057373046875,913.93896484375
323,5,878.8021850585938,896.357666015625
323,6,860.1924438476562,879.1198120117188
323,7,841.982421875,861.8817138671875
323,8,824.4324340820312,844.9535522460938
323,9,999.8646850585938,966.0665283203125
323,10,978.5359497070312,948.2920532226562
323,11,957.8045043945312,930.8159790039062
323,12,937.4050903320312,913.2420654296875
323,15,879.4780883789062,861.6666259765625
323,16,861.12451171875,844.7451171875
323,18,1018.501220703125,946.3014526367188
323,19,997.3509521484375,929.0399169921875
323,20,976.7192993164062,911.8211669921875
323,25,879.8729858398438,827.9682006835938
323,27,1036.8509521484375,926.708984375
323,28,1015.751953125,909.8143920898438
323,29,995.0655517578125,892.8612060546875
323,36,1054.7236328125,907.0060424804688
323,37,1033.7459716796875,890.6929321289062
323,38,1013.0127563476562,874.2113647460938
323,41,953.4651489257812,826.1318969726562
323,45,1071.7469482421875,888.013671875
323,46,1051.00146484375,871.8351440429688
323,47,1030.3702392578125,855.9043579101562
323,54,1088.298583984375,869.4017944335938
324,0,600.679931640625,278.094482421875
324,1,585.8744506835938,281.69219970703125
324,2,570.439697265625,284.74371337890625
324,3,555.4259643554688,287.7463073730469
324,4,539.13134765625,289.8761291503906
324,5,523.257568359375,293.17999267578125
324,6,506.8742980957031,296.1136169433594
324,7,491.26202392578125,298.6078186035156
324,8,474.989013671875,301.3244323730469
324,11,566.48095703125,272.77239990234375
324,12,551.4727783203125,275.71539306640625
324,13,536.1725463867188,278.62127685546875
324,14,520.4208984375,281.7405700683594
324,15,505.31365966796875,283.76373291015625
324,16,489.64093017578125,286.69873046875
324,21,546.8125,264.40625
324,22,533.0003051757812,267.5611877441406
324,25,487.6546936035156,276.0066833496094
324,30,544.354736328125,254.49417114257812
324,31,530.1166381835938,257.62908935546875
324,34,486.64715576171875,264.9035949707031
324,41,513.494873046875,249.8712921142578
324,42,498.9461669921875,252.57931518554688
325,0,983.0125122070312,998.01806640625
325,1,962.1494140625,979.10888671875
325,2,941.42919921875,960.357177734375
325,3,921.5711669921875,941.901611328125
325,4,901.8779296875,923.2466430664062
325,5,882.8812866210938,905.2151489257812
325,6,864.5733032226562,887.3218994140625
325,7,846.5640258789062,869.6260986328125
325,9,1003.0271606445312,978.0452880859375
325,10,982.015380859375,959.6483154296875
325,11,961.6185302734375,941.50830078125
325,12,941.4190673828125,923.4242553710938
325,13,921.7880249023438,905.3779296875
325,14,902.8030395507812,887.5928955078125
325,15,884.17431640625,870.1663818359375
325,16,866.1504516601562,852.733154296875
325,17,848.7603149414062,835.7817993164062
325,18,1022.2752685546875,958.4749755859375
325,21,960.9544677734375,905.1466064453125
325,22,941.2000732421875,887.5577392578125
325,23,922.0595092773438,870.1491088867188
325,24,903.4815063476562,852.9185791015625
325,27,1041.1837158203125,939.1072387695312
325,31,960.096923828125,869.8635864257812
325,32,941.0626831054688,853.0038452148438
325,33,922.4569091796875,836.1268920898438
325,37,1038.908447265625,902.53076171875
325,41,959.6323852539062,835.7999267578125
325,42,941.0100708007812,819.4104614257812
325,43,923.0372314453125,803.6044921875
325,50,977.7166748046875,818.8955078125
325,51,959.0906372070312,802.9735107421875
325,52,940.9000854492188,787.54248046875
325,53,923.0494995117188,772.4750366210938
325,59,995.294677734375,802.107177734375
325,60,976.6472778320312,786.8626098632812
326,2,936.4342651367188,944.5183715820312
326,3,917.6122436523438,925.6793212890625
326,4,898.9799194335938,906.7457885742188
326,5,881.2225952148438,888.1650390625
326,6,863.9633178710938,869.7839965820312
326,9,997.38525390625,965.1865844726562
326,10,977.2362670898438,945.967041015625
326,11,957.70947265625,927.410400390625
326,12,938.6493530273438,908.7064819335938
326,15,884.6416625976562,853.9928588867188
326,18,1017.8843994140625,947.3300170898438
326,21,959.1844482421875,891.991943359375
326,24,904.9306640625,838.1727294921875
326,25,887.9411010742188,820.9476318359375
326,26,871.482177734375,804.4169311523438
326,27,1037.7576904296875,929.3660278320312
326,31,960.33984375,857.4593505859375
326,32,942.1810913085938,840.0518188476562
326,33,924.7044067382812,822.927978515625
326,34,907.5697631835938,806.1777954101562
326,40,979.9431762695312,841.0774536132812
326,48,1017.4927368164062,841.2659301757812
326,54,1094.4940185546875,873.9010009765625
326,55,1074.554931640625,857.11474609375
326,56,1054.9527587890625,840.42236328125
326,57,1036.0172119140625,824.2763671875
327,0,501.3765563964844,241.24436950683594
327,1,485.4029235839844,243.03814697265625
327,2,468.94921875,244.55349731445312
327,3,451.9642028808594,246.8352508544922
327,4,435.0325622558594,247.94940185546875
327,5,418.1344909667969,249.56886291503906
327,6,400.9442138671875,251.65675354003906
327,7,383.2491455078125,253.61251831054688
327,8,366.06182861328125,255.15171813964844
327,9,497.1814880371094,232.2074432373047
327,10,481.1755676269531,232.9276580810547
327,11,465.5336608886719,234.88037109375
327,12,449.1818542480469,236.02943420410156
327,15,400.0948791503906,241.64334106445312
327,16,383.38238525390625,242.91912841796875
327,18,492.5674743652344,222.743408203125
327,21,446.65087890625,227.94578552246094
327,24,398.96221923828125,231.93817138671875
327,27,488.8878479003906,215.62893676757812
327,31,429.0174560546875,220.51919555664062
327,32,413.8389892578125,221.76927185058594
327,33,398.6130065917969,223.48556518554688
327,41,412.5052490234375,214.17913818359375
327,42,397.4608459472656,215.16404724121094
328,0,1063.029541015625,656.99755859375
328,1,1029.847900390625,634.4496459960938
328,2,996.3433227539062,611.9871826171875
328,3,963.2892456054688,589.76953125
328,4,930.4000854492188,567.1695556640625
328,5,898.200927734375,545.7764282226562
328,6,866.7921142578125,524.657958984375
328,7,836.0422973632812,503.5971374511719
328,8,806.39990234375,483.199462890625
328,9,1075.302490234375,636.542236328125
328,10,1043.174072265625,614.8367309570312
328,11,1010.9609985351562,593.7228393554688
328,12,979.2015991210938,572.1776123046875
328,13,947.3363647460938,551.2006225585938
328,14,916.4352416992188,530.2525634765625
328,15,886.0668334960938,509.8549499511719
328,16,856.493896484375,489.2613220214844
328,18,1086.0533447265625,617.9796752929688
328,19,1055.3265380859375,597.2841186523438
328,20,1024.5079345703125,576.59326171875
328,21,993.804931640625,556.3308715820312
328,22,963.2224731445312,535.9002075195312
328,23,933.398193359375,515.6690063476562
328,24,904.0631713867188,495.67919921875
328,25,874.9484252929688,476.62646484375
328,27,1096.146728515625,600.8256225585938
328,28,1066.7618408203125,580.6304321289062
328,31,977.8604125976562,521.6635131835938
328,32,948.9945068359375,502.6996154785156
328,36,1105.9443359375,584.223876953125
328,45,1114.7354736328125,569.1046752929688
329,0,490.27960205078125,371.6878662109375
329,3,446.7222595214844,371.9242248535156
329,4,432.40264892578125,371.476806640625
329,5,418.0386962890625,370.7874450683594
329,8,372.65802001953125,369.1056823730469
329,9,489.6480712890625,358.2967529296875
329,12,447.2062683105469,357.9328918457031
329,13,432.91009521484375,357.68975830078125
329,14,417.6019592285156,357.8714599609375
329,18,489.31402587890625,345.0666198730469
329,19,475.7433166503906,345.0156555175781
329,20,460.8730163574219,345.4695739746094
329,21,446.40625,344.90625
329,22,432.5384216308594,345.1441650390625
329,29,461.348876953125,333.3253479003906
329,30,447.01519775390625,332.8076171875
329,31,433.2838439941406,332.7314453125
329,34,391.8194580078125,331.7271728515625
330,0,934.048095703125,981.619140625
330,1,902.1798706054688,953.18017578125
330,2,871.3519897460938,925.1122436523438
330,3,841.7196655273438,897.57861328125
330,4,813.0724487304688,870.287841796875
330,5,786.0623168945312,843.9713134765625
330,6,760.5396118164062,818.4255981445312
330,7,735.7409057617188,793.6531982421875
330,8,712.5169677734375,769.748046875
330,9,962.3646850585938,949.0081787109375
330,10,930.0523681640625,921.130859375
330,11,898.91015625,893.6637573242188
330,12,868.6116333007812,866.5952758789062
330,13,839.7457275390625,840.05322265625
330,14,811.9407348632812,814.228515625
330,15,785.5928955078125,789.2648315429688
330,16,760.1407470703125,764.9865112304688
330,17,736.4660034179688,741.7271118164062
330,18,990.72900390625,915.983642578125
330,19,958.1001586914062,888.7277221679688
330,20,926.3297729492188,861.7346801757812
330,21,895.7484130859375,835.3230590820312
330,22,866.20263671875,809.3826904296875
330,23,837.8651733398438,784.2127075195312
330,24,810.711181640625,759.7389526367188
330,25,785.1420288085938,736.1834716796875
330,26,761.167236328125,713.966064453125
330,27,1018.9037475585938,882.4967651367188
330,28,985.7396850585938,855.7759399414062
330,29,953.5792846679688,829.2786254882812
330,30,922.58447265625,803.6575317382812
330,31,892.6126098632812,778.41455078125
330,32,863.9743041992188,754.092529296875
330,33,836.4561157226562,730.3296508789062
330,34,810.3650512695312,707.6112060546875
330,35,785.8911743164062,686.0618896484375
330,36,1046.6553955078125,848.3719482421875
330,37,1013.1973266601562,822.2264404296875
330,38,980.7343139648438,796.6802368164062
330,39,949.304931640625,771.5211181640625
330,40,918.9771728515625,747.212646484375
330,41,889.8701171875,723.6834106445312
330,42,861.9608154296875,700.6593627929688
330,43,835.4320678710938,678.8074951171875
330,44,810.52294921875,657.9899291992188
330,45,1073.607666015625,814.5408935546875
330,46,1040.007080078125,788.9287719726562
330,47,1007.2382202148438,764.0780029296875
330,48,975.6533203125,739.752685546875
330,49,944.9947509765625,716.2777709960938
330,50,915.3427734375,693.2578125
330,51,887.0535278320312,671.0958862304688
330,52,860.1568603515625,650.1209716796875
330,53,834.6256713867188,630.0783081054688
330,54,1100.12060546875,780.9923095703125
330,55,1066.4306640625,756.0486450195312
330,56,1033.4228515625,731.8508911132812
330,57,1001.4625244140625,708.1849365234375
330,58,970.4884033203125,685.24169921875
330,59,940.7022705078125,663.2666625976562
330,60,912.1380004882812,642.1996459960938
330,61,884.9186401367188,621.8335571289062
330,62,858.8087158203125,602.5137939453125
331,0,841.8862915039062,1027.9708251953125
331,1,843.5279541015625,988.6090698242188
331,2,845.2890625,947.962646484375
331,3,847.260498046875,906.0452270507812
331,4,849.2962646484375,863.0934448242188
331,5,851.5955810546875,819.4967651367188
331,6,854.26904296875,775.2781982421875
331,7,856.5301513671875,730.8439331054688
331,8,859.5142822265625,686.5044555664062
331,9,883.6112670898438,1034.4276123046875
331,10,885.4909057617188,994.63818359375
331,11,887.794921875,953.3056640625
331,12,889.9760131835938,911.0347900390625
331,13,892.4180297851562,867.392822265625
331,14,894.9033203125,823.2954711914062
331,15,897.0968017578125,778.7957153320312
331,16,899.6622924804688,733.3827514648438
331,17,902.3623657226562,688.14306640625
331,18,926.2192993164062,1039.740478515625
331,19,928.7632446289062,999.8629760742188
331,20,931.2977294921875,958.27490234375
331,21,933.9998779296875,915.4807739257812
331,22,936.5542602539062,871.3265991210938
331,23,938.9992065429688,826.7724609375
331,24,941.4642333984375,781.5341796875
331,25,944.079345703125,735.8477783203125
331,26,946.794189453125,690.1416625976562
331,27,970.1158447265625,1045.024169921875
331,28,972.9347534179688,1004.3899536132812
331,29,975.8052368164062,962.9014282226562
331,30,978.893310546875,919.6127319335938
331,31,981.5631103515625,875.2525634765625
331,32,984.477783203125,829.7891235351562
331,33,986.857421875,784.3243408203125
331,34,989.484619140625,737.990478515625
331,35,991.85498046875,692.1286010742188
331,36,1014.4080810546875,1049.3795166015625
331,37,1018.0516357421875,1008.7150268554688
331,38,1021.2630004882812,966.4324951171875
331,39,1024.50390625,923.275390625
331,40,1027.579833984375,878.0440673828125
331,41,1030.5244140625,832.7150268554688
331,42,1033.26220703125,786.7398681640625
331,43,1035.6505126953125,740.13916015625
331,44,1038.0245361328125,693.685302734375
331,45,1059.1131591796875,1053.05078125
331,46,1063.02783203125,1012.2315063476562
331,47,1066.796630859375,970.1281127929688
331,48,1070.5379638671875,926.3134155273438
331,49,1073.9345703125,880.8869018554688
331,50,1076.995361328125,835.1597290039062
331,51,1079.6759033203125,788.9163818359375
331,52,1082.112060546875,741.9093017578125
331,53,1083.94677734375,695.3125610351562
331,54,1103.9273681640625,1055.49462890625
331,55,1108.5367431640625,1014.671630859375
331,56,1112.7022705078125,972.31103515625
331,57,1116.582763671875,928.55615234375
331,58,1120.18701171875,883.2507934570312
331,59,1123.292724609375,837.326904296875
331,60,1126.2264404296875,790.647705078125
331,61,1128.501220703125,743.5498046875
331,62,1130.2562255859375,696.5137939453125
332,0,888.8233642578125,1067.2696533203125
332,1,885.9616088867188,1033.0029296875
332,2,883.1361694335938,998.7335815429688
332,3,880.2693481445312,964.1919555664062
332,4,877.7416381835938,929.477783203125
332,5,875.0333862304688,895.1270751953125
332,6,872.6983642578125,861.1143188476562
332,7,870.3665161132812,827.1885375976562
332,8,868.3391723632812,794.0060424804688
332,9,924.7511596679688,1064.9798583984375
332,10,921.7947998046875,1030.772216796875
332,11,918.6622924804688,996.0833740234375
332,12,915.7706909179688,961.8157958984375
332,13,912.75048828125,926.9381103515625
332,14,909.80029296875,892.5980224609375
332,15,907.0924072265625,858.2977294921875
332,16,904.3147583007812,824.3843383789062
332,17,901.8828735351562,791.0709838867188
332,18,960.722412109375,1061.92822265625
332,19,957.627197265625,1027.744140625
332,20,954.3402099609375,993.093505859375
332,21,950.9891357421875,958.7196655273438
332,22,947.6510620117188,923.8419799804688
332,23,944.6820678710938,889.566650390625
332,24,941.7437744140625,855.216796875
332,25,938.6587524414062,821.2919311523438
332,26,935.5096435546875,788.0650024414062
332,27,996.7741088867188,1058.4522705078125
332,28,993.357177734375,1024.090576171875
332,29,989.8756713867188,989.7228393554688
332,30,986.6658935546875,955.093017578125
332,31,983.0838623046875,920.4889526367188
332,32,979.4781494140625,885.9820556640625
332,33,976.2294311523438,851.8678588867188
332,34,972.818115234375,818.0342407226562
332,35,969.2182006835938,785.1381225585938
332,36,1032.5946044921875,1054.198974609375
332,37,1029.1331787109375,1019.96240234375
332,38,1025.322998046875,985.5446166992188
332,39,1022.0177001953125,951.20361328125
332,40,1018.1378784179688,916.4563598632812
332,41,1014.577392578125,882.2255249023438
332,42,1010.6058959960938,848.09033203125
332,43,1007.0811767578125,814.3687744140625
332,44,1003.0657958984375,781.3610229492188
332,45,1068.1871337890625,1049.5086669921875
332,46,1064.551025390625,1015.4138793945312
332,47,1060.8953857421875,981.208740234375
332,48,1057.133544921875,946.8800659179688
332,49,1053.1685791015625,912.4713745117188
332,50,1048.946044921875,878.0121459960938
332,51,1044.93896484375,844.1973266601562
332,52,1040.867431640625,810.5466918945312
332,53,1036.74755859375,777.7138061523438
332,54,1103.063720703125,1044.26123046875
332,55,1099.6575927734375,1010.5328369140625
332,56,1095.6173095703125,976.2650756835938
332,57,1091.810546875,942.1454467773438
332,58,1087.3712158203125,907.7962646484375
332,59,1083.108642578125,873.695068359375
332,60,1078.9609375,839.980712890625
332,61,1074.4044189453125,806.4651489257812
332,62,1069.7899169921875,773.7322998046875
333,0,894.2696533203125,1043.9188232421875
333,1,882.5469360351562,1015.6144409179688
333,2,871.3921508789062,987.7701416015625
333,3,860.6151123046875,960.4560546875
333,4,850.0465698242188,933.2772216796875
333,5,839.9959106445312,907.0797119140625
333,6,830.3515014648438,881.3685913085938
333,7,821.0903930664062,855.9227905273438
333,8,812.18896484375,831.4754028320312
333,9,923.8474731445312,1032.5040283203125
333,10,911.9840698242188,1004.5435180664062
333,11,900.3873291015625,976.993896484375
333,12,889.1927490234375,949.8872680664062
333,13,878.15087890625,923.12744140625
333,14,867.9563598632812,896.996826171875
333,15,857.8493041992188,871.732177734375
333,16,847.9019165039062,846.2891235351562
333,17,838.7769775390625,821.9918212890625
333,18,953.1624755859375,1020.8486938476562
333,19,941.1522827148438,993.1599731445312
333,20,929.0731811523438,965.84228515625
333,21,917.5690307617188,939.1610717773438
333,22,906.2242431640625,912.900390625
333,23,895.3776245117188,886.7767333984375
333,24,884.9259643554688,861.4108276367188
333,25,874.8406372070312,836.8059692382812
333,26,864.9494018554688,813.0549926757812
333,27,982.3187255859375,1008.8723754882812
333,28,969.9071655273438,981.6229858398438
333,29,957.4854125976562,954.54150390625
333,30,945.674560546875,928.0709228515625
333,31,933.996826171875,901.904052734375
333,32,922.6007690429688,876.61474609375
333,33,912.0889892578125,851.429931640625
333,34,901.3802490234375,826.9969482421875
333,35,891.2791137695312,803.64306640625
333,36,1011.1640014648438,996.3438720703125
333,37,998.3178100585938,969.4517211914062
333,38,985.5093994140625,942.9310913085938
333,39,973.5830078125,916.83251953125
333,40,961.4503173828125,891.015869140625
333,41,949.8619995117188,865.8912353515625
333,42,938.6547241210938,841.1140747070312
333,43,927.9036865234375,817.3214721679688
333,44,917.3230590820312,793.8060302734375
333,45,1039.268798828125,984.076171875
333,46,1026.141357421875,957.1552734375
333,47,1013.5571899414062,931.1014404296875
333,48,1000.7719116210938,905.3223266601562
333,49,988.5419311523438,879.983154296875
333,50,976.2750854492188,854.9978637695312
333,51,964.986083984375,830.719482421875
333,52,953.5413208007812,807.0369873046875
333,53,942.8685302734375,784.18505859375
333,54,1066.80810546875,971.6593017578125
333,55,1053.4639892578125,945.1832275390625
333,56,1040.3104248046875,919.1848754882812
333,57,1027.5516357421875,893.788330078125
333,58,1014.98095703125,868.6786499023438
333,59,1002.605712890625,844.2753295898438
333,60,990.71435546875,820.2073364257812
333,61,979.4393310546875,797.0869140625
333,62,967.8338623046875,774.2567138671875
334,0,950.3577270507812,1000.1033935546875
334,1,919.6796264648438,974.8656616210938
334,2,890.019775390625,949.8999633789062
334,3,861.5647583007812,925.2974243164062
334,4,834.0292358398438,900.955810546875
334,5,808.0548095703125,877.684326171875
334,6,783.292236328125,854.7866821289062
334,7,759.6461181640625,832.4871215820312
334,8,737.0106201171875,811.0255737304688
334,9,976.8148193359375,968.9213256835938
334,10,945.8499755859375,944.302734375
334,11,915.9584350585938,920.0462646484375
334,12,887.0818481445312,896.1700439453125
334,13,859.373291015625,872.8500366210938
334,14,832.9156494140625,849.9475708007812
334,15,807.5892333984375,827.7640380859375
334,16,783.274169921875,806.1771240234375
334,17,760.5394897460938,785.4869384765625
334,18,1002.8479614257812,937.648681640625
334,19,971.6876831054688,913.7803344726562
334,20,941.3553466796875,890.17919921875
334,21,912.4476928710938,867.1793823242188
334,22,884.2277221679688,844.4622802734375
334,23,857.434814453125,822.2141723632812
334,24,831.749267578125,800.8363037109375
334,25,807.203857421875,780.1177978515625
334,26,784.1907958984375,760.3572387695312
334,27,1028.22314453125,906.2196044921875
334,28,996.806396484375,883.0975952148438
334,29,966.4096069335938,860.0797729492188
334,30,937.1453247070312,838.0025634765625
334,31,908.8726196289062,816.1231689453125
334,32,881.8619995117188,794.9066162109375
334,33,855.6654663085938,774.1516723632812
334,34,831.029541015625,754.2247924804688
334,35,807.7024536132812,735.2374267578125
334,36,1053.01953125,874.7097778320312
334,37,1021.6723022460938,852.300537109375
334,38,991.0400390625,830.382080078125
334,39,961.4819946289062,808.780517578125
334,40,933.021484375,787.9032592773438
334,41,905.698486328125,767.4086303710938
334,42,879.4276123046875,747.3915405273438
334,43,854.53369140625,728.3595581054688
334,44,830.799072265625,710.177978515625
334,45,1076.999267578125,843.7710571289062
334,46,1045.505126953125,821.89892578125
334,47,1014.8442993164062,800.7648315429688
334,48,985.3236694335938,780.0546875
334,49,956.7099609375,759.9390869140625
334,50,928.93359375,740.1276245117188
334,51,902.6558227539062,720.979248046875
334,52,877.2802734375,702.7201538085938
334,53,853.2022094726562,685.3137817382812
334,54,1100.01953125,813.329833984375
334,55,1068.7149658203125,792.3355712890625
334,56,1038.0626220703125,771.84912109375
334,57,1008.39208984375,751.7921752929688
334,58,979.5718994140625,732.2105102539062
334,59,951.9126586914062,713.46826171875
334,60,925.300537109375,695.4109497070312
334,61,899.7200317382812,677.6962280273438
334,62,875.3002319335938,660.9364624023438
335,0,976.732421875,975.9835205078125
335,1,955.975830078125,957.3624877929688
335,2,935.85400390625,939.108642578125
335,3,916.1930541992188,920.8699951171875
335,4,897.0097045898438,902.6661987304688
335,5,878.30419921875,884.8704833984375
335,9,996.5245361328125,956.4172973632812
335,10,975.8099365234375,938.2601928710938
335,11,955.6845092773438,920.4815673828125
335,12,936.0441284179688,902.6920776367188
335,13,916.7528076171875,885.0272827148438
335,14,898.1190185546875,867.7132568359375
335,18,1015.7752685546875,937.2388916015625
335,19,995.2197265625,919.5610961914062
335,20,975.0811767578125,902.0037841796875
335,21,955.3820190429688,884.943359375
335,22,935.9608764648438,867.6610717773438
335,23,917.2149047851562,850.62158203125
335,27,1034.4847412109375,918.1658935546875
335,28,1013.9893188476562,900.8724975585938
335,36,1052.8070068359375,899.0693969726562
335,37,1032.279541015625,882.3165283203125
335,45,1070.42626953125,879.2454223632812
335,46,1050.0672607421875,863.2568969726562
335,50,972.3013305664062,800.2267456054688
335,58,1008.1890258789062,797.1102294921875
336,0,843.2183837890625,1041.724853515625
336,1,844.7901611328125,1002.9130859375
336,2,846.2950439453125,962.6434936523438
336,3,848.1752319335938,921.1487426757812
336,4,850.0463256835938,878.5562133789062
336,5,852.2815551757812,835.1700439453125
336,6,854.7945556640625,791.4052124023438
336,7,856.9132690429688,747.3307495117188
336,8,859.519775390625,703.194580078125
336,9,884.6895141601562,1048.009033203125
336,10,886.479736328125,1008.6989135742188
336,11,888.7037963867188,967.9110717773438
336,12,890.8433837890625,926.05712890625
336,13,892.9198608398438,882.883056640625
336,14,895.2916870117188,838.9989013671875
336,15,897.3798828125,794.8639526367188
336,16,899.7753295898438,749.8599243164062
336,17,902.01318359375,705.0142822265625
336,18,927.22509765625,1053.2178955078125
336,19,929.7305297851562,1013.8624877929688
336,20,931.9596557617188,972.603759765625
336,21,934.4345703125,930.4190063476562
336,22,936.9508666992188,886.5523071289062
336,23,939.1865234375,842.4151000976562
336,24,941.5359497070312,797.7313842773438
336,25,943.8773193359375,752.2567749023438
336,26,946.3114624023438,706.6979370117188
336,27,970.8848876953125,1058.3687744140625
336,28,973.4349975585938,1018.1876831054688
336,29,976.0899658203125,977.1754150390625
336,30,979.0943603515625,934.0969848632812
336,31,981.7422485351562,890.3822631835938
336,32,984.3936767578125,845.4274291992188
336,33,986.6152954101562,800.2816772460938
336,34,989.1544189453125,754.277587890625
336,35,991.159912109375,708.6358032226562
336,36,1014.994873046875,1062.4571533203125
336,37,1018.2359619140625,1022.2775268554688
336,38,1021.4268798828125,980.52880859375
336,39,1024.505126953125,937.7759399414062
336,40,1027.5531005859375,893.0739135742188
336,41,1030.25537109375,848.0489501953125
336,42,1032.8319091796875,802.5745239257812
336,43,1035.0543212890625,756.198486328125
336,44,1037.170166015625,710.1642456054688
336,45,1059.453369140625,1065.982666015625
336,46,1063.15478515625,1025.773681640625
336,47,1066.8095703125,983.9822387695312
336,48,1070.3026123046875,940.688720703125
336,49,1073.4708251953125,895.710205078125
336,50,1076.3624267578125,850.3327026367188
336,51,1078.78955078125,804.6400146484375
336,52,1081.13134765625,757.82080078125
336,53,1082.878173828125,711.4552001953125
336,54,1103.9449462890625,1068.013427734375
336,55,1108.246826171875,1028.0111083984375
336,56,1112.317138671875,985.95458984375
336,57,1115.9339599609375,942.8098754882812
336,58,1119.5733642578125,897.8694458007812
336,59,1122.5345458984375,852.2438354492188
336,60,1125.2081298828125,806.053466796875
336,61,1127.2310791015625,759.4531860351562
336,62,1128.9486083984375,712.5313720703125
337,0,605.2011108398438,278.09490966796875
337,1,590.7603149414062,281.844482421875
337,2,575.922119140625,285.8432922363281
337,3,560.7590942382812,290.04010009765625
337,4,545.5076293945312,293.3462829589844
337,5,530.2915649414062,296.96038818359375
337,6,514.48388671875,301.07037353515625
337,7,499.17474365234375,304.7724914550781
337,8,483.70794677734375,307.9767150878906
337,9,600.1634521484375,266.3016052246094
337,10,585.5574951171875,270.0665283203125
337,11,570.18212890625,273.3560791015625
337,12,556.7794799804688,277.093994140625
337,15,512.2808837890625,288.7306213378906
337,16,497.15179443359375,292.1123962402344
337,17,482.7205505371094,296.0235290527344
337,19,581.39453125,259.98724365234375
337,20,567.1407470703125,263.2917785644531
337,21,553.173828125,267.0644836425781
337,24,509.4108581542969,277.66021728515625
337,25,495.3462219238281,280.73150634765625
337,26,480.8882751464844,284.8747863769531
337,31,534.140380859375,259.3936767578125
337,32,521.0840454101562,263.3863830566406
337,33,507.5084228515625,266.8785705566406
337,34,493.0713806152344,270.1068115234375
337,35,478.8746337890625,274.2440490722656
338,0,983.0084838867188,998.0303344726562
338,1,962.0918579101562,979.0931396484375
338,2,941.459228515625,960.3157958984375
338,3,921.5245361328125,941.8735961914062
338,4,901.8804931640625,923.2180786132812
338,5,882.9038696289062,905.1160888671875
338,9,1003.021484375,978.0360107421875
338,10,982.0218505859375,959.62353515625
338,11,961.5108032226562,941.4434204101562
338,12,941.4774780273438,923.3076171875
338,13,921.8169555664062,905.334716796875
338,14,902.7302856445312,887.6200561523438
338,15,884.0737915039062,870.0374145507812
338,16,866.1994018554688,852.71533203125
338,17,848.7886962890625,835.7244873046875
338,18,1022.3179321289062,958.4599609375
338,23,922.0174560546875,870.099365234375
338,24,903.5125732421875,852.9218139648438
338,27,1041.13330078125,939.1263427734375
338,32,941.064697265625,852.9933471679688
338,36,1059.5927734375,919.633056640625
338,37,1038.872314453125,902.5112915039062
338,41,959.6259765625,835.7485961914062
338,44,905.1870727539062,788.2184448242188
338,47,1036.379638671875,867.2288208007812
338,51,959.0668334960938,802.9802856445312
338,52,940.8998413085938,787.4808349609375
338,56,1053.8701171875,849.5621948242188
338,60,976.5575561523438,786.834228515625
339,2,472.0010986328125,260.5811462402344
339,5,423.2554016113281,266.5956115722656
339,6,406.7157897949219,268.87420654296875
339,7,390.15716552734375,270.5935974121094
339,8,373.7059631347656,272.96112060546875
339,9,499.25494384765625,245.49050903320312
339,10,484.0614318847656,247.28196716308594
339,11,468.5548400878906,249.5508270263672
339,15,405.370849609375,257.0871276855469
339,16,389.215087890625,258.5304870605469
339,17,373.44482421875,261.44140625
339,18,494.84393310546875,235.49630737304688
339,21,450.431640625,240.8660430908203
339,31,432.7152404785156,233.5409698486328
340,0,505.0173645019531,310.1009216308594
340,1,491.23565673828125,313.19384765625
340,2,476.3992004394531,315.6865234375
340,3,460.7989196777344,317.92193603515625
340,4,445.7823181152344,321.0577087402344
340,5,431.8220520019531,324.25616455078125
340,6,417.0889587402344,327.0970153808594
340,7,402.2102966308594,329.2514953613281
340,8,387.1149597167969,331.9656066894531
340,9,502.5147705078125,295.1753234863281
340,10,488.0763854980469,298.0503234863281
340,11,473.8315734863281,301.3825988769531
340,12,458.8857421875,303.73321533203125
340,13,444.0978698730469,306.1710205078125
340,14,429.0077209472656,308.99530029296875
340,15,414.1249694824219,312.0705261230469
340,16,399.2771911621094,313.86181640625
340,17,384.5594787597656,317.5025634765625
340,18,499.3350830078125,280.57073974609375
340,19,485.1615295410156,283.1667785644531
340,20,470.7309875488281,286.5773010253906
340,21,456.27032470703125,289.1670227050781
340,22,441.1207580566406,291.60125732421875
340,23,426.3555908203125,294.3248596191406
340,24,411.3226013183594,297.1296691894531
340,25,396.2055969238281,300.15606689453125
340,26,382.0610046386719,302.0250549316406
340,27,496.3443908691406,266.1107482910156
340,28,482.1488952636719,268.7153015136719
340,29,467.6433410644531,271.97943115234375
340,30,453.0783996582031,273.94036865234375
340,31,438.28594970703125,277.18328857421875
340,32,423.60400390625,280.0220031738281
340,33,409.1063537597656,282.23876953125
340,34,394.0889587402344,284.8999938964844
340,35,379.5885925292969,288.20928955078125
340,36,493.1491394042969,251.8386688232422
340,37,479.03076171875,254.719482421875
340,38,464.89404296875,257.2153625488281
340,39,450.2045593261719,260.04827880859375
340,40,435.68157958984375,262.85040283203125
340,41,421.0916442871094,265.463134765625
340,42,405.9158630371094,268.17059326171875
340,43,391.6069030761719,271.0808410644531
340,44,377.30255126953125,272.9125061035156
340,45,490.2435302734375,238.04061889648438
340,46,476.1446838378906,241.04501342773438
340,47,462.102294921875,243.04409790039062
340,48,447.2671203613281,245.8253173828125
340,49,433.1928405761719,248.5386199951172
340,50,417.9625244140625,251.07179260253906
340,51,404.0876770019531,253.93923950195312
340,52,389.24090576171875,256.30914306640625
340,53,375.1237487792969,259.34576416015625
340,54,486.581787109375,224.851806640625
340,55,473.20703125,226.64161682128906
340,56,458.9385070800781,229.28575134277344
340,57,443.79071044921875,230.7354736328125
340,58,430.09735107421875,233.97198486328125
340,59,415.9048156738281,237.14968872070312
340,60,401.2674255371094,239.49143981933594
340,61,387.09033203125,242.54489135742188
340,62,372.60113525390625,245.70530700683594
341,2,403.98211669921875,465.2504577636719
341,3,391.39208984375,459.6076965332031
341,4,379.2725524902344,453.19647216796875
341,10,421.682861328125,457.9749755859375
341,13,385.87255859375,442.0455322265625
341,18,441.55462646484375,452.0624694824219
341,39,415.8119812011719,413.376708984375
341,40,404.0364074707031,408.0921936035156
341,44,358.64141845703125,387.43292236328125
341,49,408.876708984375,396.92608642578125
341,52,376.45123291015625,382.3684387207031
342,0,1008.6261596679688,986.9169921875
342,1,983.704833984375,965.03955078125
342,2,958.9010620117188,943.1005249023438
342,3,935.1033325195312,921.7857666015625
342,4,911.7733154296875,900.08056640625
342,5,889.2333374023438,879.3487548828125
342,6,867.78173828125,858.6621704101562
342,7,846.4830932617188,838.1411743164062
342,8,826.33740234375,818.3236083984375
342,9,1031.573486328125,963.3967895507812
342,10,1006.6651611328125,942.0880737304688
342,11,982.0599975585938,921.0953979492188
342,12,958.1585083007812,900.1134643554688
342,13,934.990966796875,879.4743041992188
342,14,912.2646484375,858.9529418945312
342,15,890.633056640625,839.072265625
342,16,869.3798828125,819.12841796875
342,17,849.0843505859375,799.9677124023438
342,18,1053.6329345703125,940.3463134765625
342,19,1028.8218994140625,919.8213500976562
342,20,1004.3428955078125,899.2969360351562
342,21,980.6638793945312,879.2055053710938
342,22,957.24462890625,858.98291015625
342,23,934.72900390625,839.0696411132812
342,24,912.96875,819.607177734375
342,27,1074.8328857421875,917.8731689453125
342,28,1050.1072998046875,897.7915649414062
342,29,1026.035888671875,877.7549438476562
342,30,1002.1493530273438,858.2854614257812
342,31,978.974853515625,838.9382934570312
342,32,956.2547607421875,819.8455810546875
342,36,1095.29150390625,895.4691772460938
342,37,1070.8724365234375,876.062744140625
342,38,1046.8765869140625,856.7484741210938
342,39,1023.2100830078125,837.6315307617188
342,40,999.873046875,819.143310546875
342,41,977.6198120117188,800.5031127929688
342,45,1114.868896484375,873.8386840820312
342,46,1090.494873046875,854.670654296875
342,47,1066.6929931640625,836.0125732421875
342,48,1043.447509765625,817.732177734375
342,49,1020.1796875,799.7337036132812
342,50,997.8819580078125,781.507568359375
342,54,1133.2657470703125,852.8952026367188
342,55,1109.26611328125,834.3283081054688
342,56,1085.676025390625,816.0618896484375
342,57,1062.681884765625,798.0899047851562
342,58,1039.7109375,780.4636840820312
343,2,933.4634399414062,949.2908935546875
343,3,914.2705078125,930.264404296875
343,4,895.2429809570312,911.5523071289062
343,5,877.1329956054688,893.2442626953125
343,6,859.708740234375,875.4014892578125
343,7,842.8150634765625,857.664794921875
343,8,826.3309326171875,840.1495971679688
343,9,995.4506225585938,968.2546997070312
343,10,974.8687744140625,949.1939086914062
343,18,1016.3799438476562,948.6907348632812
343,27,1036.643798828125,928.97509765625
343,33,919.8777465820312,824.064697265625
343,34,902.2534790039062,807.8477783203125
343,35,885.2099609375,792.0051879882812
343,36,1056.34912109375,909.2426147460938
343,37,1035.7210693359375,891.6730346679688
343,38,1015.2421875,874.1384887695312
343,39,995.5113525390625,856.9063110351562
343,42,939.0862426757812,807.251220703125
343,43,921.5790405273438,791.3882446289062
343,44,904.580078125,776.130126953125
343,47,1034.4422607421875,855.6600952148438
343,48,1014.6361083984375,838.9039306640625
343,49,995.1679077148438,822.5081176757812
343,50,976.382568359375,806.4337158203125
343,59,994.9588012695312,789.5759887695312
344,0,900.1290893554688,1053.9295654296875
344,1,893.9196166992188,1023.0100708007812
344,2,887.7686157226562,992.2250366210938
344,3,881.9854736328125,961.9301147460938
344,4,876.3939208984375,931.6279907226562
344,5,871.0125122070312,902.0390014648438
344,6,865.7483520507812,873.1075439453125
344,7,860.7259521484375,844.75341796875
344,8,856.0838012695312,816.7496337890625
344,9,932.543212890625,1047.8634033203125
344,10,925.9623413085938,1017.010009765625
344,11,919.53076171875,986.4876098632812
344,12,913.367919921875,956.0484008789062
344,13,907.3389282226562,925.9999389648438
344,14,901.5501098632812,896.6646728515625
344,15,896.0253295898438,867.5341796875
344,16,890.37060546875,839.0216064453125
344,17,885.10546875,811.5069580078125
344,18,964.7388916015625,1041.139404296875
344,19,957.9656372070312,1010.458740234375
344,20,951.239501953125,980.0640258789062
344,21,944.5033569335938,950.2387084960938
344,22,937.9140014648438,919.9605712890625
344,23,931.8535766601562,890.7967529296875
344,24,925.741455078125,861.7520751953125
344,25,920.0639038085938,833.50732421875
344,26,914.3989868164062,806.1346435546875
344,27,996.9228515625,1034.1925048828125
344,28,989.7611694335938,1003.7625732421875
344,29,982.5609130859375,973.4285278320312
344,30,975.8202514648438,943.3613891601562
344,31,968.8353881835938,913.7799682617188
344,32,962.0803833007812,884.5029296875
344,33,955.6240844726562,856.0010986328125
344,34,949.2680053710938,827.8869018554688
344,35,943.3131103515625,800.5797119140625
344,36,1028.5316162109375,1026.7232666015625
344,37,1021.4326171875,996.4977416992188
344,38,1014.0050659179688,966.2067260742188
344,39,1006.6141357421875,936.272216796875
344,40,999.2535400390625,907.0452270507812
344,41,992.22119140625,878.12255859375
344,42,985.464599609375,849.6780395507812
344,43,978.8071899414062,822.0330810546875
344,44,972.083251953125,794.9950561523438
344,45,1060.047607421875,1019.0297241210938
344,46,1052.4075927734375,988.770263671875
344,47,1044.7567138671875,958.883056640625
344,48,1037.098388671875,929.2723999023438
344,49,1029.465576171875,900.137939453125
344,50,1022.0402221679688,871.3726806640625
344,51,1014.8355712890625,843.3046264648438
344,52,1007.52978515625,815.5946044921875
344,53,1000.4512939453125,788.7390747070312
344,54,1090.6015625,1010.7160034179688
344,55,1083.03759765625,980.9796752929688
344,56,1074.9324951171875,951.2247314453125
344,57,1067.01123046875,922.1982421875
344,58,1059.0230712890625,892.9758911132812
344,59,1051.34814453125,864.5533447265625
344,60,1043.8167724609375,836.7257080078125
344,61,1036.1175537109375,809.4664916992188
344,62,1028.6170654296875,782.7186889648438
345,0,980.3680419921875,986.2927856445312
345,1,959.1414794921875,968.0358276367188
345,2,938.2691040039062,949.8370361328125
345,3,918.0537109375,931.9197387695312
345,4,898.0811157226562,913.9674682617188
345,5,878.8782348632812,896.4047241210938
345,9,999.7310791015625,966.0123291015625
345,10,978.6491088867188,948.3275146484375
345,11,957.8599853515625,930.7833862304688
345,12,937.4176025390625,913.1912841796875
345,13,917.479248046875,895.7807006835938
345,14,898.24169921875,878.6106567382812
345,18,1018.548095703125,946.33447265625
345,19,997.4258422851562,929.0122680664062
345,20,976.6580810546875,911.8087158203125
345,21,956.31689453125,894.7077026367188
345,22,936.3928833007812,877.7863159179688
345,27,1036.81640625,926.7415771484375
345,28,1015.765625,909.8174438476562
345,29,995.0820922851562,892.8479614257812
345,30,974.8421630859375,876.3374633789062
345,31,954.933837890625,859.8099975585938
345,36,1054.6287841796875,906.9898071289062
345,37,1033.7354736328125,890.7000732421875
345,38,1013.0037841796875,874.2630004882812
345,39,992.9155883789062,858.06201171875
345,40,972.9815673828125,842.0823364257812
345,41,953.6030883789062,826.1205444335938
345,49,990.3897705078125,824.6625366210938
345,50,971.1351928710938,809.138671875
346,0,831.5238037109375,929.8241577148438
346,1,827.9677734375,888.6860961914062
346,2,824.6480102539062,846.0711059570312
346,3,821.334228515625,803.1072387695312
346,4,818.1129760742188,759.1064453125
346,5,815.5567016601562,715.21728515625
346,6,813.1002197265625,671.5004272460938
346,7,810.42724609375,627.9154663085938
346,8,808.4727172851562,584.8494262695312
346,9,873.352783203125,930.3067626953125
346,10,869.9448852539062,888.0609741210938
346,11,866.8324584960938,845.3609008789062
346,12,863.7116088867188,801.4834594726562
346,13,860.7584838867188,757.0399780273438
346,14,857.5457153320312,712.408935546875
346,15,854.9228515625,668.2899780273438
346,16,851.9733276367188,623.9236450195312
346,17,849.6851196289062,580.3825073242188
346,18,916.3756713867188,929.5557861328125
346,19,913.4061889648438,887.5198974609375
346,20,910.2210083007812,843.8692626953125
346,21,907.1875610351562,799.5504760742188
346,22,904.0955810546875,754.552978515625
346,23,900.9502563476562,709.91455078125
346,24,897.8629150390625,664.75439453125
346,25,895.0435791015625,620.0006713867188
346,26,892.5938110351562,576.064208984375
346,27,960.540771484375,928.8291625976562
346,28,957.495361328125,885.8419799804688
346,29,954.6405029296875,842.2720947265625
346,30,951.6397094726562,797.2526245117188
346,31,948.7404174804688,751.9496459960938
346,32,945.56640625,706.53759765625
346,33,942.1891479492188,661.263671875
346,34,939.1246948242188,615.8002319335938
346,35,936.3272094726562,571.7943725585938
346,36,1005.1951904296875,927.1932373046875
346,37,1002.9332885742188,884.0050048828125
346,38,1000.0330200195312,839.8096313476562
346,39,997.2568359375,794.85546875
346,40,994.3031616210938,749.1134643554688
346,41,990.9708862304688,703.0294799804688
346,42,987.4074096679688,657.245361328125
346,43,984.1015014648438,612.1349487304688
346,44,980.7355346679688,567.2858276367188
346,45,1050.5677490234375,925.1593017578125
346,46,1048.27734375,882.02197265625
346,47,1045.3748779296875,837.7090454101562
346,48,1042.777587890625,791.8007202148438
346,49,1039.91748046875,745.7421264648438
346,50,1036.594482421875,699.6196899414062
346,51,1033.0159912109375,653.6035766601562
346,52,1029.40283203125,607.9486083984375
346,53,1025.3583984375,563.1839599609375
346,55,1093.7471923828125,878.83056640625
346,56,1091.277587890625,834.0767211914062
346,57,1088.8677978515625,788.52587890625
346,58,1085.9276123046875,742.3202514648438
346,59,1082.318603515625,695.7633056640625
346,60,1078.863525390625,649.9185180664062
346,61,1074.739990234375,603.816650390625
346,62,1070.317138671875,558.6751708984375
347,2,939.2423706054688,954.871337890625
347,3,919.6098022460938,936.250244140625
347,9,1000.8282470703125,972.7478637695312
347,10,979.9900512695312,954.197509765625
347,15,883.3193969726562,865.3828735351562
347,16,865.5065307617188,848.26220703125
347,18,1020.7980346679688,953.3975830078125
347,24,902.86572265625,848.5526733398438
347,27,1039.8148193359375,934.1036376953125
347,33,921.9443969726562,832.1228637695312
347,36,1058.314453125,914.74169921875
347,45,1076.6263427734375,896.0621948242188
348,0,504.95074462890625,283.86956787109375
348,3,460.8804016113281,291.2071228027344
348,4,445.1948547363281,292.64532470703125
348,5,429.6989440917969,296.1109924316406
348,6,414.0614013671875,298.07684326171875
348,7,399.0352478027344,300.54876708984375
348,8,382.90625,301.8125
348,9,501.34918212890625,270.28997802734375
348,12,457.82598876953125,277.3553466796875
348,15,412.2801818847656,284.263916015625
348,16,397.0311279296875,285.9407653808594
348,17,382.159912109375,288.7209777832031
348,18,497.8399658203125,257.3696594238281
348,19,482.72601318359375,260.0036315917969
348,20,469.1605529785156,261.3742370605469
348,21,455.0196533203125,264.3009033203125
348,24,410.0260925292969,270.6669616699219
348,25,395.7286682128906,273.0477600097656
348,26,380.5825500488281,275.31573486328125
348,31,437.3890686035156,254.04104614257812
348,32,423.09002685546875,255.4459228515625
348,33,408.7623596191406,258.1419677734375
348,34,393.71380615234375,260.0535583496094
348,35,379.728271484375,262.7486572265625
348,43,392.6739501953125,247.89959716796875
348,44,378.1291809082031,249.9960479736328
348,45,487.6168518066406,222.3234100341797
348,53,376.75457763671875,238.7130126953125
348,54,484.054443359375,211.46371459960938
349,0,436.758056640625,473.9870910644531
349,1,424.0171813964844,468.257568359375
349,4,386.177978515625,450.4967041015625
349,5,374.0809326171875,444.34136962890625
349,6,362.4497375488281,438.1700439453125
349,9,443.11712646484375,461.79443359375
349,10,430.0204162597656,455.9360046386719
349,13,392.064208984375,437.97296142578125
349,14,380.9114990234375,431.8150329589844
349,15,369.08319091796875,427.0646667480469
349,22,398.9628601074219,427.2677001953125
349,23,386.863037109375,422.0416564941406
349,24,375.1919860839844,415.9205017089844
349,33,381.8388977050781,405.2513122558594
349,61,389.1416015625,369.0065612792969
349,62,378.519287109375,364.19580078125
350,0,477.5217590332031,368.2291259765625
350,1,461.725830078125,370.848876953125
350,2,445.134033203125,372.43206787109375
350,3,429.0806579589844,374.4969787597656
350,4,412.84857177734375,376.4938049316406
350,5,396.066162109375,378.83074951171875
350,6,380.6361999511719,380.0003662109375
350,7,365.14013671875,381.5611267089844
350,8,349.7828674316406,382.8265380859375
350,9,475.62786865234375,352.0162353515625
350,10,459.37353515625,354.0247497558594
350,11,443.0889587402344,356.4774475097656
350,12,426.4253234863281,359.1998291015625
350,13,410.39385986328125,360.916259765625
350,14,394.6565246582031,363.195556640625
350,15,378.0198059082031,364.65472412109375
350,16,362.62701416015625,366.0802001953125
350,17,347.0734558105469,367.75689697265625
350,18,473.0506286621094,336.1126708984375
350,19,457.23095703125,338.16900634765625
350,20,441.0626525878906,340.52764892578125
350,21,424.5260925292969,342.9466247558594
350,22,408.3920593261719,344.86572265625
350,23,392.1664123535156,346.60107421875
350,24,376.0634460449219,348.69482421875
350,25,360.3763427734375,350.5097351074219
350,26,345.43218994140625,351.8722839355469
350,29,438.9381408691406,324.3105773925781
350,30,422.7067565917969,326.3213195800781
350,31,406.28314208984375,328.73797607421875
350,32,390.0643005371094,330.6319580078125
350,33,374.0496826171875,332.65185546875
350,34,358.4084777832031,334.4263000488281
350,35,343.2442626953125,336.1687316894531
350,38,436.81988525390625,308.42828369140625
350,39,420.2278137207031,310.0823059082031
350,40,403.9908142089844,312.51910400390625
350,41,388.0220031738281,314.89593505859375
350,42,372.05426025390625,315.8945007324219
350,43,356.5885925292969,318.54681396484375
350,44,341.2293395996094,320.4217529296875
350,45,467.03594970703125,287.2776184082031
350,46,450.744140625,289.31787109375
350,47,434.38690185546875,291.6963806152344
350,48,417.92828369140625,294.0719909667969
350,49,402.05670166015625,296.0467224121094
350,50,385.9234924316406,298.89892578125
350,51,370.1177673339844,300.4931640625
350,52,354.75543212890625,302.6913757324219
350,53,339.6996765136719,304.3834228515625
350,54,464.4845886230469,270.968505859375
350,55,448.3404235839844,273.8876037597656
350,56,432.1383056640625,275.56048583984375
350,57,416.120361328125,277.94537353515625
350,58,399.9388122558594,280.187255859375
350,59,383.8377990722656,282.94268798828125
350,60,367.9734191894531,284.87969970703125
350,61,352.968017578125,286.8547668457031
350,62,337.53167724609375,289.1534118652344
351,7,338.11138916015625,434.2824401855469
351,8,327.8029479980469,428.2775573730469
351,18,432.1131896972656,451.8297119140625
351,27,438.2487487792969,440.3585205078125
351,42,374.0596618652344,396.88995361328125
351,50,391.3453369140625,392.2459411621094
351,51,380.76220703125,387.5411682128906
351,57,418.90625,390.90625
351,58,408.1276550292969,386.7806701660156
351,59,397.5575866699219,382.17291259765625
351,60,386.6859130859375,377.35748291015625
352,0,980.3485107421875,986.2736206054688
352,1,959.1585693359375,968.0145874023438
352,2,938.2222290039062,949.8872680664062
352,3,918.046142578125,931.949951171875
352,4,898.0897216796875,913.9224243164062
352,7,842.0457153320312,861.8593139648438
352,9,999.854736328125,966.0244140625
352,10,978.5125122070312,948.3418579101562
352,11,957.8151245117188,930.776611328125
352,12,937.4354858398438,913.25732421875
352,13,917.5347900390625,895.8116455078125
352,16,861.1033325195312,844.7771606445312
352,18,1018.5984497070312,946.3607788085938
352,19,997.3514404296875,928.9942016601562
352,20,976.6934204101562,911.8156127929688
352,21,956.4019775390625,894.7240600585938
352,22,936.3690795898438,877.7933959960938
352,23,917.0073852539062,860.934814453125
352,24,898.248046875,844.2539672851562
352,25,879.8534545898438,827.9974365234375
352,27,1036.8057861328125,926.71630859375
352,28,1015.7291870117188,909.7802124023438
352,29,995.0401000976562,892.871337890625
352,30,974.847412109375,876.3186645507812
352,35,880.5220336914062,796.260498046875
352,36,1054.6473388671875,907.072265625
352,39,992.9298706054688,858.043701171875
352,45,1071.7926025390625,888.0368041992188
352,48,1010.3098754882812,840.10986328125
352,54,1088.4189453125,869.3445434570312
353,0,983.0238647460938,998.0223999023438
353,1,961.9983520507812,979.1063842773438
353,2,941.567138671875,960.2312622070312
353,9,1003.038818359375,978.0091552734375
353,10,981.9769287109375,959.7158203125
353,16,866.1648559570312,852.6119384765625
353,17,848.8018798828125,835.6331176757812
353,18,1022.2852172851562,958.4646606445312
353,22,941.2302856445312,887.4697265625
353,23,922.04443359375,870.0218505859375
353,24,903.5615234375,852.83984375
353,25,885.3397216796875,835.9874877929688
353,26,867.8109130859375,819.7000122070312
353,27,1041.18408203125,939.0048828125
353,30,979.9229736328125,886.9217529296875
353,31,960.0540771484375,869.787841796875
353,32,941.0911865234375,853.0040283203125
353,36,1059.704345703125,919.5963745117188
353,37,1038.8350830078125,902.5036010742188
353,38,1018.3264770507812,885.4113159179688
353,41,959.6710815429688,835.7053833007812
354,0,966.65771484375,995.3106689453125
354,1,936.1911010742188,970.8380737304688
354,2,907.0237426757812,946.5199584960938
354,3,878.7907104492188,922.68896484375
354,4,851.6245727539062,899.0003051757812
354,5,825.9172973632812,876.2271728515625
354,6,801.2847900390625,854.126220703125
354,7,777.8054809570312,832.4180908203125
354,8,755.4723510742188,811.5526123046875
354,9,992.6708374023438,964.8291625976562
354,10,962.14404296875,941.095947265625
354,11,932.8418579101562,917.7005615234375
354,12,904.3216552734375,894.5220336914062
354,13,877.0406494140625,871.8942260742188
354,14,850.7868041992188,849.7350463867188
354,15,825.9044799804688,828.1981201171875
354,16,801.7276000976562,807.1065673828125
354,17,779.2479248046875,787.0757446289062
354,18,1018.1776123046875,934.6676635742188
354,19,987.6065063476562,911.661865234375
354,20,957.9332885742188,888.9408569335938
354,21,929.4332885742188,866.7073364257812
354,22,901.682373046875,844.7993774414062
354,23,875.32421875,823.2847290039062
354,24,849.9276123046875,802.4193115234375
354,25,825.7048950195312,782.2109375
354,26,803.0076293945312,763.27587890625
354,27,1042.86376953125,904.6837768554688
354,28,1012.2561645507812,882.263916015625
354,29,982.5636596679688,860.1369018554688
354,30,953.795654296875,838.9921264648438
354,31,926.0677490234375,817.798828125
354,32,899.4319458007812,797.3096313476562
354,33,873.9317626953125,777.2042236328125
354,34,849.4639282226562,757.8799438476562
354,35,826.3029174804688,739.690185546875
354,36,1066.9210205078125,874.3424072265625
354,37,1036.2381591796875,853.0222778320312
354,38,1006.5042114257812,831.8074340820312
354,39,977.7111206054688,811.0380859375
354,40,949.8069458007812,791.0020751953125
354,41,923.0479736328125,771.2238159179688
354,42,897.3549194335938,751.8665771484375
354,43,872.7991333007812,733.58251953125
354,44,849.26513671875,716.0020751953125
354,45,1089.9827880859375,845.056396484375
354,46,1059.5513916015625,824.0604248046875
354,47,1029.664306640625,803.8021850585938
354,48,1000.8543090820312,783.9085693359375
354,49,972.95263671875,764.6647338867188
354,50,945.9993286132812,745.6115112304688
354,51,920.0858154296875,726.9854736328125
354,52,895.196533203125,709.4327392578125
354,53,871.788818359375,692.7991333007812
354,54,1111.9774169921875,816.3612060546875
354,55,1081.6937255859375,796.1486206054688
354,56,1052.08740234375,776.5459594726562
354,57,1023.2996215820312,757.32080078125
354,58,995.1964111328125,738.5330810546875
354,59,968.2858276367188,720.6080932617188
354,60,942.3441162109375,703.1117553710938
354,61,917.462890625,686.0383911132812
354,62,893.4093627929688,669.7549438476562
355,0,502.90863037109375,250.52645874023438
355,1,487.6678161621094,252.93435668945312
355,2,471.06591796875,254.5792236328125
355,5,421.4041748046875,260.13079833984375
355,6,404.17205810546875,262.6720886230469
355,7,387.4386901855469,264.67010498046875
355,8,371.0831298828125,265.73272705078125
355,9,498.4904479980469,240.43995666503906
355,10,483.0490417480469,241.9214324951172
355,11,467.8066711425781,243.71588134765625
355,14,419.5110168457031,249.90296936035156
355,17,370.98876953125,255.36297607421875
355,18,494.3597412109375,230.99630737304688
355,19,479.49176025390625,232.7690887451172
355,20,464.14404296875,233.96359252929688
355,21,449.251708984375,235.94313049316406
355,22,433.4902038574219,237.73876953125
355,23,417.85723876953125,239.8721466064453
355,31,431.6406555175781,228.8992919921875
355,32,416.33990478515625,230.17018127441406
355,40,429.3116760253906,219.87628173828125
356,0,873.3050537109375,812.477783203125
356,1,863.4979248046875,771.3729858398438
356,2,853.9625244140625,729.8102416992188
356,3,844.2662353515625,688.005615234375
356,4,834.445556640625,646.0799560546875
356,5,825.8641967773438,604.7544555664062
356,6,816.8938598632812,564.0857543945312
356,7,808.5453491210938,523.8408203125
356,8,800.6934204101562,484.66607666015625
356,9,914.2960815429688,804.2125854492188
356,10,904.48876953125,762.6369018554688
356,11,894.8148803710938,720.4304809570312
356,12,884.8978881835938,678.4225463867188
356,13,875.5775146484375,635.8905639648438
356,14,865.6637573242188,594.2440185546875
356,15,856.9269409179688,553.162109375
356,16,847.66162109375,512.674560546875
356,17,839.1812744140625,473.044921875
356,18,955.8381958007812,795.4906005859375
356,19,946.3096313476562,753.3917846679688
356,20,936.4393920898438,711.0100708007812
356,21,926.5613403320312,668.8506469726562
356,22,916.6184692382812,625.9221801757812
356,23,907.1267700195312,583.7686767578125
356,24,897.25,542.3799438476562
356,25,887.963623046875,501.6449890136719
356,26,879.0260009765625,462.3830261230469
356,27,998.439208984375,786.198486328125
356,28,988.1581420898438,743.9512939453125
356,29,978.721435546875,701.2687377929688
356,30,968.5150756835938,658.3707885742188
356,31,958.7251586914062,615.7254638671875
356,32,948.7738037109375,573.40625
356,33,938.7463989257812,531.8372802734375
356,34,928.9110107421875,490.9097595214844
356,35,919.5634765625,451.5196228027344
356,36,1040.8544921875,776.7490844726562
356,37,1031.536376953125,734.3427124023438
356,38,1021.5955810546875,691.3217163085938
356,39,1011.7084350585938,648.4019165039062
356,40,1000.955810546875,605.0752563476562
356,41,990.9991455078125,562.7388916015625
356,42,980.5298461914062,520.837158203125
356,43,970.63525390625,480.0310974121094
356,44,960.4544677734375,440.5408630371094
356,45,1083.9896240234375,767.0473022460938
356,46,1074.2044677734375,724.2340087890625
356,47,1064.6475830078125,680.9669799804688
356,48,1054.26220703125,637.9913330078125
356,49,1043.8663330078125,594.8449096679688
356,50,1033.3084716796875,552.3250122070312
356,51,1022.8915405273438,510.17437744140625
356,52,1012.1143188476562,469.6058044433594
356,53,1001.7048950195312,429.9501037597656
356,54,1126.29833984375,756.9349975585938
356,55,1117.2159423828125,713.8611450195312
356,56,1106.983642578125,670.7203979492188
356,57,1097.022216796875,627.7182006835938
356,58,1086.2359619140625,584.4364624023438
356,59,1075.7452392578125,541.9159545898438
356,60,1064.6026611328125,500.0887451171875
356,61,1053.7491455078125,459.0291442871094
356,62,1042.5531005859375,419.6869201660156
357,0,985.9985961914062,993.4625854492188
357,1,945.5704956054688,966.38671875
357,2,906.5855102539062,939.734619140625
357,3,869.616455078125,913.4004516601562
357,4,834.1209716796875,887.3585205078125
357,5,800.9303588867188,862.5757446289062
357,6,769.834716796875,838.4904174804688
357,7,740.2743530273438,814.8934326171875
357,8,712.6195678710938,792.3201293945312
357,9,1014.8715209960938,955.419921875
357,10,974.7740478515625,929.8519897460938
357,11,936.1348266601562,904.8670043945312
357,12,899.2348022460938,879.7906494140625
357,13,863.9871215820312,855.5814208984375
357,14,830.72900390625,831.8302612304688
357,15,799.0869140625,808.8892211914062
357,16,769.1770629882812,786.3157958984375
357,17,741.3535766601562,765.2471923828125
357,18,1041.9970703125,918.9432373046875
357,19,1002.3409423828125,894.79345703125
357,20,964.1788330078125,870.8136596679688
357,21,927.6566162109375,847.43359375
357,22,892.4125366210938,824.394775390625
357,23,858.9915771484375,801.895751953125
357,24,827.3336791992188,779.9309692382812
357,25,797.478759765625,759.094482421875
357,26,769.47607421875,739.6363525390625
357,27,1067.5950927734375,883.5856323242188
357,28,1028.6151123046875,860.5340576171875
357,29,990.9487915039062,837.7606201171875
357,30,954.7490844726562,815.863037109375
357,31,919.668212890625,794.0423583984375
357,32,886.5406494140625,773.14501953125
357,33,854.9013061523438,752.3799438476562
357,34,824.8781127929688,732.8867797851562
357,35,796.8359375,714.5914916992188
357,36,1091.618896484375,848.9842529296875
357,37,1053.2738037109375,827.39990234375
357,38,1016.1347045898438,806.056640625
357,39,980.2553100585938,785.0702514648438
357,40,945.711669921875,764.9745483398438
357,41,912.7942504882812,745.0599975585938
357,42,881.2302856445312,725.5628662109375
357,43,851.2471313476562,707.2439575195312
357,44,823.010498046875,689.8766479492188
357,45,1113.8692626953125,816.605712890625
357,46,1076.4593505859375,795.6373291015625
357,47,1039.9034423828125,775.4130859375
357,48,1004.6666870117188,755.77099609375
357,49,970.32763671875,736.8660278320312
357,50,937.4850463867188,717.8988647460938
357,51,906.2889404296875,699.5638427734375
357,52,876.348388671875,682.242919921875
357,53,847.914794921875,665.9649658203125
357,54,1134.4918212890625,785.9199829101562
357,55,1097.9871826171875,765.98974609375
357,56,1062.1182861328125,746.6972045898438
357,57,1027.3314208984375,727.8807983398438
357,58,993.5318603515625,709.68115234375
357,59,961.188232421875,692.0220947265625
357,60,930.1734619140625,675.1555786132812
357,61,900.4342041015625,658.8110961914062
357,62,872.0985717773438,643.1324462890625
358,0,1023.32421875,677.9974975585938
358,1,997.3697509765625,650.6553344726562
358,2,971.3538208007812,623.2697143554688
358,3,945.5960693359375,596.234130859375
358,4,919.9368896484375,569.099853515625
358,5,894.7844848632812,542.9013061523438
358,6,870.0064086914062,516.98876953125
358,7,845.867431640625,491.36383056640625
358,8,822.3831787109375,466.5932312011719
358,9,1047.787353515625,654.1390991210938
358,10,1022.1768798828125,627.3113403320312
358,11,996.4249267578125,600.7235107421875
358,12,971.1204223632812,574.1836547851562
358,13,945.7667236328125,548.030029296875
358,14,920.7977294921875,522.0867309570312
358,15,896.6107177734375,496.8729553222656
358,16,872.590087890625,471.70989990234375
358,17,849.21875,447.5140686035156
358,18,1070.598388671875,631.3275146484375
358,19,1045.710693359375,605.1522216796875
358,20,1020.5090942382812,579.0347290039062
358,21,995.41552734375,553.1693725585938
358,22,970.4389038085938,527.5631103515625
358,23,946.1129760742188,502.3414306640625
358,24,921.9796142578125,477.18511962890625
358,25,898.1700439453125,453.10723876953125
358,26,874.8643188476562,430.100341796875
358,27,1092.74072265625,609.4203491210938
358,28,1068.1861572265625,583.7896118164062
358,29,1043.7742919921875,558.0636596679688
358,30,1019.0130004882812,532.9549560546875
358,31,994.3843383789062,507.8484802246094
358,32,970.113525390625,483.4222412109375
358,33,946.4902954101562,459.0669250488281
358,34,922.9494018554688,435.5052795410156
358,35,899.7149658203125,413.10430908203125
358,36,1114.039794921875,588.14013671875
358,37,1089.9599609375,563.08544921875
358,38,1065.6954345703125,538.1155395507812
358,39,1041.65185546875,513.2940673828125
358,40,1017.2886962890625,489.1786804199219
358,41,993.5510864257812,465.11767578125
358,42,970.1476440429688,441.380126953125
358,43,946.7133178710938,418.80419921875
358,44,923.8717041015625,396.6296081542969
358,45,1134.03369140625,567.94384765625
358,46,1110.639892578125,543.1629028320312
358,47,1086.9271240234375,518.8801879882812
358,48,1063.1505126953125,494.7950134277344
358,49,1039.240478515625,471.1036682128906
358,50,1015.977294921875,447.6061096191406
358,51,992.8668823242188,424.5816650390625
358,52,969.7929077148438,402.2252502441406
358,53,947.1031494140625,380.69921875
358,54,1152.871337890625,548.9681396484375
358,55,1130.038818359375,524.7539672851562
358,56,1106.862060546875,500.8321838378906
358,57,1083.7987060546875,477.2307434082031
358,58,1060.41015625,453.8575439453125
358,59,1037.348876953125,431.0910339355469
358,60,1014.2713012695312,408.8566589355469
358,61,991.697998046875,387.0582580566406
358,62,969.2473754882812,365.9054870605469
359,0,492.5934753417969,340.93115234375
359,1,477.2703552246094,344.07916259765625
359,2,461.4082946777344,347.0661315917969
359,3,446.1695251464844,349.60498046875
359,4,430.4708557128906,352.1004333496094
359,5,414.8674011230469,354.5886535644531
359,6,399.0456848144531,357.0608825683594
359,7,383.66748046875,359.03265380859375
359,8,368.0473937988281,361.1263732910156
359,9,490.24200439453125,325.9015808105469
359,10,474.9449768066406,329.0805969238281
359,11,458.4928894042969,330.61968994140625
359,12,443.615478515625,334.0422058105469
359,13,428.17633056640625,336.9405822753906
359,14,412.4999694824219,338.9864501953125
359,15,395.9488525390625,341.9070739746094
359,16,381.1311950683594,343.9812316894531
359,17,364.940185546875,346.1947021484375
359,18,488.10986328125,311.076416015625
359,19,472.38739013671875,313.375
359,20,456.9607238769531,316.02813720703125
359,21,441.3839416503906,318.22772216796875
359,22,425.168212890625,321.24298095703125
359,23,409.95025634765625,323.41552734375
359,24,394.2069396972656,325.59228515625
359,25,378.3634338378906,328.3041687011719
359,26,363.10687255859375,330.104248046875
359,27,485.2676696777344,295.1726989746094
359,28,470.1079406738281,298.0462646484375
359,29,453.7138977050781,299.7854309082031
359,30,439.0931396484375,303.18853759765625
359,31,423.1568908691406,305.0538024902344
359,32,407.37957763671875,307.8315124511719
359,33,391.62115478515625,310.62255859375
359,34,376.1001281738281,312.16064453125
359,35,360.10662841796875,315.2505798339844
359,36,482.8778076171875,279.8587646484375
359,37,467.40576171875,282.2565002441406
359,38,451.997802734375,284.8105163574219
359,39,436.485595703125,286.787353515625
359,40,420.65716552734375,289.0740966796875
359,41,404.6511535644531,292.1864318847656
359,42,389.2306213378906,294.3434143066406
359,43,373.0611572265625,297.2510070800781
359,44,358.5860290527344,299.0548095703125
359,45,480.31561279296875,264.1637878417969
359,46,465.0067443847656,266.4480285644531
359,47,449.31610107421875,269.1955871582031
359,48,434.06365966796875,271.9087219238281
359,49,417.0703125,273.2626647949219
359,50,402.4228820800781,276.12445068359375
359,51,386.6255187988281,279.06793212890625
359,52,371.26348876953125,280.9225158691406
359,53,356.25946044921875,284.1432800292969
359,54,477.0806884765625,249.14932250976562
359,55,462.43621826171875,250.9955596923828
359,56,446.9107666015625,253.12403869628906
359,57,431.2930603027344,256.1340026855469
359,58,415.2514953613281,258.8832702636719
359,59,399.99298095703125,261.0277099609375
359,60,384.5370788574219,263.7340087890625
359,61,369.15179443359375,266.0440673828125
359,62,353.9423828125,268.2793273925781
360,0,504.20452880859375,271.84033203125
360,1,489.6566467285156,274.5062561035156
360,2,474.13897705078125,276.4276428222656
360,3,458.8886413574219,279.2575988769531
360,4,442.9972839355469,281.5174560546875
360,9,500.4541931152344,259.93609619140625
360,10,485.98577880859375,262.6068115234375
360,18,496.533935546875,248.50440979003906
360,19,482.3382568359375,250.76531982421875
360,24,408.0958557128906,261.019287109375
360,25,392.8670349121094,262.9298095703125
360,27,493.10498046875,237.77723693847656
360,28,478.8023376464844,239.6295166015625
360,31,436.0823059082031,245.17523193359375
360,32,421.14263916015625,246.87294006347656
360,33,406.9527587890625,249.2460479736328
360,34,391.83154296875,251.2135772705078
360,35,376.85528564453125,253.9196014404297
360,36,489.0258483886719,226.89263916015625
360,40,433.60595703125,234.5888671875
361,0,505.1662902832031,314.94622802734375
361,1,491.2876281738281,318.1083068847656
361,2,476.02410888671875,320.9106140136719
361,3,461.6861877441406,324.0437316894531
361,4,445.90625,325.90625
361,5,431.75177001953125,329.2462463378906
361,6,416.8854064941406,332.01177978515625
361,7,402.18341064453125,334.6991882324219
361,8,386.887939453125,336.9836730957031
361,9,502.67706298828125,300.4173583984375
361,10,488.13311767578125,303.0604553222656
361,13,444.10052490234375,311.0894470214844
361,14,429.0697326660156,314.0682373046875
361,15,413.9774169921875,317.0330505371094
361,16,399.0624084472656,319.8416748046875
361,17,384.2510070800781,322.2336120605469
361,18,499.9008483886719,285.95404052734375
361,22,441.2138977050781,296.5945739746094
361,23,426.5574951171875,299.4862365722656
361,24,411.4363708496094,302.1469421386719
361,25,395.71014404296875,303.76123046875
361,26,381.89013671875,307.4501647949219
361,27,497.0784912109375,271.289306640625
361,30,453.3119812011719,279.2457275390625
361,31,438.2633972167969,282.188232421875
361,32,423.8217468261719,284.748779296875
361,33,408.9385986328125,287.4205322265625
361,34,393.6333923339844,290.0455627441406
361,35,379.38671875,292.2725524902344
361,36,494.02886962890625,256.6224060058594
361,39,450.63775634765625,264.7257995605469
361,40,435.5617370605469,267.40264892578125
361,41,421.1114807128906,269.7756042480469
361,42,406.11505126953125,271.9456481933594
361,43,391.3108825683594,275.2640075683594
361,44,376.4496154785156,278.0497131347656
361,48,446.60400390625,250.43313598632812
361,49,433.14874267578125,252.10577392578125
361,50,418.2613830566406,254.88351440429688
361,51,403.91949462890625,258.0162048339844
361,52,389.12554931640625,260.64349365234375
361,53,374.3645935058594,263.28326416015625
361,56,459.0993957519531,233.33570861816406
361,57,445.167724609375,235.13365173339844
361,58,430.07904052734375,238.17413330078125
361,59,415.7108459472656,241.00413513183594
361,60,401.1827087402344,243.33580017089844
361,61,386.8017883300781,246.65093994140625
361,62,371.9862976074219,249.01490783691406
362,0,794.0140380859375,1000.3646240234375
362,1,773.9168701171875,979.3712768554688
362,2,754.739501953125,958.7113647460938
362,3,736.3678588867188,938.5396728515625
362,6,686.0938720703125,880.4630737304688
362,7,670.9155883789062,862.3084716796875
362,8,656.2412109375,844.5604248046875
362,9,816.8255615234375,979.9241333007812
362,10,796.599365234375,959.3089599609375
362,11,777.207275390625,939.2720947265625
362,12,758.644287109375,919.4951171875
362,15,707.3233642578125,863.1185913085938
362,16,691.5814208984375,845.1437377929688
362,17,676.8780517578125,827.89404296875
362,18,839.4564819335938,959.5120849609375
362,19,819.070556640625,939.44091796875
362,20,799.314697265625,919.88720703125
362,21,780.535888671875,900.7794189453125
362,24,728.190185546875,845.54443359375
362,25,712.3435668945312,828.2286376953125
362,26,697.2672119140625,811.830810546875
362,27,861.6741943359375,939.09716796875
362,28,841.1199951171875,919.64306640625
362,29,821.1458129882812,900.3695068359375
362,30,802.1115112304688,881.8797607421875
362,31,783.7156982421875,863.733154296875
362,32,766.1768798828125,845.8776245117188
362,33,749.2290649414062,828.3710327148438
362,34,733.1332397460938,811.4859619140625
362,36,883.7022705078125,918.4718017578125
362,37,863.0101928710938,899.539794921875
362,38,842.7824096679688,881.0509033203125
362,39,823.3781127929688,862.9241333007812
362,40,804.9589233398438,845.2613525390625
362,41,787.0770263671875,827.9682006835938
362,42,769.923095703125,810.9796142578125
362,43,753.5215454101562,794.8309326171875
362,45,905.1937866210938,898.2103271484375
362,46,884.0440063476562,879.7413330078125
362,47,863.9368286132812,861.7313842773438
362,48,844.3236083984375,844.1201782226562
362,49,825.7509155273438,827.0880737304688
362,50,807.4591064453125,810.1732177734375
362,54,926.0860595703125,878.3890380859375
362,59,827.9451293945312,792.7686157226562
363,0,485.1983642578125,370.2257995605469
363,1,469.90045166015625,371.9858703613281
363,2,454.7983093261719,371.5225524902344
363,3,439.6305236816406,371.92132568359375
363,4,424.0648498535156,371.683837890625
363,5,408.9839782714844,371.930908203125
363,6,393.4655456542969,371.91595458984375
363,7,378.62762451171875,371.4178466796875
363,8,364.0747985839844,370.3873596191406
363,9,484.776123046875,356.2887878417969
363,10,469.38250732421875,357.6153869628906
363,11,454.3751525878906,357.9940490722656
363,12,439.3218994140625,357.7099609375
363,13,424.6022644042969,357.43621826171875
363,14,409.6971740722656,357.6313171386719
363,15,394.9637451171875,357.75830078125
363,16,378.5965576171875,357.382080078125
363,19,468.97052001953125,343.9949951171875
363,20,453.63616943359375,344.12213134765625
363,21,439.92181396484375,343.8075256347656
363,22,424.6811828613281,344.19140625
363,23,409.6625061035156,344.5236511230469
363,24,395.4071350097656,343.50244140625
363,25,380.9562072753906,344.03790283203125
363,28,468.1258239746094,330.583984375
363,29,453.8737487792969,330.891845703125
363,30,439.5132751464844,330.4686584472656
363,31,424.52642822265625,331.4598693847656
363,32,410.6532287597656,330.9256591796875
363,33,396.7457580566406,330.7369079589844
363,34,381.6311950683594,330.8736572265625
363,35,367.9494934082031,331.1765441894531
363,36,481.7143859863281,317.1407165527344
363,39,439.2611083984375,318.3799133300781
363,40,424.8392028808594,318.365966796875
363,43,383.84246826171875,318.0475769042969
363,44,369.0262756347656,318.18304443359375
363,45,481.0700378417969,305.071044921875
363,48,439.2994689941406,305.5028076171875
363,49,425.0565490722656,306.3314514160156
364,0,983.062744140625,998.0238037109375
364,1,962.12060546875,979.1442260742188
364,2,941.5487670898438,960.245849609375
364,5,882.9871215820312,905.1207885742188
364,9,1003.1028442382812,977.9779052734375
364,10,982.0077514648438,959.7318115234375
364,11,961.5176391601562,941.5751342773438
364,14,902.8665161132812,887.6299438476562
364,15,884.15771484375,870.0487670898438
364,16,866.2050170898438,852.6973266601562
364,17,848.7339477539062,835.7118530273438
364,18,1022.2975463867188,958.49072265625
364,19,1001.469482421875,940.4169921875
364,20,980.9553833007812,922.7066040039062
364,21,960.977783203125,905.010009765625
364,22,941.2196044921875,887.5596313476562
364,23,922.1395263671875,870.0634765625
364,24,903.6180419921875,852.8900146484375
364,25,885.3775024414062,835.99755859375
364,26,867.8804321289062,819.9237060546875
364,27,1041.1976318359375,939.1705932617188
364,28,1020.3798217773438,921.3970336914062
364,29,999.950927734375,903.9197387695312
364,30,979.9327392578125,886.9037475585938
364,31,960.1203002929688,869.8278198242188
364,32,941.0908203125,852.9860229492188
364,33,922.5665283203125,836.1254272460938
364,34,904.348876953125,819.83349609375
364,36,1059.7138671875,919.685791015625
364,37,1038.9324951171875,902.5407104492188
364,38,1018.3662719726562,885.6746215820312
365,0,988.2698364257812,986.40869140625
365,1,967.3583984375,967.59033203125
365,2,946.3807983398438,949.024169921875
365,6,869.8170776367188,877.7138671875
365,7,852.1627197265625,860.4164428710938
365,8,835.0977172851562,843.80078125
365,11,966.9666748046875,929.9751586914062
365,14,908.0240478515625,877.2473754882812
365,15,889.8021240234375,860.3670043945312
365,16,871.8373413085938,843.6649169921875
365,43,928.9495239257812,794.805419921875
365,44,911.3295288085938,779.9615478515625
365,52,947.1190795898438,778.3619995117188
366,0,936.0695190429688,983.0958862304688
366,1,904.9312133789062,955.57763671875
366,2,874.7081909179688,928.2957763671875
366,3,845.7888793945312,901.7276000976562
366,4,817.7479248046875,875.242431640625
366,5,791.2208251953125,849.8206787109375
366,6,766.26513671875,825.1031494140625
366,7,742.117431640625,801.0108642578125
366,8,719.2545166015625,777.8973999023438
366,9,963.7673950195312,951.1129760742188
366,10,932.0173950195312,924.1505737304688
366,11,901.5140380859375,897.5570678710938
366,12,871.9627075195312,871.263916015625
366,13,843.6801147460938,845.6463012695312
366,14,816.603271484375,820.7493896484375
366,15,790.7788696289062,796.4473876953125
366,16,765.9478149414062,773.0491333007812
366,17,742.7774658203125,750.5147705078125
366,18,991.2438354492188,918.7540283203125
366,19,959.2213745117188,892.2237548828125
366,20,928.1495971679688,866.11279296875
366,21,898.3358764648438,840.7418823242188
366,22,869.357421875,815.5821533203125
366,23,841.7885131835938,791.2009887695312
366,24,815.3255004882812,767.6400146484375
366,25,790.205078125,744.9107666015625
366,26,766.8384399414062,723.3694458007812
366,27,1018.6697387695312,885.7357788085938
366,28,986.1744995117188,859.9511108398438
366,29,954.7850952148438,834.3688354492188
366,30,924.4083862304688,809.5989379882812
366,31,895.1458740234375,785.2161254882812
366,32,867.178466796875,761.8433227539062
366,33,840.3305053710938,738.869873046875
366,34,814.917724609375,716.9113159179688
366,35,790.7811279296875,696.1194458007812
366,36,1045.544189453125,852.3667602539062
366,37,1013.0121459960938,827.1656494140625
366,38,981.0851440429688,802.41845703125
366,39,950.4552612304688,778.1416015625
366,40,920.754638671875,754.8521728515625
366,41,892.4007568359375,731.9857788085938
366,42,865.0023193359375,709.778564453125
366,43,839.1886596679688,688.7922973632812
366,44,814.7911376953125,668.6255493164062
366,45,1071.8619384765625,819.1360473632812
366,46,1038.911376953125,794.3834838867188
366,47,1007.0013427734375,770.5510864257812
366,48,976.0234375,747.10107421875
366,49,946.005615234375,724.3908081054688
366,50,917.2146606445312,702.210205078125
366,51,889.587646484375,680.96533203125
366,52,863.1278076171875,660.6478271484375
366,53,838.2608032226562,641.3707275390625
366,54,1097.5274658203125,786.2133178710938
366,55,1064.523193359375,762.2901611328125
366,56,1032.251953125,739.0084838867188
366,57,1001.0194091796875,716.1231689453125
366,58,970.7285766601562,694.1249389648438
366,59,941.6605224609375,673.0355224609375
366,60,913.9063110351562,652.5736694335938
366,61,887.142822265625,632.9884033203125
366,62,861.7518310546875,614.311767578125
367,0,476.6725158691406,369.9641418457031
367,1,460.2000732421875,372.7223815917969
367,2,443.4841613769531,374.92340087890625
367,3,428.00494384765625,376.9551086425781
367,4,411.6018371582031,377.70977783203125
367,5,395.325927734375,380.200927734375
367,6,379.7548828125,381.3932189941406
367,7,364.1541748046875,382.5774230957031
367,8,348.030029296875,384.3915100097656
367,9,474.7437744140625,354.5194091796875
367,10,458.42071533203125,356.1272277832031
367,11,442.07958984375,358.48406982421875
367,12,426.0071105957031,360.46649169921875
367,13,409.6949768066406,362.8493347167969
367,14,393.5040283203125,364.1216125488281
367,15,377.5937194824219,365.79205322265625
367,16,361.9954528808594,367.4687805175781
367,17,346.3845520019531,368.9385986328125
367,18,472.59405517578125,338.032470703125
367,19,456.24298095703125,340.144775390625
367,20,440.0082092285156,342.4441833496094
367,21,423.2611389160156,344.9112854003906
367,22,406.2776184082031,346.8134765625
367,23,390.9201965332031,348.630859375
367,24,375.1953125,350.0348205566406
367,25,359.4696960449219,351.99114990234375
367,26,344.04248046875,353.3753356933594
367,27,470.5254821777344,321.7476501464844
367,28,453.76837158203125,324.28558349609375
367,29,437.8221740722656,326.27679443359375
367,30,421.5619201660156,328.4597473144531
367,31,405.1837158203125,330.00787353515625
367,32,389.091552734375,332.030029296875
367,33,373.49005126953125,333.8725280761719
367,34,358.02667236328125,335.5561218261719
367,35,342.5260925292969,337.66729736328125
367,36,468.0553894042969,305.757568359375
367,37,452.0036926269531,308.2016296386719
367,38,435.7969665527344,309.9131774902344
367,39,419.1927185058594,312.1653747558594
367,40,403.0130615234375,313.9593811035156
367,41,387.07220458984375,316.0286560058594
367,42,370.4844665527344,318.4188537597656
367,43,356.19195556640625,319.70721435546875
367,44,340.63250732421875,321.9117431640625
367,45,466.0047302246094,289.5078430175781
367,46,449.7919616699219,291.1620788574219
367,47,433.70367431640625,293.8602294921875
367,48,417.3828125,295.70672607421875
367,49,401.25457763671875,297.78118896484375
367,50,385.6143798828125,300.0525207519531
367,51,369.255126953125,302.3421936035156
367,52,353.7370910644531,304.1283264160156
367,53,339.1220703125,306.0643310546875
367,54,463.94970703125,273.7257080078125
367,55,447.9867858886719,275.7911071777344
367,56,431.3294372558594,277.69268798828125
367,57,415.3667907714844,279.5805358886719
367,58,399.24615478515625,282.1576232910156
367,59,383.3515625,284.41058349609375
367,60,367.71734619140625,286.3002624511719
367,61,352.3953552246094,288.2752990722656
367,62,337.4023742675781,290.610107421875
368,0,594.9598999023438,276.505126953125
368,1,580.2660522460938,278.95556640625
368,2,563.9908447265625,281.6114196777344
368,3,548.6332397460938,283.7013854980469
368,4,532.4692993164062,285.4714050292969
368,5,516.140869140625,288.05206298828125
368,6,499.3140869140625,290.7744445800781
368,7,483.19403076171875,292.63409423828125
368,8,466.5380859375,294.80255126953125
368,9,590.2239990234375,265.6453857421875
368,10,575.3313598632812,267.4774169921875
368,11,560.4481201171875,269.9156188964844
368,12,545.07763671875,272.1429138183594
368,13,529.2246704101562,274.6464538574219
368,14,513.281982421875,276.949462890625
368,15,497.4577331542969,279.18157958984375
368,16,481.6968078613281,280.55194091796875
368,17,465.77001953125,283.1824035644531
368,18,584.988525390625,254.8679656982422
368,19,571.0155639648438,257.6846618652344
368,20,556.2784423828125,259.4574279785156
368,21,541.6618041992188,261.9346923828125
368,22,526.250732421875,263.4794006347656
368,23,511.2334289550781,265.5460510253906
368,24,495.6347961425781,268.0595397949219
368,25,480.5048828125,269.7229919433594
368,26,464.66357421875,272.0227966308594
368,29,552.400634765625,249.8187255859375
368,30,538.0441284179688,251.58236694335938
368,31,523.4945068359375,253.72164916992188
368,32,508.3172607421875,255.8013916015625
368,33,493.94049072265625,257.8887634277344
368,34,478.77618408203125,259.7721252441406
368,38,548.7421875,239.7963104248047
368,39,535.144775390625,242.44180297851562
368,40,520.3031616210938,244.168212890625
368,43,478.08819580078125,249.99972534179688
369,0,589.1047973632812,275.6683349609375
369,1,574.4258422851562,277.6631164550781
369,2,558.9677734375,279.90020751953125
369,3,543.0675048828125,281.4264831542969
369,4,526.9030151367188,283.7662353515625
369,5,510.9200134277344,285.1026306152344
369,6,493.4704895019531,287.6267395019531
369,7,476.9909362792969,289.18206787109375
369,8,460.51123046875,290.737548828125
369,9,584.184814453125,265.44573974609375
369,10,569.528076171875,266.9223937988281
369,11,554.8707275390625,268.5917663574219
369,12,539.2741088867188,270.5489807128906
369,15,492.1750793457031,275.5981140136719
369,16,475.6113586425781,277.8237609863281
369,17,459.47039794921875,279.7724914550781
369,21,535.3623046875,260.990478515625
369,30,532.63134765625,250.98687744140625
370,0,853.3252563476562,1037.862548828125
370,1,837.0715942382812,1012.284912109375
370,2,821.3810424804688,987.3294677734375
370,3,806.5167846679688,963.0442504882812
370,4,791.9864501953125,938.9540405273438
370,5,778.2521362304688,915.7330322265625
370,6,765.1461181640625,893.2197265625
370,7,752.4747924804688,871.0473022460938
370,8,740.8040161132812,849.3751831054688
370,9,880.1390380859375,1021.3026123046875
370,10,863.629150390625,996.2942504882812
370,11,847.7219848632812,972.05517578125
370,12,832.362060546875,947.8767700195312
370,13,817.4913330078125,924.2651977539062
370,14,803.5731201171875,901.2941284179688
370,15,789.6832885742188,879.0875854492188
370,16,776.5739135742188,857.1187133789062
370,17,764.4518432617188,835.903564453125
370,18,907.039794921875,1004.7716064453125
370,19,890.1902465820312,980.1854248046875
370,20,873.8578491210938,956.048583984375
370,21,858.1304931640625,932.5875244140625
370,22,842.7401123046875,909.3888549804688
370,23,828.4098510742188,886.7413940429688
370,24,814.1320190429688,864.7120971679688
370,25,800.555419921875,843.1679077148438
370,26,788.0721435546875,822.590087890625
370,27,933.3241577148438,987.8716430664062
370,28,916.147705078125,963.7354125976562
370,29,899.2691040039062,939.94873046875
370,30,883.3590698242188,916.9463500976562
370,31,867.7861938476562,894.1099243164062
370,32,853.0863037109375,872.1553344726562
370,33,838.4896240234375,850.3534545898438
370,34,824.7069702148438,829.4439086914062
370,35,811.8343505859375,809.384033203125
370,36,959.5313720703125,970.8274536132812
370,37,942.158935546875,947.0372314453125
370,38,925.0692138671875,923.95263671875
370,39,908.6441650390625,901.0399780273438
370,40,892.5758056640625,879.045166015625
370,41,877.3832397460938,857.2225952148438
370,42,862.7821655273438,835.97412109375
370,45,984.9702758789062,953.6976928710938
370,46,967.09130859375,930.2177734375
370,47,950.2445678710938,907.60986328125
370,48,933.37109375,885.2338256835938
370,49,917.1676025390625,863.5379028320312
370,50,901.3688354492188,842.1845092773438
370,51,886.2083129882812,821.2088012695312
370,54,1010.254150390625,936.6368408203125
370,55,992.2587890625,913.7945556640625
370,56,974.448486328125,891.4959716796875
370,57,957.6892700195312,869.5276489257812
370,58,941.0985107421875,848.057861328125
370,59,925.227783203125,827.3133544921875
370,60,909.9620971679688,807.0322875976562
371,0,980.4262084960938,986.2468872070312
371,1,959.2456665039062,967.9611206054688
371,2,938.2772827148438,949.9033203125
371,3,918.0083618164062,931.936279296875
371,4,898.0948486328125,914.0015258789062
371,5,878.8795166015625,896.332763671875
371,9,999.7724609375,966.016845703125
371,10,978.5315551757812,948.3391723632812
371,11,957.8712158203125,930.7901611328125
371,12,937.4954833984375,913.1386108398438
371,13,917.4752197265625,895.8016357421875
371,14,898.1947631835938,878.582763671875
371,15,879.5567626953125,861.6206665039062
371,16,861.0530395507812,844.78564453125
371,18,1018.6478271484375,946.3638916015625
371,19,997.3026733398438,929.0609130859375
371,20,976.6358032226562,911.7709350585938
371,23,917.0674438476562,860.9252319335938
371,24,898.216796875,844.2540283203125
371,25,879.9052124023438,827.95947265625
371,27,1036.871826171875,926.82470703125
371,28,1015.77490234375,909.8209838867188
371,29,995.0343627929688,892.8739013671875
371,32,935.5768432617188,843.7167358398438
371,36,1054.665283203125,907.0934448242188
371,37,1033.78125,890.7238159179688
371,38,1012.9970703125,874.221435546875
371,39,992.886962890625,858.0153198242188
371,40,972.9263916015625,842.1400146484375
371,41,953.5640869140625,826.1140747070312
371,45,1071.763427734375,888.0603637695312
371,46,1051.0111083984375,871.8358764648438
371,47,1030.323486328125,855.9476928710938
371,48,1010.23583984375,840.1117553710938
371,54,1088.2720947265625,869.4354248046875
371,57,1027.2298583984375,822.6162719726562
372,0,504.3849182128906,319.282958984375
372,1,490.1810607910156,322.26885986328125
372,2,475.6616516113281,325.5471496582031
372,3,460.5939636230469,328.3515625
372,4,445.82891845703125,330.9140625
372,5,430.5181884765625,333.9170227050781
372,6,415.44281005859375,336.5787353515625
372,7,400.1215515136719,338.9939880371094
372,8,385.79583740234375,341.4693603515625
372,9,502.2957458496094,305.0550231933594
372,10,487.5314025878906,307.7778015136719
372,11,473.0984191894531,310.41522216796875
372,12,458.1159362792969,312.9341125488281
372,13,442.9263610839844,315.9308166503906
372,14,427.9503479003906,318.67022705078125
372,15,413.1465148925781,321.013916015625
372,16,398.0587463378906,324.0754699707031
372,17,383.2025146484375,326.0103454589844
372,18,499.10968017578125,289.9716796875
372,19,484.9736022949219,292.9303283691406
372,20,470.0110168457031,295.5325622558594
372,21,455.3918762207031,298.2811584472656
372,22,439.94537353515625,301.1793518066406
372,23,425.43292236328125,303.4123229980469
372,24,410.2632141113281,306.1940612792969
372,25,395.0895080566406,309.1875915527344
372,26,380.76171875,311.76531982421875
372,27,496.3092956542969,275.3343505859375
372,28,482.05499267578125,277.9527893066406
372,29,467.45880126953125,280.6143798828125
372,30,452.7326354980469,283.6279602050781
372,31,437.5204772949219,286.4427490234375
372,32,422.6120300292969,288.9666442871094
372,33,407.76763916015625,291.7427978515625
372,34,392.9339294433594,294.1240234375
372,35,378.07330322265625,296.1336669921875
372,36,493.1771545410156,261.0343933105469
372,37,479.0418701171875,263.62603759765625
372,38,464.061279296875,266.30108642578125
372,41,420.0917663574219,274.0643005371094
372,42,405.0456237792969,276.5014343261719
372,43,390.2134094238281,278.994140625
372,44,375.6678771972656,281.9254455566406
372,45,490.7771301269531,246.26373291015625
372,46,476.2552490234375,248.6771697998047
372,50,417.05401611328125,259.4055480957031
372,51,402.81292724609375,261.98858642578125
372,52,387.8717346191406,264.3204040527344
372,53,372.2156066894531,267.6221923828125
372,54,487.1852111816406,232.72621154785156
372,55,473.3565673828125,234.6124725341797
372,58,429.4937744140625,242.22239685058594
372,59,415.04864501953125,244.33920288085938
372,60,400.07379150390625,246.96510314941406
372,61,385.16375732421875,250.04837036132812
372,62,370.51849365234375,252.98385620117188
373,0,971.8090209960938,986.7339477539062
373,1,951.2539672851562,965.822998046875
373,2,931.2179565429688,944.9390258789062
373,3,911.9652709960938,924.629638671875
373,4,892.9805297851562,904.2970581054688
373,5,874.9285278320312,884.7781372070312
373,6,857.2987670898438,865.4332885742188
373,7,840.3084716796875,846.38134765625
373,9,994.0234985351562,967.1416625976562
373,10,973.5189819335938,946.8682250976562
373,11,953.6366577148438,926.9067993164062
373,12,934.0814208984375,906.99609375
373,13,915.1184692382812,887.4849853515625
373,14,896.8329467773438,868.2317504882812
373,15,879.171875,849.40576171875
373,16,861.93017578125,830.6287231445312
373,17,845.3770751953125,812.71337890625
373,18,1015.8352661132812,948.0563354492188
373,19,995.2965698242188,928.2762451171875
373,20,975.212158203125,908.9189453125
373,25,883.0518188476562,815.4578857421875
373,26,866.4451904296875,798.1887817382812
373,27,1037.0142822265625,929.0084838867188
373,28,1016.2965698242188,909.8634643554688
373,34,903.741455078125,800.6338500976562
373,35,886.947509765625,783.8304443359375
373,36,1057.5341796875,909.7587890625
373,57,1036.48583984375,820.8502807617188
373,58,1017.1259155273438,803.9690551757812
374,0,486.1046447753906,351.8724670410156
374,1,471.1601257324219,353.9508361816406
374,2,454.77899169921875,357.0897216796875
374,3,439.2810974121094,359.14556884765625
374,4,422.9632568359375,361.97381591796875
374,5,407.4997253417969,363.6496276855469
374,6,391.4903564453125,366.1159362792969
374,7,375.32537841796875,368.4013977050781
374,8,360.1252746582031,369.831298828125
374,9,484.2642822265625,336.23846435546875
374,10,468.4844665527344,339.1582946777344
374,11,452.86285400390625,341.3185729980469
374,12,437.0690612792969,344.04827880859375
374,13,420.6730651855469,346.1796569824219
374,14,404.92767333984375,347.9544677734375
374,15,389.143310546875,350.70111083984375
374,16,373.189453125,352.4753723144531
374,17,357.24835205078125,354.8643798828125
374,18,482.26666259765625,320.2601013183594
374,19,466.189453125,323.15618896484375
374,20,450.09320068359375,324.66229248046875
374,21,433.94451904296875,328.1148376464844
374,22,418.5066833496094,329.955322265625
374,23,402.2457580566406,332.78900146484375
374,24,386.65228271484375,334.1187744140625
374,25,371.0518493652344,337.1033935546875
374,26,354.9189147949219,338.9852600097656
374,27,480.1722106933594,304.6490783691406
374,28,464.10498046875,306.97027587890625
374,29,448.2304382324219,309.5775451660156
374,30,432.11431884765625,311.90533447265625
374,31,416.12542724609375,313.96624755859375
374,32,400.2958679199219,316.9881896972656
374,33,384.3670959472656,318.6610412597656
374,34,367.837646484375,321.2060241699219
374,35,352.94598388671875,323.36236572265625
374,36,477.2703857421875,288.9152526855469
374,37,461.81341552734375,291.1702880859375
374,38,445.8586730957031,293.0142517089844
374,39,429.2366638183594,296.2245178222656
374,40,413.90850830078125,297.90936279296875
374,41,397.34075927734375,300.94183349609375
374,42,382.10418701171875,303.064453125
374,43,365.81597900390625,305.42779541015625
374,44,350.8669128417969,306.8463134765625
374,45,475.3064270019531,273.31982421875
374,46,459.2077331542969,274.8824462890625
374,47,443.267333984375,277.5784912109375
374,48,427.1775817871094,280.0444030761719
374,49,411.3749084472656,282.1548156738281
374,50,395.0055847167969,284.8182373046875
374,51,379.5790100097656,287.0537414550781
374,52,364.00146484375,288.9148864746094
374,53,348.5419006347656,291.9248046875
374,54,472.29248046875,257.07806396484375
374,55,456.97222900390625,259.248779296875
374,56,440.5141906738281,262.0245056152344
374,57,425.1662902832031,263.77032470703125
374,58,409.093505859375,266.0006408691406
374,59,393.36126708984375,268.4878845214844
374,60,377.50897216796875,270.85321044921875
374,61,361.872802734375,273.7126159667969
374,62,345.968505859375,276.2369079589844
375,0,1003.81640625,980.98046875
375,1,975.959228515625,956.2722778320312
375,2,948.93896484375,931.8162231445312
375,3,922.8740234375,907.616943359375
375,4,897.3165893554688,883.6757202148438
375,5,873.0447387695312,860.4747924804688
375,6,849.7819213867188,837.8479614257812
375,7,827.177734375,815.3536987304688
375,8,805.7646484375,793.7808227539062
375,9,1029.6805419921875,954.2838134765625
375,10,1001.9612426757812,930.39453125
375,11,975.0035400390625,906.8246459960938
375,12,948.8138427734375,883.3673706054688
375,13,923.2066650390625,860.233642578125
375,14,898.8153686523438,837.766845703125
375,15,875.2158813476562,815.6497192382812
375,16,852.4359741210938,793.9196166992188
375,17,830.8013916015625,772.9655151367188
375,18,1054.6561279296875,928.2100219726562
375,19,1027.0482177734375,905.0919799804688
375,20,1000.0155029296875,882.094970703125
375,21,973.8075561523438,859.5809936523438
375,22,948.2890625,837.2084350585938
375,23,923.6862182617188,815.2346801757812
375,24,899.9286499023438,793.7342529296875
375,25,877.0751342773438,772.9081420898438
375,26,855.1929931640625,753.1337280273438
375,27,1078.586181640625,902.5017700195312
375,28,1051.1893310546875,879.9506225585938
375,29,1024.42333984375,857.5165405273438
375,30,998.1013793945312,835.9494018554688
375,31,972.6087036132812,814.2459106445312
375,32,947.9951782226562,793.2645874023438
375,33,924.2074584960938,772.6339111328125
375,34,901.0921630859375,752.5610961914062
375,35,879.1976928710938,733.5042114257812
375,36,1101.916259765625,876.9230346679688
375,37,1074.6553955078125,855.1810913085938
375,38,1047.82275390625,833.6302490234375
375,39,1021.7770385742188,812.4336547851562
375,40,996.2156982421875,791.9583740234375
375,41,971.635009765625,771.4901733398438
375,42,947.837890625,751.460693359375
375,43,924.8126831054688,732.41943359375
375,44,902.57080078125,713.8568115234375
375,45,1123.9923095703125,852.1463012695312
375,46,1096.9241943359375,830.8826293945312
375,47,1070.465576171875,810.1690673828125
375,48,1044.2803955078125,789.832763671875
375,49,1018.8609008789062,770.0603637695312
375,50,994.2699584960938,750.1639404296875
375,51,970.3569946289062,730.8323364257812
375,52,947.2893676757812,712.3743896484375
375,53,925.1593627929688,694.6482543945312
375,54,1144.8070068359375,828.2670288085938
375,55,1118.0701904296875,807.8136596679688
375,56,1091.840576171875,787.5711059570312
375,57,1066.052001953125,767.8047485351562
375,58,1040.6605224609375,748.3370361328125
375,59,1016.2031860351562,729.4198608398438
375,60,992.3057250976562,711.0939331054688
375,61,969.3064575195312,693.1376953125
375,62,946.8885498046875,675.8314819335938
376,0,988.3463745117188,967.95947265625
376,1,947.7005615234375,943.8355712890625
376,2,908.4237670898438,919.8477172851562
376,3,871.0130004882812,896.19580078125
376,4,834.990234375,872.7542724609375
376,5,801.3123779296875,850.2486572265625
376,6,769.621337890625,828.4682006835938
376,7,739.45166015625,807.083251953125
376,8,711.1947021484375,786.4095458984375
376,9,1014.1294555664062,931.7435302734375
376,10,974.1427001953125,909.1015625
376,11,935.503662109375,886.9807739257812
376,12,898.4332275390625,864.4974365234375
376,13,862.9752197265625,842.907470703125
376,14,829.3955078125,821.4105834960938
376,15,797.5467529296875,800.791015625
376,16,767.2979125976562,780.2136840820312
376,17,738.88427734375,761.1181030273438
376,18,1038.1024169921875,897.7796020507812
376,19,998.90625,876.2916259765625
376,20,960.9564208984375,855.1551513671875
376,21,924.373291015625,834.5247192382812
376,22,889.2416381835938,813.9682006835938
376,23,856.0364379882812,793.6858520507812
376,24,824.191650390625,773.850830078125
376,25,794.1009521484375,755.0785522460938
376,26,765.7553100585938,737.59033203125
376,27,1060.319580078125,865.0911865234375
376,28,1021.96826171875,844.8214111328125
376,29,984.914306640625,824.647216796875
376,30,948.9246826171875,805.2400512695312
376,31,914.2507934570312,785.9403686523438
376,32,881.2991333007812,767.3695068359375
376,33,849.8848876953125,748.7613525390625
376,34,819.7741088867188,731.107666015625
376,35,791.458740234375,714.5148315429688
376,36,1081.2816162109375,833.3936157226562
376,37,1043.8421630859375,814.4876098632812
376,38,1007.3836669921875,795.7394409179688
376,39,972.1390991210938,777.1339111328125
376,40,938.0204467773438,759.448486328125
376,41,905.3904418945312,741.6492309570312
376,42,874.2095336914062,724.0518188476562
376,43,844.3739013671875,707.8643798828125
376,44,816.1444091796875,692.2009887695312
376,45,1100.468994140625,803.9374389648438
376,46,1064.02978515625,785.5643310546875
376,47,1028.4088134765625,768.0179443359375
376,48,993.9451904296875,750.521728515625
376,49,960.2223510742188,733.9497680664062
376,50,928.1103515625,716.9739990234375
376,51,897.3954467773438,700.5857543945312
376,52,867.7291870117188,685.059814453125
376,53,839.6971435546875,670.5960693359375
376,54,1118.0982666015625,776.5394287109375
376,55,1082.6905517578125,759.0121459960938
376,56,1048.0164794921875,742.0635375976562
376,57,1014.1747436523438,725.47265625
376,58,981.220703125,709.2731323242188
376,59,949.517578125,693.7525024414062
376,60,919.1153564453125,678.7030029296875
376,61,889.9473266601562,663.830078125
376,62,862.00537109375,649.88525390625
377,0,980.3805541992188,986.2516479492188
377,1,959.1544189453125,967.9793701171875
377,2,938.2809448242188,949.9140625
377,3,917.9603881835938,931.9448852539062
377,4,898.0374145507812,913.9453735351562
377,5,878.92724609375,896.4683227539062
377,6,860.208984375,879.1195068359375
377,7,842.0245971679688,861.8748779296875
377,8,824.4140014648438,844.9304809570312
377,9,999.844482421875,966.0615844726562
377,10,978.4779663085938,948.2496337890625
377,11,957.8736572265625,930.78369140625
377,12,937.4334106445312,913.2156372070312
377,15,879.46240234375,861.6575927734375
377,16,861.068115234375,844.674072265625
377,17,843.5101928710938,828.2621459960938
377,18,1018.5050659179688,946.3568725585938
377,19,997.3544921875,929.0130615234375
377,20,976.615966796875,911.76953125
377,24,898.2374267578125,844.2490234375
377,25,879.8933715820312,828.0206298828125
377,26,862.2095336914062,812.2733154296875
377,27,1036.7867431640625,926.7274780273438
377,28,1015.7669067382812,909.8006591796875
377,29,995.0020141601562,892.8743896484375
377,32,935.561279296875,843.7050170898438
377,35,880.6910400390625,796.2565307617188
377,36,1054.636962890625,907.0379638671875
377,37,1033.736083984375,890.5289306640625
377,38,1012.9943237304688,874.2791137695312
377,41,953.6580200195312,826.0989990234375
377,45,1071.7589111328125,888.0172729492188
377,46,1051.02392578125,871.812255859375
377,47,1030.3492431640625,855.9234619140625
377,54,1088.3021240234375,869.4277954101562
377,55,1067.70166015625,853.71240234375
377,56,1047.2010498046875,838.0345458984375
378,0,502.04852294921875,243.91493225097656
378,3,453.18475341796875,249.51998901367188
378,6,401.736083984375,254.84385681152344
378,9,497.4979248046875,234.41403198242188
378,12,450.0437927246094,238.9977569580078
378,15,401.3046875,243.8479766845703
378,18,493.1784973144531,225.12876892089844
378,19,478.27691650390625,226.87261962890625
378,20,463.0552062988281,228.22650146484375
378,21,446.7683410644531,229.36029052734375
378,24,399.995849609375,234.635986328125
378,33,399.5902404785156,225.99301147460938
378,43,383.8019714355469,219.52957153320312
379,0,935.1781005859375,982.1531982421875
379,1,903.758056640625,954.200927734375
379,2,873.2066040039062,926.6964721679688
379,3,843.9517211914062,899.6158447265625
379,4,815.6832275390625,872.8369140625
379,5,788.9085693359375,846.8956298828125
379,6,763.5582275390625,821.7959594726562
379,7,739.1421508789062,797.2586669921875
379,8,716.0282592773438,773.8265380859375
379,9,963.2114868164062,950.018310546875
379,10,931.1336059570312,922.5880126953125
379,11,900.47021484375,895.535400390625
379,12,870.4795532226562,868.9484252929688
379,13,841.8103637695312,842.8058471679688
379,14,814.3654174804688,817.3903198242188
379,15,788.2608642578125,792.8751220703125
379,16,763.2177734375,768.9258422851562
379,17,739.7671508789062,746.0609741210938
379,18,991.1513671875,917.2471923828125
379,19,958.8760375976562,890.4534912109375
379,20,927.2901611328125,863.9236450195312
379,21,897.2135009765625,838.0396728515625
379,22,867.9131469726562,812.5476684570312
379,23,839.9240112304688,787.8033447265625
379,24,813.2078857421875,763.65869140625
379,25,787.790283203125,740.5471801757812
379,26,764.0342407226562,718.6220703125
379,27,1018.7869262695312,884.1473388671875
379,28,986.0934448242188,857.8237915039062
379,29,954.17724609375,831.8112182617188
379,30,923.5850830078125,806.62353515625
379,31,894.0478515625,781.91943359375
379,32,865.6990356445312,757.8947143554688
379,33,838.4744873046875,734.6598510742188
379,34,812.7379150390625,712.2650146484375
379,35,788.4151000976562,691.1139526367188
379,36,1046.0660400390625,850.3990478515625
379,37,1013.1192626953125,824.7786254882812
379,38,981.02978515625,799.5076904296875
379,39,949.8733520507812,774.8973999023438
379,40,919.9752197265625,751.0816650390625
379,41,891.2848510742188,727.9000244140625
379,42,863.6218872070312,705.182373046875
379,43,837.3760375976562,683.8297119140625
379,44,812.778564453125,663.2318725585938
379,45,1072.756103515625,816.8893432617188
379,46,1039.491943359375,791.7442626953125
379,47,1007.2314453125,767.263427734375
379,48,975.8595581054688,743.4957885742188
379,49,945.5924682617188,720.3646240234375
379,50,916.2249755859375,697.7730102539062
379,51,888.2916259765625,676.0349731445312
379,52,861.7150268554688,655.2014770507812
379,53,836.4751586914062,635.6160888671875
379,54,1098.7713623046875,783.7346801757812
379,55,1065.48828125,759.2047729492188
379,56,1032.8905029296875,735.4121704101562
379,57,1001.3582153320312,712.2283325195312
379,58,970.7061157226562,689.736328125
379,59,941.1882934570312,668.1646118164062
379,60,913.0903930664062,647.3187255859375
379,61,886.0521240234375,627.2842407226562
379,62,860.2337646484375,608.2725219726562
380,0,1008.7051391601562,979.1063842773438
380,1,981.6386108398438,955.8225708007812
380,2,955.044921875,932.4334106445312
380,3,929.2903442382812,909.4541625976562
380,4,904.1907958984375,886.4688720703125
380,5,880.1154174804688,864.234619140625
380,6,856.96142578125,842.3466186523438
380,7,834.7081298828125,820.9072875976562
380,8,813.230224609375,799.8721923828125
380,9,1033.1519775390625,953.2457885742188
380,10,1006.1807250976562,930.458984375
380,11,979.6963500976562,907.96630859375
380,12,953.942626953125,885.6179809570312
380,13,928.908447265625,863.5692138671875
380,14,904.75439453125,841.8773193359375
380,15,881.2825927734375,820.5263671875
380,16,858.7658081054688,799.6561279296875
380,17,837.123779296875,779.3878784179688
380,18,1056.7752685546875,927.8617553710938
380,19,1029.802490234375,905.7603149414062
380,20,1003.4390258789062,883.8465576171875
380,21,977.78662109375,862.2769165039062
380,22,952.7062377929688,840.9361572265625
380,23,928.4169311523438,819.7526245117188
380,24,905.0349731445312,799.0359497070312
380,25,882.2496948242188,779.0029907226562
380,26,860.5,759.7794189453125
380,27,1079.4627685546875,902.911865234375
380,28,1052.8094482421875,881.2734375
380,29,1026.5181884765625,860.03955078125
380,30,1000.829345703125,839.2832641601562
380,31,975.806640625,818.6995849609375
380,32,951.5501098632812,798.3473510742188
380,33,928.0953979492188,778.1492309570312
380,34,905.2799682617188,758.8137817382812
380,35,883.4071044921875,740.214599609375
380,36,1101.338623046875,877.9541625976562
380,37,1074.85888671875,857.2420043945312
380,38,1048.78515625,836.72802734375
380,39,1023.3068237304688,816.3001708984375
380,40,998.0879516601562,796.5177001953125
380,41,974.1074829101562,776.8862915039062
380,42,950.5762329101562,757.4419555664062
380,43,927.828369140625,739.0103759765625
380,44,905.8720703125,720.9959106445312
380,45,1122.148193359375,853.9472045898438
380,46,1095.98486328125,833.6473388671875
380,47,1070.107177734375,813.7822265625
380,48,1044.813720703125,794.169677734375
380,49,1019.8084106445312,775.08349609375
380,50,995.70849609375,755.9307250976562
380,51,972.3572387695312,737.1721801757812
380,52,949.5610961914062,719.2113647460938
380,53,927.63720703125,701.8444213867188
380,54,1141.9735107421875,830.845458984375
380,55,1116.103515625,811.0675048828125
380,56,1090.513916015625,791.8522338867188
380,57,1065.372802734375,772.8324584960938
380,58,1040.744140625,753.9304809570312
380,59,1016.7483520507812,735.5328979492188
380,60,993.2498168945312,717.7854614257812
380,61,970.7184448242188,700.1735229492188
380,62,948.3225708007812,683.338134765625
381,0,928.3598022460938,985.138671875
381,1,895.4776000976562,955.32421875
381,2,863.8529663085938,925.7090454101562
381,3,833.4801635742188,896.5894775390625
381,4,804.0068359375,867.9203491210938
381,5,776.4073486328125,840.1725463867188
381,6,750.1735229492188,813.1838989257812
381,7,725.0137939453125,787.033203125
381,8,701.2506103515625,761.8722534179688
381,9,957.7705078125,951.995849609375
381,10,924.4849853515625,922.48095703125
381,11,892.335205078125,893.408203125
381,12,861.298095703125,864.8995361328125
381,13,831.4776611328125,836.7021484375
381,14,803.0188598632812,809.4392700195312
381,15,775.9053955078125,782.9883422851562
381,16,749.8784790039062,757.4301147460938
381,17,725.8071899414062,732.8771362304688
381,18,987.46044921875,918.0521240234375
381,19,953.7074584960938,889.0938110351562
381,20,920.8759155273438,860.439208984375
381,21,889.3984985351562,832.4938354492188
381,22,858.9274291992188,804.9917602539062
381,23,829.7713012695312,778.20556640625
381,24,801.9160766601562,752.3796997070312
381,25,775.5934448242188,727.5061645507812
381,26,751.0728149414062,703.9984130859375
381,27,1016.9846801757812,883.3976440429688
381,28,982.7384643554688,854.9711303710938
381,29,949.3780517578125,826.8995971679688
381,30,917.4036254882812,799.6427001953125
381,31,886.4203491210938,772.7683715820312
381,32,856.9395141601562,746.831298828125
381,33,828.451416015625,721.7704467773438
381,34,801.8222045898438,697.741943359375
381,35,776.6409301757812,674.9663696289062
381,36,1046.1134033203125,848.02490234375
381,37,1011.6060791015625,820.2359619140625
381,38,977.92236328125,792.9365844726562
381,39,945.329345703125,766.1360473632812
381,40,913.9622192382812,740.1640014648438
381,41,883.8639526367188,715.0604248046875
381,42,855.0220336914062,690.7898559570312
381,43,827.8087768554688,667.5579223632812
381,44,802.072998046875,645.5390014648438
381,45,1074.8433837890625,812.893798828125
381,46,1039.959716796875,785.4991455078125
381,47,1005.921875,758.8599243164062
381,48,972.9921264648438,732.95166015625
381,49,941.2738037109375,707.8626098632812
381,50,910.6166381835938,683.2597045898438
381,51,881.2901000976562,659.8567504882812
381,52,853.4911499023438,637.38037109375
381,53,827.2314453125,616.2769165039062
381,54,1102.808349609375,777.7451171875
381,55,1067.7783203125,751.0704345703125
381,56,1033.564208984375,725.1354370117188
381,57,1000.2070922851562,699.9104614257812
381,58,968.0862426757812,675.3286743164062
381,59,937.12890625,651.89697265625
381,60,907.4813842773438,629.5003662109375
381,61,879.2667236328125,607.8074951171875
381,62,852.388671875,587.3406982421875
382,0,980.4011840820312,986.268798828125
382,1,959.1597900390625,968.04638671875
382,2,938.2279663085938,949.9130859375
382,3,917.9650268554688,931.9463500976562
382,4,898.1026000976562,914.0043334960938
382,5,878.905517578125,896.4443359375
382,8,824.4153442382812,844.9868774414062
382,9,999.7435302734375,966.0518798828125
382,10,978.5016479492188,948.345947265625
382,11,957.8160400390625,930.76904296875
382,12,937.3831787109375,913.12890625
382,13,917.5474853515625,895.844970703125
382,14,898.2518920898438,878.6455078125
382,15,879.4105834960938,861.652587890625
382,16,861.081298828125,844.7386474609375
382,18,1018.4596557617188,946.3712158203125
382,19,997.4136352539062,928.984130859375
382,20,976.6387939453125,911.8455810546875
382,23,917.073486328125,860.8511352539062
382,24,898.2434692382812,844.248291015625
382,27,1036.811767578125,926.723876953125
382,28,1015.79052734375,909.7860107421875
382,29,995.0095825195312,892.840087890625
382,32,935.6244506835938,843.6422729492188
382,36,1054.6602783203125,907.0379638671875
382,37,1033.7171630859375,890.7171630859375
382,38,1013.0294799804688,874.288818359375
382,39,992.8660278320312,858.0136108398438
382,40,972.987060546875,842.08154296875
382,41,953.6068115234375,826.2400512695312
382,45,1071.7982177734375,888.0361328125
382,46,1050.979248046875,871.83203125
382,47,1030.4527587890625,855.92626953125
382,48,1010.288330078125,840.1541748046875
382,54,1088.23193359375,869.4075927734375
383,0,996.76953125,976.9765625
383,1,975.342529296875,958.1591796875
383,2,954.5494384765625,939.6239624023438
383,3,934.4354858398438,921.1473999023438
383,4,914.92626953125,903.0619506835938
383,5,896.0372924804688,885.4273681640625
383,6,877.9605712890625,868.2779541015625
383,7,860.2904052734375,851.1997680664062
383,9,1017.642578125,956.5775756835938
383,10,996.2711181640625,938.2640991210938
383,11,975.3172607421875,920.396240234375
383,12,955.073486328125,902.5435180664062
383,13,935.3592529296875,885.1668090820312
383,14,916.520751953125,867.8511352539062
383,15,898.061279296875,851.0231323242188
383,16,880.393310546875,834.5265502929688
383,17,863.1883544921875,818.381591796875
383,18,1037.8681640625,936.8168334960938
383,19,1016.3838500976562,918.9725341796875
383,20,995.4457397460938,901.4638671875
383,23,936.4212646484375,850.4852294921875
383,24,917.8724975585938,833.9336547851562
383,27,1057.3050537109375,917.0224609375
383,28,1035.92822265625,899.6758422851562
383,32,955.7631225585938,833.279296875
383,33,937.202880859375,817.2330932617188
383,36,1076.5064697265625,897.2037963867188
383,57,1050.132080078125,812.3707885742188
384,0,882.9815673828125,1076.0230712890625
384,1,880.9741821289062,1040.79443359375
384,2,878.9841918945312,1004.8817749023438
384,3,877.0780639648438,968.8312377929688
384,4,875.3659057617188,932.1673583984375
384,5,873.7904052734375,895.7860107421875
384,6,872.1906127929688,859.4738159179688
384,7,870.7611083984375,823.3702392578125
384,8,869.53271484375,787.493896484375
384,9,920.4697265625,1075.2015380859375
384,10,918.2881469726562,1039.780517578125
384,11,916.1928100585938,1003.7041625976562
384,12,914.366943359375,967.4097900390625
384,13,912.5079956054688,930.5916748046875
384,14,910.399169921875,894.1022338867188
384,15,908.7568359375,857.7667236328125
384,16,906.87744140625,821.225341796875
384,17,905.0039672851562,785.517578125
384,18,957.9111938476562,1073.647705078125
384,19,955.9498901367188,1038.08349609375
384,20,953.8173217773438,1001.9712524414062
384,21,951.8064575195312,965.4812622070312
384,22,949.5487670898438,928.7185668945312
384,23,947.454345703125,892.1005859375
384,24,945.4076538085938,855.4078979492188
384,25,943.156982421875,819.0643310546875
384,26,941.2819213867188,783.1382446289062
384,27,995.9093627929688,1071.5872802734375
384,28,993.888916015625,1035.9422607421875
384,29,991.6334228515625,999.84375
384,30,989.3693237304688,963.1113891601562
384,31,986.9806518554688,926.4110107421875
384,32,984.6593627929688,889.6004028320312
384,33,982.3058471679688,853.0225830078125
384,34,979.869140625,816.5014038085938
384,35,977.370849609375,780.687744140625
384,36,1033.6771240234375,1068.73583984375
384,37,1031.6466064453125,1033.243896484375
384,38,1029.406494140625,996.8770141601562
384,39,1027.108642578125,960.4334106445312
384,40,1024.502197265625,923.3695678710938
384,41,1022.0751342773438,886.74658203125
384,42,1019.4509887695312,850.1805419921875
384,43,1016.701904296875,813.7666625976562
384,44,1013.9083251953125,777.8682861328125
384,45,1071.6004638671875,1065.3740234375
384,46,1069.43994140625,1029.8504638671875
384,47,1067.0948486328125,993.7640991210938
384,48,1064.838623046875,957.1355590820312
384,49,1061.9520263671875,920.2538452148438
384,50,1059.083984375,883.3789672851562
384,51,1056.263427734375,846.99560546875
384,52,1053.12158203125,810.5087890625
384,53,1049.87744140625,774.60009765625
384,54,1108.87255859375,1061.0703125
384,55,1106.8714599609375,1025.7044677734375
384,56,1104.2957763671875,989.656982421875
384,57,1101.6729736328125,953.4126586914062
384,58,1099.056640625,916.5660400390625
384,59,1095.8907470703125,879.9652709960938
384,60,1092.7283935546875,843.4052734375
384,61,1089.298828125,807.0519409179688
384,62,1085.732421875,771.241943359375
385,0,980.3667602539062,986.2344360351562
385,1,959.2120971679688,967.97509765625
385,2,938.2539672851562,949.8868408203125
385,3,917.9725952148438,931.9273681640625
385,4,898.09130859375,914.0119018554688
385,9,999.7653198242188,966.0771484375
385,10,978.5161743164062,948.3555297851562
385,11,957.7733764648438,930.7761840820312
385,12,937.4652709960938,913.1963500976562
385,13,917.5201416015625,895.8519287109375
385,16,861.0770874023438,844.7869873046875
385,18,1018.5614013671875,946.3961791992188
385,19,997.3436279296875,929.047607421875
385,20,976.6165161132812,911.8455200195312
385,23,917.0105590820312,860.8912963867188
385,24,898.2721557617188,844.2706298828125
385,27,1036.8165283203125,926.74169921875
385,28,1015.817138671875,909.8605346679688
385,29,995.0596313476562,892.8687744140625
385,32,935.5902099609375,843.6272583007812
385,36,1054.62353515625,907.074462890625
385,37,1033.6605224609375,890.6993408203125
385,38,1012.971923828125,874.278564453125
385,41,953.4549560546875,826.1931762695312
385,45,1071.775390625,888.0107421875
385,46,1051.0279541015625,871.8807983398438
385,47,1030.4217529296875,855.8958129882812
385,50,971.15234375,809.1376342773438
386,0,954.6724243164062,716.7993774414062
386,1,936.2490844726562,682.7583618164062
386,2,917.5387573242188,648.244384765625
386,3,898.7537841796875,613.4920043945312
386,4,879.9265747070312,578.3763427734375
386,5,861.3033447265625,543.7679443359375
386,6,842.8988037109375,509.3500061035156
386,7,824.7442016601562,475.14849853515625
386,8,806.8570556640625,441.671630859375
386,9,989.1267700195312,698.1597290039062
386,10,970.8534545898438,663.9232177734375
386,11,952.065673828125,629.531005859375
386,12,933.5181274414062,594.7352294921875
386,13,914.736328125,559.6943359375
386,14,896.0337524414062,525.07275390625
386,15,877.6715087890625,490.73358154296875
386,16,859.1556396484375,456.6238098144531
386,17,841.1510009765625,423.326904296875
386,18,1022.9566650390625,679.482666015625
386,19,1004.9563598632812,645.2755126953125
386,20,986.6541748046875,610.6483154296875
386,21,968.0944213867188,576.0785522460938
386,22,949.2539672851562,541.1360473632812
386,23,930.75537109375,506.7353210449219
386,24,912.1967163085938,472.2755126953125
386,25,893.6672973632812,438.4150695800781
386,26,875.4715576171875,405.4084167480469
386,27,1056.6787109375,660.8881225585938
386,28,1038.9300537109375,626.7694702148438
386,29,1020.832275390625,592.1865844726562
386,30,1002.4089965820312,557.632568359375
386,31,983.8279418945312,522.787109375
386,32,965.1892700195312,488.6539306640625
386,33,946.6144409179688,454.4690856933594
386,34,928.0687255859375,420.8076477050781
386,35,909.7710571289062,388.127197265625
386,36,1090.0035400390625,642.4505004882812
386,37,1072.61279296875,608.2095336914062
386,38,1054.5345458984375,573.8985595703125
386,39,1036.531494140625,539.5011596679688
386,40,1017.9284057617188,504.9210510253906
386,41,999.34326171875,470.8683776855469
386,42,980.9834594726562,436.8986511230469
386,43,962.2513427734375,403.6606750488281
386,44,943.9143676757812,371.0350646972656
386,45,1122.5386962890625,624.231201171875
386,46,1105.52294921875,590.2426147460938
386,47,1087.9678955078125,555.898681640625
386,48,1069.899169921875,521.67822265625
386,49,1051.1605224609375,487.42071533203125
386,50,1032.9447021484375,453.47271728515625
386,51,1014.5357055664062,419.78350830078125
386,52,996.006103515625,386.8817138671875
386,53,977.4129638671875,354.75103759765625
386,54,1154.0277099609375,606.4378051757812
386,55,1137.5889892578125,572.58642578125
386,56,1120.09423828125,538.5014038085938
386,57,1102.545166015625,504.5290222167969
386,58,1084.205078125,470.35302734375
386,59,1065.9178466796875,436.89752197265625
386,60,1047.552978515625,403.5933837890625
386,61,1029.0408935546875,370.9835205078125
386,62,1010.604248046875,338.9664001464844
387,0,950.0300903320312,1007.3577270507812
387,1,913.1849365234375,976.5209350585938
387,2,877.843994140625,946.1097412109375
387,3,844.1781616210938,916.4295043945312
387,4,811.8905029296875,887.0408325195312
387,5,781.8070068359375,859.1265869140625
387,6,753.4909057617188,831.9488525390625
387,7,726.4324951171875,805.82958984375
387,8,701.1959228515625,780.8209228515625
387,9,981.5208129882812,969.5811157226562
387,10,944.1279296875,939.633544921875
387,11,908.2907104492188,910.1771240234375
387,12,873.930419921875,881.2722778320312
387,13,841.28076171875,853.1207275390625
387,14,810.33544921875,825.885986328125
387,15,781.20068359375,799.5939331054688
387,16,753.445068359375,774.2283325195312
387,17,727.7048950195312,750.2139282226562
387,18,1012.5635375976562,931.5527954101562
387,19,974.9796752929688,902.4395141601562
387,20,938.41357421875,873.7882080078125
387,21,903.7392578125,846.0812377929688
387,22,870.3687133789062,818.7938842773438
387,23,838.8054809570312,792.4985961914062
387,24,808.8250732421875,766.9929809570312
387,25,780.7726440429688,742.8544921875
387,26,754.6949462890625,720.165283203125
387,27,1043.0235595703125,893.11962890625
387,28,1004.9742431640625,864.924072265625
387,29,968.1001586914062,837.2047729492188
387,30,932.9678344726562,810.3140258789062
387,31,899.244873046875,784.1461181640625
387,32,867.3903198242188,759.0867309570312
387,33,836.8119506835938,734.845947265625
387,34,808.1780395507812,711.7888793945312
387,35,781.5953979492188,690.005859375
387,36,1072.700439453125,854.166015625
387,37,1034.536865234375,827.1166381835938
387,38,997.4014892578125,800.5433349609375
387,39,961.9264526367188,774.646240234375
387,40,927.8583374023438,749.8906860351562
387,41,895.4086303710938,725.8126220703125
387,42,864.4473876953125,702.469482421875
387,43,835.4302978515625,680.4901123046875
387,44,808.21142578125,659.9058227539062
387,45,1101.2454833984375,816.0799560546875
387,46,1062.981201171875,789.6660766601562
387,47,1025.7958984375,764.2328491210938
387,48,989.9903564453125,739.5824584960938
387,49,955.5904541015625,715.879638671875
387,50,922.80078125,692.7864379882812
387,51,891.430419921875,670.6065063476562
387,52,861.9459228515625,649.7498168945312
387,53,834.1494140625,630.088623046875
387,54,1128.5841064453125,778.6612548828125
387,55,1090.42236328125,753.2007446289062
387,56,1053.236572265625,728.8377685546875
387,57,1017.3245239257812,705.0502319335938
387,58,982.7368774414062,682.1173706054688
387,59,949.660888671875,660.4044799804688
387,60,918.1993408203125,639.5848999023438
387,61,888.2125244140625,619.5833129882812
387,62,859.9182739257812,600.9458618164062
388,0,980.4083251953125,986.2973022460938
388,1,959.1759643554688,968.03173828125
388,2,938.2294921875,949.8840942382812
388,3,918.0189819335938,931.980712890625
388,4,898.0699462890625,914.02783203125
388,5,878.909912109375,896.4087524414062
388,8,824.31298828125,845.0092163085938
388,9,999.7794799804688,966.0116577148438
388,10,978.6235961914062,948.3629150390625
388,11,957.85498046875,930.8330078125
388,12,937.4149169921875,913.1841430664062
388,13,917.4306640625,895.8402099609375
388,14,898.2247924804688,878.5704345703125
388,15,879.4754638671875,861.5382080078125
388,16,861.1432495117188,844.7789916992188
388,18,1018.5123901367188,946.2857666015625
388,19,997.4514770507812,929.0218505859375
388,20,976.66650390625,911.8351440429688
388,21,956.2669677734375,894.797607421875
388,22,936.2886962890625,877.736572265625
388,25,879.9467163085938,827.9821166992188
388,27,1036.7938232421875,926.7999267578125
388,28,1015.806884765625,909.8224487304688
388,29,995.0116577148438,892.8527221679688
388,30,974.7337646484375,876.392822265625
388,36,1054.6842041015625,907.0601806640625
388,39,992.8529052734375,858.0098876953125
388,45,1071.8524169921875,888.0503540039062
388,48,1010.2808837890625,840.1565551757812
388,54,1088.313232421875,869.3483276367188
389,0,504.7453918457031,281.1199951171875
389,4,444.8581237792969,289.836181640625
389,7,398.0128479003906,297.0345458984375
389,8,382.6557922363281,299.24462890625
389,9,501.2229309082031,267.6473693847656
389,12,456.9396667480469,274.5655517578125
389,13,442.0536804199219,277.1007385253906
389,16,396.1894226074219,283.1255798339844
389,17,381.6172790527344,285.35809326171875
389,18,497.4203796386719,254.95339965820312
389,19,483.5376281738281,257.30230712890625
389,20,468.8723449707031,259.7249450683594
389,23,424.20306396484375,266.3638916015625
389,24,410.0190124511719,267.45220947265625
389,25,394.6773681640625,270.2982482910156
389,26,379.80029296875,272.4842224121094
389,27,494.1886901855469,243.05523681640625
389,28,480.00750732421875,245.6715850830078
389,29,466.3111572265625,247.06385803222656
389,32,422.3048095703125,253.63877868652344
389,33,407.77801513671875,255.87857055664062
389,34,393.3326416015625,257.98944091796875
389,37,477.00262451171875,233.83966064453125
389,38,462.70318603515625,235.70423889160156
389,41,420.3047180175781,242.01695251464844
389,42,406.1866455078125,243.6764373779297
389,46,473.7178039550781,222.5322723388672
389,47,460.2757568359375,224.07638549804688
389,57,444.07989501953125,215.6546630859375
390,2,409.47906494140625,463.31500244140625
390,9,441.3486633300781,462.6226501464844
390,10,428.2736511230469,457.0897216796875
390,19,434.1501770019531,445.29254150390625
390,24,373.9775085449219,417.0765380859375
390,29,427.8930358886719,428.20379638671875
390,30,415.59930419921875,422.9071044921875
390,31,403.44952392578125,417.3885192871094
390,32,391.73565673828125,410.8367919921875
390,33,380.199951171875,406.5599060058594
390,38,433.2684631347656,416.2564697265625
390,39,421.31103515625,411.4051208496094
390,40,409.675537109375,406.1503601074219
390,45,463.5141296386719,415.3172912597656
390,46,451.371337890625,410.0371398925781
391,0,488.9687194824219,347.8576354980469
391,1,473.3211975097656,350.4971008300781
391,2,457.3201904296875,353.238525390625
391,3,441.973876953125,355.42498779296875
391,4,426.27838134765625,357.5188903808594
391,5,410.44805908203125,359.8623046875
391,6,394.5056457519531,362.4005432128906
391,7,379.06781005859375,364.4185485839844
391,8,363.268798828125,366.32293701171875
391,9,486.6904602050781,332.2175598144531
391,10,471.2926940917969,335.01959228515625
391,11,455.4224548339844,337.2746276855469
391,12,439.6166076660156,340.01751708984375
391,13,423.7187805175781,341.9685974121094
391,14,408.0843811035156,345.02459716796875
391,15,392.2232666015625,346.6295471191406
391,16,375.8083190917969,349.3221130371094
391,17,360.6971740722656,351.3945007324219
391,18,484.50177001953125,315.9773864746094
391,19,469.1593933105469,319.0489196777344
391,20,453.1901550292969,321.5390930175781
391,21,437.1256103515625,324.11871337890625
391,22,421.3622741699219,325.83428955078125
391,23,405.6979064941406,328.7168273925781
391,24,389.4920959472656,331.2646179199219
391,25,374.08978271484375,333.3219909667969
391,26,358.3706359863281,335.502685546875
391,27,482.2369689941406,301.2091979980469
391,28,466.2854309082031,303.365966796875
391,29,450.57525634765625,306.01544189453125
391,30,435.02874755859375,308.2471618652344
391,31,419.18194580078125,310.63482666015625
391,32,402.54150390625,313.4146423339844
391,33,387.2427062988281,315.8148193359375
391,34,371.7479248046875,317.4116516113281
391,35,356.2344665527344,319.6168212890625
391,36,479.5886535644531,285.0240173339844
391,37,464.1559143066406,287.5397644042969
391,38,448.25970458984375,289.71527099609375
391,39,432.4903869628906,292.447021484375
391,40,415.9288330078125,295.080810546875
391,41,400.4494323730469,297.4908142089844
391,42,384.9222717285156,299.15093994140625
391,43,369.5304870605469,302.35321044921875
391,44,353.45263671875,304.3638610839844
391,45,477.025634765625,269.6146545410156
391,46,461.1844787597656,271.92486572265625
391,47,445.92236328125,274.1819152832031
391,48,429.9659423828125,276.3808288574219
391,49,414.2275695800781,278.52838134765625
391,50,398.1707458496094,281.13702392578125
391,51,382.7555236816406,283.87890625
391,52,366.7374267578125,286.1214294433594
391,53,351.3212585449219,289.0109558105469
391,54,474.4945983886719,253.4804229736328
391,55,459.2082824707031,256.09423828125
391,56,443.2424621582031,258.0210266113281
391,57,427.1218566894531,261.0736389160156
391,58,411.6109313964844,263.4826354980469
391,59,396.1114501953125,265.9528503417969
391,60,379.82940673828125,268.4484558105469
391,61,364.88134765625,270.90240478515625
391,62,348.9425964355469,273.1843566894531
