image_idx,corner_id,x,y
0,0,914.3350219726562,458.9954833984375
0,1,958.9126586914062,477.1138610839844
0,2,1001.3309326171875,493.469482421875
0,3,1041.673828125,509.43438720703125
0,4,1079.4742431640625,524.4779052734375
0,5,1115.04443359375,538.09619140625
0,6,1147.9891357421875,551.5523681640625
0,7,1179.58544921875,563.0731811523438
0,8,1208.3326416015625,574.693603515625
0,9,890.5751342773438,495.02618408203125
0,10,934.2632446289062,510.3726501464844
0,11,975.7133178710938,524.846435546875
0,12,1015.2863159179688,539.5358276367188
0,13,1053.0426025390625,553.9385375976562
0,14,1088.2220458984375,567.0638427734375
0,15,1121.891845703125,578.8391723632812
0,16,1152.57958984375,589.7055053710938
0,17,1181.8643798828125,599.4949951171875
0,18,868.3831176757812,526.08203125
0,19,910.9231567382812,540.0838012695312
0,20,951.595703125,554.1944580078125
0,21,990.3855590820312,567.7424926757812
0,22,1027.738525390625,580.4574584960938
0,23,1062.8466796875,592.369384765625
0,24,1095.9034423828125,604.5565795898438
0,25,1127.11962890625,615.1051635742188
0,26,1156.0743408203125,624.5596923828125
0,27,847.9751586914062,554.4066162109375
0,28,889.3377685546875,568.246337890625
0,29,929.26611328125,581.7738037109375
0,30,967.271240234375,594.4954833984375
0,31,1004.1112060546875,606.3377685546875
0,32,1038.45849609375,617.5962524414062
0,33,1071.32666015625,628.3330078125
0,34,1102.610595703125,638.4072875976562
0,35,1132.115234375,647.729736328125
0,36,829.0077514648438,582.3916625976562
0,37,869.3445434570312,595.03564453125
0,38,908.0389404296875,607.6238403320312
0,39,945.6612548828125,619.8240356445312
0,40,981.611572265625,631.2034912109375
0,41,1015.7678833007812,641.8709106445312
0,42,1048.061767578125,651.705810546875
0,43,1079.2652587890625,661.137451171875
0,44,1108.4822998046875,669.6270751953125
0,45,811.8016967773438,607.83447265625
0,46,850.8316040039062,619.8526611328125
0,47,888.619384765625,631.0264282226562
0,48,925.26513671875,642.6908569335938
0,49,960.7682495117188,653.3881225585938
0,50,994.3309326171875,663.3070678710938
0,51,1026.709228515625,672.7830810546875
0,52,1057.1427001953125,681.7955932617188
0,53,1086.6466064453125,689.3794555664062
0,54,795.6592407226562,632.23583984375
0,55,833.660400390625,643.3601684570312
0,56,870.5912475585938,654.4771728515625
0,57,905.9917602539062,664.371826171875
0,58,940.9111938476562,674.4296264648438
0,59,973.953369140625,684.65673828125
0,60,1005.5240478515625,692.9987182617188
0,61,1035.8878173828125,701.1204223632812
0,62,1064.9747314453125,708.7522583007812
1,2,811.8807373046875,860.0843505859375
1,3,840.6820068359375,869.9713134765625
1,4,869.8506469726562,880.5741577148438
1,5,899.802978515625,890.2291870117188
1,6,930.5411987304688,900.0038452148438
1,7,962.0560302734375,909.7603149414062
1,8,993.92529296875,918.9590454101562
1,9,740.9887084960938,855.7178344726562
1,10,768.388916015625,866.5443115234375
1,11,796.2944946289062,877.5125732421875
1,12,825.8284912109375,887.5481567382812
1,13,856.1171264648438,897.4323120117188
1,14,886.7771606445312,907.7158203125
1,15,918.4464111328125,918.1983032226562
1,16,950.5757446289062,929.1058349609375
1,17,983.4788208007812,939.0125732421875
1,18,723.9315795898438,873.4570922851562
1,19,751.7406616210938,884.4990234375
1,20,780.5916137695312,894.7435913085938
1,21,810.3107299804688,905.4600219726562
1,22,841.2675170898438,916.4741821289062
1,23,872.8080444335938,927.2498168945312
1,24,905.2992553710938,937.955078125
1,25,938.482421875,948.925048828125
1,26,972.489501953125,960.00244140625
1,27,705.2702026367188,891.0384521484375
1,28,734.275390625,901.9424438476562
1,29,763.727294921875,912.960205078125
1,30,794.090087890625,924.2135009765625
1,31,825.5672607421875,935.9860229492188
1,32,858.19921875,947.5152587890625
1,33,891.4248046875,958.7435913085938
1,34,925.827392578125,970.2064208984375
1,35,960.6893920898438,981.4762573242188
1,36,686.702880859375,907.4486083984375
1,37,715.4180908203125,919.8262329101562
1,38,745.4945678710938,932.12109375
1,39,776.8107299804688,943.9459228515625
1,40,809.0250244140625,956.0732421875
1,41,842.417724609375,968.2185668945312
1,42,876.5877075195312,980.5345458984375
1,43,912.0319213867188,992.6255493164062
1,44,948.0116577148438,1004.6106567382812
1,45,666.5847778320312,924.8887329101562
1,46,696.1597290039062,938.4392700195312
1,47,726.9131469726562,951.8930053710938
1,48,758.3334350585938,964.84716796875
1,49,791.6109619140625,978.0411376953125
1,50,825.80419921875,991.0591430664062
1,51,860.9620361328125,1004.006103515625
1,52,897.2822875976562,1016.9122314453125
1,53,934.5305786132812,1029.8863525390625
1,55,675.4412231445312,956.8427734375
1,56,706.4906005859375,971.0377807617188
1,57,738.9324340820312,986.1461181640625
1,58,772.9799194335938,1000.4392700195312
1,59,808.1300048828125,1014.0533447265625
1,60,844.16015625,1028.3162841796875
1,61,881.661376953125,1042.2034912109375
1,62,920.1364135742188,1055.2469482421875
2,2,796.8038330078125,832.1939086914062
2,3,834.1746215820312,840.5880737304688
2,9,711.7111206054688,827.199951171875
2,10,749.2749633789062,836.7186889648438
2,13,867.2937622070312,862.4166259765625
2,18,698.6062622070312,841.3699951171875
2,19,737.8289794921875,851.2439575195312
2,22,861.0748291015625,877.7636108398438
2,27,684.4776611328125,852.479736328125
2,28,725.7067260742188,864.3294067382812
2,29,767.9256591796875,874.843505859375
2,30,810.7630004882812,884.2264404296875
2,31,854.4895629882812,893.4920654296875
2,36,669.56982421875,865.5045776367188
2,37,712.2269897460938,878.3807373046875
2,38,756.175048828125,890.5978393554688
2,39,800.9597778320312,900.2743530273438
2,40,847.667236328125,910.4971923828125
2,45,652.6113891601562,880.1719360351562
2,46,697.6411743164062,894.0278930664062
2,47,743.6934204101562,907.3632202148438
2,48,790.9804077148438,918.984375
2,49,839.7206420898438,930.0112915039062
2,54,634.5139770507812,896.9937744140625
2,55,681.2379760742188,910.6580810546875
2,56,730.1094970703125,924.1472778320312
2,57,779.8585815429688,938.2002563476562
2,58,831.0390625,950.8168334960938
2,59,882.7208251953125,961.0953979492188
3,2,857.8363647460938,404.4250793457031
3,3,895.8816528320312,430.1173400878906
3,4,933.2921142578125,454.6496276855469
3,5,969.4329223632812,477.8629150390625
3,6,1004.0702514648438,500.09210205078125
3,7,1037.552001953125,521.06298828125
3,8,1068.9114990234375,541.1875
3,9,756.414306640625,385.4669494628906
3,10,795.2660522460938,409.47515869140625
3,11,833.4171142578125,433.45867919921875
3,12,870.8074951171875,457.1670837402344
3,13,907.5020141601562,480.5904541015625
3,14,942.8009643554688,502.6280517578125
3,15,977.1730346679688,523.642333984375
3,16,1010.0275268554688,543.3433837890625
3,17,1041.5191650390625,562.5545043945312
3,18,735.7445678710938,415.5199890136719
3,19,773.6578979492188,438.1058349609375
3,20,810.9111328125,460.51275634765625
3,21,847.4954833984375,482.5216979980469
3,22,883.598876953125,504.0609130859375
3,23,918.2227172851562,524.9578247070312
3,24,951.7203979492188,545.5369262695312
3,25,984.1458740234375,564.9619140625
3,26,1015.1810302734375,583.1693115234375
3,27,717.7975463867188,441.4918518066406
3,28,754.39892578125,463.27099609375
3,29,790.4266357421875,484.9139404296875
3,30,826.01953125,506.00042724609375
3,31,861.1437377929688,526.5408325195312
3,32,894.9906005859375,546.4093627929688
3,33,928.00244140625,565.8601684570312
3,34,959.8795166015625,584.479736328125
3,35,990.541015625,602.4664306640625
3,36,701.2019653320312,465.7645568847656
3,37,736.654052734375,486.61639404296875
3,38,771.8030395507812,507.23663330078125
3,39,806.0321655273438,528.0055541992188
3,40,840.0940551757812,547.96337890625
3,41,873.3956909179688,567.0155639648438
3,42,905.510986328125,585.5408935546875
3,43,937.124267578125,603.3709716796875
3,44,967.0098876953125,620.3285522460938
3,45,686.451904296875,487.7371826171875
3,46,720.7826538085938,507.7635192871094
3,47,754.656494140625,527.578125
3,48,788.0030517578125,547.480712890625
3,49,820.8291625976562,567.0823364257812
3,50,853.2193603515625,585.2611694335938
3,51,885.3295288085938,603.1459350585938
3,52,915.2898559570312,620.4927368164062
3,53,945.2098999023438,636.5740356445312
3,54,672.7715454101562,508.6083984375
3,55,705.8109130859375,528.1392822265625
3,56,738.4367065429688,547.5064086914062
3,57,770.9677734375,565.8765869140625
3,58,803.2329711914062,584.5621948242188
3,59,834.5176391601562,602.8890380859375
3,60,865.033203125,619.808837890625
3,61,894.6703491210938,636.3356323242188
3,62,924.3191528320312,651.7223510742188
4,2,910.0050048828125,761.8046875
4,3,949.8159790039062,770.685791015625
4,4,990.28955078125,780.6704711914062
4,5,1031.089599609375,789.5213623046875
4,6,1071.5478515625,798.4384155273438
4,7,1112.5570068359375,807.1219482421875
4,8,1152.8441162109375,815.99609375
4,9,818.9744873046875,773.724609375
4,10,858.1126708984375,783.761474609375
4,11,898.4298095703125,793.490234375
4,12,939.3741455078125,803.185791015625
4,13,981.1731567382812,812.4027099609375
4,14,1023.204345703125,821.7755737304688
4,15,1065.304931640625,831.01416015625
4,16,1107.34814453125,840.46484375
4,17,1149.05810546875,849.1728515625
4,18,804.4722290039062,806.1283569335938
4,19,844.7225341796875,816.6035766601562
4,20,886.1253662109375,826.9614868164062
4,21,928.3139038085938,837.25634765625
4,22,971.2428588867188,847.3884887695312
4,23,1014.7268676757812,857.1358032226562
4,24,1058.17333984375,866.2434692382812
4,25,1101.8095703125,875.2532958984375
4,26,1145.0731201171875,884.3821411132812
4,27,789.0972290039062,839.4111328125
4,28,830.5324096679688,850.5480346679688
4,29,873.1289672851562,861.2694091796875
4,30,916.619873046875,871.9405517578125
4,31,961.0569458007812,882.790771484375
4,32,1005.759033203125,893.235595703125
4,33,1050.6453857421875,903.0077514648438
4,34,1095.7642822265625,912.3353881835938
4,35,1140.53857421875,920.9663696289062
4,36,772.7822265625,872.8995361328125
4,37,815.19970703125,884.4891357421875
4,38,859.1837768554688,896.4410400390625
4,39,904.0929565429688,907.8429565429688
4,40,950.2246704101562,919.4118041992188
4,41,996.1657104492188,930.1406860351562
4,42,1042.872314453125,940.9616088867188
4,43,1089.2857666015625,950.673583984375
4,44,1135.6650390625,960.2388305664062
4,45,755.6196899414062,908.0585327148438
4,46,799.6282348632812,921.3938598632812
4,47,844.7009887695312,934.5159912109375
4,48,891.033447265625,947.22509765625
4,49,938.2611694335938,959.4733276367188
4,50,985.9976806640625,971.2470092773438
4,51,1033.895263671875,981.8397827148438
4,52,1082.1085205078125,992.36083984375
4,53,1129.630859375,1001.5826416015625
4,54,738.0355834960938,946.6896362304688
4,55,782.8240356445312,960.5237426757812
4,56,829.396240234375,974.808837890625
4,57,877.0579223632812,988.6871337890625
4,58,925.7978515625,1001.9094848632812
4,59,974.953125,1013.8011474609375
4,60,1024.454345703125,1025.3275146484375
4,61,1074.0438232421875,1035.6851806640625
4,62,1123.3482666015625,1045.462890625
5,16,1084.23388671875,871.1285400390625
5,17,1127.4349365234375,875.617431640625
5,22,947.1883544921875,879.6600952148438
5,23,992.1275634765625,885.0299072265625
5,24,1037.7257080078125,889.66552734375
5,25,1083.19873046875,894.3368530273438
5,26,1128.7222900390625,899.3651123046875
5,29,846.6524047851562,890.1205444335938
5,30,892.5317993164062,896.7149658203125
5,31,939.3788452148438,903.5178833007812
5,32,986.69580078125,909.9065551757812
5,33,1034.2259521484375,915.1285400390625
5,34,1082.2716064453125,920.0391235351562
5,35,1130.0374755859375,924.1417236328125
5,38,833.8284301757812,913.43310546875
5,39,881.4391479492188,920.7765502929688
5,40,930.9384155273438,928.2132568359375
5,41,980.4312744140625,935.0138549804688
5,42,1030.825927734375,941.3524169921875
5,43,1081.4705810546875,946.8793334960938
5,44,1131.29638671875,951.7896118164062
5,45,723.8903198242188,921.4189453125
5,46,770.9296264648438,930.9601440429688
5,47,819.5712890625,940.9414672851562
5,48,869.8135986328125,949.3822021484375
5,49,921.45068359375,957.6981201171875
5,50,973.8673095703125,965.4165649414062
5,51,1026.6356201171875,971.840087890625
5,52,1079.8331298828125,977.791015625
5,53,1132.6407470703125,982.920654296875
5,54,704.3418579101562,949.4435424804688
5,55,753.1121215820312,959.79248046875
5,56,804.0497436523438,970.258544921875
5,57,856.6826171875,980.990478515625
5,58,911.0671997070312,990.1536254882812
5,59,966.0414428710938,997.5961303710938
5,60,1022.0083618164062,1005.36767578125
5,61,1078.0509033203125,1011.5055541992188
5,62,1134.0909423828125,1016.47998046875
6,0,785.76171875,219.36410522460938
6,1,819.4534301757812,250.17575073242188
6,2,852.4385375976562,280.08837890625
6,3,884.1519165039062,309.517578125
6,4,915.0440063476562,337.6477966308594
6,5,944.3876342773438,364.0782775878906
6,6,972.4456787109375,389.3169250488281
6,7,999.1694946289062,413.4195251464844
6,8,1024.3231201171875,436.2994689941406
6,9,756.5660400390625,244.33396911621094
6,10,790.1556396484375,273.03668212890625
6,11,822.8099975585938,300.81085205078125
6,12,854.2992553710938,328.4071044921875
6,13,884.6383666992188,355.4474182128906
6,14,913.8294677734375,381.0713195800781
6,15,941.8231201171875,405.2614440917969
6,16,968.6055297851562,427.97174072265625
6,17,993.9453125,450.0682067871094
6,18,730.819580078125,266.14837646484375
6,19,763.5995483398438,293.0943908691406
6,20,795.4820556640625,319.93572998046875
6,21,826.2985229492188,346.2464599609375
6,22,856.5577392578125,371.4381408691406
6,23,885.2321166992188,396.0098876953125
6,24,912.8163452148438,419.87945556640625
6,25,939.5773315429688,442.4442443847656
6,26,964.917236328125,463.3721008300781
6,27,707.4763793945312,286.06768798828125
6,28,739.25,312.0973815917969
6,29,770.2808227539062,338.1604309082031
6,30,800.3795776367188,363.2837219238281
6,31,830.0071411132812,387.3877868652344
6,32,858.4859008789062,410.9230041503906
6,33,886.1018676757812,433.53155517578125
6,34,912.2897338867188,455.3425598144531
6,35,936.5704956054688,476.10693359375
6,36,685.2734375,305.5270690917969
6,37,716.38330078125,330.55230712890625
6,38,746.6339111328125,355.1896057128906
6,39,776.0540771484375,379.6123962402344
6,40,805.0615844726562,403.2405700683594
6,41,833.1224365234375,425.7969970703125
6,42,860.0220947265625,447.1772155761719
6,43,886.3228759765625,468.23455810546875
6,44,911.3134765625,488.06402587890625
6,45,665.223876953125,323.7789611816406
6,46,695.4473876953125,347.5056457519531
6,47,725.074462890625,370.9502868652344
6,48,753.9049072265625,394.38763427734375
6,49,781.9570922851562,417.1379089355469
6,50,809.5921020507812,438.7138366699219
6,51,835.9590454101562,459.9123840332031
6,52,862.0697021484375,479.92071533203125
6,53,886.9089965820312,498.6484069824219
6,54,646.4326782226562,341.20111083984375
6,55,675.6527099609375,364.305908203125
6,56,704.5712280273438,386.89617919921875
6,57,733.0362548828125,408.4228820800781
6,58,760.72900390625,430.1368408203125
6,59,787.1612548828125,451.5403137207031
6,60,813.749267578125,471.3385314941406
6,61,839.0458984375,490.8049621582031
6,62,863.801513671875,509.2758483886719
7,0,818.894775390625,346.83245849609375
7,1,853.2505493164062,376.88299560546875
7,2,886.7695922851562,405.4471130371094
7,3,918.8909301757812,433.76068115234375
7,4,949.8467407226562,460.2156066894531
7,5,979.556640625,484.8487854003906
7,6,1007.3656005859375,508.52276611328125
7,7,1034.5064697265625,530.811767578125
7,8,1059.3272705078125,551.730224609375
7,9,790.1757202148438,370.90106201171875
7,10,824.26318359375,398.5870666503906
7,11,857.443115234375,425.2814025878906
7,12,889.2206420898438,451.62493896484375
7,13,919.9563598632812,477.4476623535156
7,14,949.1351318359375,501.4792175292969
7,15,977.2394409179688,523.7930908203125
7,16,1003.7557373046875,544.9374389648438
7,17,1029.177734375,565.3658447265625
7,18,764.739501953125,391.490966796875
7,19,797.9343872070312,417.343505859375
7,20,830.3333129882812,443.2926940917969
7,21,861.35595703125,468.4226379394531
7,22,891.7921752929688,492.506103515625
7,23,920.5462036132812,515.6113891601562
7,24,948.521484375,538.0855102539062
7,25,976.1185302734375,559.1586303710938
7,26,1000.478515625,578.2514038085938
7,27,741.463623046875,410.15936279296875
7,28,773.747802734375,435.4629211425781
7,29,804.9918212890625,460.6741943359375
7,30,835.6058959960938,484.703857421875
7,31,864.9978637695312,505.93017578125
7,32,893.9740600585938,529.7615966796875
7,33,921.6154174804688,550.9690551757812
7,34,947.9967651367188,571.3326416015625
7,35,973.7218017578125,590.4323120117188
7,36,719.3955078125,428.5174255371094
7,37,750.7899169921875,452.80535888671875
7,38,781.5286865234375,476.6002502441406
7,39,811.167236328125,500.0934753417969
7,40,840.4324951171875,522.5638427734375
7,41,868.7225341796875,544.0225830078125
7,42,895.9303588867188,564.0567626953125
7,45,699.411376953125,445.4422912597656
7,46,730.0241088867188,468.75616455078125
7,47,760.1541748046875,491.1819763183594
7,48,789.0118408203125,513.7867431640625
7,49,817.187744140625,535.3953247070312
7,50,845.3575439453125,555.9292602539062
7,54,680.6900634765625,461.7627868652344
7,55,710.1709594726562,484.30194091796875
7,56,739.4166259765625,506.1172790527344
7,57,768.1435546875,526.8060302734375
7,58,796.259033203125,547.7575073242188
7,59,822.356201171875,568.2525024414062
8,0,823.2877807617188,317.8252258300781
8,1,857.8366088867188,347.5785217285156
8,2,891.3466796875,375.78729248046875
8,3,923.418212890625,403.7334289550781
8,4,954.2952880859375,429.89013671875
8,5,983.85693359375,454.3679504394531
8,6,1011.522216796875,477.7650146484375
8,7,1038.3001708984375,499.7825012207031
8,8,1062.7889404296875,520.5889282226562
8,9,793.7587890625,343.3518981933594
8,10,827.9322509765625,370.6470031738281
8,11,861.247802734375,397.1080627441406
8,12,893.0226440429688,423.1177978515625
8,13,923.8552856445312,448.57708740234375
8,14,952.8661499023438,472.3390808105469
8,15,981.0240478515625,494.7890625
8,16,1007.2180786132812,515.4063110351562
8,17,1032.2847900390625,535.2730102539062
8,18,767.1908569335938,365.4073791503906
8,19,800.7880249023438,391.0870361328125
8,20,833.3269653320312,416.7113037109375
8,21,864.5241088867188,441.3961486816406
8,22,895.0999145507812,465.20037841796875
8,23,923.9315795898438,488.16748046875
8,24,951.8079833984375,510.0712585449219
8,25,978.716796875,530.5580444335938
8,26,1003.4828491210938,549.8433227539062
8,27,742.9580688476562,385.6629333496094
8,28,775.5388793945312,410.6230773925781
8,29,807.1846923828125,435.3215026855469
8,30,838.0999145507812,459.11419677734375
8,31,867.914794921875,481.7569885253906
8,32,896.8267211914062,503.6138916015625
8,33,924.694580078125,524.7053833007812
8,34,950.8220825195312,544.5049438476562
8,35,974.3929443359375,563.5089721679688
8,36,720.1402587890625,405.5589599609375
8,37,752.0348510742188,429.5210876464844
8,38,783.0546264648438,452.89019775390625
8,39,813.0247802734375,476.0771179199219
8,40,842.7255859375,498.12261962890625
8,41,870.9664916992188,519.1880493164062
8,42,898.2266235351562,539.09130859375
8,43,925.6453857421875,558.8893432617188
8,44,949.5462036132812,576.5321655273438
8,45,699.1176147460938,424.0310363769531
8,46,730.28125,446.83966064453125
8,47,760.7351684570312,469.01080322265625
8,48,790.0963745117188,491.186767578125
8,49,818.5908203125,512.694091796875
8,50,846.8543701171875,532.696044921875
8,51,874.8643188476562,552.2621459960938
8,52,899.9078369140625,570.7826538085938
8,53,924.3123779296875,588.102294921875
8,54,679.6393432617188,441.6441345214844
8,55,709.7291259765625,463.8329162597656
8,56,739.4100952148438,485.30194091796875
8,57,768.549560546875,505.49945068359375
8,58,796.8887329101562,526.0081787109375
8,59,823.8912963867188,546.1638793945312
8,60,850.6569213867188,564.6592407226562
8,61,876.0813598632812,582.2467041015625
8,62,901.2813720703125,599.4270629882812
9,2,853.2208862304688,403.5933837890625
9,3,892.1018676757812,425.4624328613281
9,4,929.9953002929688,446.5477294921875
9,5,966.4573974609375,467.6531677246094
9,6,1001.4317626953125,488.2742004394531
9,7,1035.216552734375,508.029052734375
9,8,1067.1707763671875,526.783935546875
9,9,751.7672119140625,392.97650146484375
9,10,791.2334594726562,414.5525207519531
9,11,830.2545166015625,435.7417297363281
9,12,868.355712890625,456.71331787109375
9,13,905.7533569335938,477.5934753417969
9,14,941.539794921875,498.0020446777344
9,15,976.2841796875,517.15185546875
9,16,1009.6128540039062,535.5061645507812
9,17,1041.6962890625,553.439208984375
9,18,731.7315063476562,426.3065490722656
9,19,770.3590087890625,446.791748046875
9,20,808.478271484375,467.1893005371094
9,21,845.8272705078125,487.09454345703125
9,22,882.5064086914062,506.81317138671875
9,23,918.0028076171875,525.93017578125
9,24,952.2291259765625,544.7491455078125
9,25,985.3031005859375,562.5234375
9,26,1017.0286865234375,579.3400268554688
9,27,712.7427368164062,459.1919860839844
9,28,750.62841796875,478.6995849609375
9,29,787.9924926757812,498.0029296875
9,30,824.5934448242188,516.8683471679688
9,31,860.5533447265625,535.1814575195312
9,32,895.6449584960938,553.2811889648438
9,33,929.4003295898438,570.8796997070312
9,34,962.120849609375,587.9097900390625
9,35,993.5607299804688,604.1446533203125
9,36,694.8303833007812,490.8424987792969
9,37,732.0214233398438,509.1766357421875
9,38,768.6172485351562,527.2633666992188
9,39,804.5944213867188,545.2100219726562
9,40,839.9044799804688,562.8055419921875
9,41,874.2904663085938,579.9979858398438
9,42,907.523681640625,596.304443359375
9,43,940.1403198242188,612.6156005859375
9,44,971.0628051757812,627.8522338867188
9,45,679.181396484375,518.6356811523438
9,46,715.26513671875,536.3401489257812
9,47,750.9777221679688,553.75
9,48,786.01806640625,570.8425903320312
9,49,820.802490234375,587.630615234375
9,50,854.397705078125,603.5258178710938
9,51,887.1796875,619.4315185546875
9,52,918.9422607421875,634.5303344726562
9,53,949.910888671875,648.8756103515625
9,54,665.0408935546875,544.048828125
9,55,700.0733032226562,561.3292236328125
9,56,734.6306762695312,578.2427368164062
9,57,768.9006958007812,594.2669677734375
9,58,802.7349853515625,610.4431762695312
9,59,835.9042358398438,626.3673706054688
9,60,867.7532348632812,641.0092163085938
9,61,898.987548828125,655.5662841796875
9,62,929.4027709960938,669.2041625976562
10,4,940.154541015625,435.7769775390625
10,5,974.8407592773438,458.85125732421875
10,6,1007.7588500976562,481.04510498046875
10,7,1039.455078125,502.1565856933594
10,8,1069.19970703125,522.2455444335938
10,9,766.4080810546875,362.78399658203125
10,10,804.3346557617188,387.3426513671875
10,11,841.8673095703125,411.3860778808594
10,12,878.0517578125,435.1767578125
10,13,913.4598388671875,458.8180236816406
10,14,947.1582641601562,481.05792236328125
10,15,980.0022583007812,502.10552978515625
10,16,1011.20654296875,521.813232421875
10,17,1041.126708984375,540.9674682617188
10,18,744.9595947265625,389.2831115722656
10,19,782.1447143554688,412.2314758300781
10,20,818.3749389648438,435.08721923828125
10,21,853.72119140625,457.615478515625
10,22,888.4144897460938,479.453125
10,23,921.5927734375,500.6866760253906
10,24,953.7616577148438,521.3230590820312
10,25,984.9581909179688,540.8848876953125
10,26,1014.108642578125,559.0397338867188
10,27,726.1640014648438,412.6260681152344
10,28,761.9122314453125,434.8258361816406
10,29,796.8554077148438,457.0126953125
10,30,831.2341918945312,478.66259765625
10,31,864.9251098632812,499.2285461425781
10,32,897.5441284179688,519.6937255859375
10,33,929.1729125976562,539.2073364257812
10,34,959.617431640625,557.965576171875
10,35,987.8743896484375,576.0620727539062
10,36,708.2293090820312,435.0779724121094
10,37,742.8214111328125,456.4308166503906
10,38,776.9288330078125,477.5180358886719
10,39,810.320556640625,498.5282287597656
10,40,843.0802612304688,518.8707885742188
10,41,875.1904907226562,538.1344604492188
10,42,905.98291015625,556.7227783203125
10,43,936.9391479492188,574.9267578125
10,44,964.7135009765625,591.9049682617188
10,45,692.1474609375,455.9331359863281
10,46,725.7291259765625,476.2485046386719
10,47,758.90625,496.0464782714844
10,48,791.1751098632812,516.330322265625
10,51,885.1708374023438,571.8992309570312
10,52,913.8616333007812,589.8629150390625
10,53,942.4136352539062,606.1994018554688
10,54,677.112060546875,475.5295104980469
10,55,709.39794921875,495.38671875
10,56,741.5087890625,514.8389892578125
10,57,773.33154296875,532.955322265625
10,60,864.16162109375,587.2958374023438
11,0,720.1565551757812,390.3825988769531
11,1,771.24853515625,409.6495056152344
11,2,820.7172241210938,427.8787841796875
11,3,868.5695190429688,446.2872619628906
11,4,914.0438842773438,463.0792236328125
11,5,957.2339477539062,478.5218505859375
11,6,998.0119018554688,493.0797119140625
11,7,1036.2484130859375,506.6391906738281
11,8,1072.1417236328125,519.389404296875
11,9,701.1807250976562,423.1549377441406
11,10,750.3753662109375,439.8749694824219
11,11,798.3135375976562,455.7645263671875
11,12,844.1366577148438,471.91168212890625
11,13,888.67578125,488.0895080566406
11,14,930.41552734375,502.74945068359375
11,15,970.8577270507812,516.2345581054688
11,16,1008.051025390625,528.2225952148438
11,17,1043.19873046875,540.2362670898438
11,18,685.0164184570312,450.3245849609375
11,19,731.8975219726562,465.09228515625
11,20,777.8131103515625,480.5470886230469
11,21,821.9241943359375,495.279296875
11,22,864.9696655273438,509.67181396484375
11,23,905.7510375976562,523.1989135742188
11,24,944.83447265625,536.8387451171875
11,25,981.976806640625,548.8920288085938
11,26,1016.7999267578125,559.74560546875
11,27,670.6942138671875,474.0369873046875
11,28,715.748779296875,488.4849853515625
11,29,759.3787231445312,502.7707824707031
11,30,802.09326171875,517.321044921875
11,31,843.4246826171875,530.1237182617188
11,32,883.2909545898438,543.2048950195312
11,33,921.1134033203125,555.3892822265625
11,34,957.4326782226562,566.9514770507812
11,35,990.9114379882812,578.2380981445312
11,36,657.4259033203125,496.9053955078125
11,37,700.3501586914062,510.599853515625
11,38,742.7671508789062,524.1779174804688
11,39,783.6200561523438,537.9120483398438
11,40,823.8674926757812,550.6646728515625
11,41,862.0936279296875,562.7730102539062
11,42,899.2958374023438,573.9096069335938
11,43,935.6846313476562,584.4292602539062
11,44,968.4834594726562,594.8129272460938
11,47,727.6035766601562,542.890625
11,48,766.9118041992188,555.547119140625
11,56,713.7744750976562,561.4007568359375
11,57,751.8650512695312,572.1017456054688
12,0,858.60595703125,696.2535400390625
12,1,896.81591796875,708.1096801757812
12,2,935.7049560546875,720.2294921875
12,3,975.1459350585938,731.91796875
12,4,1014.979736328125,743.9512329101562
12,5,1054.740234375,755.3920288085938
12,6,1094.553955078125,766.819091796875
12,7,1134.1007080078125,778.1632690429688
12,8,1172.8443603515625,789.3429565429688
12,9,844.8675537109375,733.02880859375
12,10,883.5726318359375,745.177734375
12,11,922.999267578125,757.1737670898438
12,12,962.930908203125,769.236328125
12,13,1003.6607666015625,781.0629272460938
12,14,1044.1893310546875,792.871826171875
12,15,1084.658447265625,804.54541015625
12,16,1124.75390625,816.3053588867188
12,17,1164.589111328125,827.0769653320312
12,18,830.7369384765625,770.230712890625
12,19,869.9370727539062,782.71337890625
12,20,909.8689575195312,795.3262329101562
12,21,950.4654541015625,807.8394165039062
12,22,991.6841430664062,820.2015991210938
12,23,1032.9766845703125,832.27734375
12,24,1074.1627197265625,843.8031005859375
12,25,1115.2708740234375,855.1615600585938
12,26,1155.754150390625,866.45751953125
12,27,815.9767456054688,808.1005859375
12,28,855.8015747070312,821.039306640625
12,29,896.3433227539062,833.9744873046875
12,30,937.5516357421875,846.7285766601562
12,31,979.3580322265625,859.3514404296875
12,32,1021.3295288085938,871.9962768554688
12,33,1063.3233642578125,883.8312377929688
12,34,1105.2635498046875,895.446533203125
12,35,1146.6435546875,906.14111328125
12,36,800.8212890625,846.1063842773438
12,37,840.8919067382812,859.5436401367188
12,38,882.2401733398438,873.119384765625
12,39,924.149169921875,886.3167114257812
12,40,966.9804077148438,899.663818359375
12,41,1009.4964599609375,912.0324096679688
12,42,1052.50732421875,924.57275390625
12,43,1094.78125,936.0921020507812
12,44,1136.8809814453125,947.8004760742188
12,45,785.18701171875,884.5530395507812
12,46,826.2384643554688,899.286376953125
12,47,868.0675659179688,913.5394897460938
12,48,910.6766967773438,927.4911499023438
12,49,953.8482055664062,940.597412109375
12,50,997.0372314453125,954.1683959960938
12,51,1040.291259765625,966.1691284179688
12,52,1083.6597900390625,978.4767456054688
12,53,1126.441650390625,989.34619140625
12,54,769.97900390625,924.9976806640625
12,55,811.20947265625,939.9906005859375
12,56,853.60107421875,954.7930908203125
12,57,896.6458129882812,968.8482666015625
12,58,940.3897705078125,983.1312866210938
12,59,984.2879638671875,996.1171264648438
12,60,1028.0126953125,1009.0115966796875
12,61,1071.865966796875,1020.5939331054688
12,62,1115.2174072265625,1032.0692138671875
13,0,680.322509765625,736.5286865234375
13,1,719.4121704101562,743.8385009765625
13,2,759.8525390625,751.5610961914062
13,3,800.9400634765625,758.2734985351562
13,4,843.2453002929688,765.7945556640625
13,5,885.8143310546875,772.6146240234375
13,6,928.7286376953125,779.5172729492188
13,7,971.9283447265625,786.0949096679688
13,8,1014.9150390625,792.7784423828125
13,9,668.2479248046875,773.408935546875
13,10,708.166259765625,781.2711791992188
13,11,749.178955078125,788.7792358398438
13,12,791.3081665039062,796.3477172851562
13,13,834.553955078125,803.5892333984375
13,14,878.2510986328125,810.8413696289062
13,15,922.3009643554688,817.960205078125
13,16,966.6427001953125,825.2953491210938
13,17,1010.7920532226562,831.306884765625
13,18,656.2564086914062,811.7294921875
13,19,696.5805053710938,819.8624267578125
13,20,738.3477172851562,827.8309326171875
13,21,781.3720703125,835.7395629882812
13,22,825.69189453125,843.9837036132812
13,23,870.3343505859375,851.5235595703125
13,24,915.5980224609375,858.7685546875
13,25,961.017822265625,865.4839477539062
13,26,1006.4035034179688,872.3329467773438
13,27,642.9986572265625,850.4298706054688
13,28,684.5531005859375,859.7227783203125
13,29,727.1353759765625,867.8536987304688
13,30,771.1544189453125,876.8019409179688
13,31,816.4783325195312,885.16943359375
13,32,862.3651123046875,893.4442138671875
13,33,908.4918212890625,900.7262573242188
13,34,955.5066528320312,907.8684692382812
13,35,1001.9544677734375,913.9249877929688
13,36,629.4197387695312,890.1488647460938
13,37,671.940673828125,900.2950439453125
13,38,715.9818725585938,910.3546142578125
13,39,760.7069091796875,919.1219482421875
13,40,807.3204345703125,928.3231201171875
13,41,853.9375,936.5416259765625
13,42,901.5198974609375,944.4867553710938
13,43,949.2586669921875,951.2783813476562
13,44,997.321533203125,957.898681640625
13,45,616.1165161132812,931.4176635742188
13,46,659.5803833007812,942.51953125
13,47,704.3580322265625,952.9586791992188
13,48,750.3925170898438,963.0440063476562
13,49,797.6961059570312,972.3809204101562
13,50,845.6834716796875,981.2969360351562
13,51,894.0814208984375,989.0339965820312
13,52,943.26611328125,996.5980224609375
13,53,992.2229614257812,1002.8881225585938
13,54,602.9651489257812,974.3855590820312
13,55,646.7015380859375,985.8570556640625
13,56,692.3301391601562,997.0408935546875
13,57,739.5887451171875,1007.850830078125
13,58,787.9405517578125,1018.0528564453125
13,59,836.8483276367188,1026.927734375
13,60,886.6693725585938,1035.510986328125
13,61,936.8153076171875,1042.8189697265625
13,62,987.1075439453125,1049.5067138671875
14,1,836.2766723632812,872.2252807617188
14,2,865.3485717773438,882.0213012695312
14,3,894.2145385742188,891.2139282226562
14,4,925.1056518554688,900.4566040039062
14,5,955.9854736328125,908.9214477539062
14,6,986.6779174804688,917.6869506835938
14,7,1017.9620971679688,926.2481079101562
14,10,823.4636840820312,888.1265869140625
14,11,852.58984375,898.0504760742188
14,12,883.2234497070312,907.1553344726562
14,13,914.42626953125,916.1679077148438
14,14,945.925048828125,924.9365844726562
14,15,977.9772338867188,934.1415405273438
14,16,1010.3980102539062,943.8147583007812
14,17,1043.35009765625,952.357421875
14,18,780.0462036132812,894.5712890625
14,19,808.9126586914062,904.8569946289062
14,20,839.8662719726562,914.190673828125
14,21,870.5455932617188,923.9365234375
14,22,902.9998168945312,933.6649780273438
14,23,935.4098510742188,943.111572265625
14,24,968.640869140625,952.2509155273438
14,25,1002.2218017578125,961.6495361328125
14,26,1036.2010498046875,971.3076782226562
14,27,763.2979736328125,911.1007690429688
14,28,794.5991821289062,920.9859008789062
14,29,825.588134765625,931.0897827148438
14,30,857.8960571289062,941.13818359375
14,31,890.6930541992188,951.6184692382812
14,32,924.313232421875,961.7894897460938
14,33,958.44775390625,971.5060424804688
14,34,993.37158203125,981.3297729492188
14,35,1028.4178466796875,990.9240112304688
14,36,747.9852294921875,926.48974609375
14,37,778.8458862304688,937.9421997070312
14,38,810.7529907226562,949.0516357421875
14,39,843.8193359375,959.4668579101562
14,40,877.7747192382812,970.3297119140625
14,41,912.3702392578125,981.0489501953125
14,42,947.7156982421875,991.7145385742188
14,43,983.9177856445312,1001.9904174804688
14,44,1020.3584594726562,1012.0741577148438
14,45,729.3994140625,943.0904541015625
14,46,762.1398315429688,955.53271484375
14,47,795.0264282226562,967.7675170898438
14,48,828.78759765625,979.3153686523438
14,49,863.8997802734375,990.8933715820312
14,50,899.8426513671875,1002.4786376953125
14,51,936.1929321289062,1013.3746948242188
14,52,973.6231689453125,1024.4903564453125
14,53,1011.1921997070312,1035.1287841796875
14,54,712.0638427734375,959.9180908203125
14,55,744.110595703125,972.8057861328125
14,56,778.1767578125,985.7643432617188
14,57,812.8688354492188,999.5348510742188
14,58,848.9974975585938,1012.2398681640625
14,59,885.9794311523438,1023.9830932617188
14,60,923.7584228515625,1036.3929443359375
14,61,962.458251953125,1048.09716796875
14,62,1001.8804931640625,1058.8564453125
15,2,846.7346801757812,878.0669555664062
15,3,875.6375122070312,886.7694091796875
15,4,905.6065063476562,895.8150634765625
15,5,935.402587890625,904.166015625
15,6,966.52685546875,912.17724609375
15,7,997.6398315429688,920.4493408203125
15,8,1029.3115234375,927.9978637695312
15,9,777.1060791015625,873.484619140625
15,10,805.178955078125,883.6625366210938
15,11,833.9515380859375,893.1323852539062
15,12,864.2123413085938,901.8689575195312
15,13,894.8360595703125,910.4898071289062
15,14,926.2069091796875,918.8168334960938
15,15,957.794921875,927.8436889648438
15,16,990.0001831054688,936.8843383789062
15,18,762.2391357421875,889.4786376953125
15,19,790.939453125,899.49658203125
15,20,821.2811889648438,908.2484130859375
15,21,851.906982421875,917.5431518554688
15,22,883.704833984375,926.7137451171875
15,23,915.9381713867188,935.8552856445312
15,24,948.460205078125,944.5970458984375
15,25,981.9050903320312,953.7005004882812
15,27,745.5236206054688,905.0867919921875
15,28,776.66748046875,914.3618774414062
15,29,806.9951782226562,924.17529296875
15,30,838.9569702148438,933.84130859375
15,31,871.5513916015625,943.7317504882812
15,32,904.7128295898438,953.4456787109375
15,33,938.6519775390625,962.883056640625
15,34,973.0690307617188,972.1770629882812
15,35,1007.8729248046875,981.248779296875
15,36,730.4136962890625,919.1966552734375
15,37,760.8422241210938,930.2212524414062
15,38,792.4761352539062,940.92236328125
15,39,824.7633056640625,950.9629516601562
15,40,858.6461181640625,961.1708984375
15,41,892.6858520507812,971.5040893554688
15,42,927.8095092773438,981.6362915039062
15,43,963.5755004882812,991.4017333984375
15,44,999.8910522460938,1001.1367797851562
15,45,712.37451171875,934.6642456054688
15,46,744.4541625976562,946.4568481445312
15,47,776.7438354492188,958.3043212890625
15,48,810.189453125,969.4130859375
15,49,844.7891235351562,980.7080688476562
15,50,880.1691284179688,991.7518310546875
15,51,916.2492065429688,1002.1497192382812
15,52,953.3875732421875,1012.8202514648438
15,53,990.8894653320312,1023.1370849609375
15,55,726.6463623046875,962.4401245117188
15,56,760.0311889648438,975.08251953125
15,57,794.4051513671875,988.2493286132812
15,58,830.0826416015625,1000.6103515625
15,59,866.66015625,1011.8478393554688
15,60,903.9892578125,1023.8093872070312
15,61,942.1992797851562,1034.736328125
15,62,981.2593994140625,1045.2266845703125
16,0,891.9160766601562,487.4563293457031
16,1,930.8681030273438,511.8383483886719
16,2,968.38916015625,534.3027954101562
16,3,1004.325927734375,556.3543090820312
16,4,1038.624267578125,576.8423461914062
16,5,1071.15478515625,595.96142578125
16,6,1101.77294921875,613.9446411132812
16,7,1130.9013671875,630.6486206054688
16,8,1157.695556640625,646.2050170898438
16,9,866.089599609375,514.962158203125
16,10,904.21923828125,536.6639404296875
16,11,941.2514038085938,557.191650390625
16,12,976.3580322265625,577.9183959960938
16,13,1010.5498657226562,597.9537353515625
16,14,1042.531494140625,616.48095703125
16,15,1073.1749267578125,633.6607666015625
16,16,1102.0133056640625,649.1076049804688
16,17,1129.7196044921875,663.3575439453125
16,18,842.561767578125,538.1364135742188
16,19,879.7717895507812,558.3760375976562
16,20,915.6670532226562,578.608642578125
16,21,950.3616333007812,598.1994018554688
16,22,983.7552490234375,616.749267578125
16,23,1015.5363159179688,634.0466918945312
16,24,1045.9490966796875,651.3849487304688
16,25,1074.9522705078125,666.9534301757812
16,26,1102.35693359375,681.24462890625
16,27,820.87548828125,558.8704833984375
16,28,857.2578125,579.0166625976562
16,29,892.3189086914062,598.580322265625
16,30,925.96240234375,617.3916625976562
16,31,958.7159423828125,634.9574584960938
16,32,990.2613525390625,651.8508911132812
16,33,1020.1961059570312,667.951904296875
16,34,1048.9998779296875,683.0225830078125
16,35,1075.9395751953125,697.2797241210938
16,36,800.6283569335938,579.6002807617188
16,37,835.9383544921875,598.625732421875
16,38,870.0645141601562,617.2303466796875
16,39,902.9838256835938,635.5327758789062
16,40,935.1915893554688,652.909912109375
16,41,966.2606811523438,668.87255859375
16,42,995.8164672851562,684.2183227539062
16,43,1024.6070556640625,698.8278198242188
16,44,1051.5821533203125,712.3732299804688
16,45,782.2382202148438,598.7042236328125
16,46,816.2100830078125,616.8419799804688
16,47,849.5159912109375,634.1764526367188
16,48,882.0911865234375,651.877685546875
16,49,913.6460571289062,668.598388671875
16,50,943.6868896484375,684.0228271484375
16,51,973.9677124023438,699.0770874023438
16,52,1001.066162109375,712.9051513671875
16,53,1028.304931640625,726.0504150390625
16,54,764.8582153320312,616.570068359375
16,55,797.908447265625,634.3171997070312
16,56,830.3819580078125,651.3995361328125
16,57,861.8150024414062,666.3997802734375
16,58,892.8765258789062,683.1504516601562
16,59,923.0776977539062,698.7997436523438
16,60,951.3487548828125,712.6677856445312
16,61,978.5304565429688,726.3413696289062
16,62,1005.7202758789062,738.7550659179688
17,0,727.0744018554688,559.0653076171875
17,1,762.1353149414062,565.323486328125
17,2,797.248779296875,572.2960205078125
17,6,941.5108642578125,598.0985107421875
17,7,977.7626342773438,604.94189453125
17,9,716.8793334960938,578.2150268554688
17,10,752.9174194335938,584.576416015625
17,11,789.4866943359375,591.0768432617188
17,14,901.9484252929688,609.9406127929688
17,15,939.3941040039062,616.8491821289062
17,16,977.0172119140625,624.1879272460938
17,17,1013.9328002929688,630.9849243164062
17,18,705.9361572265625,598.2987670898438
17,19,743.1807250976562,604.7645263671875
17,20,781.216064453125,610.9589233398438
17,21,819.680419921875,617.7933349609375
17,22,858.8447875976562,624.72021484375
17,23,897.78564453125,631.2894287109375
17,24,937.1314086914062,637.5433959960938
17,25,975.94775390625,644.4488525390625
17,26,1014.7061157226562,651.4573974609375
17,27,694.3427124023438,617.96533203125
17,28,733.0081787109375,625.1177368164062
17,29,772.3005981445312,631.9234008789062
17,30,812.4472045898438,638.8084716796875
17,31,853.0621337890625,646.0560913085938
17,32,893.6068725585938,653.16943359375
17,33,934.1773071289062,659.8468627929688
17,34,975.2440795898438,666.5358276367188
17,35,1015.47412109375,672.8765869140625
17,36,681.8862915039062,637.2037353515625
17,37,722.0350952148438,645.3903198242188
17,38,762.9266967773438,653.4368896484375
17,39,804.5160522460938,660.69287109375
17,40,846.9598999023438,668.301513671875
17,41,889.3040771484375,675.5731811523438
17,42,931.7057495117188,682.754638671875
17,43,974.4985961914062,689.5035400390625
17,44,1016.3172607421875,696.146484375
17,45,668.4716186523438,659.26904296875
17,46,710.3074340820312,667.7807006835938
17,47,752.8111572265625,676.8056640625
17,48,796.2041015625,684.4926147460938
17,49,840.4548950195312,692.7191772460938
17,50,884.5191040039062,700.3687133789062
17,51,928.8177490234375,707.265625
17,52,973.3024291992188,714.6030883789062
17,53,1017.3507690429688,721.6234741210938
17,54,654.14208984375,683.989501953125
17,55,697.547119140625,692.3168334960938
17,56,742.0323486328125,701.063232421875
17,57,787.1031494140625,710.3711547851562
17,58,833.2415771484375,718.8439331054688
17,59,879.720703125,726.320068359375
17,60,925.9928588867188,734.3790283203125
17,61,972.2455444335938,741.5873413085938
17,62,1018.3098754882812,748.7669677734375
18,0,725.3007202148438,807.083251953125
18,1,760.3406982421875,819.9600830078125
18,2,795.9644165039062,832.7540283203125
18,3,832.2272338867188,844.6064453125
18,4,869.0349731445312,856.9979858398438
18,5,906.0614013671875,868.4202270507812
18,6,943.1559448242188,879.9539184570312
18,7,980.140625,890.8067626953125
18,8,1017.22021484375,901.0947265625
18,9,710.9228515625,830.8081665039062
18,10,747.0526123046875,843.9259643554688
18,11,784.0316772460938,856.7843017578125
18,12,821.5275268554688,869.21142578125
18,13,859.9288330078125,881.0811767578125
18,14,898.3150024414062,892.806884765625
18,15,936.6395263671875,904.5960083007812
18,16,975.0224609375,916.6634521484375
18,17,1013.3787231445312,927.2076416015625
18,18,695.6583251953125,855.4837036132812
18,19,732.8902587890625,869.3545532226562
18,20,771.1854248046875,882.3069458007812
18,21,810.0361938476562,895.1082763671875
18,22,849.7467041015625,908.0216674804688
18,23,889.6112670898438,920.27685546875
18,24,929.8373413085938,931.859619140625
18,25,969.85888671875,943.6083374023438
18,26,1009.47412109375,955.1124267578125
18,27,679.6463623046875,879.3259887695312
18,28,718.1722412109375,894.6267700195312
18,29,757.6580200195312,908.77978515625
18,30,797.9229736328125,922.5517578125
18,31,839.184814453125,936.0333862304688
18,32,880.4885864257812,948.9321899414062
18,33,922.0087890625,960.9283447265625
18,34,963.9117431640625,973.0121459960938
18,35,1005.26953125,984.1386108398438
18,36,662.4558715820312,905.6260375976562
18,37,702.3577270507812,921.7876586914062
18,38,743.1534423828125,937.4359130859375
18,39,785.0372924804688,951.6240844726562
18,40,827.9739990234375,965.6168212890625
18,41,870.9092407226562,979.0464477539062
18,42,914.3192749023438,992.0823974609375
18,43,957.7583618164062,1004.1524047851562
18,44,1000.7216186523438,1015.8448486328125
18,45,644.3154907226562,934.0331420898438
18,46,685.6084594726562,950.936279296875
18,47,728.0449829101562,967.4129028320312
18,48,771.34912109375,982.814208984375
18,49,815.8506469726562,997.7599487304688
18,50,860.5670776367188,1012.1395874023438
18,51,905.5400390625,1025.16796875
18,52,950.783447265625,1038.1190185546875
18,53,995.623291015625,1050.06689453125
18,54,625.0899658203125,963.9732055664062
18,55,667.8359985351562,981.121337890625
18,56,711.9498291015625,998.323974609375
18,57,756.825439453125,1015.6692504882812
18,58,802.9255981445312,1031.860595703125
18,59,849.6068115234375,1046.216796875
18,60,896.4519653320312,1060.51171875
18,61,943.427001953125,1073.410888671875
18,62,990.7062377929688,1085.2103271484375
19,0,664.7067260742188,759.0519409179688
19,1,703.1559448242188,765.3524169921875
19,2,742.7354736328125,771.8167724609375
19,3,782.8748168945312,777.3825073242188
19,4,823.98779296875,783.65869140625
19,5,865.0354614257812,789.2010498046875
19,6,906.300537109375,794.4684448242188
19,7,947.6027221679688,799.7295532226562
19,8,988.8914794921875,804.925048828125
19,9,654.3123779296875,793.9856567382812
19,10,693.794677734375,800.8800048828125
19,11,734.1737670898438,807.1300048828125
19,12,775.3699340820312,813.1884765625
19,13,817.3427124023438,818.8989868164062
19,14,859.5958251953125,824.644287109375
19,15,902.0358276367188,830.0724487304688
19,16,944.6630249023438,835.92236328125
19,17,986.9269409179688,840.8287963867188
19,18,643.9863891601562,830.89599609375
19,19,684.1741333007812,837.7407836914062
19,20,725.3926391601562,844.115966796875
19,21,767.42041015625,850.338134765625
19,22,810.8228759765625,856.993896484375
19,23,854.0084228515625,862.93603515625
19,24,897.6290283203125,868.302978515625
19,25,941.2108764648438,873.2353515625
19,26,984.9268188476562,878.8273315429688
19,27,632.8375244140625,867.9365844726562
19,28,674.30712890625,875.6881713867188
19,29,716.2304077148438,882.6480102539062
19,30,759.5469360351562,889.4881591796875
19,31,803.8942260742188,896.0596923828125
19,32,848.4116821289062,902.4866943359375
19,33,893.247314453125,908.1019897460938
19,34,938.3736572265625,913.296630859375
19,35,982.9883422851562,918.0213012695312
19,36,621.1900024414062,906.1177978515625
19,37,663.612548828125,914.7905883789062
19,38,707.1985473632812,923.0518188476562
19,39,751.4907836914062,929.9476318359375
19,40,797.125,937.1694946289062
19,41,842.4920654296875,943.4718017578125
19,42,888.7432861328125,949.4659423828125
19,43,934.8578491210938,954.7150268554688
19,44,980.9005126953125,959.4144287109375
19,45,609.6519165039062,945.9807739257812
19,46,653.4044189453125,955.3512573242188
19,47,697.7872314453125,963.9242553710938
19,48,743.4705200195312,972.0220947265625
19,49,789.8956909179688,979.4144897460938
19,50,837.0512084960938,986.2756958007812
19,51,883.9208984375,991.85791015625
19,52,931.5772094726562,997.5186767578125
19,53,978.5451049804688,1001.7202758789062
19,54,598.27490234375,987.7682495117188
19,55,642.3175048828125,996.8760375976562
19,56,688.2635498046875,1006.2652587890625
19,57,734.9107055664062,1014.99755859375
19,58,782.847900390625,1023.1060180664062
19,59,830.9147338867188,1029.537841796875
19,60,879.5518798828125,1035.964111328125
19,61,928.1838989257812,1040.967529296875
19,62,976.7374877929688,1045.3145751953125
20,0,789.7359008789062,388.98980712890625
20,1,839.2025756835938,407.91058349609375
20,2,886.9137573242188,425.732421875
20,3,932.7772216796875,443.6182556152344
20,4,976.6754150390625,460.280517578125
20,5,1017.8185424804688,475.9311218261719
20,6,1056.62109375,490.7140197753906
20,7,1093.2335205078125,504.4073486328125
20,8,1127.3233642578125,517.7623901367188
20,9,769.1825561523438,430.0425720214844
20,10,817.1304931640625,446.33746337890625
20,11,863.706298828125,462.1365051269531
20,12,908.36376953125,478.1869201660156
20,13,951.6801147460938,494.0234069824219
20,14,992.22802734375,508.7925109863281
20,15,1030.6904296875,522.4213256835938
20,16,1067.0198974609375,534.713623046875
20,17,1101.2060546875,546.1866455078125
20,18,750.4170532226562,465.96527099609375
20,19,796.9686279296875,480.5789489746094
20,20,842.122802734375,495.9679870605469
20,21,885.618408203125,510.6411437988281
20,22,927.8528442382812,524.7868041992188
20,23,967.79931640625,538.1575927734375
20,24,1005.973876953125,551.7965698242188
20,25,1042.096923828125,563.916748046875
20,26,1075.8656005859375,574.650634765625
20,27,733.6142578125,498.6022644042969
20,28,778.7108764648438,513.1477661132812
20,29,822.4279174804688,527.4927978515625
20,30,864.675048828125,541.4513549804688
20,31,905.8396606445312,554.2291870117188
20,32,945.01708984375,566.9385986328125
20,33,982.6879272460938,578.9254150390625
20,34,1018.3663330078125,590.325927734375
20,35,1051.875,600.9979248046875
20,36,717.9185180664062,530.2267456054688
20,37,761.4418334960938,543.8676147460938
20,38,803.7822875976562,556.9544677734375
20,39,845.2501220703125,570.19287109375
20,40,885.3536376953125,583.01171875
20,41,923.801513671875,594.7605590820312
20,42,960.7230834960938,605.6806030273438
20,43,996.1890258789062,616.3671875
20,44,1029.209716796875,626.0658569335938
20,45,703.9492797851562,559.219970703125
20,46,745.9315185546875,571.9486083984375
20,47,787.193115234375,583.959228515625
20,48,827.2125854492188,596.46728515625
20,49,866.3884887695312,608.5390014648438
20,50,903.781494140625,619.3555908203125
20,51,940.2518310546875,629.995849609375
20,52,974.5534057617188,639.8572998046875
20,53,1007.6080322265625,648.4970092773438
20,54,691.1585083007812,586.5643920898438
20,55,731.8938598632812,598.7268676757812
20,56,771.4644165039062,610.5401000976562
20,57,810.307861328125,620.9130249023438
20,58,848.7860107421875,632.1696166992188
20,59,885.4650268554688,643.0953369140625
20,60,920.5934448242188,652.55810546875
20,61,954.5794067382812,661.8001708984375
20,62,987.1087646484375,670.2077026367188
21,4,856.0247802734375,927.1453857421875
21,17,989.6988525390625,962.7136840820312
21,29,729.65869140625,941.6586303710938
21,30,765.1038818359375,949.697021484375
21,31,800.6133422851562,958.3085327148438
21,32,840.4288940429688,965.9539794921875
21,33,882.1456909179688,972.9985961914062
21,39,742.3119506835938,958.98095703125
21,40,780.6954956054688,968.8011474609375
21,41,818.8076171875,978.1749267578125
21,42,861.8656005859375,986.2837524414062
21,43,904.086669921875,995.173583984375
21,44,950.4971313476562,1002.8529052734375
21,48,718.600341796875,972.3304443359375
21,49,756.47705078125,980.501220703125
21,50,798.3995361328125,991.8002319335938
21,51,841.6803588867188,1000.8948974609375
21,52,886.939453125,1010.8477172851562
21,57,692.1375732421875,984.3251953125
21,58,732.2325439453125,995.2405395507812
21,59,772.1168212890625,1005.8146362304688
21,60,819.075927734375,1016.731201171875
22,0,797.2781982421875,428.9405212402344
22,1,830.4578247070312,459.9454040527344
22,2,862.9656372070312,488.86285400390625
22,3,894.2351684570312,517.1205444335938
22,4,924.3878784179688,543.7305908203125
22,5,952.9716796875,568.25439453125
22,6,980.861572265625,591.6417236328125
22,7,1006.7969360351562,613.4636840820312
22,8,1031.7818603515625,633.945556640625
22,9,771.2015991210938,445.091552734375
22,10,804.1228637695312,473.3949890136719
22,11,836.2135009765625,500.3828125
22,12,866.905029296875,526.957763671875
22,13,896.104736328125,552.8427734375
22,14,924.5690307617188,576.9351196289062
22,15,951.5599365234375,598.96240234375
22,16,978.0833740234375,620.0857543945312
22,17,1002.0671997070312,639.8464965820312
22,18,748.8013305664062,457.45745849609375
22,19,780.7265625,484.1564025878906
22,20,811.6903076171875,510.53216552734375
22,21,841.1659545898438,535.96337890625
22,22,870.8111572265625,560.2028198242188
22,23,898.0535888671875,583.15576171875
22,24,924.9622802734375,606.0493774414062
22,25,949.7743530273438,626.3987426757812
22,26,975.4742431640625,645.99853515625
22,27,728.72265625,468.5215148925781
22,28,759.341064453125,494.4898681640625
22,29,789.048583984375,520.2123413085938
22,30,818.054931640625,544.75927734375
22,31,845.9519653320312,568.1129760742188
22,32,874.0120239257812,590.3709716796875
22,33,898.593994140625,611.4776000976562
22,34,925.6051025390625,632.2249145507812
22,35,948.1998901367188,651.012451171875
22,36,709.5549926757812,479.6911315917969
22,37,739.1072998046875,504.6473693847656
22,38,768.26953125,529.05029296875
22,39,796.0762939453125,552.9608764648438
22,40,823.9370727539062,576.1005249023438
22,45,692.1581420898438,489.97442626953125
22,46,720.8602905273438,513.8056640625
22,47,747.6755981445312,535.6384887695312
22,48,776.3524780273438,560.024169921875
22,49,802.1048583984375,582.3455200195312
22,54,675.7844848632812,499.712890625
22,55,703.343994140625,522.8660888671875
22,56,730.8013305664062,545.3317260742188
22,57,756.0740966796875,565.3116455078125
22,58,784.129638671875,588.1203002929688
22,59,808.6058349609375,609.0095825195312
22,60,834.2599487304688,628.1676025390625
22,61,856.890869140625,645.7301635742188
23,0,772.6649169921875,383.51605224609375
23,1,822.0670166015625,402.9527282714844
23,2,870.091552734375,421.5649108886719
23,3,916.3943481445312,440.1670837402344
23,4,960.6798095703125,457.6189270019531
23,5,1002.6753540039062,473.9404602050781
23,6,1042.0728759765625,489.4198303222656
23,7,1079.400146484375,503.95648193359375
23,8,1114.3333740234375,517.8032836914062
23,9,752.318115234375,423.9838562011719
23,10,800.2824096679688,440.9834899902344
23,11,847.0737915039062,457.32989501953125
23,12,892.152587890625,474.2226867675781
23,13,935.7420654296875,490.52960205078125
23,14,976.9129638671875,506.1940002441406
23,15,1015.9944458007812,520.3341674804688
23,16,1052.82421875,533.3865966796875
23,17,1087.5321044921875,546.2394409179688
23,18,733.9796142578125,459.1956787109375
23,19,780.5634155273438,474.5909118652344
23,20,825.7931518554688,490.63818359375
23,21,869.676513671875,506.0758361816406
23,22,912.1119384765625,520.83154296875
23,23,952.5623168945312,534.7593994140625
23,24,991.0485229492188,549.0875854492188
23,25,1027.7562255859375,562.0160522460938
23,26,1062.0736083984375,573.4832153320312
23,27,717.6368408203125,491.06610107421875
23,28,762.7471923828125,506.36004638671875
23,29,806.3648071289062,521.5133056640625
23,30,848.8861694335938,536.15380859375
23,31,890.1729736328125,549.868896484375
23,32,929.7578735351562,562.9227905273438
23,33,967.748779296875,575.8497314453125
23,34,1003.8519287109375,587.8612670898438
23,35,1037.8758544921875,598.984619140625
23,36,702.5804443359375,522.2159423828125
23,37,746.0068359375,536.429443359375
23,38,788.2252807617188,550.3490600585938
23,39,829.7424926757812,564.2362060546875
23,40,869.8462524414062,577.7159423828125
23,41,908.7097778320312,590.117919921875
23,42,945.7095947265625,601.7409057617188
23,43,981.5847778320312,612.9146728515625
23,44,1015.198486328125,623.3450927734375
23,45,689.1355590820312,550.5122680664062
23,46,731.0927124023438,563.8594360351562
23,47,772.0617065429688,576.4727172851562
23,48,812.1396484375,589.8497314453125
23,49,851.3067016601562,602.4995727539062
23,50,888.8155517578125,613.96728515625
23,51,925.6376342773438,625.2224731445312
23,52,960.1912841796875,635.8033447265625
23,53,993.7841186523438,645.2216186523438
23,54,676.6441040039062,577.010498046875
23,55,717.2725219726562,589.9718017578125
23,56,756.6470947265625,602.438232421875
23,57,795.141357421875,613.1807250976562
23,58,833.9431762695312,625.57421875
23,59,870.894775390625,637.1425170898438
23,60,906.0157470703125,647.2166748046875
23,61,940.121337890625,657.0471801757812
23,62,973.1029663085938,666.1839599609375
24,2,803.8733520507812,880.135009765625
24,3,831.7867431640625,889.1341552734375
24,4,863.1353759765625,898.1432495117188
24,5,894.1743774414062,906.6506958007812
24,6,926.015625,915.1636962890625
24,7,958.850830078125,923.7478637695312
24,8,992.4114379882812,931.5367431640625
24,9,730.96533203125,876.4163208007812
24,10,758.4747314453125,886.4797973632812
24,11,786.5054931640625,896.2284545898438
24,12,816.655029296875,904.9520263671875
24,13,847.2236328125,913.8511962890625
24,14,879.3184204101562,922.555419921875
24,15,912.0513305664062,932.01171875
24,16,945.9837036132812,941.7493286132812
24,17,980.5474853515625,950.5828857421875
24,18,712.1461791992188,893.1004028320312
24,19,738.9229125976562,903.3511962890625
24,20,768.9535522460938,912.1082153320312
24,21,799.6675415039062,921.310546875
24,22,831.0216064453125,931.3878784179688
24,23,863.7874145507812,940.8428955078125
24,24,897.1422119140625,950.394775390625
24,25,932.1035766601562,960.1085205078125
24,26,967.8659057617188,970.4131469726562
24,27,690.9674072265625,909.2777099609375
24,28,720.5228881835938,918.789306640625
24,29,750.1111450195312,928.7504272460938
24,30,780.9324951171875,938.8180541992188
24,31,813.3049926757812,949.3895874023438
24,32,846.83203125,959.9585571289062
24,33,881.2662353515625,970.155029296875
24,34,917.2587280273438,980.51318359375
24,35,954.195068359375,990.4413452148438
24,36,670.9811401367188,923.8748779296875
24,37,699.6837768554688,934.9700317382812
24,38,729.8767700195312,946.3909301757812
24,39,761.0650024414062,957.0568237304688
24,40,794.3970947265625,968.1056518554688
24,41,828.4208374023438,979.3068237304688
24,42,864.176025390625,990.5665283203125
24,43,901.2589721679688,1001.7158813476562
24,44,939.4407348632812,1012.860595703125
24,45,647.36279296875,939.480224609375
24,46,677.8480834960938,951.7622680664062
24,47,708.8340454101562,964.1124877929688
24,48,740.5853881835938,976.298583984375
24,49,774.1609497070312,988.6787719726562
24,50,809.3367309570312,1000.9051513671875
24,51,845.9601440429688,1012.865234375
24,52,884.1729125976562,1025.0947265625
24,53,923.687744140625,1037.2159423828125
24,55,654.1070556640625,968.3301391601562
24,56,685.64306640625,981.7250366210938
24,57,718.453857421875,995.99267578125
24,58,752.8153076171875,1009.6261596679688
24,59,788.7383422851562,1022.3394775390625
24,60,826.356689453125,1036.1351318359375
24,61,865.744384765625,1049.43505859375
24,62,906.3358764648438,1061.97216796875
25,0,774.5303344726562,781.8984985351562
25,1,812.3698120117188,782.9810791015625
25,2,852.1488037109375,784.1785278320312
25,3,892.643310546875,784.7117919921875
25,4,934.7086181640625,785.4011840820312
25,5,977.2620849609375,785.220703125
25,6,1020.7258911132812,784.999755859375
25,7,1064.6190185546875,784.7764892578125
25,8,1108.980224609375,784.1674194335938
25,9,762.0254516601562,810.3674926757812
25,10,801.140869140625,811.8270874023438
25,11,841.8748168945312,813.026611328125
25,12,883.9255981445312,813.7953491210938
25,13,927.1981811523438,813.7572631835938
25,14,971.4777221679688,813.6478881835938
25,15,1016.645263671875,813.6984252929688
25,16,1062.7191162109375,814.2523193359375
25,17,1108.79150390625,813.7791748046875
25,18,748.5579833984375,840.4986572265625
25,19,788.8854370117188,842.1060791015625
25,20,830.8824462890625,843.5861206054688
25,21,874.2432250976562,844.8478393554688
25,22,919.4724731445312,845.8180541992188
25,23,965.4183349609375,846.148193359375
25,24,1012.341796875,845.6486206054688
25,25,1060.11328125,845.39013671875
25,26,1108.368408203125,845.533447265625
25,27,733.9501342773438,871.089599609375
25,28,775.42041015625,873.2244873046875
25,29,818.5908813476562,875.04541015625
25,30,863.5756225585938,876.6981811523438
25,31,910.689453125,878.4445190429688
25,32,958.6187744140625,879.6885986328125
25,33,1007.364013671875,879.7651977539062
25,34,1057.5810546875,879.7965087890625
25,35,1107.5421142578125,879.0285034179688
25,36,717.55078125,901.3939208984375
25,37,760.0119018554688,904.4254760742188
25,38,805.0739135742188,907.470947265625
25,39,851.7051391601562,910.0426635742188
25,40,900.794921875,912.6257934570312
25,41,950.5580444335938,914.3304443359375
25,42,1002.1949462890625,915.8002319335938
25,43,1054.138916015625,916.1246337890625
25,44,1107.2991943359375,916.5901489257812
25,45,699.8443603515625,934.6759033203125
25,46,744.220458984375,939.398193359375
25,47,791.0494384765625,943.9882202148438
25,48,839.854736328125,947.9928588867188
25,49,890.6482543945312,951.4937133789062
25,50,943.001220703125,954.3460083007812
25,51,996.10107421875,955.6998291015625
25,52,1051.1373291015625,957.189208984375
25,53,1106.1392822265625,957.3389282226562
25,54,682.2384033203125,971.7643432617188
25,55,727.631103515625,977.10888671875
25,56,776.0646362304688,982.9904174804688
25,57,826.6277465820312,988.7525634765625
25,58,879.723388671875,993.17333984375
25,59,933.762939453125,995.8594360351562
25,60,989.8133544921875,999.1668701171875
25,61,1047.084716796875,1000.3506469726562
25,62,1105.2274169921875,1000.6561279296875
26,0,865.282470703125,494.0888977050781
26,1,902.8301391601562,520.1383056640625
26,2,939.3472900390625,544.3173828125
26,3,974.5165405273438,568.2183227539062
26,4,1007.6972045898438,590.225341796875
26,5,1039.770263671875,610.654541015625
26,6,1069.7880859375,629.8219604492188
26,7,1098.868896484375,647.7685546875
26,8,1125.1561279296875,664.2778930664062
26,9,840.0142822265625,515.9993896484375
26,10,876.769287109375,539.44873046875
26,11,912.7261962890625,561.6122436523438
26,12,946.7987670898438,584.0014038085938
26,13,980.1613159179688,605.3430786132812
26,14,1011.0408935546875,625.3598022460938
26,15,1041.150390625,643.9761962890625
26,16,1069.436279296875,660.5427856445312
26,17,1097.0975341796875,676.7496948242188
26,18,817.4862670898438,533.6444091796875
26,19,853.0383911132812,555.2317504882812
26,20,888.1083374023438,577.3919067382812
26,21,921.3303833007812,598.4494018554688
26,22,953.6937255859375,618.6416015625
26,23,984.4841918945312,637.7359008789062
26,24,1013.9674072265625,656.2306518554688
26,25,1042.826171875,673.2471313476562
26,26,1069.0244140625,688.5592041015625
26,27,797.0968017578125,549.0291137695312
26,28,831.8361206054688,570.8523559570312
26,29,865.13232421875,592.2525634765625
26,30,897.99853515625,612.2607421875
26,31,929.7060546875,630.815185546875
26,32,959.7227783203125,649.9241333007812
26,33,989.0521850585938,666.9144287109375
26,34,1016.6087646484375,683.9121704101562
26,35,1043.53662109375,699.5389404296875
26,36,777.966552734375,564.9138793945312
26,37,811.2606811523438,585.4476928710938
26,38,844.2317504882812,605.6388549804688
26,39,875.552734375,625.5847778320312
26,40,906.7411499023438,644.42529296875
26,43,993.322509765625,694.77392578125
26,44,1018.8021240234375,709.6762084960938
26,45,760.416015625,579.0570678710938
26,46,792.9273681640625,598.8140258789062
26,47,823.9863891601562,617.9201049804688
26,48,855.3193359375,636.7130737304688
26,53,996.2706298828125,718.5296630859375
26,54,744.2705688476562,592.599365234375
26,55,775.4376220703125,611.9270629882812
26,56,806.3654174804688,630.459228515625
26,57,838.121337890625,647.7887573242188
26,62,974.2719116210938,726.8568115234375
27,0,604.6371459960938,687.850341796875
27,1,644.7205810546875,692.6555786132812
27,2,686.8165283203125,697.8314208984375
27,3,730.2686767578125,702.1465454101562
27,4,775.7410888671875,707.2388305664062
27,5,822.0823364257812,711.4961547851562
27,6,869.5352783203125,715.9475708007812
27,7,918.1983642578125,720.4521484375
27,8,967.240234375,725.1434936523438
27,9,590.5646362304688,726.9171142578125
27,10,631.3226928710938,732.3072509765625
27,11,674.0263671875,737.3976440429688
27,12,718.1524658203125,743.04443359375
27,13,764.6739501953125,747.4332275390625
27,14,812.33935546875,752.3438110351562
27,15,861.2938232421875,757.25634765625
27,16,911.5491943359375,762.9824829101562
27,17,962.3484497070312,767.3151245117188
27,18,576.3917236328125,767.7137451171875
27,19,617.617431640625,773.8163452148438
27,20,660.71533203125,779.6342163085938
27,21,706.1142578125,785.2908935546875
27,22,753.880615234375,791.3580322265625
27,23,802.7120971679688,797.0894775390625
27,24,852.8671264648438,802.0695190429688
27,25,904.484375,806.9675903320312
27,26,957.2237548828125,812.674072265625
27,27,560.6940307617188,809.066162109375
27,28,603.0115966796875,816.3965454101562
27,29,647.114013671875,823.2376098632812
27,30,693.3876342773438,830.0745239257812
27,31,742.2168579101562,836.8303833007812
27,32,792.50390625,843.4136352539062
27,33,844.1753540039062,849.0999755859375
27,34,897.6201171875,854.88818359375
27,35,951.5711059570312,859.7249755859375
27,36,544.1491088867188,851.4166259765625
27,37,587.4796752929688,860.3411254882812
27,38,633.0346069335938,869.0541381835938
27,39,680.2099609375,876.2946166992188
27,40,730.315185546875,884.3997802734375
27,41,781.6759033203125,891.3111572265625
27,42,835.253662109375,898.6320190429688
27,43,889.8084106445312,904.4667358398438
27,44,945.771484375,910.510009765625
27,45,528.1121826171875,896.0687866210938
27,46,572.4103393554688,906.3294067382812
27,47,618.8976440429688,916.0723876953125
27,48,667.3397216796875,925.3433837890625
27,49,718.3740844726562,933.9385375976562
27,50,771.4485473632812,942.6725463867188
27,51,825.8976440429688,949.82275390625
27,52,882.4530029296875,957.1286010742188
27,53,939.6786499023438,962.9309692382812
27,54,512.8670654296875,943.0523681640625
27,55,556.882568359375,953.9867553710938
27,56,604.1566772460938,964.8882446289062
27,57,654.1431274414062,975.63720703125
27,58,706.4688110351562,985.9722290039062
27,59,760.3494873046875,994.8960571289062
27,60,816.5369262695312,1003.8237915039062
27,61,874.3263549804688,1011.047119140625
27,62,933.3085327148438,1018.0756225585938
28,0,755.739990234375,840.0023803710938
28,1,782.9817504882812,850.1836547851562
28,2,810.5283203125,860.6326904296875
28,3,838.7749633789062,870.614013671875
28,4,868.6707153320312,881.0204467773438
28,5,898.41650390625,890.7840576171875
28,6,929.8526000976562,900.3837280273438
28,7,961.5280151367188,910.1409301757812
28,8,993.8633422851562,919.0327758789062
28,9,738.6827392578125,856.32763671875
28,10,766.7095336914062,867.5820922851562
28,11,794.862548828125,878.1701049804688
28,12,824.3375854492188,888.290771484375
28,13,854.9420166015625,898.162353515625
28,14,885.5985107421875,908.1947631835938
28,15,917.354736328125,918.689697265625
28,16,949.992431640625,929.6172485351562
28,17,982.9893798828125,939.4176025390625
28,18,722.006103515625,874.4754028320312
28,19,749.8335571289062,885.2784423828125
28,20,778.6599731445312,895.8809814453125
28,21,808.6114501953125,906.2759399414062
28,22,839.626953125,917.2437133789062
28,23,871.0234375,928.0919799804688
28,24,903.972412109375,938.437744140625
28,25,937.532958984375,949.3786010742188
28,26,971.75439453125,960.63623046875
28,27,702.8238525390625,892.1146240234375
28,28,731.9718017578125,902.9281616210938
28,29,761.2522583007812,913.9985961914062
28,30,791.8646850585938,925.1119384765625
28,31,823.6123046875,936.8817138671875
28,32,856.2579956054688,948.3903198242188
28,33,889.7999877929688,959.7484741210938
28,34,924.2556762695312,971.0830688476562
28,35,959.6524047851562,982.3728637695312
28,36,684.095947265625,908.8091430664062
28,37,712.6991577148438,920.9529418945312
28,38,742.868408203125,933.3538818359375
28,39,773.8994140625,945.0106811523438
28,40,806.4525756835938,957.1380004882812
28,41,839.9723510742188,969.3045043945312
28,42,874.472900390625,981.7111206054688
28,43,910.163330078125,993.7771606445312
28,44,946.5294799804688,1005.7960815429688
28,45,662.989013671875,926.3543090820312
28,46,693.0303955078125,939.8502807617188
28,47,723.8201904296875,953.1046752929688
28,48,755.26611328125,966.0755615234375
28,49,788.5606079101562,979.1887817382812
28,50,822.958740234375,992.4024658203125
28,51,858.35791015625,1005.219970703125
28,52,894.9957275390625,1018.2885131835938
28,53,932.5493774414062,1031.2867431640625
28,55,672.0460205078125,958.2872924804688
28,56,703.0147705078125,972.4912719726562
28,57,735.6234741210938,987.3693237304688
28,58,769.6084594726562,1001.9393920898438
28,59,804.7876586914062,1015.6099853515625
28,60,841.1000366210938,1029.9200439453125
28,61,878.9427490234375,1043.907470703125
28,62,917.6957397460938,1056.8773193359375
29,0,707.7423706054688,407.5592346191406
29,1,760.1326293945312,425.2591857910156
29,6,990.1756591796875,499.4933166503906
29,7,1029.0084228515625,511.0572204589844
29,8,1064.8013916015625,522.3640747070312
29,9,689.4164428710938,436.30950927734375
29,10,739.9189453125,451.2446594238281
29,11,788.5426025390625,464.6498107910156
29,12,835.0804443359375,479.51507568359375
29,13,880.2193603515625,493.90496826171875
29,14,922.265869140625,507.151123046875
29,15,962.6419067382812,518.7994995117188
29,16,1000.2947998046875,529.2000122070312
29,17,1035.2928466796875,539.9279174804688
29,18,674.2357788085938,458.8568420410156
29,19,721.8846435546875,472.1312255859375
29,20,768.6023559570312,485.83428955078125
29,21,813.2427978515625,498.83575439453125
29,22,856.3265380859375,511.6571350097656
29,23,897.6366577148438,523.923095703125
29,24,936.7213745117188,535.9667358398438
29,25,973.1448364257812,547.1885986328125
29,26,1009.1513671875,555.7744140625
29,27,660.7289428710938,478.35650634765625
29,28,706.2131958007812,491.2416687011719
29,29,750.593505859375,504.43511962890625
29,30,793.6316528320312,517.1979370117188
29,31,835.2288208007812,528.8529052734375
29,32,875.09765625,540.195068359375
29,33,914.0098876953125,550.844482421875
29,34,949.672119140625,561.1295166015625
29,35,984.8929443359375,570.59423828125
29,36,648.1771850585938,497.51336669921875
29,37,691.7915649414062,509.68310546875
29,38,734.3312377929688,521.9043579101562
29,39,776.4564208984375,534.7410278320312
29,40,815.79638671875,545.7304077148438
29,41,854.1946411132812,556.3024291992188
29,42,891.3302001953125,566.0944213867188
29,45,636.9848022460938,514.4849853515625
29,46,678.8226928710938,525.9797973632812
29,47,719.3473510742188,537.0059204101562
29,48,759.1024169921875,548.2960815429688
29,54,627.0430908203125,530.489501953125
29,55,666.871337890625,541.8460693359375
29,56,706.2930297851562,552.3707275390625
29,57,743.3389282226562,562.3038940429688
30,0,903.491943359375,478.28570556640625
30,1,943.3604125976562,501.1459655761719
30,2,981.9267578125,522.4244384765625
30,3,1018.7235717773438,543.1605224609375
30,4,1053.910400390625,562.7334594726562
30,5,1087.1475830078125,580.7686767578125
30,6,1118.2418212890625,597.9171142578125
30,7,1148.14013671875,613.868896484375
30,8,1175.498046875,628.7119140625
30,9,878.13525390625,508.8728942871094
30,10,917.3504638671875,529.3599243164062
30,11,955.2752685546875,548.8275146484375
30,12,991.3964233398438,568.175048828125
30,13,1026.4007568359375,587.0021362304688
30,14,1059.1429443359375,604.766845703125
30,15,1090.569091796875,620.737060546875
30,16,1119.9400634765625,635.6046142578125
30,17,1148.018798828125,649.8042602539062
30,18,854.8482666015625,535.2463989257812
30,19,893.1227416992188,554.2667846679688
30,20,930.1644897460938,573.30078125
30,21,965.7774658203125,591.6730346679688
30,22,1000.134521484375,609.0709228515625
30,23,1032.8043212890625,625.824462890625
30,24,1063.8792724609375,642.0280151367188
30,25,1093.5689697265625,656.9678344726562
30,26,1121.556396484375,670.0718383789062
30,27,833.4763793945312,559.4105834960938
30,28,870.93505859375,578.1796264648438
30,29,907.0397338867188,596.3987426757812
30,30,941.7861328125,614.1263427734375
30,31,975.6905517578125,630.6531372070312
30,32,1007.8494262695312,646.418701171875
30,33,1038.9200439453125,661.6708984375
30,34,1068.10546875,675.8779296875
30,35,1096.339111328125,688.9445190429688
30,36,813.2635498046875,583.1210327148438
30,37,849.7401123046875,600.8820190429688
30,38,884.9623413085938,618.1380615234375
30,39,919.0291748046875,635.4049072265625
30,40,952.2861328125,651.5678100585938
30,41,984.3056030273438,666.759521484375
30,42,1014.6119384765625,680.886962890625
30,43,1044.085693359375,694.6990356445312
30,44,1071.620361328125,707.2638549804688
30,45,794.85302734375,604.9215698242188
30,46,830.113037109375,622.049560546875
30,47,864.534912109375,638.3681640625
30,48,897.9592895507812,654.4367065429688
30,49,930.7610473632812,670.2224731445312
30,50,961.969970703125,684.4743041992188
30,51,992.3590698242188,698.8065185546875
30,52,1020.8330688476562,711.6122436523438
30,53,1048.8922119140625,723.5521850585938
30,54,777.6842651367188,625.7283325195312
30,55,812.0569458007812,642.4393310546875
30,56,845.4690551757812,658.1358032226562
30,57,878.021484375,672.6670532226562
30,58,910.2174072265625,687.5296630859375
30,59,941.1339111328125,702.1844482421875
30,60,970.3047485351562,714.973876953125
30,61,998.9029541015625,727.8364868164062
30,62,1026.441650390625,739.1253662109375
31,0,689.6956176757812,693.1343994140625
31,1,731.1765747070312,698.0543212890625
31,2,774.6143798828125,703.7722778320312
31,3,819.8741455078125,708.309326171875
31,4,867.0121459960938,713.9819946289062
31,5,915.145263671875,718.8240356445312
31,6,964.3870239257812,723.6441650390625
31,7,1014.673828125,728.6683959960938
31,8,1065.3525390625,733.6078491210938
31,9,672.4180908203125,727.8321533203125
31,10,714.8653564453125,733.7210693359375
31,11,759.5607299804688,739.2628173828125
31,12,806.0112915039062,745.0565795898438
31,13,854.4048461914062,750.0151977539062
31,14,904.1873168945312,755.387451171875
31,15,955.744140625,761.0532836914062
31,16,1008.0694580078125,767.1377563476562
31,17,1060.887939453125,772.0866088867188
31,18,654.2161865234375,764.83154296875
31,19,697.4710083007812,771.0535278320312
31,20,743.0989379882812,777.5339965820312
31,21,791.0568237304688,783.9402465820312
31,22,841.4263305664062,790.5767822265625
31,23,893.053466796875,796.6675415039062
31,24,946.2728881835938,802.1476440429688
31,25,1000.7371826171875,807.7463989257812
31,26,1055.92431640625,814.0855102539062
31,27,634.1124877929688,802.1106567382812
31,28,678.9105224609375,810.2030029296875
31,29,725.765625,817.6323852539062
31,30,775.1032104492188,825.1963500976562
31,31,827.1290283203125,832.9048461914062
31,32,880.9349365234375,840.219970703125
31,33,936.0553588867188,846.4248046875
31,34,993.1773071289062,852.923583984375
31,35,1050.5316162109375,858.3094482421875
31,36,612.366455078125,840.6752319335938
31,37,658.3690795898438,850.5458984375
31,38,707.0872802734375,860.4048461914062
31,39,757.8391723632812,868.666259765625
31,40,811.8494262695312,877.8096923828125
31,41,867.17626953125,885.6764526367188
31,42,925.0913696289062,894.0050048828125
31,43,984.2770385742188,900.7105102539062
31,44,1044.42919921875,907.310302734375
31,45,590.2191162109375,882.2635498046875
31,46,637.441650390625,893.9547729492188
31,47,687.4984130859375,905.1853637695312
31,48,740.0657348632812,915.7839965820312
31,49,795.5422973632812,926.0164794921875
31,50,853.7046508789062,936.006591796875
31,51,913.175048828125,944.2412109375
31,52,975.0645751953125,952.6671142578125
31,53,1037.6029052734375,959.3060302734375
31,54,567.6819458007812,927.3554077148438
31,55,615.3195190429688,939.7941284179688
31,56,666.3807983398438,952.5542602539062
31,57,720.9660034179688,965.5055541992188
31,58,778.5951538085938,977.5142822265625
31,59,838.099853515625,987.9341430664062
31,60,900.3212890625,998.649658203125
31,61,964.7239990234375,1007.3658447265625
31,62,1030.124755859375,1015.5179443359375
32,0,762.3372802734375,443.20074462890625
32,1,799.7598876953125,459.7591247558594
32,2,836.5980834960938,476.04473876953125
32,3,872.403564453125,492.1044006347656
32,4,907.2601318359375,507.9256896972656
32,5,941.3713989257812,523.368408203125
32,6,974.0828857421875,538.5223388671875
32,7,1005.7572021484375,553.118408203125
32,8,1036.070556640625,567.4884033203125
32,9,744.9922485351562,480.8759460449219
32,10,782.3626098632812,496.88946533203125
32,11,819.1510620117188,512.69580078125
32,12,855.0171508789062,528.220458984375
32,13,890.4563598632812,543.461669921875
32,14,924.6404418945312,558.610595703125
32,15,957.3900756835938,572.7679443359375
32,16,989.1650390625,586.7808227539062
32,17,1019.9466552734375,599.9500122070312
32,18,728.3684692382812,518.5869750976562
32,19,765.7760620117188,534.02490234375
32,20,802.5169677734375,549.4110107421875
32,21,838.3754272460938,564.2447509765625
32,22,873.662841796875,578.8541870117188
32,23,907.8916625976562,592.9747314453125
32,24,941.1350708007812,607.0836791992188
32,25,973.299560546875,620.6841430664062
32,26,1004.1525268554688,633.5507202148438
32,27,712.3768310546875,556.5679321289062
32,28,749.7451782226562,571.4232788085938
32,29,786.5367431640625,586.1302490234375
32,30,822.3106079101562,600.415283203125
32,31,857.812255859375,614.4375610351562
32,32,892.0859375,628.0867309570312
32,33,925.33447265625,641.0076904296875
32,34,957.8803100585938,654.1199340820312
32,35,988.740234375,666.4607543945312
32,36,696.9913940429688,594.411376953125
32,37,734.307861328125,608.7122802734375
32,38,770.9456176757812,622.9371948242188
32,39,807.039306640625,636.6309814453125
32,40,842.5236206054688,650.0020141601562
32,41,876.7482299804688,662.8553466796875
32,42,910.1393432617188,675.380859375
32,43,942.3759765625,687.566162109375
32,44,973.5052490234375,699.1396484375
32,45,682.281494140625,631.1339721679688
32,46,719.39404296875,645.0446166992188
32,47,756.05517578125,658.235595703125
32,48,791.9884033203125,671.6047973632812
32,49,827.131591796875,684.2243041992188
32,50,861.362548828125,696.4891967773438
32,51,894.439453125,708.2271728515625
32,52,927.0272827148438,719.7167358398438
32,53,958.0466918945312,730.4837036132812
32,54,668.421630859375,666.8616943359375
32,55,705.112060546875,680.2670288085938
32,56,741.4818115234375,693.3262939453125
32,57,777.0672607421875,705.4183349609375
32,58,812.26025390625,717.7319946289062
32,59,846.4600830078125,729.59423828125
32,60,879.4555053710938,740.5026245117188
32,61,911.7163696289062,751.1458740234375
32,62,942.8917236328125,761.330078125
33,0,697.2239990234375,700.5609741210938
33,1,737.8115844726562,703.8649291992188
33,2,780.3199462890625,708.0748291015625
33,3,824.294189453125,711.230224609375
33,4,870.7055053710938,715.4696044921875
33,5,917.9342651367188,718.6655883789062
33,6,966.5071411132812,721.7991333007812
33,7,1016.0455932617188,725.2328491210938
33,8,1066.05615234375,728.8445434570312
33,9,680.2632446289062,733.8321533203125
33,10,721.6547241210938,737.9653930664062
33,11,765.0772094726562,742.329833984375
33,12,810.603271484375,746.4205932617188
33,13,858.2661743164062,749.8472290039062
33,14,907.2088012695312,753.3755493164062
33,15,957.824462890625,757.3340454101562
33,16,1009.4074096679688,762.0057983398438
33,17,1061.951171875,765.3540649414062
33,18,662.1757202148438,769.062744140625
33,19,704.4398803710938,773.9677124023438
33,20,749.0040283203125,778.8225708007812
33,21,795.9777221679688,783.6622924804688
33,22,845.123046875,788.5696411132812
33,23,896.11181640625,793.03564453125
33,24,948.384521484375,796.8305053710938
33,25,1002.3526611328125,800.78076171875
33,26,1057.170654296875,805.5834350585938
33,27,642.143310546875,804.735107421875
33,28,685.8224487304688,811.1705322265625
33,29,731.5936889648438,817.2195434570312
33,30,779.8804931640625,823.020263671875
33,31,830.8551025390625,828.94091796875
33,32,883.8348999023438,834.7476806640625
33,33,938.2295532226562,839.385986328125
33,34,994.7166137695312,844.1481323242188
33,35,1051.8568115234375,847.8800659179688
33,36,620.3582763671875,841.5855102539062
33,37,665.20849609375,849.8201293945312
33,38,712.6888427734375,857.9234619140625
33,39,762.4428100585938,864.772705078125
33,40,815.2999267578125,871.9833984375
33,41,870.03466796875,878.4281616210938
33,42,927.1436157226562,884.9698486328125
33,43,985.8916015625,890.0523681640625
33,44,1045.9993896484375,895.2615356445312
33,45,598.037841796875,881.289306640625
33,46,644.0569458007812,891.2584838867188
33,47,692.9224243164062,900.897705078125
33,48,744.375244140625,909.8333740234375
33,49,798.8456420898438,918.3877563476562
33,50,856.0927124023438,926.8930053710938
33,51,915.0739135742188,933.5377807617188
33,52,976.5146484375,940.5701293945312
33,53,1039.1522216796875,945.7760620117188
33,54,575.4347534179688,924.5650634765625
33,55,621.5277099609375,935.2077026367188
33,56,671.630615234375,946.5139770507812
33,57,724.9727783203125,957.9131469726562
33,58,781.6094360351562,968.3814697265625
33,59,840.34814453125,977.3510131835938
33,60,902.208251953125,986.5298461914062
33,61,966.2272338867188,993.9156494140625
33,62,1031.7445068359375,1000.7103881835938
34,0,641.7882080078125,686.3737182617188
34,1,683.128173828125,694.0188598632812
34,2,726.272705078125,702.3139038085938
34,3,770.4085083007812,709.7174682617188
34,4,816.3304443359375,717.835205078125
34,5,862.67724609375,725.21923828125
34,6,909.8966674804688,732.6858520507812
34,7,957.6688842773438,740.14697265625
34,8,1005.62841796875,747.571533203125
34,9,627.2310180664062,726.0940551757812
34,10,669.29052734375,734.5795288085938
34,11,713.117919921875,742.771484375
34,12,758.2426147460938,751.07568359375
34,13,805.0144653320312,758.8692016601562
34,14,852.7874145507812,766.600830078125
34,15,901.2062377929688,774.4775390625
34,16,950.4832153320312,782.927490234375
34,17,999.9283447265625,790.2128295898438
34,18,612.51513671875,767.7272338867188
34,19,655.2760620117188,776.479736328125
34,20,699.3553466796875,785.3427124023438
34,21,745.6947631835938,793.7515258789062
34,22,793.8472900390625,802.823974609375
34,23,842.4666748046875,811.1934814453125
34,24,892.1840209960938,819.39794921875
34,25,943.0655517578125,827.1956176757812
34,26,993.9573974609375,835.3670043945312
34,27,596.8272094726562,809.5734252929688
34,28,640.3306274414062,819.705322265625
34,29,685.657470703125,829.180419921875
34,30,732.5977172851562,838.92822265625
34,31,781.9108276367188,848.400390625
34,32,832.0951538085938,857.8026733398438
34,33,883.235107421875,866.2295532226562
34,34,935.4967651367188,874.6199951171875
34,35,987.5606079101562,882.0418090820312
34,36,580.2552490234375,852.54248046875
34,37,624.900390625,864.1045532226562
34,38,671.4666137695312,875.379150390625
34,39,719.54931640625,885.7173461914062
34,40,769.9246215820312,896.0274047851562
34,41,820.95703125,905.5138549804688
34,42,873.6942138671875,915.2222900390625
34,43,927.0908203125,923.7118530273438
34,44,980.9432373046875,932.0283813476562
34,45,563.9434814453125,897.4641723632812
34,46,609.5946655273438,910.0458374023438
34,47,657.19873046875,922.39697265625
34,48,706.3055419921875,934.0704956054688
34,49,757.643798828125,945.16162109375
34,50,810.2957153320312,956.161865234375
34,51,863.8021850585938,965.6690063476562
34,52,918.7828979492188,975.1571655273438
34,53,973.8046875,983.0230712890625
34,54,548.2298583984375,944.3036499023438
34,55,593.9063110351562,957.5620727539062
34,56,642.440185546875,970.921142578125
34,57,693.0340576171875,984.0249633789062
34,58,745.6694946289062,996.1818237304688
34,59,798.8181762695312,1007.167236328125
34,60,854.0440673828125,1018.2172241210938
34,61,910.0643920898438,1027.7664794921875
34,62,966.4854736328125,1036.32666015625
35,0,808.1986694335938,283.1711730957031
35,1,844.6339111328125,310.90447998046875
35,2,879.86865234375,338.07000732421875
35,3,913.7062377929688,364.8385009765625
35,4,946.4981079101562,389.880859375
35,5,977.7928466796875,413.3489074707031
35,6,1007.347412109375,435.73406982421875
35,7,1035.8046875,457.03033447265625
35,8,1062.0050048828125,477.0422668457031
35,9,781.0580444335938,309.8009338378906
35,10,816.7774658203125,335.4637145996094
35,11,851.8524169921875,360.37713623046875
35,12,885.1390991210938,384.9568786621094
35,13,917.6442260742188,409.1046447753906
35,14,948.2957153320312,431.7395324707031
35,15,977.983154296875,452.96636962890625
35,16,1006.105712890625,472.8601989746094
35,17,1032.6446533203125,492.1328430175781
35,18,756.7662353515625,332.6637268066406
35,19,791.766845703125,356.6015319824219
35,20,825.7294311523438,380.53369140625
35,21,858.4195556640625,403.79150390625
35,22,890.4395141601562,426.1821594238281
35,23,920.8162841796875,447.8341064453125
35,24,950.0538330078125,468.7887268066406
35,25,978.2488403320312,488.50146484375
35,26,1004.625,506.85589599609375
35,27,734.8479614257812,352.9396057128906
35,28,768.8629150390625,376.25994873046875
35,29,801.6571655273438,399.2289123535156
35,30,833.8598022460938,421.6210021972656
35,31,865.0986328125,442.977783203125
35,32,895.2144775390625,463.59088134765625
35,33,924.138671875,483.45587158203125
35,34,951.8446655273438,502.4635009765625
35,35,977.2648315429688,520.8057250976562
35,36,714.29931640625,372.9521484375
35,37,747.0827026367188,395.1477355957031
35,38,779.61572265625,417.0534973144531
35,39,810.687744140625,438.68646240234375
35,40,841.3334350585938,459.37042236328125
35,41,870.7762451171875,479.14141845703125
35,42,899.2637939453125,498.0533142089844
35,43,927.3602905273438,516.5912475585938
35,44,953.0121459960938,533.7974243164062
35,45,695.5942993164062,391.4718017578125
35,46,727.6026000976562,412.6368408203125
35,47,759.080322265625,433.0572204589844
35,48,789.6201782226562,453.7950439453125
35,49,819.1754760742188,473.92486572265625
35,50,848.3561401367188,492.77679443359375
35,51,876.266357421875,511.169189453125
35,52,903.38818359375,528.8607177734375
35,53,928.8670043945312,545.3810424804688
35,54,678.0209350585938,409.0951843261719
35,55,708.9617309570312,429.7275085449219
35,56,739.743408203125,449.5789489746094
35,57,769.8155517578125,468.3023376464844
35,58,798.986572265625,487.52081298828125
35,59,826.6524047851562,505.9552307128906
35,60,854.60595703125,523.6493530273438
35,61,881.58056640625,540.4598388671875
35,62,906.9431762695312,556.8614501953125
36,0,761.6378784179688,782.2425537109375
36,1,800.9287719726562,783.9163208007812
36,2,841.8070678710938,786.0723876953125
36,3,883.6453857421875,787.208251953125
36,4,926.9610595703125,788.9015502929688
36,5,970.88232421875,789.1995239257812
36,6,1015.460205078125,789.4798583984375
36,7,1060.731689453125,790.0101318359375
36,8,1106.068603515625,790.42138671875
36,9,747.9815673828125,809.3237915039062
36,10,788.4043579101562,811.4412841796875
36,11,830.5122680664062,813.3883056640625
36,12,873.890625,814.8721313476562
36,13,918.9099731445312,815.4601440429688
36,14,964.6926879882812,815.8090209960938
36,15,1011.243408203125,816.6717529296875
36,16,1058.7779541015625,817.8706665039062
36,17,1106.18115234375,818.30419921875
36,18,733.0494384765625,837.776123046875
36,19,774.8464965820312,840.2639770507812
36,20,818.3239135742188,842.3379516601562
36,21,863.4841918945312,844.387939453125
36,22,910.411865234375,845.9118041992188
36,23,958.0568237304688,846.9387817382812
36,24,1006.7825927734375,847.061767578125
36,25,1056.3084716796875,847.3563232421875
36,26,1106.105224609375,848.3588256835938
36,27,716.738037109375,867.0294799804688
36,28,759.9276733398438,869.6669921875
36,29,804.8985595703125,872.1922607421875
36,30,851.7167358398438,874.61328125
36,31,900.7745361328125,877.0491333007812
36,32,950.818359375,879.0488891601562
36,33,1001.50390625,879.6627197265625
36,34,1053.8333740234375,880.35546875
36,35,1105.98193359375,880.8043212890625
36,36,698.2559814453125,895.5803833007812
36,37,742.9336547851562,899.3666381835938
36,38,789.745849609375,903.2586059570312
36,39,838.6493530273438,906.5556640625
36,40,890.0067749023438,909.7743530273438
36,41,942.1611938476562,912.3990478515625
36,42,996.1412353515625,914.7861328125
36,43,1050.5657958984375,915.8572387695312
36,44,1105.702880859375,917.1593017578125
36,45,678.3846435546875,926.9435424804688
36,46,725.2283935546875,933.0118408203125
36,47,774.0719604492188,938.8526611328125
36,48,825.084228515625,943.7571411132812
36,49,878.55615234375,948.072509765625
36,50,933.789306640625,951.83935546875
36,51,989.71630859375,954.1092529296875
36,52,1047.393798828125,956.3041381835938
36,53,1104.962890625,957.0897827148438
36,54,658.6884155273438,963.4169921875
36,55,706.1476440429688,970.2232666015625
36,56,757.007568359375,976.9583740234375
36,57,810.4229125976562,983.7117919921875
36,58,866.3899536132812,989.2322998046875
36,59,923.7752075195312,992.9632568359375
36,60,982.9706420898438,996.8803100585938
36,61,1043.182861328125,998.7236938476562
36,62,1104.50244140625,999.5535278320312
37,0,807.5589599609375,392.96282958984375
37,1,856.7607421875,411.3042297363281
37,2,904.0090942382812,428.733642578125
37,3,949.4439086914062,446.0516052246094
37,4,992.7017211914062,462.1493225097656
37,5,1033.27099609375,477.1013488769531
37,6,1071.2353515625,491.5744323730469
37,7,1107.273681640625,504.950927734375
37,8,1140.6151123046875,517.759765625
37,9,786.8604125976562,434.377197265625
37,10,834.4985961914062,450.34832763671875
37,11,880.6881713867188,465.58203125
37,12,924.9390258789062,481.1314392089844
37,13,967.6743774414062,496.3865966796875
37,14,1007.5989379882812,510.7301025390625
37,15,1045.672607421875,523.835693359375
37,16,1081.169677734375,535.6384887695312
37,17,1114.7958984375,546.9161987304688
37,18,767.5315551757812,470.7828369140625
37,19,813.9282836914062,485.04010009765625
37,20,858.946533203125,499.95086669921875
37,21,902.0802001953125,514.173828125
37,22,943.9439086914062,527.7293090820312
37,23,983.1202392578125,540.381103515625
37,24,1021.0260009765625,553.648681640625
37,25,1056.7015380859375,565.0787353515625
37,26,1089.8026123046875,575.6397094726562
37,27,750.2122802734375,504.213134765625
37,28,795.28857421875,518.1721801757812
37,29,838.8768920898438,532.0881958007812
37,30,880.9671020507812,545.4732666015625
37,31,921.764892578125,558.1690673828125
37,32,960.6189575195312,569.9013061523438
37,33,997.6357421875,581.3766479492188
37,34,1032.846435546875,592.3026123046875
37,35,1066.0296630859375,602.5061645507812
37,36,734.1209716796875,536.3356323242188
37,37,777.7200317382812,549.1419677734375
37,38,819.8742065429688,562.205322265625
37,39,861.2789916992188,575.0276489257812
37,40,901.2470703125,586.9898681640625
37,41,939.1929321289062,598.3180541992188
37,42,975.6087646484375,608.6943359375
37,43,1010.8289794921875,618.3230590820312
37,44,1043.4984130859375,628.062744140625
37,45,719.8072509765625,565.97705078125
37,46,761.8121337890625,578.2529296875
37,47,802.9174194335938,589.3596801757812
37,48,843.0598754882812,601.75439453125
37,49,881.9793090820312,613.1201782226562
37,50,919.1537475585938,623.5652465820312
37,51,955.0713500976562,633.6309204101562
37,52,989.24267578125,642.8536987304688
37,53,1022.14013671875,651.1231689453125
37,54,706.421875,593.9102783203125
37,55,747.4566650390625,605.4608154296875
37,56,787.0701293945312,616.8179321289062
37,57,825.6929321289062,626.4326171875
37,58,864.0491333007812,637.4336547851562
37,59,900.9094848632812,647.9034423828125
37,60,935.4799194335938,656.8701171875
37,61,969.0357666015625,665.7018432617188
37,62,1001.3912353515625,673.53564453125
38,0,796.04052734375,435.87957763671875
38,1,828.9364624023438,466.7962341308594
38,2,861.318603515625,495.9443054199219
38,3,892.0458374023438,524.205810546875
38,4,922.3733520507812,550.8218383789062
38,5,950.8804321289062,575.1810913085938
38,6,978.605712890625,598.8507690429688
38,7,1005.709228515625,621.0536499023438
38,8,1029.2845458984375,641.1728515625
38,9,770.12109375,451.3982238769531
38,10,802.8729858398438,479.7508850097656
38,11,834.8003540039062,506.77374267578125
38,12,865.1651611328125,533.4669799804688
38,13,894.5612182617188,559.355224609375
38,14,922.6290893554688,583.8168334960938
38,15,948.0479736328125,606.0148315429688
38,16,975.851806640625,626.8849487304688
38,17,1000.2947998046875,646.7432250976562
38,18,748.1126708984375,463.1897277832031
38,19,779.8432006835938,490.0010681152344
38,20,810.5731201171875,516.3668823242188
38,21,839.9375,542.0210571289062
38,22,869.0702514648438,566.2019653320312
38,23,895.9734497070312,588.885986328125
38,24,923.093017578125,612.260986328125
38,25,947.241943359375,632.5692749023438
38,26,973.4656372070312,652.2775268554688
38,27,728.2476806640625,473.60528564453125
38,28,758.6368408203125,499.7021179199219
38,29,788.0828857421875,525.5405883789062
38,30,816.9140625,550.1990966796875
38,31,844.253662109375,573.348876953125
38,32,872.4342041015625,596.0628051757812
38,35,947.46044921875,657.6831665039062
38,36,709.2390747070312,484.2276611328125
38,37,738.7393188476562,509.17523193359375
38,38,767.499755859375,533.8929443359375
38,39,794.9637451171875,557.9207153320312
38,40,822.8065795898438,581.0090942382812
38,41,848.2387084960938,602.7633056640625
38,45,692.115234375,494.03912353515625
38,46,720.4918212890625,518.0603637695312
38,47,748.3453369140625,541.1590576171875
38,48,775.7459716796875,564.460693359375
38,49,801.2137451171875,587.1717529296875
38,50,828.2647705078125,607.88037109375
38,51,853.6241455078125,628.359619140625
38,54,675.9642944335938,503.3578186035156
38,55,703.3223876953125,526.752685546875
38,56,730.5687255859375,549.3277587890625
38,57,757.0335693359375,570.8513793945312
38,58,783.3649291992188,592.230224609375
38,59,807.2799072265625,613.2203369140625
38,60,832.8805541992188,632.5682983398438
39,0,720.5357055664062,576.6466064453125
39,1,754.0381469726562,583.8377685546875
39,2,787.8994750976562,591.873046875
39,3,822.1673583984375,599.2853393554688
39,4,856.9769897460938,607.01513671875
39,5,891.8690795898438,614.3129272460938
39,6,927.0350341796875,621.7785034179688
39,7,961.8622436523438,629.4655151367188
39,8,996.685302734375,637.1558227539062
39,9,709.4971313476562,594.0868530273438
39,10,744.009033203125,601.6596069335938
39,11,779.0039672851562,609.282470703125
39,12,814.6565551757812,616.9471435546875
39,13,850.9335327148438,623.9349975585938
39,14,887.2653198242188,631.2908325195312
39,15,923.5501098632812,639.1978149414062
39,16,959.7006225585938,647.6080322265625
39,17,995.852783203125,655.4393310546875
39,18,697.7078857421875,612.6311645507812
39,19,733.5,620.0880737304688
39,20,769.9390258789062,627.6619262695312
39,21,806.7288208007812,635.5169067382812
39,22,844.3993530273438,643.5843505859375
39,23,882.0426635742188,651.4114990234375
39,24,919.7084350585938,658.6314697265625
39,25,957.372802734375,666.5213012695312
39,26,994.4595947265625,675.0978393554688
39,27,685.1416625976562,630.5956420898438
39,28,722.3279418945312,638.8447875976562
39,29,759.9767456054688,646.9691772460938
39,30,798.3995361328125,654.9476318359375
39,31,837.3724975585938,663.3675537109375
39,32,876.5436401367188,671.7892456054688
39,33,915.8013305664062,679.5113525390625
39,34,955.3295288085938,687.3786010742188
39,35,994.344482421875,694.9358520507812
39,36,672.1239624023438,647.8790283203125
39,37,710.3395385742188,657.2947387695312
39,38,749.47900390625,666.6544189453125
39,39,789.2874755859375,674.973876953125
39,40,830.1179809570312,683.9495849609375
39,41,870.817138671875,692.6952514648438
39,42,911.7315673828125,700.943359375
39,43,952.9324951171875,708.9297485351562
39,44,993.7967529296875,716.859619140625
39,45,657.8741455078125,667.7813110351562
39,46,697.6365966796875,677.763427734375
39,47,738.302978515625,687.693603515625
39,48,779.8309936523438,697.0224609375
39,49,822.1004638671875,706.4264526367188
39,50,864.6951293945312,715.6439819335938
39,51,907.38720703125,723.9912719726562
39,52,950.3626708984375,732.3905639648438
39,53,992.965087890625,740.8514404296875
39,54,642.54541015625,690.1416625976562
39,55,683.9042358398438,699.8739013671875
39,56,726.3108520507812,710.052978515625
39,57,769.290771484375,720.59423828125
39,58,813.554443359375,730.6542358398438
39,59,858.06298828125,739.50830078125
39,60,902.7662963867188,749.0650024414062
39,61,947.4178466796875,757.6257934570312
39,62,992.1290283203125,766.2821044921875
40,2,808.8535766601562,747.3973999023438
40,3,852.1825561523438,747.6080322265625
40,4,897.2593994140625,748.284912109375
40,5,942.880859375,747.9896850585938
40,6,989.3466796875,747.3112182617188
40,7,1036.728515625,747.0465698242188
40,8,1084.453125,747.0491333007812
40,9,712.265380859375,775.2736206054688
40,10,753.9028930664062,776.5535888671875
40,11,797.0877075195312,777.3070678710938
40,12,841.8406982421875,778.0242309570312
40,13,888.5722045898438,777.7807006835938
40,14,936.1600952148438,777.3193359375
40,15,984.9520263671875,777.3812866210938
40,16,1034.368408203125,777.93603515625
40,17,1084.38671875,777.6268310546875
40,18,697.1151123046875,806.7125854492188
40,19,739.7677001953125,808.4744262695312
40,20,784.284912109375,809.5716552734375
40,21,830.9240112304688,810.5368041992188
40,22,879.5540771484375,811.2858276367188
40,23,929.1357421875,811.4256591796875
40,24,980.109619140625,810.7203369140625
40,25,1031.78466796875,810.3784790039062
40,26,1084.26318359375,811.0685424804688
40,27,679.8976440429688,838.6993408203125
40,28,723.9435424804688,840.7144165039062
40,29,770.2613525390625,842.453125
40,30,818.5873413085938,844.2473754882812
40,31,869.3323364257812,846.0875854492188
40,32,921.4865112304688,847.1392822265625
40,33,974.5360107421875,847.2598876953125
40,34,1029.2108154296875,847.1795043945312
40,35,1084.0523681640625,846.8717041015625
40,36,661.3085327148438,871.035400390625
40,37,706.2937622070312,874.2869262695312
40,38,754.4711303710938,877.6551513671875
40,39,804.75439453125,880.1260986328125
40,40,857.926513671875,882.8153076171875
40,41,911.9332275390625,884.4744873046875
40,42,968.438720703125,886.261474609375
40,43,1025.4273681640625,886.5535888671875
40,44,1083.8363037109375,887.2803344726562
40,45,641.0242309570312,907.0565795898438
40,46,688.337646484375,912.2415161132812
40,47,738.3433837890625,917.4134521484375
40,48,790.844482421875,921.7542724609375
40,49,845.9561157226562,925.1797485351562
40,50,903.2919921875,928.5656127929688
40,51,961.8470458984375,930.2406005859375
40,52,1022.2582397460938,931.7381591796875
40,53,1082.7562255859375,931.9688720703125
40,54,620.957763671875,947.549560546875
40,55,669.0574951171875,953.6066284179688
40,56,721.0101928710938,960.0140991210938
40,57,775.830322265625,966.224853515625
40,58,833.4674072265625,971.4871826171875
40,59,892.9290161132812,974.940185546875
40,60,954.7648315429688,978.245849609375
40,61,1017.9736328125,979.8890380859375
40,62,1082.0968017578125,980.5075073242188
41,22,935.0870361328125,896.743896484375
41,23,981.0423583984375,900.0296630859375
41,30,880.3231811523438,908.2251586914062
41,33,1025.4541015625,920.8540649414062
41,34,1074.799072265625,923.3636474609375
41,35,1123.5784912109375,925.4700317382812
41,38,820.89697265625,919.0999145507812
41,39,869.9786987304688,924.5399780273438
41,42,1023.7548217773438,938.98388671875
41,43,1075.833984375,942.061767578125
41,44,1127.510498046875,944.8543090820312
41,45,708.3336791992188,922.8919677734375
41,46,756.9683837890625,930.4821166992188
41,47,807.1574096679688,938.5071411132812
41,48,858.9022827148438,945.1026000976562
41,49,912.6156005859375,951.3951416015625
41,50,966.8531494140625,956.935546875
41,54,687.9856567382812,942.3997192382812
41,55,738.30517578125,950.743408203125
41,56,791.5908203125,959.191650390625
41,57,846.2625122070312,967.8723754882812
41,58,903.187744140625,974.8368530273438
42,0,811.4580688476562,771.7701416015625
42,1,849.138671875,775.0142822265625
42,2,888.0076293945312,778.8486938476562
42,3,927.8016967773438,781.328857421875
42,4,969.2294311523438,784.900390625
42,5,1010.8195190429688,787.2705688476562
42,6,1052.9732666015625,789.4393310546875
42,7,1095.6617431640625,791.6874389648438
42,8,1138.6077880859375,794.2097778320312
42,9,800.3004150390625,804.074951171875
42,10,838.5380859375,808.0264282226562
42,11,878.459228515625,811.38330078125
42,12,919.52197265625,814.967529296875
42,13,961.5584106445312,817.4584350585938
42,14,1004.6766967773438,819.9987182617188
42,15,1048.1754150390625,822.901611328125
42,16,1092.730712890625,825.9931030273438
42,17,1136.9976806640625,828.2935180664062
42,18,788.2183837890625,837.760009765625
42,19,827.5164184570312,841.7976684570312
42,20,868.3998413085938,845.9794921875
42,21,910.1730346679688,849.4039306640625
42,22,953.8016357421875,853.4308471679688
42,23,998.1735229492188,856.694580078125
42,24,1043.15283203125,859.0559692382812
42,25,1088.77783203125,861.4180297851562
42,26,1135.01513671875,864.6444702148438
42,27,775.2525634765625,872.0113525390625
42,28,815.4247436523438,876.859619140625
42,29,857.170654296875,881.1949462890625
42,30,900.2825317382812,885.5519409179688
42,31,945.3582153320312,889.9511108398438
42,32,991.0255737304688,893.9381713867188
42,33,1037.40869140625,896.9547119140625
42,34,1085.1129150390625,900.0339965820312
42,35,1132.5269775390625,902.6182861328125
42,36,760.6243286132812,906.3814086914062
42,37,801.7835083007812,911.91455078125
42,38,844.9634399414062,917.506591796875
42,39,889.5123291015625,922.8109130859375
42,40,936.0783081054688,927.9755859375
42,41,982.9530029296875,932.524169921875
42,42,1031.577392578125,937.0338745117188
42,43,1080.3154296875,940.3937377929688
42,44,1129.9498291015625,943.9647216796875
42,45,745.6004638671875,942.8689575195312
42,46,788.3204345703125,949.9429321289062
42,47,832.687744140625,957.0630493164062
42,48,878.7423095703125,963.5993041992188
42,49,926.3251953125,969.48095703125
42,50,975.3070678710938,975.3053588867188
42,51,1024.73388671875,979.6813354492188
42,52,1075.7806396484375,984.3964233398438
42,53,1126.5709228515625,987.7845458984375
42,54,731.0701904296875,982.3413696289062
42,55,774.1253051757812,990.502197265625
42,56,819.7110595703125,998.5399780273438
42,57,867.1200561523438,1006.2051391601562
42,58,916.36376953125,1013.5410766601562
42,59,966.3199462890625,1019.2689819335938
42,60,1018.0469970703125,1025.1805419921875
42,61,1070.0618896484375,1029.6337890625
42,62,1122.86474609375,1033.7139892578125
43,0,819.4461059570312,395.98931884765625
43,1,868.3594360351562,414.0472106933594
43,2,915.4258422851562,430.96417236328125
43,3,960.4135131835938,448.0083312988281
43,4,1003.1951293945312,463.7885437011719
43,5,1043.48193359375,478.4760437011719
43,6,1080.9053955078125,492.48876953125
43,7,1116.45263671875,505.39276123046875
43,8,1149.0947265625,518.0308837890625
43,9,798.4813232421875,437.49761962890625
43,10,846.0501098632812,453.0492858886719
43,11,891.9798583984375,468.01959228515625
43,12,935.9000244140625,483.15423583984375
43,13,978.1473388671875,498.1914978027344
43,14,1017.7945556640625,512.1378784179688
43,15,1055.6519775390625,524.5938720703125
43,16,1090.6221923828125,536.4375610351562
43,17,1123.8555908203125,547.3079833984375
43,18,779.077392578125,474.14337158203125
43,19,825.310791015625,488.2200927734375
43,20,870.0477294921875,502.5323791503906
43,21,912.9990234375,516.341064453125
43,22,954.4630126953125,529.7081298828125
43,23,993.60400390625,542.2228393554688
43,24,1030.965087890625,554.9331665039062
43,25,1066.4456787109375,566.1627807617188
43,26,1099.10546875,576.2514038085938
43,27,761.4131469726562,507.6508483886719
43,28,806.5498046875,521.2399291992188
43,29,849.801025390625,534.7567138671875
43,30,891.9048461914062,548.0761108398438
43,31,932.3775024414062,560.2365112304688
43,32,970.910888671875,571.7406005859375
43,33,1007.5501708984375,582.9310302734375
43,34,1042.5933837890625,593.4677734375
43,35,1075.689453125,603.3490600585938
43,36,745.3181762695312,540.1846313476562
43,37,788.7222290039062,552.6014404296875
43,38,831.0572509765625,565.1919555664062
43,39,872.0994262695312,577.7872924804688
43,40,911.8167114257812,589.4866333007812
43,41,949.6812744140625,600.2732543945312
43,42,985.7877197265625,610.3974609375
43,43,1020.4899291992188,620.064208984375
43,44,1053.055419921875,629.0911865234375
43,45,730.7041015625,569.9780883789062
43,46,772.6613159179688,581.8494873046875
43,47,813.676513671875,592.7923583984375
43,48,853.689453125,604.6613159179688
43,49,892.5838623046875,615.7360229492188
43,50,929.4557495117188,625.89404296875
43,51,965.0689086914062,635.5860595703125
43,52,999.3262329101562,644.4364013671875
43,53,1031.561279296875,652.6612548828125
43,54,717.1358642578125,598.0469970703125
43,55,757.9560546875,609.430419921875
43,56,797.6103515625,620.35546875
43,57,836.3176879882812,630.0878295898438
43,58,874.4341430664062,640.3158569335938
43,59,910.8599243164062,650.2428588867188
43,60,945.4442749023438,659.1044921875
43,61,978.9009399414062,667.6697387695312
43,62,1011.1361694335938,675.06982421875
44,2,808.2913818359375,864.9124145507812
44,3,836.6031494140625,874.5239868164062
44,4,866.8341674804688,884.5506591796875
44,5,897.094482421875,893.8508911132812
44,6,928.5569458007812,903.10302734375
44,7,960.667236328125,912.3075561523438
44,8,993.3424682617188,920.9716796875
44,9,735.84912109375,861.2944946289062
44,10,764.0128173828125,871.9849853515625
44,11,792.2685546875,882.2542114257812
44,12,821.6401977539062,891.91650390625
44,13,852.2088012695312,901.4459838867188
44,14,883.4478149414062,910.9381713867188
44,15,915.5678100585938,921.1182250976562
44,16,948.5963134765625,931.7006225585938
44,17,982.3072509765625,941.1406860351562
44,18,718.6298828125,879.0105590820312
44,19,746.2998046875,889.5203857421875
44,20,775.4558715820312,899.4426879882812
44,21,805.2698364257812,909.75
44,22,836.61474609375,920.165771484375
44,23,868.5330810546875,930.5444946289062
44,24,901.5838623046875,940.6279907226562
44,25,935.650634765625,951.214599609375
44,26,970.3817749023438,962.1239013671875
44,27,698.9697875976562,896.278076171875
44,28,728.0889282226562,906.779541015625
44,29,757.66015625,917.2688598632812
44,30,788.0794067382812,928.1865844726562
44,31,819.9325561523438,939.3731689453125
44,32,852.8826293945312,950.6683349609375
44,33,886.8662109375,961.7124633789062
44,34,921.785888671875,972.6448364257812
44,35,957.7203979492188,983.5543212890625
44,36,679.6936645507812,912.5073852539062
44,37,708.5484619140625,924.25537109375
44,38,738.4717407226562,936.371337890625
44,39,769.6498413085938,947.58251953125
44,40,802.2473754882812,959.499755859375
44,41,835.9487915039062,971.3049926757812
44,42,870.7689819335938,983.2890625
44,43,906.9114990234375,995.0556640625
44,44,943.950927734375,1006.8627319335938
44,45,658.6473999023438,929.74755859375
44,46,687.9379272460938,942.6632690429688
44,47,718.68505859375,955.7252807617188
44,48,750.287353515625,968.45654296875
44,49,783.6605224609375,981.1607055664062
44,50,818.1311645507812,994.1819458007812
44,51,853.94140625,1006.6146850585938
44,52,891.0127563476562,1019.5894165039062
44,53,929.1554565429688,1032.2965087890625
44,55,665.8534545898438,960.8533935546875
44,56,696.9806518554688,974.6923217773438
44,57,729.6566772460938,989.3139038085938
44,58,763.74658203125,1003.5157470703125
44,59,799.0455932617188,1016.9493408203125
44,60,835.8234252929688,1031.1201171875
44,61,874.0904541015625,1044.8643798828125
44,62,913.412353515625,1057.902099609375
45,0,803.0879516601562,260.9173889160156
45,1,837.275146484375,291.0893249511719
45,2,870.5886840820312,320.12127685546875
45,3,902.510498046875,348.8268127441406
45,4,933.4026489257812,375.9707336425781
45,5,962.9935302734375,401.41448974609375
45,6,990.89453125,425.79449462890625
45,7,1017.43408203125,448.87127685546875
45,8,1042.6556396484375,470.62408447265625
45,9,773.9183349609375,285.9440612792969
45,10,807.825439453125,313.88348388671875
45,11,840.8782958984375,340.9347229003906
45,12,872.4954833984375,367.7066345214844
45,13,903.0542602539062,393.9389343261719
45,14,932.19189453125,418.6383056640625
45,15,960.2896118164062,441.97796630859375
45,16,986.9370727539062,463.6045837402344
45,17,1012.3047485351562,484.57135009765625
45,18,747.9430541992188,307.77655029296875
45,19,781.1387329101562,334.03350830078125
45,20,813.357666015625,360.1089172363281
45,21,844.4776000976562,385.5184020996094
45,22,874.8372192382812,409.9851989746094
45,23,903.5706787109375,433.62872314453125
45,24,931.3253173828125,456.6643981933594
45,25,958.0803833007812,478.1730651855469
45,26,983.2800903320312,498.1470642089844
45,27,724.3108520507812,327.4490051269531
45,28,756.5313110351562,352.9562072753906
45,29,787.870849609375,378.21588134765625
45,30,818.3438110351562,402.67242431640625
45,31,848.097412109375,426.06829833984375
45,32,876.7164306640625,448.6377258300781
45,33,904.1905517578125,470.180908203125
45,34,930.6168212890625,491.16070556640625
45,35,955.564697265625,510.94183349609375
45,36,701.9586181640625,346.97088623046875
45,37,733.2968139648438,371.36480712890625
45,38,764.0589599609375,395.3395690917969
45,39,793.7435302734375,419.0761413574219
45,40,823.0628051757812,441.9087219238281
45,41,851.201904296875,463.6581115722656
45,42,878.3214721679688,484.21563720703125
45,43,904.7072143554688,504.372802734375
45,44,929.7334594726562,523.2476196289062
45,45,681.5614624023438,365.0095520019531
45,46,712.2340698242188,388.352783203125
45,47,742.2682495117188,411.0126953125
45,48,771.3075561523438,433.7210998535156
45,49,799.555908203125,455.820068359375
45,50,827.5381469726562,476.4903564453125
45,51,854.448486328125,496.65911865234375
45,52,880.2354736328125,516.0549926757812
45,53,905.1853637695312,534.2772827148438
45,54,662.5303344726562,382.44183349609375
45,55,692.19091796875,404.9633483886719
45,56,721.472900390625,427.00885009765625
45,57,750.31640625,447.6650695800781
45,58,778.3021240234375,468.8020324707031
45,59,804.8569946289062,489.4683532714844
45,60,831.6574096679688,508.5451354980469
45,61,857.5432739257812,527.1343383789062
45,62,881.99169921875,545.0044555664062
46,0,799.9864501953125,464.4653015136719
46,1,833.0424194335938,494.718017578125
46,2,865.930419921875,523.2036743164062
46,3,897.0850830078125,550.9544677734375
46,4,928.0100708007812,576.9725952148438
46,5,956.3814086914062,600.9619750976562
46,6,984.9354248046875,623.9555053710938
46,9,775.4476318359375,479.08258056640625
46,10,808.5155639648438,506.80841064453125
46,11,840.6182861328125,533.1456909179688
46,12,871.38671875,559.248779296875
46,13,900.695556640625,584.8468017578125
46,14,929.419189453125,608.5682373046875
46,18,754.7251586914062,490.11407470703125
46,19,786.532470703125,516.0784301757812
46,20,817.6304931640625,542.0655517578125
46,21,847.5263061523438,567.078857421875
46,22,876.7665405273438,590.6976928710938
46,23,902.2604370117188,610.9136962890625
46,27,736.1124267578125,499.4146728515625
46,28,766.7153930664062,525.0125122070312
46,29,796.1475219726562,550.34619140625
46,30,825.2099609375,574.5042724609375
46,31,852.6245727539062,597.2211303710938
46,32,881.162109375,619.4213256835938
46,36,718.2333984375,509.2828674316406
46,37,747.7364501953125,534.005126953125
46,38,776.6248779296875,558.0033569335938
46,39,804.1241455078125,581.5067749023438
46,40,832.2464599609375,604.303466796875
46,45,702.1459350585938,518.2969970703125
46,46,730.6315307617188,541.8575439453125
46,47,758.5366821289062,564.596435546875
46,48,785.8085327148438,587.4239501953125
46,49,812.7486572265625,609.4882202148438
46,57,767.28564453125,592.458984375
46,58,794.3732299804688,614.1148681640625
47,0,743.1273193359375,483.3629150390625
47,1,778.2924194335938,499.16363525390625
47,2,813.358642578125,515.1268310546875
47,3,848.1746826171875,531.2554321289062
47,4,882.266357421875,547.9166870117188
47,5,916.0783081054688,563.96728515625
47,6,949.0736083984375,579.5237426757812
47,7,981.59521484375,594.9855346679688
47,8,1013.5527954101562,610.0235595703125
47,9,727.6242065429688,515.9762573242188
47,10,763.357421875,531.9319458007812
47,11,799.0685424804688,548.2499389648438
47,12,834.3112182617188,564.5480346679688
47,13,869.8331909179688,580.4613037109375
47,14,904.5980224609375,596.1644287109375
47,15,938.2808227539062,611.92578125
47,16,971.6548461914062,627.1759643554688
47,17,1004.5535278320312,641.83935546875
47,18,711.8247680664062,549.86572265625
47,19,748.1886596679688,566.0704956054688
47,20,784.5953979492188,582.2589111328125
47,21,820.8741455078125,598.3400268554688
47,22,857.0016479492188,614.4902954101562
47,23,892.377197265625,630.1834106445312
47,24,927.3800659179688,645.3208618164062
47,25,961.88623046875,660.1437377929688
47,26,995.3101196289062,674.7572631835938
47,27,695.9850463867188,584.1170654296875
47,28,733.0721435546875,600.64892578125
47,29,770.288818359375,617.0584716796875
47,30,807.1541137695312,633.22509765625
47,31,844.2390747070312,649.2222900390625
47,32,880.6287841796875,664.7810668945312
47,33,916.4502563476562,679.8460693359375
47,34,951.7904052734375,694.5345458984375
47,35,986.181640625,708.6956176757812
47,36,680.1145629882812,619.3272705078125
47,37,718.0299072265625,636.2078247070312
47,38,756.0601196289062,652.8507690429688
47,39,793.8710327148438,668.8372802734375
47,40,831.8302612304688,684.8306274414062
47,41,868.8643188476562,700.2276611328125
47,42,905.6180419921875,715.3006591796875
47,43,941.5982666015625,729.9301147460938
47,44,976.6343994140625,744.060302734375
47,45,663.9483032226562,656.0813598632812
47,46,702.762451171875,673.0125122070312
47,47,741.3770141601562,689.7879638671875
47,48,780.2613525390625,705.85693359375
47,49,818.6748657226562,721.6932373046875
47,50,856.708251953125,737.1536865234375
47,51,894.1304931640625,751.9277954101562
47,52,930.9051513671875,766.355712890625
47,53,966.4637451171875,780.1141357421875
47,54,647.9127197265625,694.6280517578125
47,55,687.0859985351562,711.166748046875
47,56,726.777099609375,727.9207153320312
47,57,766.03076171875,744.1542358398438
47,58,805.3259887695312,759.92138671875
47,59,844.2630615234375,774.967529296875
47,60,882.2244873046875,789.7449951171875
47,61,919.7625122070312,803.9371337890625
47,62,956.1083374023438,817.4065551757812
48,0,859.9107055664062,690.8267822265625
48,1,898.077880859375,701.7988891601562
48,2,936.8419799804688,712.7904052734375
48,3,975.9867553710938,723.3770751953125
48,4,1015.6218872070312,734.4703369140625
48,5,1055.167724609375,745.0555419921875
48,6,1094.6697998046875,755.4420776367188
48,7,1133.7491455078125,765.6469116210938
48,8,1172.395751953125,776.0848999023438
48,9,847.0967407226562,727.3889770507812
48,10,885.8856811523438,738.597412109375
48,11,925.0643920898438,749.55712890625
48,12,964.9190063476562,760.7708129882812
48,13,1005.2789916992188,771.496826171875
48,14,1045.7491455078125,782.2692260742188
48,15,1085.8509521484375,792.701171875
48,16,1125.6297607421875,803.5938720703125
48,17,1165.1895751953125,813.5697631835938
48,18,834.1534423828125,764.5794067382812
48,19,873.1951293945312,776.0554809570312
48,20,913.0740356445312,787.646240234375
48,21,953.5072021484375,798.8213500976562
48,22,994.5878295898438,810.4058227539062
48,23,1035.5213623046875,821.1448974609375
48,24,1076.4813232421875,831.8125610351562
48,25,1117.2723388671875,842.080078125
48,26,1157.36279296875,852.340576171875
48,27,820.6182861328125,802.3353881835938
48,28,860.3621215820312,814.2587280273438
48,29,900.7654418945312,826.035400390625
48,30,941.8792724609375,837.6992797851562
48,31,983.4722290039062,849.3182373046875
48,32,1025.1319580078125,860.6687622070312
48,33,1066.7847900390625,871.4439697265625
48,34,1108.255126953125,882.0694580078125
48,35,1149.55712890625,891.8380126953125
48,36,806.5875244140625,840.4137573242188
48,37,846.6738891601562,852.623046875
48,38,887.9954223632812,865.1093139648438
48,39,929.7210083007812,877.1144409179688
48,40,972.3057250976562,889.1319580078125
48,41,1014.3588256835938,900.4713745117188
48,42,1057.184814453125,911.9646606445312
48,43,1099.076904296875,922.0475463867188
48,44,1140.7823486328125,932.7966918945312
48,45,792.1534423828125,878.98486328125
48,46,833.1071166992188,892.33642578125
48,47,874.9052734375,905.0424194335938
48,48,917.1815185546875,918.0829467773438
48,49,960.283935546875,930.124755859375
48,50,1003.4241943359375,942.2946166992188
48,51,1046.235595703125,953.3231201171875
48,52,1089.2362060546875,964.190185546875
48,53,1131.35400390625,973.7357177734375
48,54,778.1935424804688,919.144775390625
48,55,819.2189331054688,932.6544799804688
48,56,861.7594604492188,946.4307861328125
48,57,904.7922973632812,959.6446533203125
48,58,948.2880249023438,972.345947265625
48,59,991.6906127929688,984.1317138671875
48,60,1035.2623291015625,995.7440185546875
48,61,1078.74853515625,1006.1900634765625
48,62,1121.53662109375,1016.65087890625
49,2,795.709228515625,900.4193115234375
49,3,825.7005004882812,909.40185546875
49,4,858.9395751953125,918.52197265625
49,5,891.748046875,927.06689453125
49,6,926.0612182617188,935.3673095703125
49,7,960.8948974609375,943.882568359375
49,8,996.7982788085938,951.5598754882812
49,10,748.0286865234375,904.8382568359375
49,11,778.8170776367188,914.3711547851562
49,12,810.3005981445312,923.6456298828125
49,13,842.9656372070312,932.456298828125
49,14,877.6075439453125,941.0258178710938
49,15,912.4471435546875,950.36328125
49,16,948.885009765625,960.0667724609375
49,17,985.994384765625,968.6551513671875
49,18,698.9590454101562,909.30322265625
49,19,729.061767578125,919.2055053710938
49,20,760.246337890625,928.6569213867188
49,21,793.2161865234375,938.1435546875
49,22,826.9058837890625,948.0850219726562
49,23,861.9662475585938,957.4469604492188
49,24,898.2335815429688,966.8382568359375
49,25,935.5310668945312,976.4115600585938
49,26,974.1622314453125,986.6476440429688
49,27,676.4715576171875,923.3602294921875
49,28,708.4619140625,933.188232421875
49,29,739.3043212890625,943.4192504882812
49,30,773.8228149414062,953.31005859375
49,31,809.1416015625,964.0786743164062
49,32,845.0088500976562,974.6314086914062
49,33,882.1369018554688,984.99072265625
49,34,921.4927978515625,995.0311279296875
49,35,961.4364013671875,1005.048095703125
49,36,655.67919921875,936.028076171875
49,37,685.8148803710938,947.6719360351562
49,38,719.2913208007812,958.843994140625
49,39,754.523681640625,969.0210571289062
49,40,789.4407348632812,980.7364501953125
49,41,826.8843994140625,992.0711669921875
49,42,865.5263671875,1003.4024658203125
49,43,905.9258422851562,1014.2857666015625
49,44,947.5968017578125,1025.350830078125
49,45,633.6478881835938,949.8948364257812
49,46,663.4368896484375,962.5393676757812
49,47,695.6845092773438,975.3635864257812
49,48,731.73583984375,987.3037719726562
49,49,768.520751953125,999.6792602539062
49,50,806.9996337890625,1012.098876953125
49,51,847.18408203125,1023.9850463867188
49,52,889.0817260742188,1036.34716796875
49,53,932.1862182617188,1048.677978515625
49,55,637.323974609375,976.3908081054688
49,56,672.457763671875,990.2496948242188
49,57,708.111328125,1005.1275634765625
49,58,746.1332397460938,1019.1767578125
49,59,785.5909423828125,1032.006591796875
49,60,827.142822265625,1046.0174560546875
49,61,870.510009765625,1059.4007568359375
49,62,915.694580078125,1071.800048828125
50,0,692.5253295898438,761.1546020507812
50,1,729.4483032226562,764.063232421875
50,2,767.3221435546875,767.0687255859375
50,3,805.5366821289062,769.0464477539062
50,4,845.1925659179688,772.1177978515625
50,5,884.5352783203125,774.2139282226562
50,6,924.113525390625,776.7063598632812
50,7,964.0003662109375,778.7100219726562
50,8,1003.828369140625,780.5833129882812
50,9,683.6819458007812,791.7072143554688
50,10,721.6314697265625,795.0031127929688
50,11,760.2567138671875,797.4191284179688
50,12,799.999267578125,800.2179565429688
50,13,840.4465942382812,802.5755004882812
50,14,881.2449340820312,804.8833618164062
50,15,922.1632080078125,807.3333129882812
50,16,963.4242553710938,809.8524169921875
50,17,1004.501220703125,811.4509887695312
50,18,674.7319946289062,824.4403076171875
50,19,713.5137329101562,827.4812622070312
50,20,753.2526245117188,830.2122192382812
50,21,793.8935546875,832.9033203125
50,22,835.8626098632812,835.7772216796875
50,23,877.65625,838.2484130859375
50,24,920.0615234375,840.3350830078125
50,25,962.7968139648438,842.405029296875
50,26,1005.2250366210938,844.4981079101562
50,27,664.8329467773438,857.4376220703125
50,28,704.9441528320312,861.17626953125
50,29,745.7875366210938,864.2357177734375
50,30,787.768798828125,867.4065551757812
50,31,830.9771118164062,870.7922973632812
50,32,874.3214721679688,873.4141845703125
50,33,917.7478637695312,875.3234252929688
50,34,962.1295166015625,877.4629516601562
50,35,1005.8482055664062,878.8823852539062
50,36,654.4947509765625,891.3223266601562
50,37,695.8142700195312,896.2103881835938
50,38,738.2744140625,900.7293090820312
50,39,781.2395629882812,903.7504272460938
50,40,825.8110961914062,907.17041015625
50,41,870.3876953125,909.8206176757812
50,42,915.8843383789062,912.5296630859375
50,43,961.2769775390625,914.2525634765625
50,44,1006.8072509765625,915.851806640625
50,45,643.8582153320312,927.082275390625
50,46,686.6290283203125,932.9061889648438
50,47,730.1016845703125,937.8414306640625
50,48,774.9598388671875,942.1375732421875
50,49,820.5325317382812,945.8632202148438
50,50,866.98095703125,949.1928100585938
50,51,913.4229125976562,951.347900390625
50,52,960.6751708984375,953.59130859375
50,53,1007.1031494140625,954.763671875
50,54,633.0270385742188,964.7450561523438
50,55,676.331787109375,970.341064453125
50,56,721.455078125,975.9465942382812
50,57,767.7889404296875,981.5286254882812
50,58,815.2017822265625,986.0514526367188
50,59,862.9285888671875,989.2343139648438
50,60,911.2659301757812,992.1476440429688
50,61,959.801025390625,993.8594360351562
50,62,1008.4774169921875,994.71240234375
51,0,779.7719116210938,193.3294219970703
51,1,816.198974609375,221.16123962402344
51,2,852.1204223632812,248.22030639648438
51,3,886.3305053710938,274.8830261230469
51,4,919.8331298828125,300.5079040527344
51,5,951.774658203125,324.83221435546875
51,6,982.0045166015625,348.4024658203125
51,7,1010.9573974609375,370.7106018066406
51,8,1038.2440185546875,392.0479736328125
51,9,752.5269165039062,222.3931884765625
51,10,788.7526245117188,247.95236206054688
51,11,824.1102294921875,272.9000244140625
51,12,857.9708251953125,297.9347229003906
51,13,890.85693359375,322.6708679199219
51,14,922.3095703125,346.16802978515625
51,15,952.6370239257812,368.424560546875
51,16,981.4322509765625,389.37945556640625
51,17,1008.7584228515625,409.9449768066406
51,18,728.52099609375,247.9735870361328
51,19,763.8250732421875,271.9548034667969
51,20,798.2191772460938,296.0950012207031
51,21,831.2626342773438,319.8723449707031
51,22,863.9234008789062,342.809326171875
51,23,894.9505004882812,365.1707458496094
51,24,924.6539916992188,387.1291809082031
51,25,953.6130981445312,407.9832763671875
51,26,980.7525024414062,427.17254638671875
51,27,706.4312133789062,271.3768310546875
51,28,740.7241821289062,294.6894836425781
51,29,774.1160888671875,318.13336181640625
51,30,806.5489501953125,340.8016052246094
51,31,838.3215942382812,362.737548828125
51,32,869.0974731445312,384.050048828125
51,33,898.6170654296875,404.6940002441406
51,34,927.1041259765625,424.6822509765625
51,35,954.1318359375,443.89178466796875
51,36,685.7017822265625,294.64306640625
51,37,718.9713134765625,316.85687255859375
51,38,751.642333984375,338.96148681640625
51,39,783.2452392578125,361.0056457519531
51,40,814.4395141601562,382.2355041503906
51,41,844.6046752929688,402.5768737792969
51,42,873.7507934570312,422.233642578125
51,43,902.0052490234375,441.365234375
51,44,928.7659912109375,459.49560546875
51,45,666.7227783203125,316.2443542480469
51,46,699.0571899414062,337.3947448730469
51,47,731.0013427734375,358.2113342285156
51,48,762.0724487304688,379.17755126953125
51,49,792.2840576171875,399.8790588378906
51,50,822.131103515625,419.1097106933594
51,51,850.8975219726562,438.25738525390625
51,52,878.3877563476562,456.5419921875
51,53,905.2241821289062,473.9259338378906
51,54,648.9619750976562,336.9904479980469
51,55,680.4113159179688,357.4585266113281
51,56,711.4530639648438,377.5379638671875
51,57,742.1821899414062,396.7447509765625
51,58,771.8788452148438,416.29351806640625
51,59,800.546142578125,435.71856689453125
51,60,828.7688598632812,453.50079345703125
51,61,856.0253295898438,470.98956298828125
51,62,882.5985107421875,487.8033752441406
52,0,840.1964111328125,722.2369384765625
52,1,877.97998046875,731.2579345703125
52,2,916.3910522460938,740.3980102539062
52,3,954.987060546875,748.873291015625
52,4,994.0629272460938,757.882568359375
52,5,1033.084716796875,766.1995239257812
52,6,1071.755615234375,774.345947265625
52,7,1110.235107421875,782.3447265625
52,8,1147.9832763671875,790.4723510742188
52,9,829.169921875,756.8157348632812
52,10,867.8474731445312,766.0421142578125
52,11,906.9107666015625,774.7921142578125
52,12,946.551513671875,783.9740600585938
52,13,986.608642578125,792.308349609375
52,14,1026.5367431640625,800.9617919921875
52,15,1066.282958984375,809.1646118164062
52,16,1105.6531982421875,817.668212890625
52,17,1144.5194091796875,825.3876342773438
52,18,817.983642578125,792.1480712890625
52,19,857.2421875,801.6546630859375
52,20,897.2861938476562,811.0151977539062
52,21,937.7398681640625,820.0640258789062
52,22,978.7252197265625,829.2560424804688
52,23,1019.4467163085938,837.85986328125
52,24,1060.0869140625,846.0326538085938
52,25,1100.734619140625,853.9578857421875
52,26,1140.485107421875,862.026123046875
52,27,806.181884765625,828.4633178710938
52,28,846.3528442382812,838.2025146484375
52,29,887.18994140625,847.7631225585938
52,30,928.3370971679688,857.2484741210938
52,31,970.43017578125,866.40380859375
52,32,1012.2454223632812,875.5901489257812
52,33,1053.9312744140625,883.90185546875
52,34,1095.56494140625,892.0045776367188
52,35,1136.400634765625,899.3008422851562
52,36,793.809326171875,864.9169921875
52,37,834.8281860351562,875.0302734375
52,38,876.7496948242188,885.3059692382812
52,39,919.0952758789062,894.9751586914062
52,40,962.2694091796875,904.7421875
52,41,1004.677734375,913.5152587890625
52,42,1047.6810302734375,922.6588134765625
52,43,1089.848876953125,930.464111328125
52,44,1131.848876953125,938.6195678710938
52,45,781.0775756835938,902.396484375
52,46,823.203857421875,913.685546875
52,47,865.9747314453125,924.5093994140625
52,48,909.4351196289062,934.983154296875
52,49,953.0844116210938,944.7640991210938
52,50,996.9554443359375,954.5440063476562
52,51,1040.254150390625,962.8693237304688
52,52,1083.994873046875,971.5588989257812
52,53,1126.348388671875,978.7398681640625
52,54,768.6163330078125,942.3724365234375
52,55,811.1404418945312,953.81787109375
52,56,854.9942626953125,965.3551025390625
52,57,899.1116333007812,976.1557006835938
52,58,943.877197265625,986.7171630859375
52,59,988.495849609375,996.0203857421875
52,60,1033.0274658203125,1005.169921875
52,61,1077.214599609375,1013.2273559570312
52,62,1120.93310546875,1020.9572143554688
53,0,880.5982666015625,812.2854614257812
53,1,908.6928100585938,826.7939453125
53,2,937.5364379882812,841.467529296875
53,3,966.8707885742188,855.6919555664062
53,4,996.9552612304688,870.3189697265625
53,5,1027.1776123046875,884.2855834960938
53,6,1057.9122314453125,898.1776733398438
53,7,1088.798095703125,911.99365234375
53,8,1120.134033203125,925.0721435546875
53,9,864.0040893554688,833.0323486328125
53,10,892.8064575195312,848.4036254882812
53,11,922.18603515625,863.31787109375
53,12,952.3519287109375,877.9074096679688
53,13,983.2024536132812,892.24658203125
53,14,1014.330810546875,906.4757690429688
53,15,1045.7978515625,921.1784057617188
53,16,1077.2733154296875,936.0250854492188
53,17,1109.234619140625,949.8713989257812
53,18,846.6681518554688,855.5778198242188
53,19,875.9902954101562,870.8416748046875
53,20,906.193603515625,885.7685546875
53,21,936.8904418945312,900.75244140625
53,22,968.478759765625,915.9323120117188
53,23,1000.3651733398438,930.9576416015625
53,24,1032.73583984375,945.684814453125
53,25,1065.3502197265625,960.6227416992188
53,26,1097.9063720703125,975.5772705078125
53,27,828.6690673828125,877.8623046875
53,28,858.509765625,893.2101440429688
53,29,889.2705688476562,908.6273193359375
53,30,920.8630981445312,924.3277587890625
53,31,953.1654663085938,940.2418823242188
53,32,985.882568359375,956.010009765625
53,33,1018.9063720703125,971.323974609375
53,34,1052.43798828125,986.7672119140625
53,35,1086.232666015625,1001.8757934570312
53,36,809.67529296875,899.89453125
53,37,840.1927490234375,916.3927001953125
53,38,871.6853637695312,933.0665283203125
53,39,903.9002075195312,949.018310546875
53,40,936.9281616210938,965.5699462890625
53,41,970.3172607421875,981.869140625
53,42,1004.492431640625,998.1386108398438
53,43,1038.9129638671875,1013.9998779296875
53,44,1073.4991455078125,1029.7730712890625
53,45,790.0137329101562,922.7935180664062
53,46,821.1033325195312,940.4597778320312
53,47,853.1461181640625,958.0665283203125
53,48,886.0592041015625,975.0553588867188
53,49,919.84033203125,992.2449951171875
53,50,954.181640625,1009.3674926757812
53,51,988.9607543945312,1026.1378173828125
53,52,1024.2841796875,1042.8468017578125
53,53,1059.8997802734375,1059.0911865234375
53,54,769.61962890625,945.9488525390625
53,55,801.1650390625,964.14990234375
53,56,833.91015625,982.7564086914062
53,57,867.2781982421875,1001.5941162109375
53,58,901.9114990234375,1019.9047241210938
53,59,937.0286254882812,1037.3848876953125
53,60,972.728271484375,1055.154541015625
53,61,1008.9780883789062,1072.50048828125
53,62,1045.7435302734375,1088.99951171875
54,0,609.1976928710938,692.1445922851562
54,1,649.1256713867188,696.8933715820312
54,2,691.0673828125,702.2019653320312
54,3,734.2201538085938,706.6239624023438
54,4,779.1884765625,711.7216186523438
54,5,824.9780883789062,715.9922485351562
54,6,871.8435668945312,720.29296875
54,7,919.5819091796875,724.6917114257812
54,8,967.7109375,729.4317016601562
54,9,595.4214477539062,730.3565063476562
54,10,636.1764526367188,735.8074340820312
54,11,678.7076416015625,741.027587890625
54,12,722.7067260742188,746.3638916015625
54,13,768.6416625976562,750.993896484375
54,14,815.7138061523438,755.7723388671875
54,15,864.1427612304688,760.51318359375
54,16,913.6299438476562,765.990234375
54,17,963.4034423828125,770.4349975585938
54,18,581.6170043945312,770.439453125
54,19,622.8047485351562,776.3660278320312
54,20,665.8814086914062,782.1392211914062
54,21,711.0720825195312,787.8740844726562
54,22,758.3762817382812,793.6790161132812
54,23,806.643310546875,799.2978515625
54,24,856.3976440429688,804.1287841796875
54,25,907.1177978515625,809.07763671875
54,26,958.836669921875,814.446044921875
54,27,566.1371459960938,810.8427124023438
54,28,608.5907592773438,818.142822265625
54,29,652.6715698242188,824.9329223632812
54,30,698.8175659179688,831.5635986328125
54,31,747.23486328125,838.1292114257812
54,32,797.0866088867188,844.5443725585938
54,33,848.0988159179688,849.8789672851562
54,34,900.6524658203125,855.6050415039062
54,35,953.7361450195312,860.1348876953125
54,36,550.0380249023438,852.5431518554688
54,37,593.3589477539062,861.2782592773438
54,38,638.9905395507812,869.847412109375
54,39,686.1128540039062,877.0681762695312
54,40,735.8142700195312,884.6494750976562
54,41,786.8470458984375,891.3870849609375
54,42,839.7682495117188,898.250732421875
54,43,893.4752197265625,903.6954956054688
54,44,948.637451171875,909.3790893554688
54,45,534.2172241210938,896.7578735351562
54,46,578.61279296875,906.521728515625
54,47,625.06201171875,915.9971313476562
54,48,673.6212158203125,924.9266357421875
54,49,724.410400390625,933.3839721679688
54,50,776.97265625,941.4904174804688
54,51,830.9649047851562,948.2431640625
54,52,886.8660278320312,955.1997680664062
54,53,943.0369873046875,960.4309692382812
54,54,519.0858154296875,942.9252319335938
54,55,563.3663330078125,953.3755493164062
54,56,610.9996337890625,964.0526733398438
54,57,660.666259765625,974.1868896484375
54,58,712.9846801757812,984.1624755859375
54,59,766.4707641601562,992.5714111328125
54,60,822.1235961914062,1001.0249633789062
54,61,879.2717895507812,1007.8256225585938
54,62,937.310302734375,1014.3792724609375
55,0,732.3650512695312,520.819580078125
55,1,767.6229248046875,532.031005859375
55,2,802.77880859375,543.9295043945312
55,3,838.4397583007812,554.9703369140625
55,4,874.1419677734375,566.5306396484375
55,5,909.82080078125,577.5501708984375
55,6,945.2990112304688,588.5291137695312
55,7,980.11474609375,599.9255981445312
55,8,1014.5905151367188,611.1513061523438
55,9,720.47021484375,545.359619140625
55,10,756.6409912109375,556.8494873046875
55,11,793.251220703125,568.37060546875
55,12,830.1229248046875,579.58251953125
55,13,867.2699584960938,590.7911376953125
55,14,904.2333984375,601.8020629882812
55,15,940.7153930664062,613.2647705078125
55,16,976.8615112304688,625.0865478515625
55,17,1012.3661499023438,636.1873168945312
55,18,707.9691162109375,571.5115356445312
55,19,745.3848876953125,582.8452758789062
55,20,783.31884765625,594.2047729492188
55,21,821.2109375,605.96435546875
55,22,859.8070678710938,617.7156982421875
55,23,897.7559204101562,629.01611328125
55,24,935.784423828125,640.1568603515625
55,25,973.372802734375,651.62353515625
55,26,1010.0812377929688,662.927490234375
55,27,695.0343017578125,597.19775390625
55,28,733.84228515625,609.2988891601562
55,29,772.8145751953125,621.1171875
55,30,812.282958984375,633.0736694335938
55,31,851.971923828125,645.281982421875
55,32,891.4022216796875,657.1581420898438
55,33,930.7642822265625,668.6949462890625
55,34,969.7926635742188,679.890869140625
55,35,1007.9988403320312,690.5005493164062
55,36,681.6447143554688,623.5759887695312
55,37,721.5313720703125,636.405517578125
55,38,762.1063842773438,649.2962036132812
55,39,802.8751220703125,661.6604614257812
55,40,844.2080078125,674.1981811523438
55,41,884.9481201171875,686.3080444335938
55,42,925.804931640625,698.2066040039062
55,43,966.0704345703125,709.3595581054688
55,44,1006.019775390625,720.3870849609375
55,45,667.3727416992188,652.79736328125
55,46,708.771240234375,666.1005249023438
55,47,750.6400146484375,679.5944213867188
55,48,792.9345092773438,692.5535278320312
55,49,835.5715942382812,705.32177734375
55,50,877.9736938476562,717.9229125976562
55,51,920.333251953125,729.376953125
55,52,962.3115234375,741.217041015625
55,53,1003.3627319335938,752.2808837890625
55,54,652.4406127929688,685.136962890625
55,55,695.076904296875,698.1974487304688
55,56,738.6450805664062,711.8739624023438
55,57,782.355712890625,725.5719604492188
55,58,826.6990356445312,738.65966796875
55,59,870.9358520507812,750.803955078125
55,60,914.6961669921875,763.3230590820312
55,61,957.9484252929688,774.7220458984375
55,62,1000.9713134765625,786.3397827148438
56,0,785.7235717773438,245.04588317871094
56,1,821.1755981445312,274.3948669433594
56,2,856.3082885742188,301.9002685546875
56,3,890.212158203125,329.2727355957031
56,4,922.9518432617188,355.68341064453125
56,5,954.2711791992188,380.9747314453125
56,6,984.0496215820312,405.2527160644531
56,7,1012.6796875,428.5221252441406
56,8,1039.6165771484375,450.67645263671875
56,9,758.805419921875,272.1682434082031
56,10,794.0205078125,298.7794189453125
56,11,828.6619873046875,324.7087097167969
56,12,861.8191528320312,350.55181884765625
56,13,894.1442260742188,376.2442321777344
56,14,924.8185424804688,400.7584228515625
56,15,954.59716796875,424.07415771484375
56,16,982.989501953125,445.8075866699219
56,17,1010.0327758789062,466.94744873046875
56,18,735.0241088867188,295.6821594238281
56,19,769.4902954101562,320.5855712890625
56,20,802.959716796875,345.7385559082031
56,21,835.3372802734375,370.27252197265625
56,22,867.206298828125,394.3438415527344
56,23,897.3380126953125,418.0153503417969
56,24,926.7354125976562,441.00335693359375
56,25,954.989990234375,462.7025146484375
56,26,981.9033813476562,482.7633056640625
56,27,713.4354858398438,317.0418701171875
56,28,746.813232421875,341.53662109375
56,29,779.1838989257812,365.7024841308594
56,30,810.974365234375,389.3911437988281
56,31,841.969482421875,412.5806884765625
56,32,871.8117065429688,435.0331115722656
56,33,900.6561279296875,456.8262634277344
56,34,928.5526123046875,477.8663635253906
56,35,955.0516967773438,497.93951416015625
56,36,692.8546142578125,338.5427551269531
56,37,725.09765625,361.9695739746094
56,38,756.8652954101562,385.07958984375
56,39,787.6522216796875,408.10052490234375
56,40,818.103515625,430.550537109375
56,41,847.3850708007812,452.01806640625
56,42,875.7625122070312,472.7798767089844
56,43,904.0917358398438,493.088134765625
56,44,929.8330688476562,511.9712829589844
56,45,674.0687866210938,358.5010681152344
56,46,705.52294921875,380.911376953125
56,47,736.5238647460938,402.88739013671875
56,48,766.5540771484375,424.87896728515625
56,49,796.0576171875,446.46868896484375
56,50,825.0249633789062,467.0127868652344
56,51,852.8773803710938,487.1188049316406
56,52,880.0305786132812,506.5941162109375
56,53,906.3063354492188,524.7464599609375
56,54,656.4667358398438,377.87615966796875
56,55,686.9207153320312,399.5619201660156
56,56,716.9099731445312,420.82147216796875
56,57,746.6419677734375,441.026611328125
56,58,775.6422119140625,461.6487121582031
56,59,803.29833984375,482.0739440917969
56,60,831.1043701171875,500.9895324707031
56,61,857.6554565429688,519.560546875
56,62,883.6158447265625,537.2702026367188
57,0,719.2803344726562,578.409423828125
57,3,820.2557373046875,601.5313720703125
57,4,854.6824951171875,609.4755859375
57,5,889.2540283203125,616.9338989257812
57,6,924.0804443359375,624.427978515625
57,7,959.0316772460938,632.3493041992188
57,8,993.4942626953125,640.2633666992188
57,9,708.2973022460938,595.8580322265625
57,12,812.4834594726562,619.18896484375
57,13,848.5087280273438,626.5259399414062
57,14,884.6190185546875,633.9673461914062
57,15,920.5784301757812,641.9923706054688
57,16,956.266357421875,650.6715087890625
57,17,992.44384765625,658.5122680664062
57,18,696.27734375,614.3187866210938
57,19,731.8069458007812,621.9864501953125
57,20,767.9290771484375,629.7466430664062
57,21,804.3339233398438,637.7781372070312
57,22,841.7692260742188,646.017333984375
57,23,878.9796142578125,653.8845825195312
57,24,916.5208129882812,661.4296264648438
57,25,954.0799560546875,669.6746826171875
57,26,991.357666015625,677.9658203125
57,27,683.8529663085938,632.1801147460938
57,28,720.3896484375,640.6941528320312
57,29,757.8194580078125,648.9600219726562
57,30,795.8510131835938,657.135009765625
57,31,834.4080200195312,665.7571411132812
57,32,873.269775390625,674.2543334960938
57,33,912.0250854492188,682.1538696289062
57,34,951.47021484375,690.3309326171875
57,35,990.1879272460938,697.9492797851562
57,36,670.4207763671875,649.4968872070312
57,37,708.3573608398438,659.2033081054688
57,38,747.0633544921875,668.62451171875
57,39,786.6077270507812,677.1597290039062
57,40,826.8911743164062,686.2584838867188
57,41,867.1593017578125,694.9912719726562
57,42,907.843994140625,703.6928100585938
57,43,948.8355102539062,711.7902221679688
57,44,989.3468017578125,719.9041748046875
57,45,655.9675903320312,669.2276000976562
57,46,695.4572143554688,679.4059448242188
57,47,735.8553466796875,689.822509765625
57,48,776.8006591796875,699.1231689453125
57,49,818.6781616210938,708.8926391601562
57,50,860.8783569335938,718.0828247070312
57,51,903.2184448242188,726.7831420898438
57,52,945.8284912109375,735.3733520507812
57,53,988.1256103515625,743.8914184570312
57,54,640.719482421875,691.6512451171875
57,55,681.4927368164062,701.6337890625
57,56,723.4673461914062,711.9212036132812
57,57,766.2163696289062,722.7815551757812
57,58,810.0059204101562,732.8458251953125
57,59,854.070068359375,742.0499267578125
57,60,898.2132568359375,751.7097778320312
57,61,942.5635375976562,760.6429443359375
57,62,987.0174560546875,769.4606323242188
58,0,710.3564453125,716.1035766601562
58,1,750.472412109375,717.2346801757812
58,2,792.6328125,719.2696533203125
58,3,836.0020141601562,719.5332641601562
58,4,881.8116455078125,721.2244873046875
58,5,928.1236572265625,721.642822265625
58,6,975.2078247070312,721.97998046875
58,7,1023.5143432617188,722.4144897460938
58,8,1072.730224609375,723.1331787109375
58,9,695.1639404296875,747.6976928710938
58,10,736.492919921875,749.5020141601562
58,11,779.8018798828125,750.99560546875
58,12,824.8095092773438,752.25732421875
58,13,871.51416015625,752.8905029296875
58,14,919.5626831054688,753.4492797851562
58,15,969.0927734375,754.1966552734375
58,16,1019.9776000976562,755.8148193359375
58,17,1071.007568359375,756.475830078125
58,18,679.1112060546875,781.0953369140625
58,19,721.1279907226562,783.1302490234375
58,20,765.6881713867188,785.2319946289062
58,21,812.2410888671875,786.9343872070312
58,22,861.1689453125,788.7754516601562
58,23,911.1697387695312,790.0020141601562
58,24,962.7213745117188,790.4025268554688
58,25,1015.1808471679688,790.9610595703125
58,26,1068.9552001953125,792.6444702148438
58,27,660.8800048828125,814.60205078125
58,28,704.5801391601562,817.9442138671875
58,29,750.4530639648438,820.943115234375
58,30,798.572265625,823.5076904296875
58,31,849.1202392578125,825.982666015625
58,32,901.4852294921875,828.3898315429688
58,33,955.3662109375,829.741455078125
58,34,1010.8418579101562,830.8801879882812
58,35,1066.6278076171875,831.2122192382812
58,36,641.0419311523438,849.4505004882812
58,37,686.1192626953125,854.5160522460938
58,38,733.8760375976562,859.1123046875
58,39,783.3789672851562,862.3128051757812
58,40,836.3855590820312,865.9732055664062
58,41,890.6198120117188,868.9635009765625
58,42,947.3195190429688,871.6798706054688
58,43,1004.9431762695312,873.0848388671875
58,44,1064.21923828125,874.8482055664062
58,45,620.5540771484375,887.5484008789062
58,46,667.166748046875,894.2185668945312
58,47,716.3960571289062,900.4866943359375
58,48,768.0043334960938,905.4156494140625
58,49,822.618896484375,910.124267578125
58,50,879.9000244140625,914.7542114257812
58,51,938.3685302734375,917.5230712890625
58,52,999.5989990234375,920.4482421875
58,53,1061.0438232421875,921.9197387695312
58,54,599.5845947265625,929.1514892578125
58,55,646.571533203125,936.2529296875
58,56,697.3244018554688,944.1083984375
58,57,751.3515625,951.483154296875
58,58,808.362548828125,957.9563598632812
58,59,867.33935546875,962.9580688476562
58,60,929.1572875976562,967.816162109375
58,61,992.6455078125,970.9315795898438
58,62,1057.832275390625,973.5452880859375
59,0,729.8078002929688,548.453125
59,1,764.9503173828125,555.009521484375
59,2,800.6995239257812,562.0870971679688
59,3,836.6246337890625,568.5196533203125
59,4,873.117919921875,575.6956787109375
59,5,909.62060546875,582.1432495117188
59,6,945.9977416992188,588.8239135742188
59,7,982.4340209960938,595.6781616210938
59,8,1018.444580078125,602.6692504882812
59,9,719.5313110351562,568.4927368164062
59,10,755.8204345703125,575.027099609375
59,11,792.647216796875,581.7023315429688
59,12,830.1355590820312,588.3670043945312
59,13,868.0555419921875,594.8258056640625
59,14,905.9852905273438,601.1980590820312
59,15,943.771240234375,608.18603515625
59,16,981.426513671875,615.7555541992188
59,17,1018.9450073242188,622.6259765625
59,18,708.4512939453125,589.4985961914062
59,19,746.1124877929688,595.9635009765625
59,20,784.3428344726562,602.6029052734375
59,21,823.08251953125,609.6404418945312
59,22,862.4933471679688,616.631591796875
59,23,901.863525390625,623.3637084960938
59,24,941.215087890625,629.8262329101562
59,25,980.614013671875,636.8851928710938
59,26,1019.3920288085938,643.9431762695312
59,27,696.7364501953125,610.0969848632812
59,28,735.7657470703125,617.279296875
59,29,775.4056396484375,624.2201538085938
59,30,815.852294921875,631.3037719726562
59,31,856.6920166015625,638.9901733398438
59,32,897.5955200195312,646.1342163085938
59,33,938.6092529296875,653.0219116210938
59,34,979.7066650390625,659.6155395507812
59,35,1020.03271484375,666.0025024414062
59,36,684.2130737304688,630.3755493164062
59,37,724.6488647460938,638.7487182617188
59,38,765.9602661132812,646.7412109375
59,39,807.8416137695312,654.0626220703125
59,40,850.549560546875,661.9417724609375
59,41,893.1478271484375,669.3721313476562
59,42,935.78564453125,676.7831420898438
59,43,978.8509521484375,683.4663696289062
59,44,1021.1762084960938,690.3743896484375
59,45,670.5308227539062,653.6732788085938
59,46,712.8565063476562,662.2354125976562
59,47,755.7532958984375,671.1981201171875
59,48,799.39892578125,679.2039184570312
59,49,843.8554077148438,687.3477172851562
59,50,888.5272827148438,695.4110717773438
59,51,933.00341796875,702.5800170898438
59,52,977.6394653320312,709.7750244140625
59,53,1021.8330688476562,716.9686889648438
59,54,656.3953857421875,679.9019775390625
59,55,700.0563354492188,688.16552734375
59,56,744.8599853515625,697.1051025390625
59,57,790.305908203125,706.44482421875
59,58,836.7643432617188,715.0279541015625
59,59,883.2465209960938,722.5064086914062
59,60,929.6610717773438,730.8200073242188
59,61,976.5562133789062,738.0653076171875
59,62,1022.814208984375,745.4834594726562
60,0,712.0444946289062,764.3113403320312
60,1,748.2766723632812,771.3389282226562
60,2,785.4730224609375,778.43896484375
60,3,823.0828857421875,784.9234008789062
60,4,861.4904174804688,791.9656372070312
60,5,899.9141235351562,798.3655395507812
60,6,938.5660400390625,804.8264770507812
60,7,977.3140869140625,810.8511352539062
60,8,1015.89013671875,816.3088989257812
60,9,700.6309814453125,793.2147216796875
60,10,738.0055541992188,800.7476806640625
60,11,776.095703125,807.456787109375
60,12,814.9832763671875,814.3399658203125
60,13,854.4490966796875,820.9645385742188
60,14,894.20947265625,827.594482421875
60,15,934.2067260742188,834.2039794921875
60,16,973.9567260742188,840.99609375
60,17,1013.8447875976562,846.3240966796875
60,18,688.9776611328125,824.3284912109375
60,19,727.1853637695312,831.841796875
60,20,766.302001953125,838.6021728515625
60,21,806.2955322265625,845.7874145507812
60,22,847.1393432617188,853.0604248046875
60,23,888.0818481445312,859.8173217773438
60,24,929.4217529296875,866.0805053710938
60,25,970.8875122070312,872.2528076171875
60,26,1011.7293090820312,878.6625366210938
60,27,676.4103393554688,855.395751953125
60,28,715.9228515625,863.5575561523438
60,29,756.1060791015625,871.1151123046875
60,30,797.1973876953125,878.693603515625
60,31,839.3180541992188,886.0852661132812
60,32,881.7191162109375,893.3850708007812
60,33,924.274658203125,899.7601318359375
60,34,967.4632568359375,906.1939697265625
60,35,1009.8573608398438,911.7484741210938
60,36,663.2984619140625,887.515869140625
60,37,703.7403564453125,896.7733154296875
60,38,745.3351440429688,905.4470825195312
60,39,787.7898559570312,913.1609497070312
60,40,831.3168334960938,920.9846801757812
60,41,875.0309448242188,928.1460571289062
60,42,919.3794555664062,935.3670043945312
60,43,963.4570922851562,941.6773681640625
60,44,1007.6469116210938,947.7374877929688
60,45,649.3756103515625,921.0191650390625
60,46,691.2587280273438,931.4840698242188
60,47,734.257080078125,940.8839111328125
60,48,778.080810546875,949.7561645507812
60,49,822.83984375,958.0418090820312
60,50,868.2446899414062,965.9617919921875
60,51,913.555419921875,972.7285766601562
60,52,959.578125,979.6190185546875
60,53,1005.0421752929688,985.4844360351562
60,54,635.2252197265625,956.6072387695312
60,55,678.103271484375,966.9619750976562
60,56,722.3390502929688,977.1044311523438
60,57,767.7323608398438,987.2969970703125
60,58,814.1901245117188,996.659423828125
60,59,860.8041381835938,1004.4814453125
60,60,907.88818359375,1012.289794921875
60,61,955.2171630859375,1018.7081909179688
60,62,1002.64306640625,1024.374267578125
61,0,802.7302856445312,407.7847900390625
61,1,836.0416870117188,438.8689270019531
61,2,868.8123779296875,468.3255310058594
61,3,900.1857299804688,497.06402587890625
61,4,930.4874267578125,524.1589965820312
61,5,959.5783081054688,549.0872802734375
61,6,987.3071899414062,573.1104736328125
61,7,1014.173828125,595.582275390625
61,8,1038.61865234375,616.465087890625
61,9,775.992431640625,426.1463317871094
61,10,809.0087890625,454.7200927734375
61,11,841.2797241210938,482.055419921875
61,12,872.1988525390625,509.0248107910156
61,13,901.91943359375,535.4661865234375
61,14,930.4341430664062,560.0284423828125
61,15,958.8677368164062,583.3662719726562
61,16,984.3060302734375,604.0393676757812
61,17,1009.5081176757812,624.5545043945312
61,18,752.8988037109375,440.7529296875
61,19,785.0099487304688,467.5702819824219
61,20,816.2678833007812,494.26556396484375
61,21,845.9878540039062,520.1663208007812
61,22,875.4596557617188,544.6944580078125
61,23,903.2179565429688,567.4290161132812
61,24,930.3644409179688,591.2847290039062
61,25,954.8844604492188,612.6316528320312
61,26,981.560546875,632.2357788085938
61,27,732.1107177734375,453.47998046875
61,28,763.0,479.8663635253906
61,29,792.9032592773438,505.86712646484375
61,30,822.183349609375,530.7696533203125
61,31,850.6517944335938,553.9144897460938
61,32,878.6228637695312,577.088623046875
61,35,955.2132568359375,639.383056640625
61,36,712.2588500976562,466.5582580566406
61,37,742.0879516601562,491.8528747558594
61,38,771.4639892578125,516.44921875
61,39,799.2721557617188,540.7645263671875
61,40,827.7605590820312,564.11083984375
61,41,854.2355346679688,586.1936645507812
61,45,694.3060302734375,478.4690856933594
61,46,723.264892578125,502.7190246582031
61,47,751.9268798828125,526.1739501953125
61,48,779.4146118164062,549.2843627929688
61,49,805.7666625976562,572.0839233398438
61,50,833.1095581054688,593.1091918945312
61,54,677.4712524414062,489.9775085449219
61,55,705.2220458984375,513.35888671875
61,56,732.9681396484375,536.119384765625
61,57,760.0,557.878662109375
61,58,786.8633422851562,579.2504272460938
61,59,811.9478149414062,600.4605712890625
62,0,782.3695068359375,230.53257751464844
62,1,818.20361328125,259.55999755859375
62,2,853.6000366210938,286.95703125
62,3,887.7217407226562,314.1937561035156
62,4,920.6171875,340.5774841308594
62,5,952.3790283203125,365.7904052734375
62,6,982.25,389.9863586425781
62,7,1011.1096801757812,413.1708679199219
62,8,1038.0316162109375,435.4123840332031
62,9,755.37158203125,258.1681823730469
62,10,790.9418334960938,284.7112121582031
62,11,825.804931640625,310.45367431640625
62,12,859.2647705078125,336.15289306640625
62,13,891.7271728515625,361.838134765625
62,14,922.818603515625,386.1831970214844
62,15,952.6630859375,409.4741516113281
62,16,981.3414916992188,431.14910888671875
62,17,1008.703369140625,452.19158935546875
62,18,731.5365600585938,282.447021484375
62,19,766.3394165039062,307.14666748046875
62,20,800.0651245117188,332.1839294433594
62,21,832.8463134765625,356.6697692871094
62,22,864.825439453125,380.6889343261719
62,23,895.2444458007812,404.06085205078125
62,24,924.7734375,426.9599609375
62,25,953.4080810546875,448.6939392089844
62,26,980.3864135742188,468.6490783691406
62,27,709.8645629882812,304.59051513671875
62,28,743.33984375,328.9016418457031
62,29,776.24365234375,352.9976501464844
62,30,808.1452026367188,376.5306701660156
62,31,839.4119873046875,399.593505859375
62,32,869.6358642578125,421.743896484375
62,33,898.6178588867188,443.2993469238281
62,34,926.8164672851562,464.2945556640625
62,35,953.502685546875,484.39764404296875
62,36,689.124755859375,326.748291015625
62,37,721.7166748046875,349.9715881347656
62,38,753.8531494140625,372.92352294921875
62,39,784.8255004882812,395.7921142578125
62,40,815.5045166015625,418.01788330078125
62,41,845.0791015625,439.3665466308594
62,42,873.749755859375,459.9913024902344
62,43,902.0961303710938,480.1545104980469
62,44,928.2597045898438,498.9646911621094
62,45,670.252197265625,347.38287353515625
62,46,702.0840454101562,369.54083251953125
62,47,733.2476196289062,391.27435302734375
62,48,763.6129760742188,413.14825439453125
62,49,793.3983154296875,434.4937744140625
62,50,822.5762329101562,454.8797912597656
62,51,850.9248046875,474.8913269042969
62,52,878.103515625,494.2221984863281
62,53,904.7315063476562,511.7437744140625
62,54,652.58447265625,367.2449645996094
62,55,683.3101196289062,388.7213134765625
62,56,713.6159057617188,409.7530822753906
62,57,743.5670166015625,429.9066467285156
62,58,772.9234008789062,450.136962890625
62,59,801.0130615234375,470.58209228515625
62,60,828.9874877929688,489.3155517578125
62,61,855.4675903320312,507.7468566894531
62,62,881.979248046875,525.40625
63,0,622.7901611328125,678.1781005859375
63,1,664.74658203125,684.3436889648438
63,2,708.6553344726562,691.0759887695312
63,3,754.2472534179688,696.8167724609375
63,4,801.8935546875,703.3765869140625
63,5,850.4884033203125,709.1427612304688
63,6,900.3405151367188,715.0955810546875
63,7,951.2547607421875,721.1080932617188
63,8,1002.3499145507812,727.433837890625
63,9,606.801513671875,718.3408813476562
63,10,649.4769287109375,725.3096923828125
63,11,694.3648681640625,732.013671875
63,12,740.8410034179688,739.0066528320312
63,13,789.4198608398438,745.1646118164062
63,14,839.5845947265625,751.4180297851562
63,15,891.1381225585938,758.0777587890625
63,16,943.8947143554688,765.2716064453125
63,17,996.955810546875,771.274658203125
63,18,590.7376708984375,760.7337646484375
63,19,633.9526977539062,768.1588745117188
63,20,679.1683349609375,775.5524291992188
63,21,726.8742065429688,782.8660278320312
63,22,776.9412231445312,790.6810913085938
63,23,828.4373779296875,797.8324584960938
63,24,881.4421997070312,804.647216796875
63,25,935.797119140625,811.2494506835938
63,26,990.8646240234375,818.64794921875
63,27,573.0271606445312,803.220458984375
63,28,617.4508666992188,812.3798828125
63,29,663.8333740234375,820.7666015625
63,30,712.32666015625,829.4161376953125
63,31,763.7343139648438,838.0470581054688
63,32,816.820068359375,846.3458862304688
63,33,871.2490234375,853.6456298828125
63,34,927.5691528320312,861.3304443359375
63,35,984.3375244140625,867.97998046875
63,36,554.4573974609375,847.248291015625
63,37,599.8601684570312,858.02783203125
63,38,647.6683349609375,868.6607666015625
63,39,697.3544921875,877.990234375
63,40,750.110107421875,887.81396484375
63,41,804.3309936523438,896.8048095703125
63,42,860.6785888671875,905.8470458984375
63,43,918.5152587890625,913.4339599609375
63,44,977.517822265625,921.2236328125
63,45,536.1823120117188,893.685791015625
63,46,582.6593017578125,905.9552612304688
63,47,631.395263671875,917.8948974609375
63,48,682.2924194335938,929.0523071289062
63,49,736.32275390625,939.9510498046875
63,50,792.2792358398438,950.4774169921875
63,51,849.832275390625,959.6546630859375
63,52,909.572021484375,968.9729614257812
63,53,970.0018310546875,976.3444213867188
63,54,518.7076416015625,942.5523071289062
63,55,564.8126220703125,955.4589233398438
63,56,614.5050659179688,968.818115234375
63,57,667.0755615234375,981.9525146484375
63,58,722.3329467773438,994.419677734375
63,59,779.2955932617188,1005.5126342773438
63,60,838.8333129882812,1016.4439086914062
63,61,899.959716796875,1025.89453125
63,62,962.1487426757812,1034.630126953125
64,0,807.5722045898438,478.72747802734375
64,1,841.8783569335938,507.97747802734375
64,2,875.53125,535.3787231445312
64,3,907.6923828125,562.1218872070312
64,4,939.420654296875,587.3056030273438
64,7,1025.9912109375,653.0787353515625
64,8,1051.3858642578125,672.1431884765625
64,9,784.0574340820312,493.6695861816406
64,10,817.9714965820312,520.239501953125
64,11,850.96337890625,545.78076171875
64,12,882.7015991210938,570.8578491210938
64,13,913.6777954101562,595.471923828125
64,17,1024.7254638671875,677.826171875
64,18,764.1989135742188,504.6707763671875
64,19,796.996826171875,529.7313842773438
64,20,828.7470703125,554.6726684570312
64,21,859.2228393554688,578.649658203125
64,22,889.6209106445312,601.4342041015625
64,26,997.9459228515625,682.59716796875
64,27,746.2610473632812,514.134521484375
64,28,777.7301025390625,538.63134765625
64,29,808.0853881835938,562.9287719726562
64,30,838.0543823242188,586.3148193359375
64,31,866.9138793945312,608.3328247070312
64,35,974.338623046875,687.2000122070312
64,36,729.240478515625,523.9115600585938
64,37,759.5176391601562,547.517822265625
64,38,789.0765991210938,570.6751098632812
64,39,817.5907592773438,593.2319946289062
64,40,846.1041259765625,615.230224609375
64,45,714.006103515625,532.706787109375
64,46,743.122802734375,555.4332275390625
64,47,771.7161865234375,577.2611694335938
64,48,799.601806640625,599.2218017578125
64,49,826.0996704101562,620.4376220703125
64,54,699.3926391601562,541.3162841796875
64,55,727.259521484375,563.3316040039062
64,56,755.2816772460938,584.7975463867188
64,57,782.4636840820312,604.8975830078125
64,58,809.3807373046875,625.1102905273438
65,0,698.2257690429688,760.5811157226562
65,1,734.7543334960938,764.2459716796875
65,2,772.5108032226562,767.8348388671875
65,3,810.5045776367188,771.1542358398438
65,4,849.7141723632812,774.7894287109375
65,5,888.7181396484375,777.7573852539062
65,6,928.3220825195312,780.9723510742188
65,7,967.68115234375,783.7762451171875
65,8,1007.3148803710938,786.2223510742188
65,9,688.6534423828125,790.5115966796875
65,10,726.2694702148438,794.7496948242188
65,11,764.879638671875,798.300537109375
65,12,804.2344360351562,801.407470703125
65,13,844.3264770507812,804.67236328125
65,14,884.814697265625,807.7302856445312
65,15,925.5489501953125,811.0634155273438
65,16,966.640625,814.4991455078125
65,17,1007.4083251953125,816.928955078125
65,18,679.1669921875,822.9094848632812
65,19,717.4501953125,826.9849243164062
65,20,757.021728515625,830.1151733398438
65,21,797.2991943359375,833.4774780273438
65,22,839.0081787109375,837.4927368164062
65,23,880.708740234375,840.9508666992188
65,24,922.7262573242188,843.7695922851562
65,25,965.1563720703125,846.5789184570312
65,26,1007.230712890625,849.4832153320312
65,27,668.5221557617188,855.228271484375
65,28,708.2069702148438,859.7029418945312
65,29,748.81103515625,863.6395874023438
65,30,790.472412109375,867.6995239257812
65,31,833.248779296875,871.7450561523438
65,32,876.2777709960938,875.5205688476562
65,33,919.757568359375,878.3052368164062
65,34,963.78515625,881.2219848632812
65,35,1007.226806640625,883.372802734375
65,36,657.3088989257812,888.4205932617188
65,37,698.2079467773438,894.105224609375
65,38,740.423583984375,899.3239135742188
65,39,783.1007690429688,903.279541015625
65,40,827.368408203125,907.633544921875
65,41,871.7550659179688,911.303955078125
65,42,917.052734375,914.8282470703125
65,43,961.89501953125,917.2706909179688
65,44,1007.2631225585938,920.0651245117188
65,45,645.8226318359375,923.3951416015625
65,46,688.115234375,929.99755859375
65,47,731.4503784179688,936.0330810546875
65,48,775.7985229492188,941.236083984375
65,49,821.1830444335938,945.760009765625
65,50,867.2907104492188,949.9771118164062
65,51,913.561767578125,953.1950073242188
65,52,960.4929809570312,956.3963012695312
65,53,1007.1367797851562,958.7429809570312
65,54,633.9688110351562,960.2315673828125
65,55,677.0487670898438,966.8651123046875
65,56,721.8434448242188,973.3026123046875
65,57,767.8740844726562,979.85595703125
65,58,814.77197265625,985.4537963867188
65,59,862.26318359375,989.5543212890625
65,60,910.4415283203125,993.511474609375
65,61,958.803466796875,996.2762451171875
65,62,1007.2446899414062,998.2018432617188
66,0,665.6568603515625,756.0995483398438
66,1,703.8567504882812,762.081298828125
66,2,743.2445678710938,768.2901611328125
66,3,783.429931640625,773.5673217773438
66,4,824.838623046875,779.5216064453125
66,5,866.2200927734375,784.9462280273438
66,6,908.1975708007812,790.0377807617188
66,7,950.3212280273438,795.2368774414062
66,8,992.3352661132812,800.6121215820312
66,9,654.5670166015625,791.4860229492188
66,10,693.7147827148438,797.8387451171875
66,11,733.8997192382812,803.9241943359375
66,12,774.96435546875,809.9734497070312
66,13,817.229736328125,815.5316162109375
66,14,859.8655395507812,821.1820678710938
66,15,903.0625,826.8751220703125
66,16,946.427490234375,832.6438598632812
66,17,989.7930908203125,837.44140625
66,18,643.4830932617188,828.3854370117188
66,19,683.2169189453125,835.0567626953125
66,20,724.2943725585938,841.5233764648438
66,21,766.2173461914062,847.54443359375
66,22,809.742431640625,854.36083984375
66,23,853.5529174804688,860.4205322265625
66,24,897.809326171875,865.8377075195312
66,25,942.2161865234375,871.170166015625
66,26,986.9020385742188,876.69775390625
66,27,631.7109375,866.0238037109375
66,28,672.704833984375,873.5927734375
66,29,714.35205078125,880.6668701171875
66,30,757.3460693359375,887.3760375976562
66,31,801.9625854492188,894.1867065429688
66,32,846.8077392578125,900.9418334960938
66,33,892.2081909179688,906.616943359375
66,34,938.1592407226562,912.1106567382812
66,35,983.8424072265625,916.7701416015625
66,36,619.1602172851562,904.0477294921875
66,37,661.0624389648438,912.9053344726562
66,38,704.4342041015625,921.3871459960938
66,39,748.3646240234375,928.3804321289062
66,40,794.1947631835938,935.8006591796875
66,41,839.7749633789062,942.3445434570312
66,42,886.7151489257812,948.9506225585938
66,43,933.689208984375,954.1190795898438
66,44,980.7095947265625,959.1072998046875
66,45,606.7965698242188,944.0550537109375
66,46,649.8565063476562,953.6220092773438
66,47,693.931640625,962.5294189453125
66,48,739.2850952148438,971.0046997070312
66,49,785.8904418945312,978.72314453125
66,50,833.259033203125,985.8026123046875
66,51,880.7344970703125,991.6300048828125
66,52,929.1996459960938,997.5662231445312
66,53,977.4244384765625,1002.2465209960938
66,54,594.8028564453125,986.0370483398438
66,55,638.216064453125,995.8347778320312
66,56,683.323974609375,1005.2564086914062
66,57,729.84130859375,1014.4557495117188
66,58,777.48828125,1022.8323974609375
66,59,825.8021240234375,1029.6226806640625
66,60,875.0181884765625,1036.7197265625
66,61,924.3810424804688,1042.032958984375
66,62,974.2401123046875,1047.216552734375
67,2,915.2061767578125,906.3571166992188
67,3,946.1423950195312,914.1446533203125
67,4,978.0276489257812,922.331787109375
67,5,1010.3829956054688,929.6119995117188
67,6,1043.448974609375,936.7559814453125
67,7,1077.156494140625,943.8707275390625
67,8,1111.304443359375,950.2647094726562
67,9,840.7666015625,904.1649780273438
67,10,870.8831176757812,913.572021484375
67,11,901.2885131835938,922.4899291992188
67,12,933.7572631835938,930.139404296875
67,13,966.5317993164062,937.672607421875
67,14,999.970703125,945.1198120117188
67,15,1034.070556640625,953.236328125
67,16,1068.9139404296875,961.4166870117188
67,17,1104.2772216796875,968.4041137695312
67,19,854.9046630859375,930.1661987304688
67,20,887.4248046875,938.2164306640625
67,21,919.96484375,946.7427978515625
67,22,954.0494384765625,955.1109008789062
67,23,988.503662109375,963.317626953125
67,24,1023.9431762695312,971.0105590820312
67,25,1060.0491943359375,979.2166137695312
67,26,1096.5550537109375,987.5867919921875
67,28,839.4789428710938,946.0827026367188
67,29,871.7177734375,955.0068359375
67,30,905.7695922851562,963.8211059570312
67,31,940.5942993164062,973.0675659179688
67,32,976.4340209960938,982.0157470703125
67,33,1012.9005126953125,990.6238403320312
67,34,1050.3740234375,998.9899291992188
67,35,1088.303955078125,1007.0428466796875
67,36,789.9896850585938,952.325927734375
67,37,822.07861328125,962.4348754882812
67,38,855.6534423828125,972.6580810546875
67,39,890.1556396484375,982.044189453125
67,40,926.3171997070312,991.6617431640625
67,41,963.0716552734375,1000.9893188476562
67,42,1000.980224609375,1010.6810913085938
67,43,1039.9327392578125,1019.7682495117188
67,44,1079.4686279296875,1028.5723876953125
67,45,770.6882934570312,968.3291625976562
67,46,803.6546630859375,980.0517578125
67,47,837.98193359375,991.1761474609375
67,48,873.6494750976562,1001.8941650390625
67,49,910.8005981445312,1012.2313232421875
67,50,948.9901123046875,1022.7997436523438
67,51,988.11376953125,1032.820556640625
67,52,1028.6407470703125,1042.787353515625
67,53,1069.5631103515625,1052.2984619140625
67,55,783.6388549804688,996.8184204101562
67,56,819.1404418945312,1008.9131469726562
67,57,855.7874755859375,1021.9149780273438
67,58,894.2117309570312,1033.81689453125
67,59,933.5870361328125,1044.4114990234375
67,60,974.3521728515625,1056.0484619140625
67,61,1016.1176147460938,1066.6871337890625
67,62,1058.8642578125,1076.427978515625
68,0,722.8690185546875,815.9779052734375
68,1,759.0151977539062,825.914306640625
68,2,795.99853515625,835.65869140625
68,3,833.435302734375,844.47412109375
68,8,1025.6839599609375,885.463623046875
68,9,710.1068725585938,830.898193359375
68,10,747.8758544921875,840.8264770507812
68,11,786.3634643554688,850.7179565429688
68,12,825.7680053710938,859.5636596679688
68,13,865.848388671875,868.2379760742188
68,14,906.1703491210938,876.6748657226562
68,15,946.3217163085938,885.4598388671875
68,16,986.7605590820312,894.3379516601562
68,17,1027.01318359375,902.093994140625
68,18,696.7326049804688,846.204833984375
68,19,735.8361206054688,857.0040893554688
68,20,776.1585083007812,866.3343505859375
68,21,817.0028686523438,875.7747192382812
68,22,859.0466918945312,885.31396484375
68,23,901.2540283203125,894.302734375
68,24,943.5806884765625,902.606689453125
68,25,986.0264282226562,911.2590942382812
68,26,1027.9356689453125,919.8854370117188
68,27,682.1739501953125,859.0000610351562
68,28,723.1369018554688,871.641845703125
68,29,765.0595703125,882.9514770507812
68,30,808.0955200195312,892.9344482421875
68,31,851.9220581054688,903.0548095703125
68,32,896.05810546875,912.7826538085938
68,33,940.46728515625,921.6460571289062
68,34,985.1053466796875,930.298095703125
68,35,1029.1279296875,938.2831420898438
68,36,666.6029052734375,874.0036010742188
68,41,890.473388671875,932.0835571289062
68,42,937.2952270507812,941.9185180664062
68,43,984.193359375,950.7698364257812
68,44,1030.932861328125,959.2868041992188
69,0,849.6580200195312,705.8505249023438
69,1,887.7135620117188,714.7737426757812
69,2,926.3380737304688,724.1994018554688
69,3,965.2634887695312,732.7000732421875
69,4,1004.6556396484375,741.9188232421875
69,5,1044.0008544921875,750.205322265625
69,6,1083.0115966796875,758.716064453125
69,7,1121.6363525390625,766.7677612304688
69,8,1159.7740478515625,775.0477905273438
69,9,838.6846923828125,741.3076171875
69,10,877.4715576171875,750.6176147460938
69,11,916.8477172851562,759.4407348632812
69,12,956.5174560546875,768.8349609375
69,13,996.9567260742188,777.284912109375
69,14,1037.0498046875,786.0333862304688
69,15,1076.9754638671875,794.4619140625
69,16,1116.4422607421875,803.1220092773438
69,17,1155.56884765625,811.0130004882812
69,18,827.5162353515625,777.6774291992188
69,19,866.8295288085938,787.0443115234375
69,20,907.1033935546875,796.5731201171875
69,21,947.6676025390625,805.949462890625
69,22,988.610107421875,815.1425170898438
69,23,1029.5242919921875,823.8058471679688
69,24,1070.32470703125,832.241455078125
69,25,1111.0943603515625,840.1998901367188
69,26,1150.8685302734375,848.5311279296875
69,27,815.8204345703125,814.7575073242188
69,28,856.0554809570312,824.6210327148438
69,29,896.8209228515625,834.0584716796875
69,30,938.201171875,843.7174682617188
69,31,980.1605224609375,853.043701171875
69,32,1021.9690551757812,862.282958984375
69,33,1063.613525390625,870.726806640625
69,34,1105.3212890625,878.982177734375
69,35,1146.2259521484375,886.5296020507812
69,36,803.40185546875,852.0062255859375
69,37,844.4229736328125,862.2765502929688
69,38,886.27490234375,872.433349609375
69,39,928.592041015625,882.2420654296875
69,40,971.7711791992188,892.0911865234375
69,41,1014.1165771484375,901.1981201171875
69,42,1056.935546875,910.27197265625
69,43,1099.191650390625,918.5389404296875
69,44,1141.0567626953125,926.5529174804688
69,45,790.8856811523438,890.2049560546875
69,46,832.8515014648438,901.4033813476562
69,47,875.5177612304688,912.2359008789062
69,48,918.7435302734375,922.7992553710938
69,49,962.1917724609375,932.6062622070312
69,50,1005.8961791992188,942.540283203125
69,51,1049.16357421875,950.9918212890625
69,52,1092.5938720703125,959.816162109375
69,53,1134.839599609375,967.1403198242188
69,54,778.5745849609375,930.496826171875
69,55,820.8584594726562,942.0099487304688
69,56,864.427978515625,953.4843139648438
69,57,908.2635498046875,964.1356201171875
69,58,952.9220581054688,974.8967895507812
69,59,997.0130615234375,984.2715454101562
69,60,1041.2901611328125,993.6288452148438
69,61,1085.10107421875,1001.6224365234375
69,62,1128.4942626953125,1009.6854858398438
70,0,639.5370483398438,678.5614624023438
70,1,682.15185546875,684.8790283203125
70,2,726.9515991210938,691.736328125
70,3,773.1096801757812,697.6104125976562
70,4,821.3638305664062,704.5537719726562
70,5,870.711669921875,710.5504150390625
70,6,921.166748046875,716.5274047851562
70,7,972.650634765625,722.6747436523438
70,8,1024.32763671875,729.1141357421875
70,9,623.1280517578125,718.262451171875
70,10,666.3489990234375,725.362548828125
70,11,711.9576416015625,732.4072265625
70,12,759.3623046875,739.3895874023438
70,13,808.7970581054688,745.5949096679688
70,14,859.7150268554688,752.2151489257812
70,15,912.092041015625,759.1815795898438
70,16,965.3590087890625,766.3966674804688
70,17,1019.0787353515625,772.653076171875
70,18,606.2373046875,760.0946044921875
70,19,650.2667236328125,767.8795776367188
70,20,696.4227905273438,775.564453125
70,21,745.063232421875,783.0093994140625
70,22,796.018798828125,791.0909423828125
70,23,848.6636962890625,798.3933715820312
70,24,902.3928833007812,805.3203125
70,25,957.6170654296875,812.1593017578125
70,26,1013.2947387695312,819.571533203125
70,27,587.650634765625,802.5286254882812
70,28,632.85302734375,811.9092407226562
70,29,680.2017211914062,820.6448974609375
70,30,730.166748046875,829.39697265625
70,31,782.4793090820312,838.015380859375
70,32,836.644775390625,846.8226318359375
70,33,892.068359375,854.2346801757812
70,34,949.64306640625,862.08642578125
70,35,1007.1968994140625,868.8258666992188
70,36,567.9306640625,846.2645263671875
70,37,614.399169921875,857.3892822265625
70,38,663.3360595703125,868.2483520507812
70,39,714.35400390625,878.0469360351562
70,40,768.2501220703125,888.0137939453125
70,41,823.7959594726562,897.2528076171875
70,42,881.4129638671875,906.5280151367188
70,43,940.2984008789062,914.2019653320312
70,44,1000.4904174804688,922.0330810546875
70,45,548.7267456054688,892.5958251953125
70,46,596.1769409179688,905.38330078125
70,47,646.156005859375,917.6173095703125
70,48,698.5076293945312,929.2677001953125
70,49,753.7792358398438,940.3112182617188
70,50,811.3399658203125,951.3154296875
70,51,870.2230224609375,960.7325439453125
70,52,931.5206909179688,970.0857543945312
70,53,993.0731201171875,977.8171997070312
70,54,529.5626220703125,941.78125
70,55,577.0602416992188,955.1312866210938
70,56,628.1787719726562,968.948974609375
70,57,682.1847534179688,982.6216430664062
70,58,739.0166625976562,995.4137573242188
70,59,797.60595703125,1006.80029296875
70,60,858.8839721679688,1018.24072265625
70,61,921.3694458007812,1027.5733642578125
70,62,985.3168334960938,1036.58251953125
71,0,738.6537475585938,765.437744140625
71,1,779.0317993164062,766.7034301757812
71,2,820.4716796875,767.8521118164062
71,6,998.9661254882812,767.9904174804688
71,7,1045.5953369140625,767.5628051757812
71,9,724.2416381835938,793.4210205078125
71,10,765.80712890625,795.0279541015625
71,11,808.698974609375,796.108154296875
71,14,946.34521484375,796.007568359375
71,15,994.55908203125,795.92333984375
71,16,1043.72607421875,796.3948974609375
71,17,1092.851318359375,796.1705932617188
71,18,708.9532470703125,823.1647338867188
71,19,751.48095703125,825.173583984375
71,20,795.9924926757812,826.18798828125
71,21,842.0467529296875,827.4682006835938
71,22,890.4373779296875,827.97900390625
71,23,939.5380859375,828.130126953125
71,24,990.0048217773438,827.2706909179688
71,25,1041.1900634765625,826.884033203125
71,26,1092.8681640625,827.369140625
71,27,691.5311279296875,853.2888793945312
71,28,735.5247802734375,855.3184204101562
71,29,781.564697265625,857.2190551757812
71,30,829.666015625,858.836181640625
71,31,880.1260986328125,860.488525390625
71,32,931.6544189453125,861.5321655273438
71,33,984.36767578125,861.5458984375
71,34,1038.739013671875,861.2374267578125
71,35,1092.7708740234375,860.798828125
71,36,672.2677612304688,883.5718383789062
71,37,717.6563720703125,886.7396240234375
71,38,765.5907592773438,889.7952270507812
71,39,815.7476196289062,892.3367309570312
71,40,868.4714965820312,894.8775024414062
71,41,922.3589477539062,896.5631103515625
71,42,978.4969482421875,898.0741577148438
71,43,1035.198974609375,898.5714111328125
71,44,1092.900146484375,898.8557739257812
71,45,651.5447998046875,916.9465942382812
71,46,699.143798828125,922.1749877929688
71,47,749.1024169921875,927.2509765625
71,48,801.375732421875,931.4525756835938
71,49,856.4124145507812,934.8392944335938
71,50,913.4873046875,938.1138305664062
71,51,971.7994995117188,939.7896118164062
71,52,1031.8875732421875,941.105224609375
71,53,1091.9102783203125,941.1566772460938
71,54,631.0455322265625,955.2041015625
71,55,679.2644653320312,961.38818359375
71,56,731.0673217773438,967.6092529296875
71,57,785.9888305664062,973.7959594726562
71,58,843.6138305664062,978.837158203125
71,59,902.9525756835938,981.9228515625
71,60,964.6121826171875,985.2203369140625
71,61,1027.7113037109375,986.7852172851562
71,62,1091.6280517578125,987.0590209960938
72,0,725.7817993164062,812.96533203125
72,1,760.802978515625,826.3946533203125
72,2,796.405517578125,839.7532958984375
72,3,832.6038818359375,852.1588134765625
72,4,869.13232421875,864.9986572265625
72,5,906.1142578125,876.951171875
72,6,942.99072265625,888.7335815429688
72,7,979.8486938476562,900.1867065429688
72,8,1016.7650756835938,910.8724975585938
72,9,711.529541015625,835.2222290039062
72,10,747.6347045898438,848.947509765625
72,11,784.5787353515625,862.3277587890625
72,12,822.1001586914062,875.2109985351562
72,13,860.4200439453125,887.7581787109375
72,14,898.75732421875,899.8143920898438
72,15,937.1181030273438,912.073486328125
72,16,975.2976684570312,924.501953125
72,17,1013.4672241210938,935.6561279296875
72,18,696.2359008789062,858.3291015625
72,19,733.7212524414062,872.7714233398438
72,20,772.0587158203125,886.259521484375
72,21,811.01611328125,899.5704345703125
72,22,850.6990966796875,912.9857788085938
72,23,890.595458984375,925.8351440429688
72,24,930.7846069335938,937.8994750976562
72,25,970.6780395507812,949.9095458984375
72,26,1010.1123046875,962.0552368164062
72,27,680.3400268554688,880.3709716796875
72,28,719.099853515625,896.4197387695312
72,29,758.7345581054688,911.395263671875
72,30,799.2374877929688,925.5603637695312
72,31,840.5723266601562,939.3955688476562
72,32,882.0252685546875,952.91357421875
72,33,923.4580078125,965.405517578125
72,34,965.4095458984375,978.0572509765625
72,35,1006.815185546875,989.6233520507812
72,36,663.2131958007812,904.927490234375
72,37,703.3380737304688,921.8751220703125
72,38,744.4584350585938,938.2177734375
72,39,786.5000610351562,952.7529907226562
72,40,829.8197021484375,967.6050415039062
72,41,872.8502197265625,981.5350952148438
72,42,916.2450561523438,995.0301513671875
72,43,959.9546508789062,1007.6914672851562
72,44,1003.11474609375,1019.9660034179688
72,45,644.921875,931.7371826171875
72,46,686.6187744140625,949.3060302734375
72,47,729.4273681640625,966.5812377929688
72,48,773.1695556640625,982.6792602539062
72,49,817.9130249023438,998.2747802734375
72,50,862.9387817382812,1013.1752319335938
72,51,908.22802734375,1026.7481689453125
72,52,953.6730346679688,1040.195068359375
72,53,998.4985961914062,1052.5675048828125
72,54,625.4772338867188,960.0284423828125
72,55,668.7656860351562,978.1798706054688
72,56,713.3390502929688,996.0169067382812
72,57,758.833984375,1013.963134765625
72,58,805.3292846679688,1030.831298828125
72,59,852.4188842773438,1045.72900390625
72,60,899.8096923828125,1060.8251953125
72,61,947.0009765625,1074.2666015625
72,62,994.463623046875,1086.528076171875
73,0,730.3875122070312,379.6925964355469
73,1,780.3700561523438,400.1482238769531
73,2,829.1432495117188,419.6581115722656
73,3,876.1178588867188,439.4477233886719
73,4,921.38720703125,457.73553466796875
73,5,964.3761596679688,474.589111328125
73,6,1004.7938842773438,490.5911865234375
73,7,1043.2125244140625,505.7560729980469
73,8,1079.025634765625,519.8953247070312
73,9,710.870361328125,415.59674072265625
73,10,759.2208862304688,433.5093688964844
73,11,806.4425659179688,450.569091796875
73,12,851.8579711914062,468.3983459472656
73,13,895.9932861328125,485.8075256347656
73,14,937.6651611328125,502.0150451660156
73,15,977.771240234375,516.7257690429688
73,16,1015.2932739257812,530.329833984375
73,17,1050.958740234375,543.5200805664062
73,18,694.1084594726562,445.9700012207031
73,19,740.4124145507812,462.2942810058594
73,20,785.825439453125,478.84722900390625
73,21,829.6929321289062,495.0783386230469
73,22,872.3502197265625,510.6939392089844
73,23,913.20361328125,525.7207641601562
73,24,952.1865234375,540.3971557617188
73,25,989.10107421875,554.0511474609375
73,26,1024.376953125,565.89404296875
73,27,679.0700073242188,472.8699035644531
73,28,723.794921875,488.8207092285156
73,29,767.2161865234375,504.5954284667969
73,30,809.4940185546875,520.0925903320312
73,31,850.9276733398438,534.4253540039062
73,32,890.4576416015625,548.5960083007812
73,33,928.8367919921875,561.956787109375
73,34,965.0184936523438,574.7926635742188
73,35,999.4122924804688,586.7521362304688
73,36,665.19140625,498.8397521972656
73,37,708.0489501953125,513.838134765625
73,38,749.9677124023438,528.5804443359375
73,39,790.8619384765625,543.371826171875
73,40,830.90185546875,557.6471557617188
73,41,869.7135009765625,570.6995239257812
73,42,906.4192504882812,583.1209716796875
73,43,942.6083984375,594.75830078125
73,44,976.1525268554688,606.220947265625
73,45,652.9972534179688,522.42626953125
73,46,694.1660766601562,536.34912109375
73,47,734.5120239257812,550.0811767578125
73,48,774.3099975585938,564.0165405273438
73,49,813.03857421875,577.2587890625
73,50,850.0643310546875,589.9827270507812
73,51,887.2921142578125,601.9315185546875
73,52,921.0809326171875,613.2100219726562
73,53,954.6884155273438,623.15869140625
73,54,641.8270263671875,544.3800659179688
73,55,681.2273559570312,558.0673217773438
73,56,720.4122314453125,571.285888671875
73,57,758.2330322265625,583.29052734375
73,58,796.1001586914062,596.0942993164062
73,59,833.0447998046875,608.2689208984375
73,60,867.156982421875,619.4425048828125
74,2,802.8527221679688,887.5103759765625
74,3,831.445068359375,896.9799194335938
74,4,862.71728515625,906.3552856445312
74,5,894.0103149414062,915.1150512695312
74,6,926.1061401367188,924.302490234375
74,7,959.0814819335938,933.3636474609375
74,8,993.1298828125,941.7304077148438
74,9,729.0758666992188,882.28759765625
74,10,756.8736572265625,892.9876708984375
74,11,784.7498168945312,903.3740234375
74,12,815.6686401367188,912.4822387695312
74,13,846.5064086914062,922.0385131835938
74,14,878.9645385742188,930.9385375976562
74,15,911.6870727539062,940.9694213867188
74,16,946.2538452148438,951.0697631835938
74,17,981.1090698242188,960.2757568359375
74,18,710.080078125,898.7494506835938
74,19,736.9519653320312,909.28271484375
74,20,767.5867309570312,918.6027221679688
74,21,798.1317749023438,928.4501342773438
74,22,830.0987548828125,938.8516845703125
74,23,862.7566528320312,948.9234008789062
74,24,896.9554443359375,958.8414306640625
74,25,932.099609375,969.2159423828125
74,26,968.3212280273438,979.9098510742188
74,27,688.5520629882812,914.2296752929688
74,28,718.3126831054688,924.37939453125
74,29,747.7340698242188,934.9446411132812
74,30,779.3202514648438,945.3990478515625
74,31,812.11083984375,956.3635864257812
74,32,845.8271484375,967.4625854492188
74,33,880.5965576171875,978.2018432617188
74,34,917.179931640625,989.0457763671875
74,35,954.6346435546875,999.6066284179688
74,36,668.0343017578125,928.45458984375
74,37,696.6806640625,940.2197875976562
74,38,727.2254028320312,952.0484619140625
74,39,759.0149536132812,963.0491943359375
74,40,792.6840209960938,974.6060180664062
74,41,827.0595092773438,986.2880249023438
74,42,863.3564453125,998.2640380859375
74,43,900.912109375,1009.8740844726562
74,44,939.6026611328125,1021.5302124023438
74,45,643.7284545898438,943.927734375
74,46,674.6117553710938,956.6221923828125
74,47,705.8812866210938,969.4844360351562
74,48,737.95263671875,982.1353759765625
74,49,772.07958984375,994.80029296875
74,50,807.7640991210938,1007.5331420898438
74,51,844.8338012695312,1020.099609375
74,52,883.4405517578125,1033.0557861328125
74,53,923.5178833007812,1045.827392578125
74,54,621.0874633789062,959.1270751953125
74,55,651.3104858398438,972.255615234375
74,56,682.17626953125,986.35791015625
74,57,715.1561889648438,1001.2715454101562
74,58,750.1845703125,1015.41650390625
74,59,786.5372924804688,1028.7906494140625
74,60,824.7145385742188,1043.0782470703125
74,61,864.6049194335938,1057.020751953125
74,62,905.9572143554688,1070.1444091796875
75,0,724.7275390625,796.75537109375
75,1,759.8695678710938,809.0238037109375
75,2,795.6297607421875,821.4144287109375
75,3,832.0703125,832.9443969726562
75,4,868.9436645507812,844.86962890625
75,5,906.0829467773438,856.0159912109375
75,6,943.04248046875,867.1399536132812
75,7,980.392578125,877.748291015625
75,8,1017.5951538085938,887.6006469726562
75,9,710.35302734375,821.9637451171875
75,10,746.5560302734375,834.7083740234375
75,11,783.5681762695312,847.0457763671875
75,12,821.1467895507812,859.0350952148438
75,13,859.50390625,870.5210571289062
75,14,898.086181640625,881.955078125
75,15,936.5106811523438,893.2745971679688
75,16,974.943359375,905.0586547851562
75,17,1013.3331909179688,915.2529907226562
75,18,695.2623901367188,848.3670043945312
75,19,732.5677490234375,861.8735961914062
75,20,770.7371826171875,874.2315063476562
75,21,809.6829833984375,886.6856079101562
75,22,849.334228515625,899.0217895507812
75,23,889.1882934570312,910.9287719726562
75,24,929.2509155273438,922.1572265625
75,25,969.3424072265625,933.5643310546875
75,26,1008.9490966796875,944.6786499023438
75,27,679.3179931640625,873.9802856445312
75,28,717.9747924804688,888.68994140625
75,29,757.2755126953125,902.4606323242188
75,30,797.5089111328125,915.6793823242188
75,31,838.6868286132812,928.5952758789062
75,32,879.9764404296875,941.0534057617188
75,33,921.2702026367188,952.4945068359375
75,34,963.1240234375,964.3385620117188
75,35,1004.2791137695312,975.0342407226562
75,36,662.4902954101562,901.9596557617188
75,37,702.322509765625,917.59130859375
75,38,743.1112670898438,932.6527709960938
75,39,784.618896484375,946.0264282226562
75,40,827.41259765625,959.7330932617188
75,41,870.1529541015625,972.7481689453125
75,42,913.2860717773438,985.2461547851562
75,43,956.5506591796875,996.8655395507812
75,44,999.4415283203125,1008.1575317382812
75,45,644.7800903320312,932.029296875
75,46,685.93798828125,948.2850341796875
75,47,728.0740966796875,964.2125854492188
75,48,771.0935668945312,979.0431518554688
75,49,815.2185668945312,993.3403930664062
75,50,859.6865844726562,1007.1096801757812
75,51,904.4017944335938,1019.7254638671875
75,52,949.2592163085938,1032.1002197265625
75,53,993.5802612304688,1043.2843017578125
75,54,626.1256103515625,963.6321411132812
75,55,668.6175537109375,980.238037109375
75,56,712.2532348632812,996.7484741210938
75,57,756.8064575195312,1013.2537841796875
75,58,802.466552734375,1028.791015625
75,59,848.7236328125,1042.59765625
75,60,894.8563232421875,1056.4501953125
75,61,941.5460815429688,1068.6800537109375
75,62,988.2406616210938,1080.1571044921875
76,0,722.9108276367188,572.3477172851562
76,1,756.7020263671875,579.2540283203125
76,2,791.0344848632812,587.0037231445312
76,3,826.0021362304688,593.9765625
76,4,861.0735473632812,601.6370849609375
76,5,896.5628051757812,608.7891235351562
76,6,931.9046020507812,615.8170776367188
76,7,967.266845703125,623.2659912109375
76,9,712.08544921875,590.0512084960938
76,10,746.9288330078125,597.3867797851562
76,11,782.6810302734375,604.9248046875
76,12,818.744384765625,611.9122924804688
76,13,855.3884887695312,618.935546875
76,14,892.255615234375,625.9468994140625
76,15,928.9695434570312,633.6368408203125
76,16,965.5089111328125,641.7197875976562
76,17,1001.9041137695312,649.108154296875
76,18,700.4376831054688,609.2120361328125
76,19,736.7322387695312,616.236083984375
76,20,773.6363525390625,623.5326538085938
76,21,810.9163818359375,631.107421875
76,22,849.0726318359375,638.8245239257812
76,23,887.2219848632812,646.2536010742188
76,24,925.5097045898438,653.2406005859375
76,25,963.5819702148438,660.9623413085938
76,26,1001.5938720703125,668.9019775390625
76,27,688.2137451171875,627.47314453125
76,28,725.8107299804688,635.4210205078125
76,29,764.0778198242188,643.1801147460938
76,30,802.866943359375,650.9077758789062
76,31,842.485595703125,659.1337890625
76,32,882.0618896484375,666.9895629882812
76,33,921.7168579101562,674.38720703125
76,34,961.8961181640625,681.9893188476562
76,35,1001.4114990234375,689.158447265625
76,36,675.0249633789062,645.220947265625
76,37,714.0562744140625,654.2135009765625
76,38,753.772705078125,663.2445678710938
76,39,794.2205200195312,671.400146484375
76,40,835.5003051757812,679.953857421875
76,41,876.7908325195312,688.190185546875
76,42,918.2041625976562,696.177734375
76,43,960.0130004882812,703.785400390625
76,44,1001.0042114257812,711.3960571289062
76,45,660.9830932617188,665.6270141601562
76,46,701.4495239257812,675.1192016601562
76,47,742.8189697265625,685.0266723632812
76,48,784.8607788085938,693.802490234375
76,49,827.8305053710938,702.8926391601562
76,50,870.9773559570312,711.654296875
76,51,914.3295288085938,719.63427734375
76,52,957.8693237304688,727.7986450195312
76,53,1001.0387573242188,735.7310180664062
76,54,645.9331665039062,688.6442260742188
76,55,687.9689331054688,697.9157104492188
76,56,730.9618530273438,707.817138671875
76,57,774.8671264648438,718.115966796875
76,58,819.7672119140625,727.6043701171875
76,59,864.9075927734375,736.00732421875
76,60,909.8873291015625,745.1771850585938
76,61,955.5470581054688,753.52685546875
76,62,1000.7191772460938,761.7206420898438
77,0,798.5169067382812,318.8683166503906
77,1,836.22607421875,346.2318420410156
77,4,942.9605712890625,424.7082824707031
77,5,976.1006469726562,448.2487487792969
77,6,1007.532470703125,470.8054504394531
77,7,1037.863525390625,492.2261657714844
77,8,1066.1162109375,512.5836181640625
77,9,773.1865234375,347.1816711425781
77,10,810.150146484375,372.42041015625
77,11,846.3316040039062,397.16192626953125
77,12,881.18798828125,421.601806640625
77,13,915.2189331054688,445.7933044433594
77,14,947.696533203125,468.4826354980469
77,15,979.0908203125,489.9089660644531
77,16,1009.0029907226562,509.93914794921875
77,17,1037.5419921875,529.2920532226562
77,18,750.8792114257812,371.5928955078125
77,19,786.934326171875,395.2357177734375
77,20,821.9949951171875,418.8824157714844
77,21,856.0208740234375,442.0228271484375
77,22,889.5135498046875,464.3613586425781
77,23,921.312744140625,486.12921142578125
77,24,952.1438598632812,507.2817687988281
77,25,981.9730224609375,527.104248046875
77,26,1010.1808471679688,545.610595703125
77,27,730.8807373046875,393.0835876464844
77,28,765.693359375,416.1820068359375
77,29,799.5387573242188,439.0195007324219
77,30,832.8095092773438,461.2284240722656
77,31,865.4896850585938,482.6041564941406
77,32,896.8142700195312,503.3331604003906
77,33,927.037841796875,523.2131958007812
77,34,956.3220825195312,542.540771484375
77,35,984.200927734375,560.6176147460938
77,36,712.1029052734375,414.2273864746094
77,37,745.7789916992188,436.2484130859375
77,38,778.8948364257812,457.9617919921875
77,39,811.013671875,479.57659912109375
77,40,842.7719116210938,500.3345642089844
77,41,873.68896484375,520.1796264648438
77,42,903.3140869140625,539.2562255859375
77,43,932.6607666015625,557.8724365234375
77,44,959.765869140625,575.1328735351562
77,45,694.9368896484375,433.84185791015625
77,46,727.753173828125,454.73785400390625
77,47,759.9177856445312,475.150634765625
77,48,791.2186279296875,495.897216796875
77,49,822.0450439453125,516.0979614257812
77,50,852.0603637695312,534.9103393554688
77,51,882.3287353515625,553.5498046875
77,52,909.6223754882812,571.162109375
77,53,937.4921875,587.936767578125
77,54,678.8920288085938,452.26318359375
77,55,710.5491333007812,472.7247009277344
77,56,741.8343505859375,492.6160583496094
77,57,772.5254516601562,511.40582275390625
77,58,802.8099975585938,530.501220703125
77,59,831.8743896484375,549.617919921875
77,60,860.3272094726562,566.9195556640625
77,61,887.5968017578125,584.0408325195312
77,62,915.1856689453125,600.2884521484375
78,0,725.801025390625,816.95263671875
78,1,760.8676147460938,830.3607177734375
78,2,796.447265625,843.6885375976562
78,3,832.7655029296875,856.058837890625
78,4,869.5897827148438,868.8585205078125
78,5,906.5362548828125,880.5592651367188
78,6,943.6129760742188,892.1698608398438
78,7,980.6250610351562,903.6075439453125
78,8,1017.51318359375,914.217041015625
78,9,711.7425537109375,837.3512573242188
78,10,748.083984375,851.0978393554688
78,11,785.1224365234375,864.5289916992188
78,12,822.8434448242188,877.3828125
78,13,861.4075927734375,889.7562866210938
78,14,900.098388671875,901.6819458007812
78,15,938.5228881835938,913.8436279296875
78,16,976.9263305664062,926.2442626953125
78,17,1015.1612548828125,937.2230224609375
78,18,696.6976318359375,858.8001708984375
78,19,734.4163818359375,873.2724609375
78,20,773.0875854492188,886.6317749023438
78,21,812.249267578125,899.8483276367188
78,22,852.313232421875,913.2106323242188
78,23,892.488037109375,925.9171752929688
78,24,932.8093872070312,937.85986328125
78,25,973.0957641601562,949.9994506835938
78,26,1012.85498046875,961.9032592773438
78,27,681.06298828125,878.8978271484375
78,28,720.1289672851562,894.8997802734375
78,29,760.2203369140625,909.8486938476562
78,30,801.0061645507812,923.9703979492188
78,31,842.8265380859375,937.90771484375
78,32,884.5126342773438,951.334716796875
78,33,926.6441040039062,963.933349609375
78,34,968.7490844726562,976.1859130859375
78,35,1010.3392944335938,987.6500854492188
78,36,664.1812133789062,901.5035400390625
78,37,704.7177124023438,918.3050537109375
78,38,746.207275390625,934.8139038085938
78,39,788.8685302734375,949.4667358398438
78,40,832.5018310546875,964.0618896484375
78,41,876.139404296875,977.830322265625
78,42,920.0997314453125,991.5045166015625
78,43,964.0572509765625,1003.8804321289062
78,44,1007.755126953125,1016.1541137695312
78,45,646.049560546875,926.0311279296875
78,46,688.1849365234375,943.9141845703125
78,47,731.4759521484375,961.2145385742188
78,48,775.9058227539062,977.3797607421875
78,49,821.2218017578125,993.0270385742188
78,50,866.966796875,1007.9525146484375
78,51,912.8496704101562,1021.443603515625
78,52,958.9561767578125,1034.9459228515625
78,53,1004.3344116210938,1047.19189453125
78,54,626.3735961914062,952.5667114257812
78,55,670.38330078125,970.741943359375
78,56,715.7918090820312,988.6715087890625
78,57,761.8942260742188,1006.7269287109375
78,58,809.2455444335938,1023.7923583984375
78,59,857.1583251953125,1038.5775146484375
78,60,905.3020629882812,1053.878662109375
78,61,953.4139404296875,1067.3502197265625
78,62,1001.3872680664062,1079.54541015625
79,19,725.5869750976562,659.1231689453125
79,31,824.9407958984375,699.246826171875
79,40,817.8336791992188,712.56103515625
79,41,857.1329956054688,722.69482421875
79,44,976.3756713867188,750.4490356445312
79,48,768.847412109375,716.5870361328125
79,49,809.9243774414062,727.5582275390625
79,50,850.915283203125,737.9984130859375
79,51,892.4115600585938,747.7787475585938
79,52,934.3087158203125,757.5777587890625
79,53,975.5852661132812,767.1666870117188
79,54,636.2208251953125,696.6474609375
79,55,675.6947631835938,707.8740234375
79,56,716.8264770507812,719.64208984375
79,57,758.6776123046875,731.8235473632812
79,58,801.0971069335938,743.259033203125
79,59,844.161865234375,753.5037841796875
79,60,887.7816772460938,764.5726928710938
79,61,931.6133422851562,774.9171142578125
79,62,975.4341430664062,784.797607421875
80,0,801.8963012695312,313.8880310058594
80,1,839.1484985351562,341.2976989746094
80,2,875.365966796875,368.4338684082031
80,3,910.387451171875,395.294677734375
80,4,944.5624389648438,420.55279541015625
80,5,977.317138671875,444.2453918457031
80,6,1008.3449096679688,466.9217834472656
80,7,1038.2578125,488.3991394042969
80,8,1066.1392822265625,508.96051025390625
80,9,776.1563110351562,341.69134521484375
80,10,812.6743774414062,367.2379150390625
80,11,848.5664672851562,392.2124328613281
80,12,883.0345458984375,416.8678283691406
80,13,916.6589965820312,441.1163635253906
80,14,948.662109375,464.01556396484375
80,15,979.6973876953125,485.68304443359375
80,16,1009.1375732421875,505.8216857910156
80,17,1037.1446533203125,525.1796875
80,18,753.184326171875,365.9885559082031
80,19,789.0057373046875,389.9295654296875
80,20,823.8623657226562,413.75128173828125
80,21,857.5250244140625,437.0052490234375
80,22,890.5650024414062,459.52545166015625
80,23,922.0636596679688,481.21038818359375
80,24,952.5390625,502.7188720703125
80,25,982.2184448242188,522.6903076171875
80,26,1009.7416381835938,541.2299194335938
80,27,732.810546875,387.28875732421875
80,28,767.4129638671875,410.63031005859375
80,29,801.081298828125,433.62042236328125
80,30,833.9267578125,456.065185546875
80,31,866.4046020507812,477.6482238769531
80,32,897.31982421875,498.3179016113281
80,33,927.184326171875,518.2095336914062
80,34,956.157470703125,537.7938842773438
80,35,983.848388671875,556.3544921875
80,36,713.588134765625,408.25994873046875
80,37,747.0599365234375,430.4422302246094
80,38,779.9657592773438,452.34210205078125
80,39,811.8056640625,474.0914001464844
80,40,843.3663330078125,495.00152587890625
80,41,873.8544921875,514.9020385742188
80,42,903.2141723632812,534.132080078125
80,43,932.3198852539062,552.868896484375
80,44,959.0603637695312,570.2173461914062
80,45,696.2501220703125,427.5258483886719
80,46,728.666259765625,448.74664306640625
80,47,760.5706787109375,469.3343811035156
80,48,791.7286376953125,490.18658447265625
80,49,822.1796264648438,510.4092712402344
80,50,852.1719360351562,529.456298828125
80,51,881.4298706054688,548.1549072265625
80,52,908.9454345703125,565.9789428710938
80,53,936.0113525390625,582.8089599609375
80,54,679.8816528320312,445.88592529296875
80,55,711.107177734375,466.4324645996094
80,56,742.2913208007812,486.50616455078125
80,57,772.9434204101562,505.5539245605469
80,58,802.7628173828125,524.8538818359375
80,59,831.22509765625,543.78857421875
80,60,859.926025390625,561.413818359375
80,61,887.18701171875,578.38037109375
80,62,914.1317749023438,595.0067138671875
81,0,872.3740234375,830.611572265625
81,1,901.0919799804688,843.5800170898438
81,2,930.384521484375,856.5868530273438
81,3,960.5223999023438,869.1498413085938
81,4,991.3544311523438,882.1736450195312
81,5,1022.6585083007812,894.2445678710938
81,6,1054.2822265625,906.6525268554688
81,7,1086.4859619140625,918.7101440429688
81,8,1119.1005859375,930.25048828125
81,9,856.156494140625,850.6445922851562
81,10,885.3316650390625,864.3461303710938
81,11,915.3211669921875,877.7744750976562
81,12,946.1474609375,890.5209350585938
81,13,977.90966796875,903.1209716796875
81,14,1010.122314453125,915.8670043945312
81,15,1042.5308837890625,928.9297485351562
81,16,1075.6104736328125,942.1025390625
81,17,1108.9425048828125,954.3551635742188
81,18,838.8966674804688,872.376953125
81,19,868.6741333007812,886.0778198242188
81,20,899.445556640625,899.1224975585938
81,21,930.95263671875,912.5811157226562
81,22,963.5018920898438,926.12890625
81,23,996.4490356445312,939.538818359375
81,24,1030.0291748046875,952.6422729492188
81,25,1064.1273193359375,966.0842895507812
81,26,1098.325439453125,979.6236572265625
81,27,820.8298950195312,893.909912109375
81,28,851.29736328125,907.6221923828125
81,29,882.6287841796875,921.5784912109375
81,30,915.0081176757812,935.3229370117188
81,31,948.3572387695312,949.8463745117188
81,32,982.1648559570312,964.0020141601562
81,33,1016.5582275390625,977.9244384765625
81,34,1051.7587890625,991.7598876953125
81,35,1086.98095703125,1005.252685546875
81,36,801.9354248046875,914.9173583984375
81,37,833.017578125,929.97314453125
81,38,864.9830932617188,944.976806640625
81,39,898.038330078125,959.3965454101562
81,40,932.170166015625,974.3031005859375
81,41,966.8910522460938,989.1868286132812
81,42,1002.3987426757812,1003.96240234375
81,43,1038.5355224609375,1018.466064453125
81,44,1074.919921875,1032.796875
81,45,782.1377563476562,936.871826171875
81,46,813.8092041015625,953.120849609375
81,47,846.4260864257812,969.0926513671875
81,48,880.2329711914062,984.76171875
81,49,915.0506591796875,1000.6279907226562
81,50,950.768798828125,1016.2952880859375
81,51,987.1151733398438,1031.6087646484375
81,52,1024.17236328125,1047.0318603515625
81,53,1061.833740234375,1062.059814453125
81,54,761.3593139648438,959.2017822265625
81,55,793.3995361328125,975.9666748046875
81,56,826.8703002929688,993.0831909179688
81,57,861.3460693359375,1010.6171264648438
81,58,897.0665893554688,1027.6351318359375
81,59,933.676513671875,1043.9095458984375
81,60,970.9288330078125,1060.4837646484375
81,61,1009.1446533203125,1076.487548828125
81,62,1048.0185546875,1091.8741455078125
82,0,871.4305419921875,840.6907348632812
82,1,900.0999755859375,853.337158203125
82,2,929.597900390625,865.9957885742188
82,3,959.927001953125,878.0842895507812
82,4,990.8683471679688,890.6911010742188
82,5,1022.3214111328125,902.2976684570312
82,6,1054.2742919921875,914.248291015625
82,7,1086.7064208984375,926.0035400390625
82,8,1119.819091796875,936.9758911132812
82,9,855.0286865234375,860.205078125
82,10,884.335693359375,873.5662231445312
82,11,914.362548828125,886.5422973632812
82,12,945.2975463867188,898.943603515625
82,13,977.1563110351562,911.1256103515625
82,14,1009.7880859375,923.3587036132812
82,15,1042.4522705078125,936.0316162109375
82,16,1075.8641357421875,948.8101196289062
82,17,1109.619384765625,960.7520751953125
82,18,837.767578125,881.4959106445312
82,19,867.60546875,894.8396606445312
82,20,898.4175415039062,907.4609375
82,21,930.1495971679688,920.4739990234375
82,22,962.7875366210938,933.6691284179688
82,23,996.0068359375,946.5042724609375
82,24,1029.93798828125,959.2831420898438
82,25,1064.2532958984375,972.24169921875
82,26,1098.92138671875,985.4609375
82,27,819.35791015625,902.3369140625
82,28,850.1039428710938,915.7625732421875
82,29,881.475341796875,929.2094116210938
82,30,913.9960327148438,942.7383422851562
82,31,947.5277709960938,956.7471313476562
82,32,981.555908203125,970.617919921875
82,33,1016.4221801757812,984.0711059570312
82,34,1051.950927734375,997.5881958007812
82,35,1087.753662109375,1010.5918579101562
82,36,800.3917846679688,922.9400634765625
82,37,831.4412231445312,937.5802001953125
82,38,863.7041625976562,952.2176513671875
82,39,896.7742919921875,966.233154296875
82,40,931.1636352539062,980.7940063476562
82,41,966.296630859375,995.4281616210938
82,42,1001.99609375,1009.842041015625
82,43,1038.5869140625,1024.042236328125
82,44,1075.5787353515625,1037.9505615234375
82,45,780.3583374023438,944.3727416992188
82,46,812.0233764648438,960.2163696289062
82,47,844.896728515625,975.9830322265625
82,48,878.7841796875,991.2003173828125
82,49,913.95361328125,1006.6089477539062
82,50,949.8899536132812,1022.0945434570312
82,51,986.6146850585938,1036.96240234375
82,52,1024.246826171875,1052.176513671875
82,53,1062.3077392578125,1066.90234375
82,54,759.273193359375,966.1773681640625
82,55,791.3778076171875,982.530029296875
82,56,824.8820190429688,999.3693237304688
82,57,859.6043701171875,1016.5634155273438
82,58,895.644287109375,1033.210205078125
82,59,932.4887084960938,1049.2254638671875
82,60,970.301513671875,1065.56787109375
82,61,1009.0164184570312,1081.41943359375
82,62,1048.411376953125,1096.4310302734375
83,0,892.1126708984375,439.9559631347656
83,1,938.9923706054688,455.90106201171875
83,2,983.44677734375,470.28643798828125
83,3,1025.5985107421875,484.6615295410156
83,4,1065.1336669921875,497.8041687011719
83,5,1102.22802734375,509.8907775878906
83,6,1136.5823974609375,521.2031860351562
83,7,1168.85595703125,531.615966796875
83,8,1198.688232421875,541.4859619140625
83,9,869.8080444335938,478.5955505371094
83,10,915.4148559570312,491.9275817871094
83,11,958.9681396484375,504.32568359375
83,12,1000.1780395507812,516.9994506835938
83,13,1039.80859375,529.1980590820312
83,14,1076.3489990234375,540.897705078125
83,15,1111.0550537109375,550.900390625
83,16,1143.0242919921875,560.1505126953125
83,17,1173.0244140625,568.476806640625
83,18,848.89892578125,512.238525390625
83,19,893.264892578125,523.9530639648438
83,20,935.815673828125,536.025634765625
83,21,976.4527587890625,547.480712890625
83,22,1015.028076171875,558.259033203125
83,23,1051.6669921875,568.2533569335938
83,24,1086.1063232421875,578.6946411132812
83,25,1118.63916015625,587.4400634765625
83,26,1148.539306640625,595.4208984375
83,27,829.7503051757812,542.8199462890625
83,28,873.009521484375,554.3394775390625
83,29,914.5812377929688,565.6397705078125
83,30,954.3309326171875,576.364990234375
83,31,992.3037109375,586.1843872070312
83,32,1028.2568359375,595.4588623046875
83,33,1062.32763671875,604.3447265625
83,34,1094.83935546875,612.6741333007812
83,35,1124.73828125,620.3851318359375
83,36,812.1054077148438,572.7485961914062
83,37,854.0244140625,583.1775512695312
83,38,894.6820068359375,593.4349975585938
83,39,933.6532592773438,603.6290283203125
83,40,970.9903564453125,613.1163330078125
83,41,1006.3219604492188,621.7777709960938
83,42,1040.1595458984375,629.7078247070312
83,43,1072.7677001953125,637.0485229492188
83,44,1102.3642578125,644.1329345703125
83,45,796.0468139648438,600.1087036132812
83,46,836.578369140625,609.8080444335938
83,47,876.0279541015625,618.72705078125
83,48,914.2546997070312,628.3121948242188
83,49,950.5344848632812,637.2483520507812
83,50,985.8624267578125,644.9427490234375
83,51,1019.059814453125,652.8355712890625
83,52,1050.8681640625,659.739013671875
83,53,1080.974853515625,665.7760009765625
83,54,780.9613037109375,625.9952392578125
83,55,820.6755981445312,635.0286254882812
83,56,859.0303344726562,643.9828491210938
83,57,895.950439453125,651.5087890625
83,58,932.0687255859375,659.710693359375
83,59,966.3153686523438,667.6346435546875
83,60,998.972900390625,674.3523559570312
83,61,1030.2880859375,680.5548706054688
83,62,1060.14892578125,686.3395385742188
84,0,804.8125610351562,306.74072265625
84,1,841.6856689453125,334.7318115234375
84,2,877.3572998046875,362.1607666015625
84,3,911.8782958984375,389.4485168457031
84,4,945.4035034179688,414.9471435546875
84,5,977.6985473632812,438.98779296875
84,6,1008.1873168945312,461.9827575683594
84,7,1037.478515625,483.80780029296875
84,8,1064.8941650390625,504.5249938964844
84,9,778.5773315429688,334.0462341308594
84,10,814.654541015625,360.0284423828125
84,11,849.920654296875,385.33447265625
84,12,884.0223388671875,410.39044189453125
84,13,917.1143188476562,435.0533752441406
84,14,948.5800170898438,458.1413879394531
84,15,979.0967407226562,480.09539794921875
84,16,1008.1790161132812,500.453857421875
84,17,1035.8677978515625,520.3655395507812
84,18,755.1528930664062,357.7753601074219
84,19,790.455078125,382.0666809082031
84,20,824.8327026367188,406.2660827636719
84,21,858.1703491210938,430.0061950683594
84,22,890.5953369140625,452.8929138183594
84,23,921.7020874023438,474.91943359375
84,24,951.7098388671875,496.6186218261719
84,25,980.617919921875,516.7671508789062
84,26,1008.0741577148438,535.6890869140625
84,27,734.3078002929688,378.552734375
84,28,768.451171875,402.29290771484375
84,29,801.6740112304688,425.7988586425781
84,30,834.1366577148438,448.5408630371094
84,31,865.9852294921875,470.3827209472656
84,32,896.6525268554688,491.4258728027344
84,33,926.2438354492188,511.8779602050781
84,34,954.6329956054688,531.3909912109375
84,35,982.16748046875,550.2326049804688
84,36,714.6478271484375,399.1036376953125
84,37,747.7090454101562,421.6571350097656
84,38,780.193359375,443.8798522949219
84,39,811.5243530273438,466.06500244140625
84,40,842.7156372070312,487.2811279296875
84,41,872.8894653320312,507.5423583984375
84,42,901.84521484375,527.041015625
84,43,930.5799560546875,546.0324096679688
84,44,956.692138671875,563.7349853515625
84,45,696.791748046875,418.1056213378906
84,46,728.9124755859375,439.6304016113281
84,47,760.68603515625,460.6460266113281
84,48,791.1591796875,481.8143005371094
84,49,821.1968383789062,502.53179931640625
84,50,850.8038940429688,521.7015991210938
84,51,879.7295532226562,540.6511840820312
84,52,906.91259765625,558.6983032226562
84,53,933.7398071289062,576.0322265625
84,54,680.0313110351562,436.03521728515625
84,55,711.0844116210938,456.9888916015625
84,56,741.8261108398438,477.34295654296875
84,57,771.6695556640625,496.7838439941406
84,58,801.66796875,516.2830200195312
84,59,830.03515625,535.5724487304688
84,60,858.06396484375,553.3720092773438
84,61,884.8818359375,570.9030151367188
84,62,911.416748046875,587.5261840820312
85,8,1137.3306884765625,837.784423828125
85,16,1094.177490234375,858.3178100585938
85,17,1136.8165283203125,864.4783935546875
85,22,958.2117919921875,866.2639770507812
85,23,1002.316162109375,873.4686279296875
85,24,1047.0697021484375,880.0491943359375
85,25,1091.8311767578125,886.5555419921875
85,26,1136.2021484375,893.4210815429688
85,28,815.1985473632812,870.1239013671875
85,29,858.8074340820312,878.5684814453125
85,30,903.5451049804688,886.8294067382812
85,31,949.3818359375,895.3350830078125
85,32,995.7139282226562,903.4844970703125
85,33,1042.1617431640625,910.7306518554688
85,34,1089.16943359375,917.46826171875
85,35,1135.49755859375,923.586669921875
85,36,756.107421875,888.0621948242188
85,37,800.0703735351562,897.6547241210938
85,38,845.63134765625,907.1224365234375
85,39,892.0672607421875,916.2416381835938
85,40,940.2437744140625,925.574462890625
85,41,988.5026245117188,934.2024536132812
85,42,1037.2265625,942.5106201171875
85,43,1086.171630859375,949.6712646484375
85,44,1134.720458984375,956.8128662109375
85,45,738.1431884765625,917.0791015625
85,46,784.0443115234375,928.3812866210938
85,47,831.4552001953125,939.8753051757812
85,48,880.0261840820312,950.169921875
85,49,930.1025390625,960.3297729492188
85,50,980.5460205078125,969.8426513671875
85,51,1031.4862060546875,978.1162719726562
85,52,1082.5562744140625,986.1329345703125
85,53,1133.3363037109375,993.1332397460938
85,54,719.4882202148438,950.4098510742188
85,55,766.671142578125,962.2767944335938
85,56,816.0416870117188,974.6757202148438
85,57,866.79248046875,986.9224243164062
85,58,919.0380859375,997.9647827148438
85,59,971.77685546875,1007.49755859375
85,60,1025.051025390625,1017.0846557617188
85,61,1078.4552001953125,1024.99072265625
85,62,1131.6728515625,1032.4530029296875
86,0,871.6361694335938,849.0545043945312
86,1,900.4169921875,861.4789428710938
86,2,929.905029296875,873.9373168945312
86,3,960.2268676757812,885.87646484375
86,4,991.2498168945312,898.2821655273438
86,5,1022.9163208007812,909.72900390625
86,6,1054.94287109375,921.5062866210938
86,7,1087.7269287109375,932.9551391601562
86,8,1120.7899169921875,943.8955688476562
86,9,855.054443359375,868.1824951171875
86,10,884.4515991210938,881.5335693359375
86,11,914.45751953125,894.2537841796875
86,12,945.5718383789062,906.4654541015625
86,13,977.6431884765625,918.5518188476562
86,14,1010.1997680664062,930.48193359375
86,15,1043.1309814453125,942.9564819335938
86,16,1076.69287109375,955.6665649414062
86,17,1110.7552490234375,967.3560180664062
86,18,837.7267456054688,889.2146606445312
86,19,867.6273193359375,902.232421875
86,20,898.4038696289062,914.811279296875
86,21,930.2555541992188,927.6764526367188
86,22,963.0526733398438,940.5628051757812
86,23,996.3465576171875,953.416015625
86,24,1030.523193359375,965.965087890625
86,25,1065.1209716796875,978.7400512695312
86,26,1100.095703125,991.8397827148438
86,27,819.2021484375,909.8883666992188
86,28,849.9055786132812,922.9080200195312
86,29,881.3219604492188,936.2449951171875
86,30,914.007568359375,949.6738891601562
86,31,947.60791015625,963.4642333984375
86,32,981.900390625,977.0955200195312
86,33,1016.9354858398438,990.4110107421875
86,34,1052.62890625,1003.8684692382812
86,35,1088.78662109375,1016.8720703125
86,36,799.9946899414062,929.9652099609375
86,37,831.0250854492188,944.3468017578125
86,38,863.3583984375,958.8768920898438
86,39,896.671142578125,972.7922973632812
86,40,931.1060791015625,987.2601928710938
86,41,966.3015747070312,1001.575927734375
86,42,1002.41796875,1015.9283447265625
86,43,1039.3016357421875,1029.93896484375
86,44,1076.5938720703125,1043.7896728515625
86,45,779.76708984375,950.8871459960938
86,46,811.457763671875,966.7660522460938
86,47,844.4672241210938,982.2327270507812
86,48,878.3607177734375,997.4310302734375
86,49,913.6778564453125,1012.6753540039062
86,50,949.8803100585938,1028.08056640625
86,51,986.9320068359375,1042.77392578125
86,52,1024.7806396484375,1057.9805908203125
86,53,1063.28662109375,1072.4105224609375
86,54,758.4302978515625,972.3519287109375
86,55,790.5353393554688,988.5100708007812
86,56,824.212890625,1005.3071899414062
86,57,858.9506225585938,1022.5277099609375
86,58,895.183837890625,1039.0960693359375
86,59,932.2442016601562,1054.8359375
86,60,970.3516235351562,1071.1551513671875
86,61,1009.4037475585938,1086.9501953125
86,62,1049.246826171875,1101.9002685546875
87,2,852.9756469726562,408.2660827636719
87,3,892.2979736328125,430.3702087402344
87,4,930.67626953125,451.4956970214844
87,5,967.5772094726562,472.7371826171875
87,6,1002.9100952148438,493.6964111328125
87,7,1037.009765625,513.6314697265625
87,8,1069.3756103515625,532.6400756835938
87,9,750.6908569335938,397.1048889160156
87,10,790.5554809570312,418.84271240234375
87,11,830.0122680664062,440.1212463378906
87,12,868.4674072265625,461.0582275390625
87,13,906.1577758789062,482.20513916015625
87,14,942.4064331054688,502.861328125
87,15,977.411376953125,522.2632446289062
87,16,1011.19384765625,540.8342895507812
87,17,1043.480224609375,558.9136352539062
87,18,730.593505859375,430.7341613769531
87,19,769.744384765625,450.9963684082031
87,20,808.216796875,471.52392578125
87,21,845.9016723632812,491.5250244140625
87,22,882.9115600585938,511.2584533691406
87,23,918.5192260742188,530.5432739257812
87,24,953.171142578125,549.66845703125
87,25,986.7333374023438,567.3673095703125
87,26,1018.6553344726562,584.4188842773438
87,27,711.623046875,463.7535705566406
87,28,749.9127807617188,482.9692077636719
87,29,787.615966796875,502.32379150390625
87,30,824.5418090820312,521.1123046875
87,31,860.9526977539062,539.7539672851562
87,32,896.1835327148438,557.7501220703125
87,33,930.1976928710938,575.29052734375
87,34,963.135498046875,592.3572387695312
87,35,994.8645629882812,608.6060180664062
87,36,694.2332763671875,494.0999450683594
87,37,731.4854736328125,512.73974609375
87,38,768.2975463867188,530.9805297851562
87,39,804.4580688476562,549.0983276367188
87,40,840.1627807617188,566.7498168945312
87,41,874.88037109375,584.0094604492188
87,42,908.3156127929688,600.3867797851562
87,43,941.0165405273438,616.47314453125
87,44,972.244140625,631.8502807617188
87,45,679.158935546875,520.5787353515625
87,46,715.2879638671875,538.6610107421875
87,47,751.04931640625,556.5180053710938
87,48,786.206298828125,573.85009765625
87,49,821.0682983398438,590.832275390625
87,50,854.862060546875,606.8626098632812
87,51,888.0753784179688,622.915771484375
87,52,919.8363037109375,638.082275390625
87,53,950.8328857421875,652.4839477539062
87,54,665.4061889648438,544.9031982421875
87,55,700.3731689453125,562.7108764648438
87,56,734.9993286132812,580.0130004882812
87,57,769.2306518554688,596.3623046875
87,58,803.223876953125,612.9417724609375
87,59,836.3179931640625,629.1170654296875
87,60,868.52587890625,644.0409545898438
87,61,899.9249267578125,658.6470336914062
87,62,930.4161987304688,672.3859252929688
88,0,752.8113403320312,376.6231994628906
88,1,802.1128540039062,397.0230712890625
88,2,850.1857299804688,416.6432800292969
88,3,896.8400268554688,436.32598876953125
88,4,941.6282958984375,454.8459777832031
88,5,984.161376953125,472.1523742675781
88,6,1024.26806640625,488.6517028808594
88,7,1062.4461669921875,504.1849060058594
88,8,1097.8892822265625,518.945556640625
88,9,732.8599853515625,416.0461120605469
88,10,780.677001953125,434.09149169921875
88,11,827.5296630859375,451.70440673828125
88,12,872.6693725585938,469.34869384765625
88,13,916.5995483398438,486.8620910644531
88,14,958.1982421875,503.5120849609375
88,15,997.8569946289062,518.648681640625
88,16,1035.3621826171875,532.726806640625
88,17,1071.0179443359375,546.2680053710938
88,18,715.1422729492188,450.2425842285156
88,19,761.37158203125,466.6676330566406
88,20,806.5559692382812,483.7106018066406
88,21,850.3588256835938,500.17816162109375
88,22,893.0806884765625,516.0396728515625
88,23,933.8296508789062,531.0081176757812
88,24,972.8929443359375,546.3402099609375
88,25,1010.1541137695312,560.1803588867188
88,26,1045.1146240234375,572.60107421875
88,27,699.3673095703125,481.0327453613281
88,28,744.0484008789062,497.3780822753906
88,29,787.6513061523438,513.45654296875
88,30,829.8997802734375,529.1521606445312
88,31,871.494873046875,544.02734375
88,32,911.2422485351562,558.1298828125
88,33,949.3699340820312,571.9591064453125
88,34,985.9937744140625,584.8783569335938
88,35,1020.5264282226562,597.1572875976562
88,36,684.7467651367188,511.08819580078125
88,37,727.8201293945312,526.2460327148438
88,38,769.802490234375,541.2240600585938
88,39,811.1162719726562,556.33154296875
88,40,851.3172607421875,570.6911010742188
88,41,890.2431030273438,584.213623046875
88,42,927.4329223632812,596.7503051757812
88,43,963.8120727539062,608.9191284179688
88,44,997.6640014648438,620.3424072265625
88,45,671.8367919921875,538.3643188476562
88,46,713.3025512695312,552.73095703125
88,47,753.8388061523438,566.14599609375
88,48,793.9646606445312,580.8152465820312
88,49,832.9970703125,594.3173828125
88,50,870.6204223632812,606.9491577148438
88,51,907.4072265625,619.1754760742188
88,52,942.3189086914062,630.7184448242188
88,53,976.1362915039062,641.1141357421875
88,54,660.038330078125,563.9481201171875
88,55,699.849853515625,577.885009765625
88,56,739.0753784179688,591.25048828125
88,57,777.69677734375,603.5875854492188
88,58,815.891357421875,616.44970703125
88,59,852.7701416015625,629.1875610351562
88,60,887.967529296875,640.2300415039062
88,61,922.2440795898438,651.02880859375
88,62,955.585205078125,660.9869384765625
89,0,861.3285522460938,895.0572509765625
89,1,890.6251220703125,902.43701171875
89,2,921.8603515625,909.8035888671875
89,3,952.94091796875,916.5133666992188
89,4,985.71630859375,923.2291259765625
89,5,1018.58837890625,929.3804321289062
89,6,1052.259765625,935.2412719726562
89,7,1086.335205078125,941.0823974609375
89,8,1121.124267578125,945.8858032226562
89,9,846.07421875,910.0005493164062
89,10,877.3811645507812,917.843017578125
89,11,908.3487548828125,925.7154541015625
89,12,941.4816284179688,931.8861083984375
89,13,974.4602661132812,938.18896484375
89,14,1009.0310668945312,944.2591552734375
89,15,1043.69140625,950.9537353515625
89,16,1079.122802734375,957.7196655273438
89,17,1114.9737548828125,963.1827392578125
89,18,831.486572265625,926.0576171875
89,19,862.8212280273438,933.9650268554688
89,20,895.2058715820312,940.8030395507812
89,21,928.8754272460938,947.7919921875
89,22,963.2843017578125,954.9624633789062
89,23,998.7089233398438,961.5621948242188
89,24,1034.587646484375,968.1043090820312
89,25,1071.173095703125,974.84716796875
89,26,1108.556884765625,981.6644897460938
89,27,813.9437255859375,942.0144653320312
89,28,847.2987670898438,949.393798828125
89,29,879.8778076171875,957.2813110351562
89,30,915.0406494140625,964.5609741210938
89,31,950.7828979492188,972.2406616210938
89,32,987.3366088867188,979.9014892578125
89,33,1024.6688232421875,986.9636840820312
89,34,1062.8553466796875,993.9080810546875
89,35,1101.525390625,1000.488037109375
89,36,797.4822998046875,956.6082763671875
89,37,830.5523681640625,965.4813842773438
89,38,864.69970703125,974.3528442382812
89,39,900.1217041015625,982.1996459960938
89,40,937.2007446289062,990.4092407226562
89,41,974.808837890625,998.2667846679688
89,42,1013.760498046875,1006.3571166992188
89,43,1053.5721435546875,1013.786865234375
89,44,1093.9100341796875,1021.0258178710938
89,45,778.73193359375,972.3540649414062
89,46,812.5438842773438,982.5847778320312
89,47,848.1600341796875,992.4072265625
89,48,884.5457153320312,1001.6409301757812
89,49,922.4679565429688,1010.6053466796875
89,50,961.8358764648438,1019.5316162109375
89,51,1002.0350341796875,1027.91357421875
89,52,1043.3082275390625,1036.1854248046875
89,53,1085.15478515625,1044.09326171875
89,54,758.6845092773438,988.3873291015625
89,55,792.9993896484375,998.8633422851562
89,56,829.5528564453125,1009.8641967773438
89,57,867.6644287109375,1021.0541381835938
89,58,906.846923828125,1031.690185546875
89,59,947.0767211914062,1040.3304443359375
89,60,989.2056884765625,1050.5338134765625
89,61,1032.30615234375,1059.68603515625
89,62,1076.189208984375,1067.3995361328125
90,0,779.2763671875,195.72174072265625
90,1,815.9990234375,223.3810272216797
90,2,852.1055908203125,250.19680786132812
90,3,886.71484375,276.8188781738281
90,4,920.3502807617188,302.337890625
90,5,952.44580078125,326.6201477050781
90,6,982.910888671875,350.05322265625
90,7,1011.9692993164062,372.3237609863281
90,8,1039.3907470703125,393.6637268066406
90,9,752.2679443359375,224.8775177001953
90,10,788.6693725585938,250.30291748046875
90,11,824.2377319335938,275.22052001953125
90,12,858.3856811523438,300.0959167480469
90,13,891.5239868164062,324.76483154296875
90,14,923.1087036132812,348.224365234375
90,15,953.642822265625,370.49627685546875
90,16,982.6543579101562,391.3059387207031
90,17,1010.0780029296875,411.8625793457031
90,18,728.2965698242188,250.6407012939453
90,19,763.9351196289062,274.6163635253906
90,20,798.3597412109375,298.5843200683594
90,21,831.878173828125,322.28436279296875
90,22,864.5186157226562,345.1264953613281
90,23,895.76513671875,367.47589111328125
90,24,925.7420043945312,389.34307861328125
90,25,954.6921997070312,410.24090576171875
90,26,982.2448120117188,429.2889404296875
90,27,706.364990234375,274.4194641113281
90,28,740.9180908203125,297.7037353515625
90,29,774.322021484375,320.8730163574219
90,30,807.1389770507812,343.48150634765625
90,31,839.0469360351562,365.3404235839844
90,32,870.0780639648438,386.560791015625
90,33,899.8352661132812,407.0657958984375
90,34,928.2196655273438,427.03564453125
90,35,955.5010375976562,446.2386779785156
90,36,685.6607666015625,297.888916015625
90,37,719.1297607421875,320.0232849121094
90,38,752.1204223632812,342.0064697265625
90,39,783.95849609375,363.9150390625
90,40,815.2923583984375,385.0169677734375
90,41,845.6954956054688,405.3890686035156
90,42,874.8572998046875,424.9703674316406
90,43,903.3468627929688,444.11993408203125
90,44,930.3328247070312,462.0570373535156
90,45,666.8699951171875,319.76275634765625
90,46,699.5338134765625,340.7955017089844
90,47,731.5694580078125,361.4416198730469
90,48,762.695068359375,382.3550109863281
90,49,793.2327270507812,402.8266906738281
90,50,823.1215209960938,422.1053161621094
90,51,852.02392578125,441.1086120605469
90,52,879.8289184570312,459.4021301269531
90,53,906.427978515625,476.7279968261719
90,54,649.2979125976562,340.59912109375
90,55,680.8389892578125,360.93316650390625
90,56,712.0726928710938,380.9059143066406
90,57,742.8858032226562,400.1232604980469
90,58,772.8389282226562,419.52886962890625
90,59,801.6317138671875,438.7691345214844
90,60,830.0713500976562,456.6662292480469
90,61,857.3412475585938,473.83465576171875
90,62,884.0420532226562,490.853515625
91,0,651.4528198242188,679.2152099609375
91,1,694.3436279296875,685.864013671875
91,2,739.3820190429688,693.1310424804688
91,3,785.7672729492188,699.3851928710938
91,4,834.3925170898438,706.6258544921875
91,5,883.8776245117188,712.9932250976562
91,6,934.5513916015625,719.3153076171875
91,7,985.973388671875,725.68212890625
91,8,1037.5390625,732.7162475585938
91,9,634.549560546875,718.3834228515625
91,10,678.129150390625,725.9155883789062
91,11,724.051025390625,733.2430419921875
91,12,771.8256225585938,740.7276000976562
91,13,821.5721435546875,747.124267578125
91,14,872.730224609375,754.1738891601562
91,15,925.2739868164062,761.2528076171875
91,16,978.9371337890625,769.0166015625
91,17,1032.6705322265625,775.6910400390625
91,18,617.1068725585938,759.882568359375
91,19,661.44189453125,768.0084838867188
91,20,708.0391235351562,775.9989624023438
91,21,757.1556396484375,784.0166015625
91,22,808.533935546875,792.1607666015625
91,23,861.42138671875,799.9053955078125
91,24,915.4589233398438,807.2921752929688
91,25,970.8253784179688,814.2382202148438
91,26,1026.8944091796875,822.0867919921875
91,27,597.8941040039062,801.9178466796875
91,28,643.7083740234375,811.5697631835938
91,29,691.2899780273438,820.41943359375
91,30,741.601318359375,829.9852294921875
91,31,794.4913330078125,838.8726806640625
91,32,849.123046875,848.0509033203125
91,33,905.1472778320312,855.9334716796875
91,34,962.7772827148438,864.0244750976562
91,35,1020.5585327148438,870.8582153320312
91,36,577.4613037109375,845.22265625
91,37,624.4432373046875,856.8031005859375
91,38,673.744873046875,868.1679077148438
91,39,725.2826538085938,878.0986328125
91,40,779.8822631835938,888.6183471679688
91,41,835.95654296875,898.19580078125
91,42,894.1790161132812,907.836669921875
91,43,953.4916381835938,915.9698486328125
91,44,1014.102783203125,924.06005859375
91,45,557.3037719726562,891.302734375
91,46,605.2478637695312,904.4612426757812
91,47,655.8868408203125,917.0033569335938
91,48,708.9331665039062,929.3195190429688
91,49,764.8018798828125,940.767578125
91,50,822.9031982421875,952.244873046875
91,51,882.503662109375,961.9423828125
91,52,944.368408203125,971.8057250976562
91,53,1006.4467163085938,979.7306518554688
91,54,537.283203125,940.2099609375
91,55,585.4830322265625,954.0786743164062
91,56,637.1704711914062,968.3409423828125
91,57,691.8121337890625,982.6092529296875
91,58,749.5287475585938,995.934814453125
91,59,808.6943359375,1007.8323364257812
91,60,870.7958374023438,1019.5493774414062
91,61,934.0198364257812,1029.4842529296875
91,62,998.3713989257812,1038.6614990234375
92,0,843.8947143554688,497.6424560546875
92,1,880.3098754882812,524.2455444335938
92,2,915.966552734375,549.3046875
92,3,949.9866943359375,574.0256958007812
92,4,982.702880859375,596.5541381835938
92,5,1014.2123413085938,617.527587890625
92,6,1043.6494140625,637.1218872070312
92,7,1071.820068359375,655.556884765625
92,8,1098.4510498046875,672.6128540039062
92,9,819.4462280273438,515.2047119140625
92,10,855.5773315429688,539.6397705078125
92,11,890.4254150390625,562.7578735351562
92,12,923.6666870117188,585.5733642578125
92,13,955.6171875,607.7555541992188
92,14,986.3787841796875,628.1617431640625
92,15,1016.1968383789062,647.0814819335938
92,16,1043.837890625,664.3133544921875
92,17,1071.015869140625,681.2214965820312
92,18,798.3291625976562,528.9767456054688
92,19,833.0609741210938,551.787109375
92,20,866.9458618164062,574.2269287109375
92,21,899.5838012695312,596.0046997070312
92,22,930.6539306640625,616.6412963867188
92,23,960.1278686523438,636.1705322265625
92,24,989.4412231445312,655.6860961914062
92,25,1017.5982666015625,673.328125
92,26,1043.491455078125,688.9142456054688
92,27,779.1827392578125,540.6099853515625
92,28,812.8544311523438,563.0328369140625
92,29,844.531982421875,585.0210571289062
92,30,876.968017578125,606.014404296875
92,33,965.122802734375,663.03564453125
92,34,992.5831909179688,680.1103515625
92,35,1017.5250244140625,695.6571044921875
92,36,761.364013671875,552.8318481445312
92,37,793.2343139648438,573.9520874023438
92,38,825.204345703125,595.1253051757812
92,39,854.585693359375,615.4653930664062
92,43,966.9447021484375,686.7124633789062
92,44,994.6305541992188,703.0149536132812
92,45,744.7403564453125,563.5463256835938
92,46,776.240966796875,584.1211547851562
92,47,806.3018798828125,604.0429077148438
92,48,836.3699340820312,623.6202392578125
92,54,729.7527465820312,574.0376586914062
92,55,759.78271484375,594.1187133789062
92,56,789.4816284179688,613.3250732421875
92,57,818.109130859375,630.9154052734375
93,0,809.7138671875,271.68316650390625
93,1,844.1226196289062,301.6095886230469
93,2,877.5964965820312,330.3928527832031
93,3,909.5771484375,358.8486022949219
93,4,940.7567749023438,385.6152038574219
93,5,970.4020385742188,410.83447265625
93,6,998.42626953125,434.7952575683594
93,7,1025.0023193359375,457.6914978027344
93,8,1050.1849365234375,479.19378662109375
93,9,780.4519653320312,297.1517028808594
93,10,814.6212158203125,324.8812561035156
93,11,847.7516479492188,351.7059020996094
93,12,879.6044311523438,378.1525573730469
93,13,910.4755249023438,404.1784973144531
93,14,939.6261596679688,428.5783996582031
93,15,967.8255615234375,451.8338623046875
93,16,994.5081787109375,473.1336669921875
93,17,1019.9266967773438,493.9074401855469
93,18,754.3170166015625,319.422607421875
93,19,787.7703247070312,345.4798583984375
93,20,820.2132568359375,371.42333984375
93,21,851.4892578125,396.5111389160156
93,22,882.001708984375,420.8612060546875
93,23,911.0072021484375,444.27447509765625
93,24,938.7142944335938,467.0635986328125
93,25,965.6517333984375,488.3210144042969
93,26,990.85107421875,508.05938720703125
93,27,730.6340942382812,339.6443176269531
93,28,763.0167236328125,365.00042724609375
93,29,794.5383911132812,390.0760803222656
93,30,825.1456298828125,414.1947326660156
93,31,855.1695556640625,437.4996032714844
93,32,883.8526611328125,459.7331237792969
93,33,911.6763305664062,481.3088073730469
93,34,938.0977172851562,501.8948669433594
93,35,963.2185668945312,521.674560546875
93,36,707.9556884765625,359.67584228515625
93,37,739.6946411132812,383.93389892578125
93,38,770.6626586914062,407.6329650878906
93,39,800.4861450195312,431.1302185058594
93,40,830.037841796875,453.8492736816406
93,41,858.2172241210938,475.0494079589844
93,42,885.5592041015625,495.7801513671875
93,43,912.22607421875,515.7279663085938
93,44,937.1902465820312,534.283447265625
93,45,687.4600830078125,378.3680419921875
93,46,718.3641967773438,401.3633728027344
93,47,748.7713623046875,424.0107421875
93,48,777.8201904296875,446.33819580078125
93,49,806.458251953125,468.15576171875
93,50,834.5928344726562,488.7242431640625
93,51,861.1998291015625,508.7523193359375
93,52,887.5311279296875,527.9805297851562
93,53,912.8964233398438,546.0093383789062
93,54,668.2706909179688,396.1036071777344
93,55,698.15283203125,418.3842468261719
93,56,727.7268676757812,440.24273681640625
93,57,756.7369995117188,460.8004150390625
93,58,784.8735961914062,481.7597351074219
93,59,811.5648803710938,502.3031311035156
93,60,838.6567993164062,521.0830688476562
93,61,864.171630859375,539.2593383789062
93,62,889.2244873046875,557.0470581054688
94,0,649.00048828125,687.2313842773438
94,1,690.7477416992188,694.9268188476562
94,2,733.9598388671875,703.297607421875
94,3,778.474365234375,710.7766723632812
94,4,824.4889526367188,718.8662719726562
94,5,871.1685791015625,726.28955078125
94,6,918.3729248046875,733.7575073242188
94,7,966.46484375,741.1795654296875
94,8,1014.3277587890625,748.8395385742188
94,9,634.7623901367188,727.3427734375
94,10,677.1544189453125,735.9592895507812
94,11,721.1782836914062,744.2241821289062
94,12,766.3987426757812,752.6559448242188
94,13,813.537353515625,760.2410888671875
94,14,861.374755859375,768.110595703125
94,15,910.0730590820312,776.0743408203125
94,16,959.4988403320312,784.4832153320312
94,17,1008.880126953125,791.8030395507812
94,18,620.3487548828125,769.376953125
94,19,663.3305053710938,778.270751953125
94,20,707.7371215820312,787.1971435546875
94,21,754.24951171875,795.96923828125
94,22,802.3973388671875,804.8512573242188
94,23,851.3380126953125,813.1783447265625
94,24,901.2828369140625,821.4192504882812
94,25,952.0606079101562,829.1862182617188
94,26,1002.8564453125,837.3046264648438
94,27,604.7752075195312,811.733642578125
94,28,648.606689453125,821.8362426757812
94,29,694.2490844726562,831.6818237304688
94,30,741.4791259765625,841.150634765625
94,31,790.850830078125,850.7989501953125
94,32,840.9898681640625,860.1526489257812
94,33,892.2398681640625,868.5269775390625
94,34,944.662109375,876.9387817382812
94,35,996.6978149414062,884.4038696289062
94,36,588.5142211914062,855.1299438476562
94,37,633.52685546875,866.542724609375
94,38,680.3707275390625,877.9917602539062
94,39,728.4677734375,887.8904418945312
94,40,779.0523071289062,898.6278076171875
94,41,830.17431640625,908.1909790039062
94,42,883.13720703125,917.8021240234375
94,43,936.3203735351562,926.1730346679688
94,44,990.0873413085938,934.4671630859375
94,45,572.704345703125,900.3036499023438
94,46,618.7646484375,912.9404907226562
94,47,666.3154907226562,925.0088500976562
94,48,715.7935791015625,936.9780883789062
94,49,767.047119140625,948.0595703125
94,50,819.8424682617188,958.7830200195312
94,51,873.1951904296875,968.14453125
94,52,928.1527099609375,977.6546630859375
94,53,983.0402221679688,985.57763671875
94,54,557.3134765625,947.4607543945312
94,55,603.22998046875,960.705322265625
94,56,651.88134765625,973.9774169921875
94,57,702.634521484375,986.8329467773438
94,58,755.1168212890625,999.1417236328125
94,59,808.5042114257812,1010.1431274414062
94,60,863.5552978515625,1020.978515625
94,61,919.5013427734375,1030.17138671875
94,62,975.6959228515625,1038.8858642578125
95,0,722.9872436523438,785.833251953125
95,1,758.4095458984375,797.5404052734375
95,2,794.5548095703125,809.221435546875
95,3,831.2513427734375,819.9521484375
95,4,868.197998046875,831.5213623046875
95,5,905.685546875,842.0519409179688
95,6,943.0712280273438,852.654541015625
95,7,980.476318359375,862.7134399414062
95,8,1017.6697387695312,872.1425170898438
95,9,709.1018676757812,812.5682373046875
95,10,745.6538696289062,824.6211547851562
95,11,782.9617309570312,836.340087890625
95,12,820.7135620117188,847.6705322265625
95,13,859.344482421875,858.5975341796875
95,14,898.14892578125,869.4169311523438
95,15,936.5313110351562,880.05224609375
95,16,975.0804443359375,891.2627563476562
95,17,1013.4869995117188,900.661865234375
95,18,694.7733764648438,840.4530029296875
95,19,732.3145751953125,853.2847290039062
95,20,770.6801147460938,865.0460205078125
95,21,809.768310546875,876.80517578125
95,22,849.4217529296875,888.5104370117188
95,23,889.5966186523438,899.7141723632812
95,24,929.7797241210938,910.2295532226562
95,25,969.6897583007812,920.8314819335938
95,26,1009.3377075195312,931.3234252929688
95,27,679.4995727539062,867.9736938476562
95,28,718.3302001953125,881.81103515625
95,29,757.876953125,894.9253540039062
95,30,798.2130126953125,907.196533203125
95,31,839.4838256835938,919.4724731445312
95,32,880.7781982421875,931.1887817382812
95,33,922.1327514648438,942.2564697265625
95,34,963.72021484375,952.9649658203125
95,35,1004.9661254882812,963.0070190429688
95,36,663.415771484375,897.6056518554688
95,37,703.4177856445312,912.1829223632812
95,38,744.3102416992188,926.5313720703125
95,39,785.9805297851562,939.0975952148438
95,40,828.8123779296875,952.0377807617188
95,41,871.5486450195312,964.0713500976562
95,42,914.4874877929688,975.8442993164062
95,43,957.4464721679688,986.620849609375
95,44,1000.4013671875,997.1110229492188
95,45,646.586181640625,929.2803955078125
95,46,687.9588623046875,944.5481567382812
95,47,730.1331787109375,959.5799560546875
95,48,773.2496337890625,973.383544921875
95,49,817.2716674804688,986.9213256835938
95,50,861.6611328125,999.7286376953125
95,51,906.1468505859375,1011.4790649414062
95,52,950.8723754882812,1022.8468017578125
95,53,994.9348754882812,1033.457763671875
95,54,629.0980224609375,962.5731201171875
95,55,671.5107421875,978.0801391601562
95,56,715.224365234375,993.6267700195312
95,57,759.9216918945312,1008.9217529296875
95,58,805.3568725585938,1023.418701171875
95,59,851.19189453125,1036.2623291015625
95,60,897.1747436523438,1049.2032470703125
95,61,943.6996459960938,1060.7193603515625
95,62,989.7728271484375,1070.947998046875
96,2,892.9224243164062,893.428466796875
96,3,922.1012573242188,903.19580078125
96,4,953.5472412109375,912.896728515625
96,5,985.0836181640625,921.8518676757812
96,6,1016.5645141601562,930.9659423828125
96,7,1048.7196044921875,939.7881469726562
96,8,1081.446533203125,948.3694458007812
96,9,820.9488525390625,888.7227783203125
96,10,849.607421875,899.7771606445312
96,11,879.6102294921875,910.029541015625
96,12,910.2389526367188,919.7846069335938
96,13,941.8505249023438,929.0966186523438
96,14,974.1580810546875,938.3761596679688
96,15,1006.897216796875,948.2230224609375
96,16,1040.0762939453125,958.2666015625
96,17,1073.779296875,967.2599487304688
96,18,804.987548828125,906.18017578125
96,19,834.0823364257812,916.8848266601562
96,20,865.291748046875,926.7200317382812
96,21,896.2001953125,937.0519409179688
96,22,929.5692138671875,947.2070922851562
96,23,962.5689697265625,957.2366333007812
96,24,996.422607421875,966.9407348632812
96,25,1030.912841796875,976.940185546875
96,26,1065.8055419921875,987.310546875
96,27,787.9175415039062,922.9390869140625
96,28,818.6030883789062,933.6627807617188
96,29,849.9927978515625,944.266357421875
96,30,882.6043701171875,954.8645629882812
96,31,916.06982421875,965.9862060546875
96,32,950.2928466796875,976.7682495117188
96,33,985.154052734375,987.14599609375
96,34,1020.907958984375,997.6917724609375
96,35,1057.0238037109375,1007.8258666992188
96,36,770.36083984375,939.0372314453125
96,37,801.3578491210938,950.9257202148438
96,38,833.8823852539062,962.797607421875
96,39,867.172119140625,974.0444946289062
96,40,901.8092041015625,985.321044921875
96,41,937.0862426757812,996.7675170898438
96,42,973.0826416015625,1008.1981811523438
96,43,1010.1017456054688,1019.0623168945312
96,44,1047.6307373046875,1030.0311279296875
96,45,752.760986328125,955.9094848632812
96,46,783.6863403320312,969.0451049804688
96,47,816.8489379882812,982.0222778320312
96,48,850.9525146484375,994.3572998046875
96,49,886.35546875,1006.8114013671875
96,50,922.9337158203125,1019.0413208007812
96,51,960.1503295898438,1030.87939453125
96,52,998.4418334960938,1042.80712890625
96,53,1037.2305908203125,1054.191162109375
96,54,731.805419921875,973.2615356445312
96,55,764.1434936523438,986.83544921875
96,56,798.3926391601562,1000.6973266601562
96,57,833.6019897460938,1015.1002807617188
96,58,870.1614990234375,1028.782958984375
96,59,907.7556762695312,1041.563232421875
96,60,946.3311157226562,1054.7061767578125
96,61,985.9677734375,1067.3095703125
96,62,1026.4312744140625,1078.9979248046875
97,0,768.3482666015625,407.13470458984375
97,1,806.7283935546875,425.2867126464844
97,2,844.430419921875,443.2906494140625
97,3,881.3894653320312,461.0517578125
97,4,917.1655883789062,478.4415283203125
97,5,952.1246337890625,495.6878662109375
97,6,985.7747192382812,512.4061279296875
97,7,1018.1026611328125,528.4271850585938
97,8,1049.025390625,544.52099609375
97,9,749.4242553710938,444.1988525390625
97,10,787.3754272460938,461.8580322265625
97,11,824.9467163085938,479.0406494140625
97,12,861.5193481445312,496.1519775390625
97,13,897.6119995117188,513.1866455078125
97,14,932.3953247070312,530.029541015625
97,15,965.8970947265625,545.6326293945312
97,16,998.3999633789062,561.2047729492188
97,17,1029.720947265625,576.1629638671875
97,18,731.3059692382812,480.9811096191406
97,19,769.0025024414062,497.848876953125
97,20,806.2501220703125,514.8786010742188
97,21,842.5828857421875,531.048828125
97,22,878.3963623046875,547.39990234375
97,23,913.0087280273438,562.9510498046875
97,24,946.8818969726562,578.9091796875
97,25,979.4924926757812,593.9085693359375
97,26,1010.8727416992188,608.375244140625
97,27,714.0062866210938,517.7839965820312
97,28,751.3734741210938,534.2296142578125
97,29,788.3705444335938,550.3132934570312
97,30,824.5577392578125,566.1056518554688
97,31,860.2418212890625,581.4225463867188
97,32,894.7730102539062,596.7845458984375
97,33,928.2399291992188,611.5481567382812
97,34,961.1043701171875,625.9764404296875
97,35,992.5426635742188,639.5511474609375
97,36,697.3853149414062,554.4597778320312
97,37,734.5703735351562,570.13720703125
97,38,771.2156372070312,585.686279296875
97,39,807.14453125,600.6793823242188
97,40,842.7310791015625,615.6004028320312
97,41,876.9217529296875,629.7788696289062
97,42,910.525634765625,643.7921752929688
97,43,942.8193359375,657.1926879882812
97,44,974.3992919921875,670.06005859375
97,45,681.97802734375,588.9884033203125
97,46,718.5492553710938,604.185791015625
97,47,754.8833618164062,618.9310913085938
97,48,790.517822265625,633.5797729492188
97,49,825.4736938476562,647.3997802734375
97,50,859.6478271484375,660.743896484375
97,51,892.768798828125,673.8603515625
97,52,925.09375,686.849365234375
97,53,956.20703125,698.7161865234375
97,54,667.324951171875,621.8187866210938
97,55,703.440185546875,636.7080078125
97,56,739.1885375976562,651.2538452148438
97,57,774.49951171875,664.5787963867188
97,58,808.9417724609375,677.9482421875
97,59,842.7232666015625,690.8990478515625
97,60,875.784423828125,703.3319702148438
97,61,907.795166015625,715.0975341796875
97,62,938.6427612304688,726.4097290039062
98,0,684.41845703125,719.7528686523438
98,1,724.8923950195312,727.9219360351562
98,2,766.7238159179688,736.49755859375
98,3,809.2267456054688,744.051513671875
98,4,853.1155395507812,752.4551391601562
98,5,897.1973266601562,760.1795043945312
98,6,941.5682983398438,767.869384765625
98,7,986.150634765625,775.3594970703125
98,8,1030.618408203125,782.6763916015625
98,9,671.4000854492188,757.80322265625
98,10,712.6653442382812,766.6293334960938
98,11,755.2473754882812,775.0830688476562
98,12,798.89697265625,783.5512084960938
98,13,843.6519165039062,791.427978515625
98,14,888.9728393554688,799.501220703125
98,15,934.4736328125,807.4581298828125
98,16,980.5093994140625,815.7399291992188
98,17,1025.99609375,822.7257080078125
98,18,658.34765625,797.5578002929688
98,19,700.2030029296875,806.6131591796875
98,20,743.4517211914062,815.4461059570312
98,21,788.1165771484375,824.4343872070312
98,22,834.0078125,833.3177490234375
98,23,880.361083984375,841.5927124023438
98,24,927.2180786132812,849.6981201171875
98,25,974.1491088867188,857.2627563476562
98,26,1021.2456665039062,864.9891967773438
98,27,644.2225341796875,837.5689086914062
98,28,687.2521362304688,847.8438720703125
98,29,731.542236328125,857.2816162109375
98,30,776.9486694335938,866.8302001953125
98,31,824.1238403320312,876.1478881835938
98,32,871.5639038085938,885.3468627929688
98,33,919.4263916015625,893.3382568359375
98,34,968.0740356445312,901.3130493164062
98,35,1016.1044921875,908.2694702148438
98,36,629.5870971679688,878.7357177734375
98,37,673.6129150390625,890.1373901367188
98,38,719.0839233398438,900.8785400390625
98,39,765.5792236328125,910.50927734375
98,40,813.95166015625,920.8743896484375
98,41,862.3180541992188,930.0681762695312
98,42,911.8169555664062,938.93603515625
98,43,961.1722412109375,946.5502319335938
98,44,1011.0394287109375,954.0438842773438
98,45,615.0062255859375,921.4549560546875
98,46,660.1004028320312,933.747314453125
98,47,706.6266479492188,945.363037109375
98,48,754.2723388671875,956.3489990234375
98,49,803.3277587890625,966.6438598632812
98,50,853.1756591796875,976.7843627929688
98,51,903.3628540039062,985.2020874023438
98,52,954.5377807617188,993.8035278320312
98,53,1005.1978759765625,1000.9906616210938
98,54,600.9926147460938,966.1881103515625
98,55,646.2527465820312,978.6983642578125
98,56,693.7003784179688,991.129150390625
98,57,742.5984497070312,1002.9999389648438
98,58,792.9591674804688,1014.1957397460938
98,59,843.6027221679688,1024.04443359375
98,60,895.3707885742188,1033.82958984375
98,61,947.2554931640625,1041.9412841796875
98,62,999.4335327148438,1049.687744140625
99,0,783.3067626953125,779.859375
99,1,820.6292114257812,780.9076538085938
99,2,859.804443359375,782.1760864257812
99,3,899.7207641601562,782.6203002929688
99,4,941.2342529296875,783.4423828125
99,5,983.1441650390625,783.246826171875
99,6,1025.597900390625,783.0225830078125
99,7,1069.0732421875,782.8704833984375
99,8,1112.7408447265625,782.6317138671875
99,9,771.4789428710938,809.3143920898438
99,10,809.8137817382812,810.8564453125
99,11,850.0042114257812,811.8895263671875
99,12,891.2391967773438,812.978271484375
99,13,933.6788940429688,812.8682861328125
99,14,977.2488403320312,812.8909912109375
99,15,1021.5999145507812,812.8952026367188
99,16,1067.0103759765625,813.4400024414062
99,17,1112.242431640625,813.0459594726562
99,18,758.6154174804688,840.2872314453125
99,19,798.2770385742188,841.9493408203125
99,20,839.3771362304688,843.52734375
99,21,881.9794921875,844.9034423828125
99,22,926.2296752929688,845.8598022460938
99,23,971.3837890625,846.2128295898438
99,24,1017.4076538085938,845.7799072265625
99,25,1063.98779296875,845.532958984375
99,26,1111.608642578125,845.9747314453125
99,27,744.8623046875,871.87890625
99,28,785.4083251953125,873.9035034179688
99,29,827.4822998046875,875.54150390625
99,30,871.759521484375,877.5431518554688
99,31,917.6258544921875,879.376953125
99,32,964.3916015625,880.8236083984375
99,33,1012.1486206054688,881.0164794921875
99,34,1061.34814453125,881.1747436523438
99,35,1110.5538330078125,880.6878662109375
99,36,729.0214233398438,903.2866821289062
99,37,770.5997924804688,906.11572265625
99,38,814.4078369140625,909.4420776367188
99,39,860.1506958007812,911.733642578125
99,40,908.1569213867188,914.370849609375
99,41,956.5673217773438,916.2626342773438
99,42,1006.9766235351562,917.8409423828125
99,43,1057.677001953125,918.5093383789062
99,44,1109.6612548828125,919.1051025390625
99,45,712.5411987304688,937.1905517578125
99,46,756.0582275390625,941.8341064453125
99,47,801.5604858398438,946.8157958984375
99,48,848.771240234375,950.5464477539062
99,49,898.0757446289062,953.8780517578125
99,50,949.0371704101562,957.0376586914062
99,51,1000.8287353515625,958.7181396484375
99,52,1054.43017578125,960.23095703125
99,53,1107.9517822265625,960.7483520507812
99,54,696.4407348632812,974.8765869140625
99,55,740.5960693359375,980.6089477539062
99,56,787.2365112304688,986.1405029296875
99,57,836.44091796875,991.6909790039062
99,58,887.616943359375,996.3438110351562
99,59,940.3623046875,999.4004516601562
99,60,994.6259155273438,1002.5433959960938
99,61,1050.0498046875,1004.1843872070312
99,62,1106.151123046875,1005.059814453125
100,0,700.8515625,705.0093383789062
100,1,740.795654296875,707.4205322265625
100,2,782.8242797851562,710.8766479492188
100,3,826.435791015625,713.1414794921875
100,4,872.30224609375,716.0755004882812
100,5,919.0641479492188,718.1499633789062
100,6,967.1287841796875,720.3067016601562
100,7,1016.4404907226562,722.6930541992188
100,8,1066.0792236328125,725.1871337890625
100,9,684.1654663085938,737.6041870117188
100,10,725.0620727539062,740.9534912109375
100,11,768.0795288085938,743.958984375
100,12,813.0527954101562,747.1925048828125
100,13,860.05517578125,749.4349365234375
100,14,908.6746215820312,751.8801879882812
100,15,958.834716796875,754.974853515625
100,16,1010.0557861328125,758.3233032226562
100,17,1062.251220703125,760.6034545898438
100,18,666.2560424804688,772.0654296875
100,19,708.15185546875,775.9203491210938
100,20,752.1325073242188,779.6314697265625
100,21,798.4737548828125,783.3063354492188
100,22,847.296875,787.2583618164062
100,23,897.6683349609375,790.4696044921875
100,24,949.7091064453125,793.1978759765625
100,25,1003.161376953125,795.9834594726562
100,26,1057.7763671875,799.72412109375
100,27,646.6232299804688,806.9380493164062
100,28,689.6749877929688,812.2205810546875
100,29,734.9435424804688,817.1849975585938
100,30,782.7571411132812,821.8910522460938
100,31,833.24853515625,826.7691040039062
100,32,885.7428588867188,831.2533569335938
100,33,939.7453002929688,834.7940673828125
100,34,995.8909912109375,838.2686767578125
100,35,1052.7386474609375,840.9156494140625
100,36,625.11767578125,842.9970703125
100,37,669.2102661132812,850.0714111328125
100,38,716.2420043945312,857.015380859375
100,39,765.3815307617188,862.6829223632812
100,40,817.8613891601562,868.7701416015625
100,41,872.0494995117188,873.883056640625
100,42,928.9854736328125,879.2796630859375
100,43,987.183349609375,883.055419921875
100,44,1047.41943359375,887.1815795898438
100,45,602.7158813476562,882.0049438476562
100,46,648.2399291992188,890.6487426757812
100,47,696.5061645507812,899.2114868164062
100,48,747.5073852539062,906.9288330078125
100,49,801.6392211914062,914.2083129882812
100,50,858.4334106445312,921.4725952148438
100,51,917.0015869140625,926.9688720703125
100,52,978.5399169921875,932.7625732421875
100,53,1040.712890625,936.8087158203125
100,54,580.2733154296875,924.2264404296875
100,55,626.0004272460938,933.9635620117188
100,56,675.4033813476562,943.9984741210938
100,57,728.3759155273438,954.0806274414062
100,58,784.5767822265625,963.3646240234375
100,59,842.8475341796875,971.1949462890625
100,60,904.4678955078125,979.1160888671875
100,61,968.205078125,985.2546997070312
100,62,1033.838134765625,991.11328125
101,0,750.4618530273438,472.390625
101,1,785.9902954101562,489.0733337402344
101,2,821.278076171875,505.91131591796875
101,3,856.470947265625,522.0464477539062
101,4,891.021728515625,538.5267944335938
101,5,924.9951171875,554.50244140625
101,6,958.1792602539062,570.2685546875
101,7,990.573974609375,585.6896362304688
101,8,1022.2368774414062,600.8228759765625
101,9,734.05029296875,507.94586181640625
101,10,770.0418701171875,524.5496215820312
101,11,805.9279174804688,540.8584594726562
101,12,841.4480590820312,557.1693115234375
101,13,876.859375,573.1175537109375
101,14,911.5411987304688,589.0001220703125
101,15,944.9835815429688,604.6022338867188
101,16,978.2083129882812,619.7586669921875
101,17,1010.57666015625,634.1682739257812
101,18,717.6260375976562,544.3566284179688
101,19,754.1434936523438,560.6414794921875
101,20,790.4544067382812,576.9428100585938
101,21,826.6471557617188,592.9209594726562
101,22,862.3326416015625,608.8478393554688
101,23,897.422607421875,624.3334350585938
101,24,932.2135009765625,639.2924194335938
101,25,966.059814453125,654.0331420898438
101,26,998.701171875,668.633056640625
101,27,701.6188354492188,580.8680419921875
101,28,738.6773681640625,597.1708374023438
101,29,775.5374145507812,613.2509765625
101,30,812.09765625,629.17529296875
101,31,848.4600830078125,644.5150756835938
101,32,884.204345703125,660.0767211914062
101,33,919.2598876953125,674.87646484375
101,34,953.7354736328125,689.4239501953125
101,35,986.7396850585938,703.2274169921875
101,36,685.67724609375,618.219482421875
101,37,723.1183471679688,634.4796142578125
101,38,760.5900268554688,650.5628051757812
101,39,797.803466796875,666.1045532226562
101,40,834.72216796875,681.7396850585938
101,41,870.8192138671875,696.6099243164062
101,42,906.254150390625,711.26953125
101,43,940.857421875,725.2003173828125
101,44,974.6070556640625,739.03564453125
101,45,669.9166259765625,656.1067504882812
101,46,707.779541015625,672.4518432617188
101,47,745.615478515625,688.1192626953125
101,48,783.1549682617188,703.7849731445312
101,49,820.4274291992188,718.9237670898438
101,50,856.93896484375,733.7041015625
101,51,892.78759765625,747.8779907226562
101,52,927.9052734375,761.6802978515625
101,53,961.7814331054688,774.4366455078125
101,54,654.3847045898438,694.990234375
101,55,692.3042602539062,710.7979736328125
101,56,730.676513671875,726.4815673828125
101,57,768.2960815429688,741.508056640625
101,58,806.062255859375,756.526123046875
101,59,843.0447387695312,770.8466796875
101,60,879.1502685546875,784.7403564453125
101,61,914.5083618164062,797.7407836914062
101,62,948.8980712890625,810.8265380859375
102,0,733.1332397460938,512.1287841796875
102,1,768.1226806640625,524.8381958007812
102,2,803.6239624023438,536.930908203125
102,3,839.0032958984375,548.9566040039062
102,4,874.2105102539062,562.3220825195312
102,5,909.3278198242188,574.6643676757812
102,6,944.0855712890625,586.9947509765625
102,7,978.3973999023438,599.6190795898438
102,8,1012.0515747070312,611.8959350585938
102,9,720.7310180664062,538.5696411132812
102,10,756.7760620117188,551.1895751953125
102,11,793.2800903320312,563.982177734375
102,12,829.6470947265625,576.6119995117188
102,13,866.4346923828125,589.0010375976562
102,14,902.91162109375,601.25390625
102,15,938.6209106445312,614.1473388671875
102,16,973.85498046875,626.884521484375
102,17,1008.633544921875,638.9817504882812
102,18,707.8206176757812,566.6135864257812
102,19,745.0357666015625,579.283203125
102,20,782.7003173828125,592.0950317382812
102,21,820.3070068359375,604.7963256835938
102,22,858.2208251953125,617.8676147460938
102,23,895.5466918945312,630.6002807617188
102,24,932.6389770507812,642.9915771484375
102,25,969.2412109375,655.3526611328125
102,26,1005.2387084960938,667.6738891601562
102,27,694.5625,595.0081176757812
102,28,733.0279541015625,608.3264770507812
102,29,771.796630859375,621.677490234375
102,30,810.4891357421875,634.924072265625
102,31,849.4955444335938,648.0761108398438
102,32,888.2399291992188,660.8653564453125
102,33,926.4992065429688,673.08447265625
102,34,964.7400512695312,685.4609985351562
102,35,1001.877197265625,696.9113159179688
102,36,680.9480590820312,623.794921875
102,37,720.5431518554688,637.9579467773438
102,38,760.52880859375,652.0153198242188
102,39,800.5463256835938,665.432373046875
102,40,841.1134033203125,678.8616943359375
102,41,881.0913696289062,691.810546875
102,42,920.9905395507812,704.5387573242188
102,43,960.0855102539062,716.6644897460938
102,44,998.7756958007812,728.7153930664062
102,45,666.6056518554688,655.1719970703125
102,46,707.6482543945312,669.78759765625
102,47,748.7978515625,684.3002319335938
102,48,790.4398803710938,698.1260375976562
102,49,832.103515625,711.888671875
102,50,873.579345703125,725.1714477539062
102,51,914.51611328125,737.71337890625
102,52,955.203369140625,750.21533203125
102,53,994.9412841796875,762.1351318359375
102,54,651.7711791992188,689.8749389648438
102,55,693.9119262695312,704.0
102,56,736.6884765625,718.49365234375
102,57,779.335205078125,732.9522705078125
102,58,822.6777954101562,747.0200805664062
102,59,865.4513549804688,759.840087890625
102,60,907.70166015625,773.2031860351562
102,61,949.8972778320312,785.8120727539062
102,62,990.8649291992188,797.734375
103,0,604.1128540039062,683.8927612304688
103,1,644.3292846679688,689.0084838867188
103,2,686.7581176757812,694.3689575195312
103,3,730.8096923828125,698.9697265625
103,4,776.8346557617188,704.243896484375
103,5,824.0380249023438,708.8114013671875
103,6,872.132568359375,713.4330444335938
103,7,921.6962890625,717.9876708984375
103,8,971.8281860351562,723.1028442382812
103,9,589.5130615234375,723.7412109375
103,10,630.6581420898438,729.4414672851562
103,11,673.6690063476562,734.942138671875
103,12,718.3153686523438,740.6272583007812
103,13,765.3062744140625,745.388916015625
103,14,813.6262817382812,750.6754150390625
103,15,863.4677734375,755.866455078125
103,16,914.7296142578125,761.7565307617188
103,17,966.53173828125,766.7156982421875
103,18,574.8800659179688,765.4252319335938
103,19,616.4885864257812,771.749755859375
103,20,659.9491577148438,777.8479614257812
103,21,705.76611328125,783.9119262695312
103,22,753.9562377929688,790.2802734375
103,23,803.5352783203125,796.2978515625
103,24,854.5241088867188,801.723876953125
103,25,907.0938110351562,807.0975952148438
103,26,960.6043090820312,813.1715087890625
103,27,558.7921142578125,807.51611328125
103,28,601.3192749023438,815.1769409179688
103,29,645.8518676757812,822.38671875
103,30,692.4918212890625,829.6190185546875
103,31,741.8670043945312,836.865966796875
103,32,792.97705078125,843.7518920898438
103,33,845.244140625,849.84765625
103,34,899.6312255859375,855.9624633789062
103,35,954.5690307617188,861.2533569335938
103,36,541.9359130859375,850.7073974609375
103,37,585.4033813476562,859.9367065429688
103,38,631.1747436523438,869.1168212890625
103,39,678.8076782226562,877.045654296875
103,40,729.335205078125,885.4140625
103,41,781.4794311523438,892.789306640625
103,42,835.7235717773438,900.6103515625
103,43,891.3505859375,906.968505859375
103,44,948.2845458984375,913.4775390625
103,45,525.4077758789062,896.0187377929688
103,46,569.9210815429688,906.7825927734375
103,47,616.7486572265625,917.0298461914062
103,48,665.4237670898438,926.9351806640625
103,49,716.9259033203125,935.9856567382812
103,50,770.6155395507812,945.2770385742188
103,51,825.891845703125,952.9111938476562
103,52,883.4240112304688,960.8175048828125
103,53,941.4666748046875,966.968994140625
103,54,509.8457336425781,943.693603515625
103,55,553.9456176757812,955.0553588867188
103,56,601.4710083007812,966.7861328125
103,57,651.8480224609375,977.933837890625
103,58,704.6867065429688,989.0133056640625
103,59,759.1079711914062,998.3948364257812
103,60,816.0471801757812,1008.16845703125
103,61,874.6304931640625,1016.0181274414062
103,62,934.5984497070312,1023.70947265625
104,0,800.3348999023438,267.072265625
104,1,836.4603271484375,294.8459167480469
104,2,871.177001953125,322.1574401855469
104,3,904.7533569335938,349.16192626953125
104,4,937.211669921875,374.3494567871094
104,5,968.2512817382812,398.0519714355469
104,6,997.6787719726562,420.6988220214844
104,7,1025.8511962890625,442.2417907714844
104,8,1052.0718994140625,462.48828125
104,9,773.1717529296875,293.2953186035156
104,10,808.5713500976562,319.1536865234375
104,11,843.1646118164062,344.3006286621094
104,12,876.3953857421875,369.0160217285156
104,13,908.443359375,393.2641906738281
104,14,938.9096069335938,416.1524658203125
104,15,968.2460327148438,437.8036804199219
104,16,996.2445678710938,457.8590393066406
104,17,1022.8562622070312,477.335693359375
104,18,748.9073486328125,316.0441589355469
104,19,783.6861572265625,340.2777099609375
104,20,817.298828125,364.22003173828125
104,21,849.6871337890625,387.6556396484375
104,22,881.4246826171875,410.1734313964844
104,23,911.5884399414062,431.99908447265625
104,24,940.5245361328125,453.251220703125
104,25,968.2782592773438,473.226318359375
104,26,994.938232421875,491.8018493652344
104,27,727.0271606445312,336.1911315917969
104,28,760.7235107421875,359.7015380859375
104,29,793.3468017578125,382.8226623535156
104,30,825.1009521484375,405.2676696777344
104,31,856.1563110351562,426.85125732421875
104,32,886.0159912109375,447.6968078613281
104,33,914.4967041015625,467.81365966796875
104,34,942.3095703125,487.03070068359375
104,35,967.9293212890625,505.4093933105469
104,36,706.662353515625,356.09783935546875
104,37,739.1253662109375,378.3957214355469
104,38,771.1143798828125,400.40313720703125
104,39,801.9688110351562,422.2205505371094
104,40,832.4224853515625,443.236328125
104,41,861.845947265625,463.0781555175781
104,42,889.8936767578125,482.256103515625
104,43,917.3162231445312,500.8487854003906
104,44,943.337158203125,518.2769165039062
104,45,687.9267578125,374.48614501953125
104,46,719.5657348632812,395.8408508300781
104,47,750.7794189453125,416.40435791015625
104,48,780.892578125,437.3043518066406
104,49,810.3619995117188,457.692138671875
104,50,839.3480224609375,476.6513671875
104,51,866.9150390625,495.0293273925781
104,52,893.97900390625,512.9983520507812
104,53,920.1610107421875,530.1074829101562
104,54,670.4735107421875,392.0856628417969
104,55,701.0814819335938,412.6385192871094
104,56,731.5132446289062,432.7500915527344
104,57,761.2989501953125,451.7772521972656
104,58,790.3527221679688,470.9884033203125
104,59,817.8488159179688,490.1466369628906
104,60,845.4987182617188,507.6612548828125
104,61,871.062744140625,524.7554931640625
104,62,897.32470703125,541.0469360351562
105,0,804.4152221679688,271.318603515625
105,1,840.6094360351562,298.9198913574219
105,2,875.5496826171875,326.04302978515625
105,3,909.0558471679688,352.8731994628906
105,4,941.625732421875,377.9020080566406
105,5,972.7233276367188,401.2301940917969
105,6,1002.1914672851562,423.56536865234375
105,7,1030.2113037109375,444.8379211425781
105,8,1056.53662109375,464.8726806640625
105,9,777.0800170898438,297.7257385253906
105,10,812.6455688476562,323.2667541503906
105,11,847.3580932617188,348.1200256347656
105,12,880.6029052734375,372.69677734375
105,13,912.8048706054688,396.7530822753906
105,14,943.2452392578125,419.3489074707031
105,15,972.733154296875,440.6997985839844
105,16,1000.740234375,460.497314453125
105,17,1027.2369384765625,479.7967224121094
105,18,752.6803588867188,320.402587890625
105,19,787.4466552734375,344.3275146484375
105,20,821.3168334960938,368.14532470703125
105,21,853.9780883789062,391.1806945800781
105,22,885.7604370117188,413.6246643066406
105,23,915.8570556640625,435.05389404296875
105,24,944.851806640625,456.1317138671875
105,25,972.7854614257812,476.0009460449219
105,26,999.2633666992188,494.1264343261719
105,27,730.8765869140625,340.5578918457031
105,28,764.6607666015625,363.7242126464844
105,29,797.3458862304688,386.62652587890625
105,30,829.318359375,408.8935546875
105,31,860.5416259765625,430.2864074707031
105,32,890.2369995117188,450.7236022949219
105,33,919.0468139648438,470.6701965332031
105,34,946.4351196289062,489.6601867675781
105,35,972.5894775390625,507.91119384765625
105,36,710.2352905273438,360.3236389160156
105,37,743.0408325195312,382.3737487792969
105,38,775.122802734375,404.1826477050781
105,39,805.9898071289062,425.81573486328125
105,40,836.68603515625,446.4480895996094
105,41,865.9696655273438,466.259521484375
105,42,894.2288208007812,485.0647277832031
105,43,921.8161010742188,503.26715087890625
105,44,947.56103515625,520.7031860351562
105,45,691.3832397460938,378.6836242675781
105,46,723.3470458984375,399.7787780761719
105,47,754.6561889648438,420.177734375
105,48,784.9611206054688,440.78759765625
105,49,814.486572265625,460.784912109375
105,50,843.5220336914062,479.629150390625
105,51,871.0382080078125,498.0118103027344
105,52,898.229248046875,515.6458129882812
105,53,924.0407104492188,532.1880493164062
105,54,673.8138427734375,396.21099853515625
105,55,704.8539428710938,416.6451110839844
105,56,735.2521362304688,436.37445068359375
105,57,765.3081665039062,454.8880615234375
105,58,794.2915649414062,474.1741943359375
105,59,821.8540649414062,492.9010314941406
105,60,849.644775390625,510.2255554199219
105,61,875.1076049804688,527.02392578125
105,62,901.7138671875,543.196044921875
106,0,870.6094360351562,875.0150146484375
106,1,900.7374877929688,883.9478149414062
106,2,931.7575073242188,892.6719360351562
106,3,963.1793823242188,900.9805297851562
106,4,995.9822387695312,909.3496704101562
106,5,1028.775390625,916.949462890625
106,6,1062.373779296875,924.4039916992188
106,7,1096.322021484375,931.7144165039062
106,8,1130.93017578125,938.3104858398438
106,9,856.8533325195312,892.13232421875
106,10,887.212158203125,901.9553833007812
106,11,918.5476684570312,911.0984497070312
106,12,951.6146850585938,919.0762329101562
106,13,985.09130859375,927.0739135742188
106,14,1019.3154296875,934.7846069335938
106,15,1053.9847412109375,943.0865478515625
106,16,1088.964599609375,951.4779663085938
106,17,1124.5899658203125,958.857177734375
106,18,841.1058959960938,911.4965209960938
106,19,872.3272705078125,920.9528198242188
106,20,905.4514770507812,929.3116455078125
106,21,939.015625,938.0623168945312
106,22,973.7009887695312,946.8073120117188
106,23,1008.8499145507812,955.3710327148438
106,24,1044.7158203125,963.3867797851562
106,25,1081.1639404296875,971.7269897460938
106,26,1117.9200439453125,980.2681274414062
106,27,824.8916015625,930.1044311523438
106,28,857.5366821289062,939.3404541015625
106,29,890.959228515625,948.7132568359375
106,30,925.6990966796875,957.8911743164062
106,31,961.1530151367188,967.2513427734375
106,32,997.710693359375,976.61572265625
106,33,1034.71728515625,985.2588500976562
106,34,1072.5404052734375,994.0263061523438
106,35,1110.7447509765625,1002.3345336914062
106,36,807.7758178710938,948.1677856445312
106,37,840.9874267578125,958.7092895507812
106,38,875.4658203125,969.2286376953125
106,39,910.9027099609375,978.9436645507812
106,40,947.9970703125,988.7758178710938
106,41,985.645751953125,998.6279296875
106,42,1024.0462646484375,1008.236328125
106,43,1063.3101806640625,1017.5010986328125
106,44,1102.9588623046875,1026.510986328125
106,45,789.4197387695312,967.2794189453125
106,46,823.6577758789062,979.05078125
106,47,859.0071411132812,990.6630249023438
106,48,895.6801147460938,1001.6204833984375
106,49,933.7019653320312,1012.3037719726562
106,50,972.6697998046875,1023.0049438476562
106,51,1012.4221801757812,1033.2242431640625
106,52,1053.0556640625,1043.2078857421875
106,53,1094.271240234375,1052.8753662109375
106,54,769.9683227539062,986.8494873046875
106,55,804.502685546875,999.1665649414062
106,56,841.3232421875,1011.6637573242188
106,57,878.9758911132812,1024.6376953125
106,58,918.388427734375,1036.7266845703125
106,59,958.619873046875,1047.6978759765625
106,60,999.8399658203125,1059.3123779296875
106,61,1042.0560302734375,1070.0960693359375
106,62,1084.984130859375,1079.822021484375
107,0,846.2407836914062,766.4010620117188
107,1,885.6156005859375,774.0847778320312
107,2,925.8147583007812,782.2827758789062
107,3,966.4853515625,789.5912475585938
107,4,1008.0967407226562,797.2706909179688
107,5,1049.9141845703125,804.085693359375
107,6,1091.7725830078125,810.8300170898438
107,7,1133.6029052734375,817.44189453125
107,8,1175.0958251953125,824.2703247070312
107,9,834.4952392578125,801.4207153320312
107,10,874.5481567382812,809.6405639648438
107,11,915.6675415039062,817.5015258789062
107,12,957.42041015625,825.5413818359375
107,13,1000.0613403320312,832.6603393554688
107,14,1043.1961669921875,839.858154296875
107,15,1086.18212890625,846.9052124023438
107,16,1129.34619140625,854.2526245117188
107,17,1172.005615234375,860.9093627929688
107,18,822.1710815429688,837.6951293945312
107,19,862.9920654296875,846.1767578125
107,20,905.132568359375,854.7474365234375
107,21,947.9421997070312,862.9795532226562
107,22,991.6243896484375,871.06005859375
107,23,1035.7838134765625,878.4046630859375
107,24,1080.188232421875,885.3858642578125
107,25,1124.5509033203125,892.0625
107,26,1168.444580078125,899.2448120117188
107,27,808.8594360351562,874.7097778320312
107,28,850.893798828125,883.8031616210938
107,29,893.7868041992188,892.494140625
107,30,937.7437133789062,901.2476196289062
107,31,982.89892578125,909.8363647460938
107,32,1028.0477294921875,918.0618896484375
107,33,1073.40478515625,925.1686401367188
107,34,1119.443359375,932.580078125
107,35,1164.701904296875,938.9230346679688
107,36,794.821533203125,911.806640625
107,37,837.5187377929688,921.7479248046875
107,38,881.8179321289062,931.4818725585938
107,39,926.8849487304688,940.7279663085938
107,40,973.4165649414062,950.053466796875
107,41,1019.8010864257812,958.6583862304688
107,42,1066.837158203125,966.9397583007812
107,43,1113.4677734375,974.1021728515625
107,44,1160.46240234375,981.2664184570312
107,45,780.1669921875,950.4183349609375
107,46,824.3108520507812,961.6943359375
107,47,869.4887084960938,972.7858276367188
107,48,915.9259643554688,982.9573364257812
107,49,963.212158203125,992.6297607421875
107,50,1011.1599731445312,1002.1514282226562
107,51,1059.0672607421875,1010.4474487304688
107,52,1107.4195556640625,1018.4373168945312
107,53,1155.0802001953125,1025.1417236328125
107,54,765.7830810546875,991.9773559570312
107,55,810.2928466796875,1003.6788330078125
107,56,856.931640625,1015.6475830078125
107,57,904.3045654296875,1026.76123046875
107,58,952.8562622070312,1037.3265380859375
107,59,1001.7070922851562,1046.7489013671875
107,60,1051.046630859375,1055.84228515625
107,61,1100.2471923828125,1063.3814697265625
107,62,1149.4666748046875,1070.7763671875
108,0,732.9151611328125,534.0211791992188
108,1,767.9605102539062,542.923583984375
108,2,803.2969970703125,552.6561889648438
108,3,839.099365234375,561.4851684570312
108,4,875.1436157226562,570.9432983398438
108,5,911.2639770507812,579.817626953125
108,6,947.2069091796875,588.773681640625
108,7,982.9456176757812,598.0759887695312
108,8,1018.0578002929688,607.3199462890625
108,9,721.9296264648438,555.5264282226562
108,10,758.097412109375,564.5034790039062
108,11,794.6951904296875,573.5823364257812
108,12,831.9126586914062,582.8706665039062
108,13,869.50341796875,591.6674194335938
108,14,906.767822265625,600.5222778320312
108,15,943.9017333984375,609.9617919921875
108,16,981.0030517578125,619.9449462890625
108,17,1017.312255859375,629.0953369140625
108,18,710.179931640625,577.8610229492188
108,19,747.5579833984375,586.922119140625
108,20,785.794189453125,596.0260620117188
108,21,824.0282592773438,605.4155883789062
108,22,863.033203125,615.0715942382812
108,23,901.7769775390625,624.3756713867188
108,24,940.5651245117188,633.4078369140625
108,25,979.0450439453125,642.9070434570312
108,26,1017.0023803710938,652.4744873046875
108,27,698.0120239257812,599.7885131835938
108,28,736.7386474609375,609.5200805664062
108,29,776.166259765625,619.2138061523438
108,30,816.0751342773438,628.8740844726562
108,31,856.3555297851562,638.9591674804688
108,32,896.6302490234375,648.9165649414062
108,33,936.7147827148438,658.114013671875
108,34,976.9927978515625,667.6744384765625
108,35,1016.6038818359375,676.6026000976562
108,36,684.918701171875,621.8786010742188
108,37,725.0923461914062,632.6531982421875
108,38,766.1715698242188,643.0645751953125
108,39,807.4893188476562,653.0935668945312
108,40,849.68798828125,663.90966796875
108,41,891.461181640625,674.1177978515625
108,42,933.2615966796875,684.115966796875
108,43,975.121826171875,693.4365234375
108,44,1016.315673828125,702.8800048828125
108,45,670.9341430664062,646.9589233398438
108,46,712.8162841796875,658.1188354492188
108,47,755.2235107421875,669.5291748046875
108,48,798.4263916015625,680.3548583984375
108,49,842.1004028320312,691.2313232421875
108,50,885.9029541015625,701.9373779296875
108,51,929.358154296875,711.7612915039062
108,52,973.0167236328125,721.805419921875
108,53,1015.655029296875,731.2884521484375
108,54,656.1978759765625,675.2127685546875
108,55,699.4959716796875,686.2494506835938
108,56,743.8563232421875,697.743408203125
108,57,788.6021118164062,709.65673828125
108,58,834.2506103515625,720.84619140625
108,59,879.8776245117188,731.0326538085938
108,60,925.4141845703125,741.92724609375
108,61,970.6258544921875,751.9237060546875
108,62,1015.3500366210938,761.8059692382812
109,0,705.9047241210938,761.4767456054688
109,1,742.33203125,766.870849609375
109,2,779.9290771484375,772.1246948242188
109,3,817.64013671875,776.7244873046875
109,4,856.6123046875,782.1085205078125
109,5,895.546142578125,786.8526000976562
109,6,934.6846313476562,791.5780029296875
109,7,973.6066284179688,795.7066650390625
109,8,1013.0232543945312,799.8629760742188
109,9,695.47705078125,791.0147705078125
109,10,732.9151000976562,796.9850463867188
109,11,771.249267578125,801.7735595703125
109,12,810.4044189453125,807.0276489257812
109,13,850.4347534179688,811.6236572265625
109,14,890.6309814453125,816.4924926757812
109,15,931.1113891601562,821.3212890625
109,16,971.6137084960938,826.576904296875
109,17,1011.7805786132812,830.0814208984375
109,18,684.8699340820312,823.019775390625
109,19,723.1219482421875,828.533203125
109,20,762.5543212890625,833.537353515625
109,21,802.6801147460938,838.70751953125
109,22,844.073974609375,844.2677612304688
109,23,885.53662109375,849.361572265625
109,24,927.3243408203125,853.7898559570312
109,25,969.0375366210938,858.1224975585938
109,26,1010.9514770507812,862.7678833007812
109,27,673.2147827148438,854.5966186523438
109,28,712.7388305664062,860.95263671875
109,29,753.2259521484375,866.660888671875
109,30,794.7352294921875,872.3643798828125
109,31,837.2449340820312,878.0138549804688
109,32,880.0164794921875,883.4893188476562
109,33,923.202392578125,888.1525268554688
109,34,966.7566528320312,892.6539916992188
109,35,1009.7452392578125,896.30322265625
109,36,661.0101928710938,887.2347412109375
109,37,701.7167358398438,894.8472290039062
109,38,743.7459106445312,901.7017822265625
109,39,786.1746215820312,907.3154907226562
109,40,830.3101806640625,913.5393676757812
109,41,874.3943481445312,919.006103515625
109,42,919.1834716796875,924.1439208984375
109,43,963.6748657226562,928.3536376953125
109,44,1008.8848266601562,932.9818115234375
109,45,648.2468872070312,921.7064819335938
109,46,690.415771484375,930.0932006835938
109,47,733.440185546875,937.7069702148438
109,48,777.57275390625,944.951171875
109,49,822.9288940429688,951.2335205078125
109,50,868.6683959960938,957.1976928710938
109,51,914.584716796875,962.2073974609375
109,52,961.1176147460938,967.2861938476562
109,53,1007.0491333007812,971.116943359375
109,54,635.1571655273438,957.9630126953125
109,55,678.177001953125,966.12744140625
109,56,722.738037109375,974.684326171875
109,57,768.5687255859375,983.0824584960938
109,58,815.2174682617188,990.46484375
109,59,862.4586791992188,996.3264770507812
109,60,909.9931030273438,1002.2786254882812
109,61,957.9903564453125,1006.8560180664062
109,62,1005.9931640625,1010.6944580078125
110,0,801.2944946289062,469.3968200683594
110,1,834.644287109375,499.4912109375
110,2,867.5234985351562,527.8192749023438
110,3,898.949462890625,555.38525390625
110,4,929.8507080078125,581.36083984375
110,7,1015.0885620117188,649.7965698242188
110,8,1039.4185791015625,669.1730346679688
110,9,777.1469116210938,484.0113830566406
110,10,810.3569946289062,511.4590148925781
110,11,842.279296875,537.8907470703125
110,12,873.490966796875,563.8583374023438
110,13,902.9362182617188,589.2101440429688
110,16,986.2754516601562,654.6743774414062
110,17,1012.1923828125,674.22705078125
110,18,756.7594604492188,494.67462158203125
110,19,788.8290405273438,520.5731201171875
110,20,819.9795532226562,546.4757690429688
110,21,849.7886352539062,571.529052734375
110,22,879.1913452148438,594.8614501953125
110,23,908.6007690429688,618.1116943359375
110,24,933.962890625,639.9541015625
110,27,738.322021484375,504.09173583984375
110,28,769.1158447265625,529.4268188476562
110,29,798.7591552734375,554.7233276367188
110,30,828.0689697265625,578.7175903320312
110,31,855.8854370117188,601.5989379882812
110,32,884.0015869140625,623.43505859375
110,36,720.9871826171875,513.8116455078125
110,37,750.4873046875,538.3458251953125
110,38,779.64794921875,562.1837158203125
110,39,807.214599609375,585.4946899414062
110,40,835.1393432617188,608.2532348632812
110,47,761.4932861328125,568.7930908203125
110,48,789.0404052734375,591.3726806640625
110,49,814.867919921875,613.225341796875
110,56,744.9271240234375,576.0991821289062
110,57,771.0217895507812,596.9603881835938
110,58,797.99169921875,617.99755859375
111,0,796.3043823242188,250.15185546875
111,1,830.23779296875,280.7244567871094
111,2,863.3076782226562,310.24212646484375
111,3,894.9961547851562,339.35009765625
111,4,925.76220703125,367.0013122558594
111,5,955.0731201171875,392.9154357910156
111,6,982.98388671875,417.6179504394531
111,7,1009.5933837890625,441.2331237792969
111,8,1034.6043701171875,463.4939880371094
111,9,767.1506958007812,274.7508239746094
111,10,800.8881225585938,303.0668029785156
111,11,833.681396484375,330.6670837402344
111,12,865.0870971679688,357.7751770019531
111,13,895.34326171875,384.4695739746094
111,14,924.3206787109375,409.6398620605469
111,15,952.3204956054688,433.3988952636719
111,16,978.9480590820312,455.5064392089844
111,17,1004.34765625,477.0021667480469
111,18,741.3157958984375,296.21356201171875
111,19,774.2801513671875,322.8298034667969
111,20,806.2857666015625,349.4584655761719
111,21,837.083251953125,375.21270751953125
111,22,867.1166381835938,400.16705322265625
111,23,895.8571166992188,424.2572326660156
111,24,923.2975463867188,447.7837829589844
111,25,949.8875732421875,469.8655090332031
111,26,975.1934814453125,490.19232177734375
111,27,718.0032958984375,315.551025390625
111,28,749.8458251953125,341.52545166015625
111,29,780.8084106445312,367.08026123046875
111,30,811.056396484375,392.0892028808594
111,31,840.6714477539062,415.9608459472656
111,32,868.9452514648438,438.9166564941406
111,33,896.5366821289062,461.0120544433594
111,34,922.76953125,482.4205627441406
111,35,947.5621948242188,502.7710876464844
111,36,695.757080078125,334.78857421875
111,37,726.8671875,359.61944580078125
111,38,757.1242065429688,383.91522216796875
111,39,786.5648803710938,408.1217346191406
111,40,815.6124267578125,431.31243896484375
111,41,843.459716796875,453.3816833496094
111,42,870.3960571289062,474.6038513183594
111,43,897.0376586914062,495.2438659667969
111,44,921.7345581054688,514.4467163085938
111,45,675.5135498046875,352.6607666015625
111,46,705.8148193359375,376.3151550292969
111,47,735.5353393554688,399.30169677734375
111,48,764.364013671875,422.42022705078125
111,49,792.324951171875,444.67779541015625
111,50,820.0773315429688,466.1341247558594
111,51,846.517333984375,486.7048034667969
111,52,872.23193359375,506.455078125
111,53,897.31201171875,524.7855834960938
111,54,656.6502685546875,369.6714782714844
111,55,685.9104614257812,392.5842590332031
111,56,714.8009033203125,414.92266845703125
111,57,743.6012573242188,436.2326354980469
111,58,771.160888671875,457.6162109375
111,59,797.4011840820312,478.1526794433594
111,60,824.0585327148438,498.2547912597656
111,61,848.255126953125,517.023681640625
111,62,874.0399780273438,535.5013427734375
112,0,677.6561279296875,684.62353515625
112,1,720.0882568359375,691.08056640625
112,2,764.6986694335938,698.4031982421875
112,3,810.6686401367188,704.3922729492188
112,4,858.8548583984375,711.8525390625
112,5,907.8196411132812,718.2392578125
112,6,957.83642578125,724.7410278320312
112,7,1008.5618286132812,731.1915283203125
112,8,1059.9207763671875,738.0001220703125
112,9,660.047607421875,721.3201293945312
112,10,703.4611206054688,728.8494262695312
112,11,749.10205078125,736.0806274414062
112,12,796.544677734375,743.5062255859375
112,13,845.9229736328125,750.2677001953125
112,14,896.6026000976562,757.21337890625
112,15,948.61962890625,764.2898559570312
112,16,1001.7340698242188,772.1233520507812
112,17,1054.9415283203125,778.8373413085938
112,18,641.6161499023438,760.5462036132812
112,19,685.968017578125,768.4434814453125
112,20,732.6497802734375,776.5113525390625
112,21,781.3257446289062,784.6458129882812
112,22,832.5948486328125,792.8705444335938
112,23,884.9627075195312,800.7440795898438
112,24,938.9038696289062,807.9969482421875
112,25,993.836181640625,815.153076171875
112,26,1049.3316650390625,823.15380859375
112,27,621.6450805664062,800.1141967773438
112,28,667.2991333007812,809.8412475585938
112,29,714.9966430664062,819.027587890625
112,30,765.07861328125,828.2495727539062
112,31,817.9595947265625,837.3090209960938
112,32,872.5009765625,846.508544921875
112,33,928.1605224609375,854.3544921875
112,34,985.7713623046875,862.62451171875
112,35,1043.4866943359375,869.7401123046875
112,36,599.927001953125,840.9842529296875
112,37,646.794677734375,852.3419189453125
112,38,696.4110717773438,863.9989624023438
112,39,747.9215698242188,874.1224365234375
112,40,802.518310546875,884.7574462890625
112,41,858.6668701171875,894.447998046875
112,42,917.1126098632812,904.2373046875
112,43,976.2041015625,912.2904052734375
112,44,1036.6759033203125,920.75048828125
112,45,578.0238647460938,884.6586303710938
112,46,626.1643676757812,898.0632934570312
112,47,677.0541381835938,911.003662109375
112,48,730.2864379882812,923.21435546875
112,49,786.4404907226562,935.194091796875
112,50,844.8787231445312,946.5848388671875
112,51,904.7152709960938,956.3384399414062
112,52,966.8672485351562,966.3670654296875
112,53,1029.17138671875,974.593505859375
112,54,556.1716918945312,931.8300170898438
112,55,604.3814086914062,945.7156982421875
112,56,656.4042358398438,960.363037109375
112,57,711.59326171875,974.86572265625
112,58,769.6807861328125,988.513916015625
112,59,829.4367065429688,1000.4398803710938
112,60,891.8959350585938,1012.6287841796875
112,61,956.0638427734375,1022.8611450195312
112,62,1021.2887573242188,1032.221435546875
113,0,628.8615112304688,678.3074951171875
113,1,671.1566772460938,684.3052978515625
113,2,715.4467163085938,691.087890625
113,3,761.273193359375,696.8314208984375
113,4,809.180908203125,703.3901977539062
113,5,858.0934448242188,709.1668090820312
113,6,908.3029174804688,715.00830078125
113,7,959.307373046875,720.9513549804688
113,8,1010.8629150390625,727.1488037109375
113,9,612.853515625,718.2997436523438
113,10,655.9053344726562,725.2569580078125
113,11,700.9494018554688,731.9743041992188
113,12,747.879150390625,738.8199462890625
113,13,796.850341796875,744.8547973632812
113,14,847.1898803710938,751.2080078125
113,15,899.13818359375,757.7029418945312
113,16,952.0609741210938,764.8827514648438
113,17,1005.3964233398438,770.785888671875
113,18,596.4984741210938,760.4251708984375
113,19,640.0699462890625,767.857177734375
113,20,685.7562866210938,775.2526245117188
113,21,733.7841186523438,782.3829956054688
113,22,784.3716430664062,790.1936645507812
113,23,836.2554321289062,797.3816528320312
113,24,889.5360717773438,804.0933837890625
113,25,944.240966796875,810.684814453125
113,26,999.638916015625,817.9710693359375
113,27,578.552978515625,802.884765625
113,28,623.314697265625,811.9612426757812
113,29,670.0711059570312,820.2509765625
113,30,719.223388671875,829.0534057617188
113,31,771.0533447265625,837.4058837890625
113,32,824.614990234375,845.86181640625
113,33,879.3396606445312,853.0439453125
113,34,936.2265014648438,860.7081909179688
113,35,993.3299560546875,867.0968017578125
113,36,559.4506225585938,846.8143920898438
113,37,605.37158203125,857.5218505859375
113,38,653.7779541015625,868.2152099609375
113,39,703.8150024414062,877.270751953125
113,40,757.1806030273438,887.32666015625
113,41,812.0020141601562,896.1287841796875
113,42,868.9782104492188,905.215087890625
113,43,927.1563720703125,912.7861938476562
113,44,986.6237182617188,920.3937377929688
113,45,540.8637084960938,893.251220703125
113,46,587.8040771484375,905.5408935546875
113,47,636.9752807617188,916.97802734375
113,48,688.82080078125,928.6868896484375
113,49,743.238525390625,939.4188232421875
113,50,799.8905639648438,950.0967407226562
113,51,857.9619750976562,959.1431274414062
113,52,918.5106201171875,968.4620971679688
113,53,979.3816528320312,975.8214721679688
113,54,522.6911010742188,942.1968383789062
113,55,569.7412109375,955.313720703125
113,56,619.85888671875,968.6754150390625
113,57,673.065673828125,981.8436889648438
113,58,729.1919555664062,994.2388305664062
113,59,786.7640380859375,1005.2779541015625
113,60,846.9679565429688,1016.3755493164062
113,61,908.7599487304688,1025.4259033203125
113,62,971.7113647460938,1034.1256103515625
114,0,890.2459106445312,810.865234375
114,1,917.5423583984375,826.4287719726562
114,2,945.3224487304688,842.2156982421875
114,3,973.7227783203125,857.76318359375
114,4,1002.518310546875,873.3468627929688
114,5,1031.8958740234375,888.4078979492188
114,6,1061.1868896484375,903.6051635742188
114,7,1091.0908203125,918.6664428710938
114,8,1121.0965576171875,933.0350952148438
114,9,873.1720581054688,831.0283813476562
114,10,900.9177856445312,847.6056518554688
114,11,929.2262573242188,863.5774536132812
114,12,958.2860107421875,879.3328857421875
114,13,987.9989624023438,894.8322143554688
114,14,1018.0794067382812,910.3419189453125
114,15,1048.2493896484375,926.1533813476562
114,16,1078.55029296875,942.1025390625
114,17,1109.1749267578125,957.1968994140625
114,18,855.1611328125,852.7986450195312
114,19,883.47607421875,869.2002563476562
114,20,912.4439697265625,885.2216186523438
114,21,942.176025390625,901.4345092773438
114,22,972.4991455078125,917.8768920898438
114,23,1003.1174926757812,934.133056640625
114,24,1034.2164306640625,950.0140991210938
114,25,1065.5263671875,966.2401123046875
114,26,1096.7999267578125,982.3699340820312
114,27,836.609130859375,874.3157958984375
114,28,865.3529052734375,890.8995361328125
114,29,894.9296875,907.592041015625
114,30,925.2463989257812,924.3401489257812
114,31,956.3484497070312,941.5291137695312
114,32,987.675048828125,958.421142578125
114,33,1019.4041137695312,975.0806274414062
114,34,1051.7359619140625,991.7852783203125
114,35,1084.00537109375,1008.0673217773438
114,36,817.0533447265625,895.8133544921875
114,37,846.3507080078125,913.315185546875
114,38,876.4511108398438,931.0261840820312
114,39,907.458984375,948.2700805664062
114,40,939.2711181640625,966.0333862304688
114,41,971.2422485351562,983.549560546875
114,42,1003.9942016601562,1000.9014892578125
114,43,1036.9031982421875,1018.0477905273438
114,44,1070.1978759765625,1035.0914306640625
114,45,796.90673828125,917.8005981445312
114,46,826.7045288085938,936.5391845703125
114,47,857.3203125,955.0164184570312
114,48,888.8399047851562,973.2890625
114,49,921.2606201171875,991.8095703125
114,50,954.1754150390625,1010.10498046875
114,51,987.4146728515625,1028.054931640625
114,52,1021.3176879882812,1046.02734375
114,53,1055.1622314453125,1063.6021728515625
114,54,775.9698486328125,940.0181274414062
114,55,806.08837890625,959.3326416015625
114,56,837.521240234375,978.9918823242188
114,57,869.394775390625,998.9081420898438
114,58,902.510498046875,1018.2479858398438
114,59,936.1442260742188,1037.0299072265625
114,60,970.237060546875,1056.07421875
114,61,1004.9315185546875,1074.6478271484375
114,62,1039.93212890625,1092.377197265625
115,0,746.1353149414062,478.4895324707031
115,1,781.348388671875,494.8995056152344
115,2,816.447509765625,511.58758544921875
115,3,851.367431640625,527.679443359375
115,4,886.0773315429688,543.9827270507812
115,5,920.0177612304688,559.8352661132812
115,6,953.1300659179688,575.5428466796875
115,7,985.531982421875,590.9302978515625
115,8,1017.554443359375,605.924560546875
115,9,730.1063842773438,512.8846435546875
115,10,766.0369873046875,529.25927734375
115,11,801.8645629882812,545.6246337890625
115,12,837.3065185546875,561.8323974609375
115,13,872.8243408203125,577.7477416992188
115,14,907.5656127929688,593.4216918945312
115,15,941.0795288085938,609.075927734375
115,16,974.4082641601562,624.2163696289062
115,17,1007.1300659179688,638.8616943359375
115,18,714.0006713867188,548.3125
115,19,750.4740600585938,564.6185302734375
115,20,786.9155883789062,580.7633666992188
115,21,823.1206665039062,596.7940673828125
115,22,859.0725708007812,612.77294921875
115,23,894.4352416992188,628.28662109375
115,24,929.3248291015625,643.3211669921875
115,25,963.6986694335938,658.1657104492188
115,26,996.7979736328125,672.6594848632812
115,27,698.145751953125,583.9423217773438
115,28,735.2897338867188,600.2711791992188
115,29,772.4085693359375,616.2660522460938
115,30,809.270751953125,632.421142578125
115,31,846.088623046875,648.1648559570312
115,32,882.181640625,663.6111450195312
115,33,917.7086791992188,678.4332275390625
115,34,952.5533447265625,693.08740234375
115,35,986.396240234375,707.1958618164062
115,36,682.2205200195312,620.33642578125
115,37,720.0440063476562,636.820068359375
115,38,757.9239501953125,653.034423828125
115,39,795.46240234375,668.7967529296875
115,40,833.0933837890625,684.6331176757812
115,41,869.7449340820312,699.7926025390625
115,42,905.780517578125,714.67724609375
115,43,941.1282958984375,728.9952392578125
115,44,975.6923217773438,742.8624267578125
115,45,666.3114013671875,658.0439453125
115,46,704.6942138671875,674.60595703125
115,47,743.0252075195312,690.7343139648438
115,48,781.2794799804688,706.5970458984375
115,49,819.34423828125,722.058349609375
115,50,856.6129760742188,737.107421875
115,51,893.2359619140625,751.4830932617188
115,52,929.2970581054688,765.7293701171875
115,53,964.2032470703125,778.9871826171875
115,54,650.4247436523438,697.0615234375
115,55,689.1721801757812,713.0559692382812
115,56,728.2748413085938,729.3291625976562
115,57,766.7926025390625,745.0108642578125
115,58,805.4580078125,760.3697509765625
115,59,843.4993286132812,774.9407958984375
115,60,880.6416625976562,789.322265625
115,61,917.1432495117188,802.8663940429688
115,62,952.708251953125,816.1240234375
116,0,797.21923828125,263.32745361328125
116,1,833.1690063476562,291.28509521484375
116,2,867.8823852539062,318.8714904785156
116,3,901.2847900390625,346.07330322265625
116,4,933.9818115234375,371.4027099609375
116,5,965.107177734375,395.27447509765625
116,6,994.4490966796875,418.22552490234375
116,7,1022.6253051757812,440.1853942871094
116,8,1049.140869140625,460.6287536621094
116,9,770.0599975585938,289.7232971191406
116,10,805.36474609375,315.74383544921875
116,11,839.9348754882812,341.0429382324219
116,12,873.0641479492188,366.0469970703125
116,13,905.1278686523438,390.66448974609375
116,14,935.6986694335938,413.80767822265625
116,15,965.0682983398438,435.6292724609375
116,16,993.1302490234375,455.99615478515625
116,17,1019.895263671875,475.919677734375
116,18,745.960693359375,312.52496337890625
116,19,780.4817504882812,336.7039489746094
116,20,814.2528076171875,361.0359191894531
116,21,846.5889282226562,384.62542724609375
116,22,878.3333740234375,407.6156921386719
116,23,908.29345703125,429.83837890625
116,24,937.3734130859375,451.34295654296875
116,25,965.2807006835938,471.7481994628906
116,26,991.8448486328125,490.408935546875
116,27,724.187255859375,332.7514343261719
116,28,757.7998657226562,356.46044921875
116,29,790.317138671875,379.95599365234375
116,30,822.0178833007812,402.5432434082031
116,31,853.0052490234375,424.5100402832031
116,32,882.7366333007812,445.60174560546875
116,33,911.4825439453125,465.9570617675781
116,34,939.0148315429688,485.6481628417969
116,35,965.0947875976562,504.2875061035156
116,36,703.8062744140625,352.8994140625
116,37,736.131591796875,375.3785095214844
116,38,768.1170043945312,397.6568908691406
116,39,798.9136962890625,419.74609375
116,40,829.3118286132812,441.0289306640625
116,41,858.7149658203125,461.0934143066406
116,42,886.8325805664062,480.806640625
116,43,914.2215576171875,499.7490539550781
116,44,940.2926025390625,517.3117065429688
116,45,685.0349731445312,371.49993896484375
116,46,716.6002197265625,392.9315185546875
116,47,747.7916870117188,413.9817810058594
116,48,777.927490234375,435.0185546875
116,49,807.4755249023438,455.7103271484375
116,50,836.268310546875,474.9300231933594
116,51,863.8099365234375,493.9769287109375
116,52,890.8585815429688,512.0638427734375
116,53,917.005615234375,529.1234741210938
116,54,667.4706420898438,389.36767578125
116,55,698.2489013671875,410.2417907714844
116,56,728.3946533203125,430.5262145996094
116,57,758.1634521484375,449.88397216796875
116,58,787.0009155273438,469.1794128417969
116,59,814.7830200195312,488.6771545410156
116,60,842.3285522460938,506.4761657714844
116,61,868.3956909179688,523.8226928710938
116,62,894.2614135742188,540.6630249023438
117,0,797.6619262695312,455.9785461425781
117,1,830.683349609375,486.48193359375
117,2,863.2618408203125,515.1919555664062
117,3,894.3766479492188,542.94482421875
117,4,924.8084106445312,569.2122192382812
117,5,953.42919921875,593.1871948242188
117,6,981.2315063476562,616.4395141601562
117,7,1006.6381225585938,637.329833984375
117,8,1032.7235107421875,658.0177612304688
117,9,772.626953125,470.70172119140625
117,10,805.50390625,498.63214111328125
117,11,837.4710693359375,525.1439819335938
117,12,868.1499633789062,551.5089721679688
117,13,897.2296142578125,577.1109619140625
117,14,925.641357421875,601.0299072265625
117,15,951.4844970703125,622.926513671875
117,16,979.39599609375,643.4093017578125
117,17,1003.435302734375,662.7166748046875
117,18,751.5159912109375,481.6910400390625
117,19,783.1228637695312,508.0079650878906
117,20,814.1063232421875,534.123046875
117,21,843.9298095703125,559.228515625
117,22,872.8161010742188,583.1558227539062
117,23,899.26123046875,606.075439453125
117,24,927.0211791992188,628.4887084960938
117,25,950.9133911132812,648.51904296875
117,26,977.7360229492188,668.1845092773438
117,27,732.58203125,491.1551818847656
117,28,762.9569702148438,517.0325317382812
117,29,792.4575805664062,542.47998046875
117,30,821.2503051757812,566.9404907226562
117,31,849.6099853515625,589.7401123046875
117,32,876.8914794921875,612.0482177734375
117,35,952.0078735351562,671.9912109375
117,36,714.21044921875,501.21234130859375
117,37,743.3168334960938,526.0482177734375
117,38,772.4611206054688,550.2457275390625
117,39,800.1069946289062,574.0497436523438
117,40,827.8142700195312,596.8230590820312
117,41,854.0532836914062,618.1316528320312
117,45,697.6480712890625,510.38031005859375
117,46,726.1328735351562,534.0372314453125
117,47,754.2199096679688,556.9237670898438
117,48,781.2237548828125,579.8851928710938
117,49,807.6931762695312,601.9624633789062
117,50,834.0018920898438,622.6863403320312
117,51,857.560546875,642.1160888671875
117,54,682.2800903320312,518.99365234375
117,55,709.8207397460938,542.1773681640625
117,56,736.7229614257812,564.5191650390625
117,57,763.3324584960938,585.681884765625
117,58,789.3866577148438,606.7512817382812
118,0,634.0130004882812,687.7882080078125
118,1,675.0592041015625,695.2169799804688
118,2,717.8435668945312,703.3897705078125
118,3,761.810546875,710.6921997070312
118,4,807.2694702148438,718.6825561523438
118,5,853.3867797851562,725.7296752929688
118,6,900.330810546875,733.0285034179688
118,7,947.7781372070312,740.1383666992188
118,8,995.5663452148438,747.5843505859375
118,9,619.3011474609375,726.9251708984375
118,10,661.2698974609375,735.1080322265625
118,11,704.7335205078125,743.257568359375
118,12,749.6142578125,751.3260498046875
118,13,795.9293823242188,758.7593994140625
118,14,843.558837890625,766.52978515625
118,15,891.8152465820312,774.248779296875
118,16,940.9708862304688,782.3519897460938
118,17,990.0365600585938,789.7750244140625
118,18,604.630615234375,767.993408203125
118,19,647.1102294921875,776.5958251953125
118,20,691.065673828125,785.183837890625
118,21,737.0921630859375,793.7938232421875
118,22,784.9070434570312,802.3598022460938
118,23,833.477294921875,810.6614990234375
118,24,882.8135375976562,818.5720825195312
118,25,933.4258422851562,826.0090942382812
118,26,984.0823364257812,834.2080688476562
118,27,588.7847900390625,809.287841796875
118,28,632.29931640625,819.19921875
118,29,677.1821899414062,828.6712036132812
118,30,724.2533569335938,838.08447265625
118,31,773.025390625,847.5200805664062
118,32,822.9894409179688,856.628173828125
118,33,873.8906860351562,864.602294921875
118,34,925.9617919921875,873.0913696289062
118,35,978.0314331054688,880.4083862304688
118,36,572.0648803710938,851.7659912109375
118,37,616.4754638671875,862.9874877929688
118,38,663.04736328125,874.3558959960938
118,39,710.8363647460938,884.2088623046875
118,40,760.9606323242188,894.5006103515625
118,41,811.95556640625,903.9476928710938
118,42,864.51220703125,913.3117065429688
118,43,917.7378540039062,921.6887817382812
118,44,971.4285278320312,929.8447875976562
118,45,555.7619018554688,896.255126953125
118,46,601.2420043945312,908.7794189453125
118,47,648.6824340820312,920.8521118164062
118,48,697.6477661132812,932.4453125
118,49,748.7210083007812,943.3214111328125
118,50,801.3151245117188,954.0624389648438
118,51,854.778564453125,963.4069213867188
118,52,909.780517578125,972.6746826171875
118,53,964.6759643554688,980.5814819335938
118,54,539.7158203125,942.864013671875
118,55,585.3399658203125,955.9642333984375
118,56,633.6853637695312,969.0477905273438
118,57,684.0714111328125,981.8547973632812
118,58,736.52587890625,994.1434936523438
118,59,789.8264770507812,1004.7670288085938
118,60,844.908935546875,1015.7655639648438
118,61,901.0637817382812,1025.060302734375
118,62,957.2968139648438,1033.6322021484375
119,0,843.15673828125,772.714111328125
119,1,882.2003784179688,779.4658813476562
119,2,922.324951171875,786.7630004882812
119,3,962.95556640625,793.0944213867188
119,4,1004.48095703125,799.9611206054688
119,5,1046.350341796875,805.9213256835938
119,6,1088.1689453125,811.740478515625
119,7,1130.116455078125,817.3743286132812
119,8,1171.843505859375,823.374267578125
119,9,831.6174926757812,806.55517578125
119,10,871.543212890625,813.9896240234375
119,11,912.5799560546875,821.1985473632812
119,12,954.2786865234375,828.0737915039062
119,13,996.953369140625,834.290771484375
119,14,1040.01123046875,840.5455932617188
119,15,1083.233642578125,846.6017456054688
119,16,1126.48974609375,853.192138671875
119,17,1169.5120849609375,858.8344116210938
119,18,819.4190063476562,841.9821166992188
119,19,860.302490234375,849.758056640625
119,20,902.2757568359375,857.2811889648438
119,21,945.0641479492188,864.517578125
119,22,989.0640869140625,871.68115234375
119,23,1033.208740234375,878.29541015625
119,24,1077.813232421875,884.2659912109375
119,25,1122.3245849609375,889.9345703125
119,26,1166.93701171875,896.3820190429688
119,27,806.3251342773438,878.1190185546875
119,28,848.1866455078125,886.2704467773438
119,29,891.1516723632812,894.1217041015625
119,30,935.11572265625,902.0042114257812
119,31,980.4447631835938,909.571044921875
119,32,1025.9931640625,917.03369140625
119,33,1071.8997802734375,923.3687744140625
119,34,1118.2159423828125,929.6519775390625
119,35,1163.791748046875,935.22216796875
119,36,792.3046875,914.1395874023438
119,37,834.9724731445312,923.1708984375
119,38,879.3887329101562,932.1845092773438
119,39,924.5447387695312,940.5346069335938
119,40,971.4131469726562,949.0676879882812
119,41,1017.9857788085938,956.5555419921875
119,42,1065.8453369140625,964.3097534179688
119,43,1113.053466796875,970.7855834960938
119,44,1160.5045166015625,977.1843872070312
119,45,777.3902587890625,952.1144409179688
119,46,821.7119140625,962.6336059570312
119,47,867.2622680664062,972.8409423828125
119,48,913.8984375,982.3698120117188
119,49,961.6805419921875,991.4306030273438
119,50,1010.0724487304688,1000.0592041015625
119,51,1058.6566162109375,1007.6489868164062
119,52,1107.61767578125,1014.8251953125
119,53,1155.99658203125,1020.8046875
119,54,762.94677734375,993.149658203125
119,55,807.7179565429688,1004.0835571289062
119,56,854.7725219726562,1015.2088012695312
119,57,902.5044555664062,1025.8861083984375
119,58,951.62060546875,1035.8543701171875
119,59,1001.1329956054688,1044.31884765625
119,60,1051.072021484375,1052.8023681640625
119,61,1101.4461669921875,1059.8255615234375
119,62,1151.4862060546875,1066.303955078125
120,19,731.0509643554688,645.7447509765625
120,20,766.053955078125,654.3488159179688
120,21,801.3862915039062,663.8571166992188
120,22,837.2379760742188,673.1587524414062
120,29,757.0025634765625,668.076904296875
120,30,794.0400390625,677.6215209960938
120,31,831.1971435546875,687.6578369140625
120,34,943.9021606445312,715.5808715820312
120,35,981.3938598632812,724.2862548828125
120,38,747.6092529296875,682.0077514648438
120,39,786.102294921875,691.833984375
120,40,824.97509765625,702.3391723632812
120,41,864.0717163085938,712.3806762695312
120,42,903.3998413085938,722.1519775390625
120,43,942.8043212890625,731.3673095703125
120,44,981.468994140625,740.5130004882812
120,45,659.5538330078125,673.6995849609375
120,46,698.109375,685.098388671875
120,47,737.3363647460938,696.9692993164062
120,48,777.374755859375,707.7246704101562
120,49,818.1162109375,718.6724243164062
120,50,858.9391479492188,729.1702880859375
120,51,899.9615478515625,738.98291015625
120,52,941.400146484375,748.8657836914062
120,53,982.0581665039062,758.6292114257812
120,54,645.1718139648438,689.2622680664062
120,55,685.0571899414062,700.7169189453125
120,56,726.4026489257812,712.3309326171875
120,57,768.043701171875,724.7261352539062
120,58,810.784912109375,736.16552734375
120,59,853.7232666015625,746.4540405273438
120,60,896.7098388671875,757.4205322265625
120,61,939.7696533203125,767.5765991210938
120,62,982.7504272460938,777.5130004882812
121,0,744.8314208984375,872.3203735351562
121,1,773.2430419921875,881.9873046875
121,2,800.9861450195312,892.2094116210938
121,3,830.5709838867188,901.8955078125
121,4,861.7725830078125,911.7963256835938
121,5,893.8727416992188,920.8582153320312
121,6,926.1683959960938,930.2586669921875
121,7,959.6815185546875,939.4698486328125
121,8,994.1617431640625,948.1517333984375
121,9,726.2108154296875,886.4903564453125
121,10,754.4814453125,897.1588134765625
121,11,783.1410522460938,907.7793579101562
121,12,814.3341064453125,917.3595581054688
121,13,845.5101318359375,927.044189453125
121,14,878.7252807617188,936.4429321289062
121,15,911.9901123046875,946.8131713867188
121,16,946.8438720703125,957.1795043945312
121,17,982.3900146484375,966.7849731445312
121,18,707.0320434570312,902.3990478515625
121,19,735.0905151367188,913.2301635742188
121,20,765.7740478515625,923.0714111328125
121,21,797.177734375,933.142822265625
121,22,829.1954956054688,944.021728515625
121,23,862.7297973632812,954.3108520507812
121,24,897.2742309570312,964.617431640625
121,25,933.1211547851562,975.1925048828125
121,26,969.7860107421875,986.2037963867188
121,27,685.4390258789062,917.8700561523438
121,28,715.7195434570312,928.322265625
121,29,745.8388061523438,939.149658203125
121,30,777.9421997070312,950.064208984375
121,31,811.1624145507812,961.6724853515625
121,32,845.74560546875,972.8360595703125
121,33,881.1404418945312,984.0271606445312
121,34,918.2818603515625,995.0659790039062
121,35,956.2918090820312,1005.9488525390625
121,36,664.764892578125,932.0059814453125
121,37,692.9798583984375,944.2483520507812
121,38,725.1107788085938,956.1828002929688
121,39,757.8284912109375,967.43701171875
121,40,791.8570556640625,979.6714477539062
121,41,827.1121215820312,991.8529663085938
121,42,863.9197387695312,1003.9840698242188
121,43,902.1797485351562,1015.9202270507812
121,44,941.6331787109375,1027.99951171875
121,45,643.0153198242188,946.946044921875
121,46,671.6748657226562,960.5650634765625
121,47,703.2598266601562,973.9117431640625
121,48,736.2907104492188,986.7220458984375
121,49,771.1046142578125,999.8397827148438
121,50,807.652587890625,1012.9327392578125
121,51,845.37646484375,1025.9619140625
121,52,884.8502197265625,1039.194091796875
121,53,925.488525390625,1052.2427978515625
121,55,646.584716796875,976.1436767578125
121,56,679.6181030273438,990.4634399414062
121,57,713.2392578125,1006.0112915039062
121,58,749.13037109375,1020.5032958984375
121,59,786.60546875,1034.1575927734375
121,60,825.4166870117188,1049.0084228515625
121,61,866.0972290039062,1063.33349609375
121,62,908.3750610351562,1076.682861328125
122,0,657.903076171875,692.7372436523438
122,1,699.8054809570312,700.348876953125
122,2,743.0526733398438,708.4655151367188
122,3,787.5740966796875,715.7535400390625
122,4,833.509765625,723.7880249023438
122,5,880.1300659179688,731.0433959960938
122,6,927.2306518554688,738.3468627929688
122,7,975.0119018554688,745.4922485351562
122,8,1022.35302734375,752.8889770507812
122,9,644.1141357421875,733.0220336914062
122,10,686.6638793945312,741.4736938476562
122,11,730.7993774414062,749.5911254882812
122,12,776.299560546875,757.7086791992188
122,13,823.0875854492188,765.177734375
122,14,870.8012084960938,773.19873046875
122,15,919.5233764648438,780.7071533203125
122,16,968.587646484375,788.8790283203125
122,17,1017.512451171875,795.8755493164062
122,18,630.4393920898438,775.1763916015625
122,19,673.378173828125,784.02587890625
122,20,718.2576293945312,792.7250366210938
122,21,764.5467529296875,801.0073852539062
122,22,812.8510131835938,810.0018920898438
122,23,861.6139526367188,818.1392822265625
122,24,911.1956787109375,825.9486694335938
122,25,961.6768188476562,833.4212646484375
122,26,1012.0458374023438,841.221923828125
122,27,615.4337768554688,817.66357421875
122,28,659.6340942382812,827.6498413085938
122,29,705.268798828125,837.2033081054688
122,30,752.5061645507812,846.5728759765625
122,31,801.8845825195312,855.8929443359375
122,32,852.0126342773438,864.8876342773438
122,33,902.7197265625,872.85205078125
122,34,954.6608276367188,881.1022338867188
122,35,1006.2281494140625,888.0119018554688
122,36,599.8367919921875,861.2144165039062
122,37,644.9279174804688,872.3833618164062
122,38,692.0274658203125,883.5588989257812
122,39,740.2560424804688,893.5079345703125
122,40,790.5272216796875,903.591796875
122,41,841.697998046875,912.68701171875
122,42,894.2532958984375,922.0260009765625
122,43,947.0057983398438,930.0126342773438
122,44,1000.4041748046875,937.8126831054688
122,45,584.7559204101562,906.5618896484375
122,46,630.8048706054688,918.8648071289062
122,47,678.6762084960938,930.7237548828125
122,48,728.22509765625,942.0731811523438
122,49,779.3757934570312,952.804931640625
122,50,831.9111328125,963.2149047851562
122,51,885.1016845703125,972.0204467773438
122,52,939.4719848632812,980.989990234375
122,53,993.6710815429688,988.4122314453125
122,54,570.0171508789062,953.814697265625
122,55,616.119384765625,966.5758056640625
122,56,665.0394897460938,979.5380249023438
122,57,715.6917114257812,991.8761596679688
122,58,768.0502319335938,1003.68212890625
122,59,821.393798828125,1014.2828369140625
122,60,876.1524047851562,1024.3489990234375
122,61,931.4465942382812,1032.9931640625
122,62,987.0731201171875,1041.109375
123,0,812.2994384765625,378.2174377441406
123,1,846.1392822265625,408.85406494140625
123,2,879.1967163085938,437.8742370605469
123,3,911.1332397460938,466.29217529296875
123,4,941.9728393554688,493.2967834472656
123,5,971.4121704101562,518.2330932617188
123,6,999.533935546875,542.1124877929688
123,7,1027.429443359375,564.6309204101562
123,8,1051.2054443359375,585.5279541015625
123,9,784.5927734375,399.7491760253906
123,10,818.1818237304688,427.8660583496094
123,11,850.9746704101562,454.9309387207031
123,12,882.3458862304688,481.7056884765625
123,13,912.8123779296875,507.7571716308594
123,14,941.59228515625,532.1732788085938
123,15,970.3593139648438,554.8948364257812
123,16,996.126953125,576.1477661132812
123,17,1021.3657836914062,596.6603393554688
123,18,760.2619018554688,417.5859680175781
123,19,792.9326782226562,444.09979248046875
123,20,824.796142578125,470.3311767578125
123,21,855.0302124023438,495.8979797363281
123,22,885.380126953125,520.3274536132812
123,23,913.7555541992188,543.9829711914062
123,24,941.399658203125,566.4141235351562
123,25,967.4824829101562,587.8539428710938
123,26,993.1303100585938,607.1249389648438
123,27,738.2642822265625,433.4562072753906
123,28,769.8553466796875,459.32989501953125
123,29,800.3366088867188,484.92333984375
123,30,830.4532470703125,509.462158203125
123,31,859.1961059570312,532.2315063476562
123,32,888.1234741210938,555.2932739257812
123,35,966.6279296875,617.2957153320312
123,36,717.294677734375,449.34991455078125
123,37,748.0426025390625,474.2575378417969
123,38,778.0435180664062,498.3431396484375
123,39,806.9483642578125,522.3203735351562
123,40,835.995849609375,545.3478393554688
123,45,698.4249877929688,463.9468688964844
123,46,728.1793823242188,487.6831970214844
123,47,757.292236328125,510.8022766113281
123,48,785.9244384765625,533.6690063476562
123,49,813.594482421875,556.0115966796875
123,54,680.5933227539062,477.9794616699219
123,55,709.310546875,500.9361572265625
123,56,737.9060668945312,523.259521484375
123,57,765.4786987304688,544.4155883789062
123,58,793.25244140625,565.7252807617188
123,59,819.1322021484375,586.7317504882812
124,0,725.1134033203125,566.1255493164062
124,1,759.2786865234375,572.7391967773438
124,2,794.395751953125,580.0360107421875
124,3,829.5383911132812,586.4441528320312
124,4,865.4105224609375,593.9298706054688
124,5,901.2337646484375,600.6041259765625
124,6,937.00341796875,607.2545776367188
124,7,972.8953247070312,614.483154296875
124,9,714.563720703125,584.7807006835938
124,10,750.121826171875,591.48486328125
124,11,786.207763671875,598.2799682617188
124,12,822.701171875,605.2828369140625
124,13,860.0625,611.8870849609375
124,14,897.2716674804688,618.4359130859375
124,15,934.4358520507812,625.7932739257812
124,16,971.4931640625,633.5764770507812
124,17,1008.1549682617188,640.5341186523438
124,18,703.2866821289062,604.4268188476562
124,19,740.1766967773438,611.1770629882812
124,20,777.5516967773438,617.9612426757812
124,21,815.3809814453125,625.1087646484375
124,22,854.1366577148438,632.2973022460938
124,23,892.7007446289062,639.392333984375
124,24,931.6324462890625,646.0698852539062
124,25,970.0051879882812,653.3649291992188
124,26,1008.3570556640625,660.8055419921875
124,27,691.2089233398438,623.7073974609375
124,28,729.444091796875,631.0787353515625
124,29,768.1863403320312,638.1964111328125
124,30,807.8793334960938,645.6712646484375
124,31,847.7947998046875,653.296630859375
124,32,888.0673217773438,660.9205322265625
124,33,928.1371459960938,667.9622802734375
124,34,968.7894897460938,675.0323486328125
124,35,1008.6203002929688,681.8177490234375
124,36,678.5466918945312,642.158935546875
124,37,718.03466796875,650.8816528320312
124,38,758.429931640625,659.3848876953125
124,39,799.3734741210938,666.96533203125
124,40,841.3120727539062,675.1160278320312
124,41,883.1080932617188,682.8824462890625
124,42,925.1865234375,690.6185913085938
124,43,967.2315063476562,697.4986572265625
124,44,1009.1013793945312,704.8162231445312
124,45,664.8480224609375,663.47021484375
124,46,705.8514404296875,672.660888671875
124,47,747.9638671875,682.0099487304688
124,48,790.6742553710938,690.2954711914062
124,49,834.1771850585938,699.023681640625
124,50,877.9619750976562,707.2355346679688
124,51,921.7904663085938,714.8284912109375
124,52,965.7794799804688,722.3463134765625
124,53,1009.1683959960938,729.7633056640625
124,54,650.158447265625,687.5702514648438
124,55,692.7806396484375,696.4766235351562
124,56,736.600830078125,705.8233032226562
124,57,780.9710693359375,715.6734008789062
124,58,826.74267578125,724.6775512695312
124,59,872.3561401367188,732.6419677734375
124,60,918.1876220703125,741.1405639648438
124,61,964.037109375,748.94677734375
124,62,1009.6117553710938,756.5991821289062
125,0,768.7686157226562,366.52337646484375
125,1,808.7117309570312,386.91241455078125
125,2,847.903564453125,406.662109375
125,3,886.058837890625,426.2790222167969
125,4,923.1422729492188,445.1171875
125,5,958.8692626953125,464.15118408203125
125,6,993.1400146484375,482.6779479980469
125,7,1026.18505859375,500.3766174316406
125,8,1057.5706787109375,517.4072875976562
125,9,748.2243041992188,402.26312255859375
125,10,787.4668579101562,421.7159423828125
125,11,826.0280151367188,440.7125244140625
125,12,863.7050170898438,459.4356384277344
125,13,900.5628662109375,478.1393737792969
125,14,936.025146484375,496.3341369628906
125,15,970.1154174804688,513.6904296875
125,16,1002.8280639648438,530.201171875
125,17,1034.2950439453125,546.3624267578125
125,18,728.76416015625,437.6692199707031
125,19,767.3516235351562,455.9953918457031
125,20,805.2288818359375,474.4206237792969
125,21,842.3709716796875,492.1056823730469
125,22,878.8106079101562,509.7408447265625
125,23,913.9102783203125,526.754150390625
125,24,947.8524780273438,543.7514038085938
125,25,980.53173828125,559.7075805664062
125,26,1011.83544921875,574.7958374023438
125,27,710.237548828125,472.62030029296875
125,28,748.24365234375,490.0320739746094
125,29,785.6350708007812,507.4134826660156
125,30,822.275146484375,524.1627197265625
125,31,858.1654052734375,540.6823120117188
125,32,892.9038696289062,556.8009033203125
125,33,926.5349731445312,572.4769287109375
125,34,958.960205078125,587.8101806640625
125,35,990.1823120117188,602.29931640625
125,36,692.7415771484375,506.52508544921875
125,37,730.1707153320312,522.9207763671875
125,38,766.9591064453125,539.1858520507812
125,39,803.0343017578125,555.2857055664062
125,40,838.49658203125,571.0722045898438
125,41,872.8245239257812,586.2853393554688
125,42,906.028564453125,600.9229125976562
125,43,938.2288208007812,615.1727294921875
125,44,969.0759887695312,628.8629760742188
125,45,677.0009765625,537.1878051757812
125,46,713.5418701171875,553.01171875
125,47,749.7427978515625,568.5070190429688
125,48,784.97216796875,583.9218139648438
125,49,820.0182495117188,598.6430053710938
125,50,853.7101440429688,612.8142700195312
125,51,886.4362182617188,626.9429321289062
125,52,918.3132934570312,640.4414672851562
125,53,948.9014892578125,653.209716796875
125,54,662.5570068359375,565.199951171875
125,55,698.1343383789062,580.987548828125
125,56,733.2820434570312,596.0106811523438
125,57,768.0863037109375,610.1871948242188
125,58,802.3699340820312,624.6411743164062
125,59,835.65673828125,638.6806640625
125,60,867.7966918945312,651.71533203125
125,61,899.182373046875,664.290771484375
125,62,929.4383544921875,676.4976196289062
126,0,832.3433837890625,492.8111572265625
126,1,868.2207641601562,520.11962890625
126,2,903.4334106445312,545.8109130859375
126,3,936.390869140625,570.8394165039062
126,4,969.6837158203125,594.1317138671875
126,5,1000.7481079101562,615.6785278320312
126,6,1029.98974609375,635.8257446289062
126,7,1057.94287109375,654.7452392578125
126,8,1084.630615234375,672.2619018554688
126,9,808.341064453125,509.1636657714844
126,10,843.9853515625,534.3019409179688
126,11,877.9949951171875,557.6804809570312
126,12,911.2073364257812,581.1680297851562
126,13,941.9566040039062,603.1065063476562
126,14,973.2997436523438,625.00732421875
126,15,1000.3111572265625,643.3754272460938
126,16,1030.0240478515625,662.1058349609375
126,17,1056.310546875,679.2408447265625
126,18,787.8226318359375,521.7486572265625
126,19,821.9607543945312,544.9529418945312
126,20,855.2788696289062,568.245849609375
126,21,887.8265991210938,590.556884765625
126,22,918.614501953125,611.6996459960938
126,25,1005.14404296875,670.1195678710938
126,26,1030.277099609375,686.1939697265625
126,27,769.2533569335938,532.4639892578125
126,28,802.35693359375,555.296875
126,29,834.2238159179688,578.1844482421875
126,30,865.2590942382812,599.6100463867188
126,31,895.6481323242188,619.3724975585938
126,35,1004.1798706054688,692.328857421875
126,36,751.9368286132812,543.6375122070312
126,37,783.62548828125,565.6357421875
126,38,814.7007446289062,587.0089111328125
126,45,735.9066162109375,553.595947265625
126,46,766.6397094726562,574.521240234375
126,47,795.998779296875,594.93896484375
126,54,721.0782470703125,563.1282348632812
126,55,750.6932983398438,584.0044555664062
126,56,779.8054809570312,603.3197021484375
126,57,807.0557250976562,621.9849853515625
127,0,845.5399169921875,714.7357177734375
127,1,883.9117431640625,725.69482421875
127,2,922.96533203125,737.1473388671875
127,3,962.640869140625,747.81640625
127,4,1002.8799438476562,759.19580078125
127,5,1043.4468994140625,769.7568359375
127,6,1083.7838134765625,780.3029174804688
127,7,1124.0428466796875,790.617919921875
127,8,1163.9114990234375,800.9752197265625
127,9,831.5530395507812,749.8563232421875
127,10,870.5393676757812,761.1170043945312
127,11,910.4091186523438,772.1763916015625
127,12,950.9288330078125,783.6907958984375
127,13,992.2938842773438,794.5665893554688
127,14,1033.876953125,805.545166015625
127,15,1075.2381591796875,816.3446655273438
127,16,1116.505615234375,827.4425659179688
127,17,1157.513671875,837.67041015625
127,18,817.1156005859375,785.2918090820312
127,19,856.724365234375,797.0671997070312
127,20,897.3829956054688,809.071533203125
127,21,938.831298828125,820.8614501953125
127,22,980.92041015625,832.64990234375
127,23,1023.3619384765625,843.85693359375
127,24,1065.9425048828125,854.5774536132812
127,25,1108.349853515625,864.9759521484375
127,26,1150.2884521484375,875.9818725585938
127,27,801.7803955078125,821.8236083984375
127,28,842.2022094726562,834.3707885742188
127,29,883.8303833007812,846.346435546875
127,30,926.1392822265625,858.6619262695312
127,31,969.375732421875,870.8994750976562
127,32,1012.7454223632812,882.813232421875
127,33,1056.20458984375,893.7455444335938
127,34,1099.99658203125,904.9384765625
127,35,1143.0321044921875,914.994384765625
127,36,785.6204833984375,858.4199829101562
127,37,826.834716796875,871.588623046875
127,38,869.6050415039062,884.6593017578125
127,39,912.8490600585938,897.3566284179688
127,40,957.2637329101562,910.2620239257812
127,41,1001.5064697265625,922.2164916992188
127,42,1046.3436279296875,934.4451904296875
127,43,1090.84375,945.3728637695312
127,44,1135.1199951171875,956.5531616210938
127,45,768.9158325195312,896.3624267578125
127,46,811.4483032226562,910.6441650390625
127,47,854.8093872070312,924.5673828125
127,48,899.1605224609375,938.511474609375
127,49,944.3519897460938,951.8099975585938
127,50,989.7864990234375,964.708984375
127,51,1035.297607421875,976.4882202148438
127,52,1080.981201171875,988.4026489257812
127,53,1126.15966796875,999.0138549804688
127,54,752.5474243164062,936.6307373046875
127,55,795.1992797851562,951.6482543945312
127,56,839.6661987304688,966.4107055664062
127,57,884.8875122070312,980.9954833984375
127,58,930.9410400390625,994.9544067382812
127,59,977.273681640625,1008.0328979492188
127,60,1023.821044921875,1020.7029418945312
127,61,1070.419921875,1032.29736328125
127,62,1116.4844970703125,1043.2803955078125
128,0,837.4583129882812,402.2716064453125
128,1,885.9589233398438,419.663818359375
128,2,932.4320068359375,436.0008850097656
128,3,976.9186401367188,452.259033203125
128,4,1018.9677734375,467.3530578613281
128,5,1058.4761962890625,481.4090881347656
128,6,1095.2318115234375,494.8677978515625
128,7,1129.9559326171875,507.1778259277344
128,8,1162.0465087890625,519.0916137695312
128,9,816.3297729492188,443.7684631347656
128,10,863.6080322265625,458.7586364746094
128,11,909.0905151367188,473.0110778808594
128,12,952.486328125,487.5680847167969
128,13,994.1287841796875,501.8669738769531
128,14,1033.2445068359375,515.1564331054688
128,15,1070.1270751953125,527.0963134765625
128,16,1104.60107421875,538.2467651367188
128,17,1137.0572509765625,548.6923217773438
128,18,796.6444091796875,480.44287109375
128,19,842.6627197265625,493.6583557128906
128,20,886.9852294921875,507.66217041015625
128,21,929.4622802734375,520.7195434570312
128,22,970.435546875,533.4749755859375
128,23,1008.9491577148438,545.0557250976562
128,24,1045.72216796875,557.4613037109375
128,25,1080.4835205078125,568.0546264648438
128,26,1112.5079345703125,577.7421264648438
128,27,778.831298828125,514.1795043945312
128,28,823.48095703125,527.1480102539062
128,29,866.501708984375,540.1817016601562
128,30,908.3284912109375,552.5841064453125
128,31,948.3394165039062,564.1227416992188
128,32,986.3020629882812,574.95751953125
128,33,1022.4190063476562,585.4483642578125
128,34,1056.8873291015625,595.5033569335938
128,35,1089.261474609375,604.9047241210938
128,36,762.3255004882812,546.7008666992188
128,37,805.58251953125,558.5493774414062
128,38,847.5908203125,570.6864624023438
128,39,888.3867797851562,582.3856201171875
128,40,927.7385864257812,593.5150756835938
128,41,965.2770385742188,603.732177734375
128,42,1000.7705078125,613.198486328125
128,43,1034.9534912109375,622.2919921875
128,44,1066.9454345703125,630.7785034179688
128,45,747.2919311523438,576.5895385742188
128,46,789.1554565429688,587.986328125
128,47,830.1646118164062,598.2266845703125
128,48,869.8929443359375,609.606201171875
128,49,908.4063110351562,619.9798583984375
128,50,944.9231567382812,629.323974609375
128,51,980.0940551757812,638.5293579101562
128,52,1013.7581176757812,646.8833618164062
128,53,1045.67626953125,654.7511596679688
128,54,733.4151611328125,604.9343872070312
128,55,774.2643432617188,615.8427124023438
128,56,813.9711303710938,626.1039428710938
128,57,852.2534790039062,635.0387573242188
128,58,890.1519165039062,644.7177734375
128,59,926.1612548828125,654.239990234375
128,60,960.5145874023438,662.256103515625
128,61,993.7386474609375,670.1722412109375
128,62,1025.10693359375,677.185546875
129,2,798.3934936523438,898.3846435546875
129,3,827.7450561523438,907.67529296875
129,4,860.1249389648438,917.0989379882812
129,5,892.282470703125,926.1034545898438
129,6,925.6305541992188,934.926513671875
129,7,959.7810668945312,943.790283203125
129,8,994.8016967773438,952.10302734375
129,9,722.3744506835938,892.1625366210938
129,10,751.2169799804688,902.75341796875
129,11,779.829345703125,913.0609130859375
129,12,812.1851196289062,922.2390747070312
129,13,844.0213012695312,931.42041015625
129,14,877.690673828125,940.552001953125
129,15,911.9112548828125,950.4501342773438
129,16,947.18505859375,960.552490234375
129,17,983.538818359375,969.5889892578125
129,18,703.0457153320312,907.33447265625
129,19,731.1923828125,917.926025390625
129,20,762.5689086914062,927.3472900390625
129,21,794.5635375976562,937.0918579101562
129,22,827.5909423828125,947.55615234375
129,23,862.021240234375,957.2676391601562
129,24,897.0134887695312,967.3924560546875
129,25,933.5780639648438,977.6297607421875
129,26,971.1275024414062,988.1990966796875
129,27,680.9683837890625,921.9769897460938
129,28,711.9888305664062,932.0795288085938
129,29,742.9243774414062,942.3770141601562
129,30,775.5144653320312,953.0258178710938
129,31,809.23583984375,964.1199340820312
129,32,844.4902954101562,975.1469116210938
129,33,880.9208984375,985.9805908203125
129,34,918.96533203125,996.5640869140625
129,35,957.8609008789062,1007.0906372070312
129,36,660.1177978515625,935.0060424804688
129,37,689.0827026367188,946.8795776367188
129,38,721.8428955078125,958.58349609375
129,39,755.1212158203125,969.7075805664062
129,40,789.947265625,981.250732421875
129,41,826.0101318359375,993.0657958984375
129,42,863.78857421875,1004.8352661132812
129,43,902.9891357421875,1016.4387817382812
129,44,943.3386840820312,1028.0167236328125
129,45,638.197998046875,948.8836059570312
129,46,667.2970581054688,962.3469848632812
129,47,698.7531127929688,975.4466552734375
129,48,733.3302001953125,987.890869140625
129,49,769.041259765625,1000.5365600585938
129,50,806.2713623046875,1013.4934692382812
129,51,845.1795043945312,1026.03955078125
129,52,885.7097778320312,1038.81494140625
129,53,927.5401000976562,1051.718994140625
129,55,641.3072509765625,976.8209838867188
129,56,675.4418334960938,990.8587036132812
129,57,710.5874633789062,1005.9661254882812
129,58,746.80078125,1020.3018798828125
129,59,785.0379028320312,1033.8939208984375
129,60,825.0150146484375,1048.101318359375
129,61,866.9148559570312,1062.116943359375
129,62,910.4741821289062,1074.97119140625
130,0,883.5097045898438,432.8988952636719
130,1,930.7891845703125,448.58624267578125
130,2,975.7594604492188,462.98846435546875
130,3,1018.2246704101562,477.12188720703125
130,4,1058.29931640625,490.4397277832031
130,5,1095.905517578125,502.4110412597656
130,6,1130.5916748046875,513.9799194335938
130,7,1163.369384765625,524.217041015625
130,8,1193.1396484375,534.5010375976562
130,9,861.7368774414062,472.5867614746094
130,10,907.75634765625,485.7506408691406
130,11,951.7290649414062,498.04278564453125
130,12,993.218994140625,510.62200927734375
130,13,1033.2694091796875,522.7891235351562
130,14,1070.3692626953125,534.4266357421875
130,15,1105.37109375,544.4692993164062
130,16,1137.6734619140625,553.723876953125
130,17,1168.4468994140625,562.35400390625
130,18,841.052978515625,507.10784912109375
130,19,886.1104736328125,518.5635375976562
130,20,928.9695434570312,530.5454711914062
130,21,969.9262084960938,542.0242919921875
130,22,1009.0861206054688,552.7088623046875
130,23,1045.9765625,562.8280029296875
130,24,1080.792236328125,573.056396484375
130,25,1113.4605712890625,582.0907592773438
130,26,1143.837890625,589.8766479492188
130,27,822.2984619140625,538.4800415039062
130,28,866.0117797851562,549.9229736328125
130,29,907.9781494140625,561.0266723632812
130,30,948.1488037109375,571.8329467773438
130,31,986.518798828125,581.3836059570312
130,32,1022.8720092773438,590.6331176757812
130,33,1057.345947265625,599.3605346679688
130,34,1089.9464111328125,607.8055419921875
130,35,1120.161865234375,615.6666259765625
130,36,805.1183471679688,569.2066040039062
130,37,847.483154296875,579.6585083007812
130,38,888.2428588867188,589.8182983398438
130,39,927.7089233398438,599.8944091796875
130,40,965.57763671875,609.1122436523438
130,41,1001.3714599609375,617.6563110351562
130,42,1035.334228515625,625.6836547851562
130,43,1067.971923828125,633.0755004882812
130,44,1098.2215576171875,640.02197265625
130,45,789.314208984375,597.3380737304688
130,46,830.3504638671875,606.953857421875
130,47,870.2171020507812,615.8857421875
130,48,908.6863403320312,625.2721557617188
130,49,945.6585083007812,634.0380859375
130,50,980.8131103515625,641.8729248046875
130,51,1014.4548950195312,649.3073120117188
130,52,1046.6864013671875,656.1528930664062
130,53,1076.5272216796875,662.3640747070312
130,54,774.666015625,624.0363159179688
130,55,814.6468505859375,633.0697021484375
130,56,853.291748046875,641.7947998046875
130,57,890.4954833984375,649.3037109375
130,58,927.1204833984375,657.1798706054688
130,59,961.6700439453125,665.2284545898438
130,60,994.62158203125,671.7854614257812
130,61,1026.3482666015625,677.9357299804688
130,62,1056.5272216796875,683.5557861328125
131,0,874.3440551757812,863.830322265625
131,1,903.2567749023438,875.2418823242188
131,2,933.0811767578125,886.8016967773438
131,3,963.9400634765625,897.8018188476562
131,4,995.365966796875,909.1484375
131,5,1027.299072265625,919.7718505859375
131,6,1059.992919921875,930.27099609375
131,7,1093.2137451171875,940.8988037109375
131,8,1126.90673828125,950.6390991210938
131,9,858.1424560546875,881.9574584960938
131,10,887.7412109375,894.249755859375
131,11,918.5399169921875,905.9802856445312
131,12,949.8114624023438,917.2513427734375
131,13,982.1898193359375,928.2908325195312
131,14,1015.201416015625,939.165771484375
131,15,1048.7034912109375,950.7139282226562
131,16,1082.901611328125,962.2831420898438
131,17,1117.572265625,972.8792114257812
131,18,840.8974609375,901.9856567382812
131,19,871.0756225585938,914.1473388671875
131,20,902.4653930664062,925.614013671875
131,21,934.6207885742188,937.4240112304688
131,22,968.0942993164062,949.3690795898438
131,23,1001.9573974609375,961.1293334960938
131,24,1036.677001953125,972.5443725585938
131,25,1072.0343017578125,984.3424072265625
131,26,1107.5528564453125,996.3668212890625
131,27,822.6185302734375,921.6533813476562
131,28,853.6961059570312,933.7783203125
131,29,885.7464599609375,946.0455932617188
131,30,918.8363037109375,958.3399658203125
131,31,952.9669189453125,971.1369018554688
131,32,987.9255981445312,983.8567504882812
131,33,1023.540771484375,996.104248046875
131,34,1060.154052734375,1008.3565063476562
131,35,1097.0306396484375,1020.1396484375
131,36,803.4602661132812,940.5032958984375
131,37,834.9510498046875,954.1248168945312
131,38,867.8441772460938,967.7141723632812
131,39,901.7174072265625,980.4164428710938
131,40,936.9159545898438,993.9356079101562
131,41,972.8154296875,1007.2867431640625
131,42,1009.6138305664062,1020.4829711914062
131,43,1047.39697265625,1033.3575439453125
131,44,1085.57373046875,1046.20703125
131,45,783.2526245117188,960.3148193359375
131,46,815.57275390625,975.1929321289062
131,47,848.9732055664062,989.9993896484375
131,48,883.676025390625,1004.1984252929688
131,49,919.7937622070312,1018.4216918945312
131,50,956.72607421875,1032.8089599609375
131,51,994.6306762695312,1046.556640625
131,52,1033.5472412109375,1060.6231689453125
131,53,1072.951416015625,1074.1658935546875
131,54,761.8233642578125,980.7850952148438
131,55,794.725830078125,996.115478515625
131,56,828.8714599609375,1011.960693359375
131,57,864.4629516601562,1028.2061767578125
131,58,901.455810546875,1043.89697265625
131,59,939.4683837890625,1058.58642578125
131,60,978.5354614257812,1074.154541015625
131,61,1018.7493286132812,1088.80419921875
131,62,1059.7357177734375,1102.7315673828125
132,0,732.6611938476562,525.535888671875
132,1,767.952392578125,535.9723510742188
132,2,803.1738891601562,546.9807739257812
132,3,838.9136962890625,557.1038208007812
132,4,874.9036865234375,568.0205688476562
132,5,910.8110961914062,578.1339721679688
132,6,946.328857421875,588.4755859375
132,7,981.62646484375,599.0054321289062
132,8,1016.3606567382812,609.4572143554688
132,9,721.1539916992188,548.8951416015625
132,10,757.3709716796875,559.3384399414062
132,11,794.1705322265625,569.9273681640625
132,12,831.0757446289062,580.531005859375
132,13,868.4246215820312,590.7650756835938
132,14,905.7120971679688,600.9552612304688
132,15,942.4533081054688,611.7348022460938
132,16,979.0213623046875,622.8099975585938
132,17,1014.980224609375,633.2136840820312
132,18,708.9091796875,573.4761352539062
132,19,746.4510498046875,583.9366455078125
132,20,784.5032348632812,594.4356079101562
132,21,822.5955810546875,605.1764526367188
132,22,861.3750610351562,616.190673828125
132,23,899.7300415039062,626.9371948242188
132,24,938.06396484375,637.17236328125
132,25,976.1828002929688,647.87255859375
132,26,1013.4197387695312,658.5550537109375
132,27,696.3884887695312,597.801513671875
132,28,735.1119384765625,608.9200439453125
132,29,774.4841918945312,619.925048828125
132,30,814.14306640625,631.01953125
132,31,854.099365234375,642.3991088867188
132,32,894.0234985351562,653.5388793945312
132,33,933.6029663085938,664.11279296875
132,34,973.17431640625,674.7874755859375
132,35,1012.1233520507812,684.8552856445312
132,36,683.0767211914062,622.3914184570312
132,37,723.143310546875,634.5211791992188
132,38,764.0767822265625,646.427734375
132,39,805.0841674804688,657.943115234375
132,40,846.774658203125,669.734375
132,41,888.004638671875,681.0545043945312
132,42,929.2758178710938,692.360595703125
132,43,970.469482421875,702.6875
132,44,1010.8482055664062,713.2854614257812
132,45,668.9421997070312,649.9383544921875
132,46,710.7196655273438,662.4775390625
132,47,752.817138671875,675.1197509765625
132,48,795.5640869140625,687.3397827148438
132,49,838.7498168945312,699.4659423828125
132,50,881.756103515625,711.3391723632812
132,51,924.6363525390625,722.1279907226562
132,52,967.3578491210938,733.2772216796875
132,53,1009.0630493164062,743.7337646484375
132,54,654.0975341796875,680.7288818359375
132,55,697.0347900390625,693.0637817382812
132,56,741.0633544921875,705.8846435546875
132,57,785.2723388671875,719.036376953125
132,58,830.3272705078125,731.401123046875
132,59,875.2103271484375,742.7337036132812
132,60,919.8389892578125,754.6088256835938
132,61,963.8857421875,765.6647338867188
132,62,1007.8150634765625,776.53955078125
133,0,769.0233154296875,391.75445556640625
133,1,807.9429321289062,410.5899658203125
133,2,846.0799560546875,429.29925537109375
133,3,883.3128051757812,447.7676086425781
133,4,919.5191040039062,465.7554016113281
133,5,954.6762084960938,483.5763854980469
133,6,988.3167114257812,501.10833740234375
133,7,1021.0331420898438,517.948486328125
133,8,1052.077880859375,534.1895751953125
133,9,749.40673828125,428.3789978027344
133,10,787.9876098632812,446.62445068359375
133,11,825.6280517578125,464.52960205078125
133,12,862.3634033203125,482.31097412109375
133,13,898.8198852539062,499.8858337402344
133,14,933.790283203125,517.142333984375
133,15,967.2969970703125,533.0372314453125
133,16,999.9122924804688,549.287841796875
133,17,1031.0457763671875,564.8269653320312
133,18,730.8556518554688,464.56298828125
133,19,768.7951049804688,482.04840087890625
133,20,806.1365966796875,499.4899597167969
133,21,842.571533203125,516.0821533203125
133,22,878.5803833007812,533.1243286132812
133,23,913.1878662109375,549.0928955078125
133,24,946.953125,565.392822265625
133,25,979.6370239257812,580.8660888671875
133,26,1010.8599853515625,595.8302612304688
133,27,713.0076904296875,500.84576416015625
133,28,750.4949951171875,517.6092529296875
133,29,787.462646484375,534.3365478515625
133,30,823.7433471679688,550.3187866210938
133,31,859.2882690429688,566.12451171875
133,32,893.9027709960938,581.6979370117188
133,33,927.45361328125,596.8540649414062
133,34,960.0237426757812,611.7908935546875
133,35,991.1774291992188,625.717529296875
133,36,695.9475708007812,536.8413696289062
133,37,733.0126953125,552.6878662109375
133,38,769.7122192382812,568.570556640625
133,39,805.6505126953125,584.0607299804688
133,40,841.1134643554688,599.276611328125
133,41,875.158203125,613.8457641601562
133,42,908.5182495117188,628.1399536132812
133,43,940.870361328125,641.9140625
133,44,972.0147705078125,655.1051635742188
133,45,680.0865478515625,570.3070068359375
133,46,716.6427001953125,585.7288208007812
133,47,752.8840942382812,600.7852172851562
133,48,788.3259887695312,615.6105346679688
133,49,823.1986694335938,629.683837890625
133,50,857.1453247070312,643.5774536132812
133,51,890.0858154296875,656.9926147460938
133,52,922.1318359375,670.20751953125
133,53,953.1192016601562,682.49853515625
133,54,665.4620971679688,601.554931640625
133,55,701.3729858398438,616.7510375976562
133,56,736.8383178710938,631.4227294921875
133,57,771.8571166992188,644.9769287109375
133,58,806.3888549804688,659.0755615234375
133,59,839.7916870117188,672.226806640625
133,60,872.369384765625,684.919677734375
133,61,904.1612548828125,697.2943725585938
133,62,934.8899536132812,709.0889892578125
134,0,912.4903564453125,464.1106872558594
134,1,955.6100463867188,484.5765686035156
134,2,997.0565185546875,503.0982971191406
134,3,1036.4384765625,521.5844116210938
134,4,1073.940673828125,538.883056640625
134,5,1109.2264404296875,554.9933471679688
134,6,1142.4552001953125,570.29296875
134,7,1173.548095703125,584.3870239257812
134,8,1202.8509521484375,597.7398681640625
134,9,888.4260864257812,499.121826171875
134,10,930.7767944335938,517.02978515625
134,11,971.36181640625,534.0891723632812
134,12,1010.0305786132812,551.0366821289062
134,13,1047.5250244140625,567.5979614257812
134,14,1082.1942138671875,583.2537841796875
134,15,1115.6353759765625,597.309814453125
134,16,1146.6795654296875,610.3939819335938
134,17,1176.0509033203125,622.5660400390625
134,18,866.153564453125,529.6754760742188
134,19,907.45068359375,546.2471313476562
134,20,947.1581420898438,562.7090454101562
134,21,985.28955078125,578.6403198242188
134,22,1022.0403442382812,593.9089965820312
134,23,1056.802490234375,608.24609375
134,24,1089.8575439453125,622.6132202148438
134,25,1121.2406005859375,635.4188842773438
134,26,1150.5093994140625,646.9848022460938
134,27,845.6466064453125,557.9024047851562
134,28,885.9136352539062,574.0537719726562
134,29,924.7667846679688,589.9613647460938
134,30,962.0770874023438,605.0523681640625
134,31,998.08935546875,619.2451171875
134,32,1032.3583984375,632.9388427734375
134,33,1065.070068359375,645.9520874023438
134,34,1096.4434814453125,658.3262939453125
134,35,1125.855712890625,669.734130859375
134,36,826.5087890625,585.2747802734375
134,37,865.5363159179688,600.6524047851562
134,38,903.441162109375,615.52099609375
134,39,940.2030029296875,630.2520141601562
134,40,975.6270751953125,644.0241088867188
134,41,1009.6160888671875,656.9623413085938
134,42,1041.77001953125,669.1015014648438
134,43,1072.9171142578125,680.716552734375
134,44,1102.0328369140625,691.3607788085938
134,45,808.9725341796875,610.6339111328125
134,46,846.8300170898438,625.0552368164062
134,47,883.8181762695312,638.87255859375
134,48,919.7128295898438,652.9182739257812
134,49,954.650390625,666.0548706054688
134,50,987.7935180664062,678.2181396484375
134,51,1020.0289916992188,690.0907592773438
134,52,1050.3331298828125,701.0465698242188
134,53,1079.126708984375,711.272705078125
134,54,792.337890625,634.7391967773438
134,55,829.453125,648.6982421875
134,56,865.2198486328125,662.1655883789062
134,57,900.3109741210938,674.3887329101562
134,58,934.5645141601562,686.8383178710938
134,59,967.542724609375,699.06298828125
134,60,998.7490234375,709.9249877929688
134,61,1028.9010009765625,720.251220703125
134,62,1057.8070068359375,729.9451904296875
135,0,779.1994018554688,210.218994140625
135,1,815.541259765625,238.74537658691406
135,2,851.2916259765625,265.909912109375
135,3,885.7573852539062,292.99688720703125
135,4,919.2216796875,319.0192565917969
135,5,951.1775512695312,344.00994873046875
135,6,981.5740966796875,367.9427185058594
135,7,1010.654296875,390.8775939941406
135,8,1038.011962890625,412.6894836425781
135,9,752.262451171875,238.8964080810547
135,10,788.269775390625,264.9267883300781
135,11,823.5655517578125,290.3329162597656
135,12,857.3463134765625,315.727783203125
135,13,890.3939208984375,340.9847106933594
135,14,921.7957763671875,365.1197814941406
135,15,952.1694946289062,388.00775146484375
135,16,981.0951538085938,409.4577941894531
135,17,1008.4476928710938,430.3536376953125
135,18,728.3739624023438,263.899658203125
135,19,763.6288452148438,288.2925720214844
135,20,797.93603515625,312.9747314453125
135,21,830.87744140625,337.1061096191406
135,22,863.3790893554688,360.8458251953125
135,23,894.3171997070312,383.9440002441406
135,24,924.2147827148438,406.41632080078125
135,25,953.0023193359375,427.9095458984375
135,26,980.40087890625,447.5950012207031
135,27,706.6473388671875,287.1250305175781
135,28,740.7067260742188,310.9649658203125
135,29,773.899658203125,334.72998046875
135,30,806.2841186523438,357.9644775390625
135,31,838.0454711914062,380.5693664550781
135,32,868.6990966796875,402.4391784667969
135,33,898.17138671875,423.70782470703125
135,34,926.5624389648438,444.24920654296875
135,35,953.8954467773438,464.0279541015625
135,36,686.050048828125,310.0877990722656
135,37,719.1010131835938,332.877197265625
135,38,751.5155029296875,355.4497375488281
135,39,783.0472412109375,378.0150146484375
135,40,814.19921875,399.8472595214844
135,41,844.273193359375,420.857666015625
135,42,873.2470703125,441.0309753417969
135,43,901.7488403320312,460.636962890625
135,44,928.3866577148438,479.3212890625
135,45,667.1611938476562,331.5801086425781
135,46,699.4275512695312,353.1873474121094
135,47,731.0595092773438,374.56170654296875
135,48,761.9434204101562,396.0758972167969
135,49,792.147705078125,417.08203125
135,50,821.8065185546875,437.04205322265625
135,51,850.3271484375,456.5112609863281
135,52,878.0234375,475.7361755371094
135,53,904.9251098632812,493.62921142578125
135,54,649.6671142578125,352.0768127441406
135,55,680.6937866210938,373.0679016113281
135,56,711.523681640625,393.7406005859375
135,57,742.060791015625,413.3841857910156
135,58,771.7828369140625,433.51470947265625
135,59,800.384765625,453.2523193359375
135,60,828.4352416992188,471.82745361328125
135,61,855.3524780273438,489.9321594238281
135,62,882.1163940429688,507.2430114746094
136,0,798.7996215820312,421.0594787597656
136,1,832.1680908203125,451.9462585449219
136,2,864.8201293945312,481.11639404296875
136,3,895.9760131835938,509.7044372558594
136,4,926.4617919921875,536.1846923828125
136,5,955.2778930664062,560.8917236328125
136,6,983.17626953125,584.4053344726562
136,7,1009.5474243164062,606.444091796875
136,8,1034.1495361328125,626.9072265625
136,9,772.4346313476562,438.10382080078125
136,10,805.5731811523438,466.358642578125
136,11,837.82763671875,493.47869873046875
136,12,868.3973999023438,520.0638427734375
136,13,898.0026245117188,546.1361694335938
136,14,926.5009765625,570.4098510742188
136,15,955.12353515625,593.314697265625
136,16,980.3720092773438,613.7393188476562
136,17,1005.5045776367188,633.8578491210938
136,18,749.9241943359375,451.25921630859375
136,19,782.054443359375,478.0807800292969
136,20,813.0867309570312,504.4093322753906
136,21,842.8781127929688,529.9976196289062
136,22,872.3442993164062,554.2166137695312
136,23,899.67333984375,577.5231323242188
136,24,926.9805908203125,600.2463989257812
136,25,954.1710815429688,621.8817138671875
136,26,977.8055419921875,640.38525390625
136,27,729.5582275390625,462.8069152832031
136,28,760.4603271484375,488.9214782714844
136,29,790.1532592773438,514.4613647460938
136,30,819.41064453125,539.3886108398438
136,31,848.1064453125,562.844482421875
136,32,875.6231079101562,585.0558471679688
136,35,953.2753295898438,646.7129516601562
136,36,710.2471313476562,474.7252502441406
136,37,740.16796875,499.869140625
136,38,769.2288818359375,524.2239990234375
136,39,796.8189086914062,548.2380981445312
136,40,825.1901245117188,571.2220458984375
136,41,851.2807006835938,592.9002075195312
136,44,927.3272094726562,652.2643432617188
136,45,692.6973266601562,485.59808349609375
136,46,721.5694580078125,509.5007629394531
136,47,749.82373046875,532.7362060546875
136,48,777.4125366210938,555.9155883789062
136,49,803.897216796875,578.1401977539062
136,50,830.6792602539062,599.0289306640625
136,51,856.0577392578125,619.4473266601562
136,52,880.7722778320312,638.7171630859375
136,54,676.1123046875,496.0405578613281
136,55,704.0436401367188,519.1721801757812
136,56,731.5772705078125,541.8402709960938
136,57,758.5423583984375,562.9458618164062
136,58,785.1486206054688,584.535400390625
136,59,809.3441162109375,605.1596069335938
136,60,835.4124755859375,624.7642211914062
137,30,791.988525390625,682.0328369140625
137,31,829.3353881835938,691.9382934570312
137,32,866.8131103515625,701.46875
137,33,904.4879150390625,710.7039794921875
137,38,745.5541381835938,685.5198974609375
137,39,784.0640869140625,695.3980102539062
137,40,823.05859375,705.85791015625
137,41,862.199462890625,715.7969360351562
137,42,901.5444946289062,725.3416137695312
137,43,941.1040649414062,734.6157836914062
137,44,980.0614013671875,743.6734619140625
137,46,696.1918334960938,687.9168090820312
137,47,735.3583374023438,699.5352783203125
137,48,775.3296508789062,710.3163452148438
137,49,816.2660522460938,721.2808837890625
137,50,856.98193359375,731.6958618164062
137,51,898.3563232421875,741.4362182617188
137,52,939.6429443359375,751.0687866210938
137,53,980.535400390625,760.7913208007812
137,54,643.0010375976562,691.0237426757812
137,55,682.7236938476562,702.3136596679688
137,56,724.2633056640625,713.991455078125
137,57,766.0689086914062,726.2904052734375
137,58,808.71875,737.677734375
137,59,851.7427978515625,747.8361206054688
137,60,894.9652709960938,758.8084106445312
137,61,938.1173706054688,768.9803466796875
137,62,981.3453979492188,778.8590087890625
138,0,769.8505249023438,362.0282897949219
138,1,809.9960327148438,382.9230041503906
138,2,849.2793579101562,403.30975341796875
138,3,887.7296142578125,423.61395263671875
138,4,925.040283203125,443.0309753417969
138,5,961.0184326171875,462.5732727050781
138,6,995.4642944335938,481.6947021484375
138,7,1028.69580078125,499.9670104980469
138,8,1060.1641845703125,517.3678588867188
138,9,749.1066284179688,397.3836364746094
138,10,788.4132690429688,417.3637390136719
138,11,827.0891723632812,436.8931884765625
138,12,864.8914184570312,456.2470703125
138,13,901.9921875,475.66363525390625
138,14,937.4584350585938,494.43524169921875
138,15,971.7706909179688,512.3399047851562
138,16,1004.7219848632812,529.2694702148438
138,17,1036.3074951171875,545.9334106445312
138,18,729.3799438476562,432.2879638671875
138,19,768.075927734375,451.1094055175781
138,20,806.1072387695312,470.1307678222656
138,21,843.2067260742188,488.5575256347656
138,22,879.8289794921875,506.658935546875
138,23,914.9000244140625,524.214111328125
138,24,948.9960327148438,541.8057250976562
138,25,981.9161987304688,558.1752319335938
138,26,1013.1222534179688,573.8612060546875
138,27,710.687744140625,466.806884765625
138,28,748.7191162109375,484.79132080078125
138,29,786.0827026367188,502.48675537109375
138,30,822.7705078125,520.0567016601562
138,31,858.6593017578125,537.060791015625
138,32,893.4832763671875,553.7322387695312
138,33,927.1963500976562,569.9072875976562
138,34,959.8706665039062,585.6265869140625
138,35,991.03076171875,600.4964599609375
138,36,693.0703735351562,500.0561218261719
138,37,730.3897705078125,516.969970703125
138,38,767.1006469726562,533.7547607421875
138,39,803.236328125,550.45849609375
138,40,838.6574096679688,566.6439208984375
138,41,872.980712890625,582.3558959960938
138,42,906.23779296875,597.4471435546875
138,43,938.628173828125,612.3341064453125
138,44,969.3995971679688,626.3453979492188
138,45,677.2251586914062,529.9585571289062
138,46,713.70556640625,546.2998046875
138,47,749.8168334960938,562.1752319335938
138,48,784.99072265625,578.0939331054688
138,49,820.0797729492188,593.4365234375
138,50,853.6693725585938,608.0849609375
138,51,886.5238037109375,622.7061157226562
138,52,918.2533569335938,636.5735473632812
138,53,948.97314453125,649.8948974609375
138,54,662.9370727539062,557.3174438476562
138,55,698.4613037109375,573.4550170898438
138,56,733.3380126953125,589.0306396484375
138,57,768.1019897460938,603.7593994140625
138,58,802.2725219726562,618.6302490234375
138,59,835.455078125,633.0465087890625
138,60,867.5263671875,646.5540161132812
138,61,898.9140625,659.8528442382812
138,62,929.22998046875,672.251953125
139,0,832.9075317382812,771.2124633789062
139,1,871.12353515625,776.9175415039062
139,2,910.7789916992188,783.0101318359375
139,3,950.9864501953125,788.0689697265625
139,4,992.547119140625,793.8836059570312
139,5,1034.224853515625,798.8432006835938
139,6,1076.189208984375,803.4431762695312
139,7,1118.5511474609375,808.1023559570312
139,8,1160.959228515625,813.2119750976562
139,9,821.0528564453125,804.6707153320312
139,10,860.2266845703125,810.9338989257812
139,11,900.6879272460938,816.92041015625
139,12,942.0852661132812,822.7529296875
139,13,984.5107421875,827.8184204101562
139,14,1027.568115234375,833.0089111328125
139,15,1070.9810791015625,838.06005859375
139,16,1114.8336181640625,843.6756591796875
139,17,1158.4400634765625,848.3408813476562
139,18,808.724853515625,839.4013061523438
139,19,848.7862548828125,845.9976196289062
139,20,890.1239624023438,852.43896484375
139,21,932.3782348632812,858.431884765625
139,22,976.1663208007812,864.9183959960938
139,23,1020.40673828125,870.40869140625
139,24,1065.111572265625,875.3934326171875
139,25,1110.3447265625,880.3560180664062
139,26,1155.530029296875,885.730224609375
139,27,795.4092407226562,874.7871704101562
139,28,836.2977294921875,881.9075317382812
139,29,878.521484375,888.6233520507812
139,30,922.1943359375,895.5614013671875
139,31,967.1849975585938,902.3017578125
139,32,1012.7964477539062,908.8587646484375
139,33,1058.93310546875,914.3632202148438
139,34,1105.7821044921875,919.7447509765625
139,35,1152.21728515625,924.6504516601562
139,36,780.7845458984375,910.1830444335938
139,37,822.6594848632812,918.0469360351562
139,38,866.29638671875,926.1398315429688
139,39,910.9299926757812,933.4738159179688
139,40,957.7313232421875,941.3049926757812
139,41,1004.2006225585938,948.0797119140625
139,42,1052.339111328125,955.06201171875
139,43,1100.1383056640625,960.743896484375
139,44,1148.7076416015625,966.6430053710938
139,45,765.6332397460938,947.33349609375
139,46,808.961669921875,956.9376220703125
139,47,853.855712890625,966.4469604492188
139,48,899.9864501953125,975.1328125
139,49,947.4141235351562,983.3777465820312
139,50,996.0083618164062,991.3584594726562
139,51,1044.8160400390625,998.2303466796875
139,52,1094.655029296875,1004.93408203125
139,53,1143.8812255859375,1010.32275390625
139,54,750.802001953125,987.9097290039062
139,55,794.7091064453125,998.157470703125
139,56,840.7289428710938,1008.2947998046875
139,57,888.0748901367188,1018.1649169921875
139,58,936.9354248046875,1027.6494140625
139,59,986.505615234375,1035.689208984375
139,60,1036.9788818359375,1043.734130859375
139,61,1087.9866943359375,1050.331298828125
139,62,1139.2081298828125,1056.2528076171875
140,0,717.7747192382812,587.1582641601562
140,1,750.0991821289062,595.1251220703125
140,2,782.886962890625,603.6134033203125
140,5,884.2028198242188,627.8003540039062
140,6,918.1586303710938,635.8104248046875
140,7,952.1282958984375,644.035400390625
140,9,706.4827270507812,603.50341796875
140,10,740.1222534179688,611.580322265625
140,11,774.07177734375,619.7719116210938
140,14,879.0670166015625,643.8204956054688
140,15,914.23193359375,652.1484375
140,16,949.4642944335938,661.070068359375
140,17,984.7957763671875,669.4091186523438
140,18,694.6400756835938,620.6519775390625
140,19,729.1401977539062,628.8059692382812
140,20,764.5394287109375,636.9232177734375
140,21,800.3163452148438,645.53662109375
140,22,836.8402099609375,654.1190795898438
140,23,873.3667602539062,662.5115966796875
140,24,910.0153198242188,670.5260620117188
140,25,946.7992553710938,678.999267578125
140,26,983.2621459960938,687.8137817382812
140,27,681.8742065429688,637.1045532226562
140,28,718.0113525390625,646.0413208007812
140,29,754.3430786132812,654.900634765625
140,30,791.6844482421875,663.4038696289062
140,31,829.3865356445312,672.6162719726562
140,32,867.3947143554688,681.5712280273438
140,33,905.6079711914062,690.110595703125
140,34,943.8587036132812,698.5173950195312
140,35,981.8150024414062,706.7078247070312
140,36,668.6453857421875,652.9830932617188
140,37,705.7708740234375,662.9991455078125
140,38,743.7369995117188,672.9168090820312
140,39,782.3423461914062,681.9505004882812
140,40,821.8143920898438,691.712890625
140,41,861.1622924804688,701.0275268554688
140,42,901.065185546875,710.0856323242188
140,43,941.0138549804688,718.6328735351562
140,44,980.9033203125,727.2899780273438
140,45,654.3002319335938,671.1287231445312
140,46,692.8333129882812,681.80517578125
140,47,732.1795043945312,692.5411376953125
140,48,772.3895874023438,702.4053955078125
140,49,813.2609252929688,712.552001953125
140,50,854.6703491210938,722.3823852539062
140,51,896.1351928710938,731.5218505859375
140,52,937.629638671875,740.7340087890625
140,53,978.9948120117188,749.6201171875
140,54,638.9636840820312,691.6744995117188
140,55,678.9683837890625,702.01806640625
140,56,719.9075317382812,712.9345092773438
140,57,761.6812133789062,724.5223999023438
140,58,804.3599243164062,735.0635986328125
140,59,847.5724487304688,744.7349853515625
140,60,890.8564453125,754.9525756835938
140,61,934.2910766601562,764.3388671875
140,62,977.7478637695312,773.5733642578125
141,0,903.8090209960938,449.82940673828125
141,1,949.893310546875,466.0622863769531
141,2,993.4756469726562,480.6881103515625
141,3,1034.7203369140625,495.0959167480469
141,4,1073.5760498046875,508.40240478515625
141,5,1109.8779296875,520.3942260742188
141,6,1143.536376953125,531.9553833007812
141,7,1174.9263916015625,542.3939208984375
141,8,1204.14111328125,552.2929077148438
141,9,880.9237060546875,487.15234375
141,10,925.741455078125,500.71820068359375
141,11,968.388427734375,513.2543334960938
141,12,1008.8941650390625,526.2341918945312
141,13,1047.5826416015625,538.63916015625
141,14,1083.4951171875,550.4298095703125
141,15,1117.68310546875,560.3809204101562
141,16,1148.8040771484375,569.8069458007812
141,17,1178.5196533203125,578.65185546875
141,18,859.3338623046875,519.3950805664062
141,19,902.9993286132812,531.4090576171875
141,20,944.74072265625,543.797119140625
141,21,984.5494384765625,555.2930297851562
141,22,1022.6033325195312,566.4075927734375
141,23,1058.29638671875,576.3989868164062
141,24,1092.1163330078125,587.010986328125
141,25,1124.2125244140625,595.8314208984375
141,26,1153.3243408203125,603.9926147460938
141,27,839.5241088867188,548.8125610351562
141,28,882.02685546875,560.5521850585938
141,29,922.9603881835938,572.1557006835938
141,30,962.0618286132812,583.0529174804688
141,31,999.5317993164062,593.0208129882812
141,32,1034.616943359375,602.595458984375
141,33,1068.158447265625,611.5152587890625
141,34,1099.8111572265625,620.1171264648438
141,35,1129.0528564453125,628.0881958007812
141,36,821.2587890625,577.4225463867188
141,37,862.5929565429688,588.1334228515625
141,38,902.382080078125,598.7630004882812
141,39,940.67236328125,609.15771484375
141,40,977.6116943359375,618.8642578125
141,41,1012.389892578125,627.7007446289062
141,42,1045.2794189453125,635.9102783203125
141,43,1077.0069580078125,643.6124267578125
141,44,1106.330322265625,650.648681640625
141,45,804.7105712890625,603.4986572265625
141,46,844.6195068359375,613.7100219726562
141,47,883.5828857421875,622.9174194335938
141,48,920.9131469726562,632.8577880859375
141,49,957.1246337890625,641.9085693359375
141,50,991.2095336914062,649.9590454101562
141,51,1024.25146484375,657.8121948242188
141,52,1055.13525390625,665.0289306640625
141,53,1084.82421875,671.2700805664062
141,54,789.171142578125,628.4152221679688
141,55,828.3203735351562,637.8970947265625
141,56,866.0323486328125,647.041748046875
141,57,902.1407470703125,655.1260986328125
141,58,937.620361328125,663.38037109375
141,59,971.6569213867188,671.6807861328125
141,60,1003.6581420898438,678.5457763671875
141,61,1034.416748046875,684.9813842773438
141,62,1063.6224365234375,691.0426025390625
142,0,807.585205078125,277.80682373046875
142,1,844.0223388671875,305.3094787597656
142,2,879.1008911132812,332.4012145996094
142,3,912.854736328125,358.9732360839844
142,4,945.4954833984375,383.9140625
142,5,976.7849731445312,407.2027282714844
142,6,1006.1994018554688,429.4662170410156
142,7,1034.2254638671875,450.6063232421875
142,8,1060.581298828125,470.5307312011719
142,9,780.290771484375,304.2856750488281
142,10,816.0242309570312,329.7963562011719
142,11,850.8408813476562,354.5304260253906
142,12,884.1963500976562,378.995849609375
142,13,916.6652221679688,402.9927062988281
142,14,947.20361328125,425.35845947265625
142,15,976.3722534179688,446.6988525390625
142,16,1004.685791015625,466.262939453125
142,17,1031.2103271484375,485.42327880859375
142,18,755.8436279296875,327.125244140625
142,19,790.7921142578125,350.9839782714844
142,20,824.814208984375,374.6979675292969
142,21,857.4099731445312,397.7605895996094
142,22,889.4125366210938,419.8995056152344
142,23,919.7547607421875,441.2658996582031
142,24,948.7702026367188,462.1418762207031
142,25,976.9343872070312,481.9578857421875
142,26,1003.2481689453125,499.88812255859375
142,27,733.9071044921875,347.3051452636719
142,28,767.9373168945312,370.50164794921875
142,29,800.592041015625,393.30181884765625
142,30,832.8431396484375,415.4827880859375
142,31,864.076416015625,436.546142578125
142,32,894.0897216796875,457.0364990234375
142,33,922.9589233398438,476.71929931640625
142,34,950.4526977539062,495.6564025878906
142,35,976.322021484375,513.791015625
142,36,713.2293701171875,367.26995849609375
142,37,746.1304321289062,389.20068359375
142,38,778.5511474609375,411.00238037109375
142,39,809.6001586914062,432.4017639160156
142,40,840.2906494140625,453.0547180175781
142,41,869.870361328125,472.60174560546875
142,42,898.081298828125,491.31317138671875
142,43,925.8447265625,509.4939880371094
142,44,951.5768432617188,526.7379760742188
142,45,694.4127197265625,385.714111328125
142,46,726.49658203125,406.7630615234375
142,47,758.0479125976562,427.0221252441406
142,48,788.3750610351562,447.5303955078125
142,49,818.0795288085938,467.359375
142,50,847.1061401367188,486.0791931152344
142,51,875.2473754882812,504.3959655761719
142,52,902.03271484375,521.8783569335938
142,53,928.2172241210938,538.1270141601562
142,54,676.7747192382812,403.2615051269531
142,55,707.9893798828125,423.739013671875
142,56,738.5165405273438,443.4043273925781
142,57,768.5714111328125,462.14129638671875
142,58,797.8577880859375,480.9302673339844
142,59,825.7595825195312,499.5406188964844
142,60,853.3378295898438,516.712646484375
142,61,878.6183471679688,533.3943481445312
142,62,905.51611328125,549.5272216796875
143,0,664.9713134765625,681.8740234375
143,1,707.765625,688.5125122070312
143,2,752.5867919921875,696.0126342773438
143,3,798.9990844726562,702.434326171875
143,4,847.3596801757812,709.6365966796875
143,5,896.7977905273438,716.0995483398438
143,6,947.0507202148438,722.6609497070312
143,7,998.5062255859375,729.1989135742188
143,8,1049.9832763671875,736.0671997070312
143,9,647.63720703125,719.95556640625
143,10,691.2084350585938,727.5894775390625
143,11,737.0462646484375,735.1256103515625
143,12,784.8086547851562,742.5555419921875
143,13,834.2799072265625,749.084716796875
143,14,885.361083984375,756.2783203125
143,15,937.8507690429688,763.6360473632812
143,16,991.3318481445312,771.4784545898438
143,17,1045.013427734375,778.2731323242188
143,18,629.6002197265625,760.3789672851562
143,19,673.9876098632812,768.498291015625
143,20,720.7421875,776.682373046875
143,21,769.6506958007812,784.7507934570312
143,22,820.9880981445312,793.2001342773438
143,23,873.7975463867188,801.0545043945312
143,24,928.0394897460938,808.511962890625
143,25,983.2091674804688,815.8406982421875
143,26,1039.1453857421875,823.7939453125
143,27,609.8572387695312,801.3390502929688
143,28,655.6320190429688,811.0894775390625
143,29,703.3811645507812,820.4730834960938
143,30,753.7110595703125,829.8041381835938
143,31,806.62451171875,839.076904296875
143,32,861.2545776367188,848.2024536132812
143,33,917.2454833984375,856.4273681640625
143,34,974.9534912109375,864.5573120117188
143,35,1033.0032958984375,871.6325073242188
143,36,588.529541015625,843.672607421875
143,37,635.6104736328125,855.1636352539062
143,38,685.1453247070312,866.8756713867188
143,39,736.8785400390625,877.136474609375
143,40,791.4518432617188,887.7741088867188
143,41,847.668701171875,897.5641479492188
143,42,906.1460571289062,907.3283081054688
143,43,965.4860229492188,915.626953125
143,44,1026.06591796875,924.00244140625
143,45,567.49658203125,888.7407836914062
143,46,615.479248046875,902.0389404296875
143,47,666.3925170898438,915.0052490234375
143,48,719.64208984375,927.3761596679688
143,49,775.7203369140625,939.1286010742188
143,50,833.8812866210938,950.9421997070312
143,51,893.8900146484375,960.7560424804688
143,52,955.9304809570312,970.8318481445312
143,53,1018.3414306640625,979.0097045898438
143,54,546.3477783203125,936.7472534179688
143,55,594.52685546875,950.673828125
143,56,646.5841674804688,965.4127197265625
143,57,701.5910034179688,979.9895629882812
143,58,759.424072265625,993.7086791992188
143,59,819.1432495117188,1005.8289794921875
143,60,881.4694213867188,1017.9073486328125
143,61,945.2014770507812,1027.9107666015625
143,62,1010.3392333984375,1037.5345458984375
144,2,856.141357421875,408.52593994140625
144,3,894.6611938476562,432.83599853515625
144,4,932.7380981445312,455.9219055175781
144,5,969.0379028320312,478.5213928222656
144,6,1003.8544921875,500.6717529296875
144,7,1037.3856201171875,521.738037109375
144,8,1069.31201171875,541.9012451171875
144,9,755.0789184570312,389.8760986328125
144,10,793.95654296875,413.9095764160156
144,11,832.3089599609375,437.5810241699219
144,12,870.1417846679688,460.523681640625
144,13,907.1309204101562,482.9964904785156
144,14,942.6083984375,504.76739501953125
144,15,977.247314453125,525.24951171875
144,16,1010.3178100585938,544.9559936523438
144,17,1042.1318359375,564.2857055664062
144,18,734.7958984375,420.2004089355469
144,19,772.7263793945312,442.8910827636719
144,20,810.0352783203125,465.3785400390625
144,21,846.8740234375,487.0304260253906
144,22,883.1856079101562,508.0371398925781
144,23,918.2525024414062,528.4218139648438
144,24,952.10009765625,548.565673828125
144,25,984.8431396484375,567.8555908203125
144,26,1016.1077270507812,585.8671875
144,27,715.81396484375,449.31787109375
144,28,752.900390625,470.63165283203125
144,29,789.4095458984375,491.7153015136719
144,30,825.3132934570312,512.0506591796875
144,31,860.7884521484375,531.976806640625
144,32,895.2218017578125,551.3250122070312
144,33,928.5166625976562,570.26171875
144,34,960.5321655273438,588.6837768554688
144,35,991.5000610351562,606.4354858398438
144,36,698.963623046875,475.2987365722656
144,37,734.889404296875,495.6490173339844
144,38,770.4547119140625,515.654052734375
144,39,805.2318725585938,535.656005859375
144,40,839.7662353515625,555.0132446289062
144,41,873.4737548828125,573.729248046875
144,42,905.91064453125,591.4910278320312
144,43,937.8204956054688,609.0950317382812
144,44,968.1041259765625,625.8614501953125
144,45,684.2991943359375,497.97125244140625
144,46,719.0266723632812,517.4645385742188
144,47,753.5651245117188,536.6470336914062
144,48,787.227783203125,556.1054077148438
144,49,820.4550170898438,575.1119384765625
144,50,853.3040771484375,592.7860717773438
144,51,885.5255737304688,610.4580078125
144,52,916.172119140625,627.2362060546875
144,53,946.3388061523438,643.0844116210938
144,54,670.839111328125,519.1312866210938
144,55,704.3007202148438,538.2694091796875
144,56,737.4403076171875,557.143310546875
144,57,770.4517211914062,575.1637573242188
144,58,802.9471435546875,593.563232421875
144,59,834.7650146484375,611.6077880859375
144,60,865.7017822265625,627.96484375
144,61,895.9827270507812,644.33447265625
144,62,925.5128784179688,659.6786499023438
145,0,732.4620971679688,541.3458251953125
145,1,767.4031372070312,549.1103515625
145,2,802.8847045898438,557.6416625976562
145,3,838.7721557617188,565.3351440429688
145,4,875.1605834960938,573.67919921875
145,5,911.506591796875,581.3191528320312
145,6,947.6759033203125,589.1395874023438
145,7,983.88134765625,597.3984985351562
145,8,1019.2899780273438,605.6082763671875
145,9,721.541259765625,561.8849487304688
145,10,757.8555908203125,569.6685791015625
145,11,794.4967651367188,577.5841674804688
145,12,831.742919921875,585.5404663085938
145,13,869.41162109375,593.1298217773438
145,14,907.3126831054688,600.8195190429688
145,15,944.8939208984375,609.2316284179688
145,16,982.0072021484375,618.025146484375
145,17,1019.336669921875,626.1633911132812
145,18,709.8560180664062,583.036376953125
145,19,747.2056274414062,590.9149780273438
145,20,785.4512939453125,598.7960815429688
145,21,824.0039672851562,606.9904174804688
145,22,863.2048950195312,615.3887329101562
145,23,902.3067626953125,623.5130615234375
145,24,941.446533203125,631.2603759765625
145,25,980.6350708007812,639.5272827148438
145,26,1019.2009887695312,648.07177734375
145,27,697.5499877929688,603.8257446289062
145,28,736.3594970703125,612.1412963867188
145,29,775.9158325195312,620.5038452148438
145,30,816.0226440429688,629.0384521484375
145,31,856.6717529296875,637.791015625
145,32,897.404541015625,646.6229858398438
145,33,938.1306762695312,654.91943359375
145,34,979.0011596679688,663.077392578125
145,35,1019.22119140625,670.904052734375
145,36,684.392822265625,624.4192504882812
145,37,724.618896484375,633.7861938476562
145,38,765.82958984375,643.0806884765625
145,39,807.5440673828125,651.9295654296875
145,40,850.0625610351562,661.1760864257812
145,41,892.2763671875,670.159912109375
145,42,934.8363037109375,679.1143188476562
145,43,977.160400390625,687.1624755859375
145,44,1019.1265869140625,695.7508544921875
145,45,670.359130859375,647.803955078125
145,46,712.2772216796875,657.8008422851562
145,47,754.8645629882812,667.9976806640625
145,48,798.3484497070312,677.5050659179688
145,49,842.636474609375,687.23828125
145,50,886.89599609375,696.7919311523438
145,51,931.0693969726562,705.4268188476562
145,52,975.5050048828125,714.2601928710938
145,53,1018.880859375,722.7054443359375
145,54,655.3206787109375,674.7505493164062
145,55,698.836181640625,684.3756103515625
145,56,743.2255249023438,694.6035766601562
145,57,788.432373046875,705.4794921875
145,58,834.7152709960938,715.4341430664062
145,59,880.8024291992188,724.49365234375
145,60,927.207763671875,734.3626708984375
145,61,973.1138305664062,743.2147216796875
145,62,1018.9095458984375,752.2449340820312
146,2,905.2809448242188,899.9794311523438
146,3,935.301513671875,909.019775390625
146,4,966.9655151367188,918.1460571289062
146,5,998.2062377929688,926.7192993164062
146,6,1031.1204833984375,934.9764404296875
146,7,1064.111328125,943.3853759765625
146,8,1097.611083984375,950.9381713867188
146,9,831.7640991210938,896.2548828125
146,10,861.3133544921875,906.5560913085938
146,11,891.02685546875,916.52880859375
146,12,922.9154663085938,925.4542236328125
146,13,954.9488525390625,934.4356689453125
146,14,988.1319580078125,942.9267578125
146,15,1021.4560546875,952.2333374023438
146,16,1055.46533203125,961.6187744140625
146,17,1089.9158935546875,969.9097900390625
146,18,815.9973754882812,913.5216674804688
146,19,846.150390625,923.6337890625
146,20,877.2496337890625,932.88232421875
146,21,909.198974609375,942.4642944335938
146,22,942.6582641601562,952.2645263671875
146,23,976.3953247070312,961.6304931640625
146,24,1010.9102783203125,970.7217407226562
146,25,1046.22607421875,980.1509399414062
146,26,1081.548095703125,989.9424438476562
146,27,798.9017944335938,930.11328125
146,28,829.7974853515625,940.2691040039062
146,29,861.6333618164062,950.279541015625
146,30,894.8757934570312,960.3432006835938
146,31,929.0059814453125,970.84228515625
146,32,963.9369506835938,980.9788208007812
146,33,999.3842163085938,990.9981689453125
146,34,1036.0687255859375,1000.6907958984375
146,35,1073.0926513671875,1010.1436157226562
146,36,780.879150390625,946.0988159179688
146,37,812.4161376953125,957.509033203125
146,38,845.3208618164062,968.7138671875
146,39,879.1041259765625,979.3602294921875
146,40,914.5014038085938,990.1851806640625
146,41,950.3942260742188,1000.8773803710938
146,42,987.2859497070312,1011.8464965820312
146,43,1025.2955322265625,1022.1099853515625
146,44,1063.75341796875,1032.3828125
146,45,760.66943359375,963.0611572265625
146,46,794.1458740234375,975.5059204101562
146,47,827.640625,987.8416137695312
146,48,862.5313110351562,999.8301391601562
146,49,898.849365234375,1011.4154052734375
146,50,936.073486328125,1023.2389526367188
146,51,974.2542114257812,1034.52001953125
146,52,1013.4323120117188,1045.866455078125
146,53,1053.1553955078125,1056.68017578125
146,54,741.3280639648438,980.0142211914062
146,55,773.3681030273438,993.1663208007812
146,56,808.984619140625,1006.394287109375
146,57,844.7448120117188,1020.3878784179688
146,58,882.1613159179688,1033.5914306640625
146,59,920.6008911132812,1045.771484375
146,60,960.1262817382812,1058.3369140625
146,61,1000.7659301757812,1070.4315185546875
146,62,1042.28076171875,1081.640380859375
147,0,882.1445922851562,809.3783569335938
147,1,910.2415161132812,824.1433715820312
147,2,938.8193359375,838.77490234375
147,3,968.0231323242188,853.0339965820312
147,4,997.9055786132812,867.8023681640625
147,5,1028.0938720703125,881.786376953125
147,6,1058.325927734375,895.7357788085938
147,7,1088.955322265625,909.517333984375
147,8,1120.0302734375,922.780029296875
147,9,865.6874389648438,830.2220458984375
147,10,894.2664794921875,845.69677734375
147,11,923.5232543945312,860.5300903320312
147,12,953.4215087890625,875.15380859375
147,13,984.1539306640625,889.637451171875
147,14,1014.9999389648438,904.0208740234375
147,15,1046.109619140625,918.6646118164062
147,16,1077.596435546875,933.5711669921875
147,17,1109.0634765625,947.5123291015625
147,18,848.2894287109375,852.7114868164062
147,19,877.4151000976562,868.1552734375
147,20,907.47314453125,882.866943359375
147,21,938.056884765625,897.966064453125
147,22,969.4615478515625,913.1680297851562
147,23,1001.02197265625,928.3394775390625
147,24,1033.1617431640625,942.9834594726562
147,25,1065.400146484375,958.1797485351562
147,26,1097.8551025390625,973.0193481445312
147,27,830.269775390625,874.8494873046875
147,28,860.1893920898438,890.327392578125
147,29,890.73974609375,905.9100341796875
147,30,922.0336303710938,921.5510864257812
147,31,954.1088256835938,937.529052734375
147,32,986.3950805664062,953.2971801757812
147,33,1019.2472534179688,968.60205078125
147,34,1052.5992431640625,984.1531372070312
147,35,1085.9158935546875,999.1646728515625
147,36,811.5867919921875,896.876708984375
147,37,841.9024047851562,913.4363403320312
147,38,873.046875,930.1362915039062
147,39,904.9803466796875,946.1942138671875
147,40,937.8903198242188,962.6644287109375
147,41,971.0261840820312,978.8699951171875
147,42,1004.7900390625,995.312255859375
147,43,1038.8743896484375,1011.2252197265625
147,44,1073.2335205078125,1027.037109375
147,45,792.0530395507812,919.7335815429688
147,46,822.8677978515625,937.4564819335938
147,47,854.5621948242188,954.931640625
147,48,887.2500610351562,972.0618896484375
147,49,920.7725219726562,989.2291870117188
147,50,954.8604736328125,1006.4719848632812
147,51,989.2654418945312,1023.1027221679688
147,52,1024.359130859375,1039.9739990234375
147,53,1059.479248046875,1056.2366943359375
147,54,771.89697265625,942.85400390625
147,55,803.000244140625,961.0120849609375
147,56,835.4692993164062,979.5682983398438
147,57,868.6746826171875,998.349365234375
147,58,902.9176025390625,1016.6629638671875
147,59,937.790283203125,1034.2279052734375
147,60,973.0735473632812,1052.1160888671875
147,61,1009.005615234375,1069.460205078125
147,62,1045.354248046875,1085.9471435546875
148,0,901.044677734375,479.84674072265625
148,1,940.5132446289062,503.2381591796875
148,2,978.6896362304688,525.031494140625
148,3,1015.2637939453125,546.391357421875
148,4,1050.07958984375,566.5062255859375
148,5,1083.2042236328125,584.9551391601562
148,6,1114.0321044921875,602.5387573242188
148,7,1143.6412353515625,618.7991333007812
148,8,1171.163818359375,634.1932983398438
148,9,875.3882446289062,509.8323669433594
148,10,914.2403564453125,530.7354736328125
148,11,951.9454956054688,550.750244140625
148,12,987.8623657226562,570.701171875
148,13,1022.4469604492188,590.09130859375
148,14,1055.0382080078125,608.291015625
148,15,1086.3377685546875,624.9279174804688
148,16,1115.43408203125,640.1022338867188
148,17,1143.375,654.3989868164062
148,18,852.1083984375,535.2721557617188
148,19,890.0165405273438,554.8782958984375
148,20,926.6674194335938,574.542724609375
148,21,961.8289794921875,593.3226318359375
148,22,995.9928588867188,611.3795776367188
148,23,1028.405029296875,628.461669921875
148,24,1059.271728515625,645.2944946289062
148,25,1088.833984375,660.5906372070312
148,26,1116.5904541015625,674.2612915039062
148,27,830.4808349609375,558.660888671875
148,28,867.5226440429688,578.1526489257812
148,29,903.3050537109375,596.8864135742188
148,30,937.8944091796875,615.1188354492188
148,31,971.0734252929688,632.26953125
148,32,1003.2300415039062,648.6148071289062
148,33,1033.9639892578125,664.2100830078125
148,34,1063.021484375,678.83984375
148,35,1090.8701171875,692.7000122070312
148,36,810.2114868164062,581.8187866210938
148,37,846.2996215820312,600.2162475585938
148,38,881.0938720703125,618.022705078125
148,39,914.9508056640625,635.9395751953125
148,40,947.7869262695312,652.4901733398438
148,41,979.2733154296875,668.22802734375
148,42,1009.5949096679688,682.825439453125
148,43,1039.1591796875,696.998779296875
148,44,1066.2213134765625,710.1566772460938
148,45,791.7378540039062,603.0213623046875
148,46,826.5289916992188,620.67724609375
148,47,860.71044921875,637.3580322265625
148,48,893.9089965820312,654.304931640625
148,49,926.2361450195312,670.5291137695312
148,50,956.9793090820312,685.2943725585938
148,51,987.4573364257812,700.0180053710938
148,52,1015.5679931640625,713.2611083984375
148,53,1043.08154296875,725.9561767578125
148,54,774.43896484375,623.1685791015625
148,55,808.4127197265625,640.4712524414062
148,56,841.5327758789062,656.7037353515625
148,57,873.81396484375,671.8095703125
148,58,905.6329345703125,687.2178955078125
148,59,936.2396240234375,702.2614135742188
148,60,965.2208862304688,715.7269897460938
148,61,993.472412109375,728.7482299804688
148,62,1020.866455078125,740.8179931640625
149,2,851.8229370117188,401.917724609375
149,3,890.3255004882812,423.1938781738281
149,4,928.0135498046875,443.82073974609375
149,5,964.2407836914062,464.4974670410156
149,6,998.928466796875,484.64581298828125
149,7,1032.5072021484375,504.0248718261719
149,8,1064.16552734375,522.447998046875
149,9,751.09033203125,392.8841552734375
149,10,790.3690795898438,413.935302734375
149,11,829.1231689453125,434.4306640625
149,12,866.9360961914062,454.9373779296875
149,13,904.1375732421875,475.4490966796875
149,14,939.8746337890625,495.3782958984375
149,15,974.355224609375,514.2532348632812
149,16,1007.5007934570312,532.2305297851562
149,17,1039.27734375,549.8132934570312
149,18,731.1616821289062,426.7136535644531
149,19,769.7109375,446.63616943359375
149,20,807.5733642578125,466.6627197265625
149,21,844.757080078125,486.11199951171875
149,22,881.291748046875,505.3067932128906
149,23,916.6043701171875,524.0817260742188
149,24,950.69775390625,542.5185546875
149,25,983.7235107421875,559.9923706054688
149,26,1015.3014526367188,576.3339233398438
149,27,712.210693359375,460.1242370605469
149,28,749.9876708984375,479.09796142578125
149,29,787.2571411132812,498.02069091796875
149,30,823.8285522460938,516.4133911132812
149,31,859.7008056640625,534.5906372070312
149,32,894.59521484375,552.1654052734375
149,33,928.1910400390625,569.2388305664062
149,34,960.9337768554688,586.0711059570312
149,35,992.3298950195312,601.986572265625
149,36,694.4607543945312,492.24853515625
149,37,731.4979248046875,510.18701171875
149,38,768.0645751953125,527.9412841796875
149,39,804.0048828125,545.5309448242188
149,40,839.1883544921875,562.7470092773438
149,41,873.4622192382812,579.5078735351562
149,42,906.7153930664062,595.56787109375
149,43,939.071044921875,611.3983154296875
149,44,970.103515625,626.2947387695312
149,45,678.7464599609375,520.8098754882812
149,46,714.7799682617188,538.087646484375
149,47,750.5967407226562,555.0390625
149,48,785.4913940429688,571.9231567382812
149,49,820.2899169921875,588.2659912109375
149,50,853.8150634765625,603.8642578125
149,51,886.7349243164062,619.4388427734375
149,52,918.43994140625,634.2343139648438
149,53,949.0237426757812,648.3953247070312
149,54,664.5092163085938,546.710205078125
149,55,699.4267578125,563.783935546875
149,56,734.1226196289062,580.1994018554688
149,57,768.3618774414062,596.0630493164062
149,58,802.3320922851562,611.9853515625
149,59,835.3037719726562,627.5828247070312
149,60,867.20458984375,641.921630859375
149,61,898.745361328125,656.0726318359375
149,62,928.9067993164062,669.384521484375
150,0,908.1190185546875,471.06121826171875
150,1,949.8665161132812,492.1946716308594
150,2,990.0194702148438,511.8704833984375
150,3,1028.3463134765625,531.0966796875
150,4,1064.7427978515625,549.18603515625
150,5,1099.3175048828125,565.999267578125
150,6,1131.411865234375,581.9554443359375
150,7,1162.122802734375,596.71337890625
150,8,1190.7664794921875,610.3197631835938
150,9,883.7693481445312,504.42742919921875
150,10,924.7044067382812,523.2923583984375
150,11,964.0767822265625,541.0482177734375
150,12,1001.7465209960938,558.9799194335938
150,13,1038.150146484375,576.325439453125
150,14,1072.13720703125,592.66845703125
150,15,1104.501708984375,607.2647705078125
150,16,1134.941162109375,620.9345092773438
150,17,1163.551513671875,634.0123901367188
150,18,861.1232299804688,533.4231567382812
150,19,901.1453247070312,550.8564453125
150,20,939.7297973632812,568.3357543945312
150,21,976.5872192382812,584.9554443359375
150,22,1012.3432006835938,600.985595703125
150,23,1046.2557373046875,616.2337646484375
150,24,1078.514404296875,630.985107421875
150,25,1109.1226806640625,644.5158081054688
150,26,1137.71826171875,656.79052734375
150,27,840.451171875,560.1343994140625
150,28,879.4642944335938,577.2022705078125
150,29,917.0711059570312,593.9898681640625
150,30,953.2384033203125,610.0755615234375
150,31,988.3958740234375,625.0216674804688
150,32,1021.8482666015625,639.4104614257812
150,33,1053.712158203125,653.02783203125
150,34,1084.298095703125,666.1245727539062
150,35,1113.149658203125,678.0931396484375
150,36,820.8355712890625,586.1351318359375
150,37,858.728515625,602.3848266601562
150,38,895.44970703125,618.11083984375
150,39,931.0962524414062,633.8515625
150,40,965.6389770507812,648.335693359375
150,41,998.8591918945312,662.0794067382812
150,42,1030.186279296875,674.910888671875
150,43,1060.7926025390625,687.1126708984375
150,44,1089.104736328125,698.4844970703125
150,45,802.9852294921875,610.1937255859375
150,46,839.8563842773438,625.56201171875
150,47,875.7672729492188,640.2369995117188
150,48,910.4681396484375,655.07568359375
150,49,944.2581787109375,669.0912475585938
150,50,976.8413696289062,682.0559692382812
150,51,1008.2351684570312,694.5587158203125
150,52,1038.059326171875,706.3372802734375
150,53,1066.2747802734375,716.8338012695312
150,54,786.1434326171875,632.9385375976562
150,55,822.3380737304688,647.9491577148438
150,56,856.9651489257812,662.3079223632812
150,57,891.0028686523438,675.3385620117188
150,58,924.3983764648438,688.724609375
150,59,956.3871459960938,701.7357788085938
150,60,986.9041748046875,713.2053833007812
150,61,1016.6572265625,724.336669921875
150,62,1044.59521484375,734.649169921875
151,0,788.652587890625,254.04745483398438
151,1,824.2510986328125,282.96295166015625
151,2,859.2750244140625,310.3594665527344
151,3,893.1721801757812,337.48150634765625
151,4,925.9077758789062,363.5997009277344
151,5,957.1489868164062,388.39971923828125
151,6,986.9091796875,412.1551513671875
151,7,1015.3772583007812,434.87469482421875
151,8,1042.210205078125,456.3452453613281
151,9,761.8060913085938,280.7651672363281
151,10,797.02392578125,307.1408386230469
151,11,831.7700805664062,332.77606201171875
151,12,864.9342651367188,358.19854736328125
151,13,897.131591796875,383.4312438964844
151,14,928.0020141601562,407.61004638671875
151,15,957.505859375,430.308837890625
151,16,985.98095703125,451.55340576171875
151,17,1012.8292236328125,472.2735290527344
151,18,738.1575927734375,303.8288269042969
151,19,772.609130859375,328.4437561035156
151,20,806.258056640625,353.24310302734375
151,21,838.6189575195312,377.6140441894531
151,22,870.376953125,401.28125
151,23,900.5455322265625,424.3031005859375
151,24,929.8888549804688,446.8077087402344
151,25,958.1286010742188,468.157470703125
151,26,984.8651733398438,487.6247253417969
151,27,716.6861572265625,324.8836364746094
151,28,750.0431518554688,349.0191955566406
151,29,782.4530639648438,372.92376708984375
151,30,814.2108764648438,396.3406982421875
151,31,845.2280883789062,419.0147399902344
151,32,875.173583984375,440.8536071777344
151,33,904.0244750976562,462.1893615722656
151,34,931.7232666015625,482.6422424316406
151,35,958.0662231445312,502.2457580566406
151,36,696.259765625,345.952392578125
151,37,728.5764770507812,368.8940124511719
151,38,760.2994995117188,391.9000244140625
151,39,791.0587158203125,414.4288024902344
151,40,821.4614868164062,436.4290771484375
151,41,850.8040771484375,457.4862060546875
151,42,879.2062377929688,477.7555236816406
151,43,907.0145263671875,497.3042297363281
151,44,933.0559692382812,515.9854125976562
151,45,677.3986206054688,365.4611511230469
151,46,708.9642944335938,387.4689025878906
151,47,740.0082397460938,409.0162048339844
151,48,770.0859375,430.74713134765625
151,49,799.5269775390625,452.0703125
151,50,828.5716552734375,472.0045471191406
151,51,856.316162109375,491.7954406738281
151,52,883.51806640625,510.6345520019531
151,53,909.2281494140625,528.5000610351562
151,54,659.9812622070312,384.27117919921875
151,55,690.5018920898438,405.5960998535156
151,56,720.6141967773438,426.3396911621094
151,57,750.4302368164062,446.36260986328125
151,58,779.3126220703125,466.5301818847656
151,59,807.1172485351562,486.5775451660156
151,60,834.73291015625,505.08642578125
151,61,861.1188354492188,523.1235961914062
151,62,887.091796875,540.7178955078125
152,0,821.9815673828125,300.1891784667969
152,1,856.2528686523438,330.03387451171875
152,2,889.7568359375,358.48291015625
152,3,921.8346557617188,386.6309814453125
152,4,952.707763671875,412.8867492675781
152,5,982.1400756835938,437.8178405761719
152,6,1009.9852905273438,461.2204284667969
152,7,1036.6669921875,483.5663757324219
152,8,1061.3355712890625,504.5355224609375
152,9,792.2484130859375,325.9303283691406
152,10,826.4102172851562,353.4280090332031
152,11,859.6835327148438,380.1211242675781
152,12,891.4283447265625,406.2039794921875
152,13,922.1663818359375,431.7650451660156
152,14,951.1963500976562,455.7464904785156
152,15,979.447998046875,478.28021240234375
152,16,1005.7882080078125,499.3675537109375
152,17,1030.9644775390625,519.4512329101562
152,18,765.6818237304688,348.379150390625
152,19,799.161376953125,374.0751647949219
152,20,831.7154541015625,399.9217834472656
152,21,862.9280395507812,424.52154541015625
152,22,893.4049682617188,448.7229309082031
152,23,922.3256225585938,471.801025390625
152,24,950.0012817382812,494.0164794921875
152,25,977.2002563476562,514.9773559570312
152,26,1001.8286743164062,534.2113037109375
152,27,741.3185424804688,368.7452697753906
152,28,774.0604248046875,393.9124755859375
152,29,805.5046997070312,418.68359375
152,30,836.326171875,442.6877746582031
152,31,866.21875,465.27960205078125
152,32,895.0735473632812,487.5453186035156
152,33,922.9910888671875,508.8490905761719
152,34,949.1387329101562,528.7871704101562
152,35,973.4090576171875,547.8937377929688
152,36,718.2891235351562,388.99298095703125
152,37,750.1776733398438,412.9944152832031
152,38,781.101806640625,436.6351623535156
152,39,811.129150390625,459.7836608886719
152,40,840.8824462890625,482.1390075683594
152,41,868.7044067382812,503.14642333984375
152,42,896.3363037109375,523.4526977539062
152,43,923.5301513671875,543.0617065429688
152,44,947.7354125976562,561.119384765625
152,45,697.2605590820312,407.85003662109375
152,46,728.3605346679688,430.7029113769531
152,47,758.9014892578125,453.04803466796875
152,48,788.2369384765625,475.2026672363281
152,49,816.9584350585938,496.66162109375
152,50,844.951416015625,516.909423828125
152,51,872.397705078125,536.697998046875
152,52,898.0047607421875,555.28955078125
152,53,923.378662109375,572.8568115234375
152,54,677.7857666015625,425.698486328125
152,55,707.800048828125,447.9285583496094
152,56,737.4711303710938,469.5401916503906
152,57,766.5045776367188,490.0765380859375
152,58,795.030517578125,510.4455871582031
152,59,821.6669311523438,530.1060791015625
152,60,848.6356201171875,549.2582397460938
153,0,717.0458374023438,727.07421875
153,1,757.4981689453125,727.9630126953125
153,2,799.8910522460938,729.7144165039062
153,3,843.31103515625,730.19482421875
153,4,888.7295532226562,731.43701171875
153,5,934.8901977539062,731.3482666015625
153,6,981.976318359375,731.3699951171875
153,7,1029.7069091796875,731.5966186523438
153,8,1078.0472412109375,731.963623046875
153,9,702.6840209960938,758.0114135742188
153,10,744.3858642578125,759.61669921875
153,11,787.7327270507812,760.8248291015625
153,12,832.79248046875,761.8502197265625
153,13,879.5081787109375,761.8805541992188
153,14,927.7807006835938,762.127685546875
153,15,976.6896362304688,762.498291015625
153,16,1027.0340576171875,763.8806762695312
153,17,1077.3819580078125,764.0806884765625
153,18,687.0680541992188,790.7117919921875
153,19,730.01611328125,792.850341796875
153,20,774.755615234375,794.1685180664062
153,21,821.3070678710938,795.6149291992188
153,22,870.2433471679688,796.9351806640625
153,23,920.1433715820312,797.502685546875
153,24,971.5308227539062,797.5803833007812
153,25,1023.6680908203125,797.7603149414062
153,26,1076.766357421875,799.165771484375
153,27,669.7717895507812,823.8594360351562
153,28,713.6143798828125,826.2191772460938
153,29,760.0469360351562,828.3382568359375
153,30,808.5725708007812,830.660888671875
153,31,859.3931884765625,832.9451293945312
153,32,911.969482421875,834.7845458984375
153,33,965.194580078125,835.4393310546875
153,34,1020.709228515625,836.10009765625
153,35,1075.62158203125,836.3805541992188
153,36,650.892333984375,857.24951171875
153,37,695.876220703125,861.0769653320312
153,38,744.1258544921875,864.978271484375
153,39,794.3991088867188,868.05322265625
153,40,847.7669067382812,871.316650390625
153,41,902.0802001953125,873.7720336914062
153,42,959.0179443359375,876.15673828125
153,43,1016.3345947265625,877.4222412109375
153,44,1074.8143310546875,878.8773803710938
153,45,630.56201171875,894.6723022460938
153,46,677.7467651367188,900.3130493164062
153,47,727.8404541015625,905.968505859375
153,48,780.256103515625,910.9283447265625
153,49,835.4193115234375,915.1484375
153,50,892.9476928710938,919.1602172851562
153,51,951.493408203125,921.5236206054688
153,52,1012.2407836914062,924.0123291015625
153,53,1073.139892578125,924.992431640625
153,54,610.9465942382812,936.0787963867188
153,55,658.4617309570312,942.9994506835938
153,56,710.21826171875,949.8311767578125
153,57,764.8259887695312,956.725341796875
153,58,822.607177734375,962.5498657226562
153,59,881.9920043945312,966.8189086914062
153,60,943.8662719726562,970.8862915039062
153,61,1007.097412109375,973.2485961914062
153,62,1071.5111083984375,974.7976684570312
154,2,861.0596313476562,397.9053955078125
154,3,898.6482543945312,424.2578430175781
154,4,935.5369262695312,449.098388671875
154,5,971.1170043945312,472.5029602050781
154,6,1005.1083374023438,495.1558532714844
154,7,1038.04638671875,516.7752685546875
154,8,1068.9327392578125,537.2054443359375
154,9,760.0629272460938,376.80291748046875
154,10,798.4193725585938,401.40032958984375
154,11,836.3760375976562,425.740234375
154,12,873.1220092773438,449.76361083984375
154,13,909.20751953125,473.6647644042969
154,14,944.1346435546875,496.25347900390625
154,15,977.7615356445312,517.7532348632812
154,16,1010.1549072265625,537.8770141601562
154,17,1041.093505859375,557.6671752929688
154,18,739.2864379882812,404.8558654785156
154,19,776.8632202148438,427.95745849609375
154,20,813.5634155273438,451.025146484375
154,21,849.53564453125,473.6739807128906
154,22,884.95458984375,495.9085998535156
154,23,918.9994506835938,517.4199829101562
154,24,952.0139770507812,538.5059814453125
154,25,984.00390625,558.44970703125
154,26,1014.38671875,576.9886474609375
154,27,721.0347900390625,429.6605529785156
154,28,757.2376098632812,451.9883728027344
154,29,792.7852783203125,474.31549072265625
154,30,827.7391357421875,496.05023193359375
154,31,862.0826416015625,517.1305541992188
154,32,895.4207763671875,537.7354736328125
154,33,928.0053100585938,557.84033203125
154,34,959.2594604492188,576.8531494140625
154,35,989.094482421875,595.1246337890625
154,36,704.0883178710938,453.2349548339844
154,37,738.98193359375,474.6106262207031
154,38,773.540771484375,495.8902282714844
154,39,807.2301025390625,517.1807861328125
154,40,840.8040161132812,537.8432006835938
154,41,873.599609375,557.6170654296875
154,42,905.0319213867188,576.3984375
154,43,936.3369750976562,594.9885864257812
154,44,965.4569702148438,612.285400390625
154,45,688.7996215820312,474.8692321777344
154,46,722.572265625,495.2901611328125
154,47,756.052978515625,515.5551147460938
154,48,788.91259765625,536.1263427734375
154,49,821.2618408203125,556.1610717773438
154,50,853.077392578125,574.8453979492188
154,51,884.4591674804688,593.2554321289062
154,52,914.1646118164062,611.0615234375
154,53,943.6519165039062,627.7081298828125
154,54,674.4674072265625,495.47991943359375
154,55,706.951416015625,515.4636840820312
154,56,739.3876342773438,535.1428833007812
154,57,771.5308837890625,553.85595703125
154,58,803.1536865234375,572.9844360351562
154,59,833.5501098632812,591.9486083984375
154,60,864.0997924804688,609.1556396484375
154,61,893.0093383789062,626.1613159179688
154,62,922.2406005859375,642.2079467773438
155,0,669.7015380859375,759.3505859375
155,1,708.5030517578125,765.3372192382812
155,2,747.90966796875,771.482666015625
155,3,787.9116821289062,776.8221435546875
155,4,828.716064453125,782.3209228515625
155,5,869.1616821289062,787.2973022460938
155,6,909.8624877929688,792.2203369140625
155,7,950.1367797851562,796.956787109375
155,8,990.3201293945312,801.771240234375
155,9,660.5009765625,794.1038208007812
155,10,700.2147216796875,800.282958984375
155,11,740.7080688476562,806.1807250976562
155,12,781.6614379882812,811.8008422851562
155,13,823.4411010742188,816.8768310546875
155,14,865.1539306640625,821.982421875
155,15,906.9410400390625,826.912109375
155,16,948.7783203125,832.1385498046875
155,17,989.693115234375,836.3193969726562
155,18,651.1697387695312,830.4760131835938
155,19,691.63330078125,836.820556640625
155,20,733.2153930664062,842.7018432617188
155,21,775.1034545898438,848.1939086914062
155,22,817.9951171875,854.0349731445312
155,23,860.9574584960938,859.1620483398438
155,24,904.0379638671875,863.9733276367188
155,25,946.9057006835938,868.6641235351562
155,26,989.2767333984375,873.2742919921875
155,27,641.3469848632812,867.2196655273438
155,28,682.9918212890625,874.191650390625
155,29,725.3694458007812,880.4431762695312
155,30,768.5843505859375,886.452392578125
155,31,812.723388671875,892.394287109375
155,32,856.883056640625,897.9227905273438
155,33,900.9981689453125,902.9340209960938
155,34,945.3544311523438,907.275634765625
155,35,988.688720703125,911.068603515625
155,36,631.1245727539062,905.1224365234375
155,37,673.8508911132812,912.8533935546875
155,38,717.5691528320312,920.2186279296875
155,39,761.8587646484375,926.1478271484375
155,40,807.25830078125,932.65576171875
155,41,852.4057006835938,938.0443115234375
155,42,898.0499877929688,943.3338623046875
155,43,943.2359008789062,947.37060546875
155,44,988.200439453125,951.4778442382812
155,45,620.6586303710938,944.6676635742188
155,46,664.9785766601562,953.221435546875
155,47,709.626953125,960.9906616210938
155,48,755.3978271484375,967.9946899414062
155,49,801.7162475585938,974.2374877929688
155,50,848.5120849609375,980.049072265625
155,51,894.9593505859375,984.8395385742188
155,52,941.6354370117188,989.3311157226562
155,53,987.4605102539062,992.5260620117188
155,54,610.669921875,986.2685546875
155,55,655.3695678710938,994.6028442382812
155,56,701.672607421875,1002.8323974609375
155,57,748.5478515625,1010.3216552734375
155,58,796.5422973632812,1017.243896484375
155,59,844.0366821289062,1022.7705078125
155,60,892.1194458007812,1027.929443359375
155,61,939.98974609375,1031.9276123046875
155,62,987.5722045898438,1035.073486328125
156,0,718.9805297851562,603.7793579101562
156,1,750.8148193359375,612.14697265625
156,9,708.324462890625,617.3546142578125
156,10,741.7460327148438,625.7899780273438
156,11,775.0297241210938,634.7811279296875
156,12,809.6119995117188,643.0003662109375
156,13,844.281494140625,651.5493774414062
156,19,731.7100830078125,639.72998046875
156,20,766.8359985351562,648.4931030273438
156,21,802.2902221679688,657.5750732421875
156,22,838.2461547851562,666.7012939453125
156,23,874.302734375,675.4505004882812
156,29,757.6441040039062,663.1073608398438
156,30,794.4854736328125,672.280517578125
156,31,831.9672241210938,681.9559326171875
156,32,869.5435791015625,691.3021850585938
156,33,907.2322387695312,700.3206176757812
156,34,945.1049194335938,709.1205444335938
156,35,982.7604370117188,717.713623046875
156,38,747.848388671875,677.8659057617188
156,39,786.3170166015625,687.4191284179688
156,40,825.2765502929688,697.5457153320312
156,41,864.4299926757812,707.4238891601562
156,42,903.8157348632812,716.9442749023438
156,43,943.3917846679688,725.9135131835938
156,44,982.7011108398438,734.8663940429688
156,45,659.579345703125,671.1160888671875
156,46,698.1043701171875,682.1802368164062
156,47,737.2291870117188,693.6821899414062
156,48,777.3003540039062,704.1875
156,49,818.1148071289062,714.8367309570312
156,50,858.9603881835938,725.1238403320312
156,51,900.1727294921875,734.74755859375
156,52,941.5269775390625,744.2769775390625
156,53,982.4700927734375,753.707763671875
156,54,644.831787109375,687.7634887695312
156,55,684.6378784179688,698.71923828125
156,56,726.0099487304688,710.1410522460938
156,57,767.7225341796875,722.09765625
156,58,810.3294067382812,733.1939697265625
156,59,853.2891235351562,743.351318359375
156,60,896.3544311523438,753.9713745117188
156,61,939.6648559570312,763.99658203125
156,62,982.687255859375,773.54541015625
157,0,682.9921875,761.6128540039062
157,1,720.6967163085938,764.9243774414062
157,2,759.2225341796875,768.0067749023438
157,3,798.1455688476562,770.2317504882812
157,4,838.1311645507812,773.3101196289062
157,5,877.9646606445312,775.43701171875
157,6,917.9305419921875,777.6727905273438
157,7,957.7335815429688,779.6802978515625
157,8,997.6734008789062,781.8771362304688
157,9,674.8963623046875,793.4710693359375
157,10,713.742919921875,796.9900512695312
157,11,753.1653442382812,799.8899536132812
157,12,793.3016967773438,802.6400756835938
157,13,834.2506713867188,804.9240112304688
157,14,875.355224609375,807.1818237304688
157,15,916.568115234375,809.3895263671875
157,16,957.9273681640625,811.9584350585938
157,17,998.843505859375,813.5977172851562
157,18,666.7769775390625,827.2738037109375
157,19,706.1939697265625,830.5599975585938
157,20,746.7255859375,833.5100708007812
157,21,788.0524291992188,836.2410278320312
157,22,830.33447265625,839.2493286132812
157,23,872.7393188476562,841.530517578125
157,24,915.3257446289062,843.503173828125
157,25,957.88671875,845.49609375
157,26,1000.358642578125,847.6382446289062
157,27,657.6685791015625,861.24267578125
157,28,698.59765625,865.311279296875
157,29,740.166259765625,868.75634765625
157,30,782.80126953125,871.8311767578125
157,31,826.2880249023438,874.904541015625
157,32,870.0715942382812,877.634765625
157,33,913.7174072265625,879.4299926757812
157,34,958.2029418945312,881.647216796875
157,35,1001.7437744140625,882.9344482421875
157,36,648.3323364257812,896.4232177734375
157,37,690.3152465820312,901.4779052734375
157,38,733.7322387695312,905.9951171875
157,39,777.1421508789062,909.1268920898438
157,40,822.3027954101562,912.6322631835938
157,41,867.190185546875,915.1679077148438
157,42,912.9951171875,917.6168212890625
157,43,958.0040893554688,919.1472778320312
157,44,1003.346435546875,920.9113159179688
157,45,638.6087646484375,933.5432739257812
157,46,682.3350830078125,939.3381958007812
157,47,726.6031494140625,944.3234252929688
157,48,771.9395751953125,948.6599731445312
157,49,818.2152099609375,952.2705688476562
157,50,864.6994018554688,955.3922729492188
157,51,911.1577758789062,957.20654296875
157,52,958.4295654296875,959.288818359375
157,53,1004.7662353515625,960.12841796875
157,54,629.0497436523438,972.8251342773438
157,55,673.392822265625,978.5447998046875
157,56,719.2879028320312,983.8825073242188
157,57,766.1019897460938,989.0418701171875
157,58,813.9788818359375,993.2766723632812
157,59,861.8325805664062,996.0746459960938
157,60,910.3220825195312,998.824462890625
157,61,958.6476440429688,1000.0862426757812
157,62,1007.02783203125,1000.5825805664062
158,0,906.1981201171875,476.23272705078125
158,1,946.9264526367188,498.1112060546875
158,2,986.12060546875,518.41015625
158,3,1023.4442749023438,538.289794921875
158,4,1059.0135498046875,556.9191284179688
158,5,1092.8095703125,574.2197265625
158,6,1124.43603515625,590.5072021484375
158,7,1154.26220703125,605.7896728515625
158,8,1182.2708740234375,619.9312744140625
158,9,881.2755737304688,508.02984619140625
158,10,921.2322998046875,527.5342407226562
158,11,959.7664794921875,546.0972290039062
158,12,996.436767578125,564.45751953125
158,13,1032.0758056640625,582.4141845703125
158,14,1065.1578369140625,599.32763671875
158,15,1096.9442138671875,614.7034301757812
158,16,1126.5968017578125,628.5576782226562
158,17,1154.9764404296875,641.840576171875
158,18,858.2410888671875,535.3721313476562
158,19,897.2189331054688,553.4866333007812
158,20,934.9158325195312,571.7109375
158,21,971.0546264648438,588.9694213867188
158,22,1006.0301513671875,605.7056274414062
158,23,1039.1156005859375,621.2754516601562
158,24,1070.55908203125,636.9022827148438
158,25,1100.697265625,650.8236083984375
158,26,1128.39404296875,663.5635375976562
158,27,837.1136474609375,560.5636596679688
158,28,875.1723022460938,578.4728393554688
158,29,912.04150390625,595.9013061523438
158,30,947.25341796875,612.5730590820312
158,31,981.7159423828125,628.2601928710938
158,32,1014.269775390625,643.0618896484375
158,33,1045.7188720703125,657.13037109375
158,34,1075.305908203125,670.904541015625
158,35,1103.5997314453125,683.3998413085938
158,36,817.1647338867188,585.3079223632812
158,37,854.3848876953125,602.2172241210938
158,38,890.0692749023438,618.6780395507812
158,39,924.8049926757812,634.8910522460938
158,40,958.6441650390625,650.2030639648438
158,41,991.02978515625,664.3964233398438
158,42,1021.600341796875,677.85595703125
158,43,1051.46484375,690.6947631835938
158,44,1079.377685546875,702.66064453125
158,45,798.9696655273438,608.1873779296875
158,46,834.952392578125,624.18408203125
158,47,869.9650268554688,639.3685913085938
158,48,904.0084838867188,654.9382934570312
158,49,937.1937255859375,669.7930908203125
158,50,968.8779296875,683.093505859375
158,51,999.7174682617188,696.544677734375
158,52,1028.6488037109375,708.5813598632812
158,53,1056.98291015625,719.805908203125
158,54,781.8486328125,629.8385009765625
158,55,816.9835205078125,645.3283081054688
158,56,851.0044555664062,660.2904663085938
158,57,884.3706665039062,674.0030517578125
158,58,916.8244018554688,688.0506591796875
158,59,948.114990234375,701.5198364257812
158,60,977.9352416992188,713.779296875
158,61,1006.9425659179688,725.5868530273438
158,62,1034.7744140625,736.3301391601562
159,0,897.1251831054688,444.4154052734375
159,1,943.6119995117188,460.4049377441406
159,2,987.9144897460938,474.7744140625
159,3,1029.700927734375,489.0909118652344
159,4,1069.0330810546875,502.35052490234375
159,5,1105.78173828125,514.4136352539062
159,6,1139.66845703125,525.7285766601562
159,7,1171.601806640625,536.0700073242188
159,8,1201.300537109375,545.9248657226562
159,9,874.6873168945312,482.57525634765625
159,10,919.98193359375,495.8609619140625
159,11,963.1171264648438,508.2943115234375
159,12,1004.1160278320312,521.0011596679688
159,13,1043.370849609375,533.3240966796875
159,14,1079.7259521484375,544.836669921875
159,15,1114.0499267578125,554.89697265625
159,16,1145.810791015625,564.1107177734375
159,17,1175.5926513671875,572.3309326171875
159,18,853.4369506835938,515.6004028320312
159,19,897.6742553710938,527.2410888671875
159,20,939.7512817382812,539.4034423828125
159,21,980.0941162109375,550.9334106445312
159,22,1018.4837646484375,561.8114013671875
159,23,1054.5435791015625,571.9912109375
159,24,1089.0240478515625,582.091064453125
159,25,1121.2230224609375,590.9229736328125
159,26,1150.859130859375,598.9581298828125
159,27,834.1098022460938,545.792236328125
159,28,877.0695190429688,557.1381225585938
159,29,918.3942260742188,568.5259399414062
159,30,957.8950805664062,579.3045654296875
159,31,995.474853515625,589.1251831054688
159,32,1031.182373046875,598.504638671875
159,33,1065.0164794921875,607.43017578125
159,34,1097.288818359375,615.6666259765625
159,35,1127.025390625,623.5938110351562
159,36,816.2073974609375,574.9591064453125
159,37,857.8917236328125,585.5853271484375
159,38,898.1780395507812,595.8534545898438
159,39,936.929931640625,606.0930786132812
159,40,974.1093139648438,615.6411743164062
159,41,1009.5606079101562,624.0689086914062
159,42,1042.771240234375,632.1403198242188
159,43,1074.868896484375,639.6904907226562
159,44,1104.4794921875,646.6954956054688
159,45,800.0188598632812,601.6942749023438
159,46,840.2675170898438,611.597412109375
159,47,879.530029296875,620.7092895507812
159,48,917.3815307617188,630.28955078125
159,49,953.8256225585938,639.105712890625
159,50,988.453857421875,647.0654296875
159,51,1021.711181640625,654.8231811523438
159,52,1053.0579833984375,661.8314208984375
159,53,1082.9827880859375,667.8370971679688
159,54,784.7610473632812,627.1931762695312
159,55,824.225341796875,636.4139404296875
159,56,862.295654296875,645.333251953125
159,57,898.8584594726562,653.0521240234375
159,58,934.764892578125,661.2310791015625
159,59,968.4192504882812,669.710205078125
159,60,1001.2965087890625,675.9881591796875
159,61,1032.5509033203125,682.2538452148438
159,62,1061.9735107421875,688.17529296875
160,0,855.6055908203125,698.68310546875
160,1,893.8233032226562,710.6963500976562
160,2,932.9378662109375,723.02978515625
160,3,972.4871215820312,734.7138061523438
160,4,1012.4675903320312,747.0281982421875
160,5,1052.676513671875,758.7716064453125
160,6,1092.619873046875,770.1732177734375
160,7,1132.295654296875,781.7552490234375
160,8,1171.2662353515625,793.0096435546875
160,9,841.4647216796875,735.4317016601562
160,10,880.4243774414062,747.8375854492188
160,11,920.0619506835938,760.068359375
160,12,960.0737915039062,772.2276000976562
160,13,1000.9609375,784.0128784179688
160,14,1041.97314453125,796.1583251953125
160,15,1082.6849365234375,808.0429077148438
160,16,1123.0516357421875,819.9533081054688
160,17,1163.171630859375,831.1693725585938
160,18,827.02099609375,772.7293090820312
160,19,866.4061889648438,785.2779541015625
160,20,906.670166015625,798.198486328125
160,21,947.4336547851562,810.8580932617188
160,22,988.7471923828125,823.458984375
160,23,1030.3963623046875,835.7798461914062
160,24,1072.0623779296875,847.4307861328125
160,25,1113.3675537109375,858.9796142578125
160,26,1154.1966552734375,870.48095703125
160,27,812.077880859375,810.6137084960938
160,28,852.211181640625,823.9183349609375
160,29,892.825439453125,836.9830932617188
160,30,934.1618041992188,849.9739990234375
160,31,976.4557495117188,862.921630859375
160,32,1018.703369140625,875.6615600585938
160,33,1060.9423828125,887.74365234375
160,34,1103.30126953125,899.3948364257812
160,35,1145.0836181640625,910.4725341796875
160,36,796.4732666015625,848.711669921875
160,37,836.8925170898438,862.5833129882812
160,38,878.4827270507812,876.2319946289062
160,39,920.6044311523438,889.63623046875
160,40,963.9212646484375,903.1038208007812
160,41,1006.543701171875,916.0405883789062
160,42,1049.7987060546875,928.5910034179688
160,43,1092.7501220703125,940.5543823242188
160,44,1135.2283935546875,952.1864624023438
160,45,780.5620727539062,887.4966430664062
160,46,821.8278198242188,902.2349853515625
160,47,863.9910888671875,916.6748046875
160,48,906.818603515625,931.0028076171875
160,49,950.3225708007812,944.6406860351562
160,50,994.033203125,958.1683959960938
160,51,1037.7265625,970.4576416015625
160,52,1081.343505859375,982.8309936523438
160,53,1124.4490966796875,994.1881713867188
160,54,764.8538208007812,928.0225219726562
160,55,806.4542236328125,943.2108764648438
160,56,849.0701293945312,958.2568969726562
160,57,892.5897216796875,972.7817993164062
160,58,936.7965087890625,987.2569580078125
160,59,980.928466796875,1000.7260131835938
160,60,1025.0155029296875,1013.597412109375
160,61,1069.4857177734375,1025.7889404296875
160,62,1113.178955078125,1037.0880126953125
161,0,778.8339233398438,200.3807373046875
161,1,815.4249267578125,228.55865478515625
161,2,851.2820434570312,255.5454864501953
161,3,885.932373046875,282.5636291503906
161,4,919.5648193359375,308.443359375
161,5,951.631103515625,333.102294921875
161,6,982.0602416992188,356.9225158691406
161,7,1011.1234741210938,379.615234375
161,8,1038.8001708984375,401.2268371582031
161,9,751.8909301757812,229.4809112548828
161,10,788.0239868164062,255.22576904296875
161,11,823.5154418945312,280.4006652832031
161,12,857.4855346679688,305.7305603027344
161,13,890.671630859375,330.7907409667969
161,14,922.241455078125,354.71942138671875
161,15,952.639404296875,377.3274841308594
161,16,981.728759765625,398.6813659667969
161,17,1009.29931640625,419.3101501464844
161,18,727.9440307617188,254.99819946289062
161,19,763.3372192382812,279.2517395019531
161,20,797.8157348632812,303.63934326171875
161,21,831.0084838867188,327.5899963378906
161,22,863.696044921875,351.0104064941406
161,23,894.7874145507812,373.933837890625
161,24,924.7421875,396.2357177734375
161,25,953.9342651367188,417.2752685546875
161,26,981.2197265625,436.85845947265625
161,27,706.2042236328125,278.66339111328125
161,28,740.4046020507812,302.26239013671875
161,29,773.873046875,325.7794494628906
161,30,806.338623046875,348.7801513671875
161,31,838.25341796875,371.04876708984375
161,32,869.05419921875,392.8531799316406
161,33,898.79541015625,413.9180603027344
161,34,927.2477416992188,434.1435546875
161,35,954.5156860351562,453.8350830078125
161,36,685.4860229492188,302.0499572753906
161,37,718.7509765625,324.44451904296875
161,38,751.4337158203125,346.9291076660156
161,39,783.1544189453125,369.10589599609375
161,40,814.5023803710938,390.7701110839844
161,41,844.7655639648438,411.5853576660156
161,42,873.8651733398438,431.6192626953125
161,43,902.4818725585938,451.0187683105469
161,44,929.3286743164062,469.42047119140625
161,45,666.6762084960938,323.8865051269531
161,46,699.0322265625,345.2083435058594
161,47,730.9462890625,366.37689208984375
161,48,761.9719848632812,387.6485900878906
161,49,792.3014526367188,408.59765625
161,50,822.1697387695312,428.1199951171875
161,51,851.0809936523438,447.8216857910156
161,52,878.777099609375,466.353271484375
161,53,905.7373657226562,484.1561584472656
161,54,649.07470703125,344.6878356933594
161,55,680.3868408203125,365.45452880859375
161,56,711.3836669921875,385.816162109375
161,57,742.0081787109375,405.23419189453125
161,58,771.9380493164062,425.02117919921875
161,59,800.7340087890625,444.78179931640625
161,60,829.0023193359375,463.01922607421875
161,61,856.3692626953125,480.91986083984375
161,62,882.890869140625,498.049072265625
162,0,725.156494140625,817.2861328125
162,1,760.5021362304688,830.200439453125
162,2,796.4073486328125,843.0321655273438
162,3,832.83935546875,854.917236328125
162,4,870.0114135742188,867.2342529296875
162,5,907.1729125976562,878.4677124023438
162,6,944.4890747070312,889.7147827148438
162,7,981.7105712890625,900.5164184570312
162,8,1018.8922729492188,910.6802368164062
162,9,711.4395751953125,836.6909790039062
162,10,748.1484375,849.9946899414062
162,11,785.3030395507812,862.9849243164062
162,12,823.41796875,875.2492065429688
162,13,862.1976928710938,887.027587890625
162,14,901.0919799804688,898.5265502929688
162,15,940.0198974609375,910.1893920898438
162,16,978.7099609375,922.1484375
162,17,1017.2225952148438,932.6637573242188
162,18,696.764404296875,857.1597290039062
162,19,734.71533203125,871.2098999023438
162,20,773.7208862304688,884.0132446289062
162,21,813.2135009765625,896.9020385742188
162,22,853.7222290039062,909.6025390625
162,23,894.1001586914062,921.6140747070312
162,24,934.9161376953125,933.1947021484375
162,25,975.585205078125,944.7763671875
162,26,1015.4232177734375,956.2941284179688
162,27,681.241455078125,876.1670532226562
162,28,720.7327880859375,891.703857421875
162,29,761.13330078125,906.0640258789062
162,30,802.4229736328125,919.6587524414062
162,31,844.5864868164062,933.0051879882812
162,32,886.8111572265625,945.9824829101562
162,33,929.2293090820312,958.0675659179688
162,34,971.9620971679688,969.93505859375
162,35,1013.9319458007812,981.0020141601562
162,36,664.6917724609375,897.5316772460938
162,37,705.5980834960938,914.04345703125
162,38,747.6901245117188,929.8970947265625
162,39,790.688232421875,943.9777221679688
162,40,834.8157958984375,958.1727294921875
162,41,878.9266357421875,971.4295043945312
162,42,923.4736938476562,984.6039428710938
162,43,967.97998046875,996.7025146484375
162,44,1012.1160888671875,1008.3207397460938
162,45,646.7154541015625,921.0678100585938
162,46,689.3204956054688,938.3388061523438
162,47,733.1897583007812,955.2686767578125
162,48,778.0617065429688,970.9002685546875
162,49,824.1050415039062,985.9268798828125
162,50,870.4850463867188,1000.4367065429688
162,51,916.7965087890625,1013.439208984375
162,52,963.6448974609375,1026.362060546875
162,53,1009.6410522460938,1038.393798828125
162,54,627.205810546875,946.3330688476562
162,55,671.7769775390625,964.11474609375
162,56,717.739990234375,981.50927734375
162,57,764.4896850585938,999.2384643554688
162,58,812.6588745117188,1015.6339111328125
162,59,861.1465454101562,1029.96533203125
162,60,909.9096069335938,1044.8157958984375
162,61,958.809326171875,1057.727294921875
162,62,1007.6417236328125,1069.4979248046875
163,5,892.159423828125,926.7630004882812
163,14,876.547119140625,939.6119384765625
163,15,912.8117065429688,947.9261474609375
163,16,950.42919921875,956.2415771484375
163,17,988.9432373046875,963.4635620117188
163,19,724.86865234375,920.6021118164062
163,20,755.4496459960938,929.2445068359375
163,21,787.9794311523438,938.0469970703125
163,22,824.5489501953125,946.3593139648438
163,23,860.1580810546875,954.8579711914062
163,24,898.4179077148438,962.7422485351562
163,25,937.9844970703125,970.9772338867188
163,26,977.6083374023438,979.9057006835938
163,29,734.0125732421875,942.6655883789062
163,30,769.9125366210938,951.2295532226562
163,31,805.7153930664062,960.9472045898438
163,32,843.7158813476562,970.181396484375
163,33,882.3240966796875,979.2178955078125
163,34,923.4100341796875,987.9379272460938
163,35,964.9300537109375,996.1382446289062
163,38,713.4955444335938,956.3919677734375
163,39,747.6231079101562,966.0455932617188
163,40,786.2882690429688,975.8912353515625
163,41,824.947021484375,985.87060546875
163,42,865.6572265625,995.8885498046875
163,43,907.7308349609375,1005.1567993164062
163,44,951.49365234375,1015.03369140625
163,47,688.4151611328125,971.1552124023438
163,48,726.5619506835938,982.0505981445312
163,49,764.6800537109375,993.1510009765625
163,50,805.0693359375,1004.1715087890625
163,51,846.758056640625,1014.5198974609375
163,52,891.0751342773438,1025.9310302734375
163,57,704.197265625,997.9527587890625
163,58,741.8270874023438,1010.8829345703125
163,59,781.8778686523438,1022.7202758789062
163,60,826.6856689453125,1035.0391845703125
164,0,718.5048828125,778.6314697265625
164,1,754.2984619140625,788.7183837890625
164,2,790.8449096679688,798.838623046875
164,3,827.7659912109375,808.1779174804688
164,4,864.9288940429688,818.1482543945312
164,5,902.7867431640625,827.2391357421875
164,6,940.5556030273438,836.2864379882812
164,7,978.2637939453125,845.0293579101562
164,8,1015.7139892578125,853.0087280273438
164,9,705.6782836914062,806.1066284179688
164,10,742.5447998046875,816.5042114257812
164,11,780.1075439453125,826.7473754882812
164,12,818.1328125,836.3347778320312
164,13,856.9307250976562,845.70849609375
164,14,896.0940551757812,855.0505981445312
164,15,934.9082641601562,864.5357055664062
164,16,973.75,873.9898681640625
164,17,1012.370361328125,882.079833984375
164,18,692.2479858398438,834.8994750976562
164,19,730.1082763671875,846.1592407226562
164,20,768.6735229492188,856.2344970703125
164,21,808.146240234375,866.3497314453125
164,22,848.181640625,876.4749145507812
164,23,888.3939819335938,886.1825561523438
164,24,928.5491333007812,895.107666015625
164,25,969.1433715820312,904.2393798828125
164,26,1009.0360717773438,913.296142578125
164,27,678.0424194335938,863.41552734375
164,28,716.951171875,875.6061401367188
164,29,756.8348999023438,886.8150024414062
164,30,797.5962524414062,897.5703735351562
164,31,838.94384765625,908.0794677734375
164,32,880.4813842773438,918.22900390625
164,33,922.1786499023438,927.65234375
164,34,964.1593017578125,936.7730102539062
164,35,1005.5993041992188,945.300537109375
164,36,663.0755615234375,894.1685180664062
164,37,703.2088623046875,906.8939819335938
164,38,744.4593505859375,919.4998168945312
164,39,786.2783813476562,930.1866455078125
164,40,829.2594604492188,941.36083984375
164,41,872.298095703125,951.6564331054688
164,42,915.5313720703125,961.6484375
164,43,958.7520141601562,970.9887084960938
164,44,1001.9525146484375,979.928466796875
164,45,647.3661499023438,926.516357421875
164,46,688.984619140625,940.2164916992188
164,47,731.3572998046875,953.1707763671875
164,48,774.8115844726562,965.34716796875
164,49,818.976318359375,976.9351196289062
164,50,863.633544921875,988.0042114257812
164,51,908.241455078125,997.9716796875
164,52,953.1800537109375,1007.7947998046875
164,53,997.4641723632812,1016.536865234375
164,54,631.3192138671875,960.8349609375
164,55,673.9348754882812,974.6466674804688
164,56,717.8706665039062,988.1316528320312
164,57,762.5603637695312,1001.8134765625
164,58,808.3626098632812,1014.2727661132812
164,59,854.384521484375,1025.227294921875
164,60,900.582275390625,1036.169677734375
164,61,946.989013671875,1045.715576171875
164,62,993.43017578125,1054.593505859375
165,0,885.7935180664062,489.9085388183594
165,1,924.616455078125,514.3300170898438
165,2,961.898193359375,536.9251098632812
165,3,997.7715454101562,559.1231079101562
165,4,1031.890869140625,579.8170166015625
165,5,1064.3958740234375,598.8245239257812
165,6,1094.7657470703125,616.7666015625
165,7,1123.8267822265625,633.5341186523438
165,8,1151.0113525390625,649.073974609375
165,9,859.9390258789062,516.1647338867188
165,10,897.8453369140625,537.9852905273438
165,11,934.585205078125,558.7963256835938
165,12,969.8329467773438,579.367919921875
165,13,1003.834228515625,599.4141845703125
165,14,1035.5740966796875,618.1591186523438
165,15,1066.152587890625,635.0603637695312
165,16,1094.8509521484375,650.6964721679688
165,17,1122.284912109375,665.772705078125
165,18,836.6148071289062,537.9260864257812
165,19,873.5377807617188,558.24267578125
165,20,909.3667602539062,578.6748657226562
165,21,943.8512573242188,598.2682495117188
165,22,977.0801391601562,616.8778686523438
165,23,1008.6632690429688,634.4829711914062
165,24,1038.8719482421875,651.8077392578125
165,25,1067.698486328125,667.4342651367188
165,26,1094.9833984375,681.6311645507812
165,27,815.153564453125,557.606689453125
165,28,851.3267822265625,577.68115234375
165,29,885.9585571289062,597.185791015625
165,30,919.5364379882812,616.2322998046875
165,31,952.370849609375,634.1511840820312
165,32,983.5177001953125,650.8463745117188
165,33,1012.9182739257812,666.6690063476562
165,34,1041.7965087890625,682.1145629882812
165,35,1069.1851806640625,696.4664306640625
165,36,794.994873046875,576.9967041015625
165,37,829.9756469726562,595.3970336914062
165,38,864.0057983398438,614.7764892578125
165,39,896.7904052734375,633.0612182617188
165,40,928.7943115234375,650.6023559570312
165,41,959.8782348632812,666.867919921875
165,42,988.741943359375,682.2030029296875
165,43,1017.173095703125,696.91357421875
165,44,1044.2353515625,710.3388671875
165,45,776.8486328125,594.8084106445312
165,46,810.7509765625,613.1806030273438
165,47,843.70556640625,629.7135009765625
165,48,875.9519653320312,648.3273315429688
165,49,905.4041748046875,662.54150390625
165,50,937.0878295898438,680.6116943359375
165,51,967.2222900390625,695.9035034179688
165,52,994.0514526367188,709.8008422851562
165,53,1021.6427001953125,722.7723999023438
165,54,759.8084716796875,611.7086791992188
165,55,792.4871826171875,629.4835205078125
165,56,824.823486328125,646.8334350585938
165,59,916.8038330078125,694.3182373046875
165,60,944.6337280273438,708.2810668945312
165,61,972.0514526367188,722.1360473632812
165,62,998.3972778320312,734.6854248046875
166,0,791.2734985351562,240.29925537109375
166,1,825.0012817382812,271.1357421875
166,2,857.950439453125,300.9597473144531
166,3,889.439697265625,330.3269348144531
166,4,920.1986083984375,358.1552734375
166,5,949.5223388671875,384.40655517578125
166,6,977.374267578125,409.4571228027344
166,7,1003.9945068359375,433.23101806640625
166,8,1028.9412841796875,455.8713684082031
166,9,762.2127075195312,264.9000549316406
166,10,795.7269897460938,293.525146484375
166,11,828.3546142578125,321.241943359375
166,12,859.60986328125,348.6971130371094
166,13,889.9105834960938,375.7061767578125
166,14,918.8003540039062,401.05987548828125
166,15,946.7716674804688,425.02178955078125
166,16,973.3116455078125,447.40557861328125
166,17,998.6627807617188,469.16888427734375
166,18,736.3431396484375,286.2286071777344
166,19,769.106689453125,313.0521240234375
166,20,800.9236450195312,339.9908752441406
166,21,831.7044677734375,366.1373596191406
166,22,861.6240844726562,391.1361389160156
166,23,890.2445678710938,415.6611022949219
166,24,917.8040161132812,439.281005859375
166,25,944.6106567382812,461.6619567871094
166,26,969.635986328125,482.27630615234375
166,27,713.0645141601562,305.5511169433594
166,28,744.7637329101562,331.748779296875
166,29,775.5036010742188,357.72186279296875
166,30,805.70556640625,382.7361145019531
166,31,835.1057739257812,406.86407470703125
166,32,863.46240234375,430.0346984863281
166,33,890.650390625,452.57659912109375
166,34,916.9332885742188,474.0927734375
166,35,941.7678833007812,494.7363586425781
166,36,690.8368530273438,324.789306640625
166,37,721.839111328125,349.8388671875
166,38,752.0389404296875,374.3321228027344
166,39,781.1712036132812,398.6482238769531
166,40,810.1627197265625,422.20220947265625
166,41,837.9186401367188,444.7020568847656
166,42,864.8682861328125,465.9295654296875
166,43,890.8297729492188,486.84344482421875
166,44,915.997802734375,506.46185302734375
166,45,670.736328125,342.6977233886719
166,46,700.8211669921875,366.447509765625
166,47,730.4403076171875,389.7435302734375
166,48,759.0472412109375,413.02166748046875
166,49,786.9854125976562,435.7255859375
166,50,814.5926513671875,457.1419372558594
166,51,840.7791137695312,478.1044921875
166,52,866.7127075195312,497.98614501953125
166,53,891.5264892578125,516.9228515625
166,54,651.8313598632812,359.6635437011719
166,55,680.9922485351562,382.8375244140625
166,56,709.73193359375,405.242431640625
166,57,738.2154541015625,426.72412109375
166,58,765.7979736328125,448.3531494140625
166,59,792.0894165039062,469.90692138671875
166,60,818.49365234375,489.426025390625
166,61,843.6428833007812,508.7632751464844
166,62,868.2742309570312,527.120361328125
167,0,735.7213745117188,499.5721130371094
167,1,770.8748779296875,512.8933715820312
167,2,806.3198852539062,526.4400634765625
167,3,841.447509765625,540.284423828125
167,4,876.1492309570312,555.1832885742188
167,5,910.604248046875,569.1680908203125
167,6,944.6671752929688,582.9475708007812
167,7,978.1033935546875,596.6456909179688
167,8,1011.04296875,610.0948486328125
167,9,722.3428344726562,528.1480102539062
167,10,758.5297241210938,541.8298950195312
167,11,794.69140625,556.089111328125
167,12,830.58203125,570.3956909179688
167,13,866.8568725585938,584.4081420898438
167,14,902.7169799804688,598.1138916015625
167,15,937.5006103515625,612.294921875
167,16,972.0052490234375,626.0382080078125
167,17,1005.9710083007812,639.038818359375
167,18,708.6720581054688,558.4102172851562
167,19,745.6740112304688,572.6376953125
167,20,782.8875122070312,586.8032836914062
167,21,820.020263671875,600.99169921875
167,22,857.1334228515625,615.2428588867188
167,23,893.8530883789062,629.258544921875
167,24,930.1065063476562,642.79833984375
167,25,965.8555908203125,656.2938232421875
167,26,1000.9776611328125,669.4602661132812
167,27,694.6087036132812,589.1082763671875
167,28,732.6985473632812,603.8972778320312
167,29,770.894287109375,618.508056640625
167,30,808.9923095703125,633.01904296875
167,31,847.279052734375,647.405517578125
167,32,885.0875244140625,661.5125122070312
167,33,922.5601196289062,674.8526611328125
167,34,959.7562255859375,688.2227172851562
167,35,995.85546875,700.8419799804688
167,36,680.475341796875,620.4869995117188
167,37,719.4630126953125,635.9902954101562
167,38,758.7601928710938,651.2728881835938
167,39,798.09521484375,665.8130493164062
167,40,837.7181396484375,680.4620361328125
167,41,876.604736328125,694.3709716796875
167,42,915.2324829101562,708.1991577148438
167,43,953.3539428710938,721.3229370117188
167,44,990.8402709960938,734.0770263671875
167,45,665.6513671875,654.3768310546875
167,46,705.91455078125,670.0381469726562
167,47,746.2498168945312,685.58447265625
167,48,786.8848876953125,700.6690063476562
167,49,827.4585571289062,715.2498779296875
167,50,867.5780029296875,729.5808715820312
167,51,907.3856201171875,742.8056640625
167,52,946.6310424804688,756.2692260742188
167,53,984.9705200195312,768.6493530273438
167,54,650.2744140625,690.929931640625
167,55,691.5831298828125,706.2698364257812
167,56,733.396240234375,721.8587646484375
167,57,774.9678955078125,737.3139038085938
167,58,816.9874877929688,752.041748046875
167,59,858.4420776367188,765.7664184570312
167,60,899.4987182617188,779.687255859375
167,61,939.7048950195312,792.7772216796875
167,62,978.8903198242188,805.6279907226562
168,0,833.2009887695312,735.0853881835938
168,1,870.879150390625,745.2317504882812
168,2,909.1719360351562,755.6351318359375
168,3,947.7075805664062,765.1972045898438
168,4,986.426025390625,775.353515625
168,5,1025.5064697265625,784.6961059570312
168,6,1064.1156005859375,793.799072265625
168,7,1102.6063232421875,802.8333740234375
168,8,1140.33837890625,811.99609375
168,9,821.2221069335938,769.7544555664062
168,10,859.671142578125,780.1057739257812
168,11,898.7244262695312,790.2201538085938
168,12,938.15625,800.363037109375
168,13,978.1088256835938,809.9943237304688
168,14,1017.9439086914062,819.4894409179688
168,15,1057.6031494140625,828.7564697265625
168,16,1096.9234619140625,838.3920288085938
168,17,1135.6566162109375,847.023681640625
168,18,808.8143920898438,805.0057373046875
168,19,848.1358642578125,815.7774658203125
168,20,887.8653564453125,826.2750244140625
168,21,928.2274169921875,836.5537719726562
168,22,968.9401245117188,846.9362182617188
168,23,1009.7288818359375,856.534423828125
168,24,1050.3865966796875,865.8262329101562
168,25,1090.7935791015625,874.8317260742188
168,26,1130.48876953125,883.9172973632812
168,27,796.1419067382812,841.2359008789062
168,28,836.1367797851562,852.3124389648438
168,29,876.8585205078125,863.1231079101562
168,30,917.9859619140625,873.6281127929688
168,31,959.8550415039062,884.1634521484375
168,32,1001.3268432617188,894.4208374023438
168,33,1042.829833984375,903.72509765625
168,34,1084.3438720703125,913.0560302734375
168,35,1125.1549072265625,921.3258666992188
168,36,782.8192749023438,877.64306640625
168,37,823.5903930664062,889.0391235351562
168,38,865.3391723632812,900.5947875976562
168,39,907.293701171875,911.5032348632812
168,40,950.5640258789062,922.5090942382812
168,41,992.74462890625,932.8876953125
168,42,1035.5198974609375,942.9204711914062
168,43,1077.536865234375,951.9329833984375
168,44,1119.484130859375,961.0480346679688
168,45,769.0238037109375,915.0875244140625
168,46,810.9166870117188,927.6624145507812
168,47,853.3450317382812,940.0100708007812
168,48,896.512451171875,951.6300048828125
168,49,940.0680541992188,962.76220703125
168,50,983.671875,973.6607666015625
168,51,1026.8782958984375,983.2349243164062
168,52,1070.2908935546875,992.9437255859375
168,53,1112.630615234375,1001.487548828125
168,54,755.3709106445312,954.862548828125
168,55,797.76513671875,967.6721801757812
168,56,841.0488891601562,980.5481567382812
168,57,885.0137329101562,992.5980834960938
168,58,929.5635375976562,1004.4718017578125
168,59,973.984375,1015.0331420898438
168,60,1018.252685546875,1025.381591796875
168,61,1062.31494140625,1034.4840087890625
168,62,1105.690673828125,1043.3880615234375
169,0,875.3158569335938,820.7095336914062
169,1,904.0609741210938,834.4661865234375
169,2,932.984619140625,848.3091430664062
169,3,962.8189697265625,861.6755981445312
169,4,993.3793334960938,875.385498046875
169,5,1024.29833984375,888.271240234375
169,6,1055.4996337890625,901.4987182617188
169,7,1087.185546875,914.4033813476562
169,8,1119.002685546875,926.6728515625
169,9,859.073486328125,841.1842651367188
169,10,888.1449584960938,855.8245849609375
169,11,918.0396118164062,869.9360961914062
169,12,948.5166625976562,883.5765991210938
169,13,979.9166259765625,896.9691772460938
169,14,1011.74658203125,910.4161987304688
169,15,1043.7235107421875,924.3194580078125
169,16,1076.1209716796875,938.17138671875
169,17,1108.74462890625,951.3084106445312
169,18,841.8499755859375,863.4159545898438
169,19,871.342529296875,878.0912475585938
169,20,902.0545654296875,891.8543090820312
169,21,933.15869140625,906.1011352539062
169,22,965.44384765625,920.4890747070312
169,23,997.9898681640625,934.5655517578125
169,24,1031.006591796875,948.4868774414062
169,25,1064.37060546875,962.5341186523438
169,26,1097.872314453125,976.8087158203125
169,27,823.9046630859375,885.3042602539062
169,28,854.1600952148438,899.9638061523438
169,29,885.2356567382812,914.6535034179688
169,30,917.345703125,929.393310546875
169,31,950.2369995117188,944.5478515625
169,32,983.6103515625,959.4124145507812
169,33,1017.4846801757812,974.0652465820312
169,34,1051.910400390625,988.7002563476562
169,35,1086.4071044921875,1002.8181762695312
169,36,804.9562377929688,907.1012573242188
169,37,835.8385009765625,922.8228149414062
169,38,867.681884765625,938.73193359375
169,39,900.40625,953.9498901367188
169,40,934.195068359375,969.641845703125
169,41,968.3365478515625,985.1016845703125
169,42,1003.2186889648438,1000.5635375976562
169,43,1038.5411376953125,1015.7534790039062
169,44,1074.1114501953125,1030.730224609375
169,45,785.33642578125,929.785888671875
169,46,816.7777709960938,946.6644897460938
169,47,849.1544189453125,963.481689453125
169,48,882.66943359375,979.7902221679688
169,49,917.1009521484375,996.2366333007812
169,50,952.2496948242188,1012.5936889648438
169,51,987.9619140625,1028.5745849609375
169,52,1024.1806640625,1044.577392578125
169,53,1060.862060546875,1060.2279052734375
169,54,764.908447265625,952.6181030273438
169,55,796.8081665039062,970.0691528320312
169,56,829.9466552734375,987.9005126953125
169,57,864.0987548828125,1006.0886840820312
169,58,899.153076171875,1023.6883544921875
169,59,935.2042236328125,1040.547607421875
169,60,971.9143676757812,1057.6396484375
169,61,1009.1181030273438,1074.3935546875
169,62,1046.97216796875,1090.2227783203125
170,0,860.0347290039062,694.7467651367188
170,1,898.2107543945312,706.2821044921875
170,2,937.0057373046875,718.34228515625
170,3,976.2373657226562,729.9661865234375
170,4,1016.0787963867188,741.857666015625
170,5,1055.7740478515625,753.24951171875
170,6,1095.2938232421875,764.4895629882812
170,7,1134.6737060546875,775.7139282226562
170,8,1173.4190673828125,786.8497314453125
170,9,846.568603515625,731.348876953125
170,10,885.0894775390625,743.3032836914062
170,11,924.423583984375,755.3251953125
170,12,964.2633056640625,767.3060913085938
170,13,1004.7321166992188,778.9567260742188
170,14,1045.223388671875,790.6102294921875
170,15,1085.639404296875,802.1132202148438
170,16,1125.7017822265625,813.8346557617188
170,17,1165.366455078125,824.5967407226562
170,18,832.5302124023438,768.4396362304688
170,19,871.4663696289062,780.7833862304688
170,20,911.2649536132812,793.2853393554688
170,21,951.8223876953125,805.7846069335938
170,22,992.7628784179688,817.9046020507812
170,23,1034.1173095703125,829.857177734375
170,24,1075.148681640625,841.3275756835938
170,25,1116.190673828125,852.5008544921875
170,26,1156.4591064453125,863.8895263671875
170,27,817.95654296875,806.1901245117188
170,28,857.5787963867188,819.0130615234375
170,29,897.9826049804688,831.9152221679688
170,30,939.0284423828125,844.54052734375
170,31,980.8465576171875,856.9934692382812
170,32,1022.5057373046875,869.4432983398438
170,33,1064.3974609375,881.2061767578125
170,34,1106.3046875,892.681640625
170,35,1147.6337890625,903.5726928710938
170,36,802.8412475585938,844.154052734375
170,37,842.8262939453125,857.527099609375
170,38,884.0253295898438,870.98779296875
170,39,925.86328125,884.0379028320312
170,40,968.6656494140625,896.9906005859375
170,41,1010.6128540039062,909.4111938476562
170,42,1053.5556640625,922.0054321289062
170,43,1095.8885498046875,933.2854614257812
170,44,1137.9718017578125,944.7327880859375
170,45,787.2630615234375,882.654296875
170,46,828.2203979492188,896.9733276367188
170,47,870.03173828125,911.1021118164062
170,48,912.3937377929688,924.8597412109375
170,49,955.3342895507812,938.3388671875
170,50,998.4309692382812,951.32666015625
170,51,1041.717041015625,963.3250122070312
170,52,1084.6798095703125,975.4612426757812
170,53,1127.35791015625,986.00732421875
170,54,772.3829345703125,922.9678955078125
170,55,813.2665405273438,937.5618286132812
170,56,855.662109375,952.162109375
170,57,898.525146484375,966.5106811523438
170,58,942.0878295898438,980.2726440429688
170,59,985.8082275390625,993.1035766601562
170,60,1029.3990478515625,1006.0392456054688
170,61,1073.188720703125,1017.774169921875
170,62,1116.2386474609375,1028.9954833984375
171,0,849.454345703125,741.853759765625
171,1,888.1026611328125,753.0479125976562
171,2,927.4353637695312,764.6658325195312
171,3,967.3118896484375,775.6844482421875
171,4,1007.8963623046875,786.9899291992188
171,5,1048.7861328125,797.8172607421875
171,6,1089.6116943359375,808.3248291015625
171,7,1130.50830078125,818.749267578125
171,8,1171.0316162109375,829.30615234375
171,9,835.499755859375,778.2918090820312
171,10,874.5089721679688,789.9608764648438
171,11,914.5570678710938,801.5150756835938
171,12,955.1393432617188,813.0336303710938
171,13,996.7691650390625,824.1799926757812
171,14,1038.4022216796875,835.1722412109375
171,15,1080.25341796875,846.1630859375
171,16,1122.0159912109375,857.2291259765625
171,17,1163.4710693359375,867.5441284179688
171,18,821.0072021484375,815.5054321289062
171,19,860.5576171875,827.5214233398438
171,20,901.0870971679688,839.8079833984375
171,21,942.545654296875,851.6720581054688
171,22,984.8598022460938,863.4448852539062
171,23,1027.36083984375,874.9776000976562
171,24,1070.0509033203125,885.9174194335938
171,25,1112.7974853515625,896.1592407226562
171,26,1155.155029296875,907.3107299804688
171,27,805.8550415039062,853.16064453125
171,28,846.1412353515625,865.8764038085938
171,29,887.2368774414062,878.1904907226562
171,30,929.3226318359375,890.8178100585938
171,31,972.5717163085938,903.0719604492188
171,32,1015.6836547851562,915.260986328125
171,33,1059.2825927734375,926.1060180664062
171,34,1103.1651611328125,937.7654418945312
171,35,1146.5120849609375,948.1871948242188
171,36,789.9572143554688,890.8919677734375
171,37,830.685546875,904.2564697265625
171,38,872.7191162109375,917.7498779296875
171,39,915.6619262695312,930.4813842773438
171,40,959.8660278320312,943.8950805664062
171,41,1003.74853515625,956.02392578125
171,42,1048.455810546875,968.2689208984375
171,43,1092.77978515625,979.6689453125
171,44,1137.1436767578125,990.7178955078125
171,45,773.4417724609375,929.8359375
171,46,815.2981567382812,944.2974853515625
171,47,858.0301513671875,958.3384399414062
171,48,901.7760009765625,972.6326293945312
171,49,946.3157958984375,986.04443359375
171,50,991.3772583007812,999.13525390625
171,51,1036.353271484375,1011.0873413085938
171,52,1081.901611328125,1023.1359252929688
171,53,1126.8634033203125,1033.9010009765625
171,54,757.65478515625,970.3508911132812
171,55,799.5164794921875,985.455810546875
171,56,843.05859375,1000.4078979492188
171,57,887.305908203125,1015.138671875
171,58,932.6080322265625,1029.3031005859375
171,59,978.1909790039062,1042.4097900390625
171,60,1024.204833984375,1055.1793212890625
171,61,1070.2181396484375,1066.9383544921875
171,62,1115.9337158203125,1078.003173828125
172,0,671.677978515625,747.630615234375
172,1,710.164306640625,754.0194091796875
172,2,750.0406494140625,760.962158203125
172,3,790.466796875,766.9830932617188
172,4,832.3816528320312,773.61181640625
172,5,874.6318969726562,779.474609375
172,6,917.0482177734375,785.6437377929688
172,7,959.8648681640625,791.4644165039062
172,8,1002.6912841796875,797.3091430664062
172,9,660.1260986328125,783.96630859375
172,10,699.3507080078125,790.9271850585938
172,11,740.0595092773438,797.7240600585938
172,12,781.2199096679688,804.6195678710938
172,13,824.1456298828125,810.7656860351562
172,14,867.4821166992188,817.22119140625
172,15,911.1160278320312,823.59765625
172,16,955.1339721679688,830.1035766601562
172,17,999.144775390625,835.5243530273438
172,18,648.6990356445312,821.7957763671875
172,19,688.4060668945312,829.1171875
172,20,729.8412475585938,836.1854248046875
172,21,772.1873779296875,843.2055053710938
172,22,815.9701538085938,850.7157592773438
172,23,860.1008911132812,857.325927734375
172,24,904.9375610351562,863.8323974609375
172,25,949.9159545898438,869.8243408203125
172,26,995.3203125,875.8658447265625
172,27,636.1560668945312,859.947998046875
172,28,677.1052856445312,868.485595703125
172,29,719.20751953125,876.1361083984375
172,30,762.5696411132812,883.8401489257812
172,31,807.5301513671875,891.63818359375
172,32,852.8491821289062,898.9317626953125
172,33,898.6107177734375,905.3416748046875
172,34,945.1354370117188,911.5942993164062
172,35,991.2412109375,916.938720703125
172,36,623.0111083984375,899.0457153320312
172,37,665.0452880859375,908.5774536132812
172,38,708.46826171875,917.850830078125
172,39,752.7910766601562,925.6558227539062
172,40,798.7646484375,933.9817504882812
172,41,844.9832153320312,941.4191284179688
172,42,892.2675170898438,948.5196533203125
172,43,939.5665283203125,954.4567260742188
172,44,987.3347778320312,960.277099609375
172,45,610.2189331054688,939.892578125
172,46,653.1927490234375,950.1658325195312
172,47,697.5210571289062,959.7462158203125
172,48,742.9380493164062,969.0425415039062
172,49,789.7892456054688,977.7498779296875
172,50,837.322998046875,985.7333984375
172,51,885.2433471679688,992.4424438476562
172,52,934.1432495117188,999.1544799804688
172,53,982.9308471679688,1004.7763061523438
172,54,597.7067260742188,982.4580078125
172,55,641.0458374023438,992.8284912109375
172,56,686.2284545898438,1003.3310546875
172,57,732.8345336914062,1013.2979736328125
172,58,780.722900390625,1022.6575317382812
172,59,829.15380859375,1030.5101318359375
172,60,878.53564453125,1038.361572265625
172,61,928.373779296875,1044.9029541015625
172,62,978.532470703125,1050.7923583984375
173,0,666.972900390625,703.2919311523438
173,1,708.3204956054688,710.6255493164062
173,2,751.4293212890625,718.2991333007812
173,3,795.4014892578125,725.2605590820312
173,4,840.9830932617188,732.8244018554688
173,5,886.9985961914062,739.7874145507812
173,6,933.4929809570312,746.672607421875
173,7,980.4942626953125,753.2542724609375
173,8,1027.2430419921875,760.16943359375
173,9,653.70947265625,742.9854125976562
173,10,695.9432983398438,751.0347900390625
173,11,739.7791137695312,758.7720947265625
173,12,784.7198486328125,766.68896484375
173,13,831.0939331054688,773.801513671875
173,14,878.4794311523438,781.1751708984375
173,15,926.269775390625,788.5313720703125
173,16,974.5409545898438,796.0001831054688
173,17,1022.95849609375,802.5035400390625
173,18,640.4432983398438,784.7645874023438
173,19,683.2071533203125,793.04150390625
173,20,727.8226928710938,801.3565673828125
173,21,773.671875,809.5101318359375
173,22,821.3589477539062,817.9739990234375
173,23,869.5426025390625,825.543701171875
173,24,918.6901245117188,833.0242919921875
173,25,968.305908203125,839.9874267578125
173,26,1018.021728515625,847.21875
173,27,625.9664916992188,826.7054443359375
173,28,669.891357421875,836.236083984375
173,29,715.226318359375,845.1844482421875
173,30,762.2046508789062,854.2998046875
173,31,810.9996337890625,862.9415893554688
173,32,860.4227294921875,871.732666015625
173,33,910.7642822265625,878.9918212890625
173,34,961.9464111328125,886.7011108398438
173,35,1012.8521118164062,893.1624755859375
173,36,611.0647583007812,869.6442260742188
173,37,655.9440307617188,880.3781127929688
173,38,702.5044555664062,890.9491577148438
173,39,750.4444580078125,900.2754516601562
173,40,800.39208984375,910.0387573242188
173,41,850.9853515625,918.7572021484375
173,42,902.9425048828125,927.3270874023438
173,43,954.8726806640625,934.7821044921875
173,44,1007.4020385742188,941.9698486328125
173,45,596.3504638671875,914.3441772460938
173,46,642.2086791992188,926.2948608398438
173,47,689.8872680664062,937.5830688476562
173,48,739.04052734375,948.3114013671875
173,49,789.7093505859375,958.2506713867188
173,50,841.85302734375,968.3340454101562
173,51,894.17333984375,976.6027221679688
173,52,947.9116821289062,984.9389038085938
173,53,1001.4720458984375,991.672119140625
173,54,582.099365234375,961.0731811523438
173,55,628.1146240234375,973.3202514648438
173,56,676.6200561523438,985.6447143554688
173,57,727.0614013671875,997.2366943359375
173,58,779.07470703125,1008.5879516601562
173,59,831.7542724609375,1018.3595581054688
173,60,885.8368530273438,1028.034912109375
173,61,940.4972534179688,1035.947021484375
173,62,995.5509033203125,1043.4127197265625
174,0,793.7068481445312,326.3101501464844
174,1,832.1061401367188,352.9677429199219
174,4,940.9776000976562,430.0078125
174,5,974.881591796875,453.0985107421875
174,6,1007.1121826171875,475.32122802734375
174,7,1038.1312255859375,496.41619873046875
174,8,1067.27392578125,516.52685546875
174,9,769.04345703125,355.3428649902344
174,10,806.6873168945312,380.1651611328125
174,11,843.4200439453125,404.38018798828125
174,12,879.1541748046875,428.29852294921875
174,13,913.9002075195312,451.8709411621094
174,14,947.016845703125,474.21514892578125
174,15,978.9942626953125,495.240478515625
174,16,1009.7035522460938,514.948974609375
174,17,1038.7303466796875,534.2142333984375
174,18,747.31982421875,380.6538391113281
174,19,783.9594116210938,403.753173828125
174,20,819.8216552734375,426.9399108886719
174,21,854.418212890625,449.4400634765625
174,22,888.5106201171875,471.3561706542969
174,23,921.160400390625,492.5846252441406
174,24,952.5341796875,513.4536743164062
174,25,982.92822265625,532.8890991210938
174,26,1011.7318725585938,551.1131591796875
174,27,728.0647583007812,402.82611083984375
174,28,763.338623046875,425.4068298339844
174,29,797.8970336914062,447.8704833984375
174,30,831.6895141601562,469.542236328125
174,31,864.927490234375,490.27337646484375
174,32,896.9198608398438,510.7218933105469
174,33,927.8762817382812,530.1179809570312
174,34,957.7160034179688,549.0903930664062
174,35,986.1199951171875,567.0986938476562
174,36,709.7548828125,424.6780700683594
174,37,744.0422973632812,446.2145080566406
174,38,777.5338745117188,467.3160400390625
174,39,810.34912109375,488.5903625488281
174,40,842.7429809570312,508.8648986816406
174,41,874.2962036132812,528.239013671875
174,42,904.4264526367188,546.88037109375
174,43,934.471923828125,564.9862670898438
174,44,961.9862060546875,582.16015625
174,45,693.128173828125,444.8838195800781
174,46,726.325439453125,465.26092529296875
174,47,759.051513671875,485.2290954589844
174,48,791.0382690429688,505.4228820800781
174,51,883.42724609375,561.827392578125
174,52,911.6097412109375,579.0957641601562
174,53,939.6197509765625,595.71337890625
174,54,677.7680053710938,463.9131774902344
174,55,709.5811157226562,483.8113708496094
174,56,741.5101928710938,503.22119140625
174,57,772.8040771484375,521.6990356445312
174,60,862.233642578125,575.91064453125
174,61,889.935546875,592.5436401367188
174,62,917.88427734375,608.5986328125
175,0,795.3645629882812,261.88861083984375
175,1,831.465576171875,289.8145751953125
175,2,866.3098754882812,317.3115539550781
175,3,899.8870849609375,344.39373779296875
175,4,932.5062866210938,369.7576904296875
175,5,963.7691040039062,393.74273681640625
175,6,993.1890869140625,416.5479431152344
175,7,1021.5482788085938,438.51983642578125
175,8,1048.1024169921875,458.97564697265625
175,9,768.3597412109375,288.4251708984375
175,10,803.8722534179688,314.32989501953125
175,11,838.3101196289062,339.6338195800781
175,12,871.6146240234375,364.54241943359375
175,13,903.7220458984375,389.07769775390625
175,14,934.3425903320312,412.2569274902344
175,15,963.9552612304688,434.1559753417969
175,16,992.0335083007812,454.5254211425781
175,17,1018.6470947265625,474.292236328125
175,18,744.30517578125,311.11895751953125
175,19,779.0460205078125,335.406494140625
175,20,812.638671875,359.7254638671875
175,21,845.177978515625,383.22357177734375
175,22,876.9051513671875,406.2463073730469
175,23,907.0621337890625,428.38421630859375
175,24,936.2066040039062,450.03863525390625
175,25,964.4602661132812,470.4275207519531
175,26,990.8169555664062,489.0602111816406
175,27,722.7687377929688,331.7779846191406
175,28,756.2229614257812,355.2271728515625
175,29,788.7991333007812,378.66290283203125
175,30,820.6220092773438,401.4710693359375
175,31,851.6708374023438,423.23065185546875
175,32,881.5234375,444.39666748046875
175,33,910.31884765625,464.7181701660156
175,34,937.95458984375,484.4620666503906
175,35,963.8997802734375,503.0572814941406
175,36,702.2946166992188,351.9868469238281
175,37,734.7124633789062,374.36932373046875
175,38,766.6852416992188,396.6572265625
175,39,797.6133422851562,418.7150573730469
175,40,828.0661010742188,440.0640563964844
175,41,857.3642578125,460.2388916015625
175,42,885.718505859375,479.80291748046875
175,43,913.1455688476562,498.66961669921875
175,44,939.1987915039062,516.277587890625
175,45,683.7614135742188,370.6793518066406
175,46,715.2176513671875,392.0647277832031
175,47,746.330078125,412.9476013183594
175,48,776.5448608398438,434.1350402832031
175,49,806.1934814453125,454.56573486328125
175,50,834.9996337890625,474.02252197265625
175,51,862.8284301757812,492.9422607421875
175,52,889.8626098632812,511.1145935058594
175,53,915.74169921875,528.3355712890625
175,54,666.1323852539062,388.7008361816406
175,55,696.8706665039062,409.53717041015625
175,56,727.01171875,429.8443908691406
175,57,756.8811645507812,448.9897766113281
175,58,785.870849609375,468.58160400390625
175,59,813.4382934570312,487.9845886230469
175,60,841.17333984375,505.7288818359375
175,61,867.373046875,523.00537109375
175,62,893.2495727539062,539.9498291015625
176,0,791.8521118164062,259.9207458496094
176,1,827.83203125,288.03485107421875
176,2,862.7960205078125,315.3375549316406
176,3,896.5051879882812,342.4347839355469
176,4,929.3898315429688,367.7641296386719
176,5,960.6914672851562,391.7704772949219
176,6,990.4046020507812,414.7000732421875
176,7,1018.8119506835938,436.68328857421875
176,8,1045.506103515625,457.4073791503906
176,9,764.93505859375,286.5212097167969
176,10,800.4107055664062,312.5837707519531
176,11,835.0693359375,337.80218505859375
176,12,868.4275512695312,362.6582946777344
176,13,900.6864013671875,387.28155517578125
176,14,931.4799194335938,410.6123962402344
176,15,961.1555786132812,432.57562255859375
176,16,989.4407958984375,453.0617370605469
176,17,1016.2409057617188,472.89849853515625
176,18,741.1619262695312,309.6367492675781
176,19,775.9068603515625,333.8646545410156
176,20,809.5784912109375,358.12744140625
176,21,842.1956787109375,381.8389892578125
176,22,873.9506225585938,404.7866516113281
176,23,904.39990234375,426.9122314453125
176,24,933.6295776367188,448.77471923828125
176,25,961.8084106445312,469.333251953125
176,26,988.3035278320312,488.1119079589844
176,27,719.7169189453125,330.4125061035156
176,28,753.2030639648438,353.9584655761719
176,29,785.811279296875,377.4095764160156
176,30,817.7733764648438,400.3157653808594
176,31,848.8346557617188,422.19281005859375
176,32,878.85888671875,443.2662048339844
176,33,907.718017578125,463.94464111328125
176,34,935.4131469726562,483.5749206542969
176,35,961.9608764648438,502.5867919921875
176,36,699.3001098632812,350.964599609375
176,37,731.7769775390625,373.4560546875
176,38,763.7745361328125,395.7890625
176,39,794.7479858398438,417.9583435058594
176,40,825.2530517578125,439.1413879394531
176,41,854.629638671875,459.4590148925781
176,42,883.0008544921875,479.11761474609375
176,43,910.4771728515625,498.2424011230469
176,44,936.92724609375,516.0604248046875
176,45,680.7965087890625,370.10479736328125
176,46,712.3447875976562,391.51861572265625
176,47,743.6568603515625,412.58624267578125
176,48,773.8310546875,433.68701171875
176,49,803.484130859375,454.296630859375
176,50,832.4971313476562,473.7122802734375
176,51,860.4744873046875,492.7208557128906
176,52,887.2672119140625,511.0210266113281
176,53,913.0596923828125,528.33203125
176,54,663.3001708984375,388.3198547363281
176,55,694.0009765625,409.0934753417969
176,56,724.3071899414062,429.46649169921875
176,57,754.2130737304688,448.8114929199219
176,58,783.2815551757812,468.4837951660156
176,59,811.0826416015625,487.9776916503906
176,60,838.7221069335938,505.77178955078125
176,61,865.2628173828125,523.3323364257812
176,62,891.08837890625,540.3330688476562
177,0,754.673583984375,464.0245056152344
177,1,790.51513671875,481.0217590332031
177,2,826.0318603515625,497.8643493652344
177,3,861.216796875,514.3690795898438
177,4,895.8419189453125,531.0289916992188
177,5,929.5838012695312,547.1732177734375
177,6,962.3458862304688,563.0929565429688
177,7,994.2644653320312,578.5969848632812
177,8,1025.607666015625,593.8408203125
177,9,737.7057495117188,500.4383544921875
177,10,773.9595947265625,517.170166015625
177,11,809.9107666015625,533.7880249023438
177,12,845.1287231445312,550.15625
177,13,880.37451171875,566.3519897460938
177,14,914.554443359375,582.1343383789062
177,15,947.7698974609375,597.6055908203125
177,16,980.3141479492188,612.8304443359375
177,17,1012.0830078125,627.2443237304688
177,18,720.9707641601562,537.4666137695312
177,19,757.5809326171875,553.9560546875
177,20,793.8536987304688,570.220458984375
177,21,829.587890625,586.22265625
177,22,864.9226684570312,602.1531982421875
177,23,899.4691772460938,617.6396484375
177,24,933.7164916992188,632.6619262695312
177,25,966.7548217773438,647.5457153320312
177,26,998.64697265625,661.66748046875
177,27,704.8120727539062,574.7063598632812
177,28,741.6770629882812,590.8539428710938
177,29,778.2034301757812,606.8496704101562
177,30,814.3226928710938,622.7488403320312
177,31,850.1698608398438,638.1946411132812
177,32,885.1323852539062,653.457275390625
177,33,919.5615844726562,667.9829711914062
177,34,953.1331176757812,682.4494018554688
177,35,985.2659912109375,696.0870361328125
177,36,688.8623657226562,612.5814819335938
177,37,725.9027709960938,628.4359130859375
177,38,762.6968383789062,644.3367919921875
177,39,799.28466796875,659.6973266601562
177,40,835.6043701171875,674.9396362304688
177,41,870.8394165039062,689.5953369140625
177,42,905.6039428710938,703.9833984375
177,43,939.0547485351562,717.584228515625
177,44,971.8900146484375,730.9889526367188
177,45,673.1430053710938,650.1932373046875
177,46,710.47314453125,666.0326538085938
177,47,747.64208984375,681.5867919921875
177,48,784.4862060546875,696.657958984375
177,49,820.7392578125,711.4036254882812
177,50,856.176513671875,725.7239379882812
177,51,890.7990112304688,739.129150390625
177,52,925.0816650390625,752.8156127929688
177,53,957.826171875,765.310791015625
177,54,658.00439453125,688.1289672851562
177,55,695.2452392578125,703.645751953125
177,56,732.6012573242188,718.8514404296875
177,57,769.3507690429688,733.2924194335938
177,58,806.0211181640625,747.9476318359375
177,59,841.631591796875,761.7466430664062
177,60,876.5302124023438,775.0485229492188
177,61,910.5042114257812,787.4929809570312
177,62,943.7457885742188,799.8511352539062
178,0,715.3187866210938,770.6128540039062
178,1,751.3225708007812,779.1513061523438
178,2,788.3155517578125,787.8220825195312
178,3,825.3362426757812,795.630859375
178,4,863.2767333984375,804.2650756835938
178,5,901.3047485351562,811.8536987304688
178,6,939.5234985351562,819.6681518554688
178,7,977.5792846679688,826.9999389648438
178,9,703.309326171875,798.8021850585938
178,10,740.4620361328125,807.54150390625
178,11,778.3051147460938,816.1492919921875
178,12,816.6917724609375,824.5606689453125
178,13,855.888916015625,832.4580688476562
178,14,894.8753662109375,840.474853515625
178,15,934.5225219726562,848.549072265625
178,16,973.6767578125,856.6181030273438
178,17,1013.09521484375,863.302490234375
178,18,690.8202514648438,828.4129638671875
178,19,728.8795166015625,837.9026489257812
178,20,767.8262939453125,846.5291137695312
178,21,807.35595703125,855.2114868164062
178,22,847.873291015625,863.8937377929688
178,23,888.4180908203125,872.1719970703125
178,24,928.9942626953125,879.6780395507812
178,25,969.9681396484375,887.1886596679688
178,26,1010.3626098632812,894.9429931640625
178,27,677.3392944335938,858.4553833007812
178,28,716.7254638671875,868.4620361328125
178,29,756.7713012695312,877.9810791015625
178,30,797.596923828125,887.2471313476562
178,31,839.44287109375,896.1076049804688
178,32,881.3582153320312,904.8616333007812
178,33,923.3367309570312,912.5366821289062
178,34,965.7717895507812,920.3406372070312
178,35,1007.5960693359375,927.3070678710938
178,36,663.517333984375,890.2981567382812
178,37,703.8975830078125,901.0653076171875
178,38,745.1947021484375,911.5510864257812
178,39,787.4330444335938,920.7688598632812
178,40,830.7462768554688,930.1748046875
178,41,873.9051513671875,938.8818359375
178,42,917.6109008789062,947.4134521484375
178,43,961.0967407226562,954.8677978515625
178,44,1004.8964233398438,962.6686401367188
178,45,649.0032958984375,923.810791015625
178,46,690.7437133789062,935.26220703125
178,47,733.2760009765625,946.3145141601562
178,48,776.7420043945312,956.5946655273438
178,49,821.35107421875,966.2730102539062
178,50,866.2607421875,975.8331298828125
178,51,911.0962524414062,984.0172729492188
178,52,956.4965209960938,992.5750122070312
178,53,1001.2733154296875,999.5131225585938
178,54,633.962890625,958.119873046875
178,55,676.6605224609375,970.0530395507812
178,56,720.7200927734375,981.8601684570312
178,57,765.7823486328125,993.7113647460938
178,58,811.89794921875,1004.3639526367188
178,59,858.1392822265625,1013.7114868164062
178,60,904.7503662109375,1022.9957885742188
178,61,951.5472412109375,1030.932861328125
178,62,998.19384765625,1038.0928955078125
179,2,926.9635620117188,904.3223876953125
179,3,958.5892944335938,909.9430541992188
179,4,992.16552734375,915.7186889648438
179,5,1025.504150390625,920.3504028320312
179,6,1059.480224609375,925.2075805664062
179,7,1094.111083984375,929.8179321289062
179,8,1128.704345703125,933.7092895507812
179,9,851.4154052734375,906.976318359375
179,10,883.1400146484375,914.0147094726562
179,11,915.0935668945312,920.565185546875
179,12,948.5307006835938,925.90869140625
179,13,982.5729370117188,931.15673828125
179,14,1017.2653198242188,936.0783081054688
179,15,1052.370361328125,941.521484375
179,16,1088.194580078125,947.1060791015625
179,17,1124.4066162109375,951.4824829101562
179,18,837.566650390625,924.10595703125
179,19,869.9371948242188,930.9811401367188
179,20,902.91650390625,936.8350219726562
179,21,936.8382568359375,942.8916625976562
179,22,972.4674682617188,948.697021484375
179,23,1008.2737426757812,954.0927124023438
179,24,1044.8262939453125,959.2799072265625
179,25,1081.9366455078125,964.73046875
179,26,1119.5040283203125,970.2489013671875
179,27,822.0800170898438,940.9034423828125
179,28,855.5767822265625,947.46044921875
179,29,889.3169555664062,954.024658203125
179,30,925.0504150390625,960.2255859375
179,31,961.3037719726562,966.8942260742188
179,32,998.5767822265625,973.0802612304688
179,33,1036.3377685546875,978.7586669921875
179,34,1075.159423828125,984.2201538085938
179,35,1114.1710205078125,989.326171875
179,36,805.9988403320312,956.7723999023438
179,37,840.173583984375,964.7313232421875
179,38,875.313720703125,972.2945556640625
179,39,911.7924194335938,978.9797973632812
179,40,949.5485229492188,985.7532348632812
179,41,987.9005737304688,992.3199462890625
179,42,1027.4075927734375,999.02001953125
179,43,1067.677490234375,1004.937744140625
179,44,1108.393798828125,1010.6088256835938
179,45,788.1795654296875,973.9124145507812
179,46,823.7459106445312,982.7787475585938
179,47,859.95556640625,991.3662109375
179,48,897.7102661132812,999.2689208984375
179,49,936.5053100585938,1007.1162109375
179,50,976.7640991210938,1014.4010009765625
179,51,1017.7252197265625,1021.0848388671875
179,52,1059.621337890625,1027.9395751953125
179,53,1101.9825439453125,1034.2255859375
179,54,769.880126953125,990.9949951171875
179,55,805.6298217773438,1000.2796630859375
179,56,843.3115844726562,1009.9356689453125
179,57,882.3856811523438,1019.908935546875
179,58,922.8934326171875,1028.888671875
179,59,964.1846313476562,1036.593994140625
179,60,1007.0109252929688,1044.664306640625
179,61,1050.6810302734375,1051.9705810546875
179,62,1095.0074462890625,1058.01904296875
180,0,717.5621337890625,583.1807250976562
180,1,750.1272583007812,590.8836059570312
180,4,851.0513305664062,614.9512329101562
180,5,885.3234252929688,622.7421264648438
180,6,919.5820922851562,630.2988891601562
180,7,953.93798828125,638.3038940429688
180,8,987.997314453125,646.3289184570312
180,9,706.6742553710938,599.8825073242188
180,10,739.96044921875,608.0341796875
180,11,774.34619140625,615.8424682617188
180,12,808.9683227539062,623.9564208984375
180,13,844.4539794921875,631.6344604492188
180,14,880.0772705078125,639.1536254882812
180,15,915.6964721679688,647.462158203125
180,16,951.3212280273438,656.180908203125
180,17,986.8297729492188,664.3589477539062
180,18,694.1385498046875,618.0375366210938
180,19,728.9571533203125,625.8880004882812
180,20,764.5744018554688,633.8132934570312
180,21,800.5012817382812,642.0368041992188
180,22,837.280517578125,650.5426635742188
180,23,874.1031494140625,658.79638671875
180,24,911.3450927734375,666.5758666992188
180,25,948.3176879882812,674.9469604492188
180,26,984.9213256835938,683.4019775390625
180,27,681.318359375,635.5037841796875
180,28,717.4353637695312,644.1041870117188
180,29,754.029052734375,652.1551513671875
180,30,791.6343994140625,660.908447265625
180,31,829.8497314453125,669.8594970703125
180,32,868.0021362304688,678.4823608398438
180,33,906.4949340820312,686.8480224609375
180,34,945.3555908203125,694.9714965820312
180,35,983.5167846679688,702.8380737304688
180,36,667.8403930664062,652.000732421875
180,37,704.9893798828125,661.91064453125
180,38,743.1558837890625,671.460693359375
180,39,782.0836791992188,680.1890258789062
180,40,821.8284301757812,689.7025146484375
180,41,861.6369018554688,698.8470458984375
180,42,901.7340698242188,707.57373046875
180,43,942.100341796875,715.8582153320312
180,44,982.3422241210938,724.2462768554688
180,45,653.1104736328125,671.1296997070312
180,46,691.9478759765625,681.3753662109375
180,47,731.572265625,692.0150756835938
180,48,771.977294921875,701.5473022460938
180,49,813.1049194335938,711.5792236328125
180,50,854.7142333984375,721.0098876953125
180,51,896.4217529296875,729.7692260742188
180,52,938.7261352539062,738.811767578125
180,53,980.5513305664062,747.580322265625
180,54,637.6007690429688,692.5614624023438
180,55,677.6328125,702.7095947265625
180,56,718.8695678710938,713.291259765625
180,57,760.9363403320312,724.5785522460938
180,58,803.9515380859375,734.7598266601562
180,59,847.5157470703125,744.22509765625
180,60,891.0906372070312,754.2333374023438
180,61,934.9744262695312,763.3971557617188
180,62,978.8065185546875,772.4017333984375
181,0,874.56005859375,491.80615234375
181,1,912.6516723632812,516.923583984375
181,2,949.7793579101562,540.388427734375
181,3,985.1958618164062,563.4094848632812
181,4,1019.0374755859375,584.7982177734375
181,5,1051.4781494140625,604.557861328125
181,6,1081.687744140625,623.0353393554688
181,7,1110.6202392578125,640.3619384765625
181,8,1137.7274169921875,656.4950561523438
181,9,848.9004516601562,515.7232666015625
181,10,886.3179931640625,538.2885131835938
181,11,922.983154296875,560.0699462890625
181,12,957.4429321289062,581.2791137695312
181,13,991.080078125,602.2015380859375
181,14,1022.5884399414062,621.3970336914062
181,15,1052.8099365234375,639.0877685546875
181,16,1081.5462646484375,655.2799072265625
181,17,1108.8582763671875,670.6741943359375
181,18,826.1163940429688,535.2262573242188
181,19,862.35107421875,556.2066040039062
181,20,897.8799438476562,577.5442504882812
181,21,931.9247436523438,599.2913208007812
181,22,964.5549926757812,617.1885375976562
181,23,995.958251953125,635.7373657226562
181,24,1025.7872314453125,653.5328369140625
181,25,1054.6968994140625,670.0955200195312
181,26,1081.4931640625,684.6551513671875
181,27,805.0875244140625,552.5418090820312
181,28,840.6551513671875,573.7369995117188
181,29,874.9605712890625,594.0633544921875
181,30,907.8223876953125,613.6697387695312
181,31,940.07080078125,632.3505249023438
181,32,970.7646484375,649.8389892578125
181,33,1000.489013671875,666.7327270507812
181,34,1028.46875,682.3894653320312
181,35,1056.664306640625,697.7982788085938
181,36,785.5667724609375,570.1060180664062
181,37,819.6956787109375,589.7377319335938
181,38,853.1839599609375,609.3631591796875
181,39,885.2937622070312,628.0255126953125
181,40,916.8925170898438,646.73583984375
181,41,947.2164306640625,663.8921508789062
181,42,976.1964111328125,679.78955078125
181,43,1004.9566650390625,695.0931396484375
181,44,1030.7137451171875,709.2392578125
181,45,767.6502075195312,586.0784301757812
181,46,800.94091796875,605.013427734375
181,47,833.1263427734375,623.08447265625
181,48,864.7974853515625,641.5838623046875
181,51,953.5183715820312,691.2550048828125
181,52,981.16943359375,706.1253051757812
181,53,1007.9841918945312,719.8989868164062
181,54,751.0421752929688,600.9932861328125
181,57,844.98974609375,654.0630493164062
181,60,932.2774658203125,702.0575561523438
181,61,959.9921875,716.3864135742188
181,62,985.6917114257812,729.892578125
182,2,828.763671875,867.7423706054688
182,3,856.87890625,877.2243041992188
182,4,886.8064575195312,886.7271118164062
182,5,916.3232421875,895.8215942382812
182,6,947.0409545898438,904.5145874023438
182,7,978.1339721679688,913.4195556640625
182,8,1009.4660034179688,921.732421875
182,9,758.5997314453125,863.0116577148438
182,10,786.776123046875,873.5626831054688
182,11,815.0878295898438,883.8092651367188
182,12,844.75537109375,893.003173828125
182,13,874.753662109375,902.3749389648438
182,14,905.8624267578125,911.3253173828125
182,15,936.9848022460938,921.1124267578125
182,16,968.9884643554688,931.021728515625
182,17,1001.36962890625,940.0097045898438
182,18,743.660400390625,879.8087158203125
182,19,773.0648193359375,889.8590087890625
182,20,801.1895141601562,899.825927734375
182,21,830.5748291015625,910.0098876953125
182,22,862.4949340820312,919.66796875
182,23,894.193603515625,929.4700317382812
182,24,926.3262329101562,939.05810546875
182,25,959.2003784179688,949.0380859375
182,26,992.723388671875,959.0171508789062
182,27,727.1693725585938,895.9690551757812
182,28,756.3958129882812,906.1954956054688
182,29,786.2406005859375,916.4255981445312
182,30,817.2158203125,926.74609375
182,31,849.00732421875,937.6151733398438
182,32,881.7748413085938,948.074462890625
182,33,914.9385375976562,958.2606201171875
182,34,949.0498046875,968.6175537109375
182,35,983.6962280273438,978.54248046875
182,36,710.0308837890625,911.1464233398438
182,37,739.655517578125,922.538818359375
182,38,770.3745727539062,934.185302734375
182,39,801.929443359375,944.938720703125
182,40,834.9054565429688,956.1110229492188
182,41,868.4430541992188,967.12451171875
182,42,902.8540649414062,978.2024536132812
182,43,937.9903564453125,988.9691162109375
182,44,973.7998657226562,999.764892578125
182,45,691.8400268554688,927.2940673828125
182,46,722.1910400390625,940.0594482421875
182,47,753.42529296875,952.6204833984375
182,48,786.0466918945312,964.4820556640625
182,49,819.6921997070312,976.3799438476562
182,50,854.3348999023438,988.269775390625
182,51,889.7811889648438,999.982666015625
182,52,926.157470703125,1011.4307861328125
182,53,963.0142211914062,1022.8779296875
182,54,672.7188720703125,944.1782836914062
182,55,703.6244506835938,956.98779296875
182,56,735.7783813476562,970.249755859375
182,57,769.135009765625,984.156005859375
182,58,803.7322387695312,997.3505859375
182,59,839.310791015625,1009.5250854492188
182,60,875.9199829101562,1022.3888549804688
182,61,913.4015502929688,1034.684814453125
182,62,951.7635498046875,1046.14013671875
183,0,807.697021484375,298.4256896972656
183,1,844.0248413085938,326.7919921875
183,2,879.2122192382812,354.6582946777344
183,3,913.2210693359375,382.3146057128906
183,4,946.3505249023438,408.1475830078125
183,5,977.9326171875,432.41644287109375
183,6,1008.1212768554688,455.7491760253906
183,7,1036.8785400390625,477.843994140625
183,8,1063.984619140625,498.7374572753906
183,9,780.7117309570312,325.4424743652344
183,10,816.494873046875,351.8623962402344
183,11,851.4132080078125,377.4706726074219
183,12,885.0052490234375,402.87103271484375
183,13,917.653076171875,427.91033935546875
183,14,948.7125244140625,451.20758056640625
183,15,978.7924194335938,473.5386657714844
183,16,1007.2968139648438,494.1265563964844
183,17,1034.446533203125,514.3065795898438
183,18,756.9041748046875,348.730224609375
183,19,791.9110107421875,373.4534912109375
183,20,825.846435546875,398.0807800292969
183,21,858.7244262695312,422.1100769042969
183,22,890.886474609375,445.298095703125
183,23,921.4345703125,467.7928161621094
183,24,951.0718383789062,489.697509765625
183,25,979.51123046875,510.2303771972656
183,26,1006.60498046875,529.18017578125
183,27,735.6162719726562,369.4197082519531
183,28,769.3784790039062,393.411865234375
183,29,802.279052734375,417.1875
183,30,834.2666015625,440.3936767578125
183,31,865.7979736328125,462.6194152832031
183,32,896.0704956054688,483.94415283203125
183,33,925.1798095703125,504.5914001464844
183,34,953.1865234375,524.457763671875
183,35,980.0074462890625,543.6109008789062
183,36,715.4456176757812,389.7127380371094
183,37,748.1735229492188,412.7188720703125
183,38,780.351806640625,435.13507080078125
183,39,811.561279296875,457.6133117675781
183,40,842.2777099609375,479.2210998535156
183,41,871.9391479492188,499.92327880859375
183,42,900.632080078125,519.5632934570312
183,43,929.1055297851562,538.888916015625
183,44,954.7901000976562,556.7274169921875
183,45,697.1700439453125,408.4449157714844
183,46,728.9482421875,430.3378601074219
183,47,760.390625,451.6690979003906
183,48,790.6544189453125,473.1404113769531
183,49,820.4866333007812,494.1879577636719
183,50,849.6771850585938,513.699462890625
183,51,878.20654296875,532.8309936523438
183,52,905.0294799804688,551.2152709960938
183,53,931.076416015625,568.5755615234375
183,54,680.0918579101562,426.29388427734375
183,55,710.8392944335938,447.5465087890625
183,56,741.217041015625,468.2773742675781
183,57,771.1710205078125,487.9619140625
183,58,800.6490478515625,507.84228515625
183,59,828.295654296875,527.1857299804688
183,60,856.3685913085938,545.5282592773438
183,61,882.3450317382812,562.9697265625
183,62,909.0763549804688,580.1309814453125
184,0,796.0181884765625,446.7044372558594
184,1,828.9594116210938,477.3748474121094
184,2,861.3814697265625,506.3807678222656
184,3,891.9435424804688,534.1880493164062
184,4,922.4407958984375,560.8197021484375
184,5,950.9540405273438,585.0357666015625
184,6,978.8145141601562,608.4351806640625
184,7,1004.3015747070312,629.8418579101562
184,8,1029.76904296875,650.3690185546875
184,9,770.6544799804688,461.8134765625
184,10,803.316162109375,489.8181457519531
184,11,835.1793212890625,516.7361450195312
184,12,865.7349243164062,543.1214599609375
184,13,895.205322265625,571.4931640625
184,14,923.0756225585938,593.0643310546875
184,15,948.80810546875,614.9766235351562
184,16,976.639404296875,635.9320678710938
184,17,1001.1810913085938,655.527587890625
184,18,749.049560546875,472.96356201171875
184,19,780.8422241210938,499.36199951171875
184,20,811.5611572265625,525.8618774414062
184,21,840.9929809570312,551.0667114257812
184,22,870.0858764648438,575.2482299804688
184,23,896.9491577148438,597.7512817382812
184,24,924.1140747070312,620.8464965820312
184,25,951.2962036132812,642.128662109375
184,26,974.4736328125,660.7308349609375
184,27,729.7128295898438,482.7470703125
184,28,760.0877685546875,508.77056884765625
184,29,789.5177001953125,534.4483032226562
184,30,818.32421875,558.9637451171875
184,31,845.8141479492188,582.150146484375
184,32,873.8466796875,604.3936157226562
184,36,710.9526977539062,493.06195068359375
184,37,740.36865234375,518.06103515625
184,38,769.0593872070312,542.3470458984375
184,39,796.6890258789062,566.2389526367188
184,40,824.4220581054688,589.1691284179688
184,45,694.2059326171875,502.3720703125
184,46,722.6504516601562,526.2720336914062
184,47,750.5768432617188,549.193115234375
184,48,777.71728515625,572.3988647460938
184,49,804.1205444335938,594.259765625
184,55,705.8870239257812,534.6082763671875
184,56,732.8779907226562,556.9862670898438
184,57,759.6297607421875,577.9879150390625
184,58,785.5933837890625,599.6866455078125
184,59,809.65576171875,620.3276977539062
184,60,835.1807250976562,639.8737182617188
185,2,821.9124755859375,862.71630859375
185,3,849.9893188476562,872.7727661132812
185,4,879.6843872070312,882.7219848632812
185,5,909.1455688476562,892.2496337890625
185,6,939.8427124023438,901.7566528320312
185,7,970.6067504882812,911.2450561523438
185,8,1002.0800170898438,919.9229125976562
185,9,752.4063110351562,857.6446533203125
185,10,779.6864013671875,868.7581176757812
185,11,808.060546875,879.2305297851562
185,12,837.070556640625,889.21044921875
185,13,867.0379638671875,899.0579833984375
185,14,897.8338012695312,908.7325439453125
185,15,928.9953002929688,919.0474853515625
185,16,960.7235107421875,929.5475463867188
185,17,993.1166381835938,939.0386962890625
185,18,736.0568237304688,875.1672973632812
185,19,764.9658813476562,885.8040161132812
185,20,793.0785522460938,896.1876831054688
185,21,822.9297485351562,906.4078979492188
185,22,853.9501342773438,917.0733642578125
185,23,885.263427734375,927.6654663085938
185,24,917.420654296875,937.8473510742188
185,25,950.3582763671875,948.2215576171875
185,26,983.4500732421875,959.0035400390625
185,27,718.7733154296875,892.0628662109375
185,28,747.9257202148438,902.742919921875
185,29,777.656494140625,913.34033203125
185,30,808.1612548828125,924.406982421875
185,31,839.7476196289062,935.8555297851562
185,32,872.1040649414062,946.9265747070312
185,33,905.1458129882812,957.8414916992188
185,34,939.129150390625,968.5975341796875
185,35,973.6672973632812,979.3492431640625
185,36,701.2263793945312,908.053466796875
185,37,730.7313842773438,920.0405883789062
185,38,760.8818359375,932.0455932617188
185,39,792.1520385742188,943.3646850585938
185,40,824.79248046875,955.0426025390625
185,41,857.9817504882812,966.8301391601562
185,42,892.0839233398438,978.5093994140625
185,43,927.1505737304688,990.0436401367188
185,44,962.594482421875,1001.3302001953125
185,45,682.8121948242188,924.8402709960938
185,46,712.5693359375,938.076416015625
185,47,743.5789794921875,950.9981079101562
185,48,775.5699462890625,963.6351318359375
185,49,808.9329223632812,976.1318359375
185,50,843.083984375,988.7078247070312
185,51,878.2062377929688,1000.9345703125
185,52,914.2658081054688,1013.2491455078125
185,53,951.0355224609375,1025.33984375
185,54,662.8292236328125,942.3237915039062
185,55,693.1828002929688,955.8964233398438
185,56,724.919189453125,969.6101684570312
185,57,757.8204345703125,984.1283569335938
185,58,792.0972900390625,997.890869140625
185,59,827.1582641601562,1010.7501220703125
185,60,863.4052734375,1024.3892822265625
185,61,900.5388793945312,1037.4635009765625
185,62,938.6032104492188,1049.6553955078125
186,0,760.2720947265625,837.9880981445312
186,1,786.805419921875,848.222412109375
186,2,814.6099853515625,858.9594116210938
186,3,843.0256958007812,869.1400756835938
186,4,872.4450073242188,879.6643676757812
186,5,902.1835327148438,889.4558715820312
186,6,932.6949462890625,899.3121948242188
186,7,963.9299926757812,909.0950927734375
186,8,995.52783203125,918.2798461914062
186,9,744.8914794921875,854.1912231445312
186,10,771.8726806640625,865.408935546875
186,11,800.6766967773438,876.1859130859375
186,12,829.0499267578125,886.4661865234375
186,13,859.1326293945312,896.706787109375
186,14,889.8932495117188,906.710205078125
186,15,921.098876953125,917.4328002929688
186,16,953.1611328125,928.2808227539062
186,17,985.7652587890625,938.2591552734375
186,18,727.780517578125,872.2144165039062
186,19,756.055908203125,883.090087890625
186,20,784.6021118164062,893.8372192382812
186,21,814.253173828125,904.5056762695312
186,22,845.1073608398438,915.5504150390625
186,23,876.6906127929688,926.1835327148438
186,24,908.8355712890625,936.8731079101562
186,25,941.9442749023438,947.872802734375
186,26,975.1860961914062,959.0325317382812
186,27,710.0819702148438,889.6148681640625
186,28,738.7236938476562,900.669189453125
186,29,768.8465576171875,911.6241455078125
186,30,798.5733032226562,923.1148071289062
186,31,830.077392578125,934.9114379882812
186,32,862.5488891601562,946.4041748046875
186,33,895.7290649414062,957.8244018554688
186,34,929.7037963867188,969.0877685546875
186,35,964.2393188476562,980.1658325195312
186,36,691.8348999023438,906.286376953125
186,37,720.5535888671875,918.5399169921875
186,38,750.72265625,931.0165405273438
186,39,781.912353515625,942.8202514648438
186,40,814.3053588867188,954.9354248046875
186,41,847.4960327148438,967.10546875
186,42,881.6075439453125,979.38037109375
186,43,916.6657104492188,991.3089599609375
186,44,952.3046264648438,1003.2694702148438
186,45,672.7805786132812,923.9349365234375
186,46,701.9402465820312,937.3135986328125
186,47,732.3453369140625,950.7686157226562
186,48,764.4025268554688,963.8013916015625
186,49,797.597900390625,976.73095703125
186,50,831.6337280273438,989.9573364257812
186,51,866.6763916015625,1002.5880126953125
186,52,902.7606811523438,1015.6182250976562
186,53,939.6183471679688,1028.20849609375
186,54,651.9502563476562,942.04736328125
186,55,682.0706787109375,955.8140258789062
186,56,713.1721801757812,970.0715942382812
186,57,745.85791015625,984.9204711914062
186,58,779.8383178710938,999.2618408203125
186,59,814.6842041015625,1012.7588500976562
186,60,850.7720336914062,1026.863525390625
186,61,887.9802856445312,1040.4256591796875
186,62,926.0496215820312,1053.388671875
187,0,856.3046264648438,694.3121337890625
187,1,894.6004638671875,704.2944946289062
187,2,933.3590087890625,714.6947631835938
187,3,972.49560546875,724.278076171875
187,4,1012.0018310546875,734.4918823242188
187,5,1051.658447265625,744.1432495117188
187,6,1090.9385986328125,753.5103759765625
187,7,1129.87109375,762.7152099609375
187,8,1168.249755859375,772.199951171875
187,9,844.5805053710938,730.5791015625
187,10,883.2509765625,740.9091186523438
187,11,922.65869140625,750.9790649414062
187,12,962.49462890625,761.3228759765625
187,13,1002.8927612304688,770.9369506835938
187,14,1043.217529296875,780.8043823242188
187,15,1083.27734375,790.2877197265625
187,16,1123.095703125,800.2260131835938
187,17,1162.3675537109375,809.164794921875
187,18,832.3113403320312,767.6263427734375
187,19,871.679931640625,778.129638671875
187,20,911.6024169921875,788.7492065429688
187,21,952.1406860351562,799.1527709960938
187,22,993.1161499023438,809.5765380859375
187,23,1034.1185302734375,819.4447021484375
187,24,1075.114990234375,829.0088500976562
187,25,1115.84033203125,838.2791748046875
187,26,1155.7918701171875,847.7333984375
187,27,819.6702270507812,805.2271728515625
187,28,859.723876953125,816.1727905273438
187,29,900.3230590820312,827.02734375
187,30,941.2985229492188,837.6874389648438
187,31,983.3307495117188,848.3253784179688
187,32,1025.0084228515625,858.6888427734375
187,33,1066.6087646484375,868.3367309570312
187,34,1108.33349609375,877.970458984375
187,35,1149.2525634765625,886.7180786132812
187,36,806.4461059570312,843.0770263671875
187,37,846.9418334960938,854.5355224609375
187,38,888.5059204101562,865.9380493164062
187,39,930.3976440429688,876.8558959960938
187,40,973.1365966796875,888.0393676757812
187,41,1015.4320068359375,898.111083984375
187,42,1058.2359619140625,908.6331176757812
187,43,1100.2423095703125,917.951171875
187,44,1142.1649169921875,927.4238891601562
187,45,792.9073486328125,881.8041381835938
187,46,834.3253784179688,894.0803833007812
187,47,876.5205078125,906.0880126953125
187,48,919.1282958984375,917.8654174804688
187,49,962.4068603515625,928.9185180664062
187,50,1005.7811889648438,939.981201171875
187,51,1048.739990234375,949.869873046875
187,52,1091.8402099609375,959.8010864257812
187,53,1134.084716796875,968.655029296875
187,54,780.0465087890625,922.123779296875
187,55,821.39404296875,934.6681518554688
187,56,864.3025512695312,947.3119506835938
187,57,907.6386108398438,959.5482177734375
187,58,951.6253051757812,971.0958862304688
187,59,995.2578125,982.0328369140625
187,60,1039.0264892578125,992.4252319335938
187,61,1082.5902099609375,1001.7039794921875
187,62,1125.658447265625,1011.0613403320312
188,0,686.501953125,727.2244873046875
188,1,726.3707275390625,735.3204345703125
188,2,767.3230590820312,743.74072265625
188,3,808.9608154296875,751.2868041992188
188,4,851.8961791992188,759.7587890625
188,5,894.8861694335938,767.284912109375
188,6,938.2166137695312,774.9977416992188
188,7,981.6765747070312,782.4971923828125
188,8,1024.9520263671875,789.6962890625
188,9,673.9478759765625,764.31494140625
188,10,714.4130249023438,773.1585083007812
188,11,756.2713012695312,781.4907836914062
188,12,798.833251953125,789.9635009765625
188,13,842.6084594726562,797.8548583984375
188,14,886.9161987304688,805.8447265625
188,15,931.26611328125,813.7955932617188
188,16,976.0476684570312,821.8062133789062
188,17,1020.5087280273438,828.7767333984375
188,18,661.1688232421875,803.2930297851562
188,19,702.4234008789062,812.2439575195312
188,20,744.8587036132812,820.9318237304688
188,21,788.4513549804688,829.7476806640625
188,22,833.3298950195312,838.6596069335938
188,23,878.4696655273438,847.0151977539062
188,24,924.2474365234375,854.8939819335938
188,25,969.9962768554688,862.359375
188,26,1015.628173828125,869.9862060546875
188,27,647.6146240234375,842.4200439453125
188,28,689.8497924804688,852.4246215820312
188,29,733.1546020507812,861.7942504882812
188,30,777.7420654296875,871.1177368164062
188,31,823.724365234375,880.3794555664062
188,32,870.1609497070312,889.50390625
188,33,916.6812133789062,897.423095703125
188,34,964.0499267578125,905.3030395507812
188,35,1010.954833984375,912.0853881835938
188,36,633.434814453125,882.7028198242188
188,37,676.6309204101562,893.8501586914062
188,38,721.2000122070312,904.3954467773438
188,39,766.698486328125,913.9502563476562
188,40,813.9656372070312,923.9951171875
188,41,861.1163330078125,932.9733276367188
188,42,909.3251342773438,941.6370239257812
188,43,957.3093872070312,949.10400390625
188,44,1005.776123046875,956.6422119140625
188,45,619.2388305664062,924.2520141601562
188,46,663.5604248046875,936.4855346679688
188,47,709.0262451171875,947.8544311523438
188,48,755.9214477539062,958.44287109375
188,49,803.7255249023438,968.7333984375
188,50,852.3795166015625,978.3383178710938
188,51,901.2394409179688,986.8651123046875
188,52,950.9439697265625,995.0526123046875
188,53,1000.2271118164062,1001.9555053710938
188,54,605.568359375,968.1405639648438
188,55,650.2250366210938,980.2019653320312
188,56,696.4036865234375,992.4359741210938
188,57,744.5140991210938,1003.8717651367188
188,58,793.5790405273438,1014.8370971679688
188,59,843.0650024414062,1024.5489501953125
188,60,893.5116577148438,1033.8297119140625
188,61,943.9209594726562,1041.76416015625
188,62,994.6910400390625,1049.20263671875
189,0,787.9924926757812,230.13970947265625
189,1,821.486572265625,261.1076965332031
189,2,854.40576171875,290.9620666503906
189,3,886.0220336914062,320.5220642089844
189,4,916.646240234375,348.5997314453125
189,5,945.9888305664062,374.9372863769531
189,6,973.8214721679688,400.19158935546875
189,7,1000.47119140625,424.2391357421875
189,8,1025.343994140625,446.9006042480469
189,9,758.7633056640625,254.82057189941406
189,10,792.17333984375,283.5367126464844
189,11,824.7149658203125,311.3004455566406
189,12,856.0820922851562,338.8942565917969
189,13,886.2413330078125,366.0008239746094
189,14,915.2318115234375,391.6451110839844
189,15,943.1102905273438,415.76165771484375
189,16,969.7257080078125,438.35076904296875
189,17,995.0032958984375,460.304443359375
189,18,732.887939453125,276.18048095703125
189,19,765.591796875,303.10504150390625
189,20,797.3933715820312,330.0413818359375
189,21,828.0156860351562,356.28643798828125
189,22,858.0471801757812,381.5711669921875
189,23,886.6834716796875,406.1314392089844
189,24,914.1166381835938,429.98370361328125
189,25,940.560546875,452.3591613769531
189,26,965.9583129882812,473.3751525878906
189,27,709.6290893554688,295.56842041015625
189,28,741.2667236328125,321.7709045410156
189,29,772.0409545898438,347.9353942871094
189,30,802.1654052734375,373.1122131347656
189,31,831.7191162109375,397.30267333984375
189,32,859.9107055664062,420.628662109375
189,33,887.08740234375,443.19781494140625
189,34,913.315673828125,465.0279235839844
189,35,938.35302734375,485.93310546875
189,36,687.3712158203125,314.87615966796875
189,37,718.2076416015625,339.927734375
189,38,748.5625610351562,364.6650695800781
189,39,777.5855102539062,389.0057373046875
189,40,806.639404296875,412.7390441894531
189,41,834.5123291015625,435.1184387207031
189,42,861.1818237304688,456.793701171875
189,43,887.6527709960938,477.8041076660156
189,44,912.504150390625,497.4014892578125
189,45,667.2095947265625,332.72332763671875
189,46,697.2775268554688,356.67523193359375
189,47,726.9530029296875,379.9814453125
189,48,755.427490234375,403.3800354003906
189,49,783.40966796875,426.2015380859375
189,50,811.0106811523438,447.8111267089844
189,51,836.5960083007812,468.9018859863281
189,52,863.0592651367188,488.95745849609375
189,53,887.4022216796875,507.81280517578125
189,54,648.3778076171875,349.8572082519531
189,55,677.4417114257812,372.91522216796875
189,56,706.2085571289062,395.7000427246094
189,57,734.5875244140625,417.02142333984375
189,58,762.2388916015625,438.984375
189,59,788.4072265625,460.4071960449219
189,60,814.9174194335938,480.17608642578125
189,61,840.2047119140625,499.86181640625
189,62,864.76171875,518.1815185546875
190,0,615.825927734375,693.9963989257812
190,1,656.0977783203125,699.3173217773438
190,2,698.1572265625,705.2365112304688
190,3,741.2665405273438,710.1270141601562
190,4,786.2470092773438,715.779541015625
190,5,831.8961181640625,720.5747680664062
190,6,878.4169311523438,725.5723266601562
190,7,925.8217163085938,730.6419677734375
190,8,973.3223266601562,735.7363891601562
190,9,602.0821533203125,731.8919067382812
190,10,643.0813598632812,737.8892822265625
190,11,685.8758544921875,743.6658935546875
190,12,730.0656127929688,749.4801635742188
190,13,776.065673828125,754.6798095703125
190,14,823.0252685546875,759.987060546875
190,15,870.9893798828125,765.2500610351562
190,16,920.21875,771.3648071289062
190,17,969.2446899414062,776.3005981445312
190,18,588.2012329101562,771.7911987304688
190,19,629.8585205078125,778.1653442382812
190,20,673.2755126953125,784.5511474609375
190,21,718.6326293945312,790.80712890625
190,22,765.959716796875,797.0590209960938
190,23,814.0319213867188,803.009521484375
190,24,863.5888061523438,808.513427734375
190,25,913.9270629882812,813.70068359375
190,26,964.837890625,819.5333862304688
190,27,572.9529418945312,811.9532470703125
190,28,615.699462890625,819.8368530273438
190,29,660.19287109375,826.9532470703125
190,30,706.582763671875,834.0210571289062
190,31,755.0659790039062,840.9191284179688
190,32,804.8738403320312,847.758056640625
190,33,855.742919921875,853.570556640625
190,34,907.8120727539062,859.5372314453125
190,35,960.062255859375,864.5731811523438
190,36,556.9268188476562,853.5841674804688
190,37,600.6353149414062,862.3648681640625
190,38,646.673583984375,871.5386962890625
190,39,694.1339721679688,879.0604248046875
190,40,743.9844970703125,887.1236572265625
190,41,794.915771484375,894.3837280273438
190,42,847.5643310546875,901.415283203125
190,43,900.8529052734375,907.1319580078125
190,44,955.31494140625,913.208251953125
190,45,541.1749877929688,897.1923828125
190,46,586.2303466796875,907.6009521484375
190,47,633.0311279296875,917.6146850585938
190,48,681.8572998046875,926.65234375
190,49,732.7196044921875,935.2177734375
190,50,785.4387817382812,943.7855224609375
190,51,839.078369140625,950.8756103515625
190,52,894.283447265625,957.8333740234375
190,53,950.00439453125,963.3741455078125
190,54,525.887451171875,943.5242919921875
190,55,570.9232788085938,954.3269653320312
190,56,619.01416015625,965.1458129882812
190,57,669.1495971679688,975.8843383789062
190,58,721.5214233398438,985.67822265625
190,59,775.039306640625,994.2064819335938
190,60,830.5773315429688,1002.8875732421875
190,61,887.2490844726562,1009.8019409179688
190,62,944.7639770507812,1016.3291625976562
191,0,808.6192016601562,290.77862548828125
191,1,844.8644409179688,318.9649353027344
191,2,879.9774780273438,346.7271728515625
191,3,913.813720703125,374.20111083984375
191,4,946.6112060546875,399.8333435058594
191,5,978.081298828125,423.9368896484375
191,6,1007.7867431640625,446.908447265625
191,7,1036.2760009765625,468.76568603515625
191,8,1062.924560546875,489.4053039550781
191,9,781.4701538085938,317.3724365234375
191,10,817.0501708984375,343.67926025390625
191,11,851.9739990234375,369.1749572753906
191,12,885.3506469726562,394.34417724609375
191,13,917.806396484375,419.0544128417969
191,14,948.6231689453125,442.38134765625
191,15,978.3917236328125,464.2178039550781
191,16,1006.6196899414062,484.7407531738281
191,17,1033.469482421875,504.5687255859375
191,18,757.3803100585938,340.45819091796875
191,19,792.1741943359375,364.9752197265625
191,20,826.0948486328125,389.4954528808594
191,21,858.7586669921875,413.2109069824219
191,22,890.7371215820312,436.3106384277344
191,23,921.017822265625,458.39111328125
191,24,950.4396362304688,480.16064453125
191,25,978.5384521484375,500.5721740722656
191,26,1005.49658203125,519.2310791015625
191,27,735.7976684570312,360.8332214355469
191,28,769.4428100585938,384.7716979980469
191,29,802.1929321289062,408.3692626953125
191,30,834.2197875976562,431.2101745605469
191,31,865.611572265625,453.16790771484375
191,32,895.5355834960938,474.3702087402344
191,33,924.5208740234375,494.7281494140625
191,34,952.410888671875,514.5269165039062
191,35,977.8692016601562,533.23583984375
191,36,715.3056030273438,380.8996276855469
191,37,748.0481567382812,403.7333984375
191,38,780.1583251953125,426.06768798828125
191,39,811.0264282226562,448.3108215332031
191,40,841.8563232421875,469.7980651855469
191,41,871.26513671875,490.0450439453125
191,42,899.776123046875,509.5972595214844
191,43,927.8676147460938,528.5319213867188
191,44,953.553466796875,546.2083129882812
191,45,696.7219848632812,399.3846435546875
191,46,728.4932250976562,421.1119384765625
191,47,759.9129638671875,442.3338928222656
191,48,790.1631469726562,463.5463562011719
191,49,819.7235107421875,484.4006652832031
191,50,848.863037109375,503.6796569824219
191,51,877.131591796875,522.7530517578125
191,52,903.9500732421875,540.8516235351562
191,53,930.6620483398438,558.0753173828125
191,54,679.3772583007812,417.04608154296875
191,55,710.2051391601562,438.15802001953125
191,56,740.6056518554688,458.6518859863281
191,57,770.5447998046875,478.1214904785156
191,58,799.65380859375,497.8194885253906
191,59,827.3549194335938,516.9598999023438
191,60,855.1530151367188,535.0762329101562
191,61,881.636962890625,552.5090942382812
191,62,907.7116088867188,569.2693481445312
192,0,674.5601806640625,759.7192993164062
192,1,713.060302734375,764.8160400390625
192,2,752.0953369140625,770.0153198242188
192,3,791.895751953125,774.26513671875
192,4,832.3035888671875,779.202392578125
192,5,872.4752807617188,783.2405395507812
192,6,912.8090209960938,787.272216796875
192,7,952.9397583007812,791.0442504882812
192,8,992.7781982421875,795.128173828125
192,9,665.929931640625,793.4144897460938
192,10,705.444091796875,798.8666381835938
192,11,745.6544799804688,803.6392822265625
192,12,786.3069458007812,808.4276733398438
192,13,827.7380981445312,812.3497314453125
192,14,869.4979858398438,816.7678833007812
192,15,910.81396484375,820.83203125
192,16,952.1637573242188,825.2086791992188
192,17,993.0665893554688,828.5629272460938
192,18,657.2612915039062,828.9563598632812
192,19,697.6111450195312,834.1696166992188
192,20,738.7615356445312,839.1729125976562
192,21,780.5628662109375,843.70703125
192,22,823.4578857421875,848.7793579101562
192,23,866.0320434570312,852.93798828125
192,24,908.7869873046875,856.841552734375
192,25,951.2794799804688,860.4413452148438
192,26,993.4722900390625,864.302734375
192,27,647.9010009765625,864.8638916015625
192,28,689.4716796875,870.8095703125
192,29,731.7449340820312,875.89501953125
192,30,774.9284057617188,881.2164306640625
192,31,818.7442016601562,886.0200805664062
192,32,862.8333740234375,890.74365234375
192,33,906.6931762695312,894.6141357421875
192,34,950.802001953125,898.1679077148438
192,35,993.9628295898438,901.2083129882812
192,36,638.2567749023438,901.6844482421875
192,37,680.9581298828125,908.6309814453125
192,38,724.5728759765625,915.0733032226562
192,39,769.1128540039062,920.1326904296875
192,40,814.1917724609375,925.4683837890625
192,41,859.30322265625,929.9179077148438
192,42,904.7467651367188,934.1351318359375
192,43,949.7605590820312,937.5022583007812
192,44,994.735107421875,940.4144287109375
192,45,628.4971923828125,940.6815795898438
192,46,672.6071166992188,948.1867065429688
192,47,717.4340209960938,954.8173217773438
192,48,763.2310180664062,960.9179077148438
192,49,809.5025634765625,966.2446899414062
192,50,856.1637573242188,971.1824340820312
192,51,902.5044555664062,974.8768920898438
192,52,949.3078002929688,978.407470703125
192,53,994.8359375,980.7308959960938
192,54,618.8947143554688,981.6868896484375
192,55,663.9050903320312,989.02392578125
192,56,710.139404296875,996.096923828125
192,57,757.0997314453125,1002.710693359375
192,58,805.0557861328125,1008.6766357421875
192,59,852.7523803710938,1013.01025390625
192,60,900.7755737304688,1017.3759765625
192,61,948.5931396484375,1020.1098022460938
192,62,996.1884155273438,1022.372314453125
193,0,780.9345703125,197.8617706298828
193,1,816.1954345703125,227.0645751953125
193,2,850.7328491210938,255.47047424316406
193,3,883.984375,283.8163146972656
193,4,916.179931640625,310.6365051269531
193,5,947.1265258789062,336.1073913574219
193,6,976.4151000976562,360.5812683105469
193,7,1004.6218872070312,384.0133056640625
193,8,1030.6568603515625,406.23358154296875
193,9,752.9393310546875,225.10951232910156
193,10,787.9487915039062,252.25108337402344
193,11,822.06201171875,278.7182922363281
193,12,854.855224609375,304.9153137207031
193,13,886.776123046875,330.930419921875
193,14,917.0645141601562,355.603759765625
193,15,946.5277099609375,378.9277648925781
193,16,974.4060668945312,400.8684387207031
193,17,1000.815673828125,422.0709533691406
193,18,728.0634765625,249.03131103515625
193,19,762.31591796875,274.5390625
193,20,795.5363159179688,300.0107421875
193,21,827.5692138671875,324.9807434082031
193,22,859.0631103515625,349.1891784667969
193,23,889.1696166992188,372.76800537109375
193,24,918.0598754882812,395.8043212890625
193,25,946.0987548828125,417.7489318847656
193,26,972.4666137695312,437.79913330078125
193,27,705.6597290039062,271.02972412109375
193,28,738.6699829101562,295.8338623046875
193,29,770.7852783203125,320.3941345214844
193,30,802.30517578125,344.366455078125
193,31,833.258056640625,367.63055419921875
193,32,862.8643188476562,389.9447326660156
193,33,891.5614624023438,411.8076477050781
193,34,919.0670776367188,432.6164855957031
193,35,945.1531982421875,452.71697998046875
193,36,684.197509765625,292.704345703125
193,37,716.5518798828125,316.3812561035156
193,38,747.9786376953125,339.6086120605469
193,39,778.5559692382812,362.79705810546875
193,40,808.8223266601562,385.3190002441406
193,41,838.016357421875,406.91448974609375
193,42,866.2008056640625,427.6269836425781
193,43,893.72265625,447.8406982421875
193,44,919.6741943359375,466.7904052734375
193,45,664.7604370117188,312.8549499511719
193,46,696.0938720703125,335.2713623046875
193,47,726.983642578125,357.3918762207031
193,48,756.9207153320312,379.6393127441406
193,49,786.1561889648438,401.31878662109375
193,50,815.030517578125,421.9029541015625
193,51,842.7005004882812,442.1040344238281
193,52,869.7937622070312,461.2722473144531
193,53,895.46826171875,479.7210998535156
193,54,646.5584106445312,332.2185974121094
193,55,676.8549194335938,354.01318359375
193,56,706.9693603515625,375.2861328125
193,57,736.760009765625,395.7915954589844
193,58,765.475830078125,416.33624267578125
193,59,793.1331176757812,436.8535461425781
193,60,820.6273803710938,455.764404296875
193,61,846.4808349609375,474.29583740234375
193,62,872.733642578125,492.01123046875
194,0,793.8374633789062,776.807861328125
194,1,831.1370239257812,778.1974487304688
194,2,869.8619995117188,780.234375
194,3,909.6452026367188,781.1100463867188
194,4,951.0048828125,782.672119140625
194,5,992.3680419921875,783.1405639648438
194,6,1034.7213134765625,783.3690185546875
194,7,1077.8321533203125,783.8947143554688
194,8,1121.0576171875,784.14501953125
194,9,782.5870361328125,807.5293579101562
194,10,820.7860717773438,809.4645385742188
194,11,860.33154296875,811.1177368164062
194,12,901.2937622070312,812.9003295898438
194,13,943.4551391601562,813.4407348632812
194,14,986.9346313476562,813.8187255859375
194,15,1030.4254150390625,814.7763061523438
194,16,1075.204833984375,815.9338989257812
194,17,1120.043701171875,816.196533203125
194,18,770.4571533203125,839.56689453125
194,19,809.73046875,841.8369140625
194,20,850.3546752929688,843.9904174804688
194,21,892.3464965820312,845.8724975585938
194,22,936.2149047851562,847.5200805664062
194,23,980.7802124023438,848.779296875
194,24,1025.9287109375,849.067138671875
194,25,1072.062255859375,849.2240600585938
194,26,1119.095458984375,850.6317138671875
194,27,757.2764892578125,872.2504272460938
194,28,797.3836669921875,875.080322265625
194,29,839.031982421875,877.240966796875
194,30,882.3810424804688,879.9346923828125
194,31,927.80078125,882.3614501953125
194,32,974.0740356445312,884.2752685546875
194,33,1020.9127197265625,885.276611328125
194,34,1069.3436279296875,886.2097778320312
194,35,1117.4798583984375,886.5369262695312
194,36,742.3447265625,905.0223999023438
194,37,783.285400390625,908.6554565429688
194,38,826.7977905273438,912.2599487304688
194,39,871.6483154296875,915.3804931640625
194,40,918.639892578125,918.7612915039062
194,41,966.174560546875,921.247802734375
194,42,1015.58251953125,923.5155029296875
194,43,1065.259521484375,924.8438720703125
194,44,1116.143798828125,926.3629760742188
194,45,726.621826171875,940.0408935546875
194,46,769.463623046875,945.2980346679688
194,47,814.359619140625,950.4696044921875
194,48,860.7108764648438,955.1201171875
194,49,909.1610717773438,959.1232299804688
194,50,959.0211791992188,962.922607421875
194,51,1009.4525146484375,965.142333984375
194,52,1061.904296875,967.7632446289062
194,53,1113.9990234375,968.8516235351562
194,54,711.904541015625,978.4716796875
194,55,754.8333740234375,984.552001953125
194,56,801.0609130859375,990.96044921875
194,57,849.114013671875,996.9891357421875
194,58,899.2453002929688,1002.2233276367188
194,59,950.3543090820312,1005.9317626953125
194,60,1003.412353515625,1009.9942626953125
194,61,1057.172607421875,1012.3832397460938
194,62,1111.7296142578125,1014.179443359375
195,0,782.5166625976562,204.78163146972656
195,1,817.1469116210938,234.76756286621094
195,2,850.9308471679688,263.8215026855469
195,3,883.4612426757812,292.6910095214844
195,4,915.125,319.99713134765625
195,5,945.472412109375,345.96246337890625
195,6,974.0791015625,370.79443359375
195,7,1001.5780639648438,394.411376953125
195,8,1027.329833984375,417.038330078125
195,9,753.9825439453125,230.96987915039062
195,10,788.3341674804688,258.7806091308594
195,11,821.9153442382812,285.8875732421875
195,12,854.0247192382812,312.6621398925781
195,13,885.17431640625,339.0783386230469
195,14,915.0748901367188,364.23944091796875
195,15,943.6986694335938,387.9584655761719
195,16,971.2437133789062,410.2830810546875
195,17,997.1552734375,431.74658203125
195,18,728.760986328125,253.9783935546875
195,19,762.3821411132812,280.04931640625
195,20,794.9546508789062,306.1401672363281
195,21,826.5388793945312,331.686767578125
195,22,857.3058471679688,356.33917236328125
195,23,886.8782958984375,380.3877868652344
195,24,915.059814453125,403.7786865234375
195,25,942.1445922851562,425.94659423828125
195,26,968.4244995117188,446.40948486328125
195,27,705.857421875,274.894287109375
195,28,738.3444213867188,300.2691650390625
195,29,769.9622192382812,325.45074462890625
195,30,800.8788452148438,350.0442199707031
195,31,831.2371215820312,373.7300720214844
195,32,860.298828125,396.4479675292969
195,33,888.3014526367188,418.6327819824219
195,34,915.451171875,440.000244140625
195,35,941.1047973632812,460.30657958984375
195,36,684.0795288085938,295.54852294921875
195,37,715.7578125,319.8433532714844
195,38,746.8096313476562,343.8013916015625
195,39,776.8182373046875,367.38214111328125
195,40,806.3641357421875,390.4147644042969
195,41,835.193115234375,412.3663330078125
195,42,862.7680053710938,433.4818115234375
195,43,889.9281005859375,454.16259765625
195,44,915.1597900390625,473.44232177734375
195,45,664.2581787109375,314.8343505859375
195,46,695.075439453125,337.98876953125
195,47,725.5413818359375,360.5584411621094
195,48,754.9105834960938,383.30010986328125
195,49,783.6804809570312,405.4425964355469
195,50,811.96337890625,426.3866271972656
195,51,838.950439453125,446.9919128417969
195,52,865.6812133789062,466.7315368652344
195,53,890.7946166992188,485.0247802734375
195,54,645.8477783203125,333.2821960449219
195,55,675.6919555664062,355.73370361328125
195,56,705.1790771484375,377.6020812988281
195,57,734.4929809570312,398.4703369140625
195,58,762.6764526367188,419.5075378417969
195,59,789.78271484375,440.3732604980469
195,60,816.7781982421875,459.7793884277344
195,61,842.8906860351562,478.7569274902344
195,62,868.0924072265625,496.8716125488281
196,0,885.054443359375,805.8802490234375
196,1,912.881103515625,820.7088012695312
196,2,941.1864624023438,835.8236694335938
196,3,970.175537109375,850.3328247070312
196,4,999.8892211914062,865.26806640625
196,5,1029.759033203125,879.7100219726562
196,6,1059.796630859375,894.0880737304688
196,7,1090.092041015625,908.1846313476562
196,8,1120.755615234375,921.7825317382812
196,9,868.3556518554688,826.6861572265625
196,10,896.8342895507812,842.3350219726562
196,11,925.8695068359375,857.7167358398438
196,12,955.4153442382812,872.5762329101562
196,13,985.9515380859375,887.2158813476562
196,14,1016.5364379882812,901.96728515625
196,15,1047.2252197265625,916.9727172851562
196,16,1078.3438720703125,932.0936279296875
196,17,1109.7037353515625,946.4376831054688
196,18,850.9108276367188,849.1305541992188
196,19,879.999755859375,864.7288818359375
196,20,909.6788330078125,879.9676513671875
196,21,939.9974975585938,895.257080078125
196,22,971.0279541015625,910.9260864257812
196,23,1002.3213500976562,926.24755859375
196,24,1034.1270751953125,941.4368286132812
196,25,1066.001953125,956.7330322265625
196,26,1098.00048828125,972.1178588867188
196,27,832.863525390625,871.3468627929688
196,28,862.4232788085938,887.0988159179688
196,29,892.7096557617188,902.9058227539062
196,30,923.71240234375,918.9099731445312
196,31,955.3973388671875,935.1448364257812
196,32,987.4561767578125,951.2182006835938
196,33,1019.9907836914062,967.0625610351562
196,34,1052.888427734375,982.8223266601562
196,35,1085.823974609375,998.2037353515625
196,36,814.027587890625,893.3631591796875
196,37,844.1321411132812,910.3038940429688
196,38,874.9339599609375,927.1729125976562
196,39,906.5427856445312,943.6420288085938
196,40,939.0484619140625,960.3331298828125
196,41,971.9505004882812,976.8984985351562
196,42,1005.198486328125,993.7093505859375
196,43,1038.93359375,1009.9259033203125
196,44,1072.8255615234375,1026.0155029296875
196,45,794.5231323242188,916.2072143554688
196,46,824.8967895507812,934.2396240234375
196,47,856.371826171875,952.0103149414062
196,48,888.7282104492188,969.472900390625
196,49,921.8309936523438,986.8712158203125
196,50,955.3763427734375,1004.4447631835938
196,51,989.438720703125,1021.3674926757812
196,52,1024.12646484375,1038.49658203125
196,53,1058.75830078125,1055.1422119140625
196,54,774.2080078125,939.3538818359375
196,55,804.9345703125,957.9710693359375
196,56,837.0655517578125,976.6688842773438
196,57,869.9297485351562,995.8312377929688
196,58,903.7913818359375,1014.2484741210938
196,59,938.257080078125,1032.1807861328125
196,60,973.0809326171875,1050.2056884765625
196,61,1008.5712280273438,1067.923095703125
196,62,1044.3385009765625,1084.68310546875
197,0,852.10107421875,702.763671875
197,1,890.460693359375,714.6965942382812
197,2,929.4983520507812,726.6198120117188
197,3,969.135986328125,738.1110229492188
197,4,1009.3117065429688,750.1588745117188
197,5,1049.5897216796875,761.7115478515625
197,6,1089.7027587890625,772.7881469726562
197,7,1129.6221923828125,784.072265625
197,8,1169.0618896484375,795.0366821289062
197,9,838.0050659179688,739.046630859375
197,10,876.9071044921875,751.2490844726562
197,11,916.692138671875,763.1570434570312
197,12,956.9684448242188,775.2444458007812
197,13,998.0281372070312,786.9155883789062
197,14,1039.1795654296875,798.6051635742188
197,15,1080.0865478515625,809.9745483398438
197,16,1120.7821044921875,821.9406127929688
197,17,1161.22021484375,832.9447631835938
197,18,823.47900390625,775.925537109375
197,19,862.8904418945312,788.3845825195312
197,20,903.4281005859375,801.0357055664062
197,21,944.3778076171875,813.4447021484375
197,22,986.04541015625,825.9091796875
197,23,1027.927001953125,837.9462280273438
197,24,1069.9210205078125,849.429931640625
197,25,1111.5599365234375,860.47900390625
197,26,1152.7412109375,872.0526733398438
197,27,808.4784545898438,813.6015014648438
197,28,848.6647338867188,826.60693359375
197,29,889.68115234375,839.4105834960938
197,30,931.2493896484375,852.2959594726562
197,31,973.9752807617188,865.067138671875
197,32,1016.3799438476562,877.7371215820312
197,33,1059.124755859375,889.6217651367188
197,34,1102.0167236328125,901.0776977539062
197,35,1144.109375,911.8668823242188
197,36,792.5322265625,851.26806640625
197,37,833.2950439453125,864.9913940429688
197,38,875.119384765625,878.67822265625
197,39,917.6995239257812,891.74072265625
197,40,961.3548583984375,905.170654296875
197,41,1004.575439453125,918.0718383789062
197,42,1048.4212646484375,930.5339965820312
197,43,1091.724853515625,942.025390625
197,44,1134.8765869140625,953.7277221679688
197,45,776.5269775390625,889.9105834960938
197,46,818.0198974609375,904.5977783203125
197,47,860.6272583007812,919.2719116210938
197,48,903.9030151367188,933.239990234375
197,49,948.0018310546875,946.8909912109375
197,50,992.2471313476562,960.3504028320312
197,51,1036.3634033203125,972.5411376953125
197,52,1080.7711181640625,984.8366088867188
197,53,1124.417236328125,995.891357421875
197,54,760.5266723632812,930.4598999023438
197,55,802.4412231445312,945.5811767578125
197,56,845.7057495117188,960.8554077148438
197,57,889.7128295898438,975.3326416015625
197,58,934.3424072265625,989.8330078125
197,59,979.2044067382812,1003.0110473632812
197,60,1024.09814453125,1016.0974731445312
197,61,1069.127197265625,1028.0888671875
197,62,1113.701416015625,1039.4573974609375
198,2,879.300537109375,887.3446655273438
198,3,908.8399658203125,896.9129028320312
198,4,939.312255859375,906.794189453125
198,5,969.7301635742188,916.04541015625
198,6,1001.3678588867188,924.988525390625
198,7,1032.133056640625,934.035400390625
198,8,1065.4710693359375,942.2442016601562
198,9,807.7042236328125,882.5657958984375
198,10,836.6718139648438,893.3682250976562
198,11,866.783935546875,903.4550170898438
198,12,896.6079711914062,913.3128051757812
198,13,927.7814331054688,922.923095703125
198,14,959.7279052734375,932.1257934570312
198,15,992.0369262695312,942.0051879882812
198,16,1024.846435546875,951.9089965820312
198,18,792.5333862304688,899.7592163085938
198,19,821.91357421875,910.4172973632812
198,20,852.4563598632812,920.2192993164062
198,21,883.53125,930.2969970703125
198,22,915.96630859375,940.6869506835938
198,23,948.2007446289062,950.7738647460938
198,24,982.0155639648438,960.3240966796875
198,25,1015.867431640625,970.4234619140625
198,27,776.0403442382812,916.34716796875
198,28,806.5482177734375,926.8846435546875
198,29,837.9456176757812,937.381591796875
198,30,869.932861328125,948.16162109375
198,31,902.910400390625,958.9278564453125
198,32,936.8349609375,969.9292602539062
198,33,971.06494140625,980.2894897460938
198,34,1006.3544311523438,990.5654296875
198,35,1041.864990234375,1000.6228637695312
198,36,759.0818481445312,932.1401977539062
198,37,790.1026000976562,944.119873046875
198,38,822.072998046875,955.8651733398438
198,39,854.9918823242188,966.8975830078125
198,40,889.2606201171875,978.2925415039062
198,41,924.0050048828125,989.5225830078125
198,42,959.6746215820312,1000.8042602539062
198,43,995.8973388671875,1011.3656005859375
198,44,1032.681640625,1022.475830078125
198,45,740.6728515625,949.0338134765625
198,46,772.7628784179688,962.0196533203125
198,47,805.3424682617188,974.8472290039062
198,48,839.3362426757812,987.04248046875
198,49,874.3743896484375,999.3543090820312
198,50,910.3779296875,1011.5126953125
198,51,947.19287109375,1023.1951904296875
198,52,984.9724731445312,1034.9287109375
198,53,1022.9572143554688,1046.314697265625
198,55,754.1552124023438,979.6014404296875
198,56,787.8941040039062,993.2361450195312
198,57,822.7738037109375,1007.635009765625
198,58,858.826904296875,1021.0680541992188
198,59,895.9872436523438,1033.491455078125
198,60,933.7818603515625,1046.5628662109375
198,61,972.8402709960938,1058.9434814453125
198,62,1012.5779418945312,1070.52783203125
199,0,897.0338134765625,483.1316833496094
199,1,936.0330810546875,507.1828918457031
199,2,973.9352416992188,529.5425415039062
199,3,1010.0106811523438,551.4730834960938
199,4,1044.5887451171875,572.01806640625
199,5,1077.223388671875,590.99462890625
199,6,1108.0274658203125,608.994873046875
199,7,1137.292724609375,625.6983642578125
199,8,1164.590087890625,641.4502563476562
199,9,871.2522583007812,511.8848571777344
199,10,909.6695556640625,533.490478515625
199,11,946.8567504882812,554.0611572265625
199,12,982.255859375,574.4140014648438
199,13,1016.6831665039062,594.4347534179688
199,14,1048.89599609375,613.01025390625
199,15,1079.7706298828125,630.185546875
199,16,1108.6357421875,645.6277465820312
199,17,1136.4261474609375,660.5039672851562
199,18,847.7140502929688,536.220703125
199,19,885.0711059570312,556.2959594726562
199,20,921.4496459960938,576.5948486328125
199,21,956.2978515625,596.1216430664062
199,22,989.88818359375,614.5422973632812
199,23,1022.077392578125,632.1008911132812
199,24,1052.527587890625,649.2896728515625
199,25,1082.043212890625,664.975341796875
199,26,1109.272216796875,678.973876953125
199,27,826.1155395507812,558.2891235351562
199,28,862.6712646484375,578.4463500976562
199,29,897.7982177734375,597.7885131835938
199,30,931.9281005859375,616.5590209960938
199,31,964.963623046875,634.1963500976562
199,32,996.6666259765625,650.8963012695312
199,33,1026.856201171875,666.9515991210938
199,34,1055.98095703125,682.14306640625
199,35,1083.7724609375,696.3330078125
199,36,805.6604614257812,580.3134155273438
199,39,909.0750732421875,636.1719970703125
199,40,941.4520263671875,653.1998291015625
199,41,972.6435546875,669.2161865234375
199,42,1002.3786010742188,684.5330810546875
199,43,1031.836669921875,699.1162109375
199,44,1058.634033203125,712.4813842773438
199,45,787.1383056640625,600.61572265625
199,48,887.9415283203125,653.3903198242188
199,49,919.6463623046875,670.1538696289062
199,50,950.1766357421875,685.36669921875
199,51,979.9902954101562,700.6611328125
199,52,1008.1370849609375,714.3545532226562
199,53,1035.7418212890625,727.3134155273438
199,54,769.7488403320312,619.6573486328125
199,55,803.12060546875,637.2549438476562
199,56,835.881591796875,654.2489013671875
199,57,867.6652221679688,669.9268798828125
199,58,899.0598754882812,685.8741455078125
199,59,929.1968383789062,701.5514526367188
199,60,958.0946655273438,715.1655883789062
199,61,985.827880859375,728.843994140625
199,62,1012.7813720703125,741.1759033203125
200,0,758.7621459960938,455.7399597167969
200,1,795.1709594726562,472.5611877441406
200,2,830.993408203125,489.2724609375
200,3,866.3463134765625,505.73211669921875
200,4,900.8316650390625,522.0018310546875
200,5,934.5318603515625,537.697265625
200,6,966.9302368164062,553.3014526367188
200,7,998.3980102539062,568.387939453125
200,8,1028.9527587890625,583.142578125
200,9,741.75,492.9725646972656
200,10,778.35400390625,509.4690246582031
200,11,814.3993530273438,525.6893310546875
200,12,849.7391967773438,541.688232421875
200,13,884.8656005859375,557.3588256835938
200,14,918.836181640625,573.0010986328125
200,15,951.5962524414062,587.8082275390625
200,16,983.2263793945312,602.435302734375
200,17,1014.2651977539062,616.466796875
200,18,725.0523071289062,530.4880981445312
200,19,761.8052368164062,546.4580078125
200,20,798.2047729492188,562.3157958984375
200,21,833.8347778320312,577.78369140625
200,22,868.9359741210938,593.216552734375
200,23,902.9633178710938,608.1006469726562
200,24,936.4252319335938,622.5858154296875
200,25,968.8640747070312,636.7076416015625
200,26,1000.051025390625,650.1919555664062
200,27,708.89697265625,568.1776733398438
200,28,746.0321655273438,583.9304809570312
200,29,782.5203247070312,599.274658203125
200,30,818.2757568359375,614.3426513671875
200,31,853.6923828125,629.1360473632812
200,32,888.1502075195312,643.6378784179688
200,33,921.6780395507812,657.39599609375
200,34,954.3798217773438,671.09814453125
200,35,985.7797241210938,683.9871826171875
200,36,693.3394165039062,606.310302734375
200,37,730.391357421875,621.4904174804688
200,38,767.0912475585938,636.5476684570312
200,39,803.2205200195312,651.23046875
200,40,838.9497680664062,665.5444946289062
200,41,873.294921875,679.0619506835938
200,42,907.0181884765625,692.5824584960938
200,43,939.81884765625,705.4669799804688
200,44,971.4163818359375,717.9288330078125
200,45,678.1776123046875,643.815673828125
200,46,715.2962036132812,658.731201171875
200,47,752.0796508789062,673.0106811523438
200,48,788.3875732421875,687.2711181640625
200,49,823.8286743164062,700.944580078125
200,50,858.5034790039062,714.2669677734375
200,51,892.241943359375,726.564208984375
200,52,925.1153564453125,739.2959594726562
200,53,956.8458862304688,750.9066772460938
200,54,663.5364379882812,681.0348510742188
200,55,700.5916137695312,695.434814453125
200,56,737.2698364257812,709.6473999023438
200,57,773.3313598632812,722.9271850585938
200,58,809.1474609375,736.1919555664062
200,59,843.887939453125,748.9749145507812
200,60,877.61376953125,761.0629272460938
200,61,910.457763671875,772.4778442382812
200,62,942.3314819335938,783.7443237304688
201,0,767.9545288085938,374.7532958984375
201,1,807.410400390625,394.4697570800781
201,2,846.2050170898438,413.8681640625
201,3,884.0099487304688,433.00048828125
201,4,920.7364501953125,451.56036376953125
201,5,956.312744140625,470.0856018066406
201,6,990.4584350585938,488.1732177734375
201,7,1023.4174194335938,505.6531066894531
201,8,1054.7352294921875,522.4749755859375
201,9,747.9072265625,410.85052490234375
201,10,786.6888427734375,429.7956848144531
201,11,824.930419921875,448.3292541503906
201,12,862.2593383789062,466.6726989746094
201,13,898.9265747070312,484.9680480957031
201,14,934.2058715820312,502.790283203125
201,15,968.2404174804688,519.4451293945312
201,16,1000.9301147460938,536.1173095703125
201,17,1032.4053955078125,552.3123168945312
201,18,728.7506713867188,446.6286315917969
201,19,767.0138549804688,464.63946533203125
201,20,804.765625,482.591552734375
201,21,841.6165161132812,500.0102844238281
201,22,877.9068603515625,517.1828002929688
201,23,912.7606811523438,533.9769897460938
201,24,946.7857666015625,550.7163696289062
201,25,979.6040649414062,566.6619262695312
201,26,1010.8768920898438,581.8351440429688
201,27,710.529541015625,482.17169189453125
201,28,748.310302734375,499.39300537109375
201,29,785.5093383789062,516.4420166015625
201,30,821.9923706054688,533.0394287109375
201,31,857.8331298828125,549.1809692382812
201,32,892.5081787109375,565.2664794921875
201,33,926.0999145507812,580.878662109375
201,34,958.7496948242188,596.080322265625
201,35,989.9749755859375,610.31005859375
201,36,693.2054443359375,516.97802734375
201,37,730.5106201171875,533.2047119140625
201,38,767.2503662109375,549.3580932617188
201,39,803.1842651367188,565.1915283203125
201,40,838.72705078125,580.8724975585938
201,41,872.9588623046875,595.86083984375
201,42,906.200439453125,610.3968505859375
201,43,938.7086791992188,624.6974487304688
201,44,969.6614379882812,638.0679321289062
201,45,677.5707397460938,548.5902709960938
201,46,714.1069946289062,564.3045654296875
201,47,750.1851196289062,579.8409423828125
201,48,785.455810546875,594.9451293945312
201,49,820.4957885742188,609.4419555664062
201,50,854.3668823242188,623.6132202148438
201,51,887.3014526367188,637.5919799804688
201,52,919.1259765625,650.8584594726562
201,53,949.988525390625,663.3568725585938
201,54,663.1597900390625,577.8423461914062
201,55,698.852294921875,593.2749633789062
201,56,734.0848999023438,608.3831787109375
201,57,768.7705078125,622.2244873046875
201,58,803.2293090820312,636.754638671875
201,59,836.6038818359375,650.503173828125
201,60,868.8147583007812,663.4080810546875
201,61,900.2584228515625,675.8624877929688
201,62,930.87841796875,687.8899536132812
202,0,859.534423828125,414.00103759765625
202,1,907.5352783203125,430.5023498535156
202,2,953.366943359375,445.7962341308594
202,3,996.8831176757812,461.1383056640625
202,4,1037.90185546875,475.24072265625
202,5,1076.354736328125,488.3276672363281
202,6,1112.3172607421875,500.76617431640625
202,7,1145.8934326171875,512.0531005859375
202,8,1176.94287109375,523.1295166015625
202,9,838.2828979492188,454.9450988769531
202,10,885.0841674804688,469.01959228515625
202,11,929.6449584960938,482.1778259277344
202,12,972.3809814453125,495.9421081542969
202,13,1013.10009765625,509.0540771484375
202,14,1051.3359375,521.6689453125
202,15,1087.39501953125,532.7288818359375
202,16,1120.79833984375,542.7617797851562
202,17,1152.2420654296875,552.2844848632812
202,18,818.2285766601562,491.1614990234375
202,19,863.8026733398438,503.7159118652344
202,20,907.4146118164062,516.4878540039062
202,21,949.21435546875,528.5254516601562
202,22,989.3442993164062,540.5088500976562
202,23,1027.061767578125,551.4969482421875
202,24,1063.0235595703125,562.6055297851562
202,25,1096.8179931640625,572.261962890625
202,26,1128.0616455078125,580.9815673828125
202,27,799.9846801757812,524.425537109375
202,28,844.0888671875,536.5038452148438
202,29,886.9943237304688,548.3806762695312
202,30,927.9596557617188,560.0679931640625
202,31,967.1728515625,570.4552001953125
202,32,1004.3607788085938,580.6589965820312
202,33,1039.806640625,590.1049194335938
202,34,1073.5323486328125,599.5068969726562
202,35,1105.085693359375,608.1019897460938
202,36,783.0787353515625,556.5404663085938
202,37,826.0699462890625,567.57958984375
202,38,867.6488037109375,578.6817016601562
202,39,907.6693725585938,589.6102294921875
202,40,946.4801025390625,599.7406616210938
202,41,983.2393188476562,609.0641479492188
202,42,1017.9208984375,617.7434692382812
202,43,1051.461669921875,625.9956665039062
202,44,1082.7030029296875,633.6668090820312
202,45,767.7310180664062,586.0665283203125
202,46,809.382568359375,596.484619140625
202,47,849.7815551757812,606.26220703125
202,48,889.1995239257812,616.2579345703125
202,49,927.2779541015625,625.8485717773438
202,50,962.8381958007812,634.4752807617188
202,51,997.3550415039062,642.8051147460938
202,52,1030.24853515625,650.398681640625
202,53,1061.5693359375,657.0836791992188
202,54,753.6344604492188,614.1410522460938
202,55,794.1433715820312,623.9729614257812
202,56,833.4149169921875,633.3472900390625
202,57,871.4058837890625,641.7747802734375
202,58,908.6400146484375,650.3115844726562
202,59,944.079833984375,659.0310668945312
202,60,977.7685546875,666.227783203125
202,61,1010.2383422851562,673.2389526367188
202,62,1041.050048828125,679.5426025390625
203,0,873.0331420898438,424.02471923828125
203,1,920.4764404296875,440.02972412109375
203,2,965.8235473632812,454.5709533691406
203,3,1008.8001098632812,469.1432189941406
203,4,1049.31591796875,482.7094421386719
203,5,1087.0953369140625,495.0177917480469
203,6,1122.3177490234375,506.8943176269531
203,7,1155.4613037109375,517.2385864257812
203,8,1185.8096923828125,528.0032348632812
203,9,851.419189453125,464.4443664550781
203,10,897.7832641601562,477.8438720703125
203,11,942.0824584960938,490.4275817871094
203,12,984.2025756835938,503.29266357421875
203,13,1024.52880859375,515.95751953125
203,14,1062.139404296875,527.722900390625
203,15,1097.2750244140625,538.1611938476562
203,16,1130.1087646484375,547.6822509765625
203,17,1161.223876953125,556.6009521484375
203,18,831.1257934570312,500.0013732910156
203,19,876.2841186523438,511.4666442871094
203,20,919.545654296875,523.9690551757812
203,21,960.9891967773438,535.39013671875
203,22,1000.4813842773438,546.5770263671875
203,23,1037.8565673828125,556.803466796875
203,24,1073.022216796875,567.4230346679688
203,25,1106.290771484375,576.681640625
203,26,1136.9371337890625,584.6941528320312
203,27,812.668212890625,532.3727416992188
203,28,856.7120361328125,543.9424438476562
203,29,898.8438110351562,555.2450561523438
203,30,939.5469970703125,566.255126953125
203,31,978.2060546875,576.1250610351562
203,32,1014.9089965820312,585.5768432617188
203,33,1049.9298095703125,594.2891845703125
203,34,1083.04931640625,603.1016845703125
203,35,1113.9090576171875,610.971435546875
203,36,795.525634765625,563.9306030273438
203,37,838.1817016601562,574.5880126953125
203,38,879.3563842773438,584.8428955078125
203,39,919.2080078125,595.0338134765625
203,40,957.52197265625,604.6710815429688
203,41,993.6140747070312,613.3568115234375
203,42,1027.974853515625,621.4749145507812
203,43,1060.912109375,629.1199951171875
203,44,1091.360595703125,636.4273071289062
203,45,780.03857421875,592.8775024414062
203,46,821.260009765625,602.5638427734375
203,47,861.654541015625,611.8158569335938
203,48,900.1953735351562,621.2861938476562
203,49,937.6949462890625,630.1150512695312
203,50,973.24169921875,638.2022094726562
203,51,1007.3424682617188,645.91552734375
203,52,1039.718017578125,652.97705078125
203,53,1070.3447265625,659.2172241210938
203,54,765.7355346679688,620.1604614257812
203,55,805.9866943359375,629.3646850585938
203,56,844.9337158203125,638.2764892578125
203,57,882.4988403320312,646.0199584960938
203,58,919.1998291015625,654.17333984375
203,59,954.3555297851562,662.3214111328125
203,60,987.5440063476562,668.9113159179688
203,61,1019.5611572265625,675.282470703125
203,62,1049.9765625,681.2086791992188
204,0,721.8178100585938,816.1317138671875
204,1,757.9114379882812,826.550048828125
204,2,794.7716064453125,836.785400390625
204,3,832.2842407226562,845.915283203125
204,4,870.4739990234375,855.7886352539062
204,5,908.8416748046875,864.5587768554688
204,6,947.1182861328125,873.104248046875
204,7,985.3973999023438,881.6148681640625
204,8,1023.7774658203125,889.2979125976562
204,9,708.8670654296875,832.9533081054688
204,10,746.4790649414062,843.43310546875
204,11,784.8432006835938,853.6033935546875
204,12,824.0697021484375,863.2501831054688
204,13,864.0416870117188,872.37646484375
204,14,904.1669311523438,881.2006225585938
204,15,944.1175537109375,890.4098510742188
204,16,984.2033081054688,899.8952026367188
204,17,1024.182373046875,907.936767578125
204,18,695.2305297851562,850.0990600585938
204,19,734.3277587890625,861.515869140625
204,20,774.3488159179688,871.7099609375
204,21,815.1991577148438,881.6729736328125
204,22,856.962646484375,891.7542724609375
204,23,898.7169189453125,901.1029663085938
204,24,940.9602661132812,910.002685546875
204,25,983.07470703125,918.9351196289062
204,26,1024.735107421875,927.9630737304688
204,27,680.8345947265625,865.4668579101562
204,28,721.2529907226562,878.6019897460938
204,29,762.9948120117188,890.42041015625
204,30,805.6702880859375,901.1289672851562
204,31,849.2221069335938,911.795654296875
204,32,893.0970458984375,922.0499267578125
204,35,1025.359375,948.9952392578125
204,36,664.7536010742188,883.0765991210938
204,37,706.9973754882812,897.201904296875
204,38,750.5136108398438,910.693115234375
204,39,795.1199951171875,921.9138793945312
204,40,841.075439453125,933.2753295898438
204,41,887.0405883789062,943.8988647460938
204,44,1025.8658447265625,972.4329223632812
204,45,647.2803344726562,903.184326171875
204,46,691.5779418945312,917.95361328125
204,49,831.9080200195312,957.6270141601562
204,50,880.3114013671875,969.088134765625
204,51,928.8115844726562,979.3269653320312
204,52,977.8033447265625,989.6019897460938
204,53,1025.9779052734375,998.7708740234375
204,54,628.3845825195312,924.87548828125
204,55,674.4549560546875,939.7887573242188
204,58,822.04931640625,983.5579223632812
204,59,872.9691772460938,994.9982299804688
204,60,924.259033203125,1006.9595947265625
205,0,665.882080078125,758.778564453125
205,1,704.5430908203125,765.0432739257812
205,2,744.1444091796875,771.4569702148438
205,3,784.4100341796875,777.0404052734375
205,4,825.30419921875,783.0592041015625
205,5,866.197265625,788.361328125
205,6,907.2703857421875,793.6176147460938
205,7,948.091064453125,798.8568725585938
205,8,988.730224609375,803.7247314453125
205,9,656.0934448242188,793.8778076171875
205,10,695.8173828125,800.514404296875
205,11,736.1788330078125,806.451904296875
205,12,777.5682373046875,812.671630859375
205,13,819.5220947265625,818.2304077148438
205,14,861.3848266601562,823.6090087890625
205,15,903.70068359375,828.9962768554688
205,16,945.7705078125,834.7333374023438
205,17,987.3408203125,839.1104125976562
205,18,646.2197875976562,830.7290649414062
205,19,686.6826171875,837.4223022460938
205,20,728.1566772460938,843.6143188476562
205,21,770.1853637695312,849.5971069335938
205,22,813.4193115234375,855.9993896484375
205,23,856.53759765625,861.5184326171875
205,24,899.9938354492188,866.9226684570312
205,25,943.3150634765625,871.78857421875
205,26,986.1776733398438,876.8289794921875
205,27,635.7919921875,867.7705688476562
205,28,677.3993530273438,875.2355346679688
205,29,719.7903442382812,881.936767578125
205,30,763.0828247070312,888.5451049804688
205,31,807.224365234375,894.9183349609375
205,32,851.8297119140625,901.0015258789062
205,33,896.0667114257812,906.1008911132812
205,34,940.9082641601562,911.3065185546875
205,35,984.948486328125,915.4951171875
205,36,624.9429321289062,906.101318359375
205,37,667.4937133789062,914.35693359375
205,38,711.1487426757812,922.2816772460938
205,39,755.4326171875,928.6082763671875
205,40,801.46875,935.6259155273438
205,41,846.4774780273438,941.6275024414062
205,42,892.60888671875,947.3394165039062
205,43,938.0967407226562,951.9780883789062
205,44,983.6365966796875,956.5912475585938
205,45,613.9004516601562,946.0845336914062
205,46,658.0748291015625,955.06640625
205,47,702.6084594726562,963.1419067382812
205,48,748.3926391601562,970.98681640625
205,49,794.8594360351562,977.6726684570312
205,50,841.8192138671875,984.171875
205,51,888.3255004882812,989.2501220703125
205,52,935.6549072265625,994.6326904296875
205,53,982.029296875,998.5962524414062
205,54,603.2490234375,987.8035278320312
205,55,647.7699584960938,996.5276489257812
205,56,693.9869995117188,1005.5875244140625
205,57,740.7684326171875,1013.881103515625
205,58,788.830078125,1021.3101196289062
205,59,836.5457763671875,1027.4052734375
205,60,884.90673828125,1033.3790283203125
205,61,932.9322509765625,1037.668701171875
205,62,981.1529541015625,1041.4384765625
206,0,838.68701171875,773.1083984375
206,1,877.446533203125,779.126708984375
206,2,917.3692016601562,785.7507934570312
206,3,957.90380859375,791.260986328125
206,4,999.51611328125,797.48046875
206,5,1041.3529052734375,802.9296875
206,6,1083.197021484375,807.962646484375
206,7,1125.502685546875,813.0422973632812
206,8,1167.6639404296875,818.2493286132812
206,9,827.1339721679688,806.7817993164062
206,10,866.8240356445312,813.4380493164062
206,11,907.7039794921875,819.9791870117188
206,12,949.2115478515625,826.219482421875
206,13,991.9072875976562,831.7196655273438
206,14,1034.9906005859375,837.3434448242188
206,15,1078.301025390625,842.6314086914062
206,16,1122.0250244140625,848.7517700195312
206,17,1165.3388671875,853.72412109375
206,18,815.1104125976562,841.9099731445312
206,19,855.6647338867188,849.0601806640625
206,20,897.2631225585938,855.8847045898438
206,21,940.0277709960938,862.5612182617188
206,22,984.1963500976562,869.0257568359375
206,23,1028.2894287109375,875.0575561523438
206,24,1072.9659423828125,880.2755737304688
206,25,1117.936279296875,885.5731201171875
206,26,1162.7589111328125,891.2142944335938
206,27,802.0795288085938,877.8157958984375
206,28,843.4661254882812,885.3370361328125
206,29,886.197265625,892.6908569335938
206,30,930.21533203125,899.6052856445312
206,31,975.4346923828125,906.8612060546875
206,32,1021.0986328125,913.6082153320312
206,33,1067.0703125,919.4111328125
206,34,1113.801025390625,925.1253051757812
206,35,1159.7667236328125,930.2361450195312
206,36,787.8743286132812,913.7116088867188
206,37,830.2428588867188,921.982666015625
206,38,874.4353637695312,930.3531494140625
206,39,919.5488891601562,938.2384643554688
206,40,966.4952392578125,946.1939697265625
206,41,1012.9735717773438,953.1348266601562
206,42,1061.010986328125,960.4329223632812
206,43,1108.615966796875,966.3478393554688
206,44,1156.531005859375,972.3027954101562
206,45,773.000244140625,951.4365844726562
206,46,816.9027709960938,961.2651977539062
206,47,862.2962036132812,970.9801025390625
206,48,908.866943359375,980.0927124023438
206,49,956.5567626953125,988.5411987304688
206,50,1005.0851440429688,996.7619018554688
206,51,1053.769775390625,1003.6009521484375
206,52,1103.256591796875,1010.438720703125
206,53,1152.06396484375,1015.934326171875
206,54,758.66845703125,992.219482421875
206,55,803.0816040039062,1002.5294799804688
206,56,849.7081298828125,1013.2274780273438
206,57,897.4161376953125,1023.3591918945312
206,58,946.5704956054688,1032.9327392578125
206,59,996.1254272460938,1041.1104736328125
206,60,1046.57666015625,1049.072021484375
206,61,1097.0091552734375,1055.6710205078125
206,62,1147.8026123046875,1061.703857421875
207,0,797.467529296875,860.876708984375
207,1,824.9999389648438,870.362548828125
207,4,912.9359130859375,897.6716918945312
207,5,943.0172729492188,905.92919921875
207,6,974.2598266601562,914.130126953125
207,7,1005.5178833007812,922.3356323242188
207,8,1037.1849365234375,929.8377685546875
207,9,784.196533203125,875.1139526367188
207,10,812.2030639648438,885.50390625
207,11,841.6058349609375,894.9673461914062
207,12,871.58740234375,903.9164428710938
207,13,902.4308471679688,912.5223999023438
207,14,933.9066162109375,920.8529663085938
207,15,965.6935424804688,929.8579711914062
207,16,998.0260620117188,938.9306640625
207,17,1030.6099853515625,947.2662353515625
207,18,769.1021118164062,891.69580078125
207,19,797.8886108398438,901.6769409179688
207,20,828.7127075195312,910.4737548828125
207,21,859.4559936523438,919.8071899414062
207,22,891.4771118164062,929.0419921875
207,23,923.3977661132812,938.3760986328125
207,24,956.6049194335938,946.993408203125
207,25,990.1732177734375,956.1171875
207,26,1023.9010009765625,965.3156127929688
207,27,754.4887084960938,907.0172119140625
207,28,784.0374755859375,916.8793334960938
207,29,814.7191162109375,926.6168823242188
207,30,846.8378295898438,936.2747802734375
207,31,879.5404663085938,946.2235107421875
207,32,912.89453125,956.1113891601562
207,33,946.798095703125,965.2423706054688
207,34,981.5095825195312,974.7781982421875
207,35,1016.4857788085938,983.8970947265625
207,36,737.5928955078125,922.05419921875
207,37,767.6173706054688,933.0781860351562
207,38,800.247314453125,943.8350219726562
207,39,832.5587158203125,954.016845703125
207,40,866.8538208007812,964.2095947265625
207,41,901.16796875,974.4412841796875
207,42,936.3213500976562,984.64208984375
207,43,972.3086547851562,994.3955688476562
207,44,1008.807861328125,1004.1301879882812
207,45,720.1178588867188,937.86279296875
207,46,752.0506591796875,949.8345336914062
207,47,784.677490234375,961.5770263671875
207,48,818.2449951171875,972.7720947265625
207,49,853.22119140625,983.9480590820312
207,50,888.80810546875,994.92724609375
207,51,925.2131958007812,1005.4872436523438
207,52,962.3931274414062,1016.0629272460938
207,53,1000.0506591796875,1026.4248046875
207,54,702.2892456054688,953.9016723632812
207,55,734.4812622070312,966.0804443359375
207,56,768.1798095703125,978.6651000976562
207,57,802.7228393554688,992.019287109375
207,58,838.7117919921875,1004.1868896484375
207,59,875.5127563476562,1015.4234008789062
207,60,913.1390380859375,1027.3907470703125
207,61,951.6841430664062,1038.60009765625
207,62,990.8976440429688,1048.7725830078125
208,0,624.82275390625,691.6224365234375
208,1,665.5791625976562,698.2106323242188
208,2,708.095703125,705.368896484375
208,3,751.5408325195312,711.496826171875
208,4,796.82568359375,718.6676025390625
208,5,842.5573120117188,724.8355102539062
208,6,889.2080688476562,731.0872802734375
208,7,936.239501953125,737.1373901367188
208,8,983.8677978515625,743.7509155273438
208,9,610.6914672851562,729.9489135742188
208,10,652.2322387695312,737.2222290039062
208,11,695.3300170898438,744.326904296875
208,12,740.0126953125,751.4761352539062
208,13,786.140380859375,757.9317016601562
208,14,833.2723388671875,764.6669921875
208,15,881.366943359375,771.375732421875
208,16,930.33349609375,778.59326171875
208,17,979.1644287109375,784.7737426757812
208,18,596.350830078125,770.3025512695312
208,19,638.4689331054688,777.971923828125
208,20,682.2693481445312,785.6675415039062
208,21,727.8829956054688,792.8717041015625
208,22,775.644287109375,800.8644409179688
208,23,823.9906616210938,807.9744873046875
208,24,873.3060302734375,814.8494262695312
208,25,923.5944213867188,821.5091552734375
208,26,974.218994140625,828.5089721679688
208,27,580.786865234375,810.99853515625
208,28,624.0552978515625,819.9979248046875
208,29,668.868408203125,828.5907592773438
208,30,715.4712524414062,836.9082641601562
208,31,764.2606201171875,845.1177978515625
208,32,814.0928955078125,853.166015625
208,33,864.8911743164062,860.3030395507812
208,34,916.8716430664062,867.6084594726562
208,35,968.9581298828125,873.9183959960938
208,36,564.4277954101562,852.9092407226562
208,37,608.721435546875,863.3369140625
208,38,654.986328125,873.5223388671875
208,39,702.7006225585938,882.0904541015625
208,40,752.9319458007812,891.5452880859375
208,41,803.8511352539062,900.0848388671875
208,42,856.1649780273438,908.305908203125
208,43,909.3951416015625,915.4653930664062
208,44,963.2791137695312,922.6636352539062
208,45,548.3492431640625,897.0299072265625
208,46,593.7261962890625,908.5406494140625
208,47,641.0499267578125,919.5794067382812
208,48,690.0611572265625,930.0387573242188
208,49,741.1285400390625,939.8932495117188
208,50,793.779541015625,949.6686401367188
208,51,847.2865600585938,957.8368530273438
208,52,902.2203979492188,966.0967407226562
208,53,957.3853759765625,972.9871826171875
208,54,532.7518920898438,943.366455078125
208,55,578.259521484375,955.2799682617188
208,56,626.667236328125,967.4989624023438
208,57,676.9445190429688,979.0101318359375
208,58,729.4561157226562,990.3894653320312
208,59,783.0054321289062,1000.2192993164062
208,60,838.3067626953125,1009.7615966796875
208,61,894.5741577148438,1018.044189453125
208,62,951.155517578125,1025.570068359375
209,0,868.0921020507812,881.3251953125
209,1,898.10400390625,889.203369140625
209,2,929.878173828125,896.4736938476562
209,3,961.9219970703125,903.4166259765625
209,4,994.7821655273438,910.6135864257812
209,5,1027.967041015625,916.6503295898438
209,6,1061.9215087890625,922.803955078125
209,7,1096.156494140625,928.7421264648438
209,8,1130.63623046875,933.8563842773438
209,9,854.6943359375,898.0206298828125
209,10,885.8179931640625,906.3873901367188
209,11,917.9658813476562,914.03271484375
209,12,950.9324340820312,920.9548950195312
209,13,984.8844604492188,927.3241577148438
209,14,1019.3961791992188,933.6904296875
209,15,1054.250244140625,940.5858764648438
209,16,1089.9288330078125,947.4802856445312
209,17,1125.893310546875,953.3164672851562
209,18,840.071044921875,916.6094360351562
209,19,871.8247680664062,924.8779296875
209,20,905.199951171875,931.8583984375
209,21,938.9280395507812,939.251708984375
209,22,974.3157348632812,946.4442749023438
209,23,1009.9110107421875,953.2928466796875
209,24,1046.2352294921875,959.9619140625
209,25,1083.0078125,966.8142700195312
209,26,1120.268310546875,973.79345703125
209,27,824.18359375,934.8325805664062
209,28,857.5836181640625,942.597412109375
209,29,891.5473022460938,950.3671875
209,30,926.7661743164062,958.144775390625
209,31,962.8887329101562,966.1306762695312
209,32,999.8428344726562,973.890869140625
209,33,1037.2652587890625,980.95458984375
209,34,1075.531005859375,988.1770629882812
209,35,1114.1943359375,994.6852416992188
209,36,807.9976196289062,952.1729736328125
209,37,841.9237060546875,961.2647094726562
209,38,876.8695678710938,970.2918701171875
209,39,913.0447998046875,978.5411376953125
209,40,950.5318603515625,986.8143310546875
209,41,988.7124633789062,995.0391845703125
209,42,1027.7230224609375,1003.0671997070312
209,43,1067.723388671875,1010.499755859375
209,44,1107.9974365234375,1017.8677368164062
209,45,790.1114501953125,970.7462768554688
209,46,825.0997924804688,980.9641723632812
209,47,861.3585815429688,990.9701538085938
209,48,898.5325317382812,1000.4747314453125
209,49,937.2921142578125,1009.510498046875
209,50,976.8584594726562,1018.6889038085938
209,51,1017.4031982421875,1026.9603271484375
209,52,1058.679443359375,1035.387939453125
209,53,1100.6573486328125,1043.30859375
209,54,771.3169555664062,989.5234985351562
209,55,806.86181640625,1000.2987670898438
209,56,844.3280639648438,1011.260009765625
209,57,882.6788940429688,1022.8914794921875
209,58,922.9683837890625,1033.245849609375
209,59,963.9926147460938,1042.527587890625
209,60,1006.1044311523438,1052.2845458984375
209,61,1048.9254150390625,1061.034912109375
209,62,1092.82861328125,1069.037841796875
210,0,723.4534301757812,816.6755981445312
210,1,759.11181640625,828.3805541992188
210,2,795.6367797851562,839.945556640625
210,3,832.6345825195312,850.6640014648438
210,4,870.2837524414062,861.5677490234375
210,5,908.1021118164062,871.455078125
210,6,945.97021484375,881.4200439453125
210,7,983.8518676757812,891.0701293945312
210,8,1021.5885620117188,900.00390625
210,9,710.1272583007812,834.8235473632812
210,10,747.3228759765625,846.6685791015625
210,11,785.0462036132812,858.4221801757812
210,12,823.8095703125,869.271728515625
210,13,863.2174682617188,879.7985229492188
210,14,902.8413696289062,890.0858154296875
210,15,942.2338256835938,900.4612426757812
210,16,981.7922973632812,911.1041870117188
210,18,696.0390014648438,853.3783569335938
210,19,734.5980834960938,866.2119750976562
210,20,774.06982421875,877.9616088867188
210,21,814.2820434570312,889.3465576171875
210,22,855.4573974609375,900.7936401367188
210,23,896.6343383789062,911.5952758789062
210,24,938.0877685546875,921.8216552734375
210,25,979.5955810546875,932.203125
210,27,680.9749145507812,870.6245727539062
210,28,721.001953125,885.0672607421875
210,29,762.1196899414062,898.2393188476562
210,30,804.1441650390625,910.6551513671875
210,31,847.0386352539062,922.6845703125
210,32,890.1757202148438,934.3129272460938
210,36,664.6728515625,890.1511840820312
210,37,706.2838134765625,905.4425659179688
210,38,749.1561279296875,920.3975219726562
210,39,792.9783325195312,933.1915283203125
210,40,838.1549682617188,946.1078491210938
210,41,882.9982299804688,958.1073608398438
210,45,646.8865356445312,912.2368774414062
210,46,690.419677734375,928.2750244140625
210,47,735.129638671875,944.0792236328125
210,48,780.9817504882812,958.5084838867188
210,49,828.2320556640625,972.239501953125
210,50,875.6260375976562,985.259521484375
210,51,923.0342407226562,996.9521484375
210,54,627.7396240234375,935.8805541992188
210,55,673.0859375,952.3616943359375
210,56,720.1616821289062,968.604248046875
210,57,768.1014404296875,985.181884765625
210,58,817.4325561523438,1000.3784790039062
210,59,867.2362060546875,1013.38330078125
210,60,917.3045043945312,1026.7044677734375
211,0,824.6144409179688,488.68023681640625
211,1,860.16162109375,516.296142578125
211,2,895.0165405273438,542.443115234375
211,3,927.067138671875,567.8368530273438
211,4,960.73388671875,591.6907958984375
211,5,991.1328125,613.374755859375
211,6,1020.7899169921875,634.2197875976562
211,7,1048.582763671875,653.2217407226562
211,8,1075.044921875,671.4436645507812
211,9,800.865478515625,504.6235046386719
211,10,836.0282592773438,529.9804077148438
211,11,870.064208984375,554.0050048828125
211,12,902.71240234375,577.783935546875
211,13,933.4389038085938,600.0379028320312
211,14,964.2305297851562,622.4150390625
211,15,994.1365356445312,642.2901611328125
211,16,1020.983154296875,660.4407348632812
211,17,1046.4600830078125,678.0612182617188
211,18,780.6143798828125,516.5205688476562
211,19,814.3296508789062,540.2840576171875
211,20,847.3424072265625,563.9661865234375
211,21,878.9718017578125,586.4974975585938
211,22,910.0860595703125,608.0523681640625
211,25,994.40625,667.7122192382812
211,26,1021.1795654296875,684.3468017578125
211,27,762.3174438476562,526.85009765625
211,28,794.9734497070312,550.1478271484375
211,29,825.906494140625,572.9378662109375
211,30,857.1721801757812,595.18505859375
211,35,997.2486572265625,690.3277587890625
211,36,745.1686401367188,537.5111083984375
211,37,776.3512573242188,560.0133056640625
211,38,807.2664794921875,581.79248046875
211,39,837.4041137695312,603.234619140625
211,45,729.4191284179688,547.029296875
211,46,759.8947143554688,568.5494995117188
211,47,788.8549194335938,588.3175048828125
211,48,818.3186645507812,609.84375
211,54,714.8438720703125,556.4109497070312
211,55,744.4188232421875,577.0896606445312
211,56,772.7899169921875,597.365478515625
211,57,800.398193359375,615.455078125
212,0,739.5206298828125,489.5276794433594
212,1,774.5990600585938,504.3441467285156
212,2,809.8555297851562,519.258544921875
212,3,844.669921875,534.474609375
212,4,878.8245849609375,550.4953002929688
212,5,912.7597045898438,565.732666015625
212,6,946.2110595703125,580.8071899414062
212,7,978.9861450195312,595.7071533203125
212,8,1011.24609375,610.0455932617188
212,9,725.0020751953125,520.1238403320312
212,10,760.8546752929688,535.2028198242188
212,11,796.6792602539062,550.7431030273438
212,12,832.17529296875,566.3422241210938
212,13,867.9791870117188,581.63232421875
212,14,902.9818725585938,596.5809326171875
212,15,937.0626220703125,611.7462768554688
212,16,970.9649047851562,626.5730590820312
212,17,1004.1571044921875,640.5135498046875
212,18,710.1161499023438,552.3787841796875
212,19,746.72314453125,567.8789672851562
212,20,783.3939819335938,583.2533569335938
212,21,820.023193359375,598.7901000976562
212,22,856.5507202148438,614.2464599609375
212,23,892.3053588867188,629.2659912109375
212,24,927.8851318359375,644.0110473632812
212,25,962.7909545898438,658.4371948242188
212,26,996.72216796875,672.623046875
212,27,695.083984375,584.999755859375
212,28,732.5836791992188,600.9837646484375
212,29,770.0977783203125,616.7108764648438
212,30,807.55712890625,632.46337890625
212,31,845.0814208984375,647.9696655273438
212,32,882.0059204101562,662.895263671875
212,33,918.385986328125,677.366943359375
212,34,954.4421997070312,691.6741943359375
212,35,989.7293701171875,705.3323974609375
212,36,679.9204711914062,618.5556640625
212,37,718.305908203125,635.0986328125
212,38,756.7105712890625,651.3309326171875
212,39,795.2615966796875,666.8629760742188
212,40,833.9078369140625,682.383056640625
212,41,871.8101196289062,697.446533203125
212,42,909.1921997070312,712.0172729492188
212,43,946.116943359375,725.997802734375
212,44,982.1969604492188,739.8065185546875
212,45,664.3196411132812,654.1041870117188
212,46,703.7604370117188,670.7702026367188
212,47,743.138671875,687.16552734375
212,48,782.7243041992188,703.043212890625
212,49,822.1240844726562,718.5481567382812
212,50,861.0094604492188,733.692138671875
212,51,899.4083862304688,747.9896240234375
212,52,937.3897705078125,762.1682739257812
212,53,974.0435180664062,775.4596557617188
212,54,648.4801025390625,692.0164184570312
212,55,688.6434326171875,708.2178344726562
212,56,729.154296875,724.61328125
212,57,769.4566040039062,740.5220947265625
212,58,810.0863647460938,756.2352905273438
212,59,849.982421875,770.9153442382812
212,60,889.2075805664062,785.5634155273438
212,61,928.13623046875,799.4259033203125
212,62,965.7208862304688,812.87158203125
213,12,808.9873046875,635.6096801757812
213,13,844.0415649414062,643.816162109375
213,18,696.1541748046875,625.5048217773438
213,19,730.6613159179688,633.8949584960938
213,20,765.6923828125,642.3953247070312
213,21,801.0333862304688,651.2547607421875
213,22,837.3087768554688,660.168212890625
213,23,873.5489501953125,668.9761352539062
213,24,910.0438842773438,677.0970458984375
213,25,946.5874633789062,685.9124755859375
213,27,683.9876098632812,639.7929077148438
213,28,719.6646118164062,649.1490478515625
213,29,756.1405639648438,658.0289306640625
213,30,792.8582153320312,667.2037963867188
213,31,830.4535522460938,676.794921875
213,32,868.2384643554688,685.9061889648438
213,33,906.0257568359375,694.8124389648438
213,34,944.2120361328125,703.3948364257812
213,35,982.0007934570312,711.787109375
213,36,670.9051513671875,653.6322631835938
213,37,707.9847412109375,663.7906494140625
213,38,745.6861572265625,674.2041015625
213,39,784.3966674804688,683.277099609375
213,40,823.2593383789062,693.5398559570312
213,41,862.5156860351562,703.2584228515625
213,42,902.1442260742188,712.5125122070312
213,43,941.7779541015625,721.253662109375
213,44,981.4021606445312,730.1791381835938
213,45,656.84423828125,669.73681640625
213,46,695.3824462890625,680.3137817382812
213,47,734.61181640625,691.607177734375
213,48,774.6424560546875,701.7025146484375
213,49,815.6109619140625,712.2035522460938
213,50,856.5779418945312,722.2388916015625
213,51,897.6723022460938,731.5535888671875
213,52,939.2567749023438,741.139404296875
213,53,980.4327392578125,750.4834594726562
213,54,641.7658081054688,687.6649780273438
213,55,681.75537109375,698.3072509765625
213,56,722.6163330078125,709.4808349609375
213,57,764.3463745117188,721.3225708007812
213,58,806.9854125976562,732.1953125
213,59,850.0022583007812,741.9561157226562
213,60,893.2623291015625,752.736328125
213,61,936.3757934570312,762.1939086914062
213,62,979.794921875,771.9965209960938
214,0,834.2700805664062,739.0591430664062
214,1,871.9154663085938,749.8787841796875
214,2,910.3838500976562,760.6829223632812
214,3,948.949951171875,770.9038696289062
214,4,987.9846801757812,781.5992431640625
214,5,1027.0718994140625,791.4542846679688
214,6,1065.9849853515625,801.15673828125
214,7,1104.5716552734375,810.7234497070312
214,8,1142.7144775390625,820.501953125
214,9,821.7174682617188,773.8856201171875
214,10,860.1082153320312,784.8685913085938
214,11,899.1196899414062,795.7303466796875
214,12,938.6997680664062,806.3109741210938
214,13,978.7305908203125,816.3516845703125
214,14,1018.7616577148438,826.6331176757812
214,15,1058.605712890625,836.4343872070312
214,16,1098.0792236328125,846.7553100585938
214,17,1137.1595458984375,856.0187377929688
214,18,808.63037109375,809.4122924804688
214,19,847.8101196289062,820.5235595703125
214,20,887.7765502929688,831.9445190429688
214,21,927.9479370117188,842.74169921875
214,22,968.9288940429688,853.8275146484375
214,23,1009.7815551757812,864.02001953125
214,24,1050.644287109375,873.9085083007812
214,25,1091.31591796875,883.4269409179688
214,26,1131.1884765625,893.1892700195312
214,27,795.1577758789062,845.8253784179688
214,28,834.9214477539062,857.4068603515625
214,29,875.7840576171875,868.8641357421875
214,30,916.9923706054688,880.091796875
214,31,958.8244018554688,891.2674560546875
214,32,1000.5807495117188,902.2174072265625
214,33,1042.142333984375,911.9568481445312
214,34,1083.9678955078125,922.0354614257812
214,35,1125.0709228515625,931.1738891601562
214,36,781.1570434570312,882.1922607421875
214,37,821.7681884765625,894.3641357421875
214,38,863.412841796875,906.5340576171875
214,39,905.5549926757812,918.349365234375
214,40,948.5106811523438,930.0076904296875
214,41,990.8911743164062,940.7758178710938
214,42,1033.9625244140625,951.7606201171875
214,43,1076.2216796875,961.6109008789062
214,44,1118.0582275390625,971.1654052734375
214,45,766.6873779296875,919.8798828125
214,46,808.3833618164062,932.960205078125
214,47,850.7199096679688,946.10400390625
214,48,893.8577880859375,958.4425048828125
214,49,937.2421264648438,970.3307495117188
214,50,980.9935913085938,982.0045166015625
214,51,1024.254150390625,992.268798828125
214,52,1067.8004150390625,1002.7322387695312
214,53,1110.474853515625,1011.5986328125
214,54,752.2688598632812,959.65283203125
214,55,794.39404296875,973.2059326171875
214,56,837.6616821289062,986.6718139648438
214,57,881.5048828125,999.6586303710938
214,58,926.0202026367188,1012.2346801757812
214,59,970.3857421875,1023.422607421875
214,60,1014.5277099609375,1034.705078125
214,61,1058.982177734375,1044.5113525390625
214,62,1102.7117919921875,1054.0823974609375
215,0,674.831787109375,711.8060913085938
215,1,715.7991333007812,719.2537841796875
215,2,758.2874755859375,726.981201171875
215,3,801.7197875976562,733.8609619140625
215,4,846.502197265625,741.6423950195312
215,5,891.8916625976562,748.6533813476562
215,6,937.4449462890625,755.7095336914062
215,7,983.7288818359375,762.1949462890625
215,8,1029.9058837890625,769.02099609375
215,9,661.7550048828125,751.009521484375
215,10,703.5635986328125,758.9103393554688
215,11,746.77783203125,766.5928344726562
215,12,791.2200317382812,774.5889282226562
215,13,836.9070434570312,781.547607421875
215,14,883.4556884765625,789.2315673828125
215,15,930.4774169921875,796.5133056640625
215,16,978.0359497070312,804.132568359375
215,17,1025.3892822265625,810.5739135742188
215,18,648.6404418945312,791.674560546875
215,19,690.8912963867188,800.0349731445312
215,20,734.9160766601562,808.4472045898438
215,21,780.3875732421875,816.7598876953125
215,22,827.2138061523438,825.1558227539062
215,23,874.9097290039062,832.803466796875
215,24,923.1864624023438,840.1904907226562
215,25,971.8803100585938,847.203369140625
215,26,1020.6851196289062,854.3900146484375
215,27,634.2868041992188,832.897705078125
215,28,677.7772216796875,842.371826171875
215,29,722.6743774414062,851.1923217773438
215,30,768.924072265625,860.5949096679688
215,31,817.1676635742188,869.2852172851562
215,32,865.964111328125,877.9048461914062
215,33,915.4338989257812,885.3900146484375
215,34,965.695068359375,892.8915405273438
215,35,1015.6528930664062,899.4495849609375
215,36,619.50244140625,875.0689086914062
215,37,664.010498046875,885.9435424804688
215,38,709.9981689453125,896.3441772460938
215,39,757.5093383789062,905.6994018554688
215,40,806.8840942382812,915.2971801757812
215,41,856.5167236328125,924.063232421875
215,42,907.63427734375,932.6102905273438
215,43,958.7247314453125,939.7469482421875
215,44,1010.3648681640625,947.0238647460938
215,45,604.9011840820312,918.82666015625
215,46,650.2376708984375,930.7203979492188
215,47,697.5406494140625,941.9552612304688
215,48,745.9754638671875,952.7742309570312
215,49,796.1869506835938,962.6738891601562
215,50,847.3705444335938,972.5174560546875
215,51,899.041748046875,980.5521850585938
215,52,951.9730224609375,988.894775390625
215,53,1004.4874877929688,995.6958618164062
215,54,590.6210327148438,964.6627807617188
215,55,636.0867919921875,976.4404907226562
215,56,684.288818359375,989.1255493164062
215,57,734.075927734375,1000.6218872070312
215,58,785.4754638671875,1011.964111328125
215,59,837.5712280273438,1021.4005737304688
215,60,890.8330078125,1031.1097412109375
215,61,944.5501098632812,1038.969482421875
215,62,998.6917724609375,1046.4727783203125
216,0,854.4183959960938,498.1694030761719
216,1,891.2203369140625,524.61767578125
216,2,927.2564086914062,549.1017456054688
216,3,961.8378295898438,573.44970703125
216,4,994.7969970703125,595.8068237304688
216,5,1026.43798828125,616.4518432617188
216,6,1056.0078125,635.8556518554688
216,7,1084.31298828125,653.9918823242188
216,8,1111.2353515625,670.7657470703125
216,9,829.521728515625,517.5618896484375
216,10,865.9237670898438,541.5159301757812
216,11,901.1907958984375,564.208251953125
216,12,934.667724609375,586.7084350585938
216,13,967.33544921875,608.6329345703125
216,14,998.2396850585938,628.7198486328125
216,15,1028.25048828125,647.2689208984375
216,16,1055.7703857421875,664.2755126953125
216,17,1083.2725830078125,680.8150634765625
216,18,807.8045043945312,532.844970703125
216,19,842.6844482421875,555.0438232421875
216,20,877.012939453125,577.3685302734375
216,21,909.8814086914062,598.820556640625
216,22,941.776611328125,619.2269897460938
216,23,972.0507202148438,638.4862060546875
216,24,1001.0946044921875,657.3402099609375
216,25,1029.4520263671875,674.6790161132812
216,26,1055.533447265625,690.1904296875
216,27,788.030029296875,546.1600952148438
216,28,821.9345092773438,568.0211181640625
216,29,854.53662109375,589.6215209960938
216,30,887.0551147460938,610.3626708984375
216,31,919.2715454101562,629.9585571289062
216,32,947.8138427734375,648.5969848632812
216,33,976.8395385742188,665.9375610351562
216,34,1003.9913330078125,683.0707397460938
216,35,1029.444580078125,698.656494140625
216,36,769.43310546875,559.5831909179688
216,37,802.04638671875,580.532470703125
216,38,834.3866577148438,601.1347045898438
216,43,979.4052734375,691.864013671875
216,44,1005.9215698242188,706.9880981445312
216,45,752.449951171875,571.7760009765625
216,46,784.407958984375,591.8909301757812
216,47,814.6561279296875,611.2769165039062
216,53,983.500732421875,713.7277221679688
216,54,736.8343505859375,583.2525024414062
216,55,767.2103881835938,602.9581909179688
216,56,797.6593627929688,621.9988403320312
216,62,962.386962890625,720.764892578125
217,2,925.0220947265625,910.1912841796875
217,3,956.6714477539062,915.935546875
217,4,989.901123046875,921.7578125
217,5,1022.5403442382812,927.0510864257812
217,6,1056.949951171875,931.3779296875
217,7,1091.8240966796875,936.0109252929688
217,9,849.9802856445312,911.4486083984375
217,10,880.9280395507812,918.9613647460938
217,11,913.0545043945312,925.4758911132812
217,12,945.974853515625,931.021240234375
217,13,980.1215209960938,936.0494995117188
217,14,1014.4058837890625,941.2138671875
217,15,1049.194580078125,946.84814453125
217,16,1085.135498046875,952.3273315429688
217,17,1121.3768310546875,956.7911376953125
217,18,835.1846313476562,928.0547485351562
217,19,866.1724243164062,935.3928833007812
217,20,900.1463623046875,940.7843627929688
217,21,933.9668579101562,946.6484985351562
217,22,969.1815185546875,952.80029296875
217,23,1004.6931762695312,958.316650390625
217,24,1041.2923583984375,963.4896850585938
217,25,1078.3902587890625,969.09912109375
217,26,1115.9722900390625,974.5684204101562
217,27,818.900390625,943.9940185546875
217,28,852.54296875,950.2911376953125
217,29,886.1212158203125,956.9388427734375
217,30,921.372802734375,963.1521606445312
217,31,957.7574462890625,969.6788330078125
217,32,994.7239990234375,976.0480346679688
217,33,1032.455078125,981.7498779296875
217,34,1071.0885009765625,987.3909301757812
217,35,1110.1395263671875,992.7362060546875
217,36,802.7196655273438,958.3741455078125
217,37,836.4324951171875,966.361572265625
217,38,871.3886108398438,974.0162353515625
217,39,907.41552734375,980.7592163085938
217,40,945.1945190429688,987.5816650390625
217,41,983.3929443359375,994.2686767578125
217,42,1022.7335205078125,1000.9988403320312
217,43,1063.01806640625,1007.0137329101562
217,44,1103.8670654296875,1012.8154296875
217,45,784.2156982421875,974.2261352539062
217,46,819.467041015625,983.2074584960938
217,47,855.5137939453125,991.722900390625
217,48,892.8587646484375,999.8408203125
217,49,931.6758422851562,1007.5859375
217,50,971.5931396484375,1015.0335083007812
217,51,1012.2990112304688,1021.9217529296875
217,52,1054.237060546875,1028.8507080078125
217,53,1096.8111572265625,1035.310302734375
217,54,765.1456298828125,990.1392211914062
217,55,800.8721313476562,999.4584350585938
217,56,838.1050415039062,1008.9124755859375
217,57,876.5794677734375,1019.1369018554688
217,58,917.0242309570312,1028.138671875
217,59,958.3003540039062,1035.7197265625
217,60,1000.925537109375,1044.208251953125
217,61,1044.447509765625,1051.4215087890625
217,62,1089.133056640625,1057.9122314453125
218,0,890.6896362304688,806.4752807617188
218,1,918.0205078125,822.2485961914062
218,2,945.9070434570312,838.1895141601562
218,3,974.240478515625,853.6439819335938
218,4,1003.0756225585938,869.6865234375
218,5,1032.3323974609375,884.8220825195312
218,6,1061.91015625,900.11962890625
218,7,1091.691162109375,915.2288208007812
218,8,1121.699462890625,929.9631958007812
218,9,873.598388671875,826.9404907226562
218,10,901.2661743164062,843.6076049804688
218,11,929.7512817382812,859.9351196289062
218,12,958.7575073242188,875.7249755859375
218,13,988.521728515625,891.4022216796875
218,14,1018.5748901367188,907.07470703125
218,15,1048.711181640625,923.044677734375
218,16,1078.9598388671875,939.0719604492188
218,17,1109.777587890625,954.3847045898438
218,18,855.4556884765625,849.08740234375
218,19,883.7891845703125,865.8109741210938
218,20,912.9298706054688,881.9683837890625
218,21,942.7256469726562,898.2344360351562
218,22,972.98388671875,914.7914428710938
218,23,1003.7378540039062,931.0360717773438
218,24,1034.5501708984375,947.2025756835938
218,25,1066.0230712890625,963.5700073242188
218,26,1097.0572509765625,979.8822021484375
218,27,836.6611938476562,871.023681640625
218,28,865.6717529296875,887.8510131835938
218,29,895.388427734375,904.50439453125
218,30,925.7254028320312,921.4058837890625
218,31,956.819091796875,938.782958984375
218,32,988.1485595703125,955.913330078125
218,33,1019.9110717773438,972.6585083007812
218,34,1052.064208984375,989.3006591796875
218,35,1084.0906982421875,1005.7432250976562
218,36,817.273681640625,892.8474731445312
218,37,846.8111572265625,910.5625610351562
218,38,876.9873046875,928.3946533203125
218,39,908.0106811523438,945.873046875
218,40,939.7992553710938,963.6688842773438
218,41,971.7989501953125,981.108642578125
218,42,1004.3026123046875,998.8098754882812
218,43,1037.1832275390625,1016.1016845703125
218,44,1070.28466796875,1033.13623046875
218,45,797.1845092773438,915.209716796875
218,46,826.9909057617188,934.19873046875
218,47,857.8069458007812,952.8902587890625
218,48,889.2763671875,971.1452026367188
218,49,921.7557373046875,989.729248046875
218,50,954.491943359375,1008.1942138671875
218,51,987.8977661132812,1026.1927490234375
218,52,1021.4092407226562,1044.3228759765625
218,53,1055.375,1061.9185791015625
218,54,776.3203125,938.0142211914062
218,55,806.4513549804688,957.2598266601562
218,56,837.9501953125,977.0613403320312
218,57,869.9412231445312,997.0596313476562
218,58,902.8873901367188,1016.6841430664062
218,59,936.525146484375,1035.520751953125
218,60,970.4532470703125,1054.5467529296875
218,61,1005.0745849609375,1073.121337890625
218,62,1040.003662109375,1090.9669189453125
219,0,872.400634765625,867.1265869140625
219,1,902.0813598632812,877.3082275390625
219,2,932.5448608398438,887.7210693359375
219,3,963.7587280273438,897.253662109375
219,4,995.8775024414062,907.3142700195312
219,5,1028.2481689453125,916.3429565429688
219,6,1061.492919921875,925.6170654296875
219,7,1095.0316162109375,934.5797119140625
219,8,1129.21337890625,942.782470703125
219,9,857.1792602539062,885.4545288085938
219,10,887.3816528320312,896.3887329101562
219,11,918.3479614257812,907.0196533203125
219,12,950.6464233398438,916.703369140625
219,13,983.783203125,926.201416015625
219,14,1017.3369140625,935.6177368164062
219,15,1051.538818359375,945.5452880859375
219,16,1086.1844482421875,955.7071533203125
219,17,1121.2799072265625,964.6734008789062
219,18,840.9437255859375,905.5048828125
219,19,871.9608154296875,916.197509765625
219,20,903.9320678710938,926.3365478515625
219,21,936.7009887695312,936.7173461914062
219,22,970.7256469726562,947.1195678710938
219,23,1005.4170532226562,957.2064819335938
219,24,1040.73095703125,967.2013549804688
219,25,1076.65478515625,977.3925170898438
219,26,1112.8931884765625,987.7444458007812
219,27,823.7717895507812,924.964599609375
219,28,855.4136962890625,935.9071655273438
219,29,888.1281127929688,946.6800537109375
219,30,922.065673828125,957.5504760742188
219,31,956.9893798828125,968.7647705078125
219,32,992.6893310546875,979.8700561523438
219,33,1029.0687255859375,990.3858032226562
219,34,1066.266845703125,1000.9640502929688
219,35,1103.8546142578125,1011.0032958984375
219,36,805.2965087890625,944.0302734375
219,37,837.9177856445312,956.0005493164062
219,38,871.3665771484375,968.2734985351562
219,39,906.187744140625,979.656494140625
219,40,942.1953125,991.3230590820312
219,41,978.9553833007812,1003.052490234375
219,42,1016.6111450195312,1014.662841796875
219,43,1055.0748291015625,1025.7005615234375
219,44,1094.165771484375,1036.816650390625
219,45,786.2767333984375,963.7973022460938
219,46,819.2913818359375,977.3164672851562
219,47,853.8348999023438,990.4105224609375
219,48,889.4130249023438,1003.1448974609375
219,49,926.4177856445312,1015.8828735351562
219,50,964.2930908203125,1028.4931640625
219,51,1003.1936645507812,1040.441162109375
219,52,1042.9759521484375,1052.8807373046875
219,53,1083.335693359375,1064.5147705078125
219,54,765.6040649414062,984.26123046875
219,55,799.4151611328125,998.1279296875
219,56,834.8610229492188,1012.4288330078125
219,57,871.299072265625,1027.2547607421875
219,58,909.5675659179688,1041.2530517578125
219,59,948.6282348632812,1054.3095703125
219,60,988.7836303710938,1067.9349365234375
219,61,1029.87646484375,1080.8121337890625
219,62,1071.8720703125,1092.802978515625
220,0,860.9207763671875,691.8090209960938
220,1,899.0523681640625,703.1371459960938
220,2,937.8688354492188,714.8602294921875
220,3,977.04638671875,726.078125
220,4,1016.6537475585938,737.7210693359375
220,5,1056.3375244140625,748.876220703125
220,6,1095.94287109375,759.8676147460938
220,7,1135.1156005859375,770.677490234375
220,8,1173.68603515625,781.6522827148438
220,9,847.7462158203125,728.3824462890625
220,10,886.3012084960938,740.0821533203125
220,11,925.5505981445312,751.7261962890625
220,12,965.2518920898438,763.5123291015625
220,13,1005.778076171875,774.8153686523438
220,14,1046.2457275390625,786.214599609375
220,15,1086.3408203125,797.341552734375
220,16,1126.2080078125,808.8749389648438
220,17,1165.9193115234375,819.4362182617188
220,18,834.1287841796875,765.5521240234375
220,19,872.9930419921875,777.6290283203125
220,20,912.7471313476562,789.8544921875
220,21,953.1616821289062,801.8846435546875
220,22,994.285888671875,813.8035888671875
220,23,1035.20166015625,825.2954711914062
220,24,1076.19580078125,836.4934692382812
220,25,1117.1614990234375,847.5147705078125
220,26,1157.3367919921875,858.4074096679688
220,27,819.8787841796875,803.3133544921875
220,28,859.4627685546875,815.928466796875
220,29,899.8489990234375,828.3804321289062
220,30,940.7648315429688,840.7172241210938
220,31,982.4641723632812,852.8516845703125
220,32,1024.06494140625,864.8937377929688
220,33,1065.7508544921875,876.0809936523438
220,34,1107.4677734375,887.4862670898438
220,35,1148.55322265625,897.9421997070312
220,36,805.0216064453125,841.3231811523438
220,37,845.14697265625,854.2623291015625
220,38,886.265869140625,867.5149536132812
220,39,927.8887329101562,880.0055541992188
220,40,970.6513671875,892.8107299804688
220,41,1012.542724609375,904.9768676757812
220,42,1055.1923828125,916.9688110351562
220,43,1097.4110107421875,928.290771484375
220,44,1139.1905517578125,939.2548828125
220,45,790.124755859375,880.024169921875
220,46,830.872314453125,893.8695068359375
220,47,872.527099609375,907.3995971679688
220,48,914.8659057617188,920.9893798828125
220,49,957.7696533203125,933.8893432617188
220,50,1000.9246826171875,946.6431884765625
220,51,1043.7652587890625,958.489501953125
220,52,1086.825439453125,970.0890502929688
220,53,1128.898681640625,980.1356811523438
220,54,775.4380493164062,920.07763671875
220,55,816.3455810546875,934.3016357421875
220,56,858.7048950195312,948.5404663085938
220,57,901.40625,962.4685668945312
220,58,944.88037109375,975.9567260742188
220,59,988.412353515625,988.4636840820312
220,60,1031.7786865234375,1000.802734375
220,61,1075.2303466796875,1012.1201171875
220,62,1118.2772216796875,1023.1083374023438
221,0,780.8124389648438,222.37399291992188
221,1,816.779296875,251.17056274414062
221,2,852.2617797851562,278.39727783203125
221,3,886.6035766601562,305.70855712890625
221,4,919.728759765625,331.8661193847656
221,5,951.4364013671875,356.95184326171875
221,6,981.6600341796875,381.0986328125
221,7,1010.5162963867188,404.2318420410156
221,8,1037.618408203125,426.28472900390625
221,9,753.818359375,250.38323974609375
221,10,789.4423217773438,276.7092590332031
221,11,824.5651245117188,302.38232421875
221,12,858.2257080078125,328.0462951660156
221,13,890.8289794921875,353.2880554199219
221,14,921.9716186523438,377.68267822265625
221,15,952.1881713867188,400.8578186035156
221,16,980.8578491210938,422.3454895019531
221,17,1008.4570922851562,443.303466796875
221,18,730.0030517578125,274.9212341308594
221,19,764.8781127929688,299.5965270996094
221,20,798.7781982421875,324.371826171875
221,21,831.630126953125,348.5933532714844
221,22,863.843505859375,372.7481689453125
221,23,894.6551513671875,395.9698181152344
221,24,924.2252807617188,418.83563232421875
221,25,952.8817749023438,440.2098693847656
221,26,980.0731811523438,460.13861083984375
221,27,708.2155151367188,297.5914306640625
221,28,742.027099609375,321.6359558105469
221,29,774.8261108398438,345.59423828125
221,30,807.0828247070312,369.0401916503906
221,31,838.4382934570312,392.0157775878906
221,32,868.8589477539062,413.9729309082031
221,33,898.185546875,435.4787292480469
221,34,926.334716796875,456.2854309082031
221,35,953.2958984375,476.262451171875
221,36,687.49951171875,320.0301818847656
221,37,720.3721313476562,343.0252685546875
221,38,752.5850219726562,365.92645263671875
221,39,783.8152465820312,388.736328125
221,40,814.6361694335938,410.77838134765625
221,41,844.5543823242188,431.95989990234375
221,42,873.2298583984375,452.374755859375
221,43,901.5149536132812,472.4184265136719
221,44,927.987060546875,491.0914611816406
221,45,668.7040405273438,340.96826171875
221,46,700.62646484375,362.96124267578125
221,47,732.1350708007812,384.4934997558594
221,48,762.6652221679688,406.2232666015625
221,49,792.54736328125,427.4577941894531
221,50,821.9688110351562,447.77923583984375
221,51,850.2555541992188,467.3733215332031
221,52,877.7222290039062,486.72357177734375
221,53,904.7315063476562,504.8891296386719
221,54,651.0636596679688,361.12255859375
221,55,681.9476318359375,382.40447998046875
221,56,712.5313720703125,403.22344970703125
221,57,742.6138305664062,423.2302551269531
221,58,772.1008911132812,443.44049072265625
221,59,800.3504638671875,463.47216796875
221,60,828.4986572265625,482.253662109375
221,61,854.9860229492188,500.6242370605469
221,62,881.774658203125,518.1087646484375
222,0,909.9550170898438,466.8854064941406
222,1,952.392578125,487.9026184082031
222,2,993.1094360351562,507.0733947753906
222,3,1032.0753173828125,526.1085815429688
222,4,1069.217041015625,543.9765625
222,5,1104.2642822265625,560.6145629882812
222,6,1136.87060546875,576.30712890625
222,7,1168.0560302734375,590.7872314453125
222,8,1196.98583984375,604.7371826171875
222,9,885.8448486328125,501.2295227050781
222,10,927.4924926757812,519.821044921875
222,11,967.4725952148438,537.33642578125
222,12,1005.730712890625,554.96923828125
222,13,1042.773681640625,572.0953979492188
222,14,1077.2220458984375,588.1499633789062
222,15,1110.2220458984375,602.8565063476562
222,16,1140.9273681640625,616.3839111328125
222,17,1170.16943359375,628.8283081054688
222,18,863.4842529296875,531.1475219726562
222,19,904.1350708007812,548.3177490234375
222,20,943.1968383789062,565.5767211914062
222,21,980.9524536132812,582.0293579101562
222,22,1017.2198486328125,597.8848876953125
222,23,1051.6806640625,612.7970581054688
222,24,1084.369140625,627.52001953125
222,25,1115.6610107421875,640.7705078125
222,26,1144.479736328125,652.7406616210938
222,27,842.936279296875,558.7400512695312
222,28,882.4815063476562,575.611328125
222,29,920.8453979492188,592.0769653320312
222,30,957.6005859375,607.9989013671875
222,31,993.14111328125,622.6702270507812
222,32,1027.317626953125,636.8579711914062
222,33,1059.572509765625,650.3717651367188
222,34,1090.734375,663.163818359375
222,35,1119.888427734375,675.04541015625
222,36,823.5148315429688,585.768798828125
222,37,862.1896362304688,601.6561279296875
222,38,899.4752197265625,617.1072998046875
222,39,935.7249755859375,632.4122314453125
222,40,970.642333984375,646.9014282226562
222,41,1004.4153442382812,660.30908203125
222,42,1036.265869140625,672.983154296875
222,43,1067.1500244140625,685.0947265625
222,44,1096.1239013671875,696.368408203125
222,45,805.9549560546875,610.5200805664062
222,46,843.3538818359375,625.7205200195312
222,47,879.8280639648438,640.0570678710938
222,48,915.048828125,654.5951538085938
222,49,949.5319213867188,668.4478759765625
222,50,982.31982421875,681.12109375
222,51,1014.4257202148438,693.5490112304688
222,52,1044.4989013671875,704.97021484375
222,53,1073.427490234375,715.5302734375
222,54,789.2001342773438,634.1314086914062
222,55,825.8944091796875,648.8099975585938
222,56,861.1512451171875,662.908203125
222,57,895.7968139648438,675.7531127929688
222,58,929.5802001953125,688.7932739257812
222,59,962.0342407226562,701.6392822265625
222,60,993.1190185546875,712.895263671875
222,61,1023.1422119140625,723.9252319335938
222,62,1051.7099609375,733.971923828125
223,0,814.5741577148438,483.2771911621094
223,1,849.39697265625,511.9664611816406
223,2,883.7777709960938,538.6241455078125
223,3,916.4846801757812,564.760498046875
223,4,948.492431640625,589.1173095703125
223,7,1036.051513671875,652.9578857421875
223,8,1061.8563232421875,671.3712158203125
223,9,791.02001953125,498.6547546386719
223,10,825.5501708984375,524.692138671875
223,11,859.211669921875,549.3727416992188
223,12,891.2227172851562,573.874267578125
223,13,921.8358154296875,597.616455078125
223,16,1008.3396606445312,659.0513916015625
223,17,1033.836181640625,677.2694702148438
223,18,770.9847412109375,510.02880859375
223,19,804.3638916015625,534.373291015625
223,20,836.7438354492188,558.6629638671875
223,21,867.6155395507812,581.9736328125
223,22,898.3522338867188,604.2142944335938
223,23,928.9778442382812,625.873046875
223,24,955.1870727539062,646.4357299804688
223,25,980.4681396484375,664.9475708007812
223,26,1008.3097534179688,682.8804321289062
223,27,753.314453125,519.8322143554688
223,28,785.10498046875,543.78173828125
223,29,815.8753051757812,567.3370361328125
223,30,846.4349365234375,590.1303100585938
223,36,736.167236328125,529.9401245117188
223,37,766.7789306640625,552.8543090820312
223,38,797.0457763671875,575.3728637695312
223,39,825.41552734375,596.9954833984375
223,45,720.9243774414062,538.8423461914062
223,46,750.5213012695312,561.0467529296875
223,47,779.7396850585938,582.4041137695312
223,48,807.9849243164062,603.7301635742188
223,55,734.7431640625,569.2506103515625
223,56,762.9940795898438,590.2033081054688
223,57,792.0784301757812,609.7470703125
224,0,839.3525390625,740.521728515625
224,1,877.0845947265625,751.801513671875
224,2,915.7689819335938,763.1123046875
224,3,954.8106689453125,773.9938354492188
224,4,994.2540893554688,785.286865234375
224,5,1033.917724609375,795.7685546875
224,6,1073.44287109375,806.1522827148438
224,7,1112.884033203125,816.3015747070312
224,8,1151.6080322265625,826.7041625976562
224,9,825.9747924804688,775.8195190429688
224,10,864.4197387695312,787.3750610351562
224,11,903.7626342773438,798.6394653320312
224,12,943.4661865234375,810.119384765625
224,13,983.948486328125,820.76953125
224,14,1024.528076171875,831.761962890625
224,15,1064.8570556640625,842.2571411132812
224,16,1105.113037109375,853.2491455078125
224,17,1144.9478759765625,863.2391967773438
224,18,812.0555419921875,811.8346557617188
224,19,851.066650390625,823.6365356445312
224,20,891.0472412109375,835.7343139648438
224,21,931.7322998046875,847.3447265625
224,22,972.7717895507812,858.8882446289062
224,23,1014.3290405273438,869.9760131835938
224,24,1055.6968994140625,880.5809326171875
224,25,1097.0672607421875,890.8533325195312
224,26,1137.7762451171875,901.3142700195312
224,27,797.6539916992188,848.44140625
224,28,837.5154418945312,860.876708984375
224,29,878.1278076171875,873.1494140625
224,30,919.49951171875,885.1266479492188
224,31,961.7290649414062,897.0663452148438
224,32,1003.6294555664062,908.792724609375
224,33,1046.09033203125,919.86328125
224,34,1088.3756103515625,930.3099975585938
224,35,1130.1275634765625,940.47802734375
224,36,782.5425415039062,885.3525390625
224,37,822.983154296875,898.3306884765625
224,38,864.5927124023438,911.4188232421875
224,39,906.7027587890625,923.9763793945312
224,40,949.9545288085938,936.5228271484375
224,41,992.8350830078125,948.3406372070312
224,42,1036.2637939453125,959.95263671875
224,43,1079.160400390625,970.5324096679688
224,44,1122.0772705078125,981.1359252929688
224,45,766.962646484375,923.355224609375
224,46,808.3880004882812,937.4031372070312
224,47,850.6279296875,951.0769653320312
224,48,893.8695678710938,964.547607421875
224,49,937.4823608398438,977.294921875
224,50,981.3919067382812,989.908935546875
224,51,1025.4429931640625,1001.3895874023438
224,52,1069.3873291015625,1012.63232421875
224,53,1112.8323974609375,1022.84716796875
224,54,751.665283203125,963.1900634765625
224,55,793.3270874023438,977.78125
224,56,836.611328125,992.0914916992188
224,57,880.2611694335938,1006.0494995117188
224,58,924.7731323242188,1019.5621337890625
224,59,969.5735473632812,1031.9490966796875
224,60,1014.3543090820312,1044.1102294921875
224,61,1059.04052734375,1055.1630859375
224,62,1103.4405517578125,1065.618408203125
225,0,751.6741943359375,778.0543212890625
225,1,791.166259765625,779.4410400390625
225,2,832.4577026367188,781.7608032226562
225,3,874.9359741210938,782.4712524414062
225,4,918.998046875,784.0316772460938
225,5,963.4908447265625,784.2772216796875
225,6,1008.8925170898438,784.3353271484375
225,7,1054.8812255859375,784.6471557617188
225,8,1101.02734375,784.9428100585938
225,9,737.1744384765625,804.9728393554688
225,10,778.252197265625,806.9135131835938
225,11,820.8009643554688,808.6275634765625
225,12,864.8524169921875,809.9076538085938
225,13,910.5328369140625,810.271240234375
225,14,956.839111328125,810.5823364257812
225,15,1004.3770141601562,811.0311889648438
225,16,1052.74853515625,812.2022705078125
225,17,1100.9141845703125,812.253173828125
225,18,721.7139282226562,833.1787109375
225,19,763.9271240234375,835.5435791015625
225,20,808.0040893554688,837.4337158203125
225,21,853.900390625,839.2550048828125
225,22,901.531982421875,840.62255859375
225,23,949.9937133789062,841.2142333984375
225,24,999.67333984375,841.1494750976562
225,25,1050.06494140625,841.1270141601562
225,26,1100.8648681640625,842.265869140625
225,27,704.2918701171875,862.0211791992188
225,28,748.157958984375,864.7387084960938
225,29,793.6156616210938,866.9893798828125
225,30,841.4491577148438,869.1397094726562
225,31,891.0850219726562,871.264892578125
225,32,942.1539306640625,873.1668090820312
225,33,994.108154296875,873.65771484375
225,34,1047.4000244140625,874.04833984375
225,35,1100.6353759765625,873.9662475585938
225,36,685.2300415039062,890.5507202148438
225,37,730.151123046875,894.096435546875
225,38,777.8139038085938,897.8168334960938
225,39,827.4072875976562,900.9610595703125
225,40,879.7464599609375,903.9774169921875
225,41,932.8775024414062,906.2569580078125
225,42,988.1688232421875,908.478515625
225,43,1044.0113525390625,909.4261474609375
225,44,1100.668701171875,910.3494262695312
225,45,664.1834716796875,922.0996704101562
225,46,711.4705200195312,927.7356567382812
225,47,760.97119140625,933.1328125
225,48,813.0618286132812,938.0667724609375
225,49,867.4862060546875,942.1260986328125
225,50,923.926513671875,945.8992309570312
225,51,981.2669067382812,948.0552368164062
225,52,1040.3193359375,950.0674438476562
225,53,1099.5911865234375,950.605712890625
225,54,643.2987670898438,958.3162841796875
225,55,691.25,964.7425537109375
225,56,742.9921264648438,971.6204833984375
225,57,797.252685546875,978.418212890625
225,58,854.51708984375,983.7870483398438
225,59,913.1726684570312,987.33154296875
225,60,974.0693359375,991.2509765625
225,61,1036.1005859375,993.1187133789062
225,62,1099.19140625,993.9171752929688
226,0,886.0809326171875,804.43505859375
226,1,913.9143676757812,819.341796875
226,2,942.1798706054688,834.479736328125
226,3,971.0689697265625,849.128173828125
226,4,1000.5762329101562,864.2518310546875
226,5,1030.251953125,878.6079711914062
226,6,1060.25927734375,893.1226196289062
226,7,1090.5843505859375,907.4849853515625
226,8,1121.185791015625,921.0853271484375
226,9,869.395751953125,825.2037353515625
226,10,897.8013916015625,840.997802734375
226,11,926.7125854492188,856.4733276367188
226,12,956.25634765625,871.4679565429688
226,13,986.4882202148438,886.263427734375
226,14,1017.0076904296875,901.0455932617188
226,15,1047.818359375,916.1989135742188
226,16,1078.76513671875,931.5481567382812
226,17,1110.0230712890625,946.0050048828125
226,18,851.95068359375,847.7984008789062
226,19,880.758056640625,863.6434936523438
226,20,910.37548828125,878.8095092773438
226,21,940.61572265625,894.28955078125
226,22,971.5634765625,910.0132446289062
226,23,1002.738037109375,925.5106201171875
226,24,1034.429931640625,940.6676635742188
226,25,1066.2640380859375,956.1116333007812
226,26,1098.095458984375,971.6485595703125
226,27,833.7793579101562,870.1099243164062
226,28,863.1942138671875,885.9953002929688
226,29,893.3314208984375,902.0003662109375
226,30,924.308837890625,917.9119873046875
226,31,955.9544067382812,934.2218627929688
226,32,987.8983154296875,950.4226684570312
226,33,1020.2625122070312,966.3484497070312
226,34,1052.9793701171875,982.3011474609375
226,35,1085.892333984375,997.89306640625
226,36,814.888671875,892.2164916992188
226,37,844.7867431640625,909.164794921875
226,38,875.4403076171875,926.192626953125
226,39,907.0494995117188,942.6749267578125
226,40,939.586669921875,959.5186157226562
226,41,972.214111328125,976.1739501953125
226,42,1005.4137573242188,993.009765625
226,43,1038.9368896484375,1009.3631591796875
226,44,1072.689453125,1025.507568359375
226,45,795.1182250976562,914.999267578125
226,46,825.6937255859375,933.1432495117188
226,47,856.982666015625,951.00634765625
226,48,889.164794921875,968.5326538085938
226,49,922.2461547851562,986.0430908203125
226,50,955.7747192382812,1003.732421875
226,51,989.5919799804688,1020.7687377929688
226,52,1024.1466064453125,1037.9786376953125
226,53,1058.658447265625,1054.6282958984375
226,54,774.941650390625,938.2285766601562
226,55,805.6903686523438,956.7869262695312
226,56,837.6699829101562,975.6796875
226,57,870.3896484375,994.7800903320312
226,58,904.1560668945312,1013.3670043945312
226,59,938.3406982421875,1031.4215087890625
226,60,973.0980834960938,1049.6502685546875
226,61,1008.4275512695312,1067.29833984375
226,62,1044.061279296875,1084.146240234375
227,0,887.267333984375,804.5968627929688
227,1,914.8203735351562,819.8997802734375
227,2,943.1126708984375,834.9993896484375
227,3,971.8374633789062,849.92431640625
227,4,1001.1011962890625,865.0428466796875
227,5,1030.7314453125,879.6080322265625
227,6,1060.64306640625,894.11572265625
227,7,1090.80224609375,908.7410278320312
227,8,1121.3377685546875,922.5617065429688
227,9,870.401123046875,825.2876586914062
227,10,898.5933227539062,841.2186279296875
227,11,927.4197998046875,856.7127685546875
227,12,956.8732299804688,871.9804077148438
227,13,986.9953002929688,886.8810424804688
227,14,1017.3999633789062,901.9136352539062
227,15,1047.9991455078125,917.0624389648438
227,16,1078.7779541015625,932.4877319335938
227,17,1109.9547119140625,947.0162353515625
227,18,852.8760375976562,847.7618408203125
227,19,881.5123291015625,863.5358276367188
227,20,911.0404663085938,878.8624877929688
227,21,941.1130981445312,894.4954223632812
227,22,971.9592895507812,910.4482421875
227,23,1002.9418334960938,926.06982421875
227,24,1034.4705810546875,941.40673828125
227,25,1066.2401123046875,957.0062866210938
227,26,1097.930908203125,972.5531005859375
227,27,834.530029296875,869.8084106445312
227,28,863.9465942382812,885.7098999023438
227,29,893.9620971679688,901.8388061523438
227,30,924.7243041992188,917.9482421875
227,31,956.0503540039062,934.4299926757812
227,32,987.8978271484375,950.8847045898438
227,33,1020.1281127929688,966.8916625976562
227,34,1052.7657470703125,982.9470825195312
227,35,1085.4522705078125,998.6710205078125
227,36,815.5488891601562,891.6943969726562
227,37,845.2804565429688,908.6526489257812
227,38,875.98388671875,925.869140625
227,39,907.2932739257812,942.5167236328125
227,40,939.5941162109375,959.5003662109375
227,41,972.1168212890625,976.1871337890625
227,42,1005.1286010742188,993.3145141601562
227,43,1038.53466796875,1009.9224853515625
227,44,1072.196044921875,1026.16845703125
227,45,795.739501953125,914.188232421875
227,46,826.1232299804688,932.42578125
227,47,857.1976318359375,950.407958984375
227,48,889.206298828125,968.0798950195312
227,49,922.1422729492188,985.8750610351562
227,50,955.4197387695312,1003.6927490234375
227,51,989.1366577148438,1020.855712890625
227,52,1023.3983764648438,1038.23095703125
227,53,1057.900146484375,1055.1134033203125
227,54,775.3333740234375,937.1058959960938
227,55,805.9546508789062,955.8480834960938
227,56,837.7576293945312,974.8558349609375
227,57,870.3121948242188,994.1600952148438
227,58,903.7986450195312,1012.9276733398438
227,59,937.865478515625,1031.0279541015625
227,60,972.4354248046875,1049.509521484375
227,61,1007.6063842773438,1067.380859375
227,62,1043.111083984375,1084.5772705078125
228,0,705.8358764648438,709.8157348632812
228,1,745.6000366210938,711.4927368164062
228,2,787.3998413085938,713.9158935546875
228,3,830.69580078125,715.2353515625
228,4,876.2767944335938,717.3028564453125
228,5,922.6666259765625,718.2945556640625
228,6,970.34814453125,719.312744140625
228,7,1019.0653076171875,720.6221923828125
228,8,1068.84033203125,721.8444213867188
228,9,689.7405395507812,741.7962036132812
228,10,730.4320068359375,744.2503051757812
228,11,773.1453857421875,746.390380859375
228,12,817.848388671875,748.5883178710938
228,13,864.6351928710938,749.7415771484375
228,14,912.8617553710938,751.1611328125
228,15,962.6172485351562,752.9710083007812
228,16,1013.7066040039062,755.2635498046875
228,17,1065.3173828125,756.3885498046875
228,18,672.47265625,775.7648315429688
228,19,714.1409301757812,778.9075317382812
228,20,758.0076904296875,781.3095092773438
228,21,804.114013671875,783.8409423828125
228,22,852.6970825195312,786.58935546875
228,23,902.7610473632812,788.8065795898438
228,24,954.318603515625,790.0802001953125
228,25,1007.6461791992188,791.71044921875
228,26,1061.903564453125,794.0797729492188
228,27,653.1743774414062,809.9187622070312
228,28,696.1945190429688,814.0668334960938
228,29,741.40185546875,817.8267822265625
228,30,789.0155029296875,821.4872436523438
228,31,839.25244140625,824.9547729492188
228,32,891.5665283203125,828.2909545898438
228,33,945.218017578125,830.4928588867188
228,34,1001.1329345703125,832.8922729492188
228,35,1057.7728271484375,834.4013061523438
228,36,632.2340698242188,845.2534790039062
228,37,676.4456176757812,851.1469116210938
228,38,723.3601684570312,856.9949340820312
228,39,772.42041015625,861.1165771484375
228,40,824.7683715820312,865.9749755859375
228,41,878.7527465820312,869.8372802734375
228,42,935.5557250976562,873.9279174804688
228,43,993.4225463867188,876.4849853515625
228,44,1053.2813720703125,879.35791015625
228,45,610.5375366210938,883.5325317382812
228,46,656.1900634765625,891.1764526367188
228,47,704.42333984375,898.532958984375
228,48,755.279541015625,904.9030151367188
228,49,809.3932495117188,910.9095458984375
228,50,866.0960083007812,916.6980590820312
228,51,924.4599609375,920.8965454101562
228,52,985.7015380859375,925.1633911132812
228,53,1047.6761474609375,927.8071899414062
228,54,588.654541015625,925.3851318359375
228,55,634.3385620117188,933.77880859375
228,56,683.9532470703125,942.595703125
228,57,736.918212890625,951.3133544921875
228,58,792.99560546875,959.2356567382812
228,59,851.3096313476562,965.390380859375
228,60,912.9010009765625,972.1428833007812
228,61,976.5494995117188,976.8492431640625
228,62,1042.1390380859375,981.041259765625
229,0,822.3289184570312,328.7840270996094
229,1,856.7916259765625,358.5533447265625
229,2,890.3539428710938,386.96612548828125
229,3,922.418212890625,415.1526794433594
229,4,953.3005981445312,441.39520263671875
229,5,982.9841918945312,465.8884582519531
229,6,1010.74072265625,489.3998107910156
229,9,793.1070556640625,353.937255859375
229,10,827.215087890625,381.2767028808594
229,11,860.4400634765625,407.9330749511719
229,12,892.275390625,434.0480651855469
229,13,922.9951782226562,459.5457763671875
229,14,952.2252197265625,483.5142822265625
229,15,980.5693969726562,506.0261535644531
229,18,766.8735961914062,375.53106689453125
229,19,800.3630981445312,401.2798767089844
229,20,832.852294921875,427.05340576171875
229,21,864.0438232421875,451.95648193359375
229,22,894.550048828125,475.87457275390625
229,23,923.4064331054688,498.8658142089844
229,24,951.2611083984375,521.0652465820312
229,25,978.60546875,541.8779907226562
229,26,1003.0023803710938,561.0523071289062
229,27,742.8854370117188,395.1524658203125
229,28,775.575439453125,420.51397705078125
229,29,807.1416625976562,445.2215270996094
229,30,837.7210693359375,469.1629638671875
229,31,867.4637451171875,492.1689147949219
229,32,896.3173217773438,514.0491333007812
229,33,924.1072387695312,535.155517578125
229,34,950.4214477539062,555.2034301757812
229,35,974.9390869140625,574.15380859375
229,36,720.2761840820312,414.7760314941406
229,37,752.0699462890625,438.8739318847656
229,38,782.935302734375,462.4273986816406
229,39,812.99267578125,485.6470642089844
229,40,842.4286499023438,508.099853515625
229,41,870.8226318359375,529.1671752929688
229,42,898.0254516601562,549.2537231445312
229,43,925.444091796875,569.03125
229,44,949.3221435546875,586.880859375
229,45,699.6655883789062,432.9451904296875
229,46,730.7240600585938,455.8288269042969
229,47,760.9657592773438,478.2018737792969
229,48,790.1683959960938,500.573486328125
229,49,818.9773559570312,522.1145629882812
229,50,846.7769165039062,542.2300415039062
229,51,874.7374267578125,562.134765625
229,52,899.816650390625,580.7017211914062
229,53,924.6533813476562,598.12353515625
229,54,680.4098510742188,450.0845031738281
229,55,710.3577270507812,472.4343566894531
229,56,739.8684692382812,494.1127014160156
229,57,769.015869140625,514.55859375
229,58,797.0860595703125,535.1183471679688
229,59,823.791015625,554.9287719726562
229,60,850.7053833007812,574.046142578125
230,0,851.2003784179688,746.323486328125
230,1,890.1761474609375,756.9081420898438
230,2,930.0339965820312,767.9434204101562
230,3,970.25390625,777.9932250976562
230,4,1011.2715454101562,788.9556884765625
230,5,1052.693603515625,798.9308471679688
230,6,1094.055908203125,808.911376953125
230,7,1135.408447265625,818.5916748046875
230,8,1176.3421630859375,828.5430908203125
230,9,837.6062622070312,782.8551635742188
230,10,876.98828125,793.9247436523438
230,11,917.5907592773438,804.89306640625
230,12,958.723388671875,815.918701171875
230,13,1000.7793579101562,826.1593627929688
230,14,1042.96826171875,836.677734375
230,15,1085.328369140625,846.7974243164062
230,16,1127.58349609375,857.3215942382812
230,17,1169.453369140625,866.7388305664062
230,18,823.463134765625,820.176513671875
230,19,863.5401611328125,831.7162475585938
230,20,904.6261596679688,843.20654296875
230,21,946.548095703125,854.652587890625
230,22,989.3901977539062,865.8551025390625
230,23,1032.5511474609375,876.6292114257812
230,24,1075.76513671875,886.8706665039062
230,25,1119.1341552734375,896.57275390625
230,26,1162.1787109375,906.9903564453125
230,27,808.7523193359375,858.1937866210938
230,28,849.4364624023438,870.3191528320312
230,29,891.2163696289062,882.1856689453125
230,30,933.7702026367188,894.1847534179688
230,31,977.7130737304688,905.9322509765625
230,32,1021.37548828125,917.2432861328125
230,33,1065.9075927734375,928.0564575195312
230,34,1110.2525634765625,938.4204711914062
230,35,1154.1202392578125,948.0740966796875
230,36,793.0836181640625,896.3072509765625
230,37,834.3851318359375,909.1387939453125
230,38,877.1624755859375,922.0582275390625
230,39,920.6060791015625,934.04296875
230,40,965.3770141601562,946.8797607421875
230,41,1010.063720703125,958.4653930664062
230,42,1055.4066162109375,970.157958984375
230,43,1100.5111083984375,980.5286254882812
230,44,1145.549560546875,991.0653686523438
230,45,776.9464721679688,935.6243896484375
230,46,819.337890625,949.5927734375
230,47,862.89794921875,963.3587646484375
230,48,907.2078247070312,976.7284545898438
230,49,952.61572265625,989.7042846679688
230,50,998.5099487304688,1002.1538696289062
230,51,1044.1177978515625,1013.3892822265625
230,52,1090.37646484375,1024.7706298828125
230,53,1136.032958984375,1034.6748046875
230,54,761.2604370117188,976.7006225585938
230,55,803.90625,991.2606811523438
230,56,848.2066040039062,1005.8421020507812
230,57,893.2816772460938,1019.7970581054688
230,58,939.4970703125,1033.535400390625
230,59,985.8551635742188,1045.9342041015625
230,60,1032.630859375,1058.176513671875
230,61,1079.485595703125,1069.2071533203125
230,62,1125.9580078125,1079.75341796875
231,0,872.663818359375,856.2926025390625
231,1,901.39697265625,868.4188232421875
231,2,931.11572265625,880.5530395507812
231,3,961.3317260742188,892.30078125
231,4,992.7973022460938,904.35888671875
231,5,1024.5858154296875,915.6288452148438
231,6,1056.8680419921875,926.9502563476562
231,7,1089.827392578125,938.1983642578125
231,8,1123.0782470703125,948.6224365234375
231,9,856.0997924804688,875.0671997070312
231,10,885.56494140625,888.1751098632812
231,11,915.8779296875,900.5482788085938
231,12,947.0347290039062,912.5626831054688
231,13,979.1521606445312,924.3121337890625
231,14,1011.9630126953125,936.0060424804688
231,15,1045.1373291015625,948.1575927734375
231,16,1078.9498291015625,960.3800659179688
231,17,1113.2091064453125,971.8478393554688
231,18,838.802734375,895.8690795898438
231,19,868.382568359375,908.6886596679688
231,20,899.727783203125,920.8471069335938
231,21,931.70947265625,933.2473754882812
231,22,964.7142333984375,946.0367431640625
231,23,998.1626586914062,958.583251953125
231,24,1032.576416015625,970.6131591796875
231,25,1067.4619140625,983.1083374023438
231,26,1102.673828125,995.9457397460938
231,27,820.5148315429688,915.94921875
231,28,851.0654907226562,928.904296875
231,29,882.776611328125,942.00634765625
231,30,915.4335327148438,954.924560546875
231,31,949.2258911132812,968.52490234375
231,32,983.9126586914062,981.9156494140625
231,33,1019.0519409179688,994.819091796875
231,34,1055.0816650390625,1007.9710083007812
231,35,1091.6346435546875,1020.6406860351562
231,36,801.0057373046875,935.8309936523438
231,37,832.2106323242188,950.0172119140625
231,38,864.6270751953125,964.1680908203125
231,39,898.175048828125,977.8820190429688
231,40,932.924072265625,991.95751953125
231,41,968.3248291015625,1006.0117797851562
231,42,1004.5991821289062,1019.9918212890625
231,43,1041.875732421875,1033.7662353515625
231,44,1079.323974609375,1047.227294921875
231,45,780.7849731445312,956.2583618164062
231,46,812.5462036132812,971.913330078125
231,47,845.6771240234375,987.0625610351562
231,48,879.8499145507812,1002.07958984375
231,49,915.4012451171875,1017.0241088867188
231,50,951.8535766601562,1032.1690673828125
231,51,989.1610717773438,1046.5931396484375
231,52,1027.56298828125,1061.5283203125
231,53,1066.3802490234375,1075.8895263671875
231,54,759.1023559570312,977.329833984375
231,55,791.6415405273438,993.4013671875
231,56,825.29833984375,1009.921630859375
231,57,860.29638671875,1026.81201171875
231,58,896.84912109375,1043.1634521484375
231,59,934.1844482421875,1058.7568359375
231,60,972.7412719726562,1074.7510986328125
231,61,1012.1998901367188,1090.2515869140625
231,62,1052.4359130859375,1104.8270263671875
232,0,780.2753295898438,194.34896850585938
232,1,816.3360595703125,222.72767639160156
232,2,851.625,250.2241668701172
232,3,885.4651489257812,277.5145568847656
232,4,918.4609985351562,303.6813049316406
232,5,949.9420776367188,328.4743347167969
232,6,979.8258056640625,352.35736083984375
232,7,1008.4894409179688,375.16339111328125
232,8,1035.287109375,396.82666015625
232,9,752.7625732421875,222.61337280273438
232,10,788.355224609375,248.85012817382812
232,11,823.2070922851562,274.4249572753906
232,12,856.8975830078125,299.8883972167969
232,13,889.325439453125,325.0750427246094
232,14,920.3355102539062,349.1099853515625
232,15,950.14208984375,371.91510009765625
232,16,978.6737670898438,393.16033935546875
232,17,1005.8677978515625,414.04107666015625
232,18,728.407958984375,247.51394653320312
232,19,763.2660522460938,272.0669250488281
232,20,797.1893310546875,296.77655029296875
232,21,829.933349609375,320.9241027832031
232,22,862.0117797851562,344.4965515136719
232,23,892.6541748046875,367.3017883300781
232,24,922.1057739257812,389.7935485839844
232,25,950.5831298828125,410.9363708496094
232,26,977.4199829101562,430.6319580078125
232,27,706.2498168945312,270.43182373046875
232,28,739.9948120117188,294.3536682128906
232,29,772.8292846679688,318.1664733886719
232,30,804.913818359375,341.3417053222656
232,31,836.4170532226562,363.8831787109375
232,32,866.6493530273438,385.5255126953125
232,33,895.97314453125,406.70928955078125
232,34,923.97021484375,427.03594970703125
232,35,950.5660400390625,446.63323974609375
232,36,685.1102294921875,292.99798583984375
232,37,718.0794067382812,315.9208068847656
232,38,750.2393188476562,338.37896728515625
232,39,781.5101928710938,360.8688659667969
232,40,812.3001098632812,382.6844482421875
232,41,841.8568115234375,403.47894287109375
232,42,870.7526245117188,423.68572998046875
232,43,898.6401977539062,443.04315185546875
232,44,925.244873046875,461.559326171875
232,45,666.0625,314.1942138671875
232,46,697.9956665039062,335.87432861328125
232,47,729.4696044921875,357.0650634765625
232,48,760.0665893554688,378.6357116699219
232,49,790.01123046875,399.6770324707031
232,50,819.1288452148438,419.396728515625
232,51,847.7215576171875,438.9332275390625
232,52,874.8711547851562,457.7004699707031
232,53,901.7510986328125,475.2420349121094
232,54,648.091796875,334.3065490722656
232,55,679.0579833984375,355.239990234375
232,56,709.5438842773438,375.9284973144531
232,57,739.8554077148438,395.48675537109375
232,58,769.3048706054688,415.49920654296875
232,59,797.7003173828125,435.1562194824219
232,60,825.5806884765625,453.5921630859375
232,61,852.3792114257812,471.51531982421875
232,62,878.6227416992188,488.7236022949219
233,0,740.7653198242188,374.6460876464844
233,1,790.0993041992188,395.5831604003906
233,2,838.402587890625,415.48284912109375
233,3,885.0986938476562,435.79150390625
233,4,930.13037109375,454.6648864746094
233,5,972.95068359375,472.1885986328125
233,6,1013.287109375,489.0207824707031
233,7,1051.7059326171875,504.77703857421875
233,8,1087.560302734375,519.7462768554688
233,9,720.9324951171875,412.7206115722656
233,10,768.7509155273438,431.1389465332031
233,11,815.7431640625,449.0463562011719
233,12,860.9081420898438,467.17388916015625
233,13,904.8859252929688,485.1078796386719
233,14,946.6317138671875,502.1068420410156
233,15,986.5413818359375,517.7261352539062
233,16,1024.126708984375,531.8862915039062
233,17,1060.0400390625,545.85546875
233,18,703.6222534179688,445.53485107421875
233,19,749.8418579101562,462.4552917480469
233,20,794.91259765625,479.5796203613281
233,21,838.707763671875,496.3496398925781
233,22,881.4126586914062,512.7151489257812
233,23,922.1782836914062,528.2548828125
233,24,961.2684936523438,543.7916259765625
233,25,998.6807861328125,558.0362548828125
233,26,1033.6478271484375,570.5357666015625
233,27,688.2777709960938,474.85797119140625
233,28,732.6578369140625,491.4271545410156
233,29,776.16015625,507.9084167480469
233,30,818.3341674804688,524.0140380859375
233,31,859.8671875,538.9466552734375
233,32,899.6212158203125,553.6939697265625
233,33,937.9066162109375,567.7775268554688
233,34,974.3023681640625,580.97802734375
233,35,1009.0211791992188,593.7969360351562
233,36,673.9668579101562,503.2873229980469
233,37,716.7954711914062,518.7753295898438
233,38,758.7084350585938,534.1732788085938
233,39,799.6826171875,549.71875
233,40,839.6709594726562,564.3912963867188
233,41,878.5380249023438,578.2075805664062
233,42,915.8257446289062,591.1178588867188
233,43,952.180419921875,603.8131103515625
233,44,985.92236328125,615.35009765625
233,45,661.3656005859375,529.0454711914062
233,46,702.6967163085938,543.8387451171875
233,47,743.1455688476562,558.0206909179688
233,48,782.8274536132812,572.610595703125
233,49,821.5031127929688,586.3099975585938
233,50,859.1209716796875,599.5348510742188
233,51,895.9739379882812,612.2103271484375
233,52,930.6171875,624.060791015625
233,53,964.2767333984375,634.6427001953125
233,54,649.9204711914062,553.3567504882812
233,55,689.3681030273438,567.7406616210938
233,56,728.4881591796875,581.3203735351562
233,57,766.6566772460938,594.148681640625
233,58,804.7750244140625,607.2346801757812
233,59,841.1707153320312,620.1844482421875
233,60,876.251953125,631.7991333007812
233,61,910.2341918945312,643.0162963867188
233,62,943.8125610351562,653.225830078125
234,0,845.9033813476562,740.7264404296875
234,1,884.06103515625,752.1746215820312
234,2,922.9681396484375,763.75732421875
234,3,962.3635864257812,774.8131103515625
234,4,1002.5818481445312,786.3298950195312
234,5,1042.8489990234375,797.1447143554688
234,6,1083.1766357421875,807.8402709960938
234,7,1123.4156494140625,818.199462890625
234,8,1163.02587890625,828.789794921875
234,9,831.9576416015625,776.7900390625
234,10,870.5283203125,788.3629150390625
234,11,910.3362426757812,799.9817504882812
234,12,950.5033569335938,811.65478515625
234,13,991.532470703125,822.6556396484375
234,14,1032.834228515625,833.7828369140625
234,15,1073.94482421875,844.7390747070312
234,16,1115.0367431640625,855.96337890625
234,17,1155.7828369140625,866.2064819335938
234,18,817.5488891601562,813.2327270507812
234,19,856.66650390625,825.490966796875
234,20,897.1431274414062,837.7435302734375
234,21,938.08251953125,849.5745849609375
234,22,979.8252563476562,861.4716186523438
234,23,1021.8182983398438,872.8672485351562
234,24,1064.0465087890625,883.8779907226562
234,25,1106.0565185546875,894.1461791992188
234,26,1147.707763671875,905.3213500976562
234,27,802.390869140625,850.5704956054688
234,28,842.5216064453125,863.213134765625
234,29,883.28662109375,875.7803344726562
234,30,925.0193481445312,888.2105712890625
234,31,967.681396484375,900.278564453125
234,32,1010.4396362304688,912.6500854492188
234,33,1053.4530029296875,923.7976684570312
234,34,1096.7008056640625,934.9932250976562
234,35,1139.3575439453125,945.2179565429688
234,36,786.787841796875,887.8392333984375
234,37,827.1294555664062,901.144287109375
234,38,868.9728393554688,914.6232299804688
234,39,911.481201171875,927.2447509765625
234,40,955.1572875976562,940.5554809570312
234,41,998.6763916015625,952.5621337890625
234,42,1042.845458984375,964.9729614257812
234,43,1086.616943359375,976.0032958984375
234,44,1130.2288818359375,987.191162109375
234,45,770.5159301757812,926.1694946289062
234,46,811.951171875,940.613525390625
234,47,854.4608154296875,954.5767211914062
234,48,897.87353515625,968.6896362304688
234,49,942.0146484375,982.0945434570312
234,50,986.51318359375,995.1261596679688
234,51,1030.9627685546875,1007.042724609375
234,52,1075.9703369140625,1019.0239868164062
234,53,1120.158935546875,1029.59228515625
234,54,754.6658325195312,966.33251953125
234,55,796.267578125,981.4614868164062
234,56,839.6010131835938,996.3123779296875
234,57,883.5712890625,1010.653076171875
234,58,928.4974365234375,1024.8931884765625
234,59,973.750244140625,1038.0093994140625
234,60,1019.0448608398438,1050.6461181640625
234,61,1064.680908203125,1062.216064453125
234,62,1109.694580078125,1073.3814697265625
235,2,855.9065551757812,409.0452880859375
235,3,894.658447265625,432.4494934082031
235,4,932.7220458984375,454.8775939941406
235,5,969.2784423828125,477.39990234375
235,6,1004.3428955078125,499.4880065917969
235,7,1038.1944580078125,520.5872802734375
235,8,1070.391357421875,540.6725463867188
235,9,754.379638671875,393.3416748046875
235,10,793.5620727539062,416.37567138671875
235,11,832.4102783203125,439.0448303222656
235,12,870.3539428710938,461.2724609375
235,13,907.5103149414062,483.8352966308594
235,14,943.3923950195312,505.6357727050781
235,15,978.2687377929688,526.242919921875
235,16,1011.4998779296875,545.832275390625
235,17,1043.56298828125,564.9203491210938
235,18,734.1875,424.66705322265625
235,19,772.6304931640625,446.4330139160156
235,20,810.282470703125,468.2747497558594
235,21,847.2969970703125,489.6968688964844
235,22,883.9356689453125,510.7769775390625
235,23,919.000732421875,531.1803588867188
235,24,953.135986328125,551.4238891601562
235,25,986.2957153320312,570.5770263671875
235,26,1017.947021484375,588.3524780273438
235,27,714.9644775390625,455.90155029296875
235,28,752.4415283203125,476.37969970703125
235,29,789.3502197265625,496.94122314453125
235,30,825.6863403320312,517.1136474609375
235,31,861.4863891601562,536.9241333007812
235,32,896.0902709960938,556.2488403320312
235,33,929.8504638671875,575.0320434570312
235,34,962.1546020507812,593.0739135742188
235,35,993.478759765625,610.4915161132812
235,36,697.5455932617188,484.2447814941406
235,37,733.991943359375,504.0580749511719
235,38,769.97607421875,523.6239624023438
235,39,805.5137939453125,542.948486328125
235,40,840.2830200195312,561.9297485351562
235,41,874.449462890625,580.1790161132812
235,42,907.2840576171875,597.7804565429688
235,43,939.5772705078125,615.0265502929688
235,44,970.3221435546875,631.3484497070312
235,45,682.6832275390625,508.6357421875
235,46,717.8804931640625,527.74072265625
235,47,752.8807983398438,546.2886962890625
235,48,787.1466674804688,565.2180786132812
235,49,821.2590942382812,583.7474975585938
235,50,854.2449340820312,600.8798217773438
235,51,886.9672241210938,618.1266479492188
235,52,918.1289672851562,634.501708984375
235,53,948.7152709960938,650.0211791992188
235,54,669.0442504882812,531.035400390625
235,55,702.96533203125,549.923828125
235,56,736.79931640625,568.2642211914062
235,57,770.2684936523438,585.8652954101562
235,58,803.3025512695312,603.7490234375
235,59,835.812255859375,621.0975952148438
235,60,867.061767578125,637.060791015625
235,61,897.8945922851562,652.8554077148438
235,62,927.8961181640625,667.661376953125
236,0,807.635009765625,395.06048583984375
236,1,841.067138671875,425.9320983886719
236,2,873.86279296875,455.3403625488281
236,3,905.2217407226562,483.9202880859375
236,4,935.8986206054688,511.1072082519531
236,5,965.3042602539062,536.2044067382812
236,6,993.1978149414062,560.1810302734375
236,7,1019.6988525390625,581.991943359375
236,8,1044.580810546875,603.6522216796875
236,9,780.3359985351562,414.89263916015625
236,10,813.6029052734375,443.18438720703125
236,11,845.9345092773438,470.561767578125
236,12,876.984619140625,497.4468078613281
236,13,907.0297241210938,523.8157348632812
236,14,935.703857421875,548.2958984375
236,15,964.436767578125,571.548828125
236,16,989.8516845703125,592.5587158203125
236,17,1014.3565673828125,612.3946533203125
236,18,756.646484375,430.8410339355469
236,19,788.9027099609375,457.4970703125
236,20,820.2937622070312,484.170654296875
236,21,850.3912963867188,509.95086669921875
236,22,880.3782958984375,534.4476318359375
236,23,908.2089233398438,557.97802734375
236,24,935.5401611328125,580.9517211914062
236,25,962.9605102539062,602.5645751953125
236,26,987.069580078125,621.9840087890625
236,27,735.197021484375,444.983154296875
236,28,766.4205932617188,471.1514892578125
236,29,796.5187377929688,496.9089050292969
236,30,826.1245727539062,521.8138427734375
236,31,854.76416015625,545.651123046875
236,32,883.0783081054688,568.0958862304688
236,35,960.43603515625,630.4112548828125
236,36,714.8320922851562,459.2761535644531
236,37,745.1007690429688,484.3507080078125
236,38,774.7227783203125,508.977783203125
236,39,803.1312866210938,533.1102905273438
236,40,831.5825805664062,556.4066772460938
236,45,696.4528198242188,472.4104919433594
236,46,725.7929077148438,496.4434509277344
236,47,754.5961303710938,519.8145751953125
236,48,782.60888671875,542.93701171875
236,49,809.6800537109375,565.4911499023438
236,54,679.1238403320312,484.93487548828125
236,55,707.35107421875,508.2627258300781
236,56,735.3995971679688,530.8543701171875
236,57,762.9073486328125,552.34716796875
236,58,789.9461059570312,573.9006958007812
236,59,815.4974975585938,594.9235229492188
237,4,938.6741333007812,441.5604248046875
237,5,973.7550659179688,464.7091064453125
237,6,1007.04296875,487.0712585449219
237,7,1039.4434814453125,508.36505126953125
237,8,1069.5289306640625,528.6632690429688
237,9,763.9859008789062,368.8906555175781
237,10,802.2312622070312,393.4601135253906
237,11,839.8700561523438,417.5572814941406
237,12,876.3226928710938,441.4748840332031
237,13,912.1817626953125,465.1226501464844
237,14,946.3385620117188,487.5638427734375
237,15,979.5186157226562,508.7631530761719
237,16,1011.1971435546875,528.5689086914062
237,17,1041.59716796875,547.9732666015625
237,18,742.8758544921875,395.9710693359375
237,19,780.10546875,418.9701232910156
237,20,816.7587890625,442.0466003417969
237,21,852.3125610351562,464.4839172363281
237,22,887.3978271484375,486.42584228515625
237,23,920.9963989257812,507.81500244140625
237,24,953.457275390625,528.5380249023438
237,25,984.7897338867188,548.1876831054688
237,26,1014.5734252929688,566.4315795898438
237,27,724.2161865234375,419.7391052246094
237,28,760.2442626953125,442.1240539550781
237,29,795.3265991210938,464.4964294433594
237,30,830.1390380859375,486.10260009765625
237,31,864.2091674804688,506.989501953125
237,32,897.0098876953125,527.3251342773438
237,33,929.05322265625,546.8933715820312
237,34,959.8795166015625,565.836181640625
237,35,989.0274658203125,584.0184326171875
237,36,706.7623901367188,442.8227233886719
237,37,741.5671997070312,464.15301513671875
237,38,775.758056640625,485.38250732421875
237,39,809.2463989257812,506.5687561035156
237,40,842.4334106445312,526.8742065429688
237,41,874.626708984375,546.2877197265625
237,42,905.9762573242188,564.950927734375
237,43,936.9953002929688,583.2218017578125
237,44,965.3486328125,600.277099609375
237,45,690.8470458984375,464.0047302246094
237,46,724.5242919921875,484.3302001953125
237,47,757.9964599609375,504.4493713378906
237,48,790.5938110351562,524.7750244140625
237,49,822.318603515625,544.7163696289062
237,50,854.0955810546875,563.0891723632812
237,51,885.1282958984375,580.6163940429688
237,52,914.2618408203125,598.6241455078125
237,53,943.0302124023438,614.88037109375
237,54,676.1901245117188,483.9107666015625
237,55,708.4815063476562,503.96075439453125
237,56,740.8682250976562,523.4612426757812
237,57,772.8350219726562,541.9353637695312
237,58,804.1307373046875,560.781982421875
237,59,834.2821044921875,579.2200317382812
237,60,864.44921875,596.4144897460938
238,0,823.08349609375,769.1178588867188
238,1,861.18798828125,773.4794921875
238,2,900.430419921875,778.777587890625
238,3,940.4946899414062,782.7020263671875
238,4,982.0585327148438,787.476806640625
238,5,1023.8038330078125,791.281494140625
238,6,1066.0089111328125,794.8582153320312
238,7,1108.7525634765625,798.5985107421875
238,8,1151.2325439453125,802.5811157226562
238,9,811.7427978515625,802.6678466796875
238,10,850.5557250976562,807.73388671875
238,11,890.6566772460938,812.4972534179688
238,12,931.9523315429688,817.4609375
238,13,974.119384765625,821.1895141601562
238,14,1017.1040649414062,825.5400390625
238,15,1060.948486328125,829.616455078125
238,16,1104.9239501953125,834.1504516601562
238,17,1149.0477294921875,837.6488037109375
238,18,799.6776123046875,837.2554321289062
238,19,839.2363891601562,842.8507080078125
238,20,880.403076171875,848.1864013671875
238,21,922.64697265625,853.3340454101562
238,22,966.2543334960938,858.5269775390625
238,23,1010.4689331054688,863.03955078125
238,24,1055.21533203125,867.0038452148438
238,25,1100.8275146484375,870.841064453125
238,26,1146.6207275390625,875.3255004882812
238,27,786.6295166015625,872.6932373046875
238,28,827.2669067382812,878.71484375
238,29,869.0494995117188,884.5031127929688
238,30,912.4132690429688,890.3015747070312
238,31,957.4081420898438,896.0510864257812
238,32,1003.06103515625,901.5233764648438
238,33,1049.2242431640625,905.983642578125
238,34,1096.4434814453125,910.513916015625
238,35,1143.4464111328125,914.6333618164062
238,36,772.2125854492188,908.052001953125
238,37,813.7393188476562,914.9769897460938
238,38,856.9689331054688,921.9576416015625
238,39,901.3836669921875,928.6155395507812
238,40,948.0574340820312,935.2442016601562
238,41,994.6103515625,941.0287475585938
238,42,1042.8671875,947.0703735351562
238,43,1091.0684814453125,951.8604736328125
238,44,1139.8563232421875,956.8807373046875
238,45,757.5538330078125,945.579833984375
238,46,800.3590087890625,953.8939819335938
238,47,844.8392333984375,962.4462890625
238,48,890.7161865234375,970.1939697265625
238,49,938.1265258789062,977.4873657226562
238,50,986.762939453125,984.7189331054688
238,51,1035.6243896484375,990.4682006835938
238,52,1085.795654296875,996.4407958984375
238,53,1135.772705078125,1001.1245727539062
238,54,743.0159301757812,985.8622436523438
238,55,786.2838134765625,994.8583374023438
238,56,832.0245971679688,1004.4530029296875
238,57,879.1778564453125,1013.6790161132812
238,58,927.8370361328125,1022.0538330078125
238,59,977.3634643554688,1029.16552734375
238,60,1028.2119140625,1036.3209228515625
238,61,1079.587158203125,1042.197265625
238,62,1131.1934814453125,1047.391845703125
239,0,608.8401489257812,681.437255859375
239,1,649.7769775390625,686.8792114257812
239,2,692.8541259765625,692.91064453125
239,3,737.3259887695312,697.8646240234375
239,4,784.1131591796875,703.8313598632812
239,5,831.8460083007812,708.98828125
239,6,880.7446899414062,714.25537109375
239,7,930.9942626953125,719.54443359375
239,8,981.786376953125,725.1578369140625
239,9,593.7750854492188,721.6421508789062
239,10,635.30615234375,727.8585815429688
239,11,679.0888061523438,734.00390625
239,12,724.4862670898438,740.0731811523438
239,13,771.9823608398438,745.5857543945312
239,14,821.02978515625,751.3980102539062
239,15,871.6237182617188,757.32958984375
239,16,923.5919189453125,763.7044067382812
239,17,975.934814453125,769.1578369140625
239,18,578.6080322265625,763.7372436523438
239,19,620.535888671875,770.7656860351562
239,20,664.578369140625,777.3952026367188
239,21,711.0764770507812,783.956298828125
239,22,760.0298461914062,791.1185302734375
239,23,810.3366088867188,797.6165161132812
239,24,862.0398559570312,803.7132568359375
239,25,915.4390258789062,809.7700805664062
239,26,969.6775512695312,816.4775390625
239,27,561.9129028320312,806.2130737304688
239,28,604.911865234375,814.6511840820312
239,29,649.9373168945312,822.416748046875
239,30,697.3192749023438,830.2501220703125
239,31,747.2774658203125,838.2006225585938
239,32,798.79541015625,845.889892578125
239,33,852.2321166992188,852.5884399414062
239,34,907.5847778320312,859.4497680664062
239,35,963.1729125976562,865.4972534179688
239,36,544.2092895507812,850.0364990234375
239,37,588.3081665039062,859.9400024414062
239,38,634.6600341796875,869.7935791015625
239,39,682.9405517578125,878.50927734375
239,40,734.1390380859375,887.4700317382812
239,41,787.0385131835938,895.864990234375
239,42,842.3131103515625,904.0980224609375
239,43,898.5928955078125,911.4148559570312
239,44,956.193603515625,918.550537109375
239,45,527.1728515625,895.8654174804688
239,46,572.2000732421875,907.3761596679688
239,47,619.4127197265625,918.341552734375
239,48,669.061279296875,928.9059448242188
239,49,721.1166381835938,938.9818115234375
239,50,775.834228515625,948.8793334960938
239,51,831.66943359375,957.2535400390625
239,52,889.836669921875,966.0130004882812
239,53,948.9888305664062,972.97314453125
239,54,510.926513671875,944.1296997070312
239,55,555.5536499023438,956.308837890625
239,56,603.4960327148438,968.7579956054688
239,57,654.6217651367188,980.8369750976562
239,58,708.1585083007812,992.6514892578125
239,59,763.3154907226562,1002.93359375
239,60,821.1361694335938,1013.4003295898438
239,61,880.777587890625,1022.156982421875
239,62,941.4862060546875,1030.5604248046875
240,0,888.730712890625,804.4867553710938
240,1,916.227783203125,819.9764404296875
240,2,944.2244873046875,835.4658813476562
240,3,972.8223876953125,850.5838623046875
240,4,1002.005126953125,866.1511840820312
240,5,1031.38818359375,880.9287719726562
240,6,1061.0853271484375,895.9547119140625
240,7,1091.1680908203125,910.7357177734375
240,8,1121.3780517578125,924.8907470703125
240,9,871.8323974609375,825.2102661132812
240,10,899.7341918945312,841.4900512695312
240,11,928.34716796875,857.2534790039062
240,12,957.7520141601562,872.7031860351562
240,13,987.5579833984375,888.1749877929688
240,14,1017.9414672851562,903.3203735351562
240,15,1048.19140625,918.9676513671875
240,16,1078.78076171875,934.582763671875
240,17,1109.8433837890625,949.4963989257812
240,18,853.9771118164062,847.5706787109375
240,19,882.53564453125,863.8416137695312
240,20,911.8604736328125,879.4684448242188
240,21,941.7818603515625,895.3109741210938
240,22,972.3218383789062,911.5772094726562
240,23,1003.050048828125,927.5697631835938
240,24,1034.4019775390625,943.2745971679688
240,25,1065.987060546875,959.0556640625
240,26,1097.2567138671875,975.0630493164062
240,27,835.5015258789062,869.6859741210938
240,28,864.650634765625,885.9971923828125
240,29,894.4585571289062,902.314697265625
240,30,925.0596313476562,918.8300170898438
240,31,956.3057250976562,935.791748046875
240,32,987.877197265625,952.3674926757812
240,33,1019.9264526367188,968.8052368164062
240,34,1052.23291015625,985.0750122070312
240,35,1084.6873779296875,1001.1132202148438
240,36,816.2687377929688,891.6015625
240,37,845.8377075195312,908.9014892578125
240,38,876.374267578125,926.3986206054688
240,39,907.48681640625,943.4046630859375
240,40,939.5620727539062,960.7017211914062
240,41,971.7903442382812,977.938720703125
240,42,1004.5120849609375,995.2583618164062
240,43,1037.7928466796875,1012.1060180664062
240,44,1071.202880859375,1028.7508544921875
240,45,796.2870483398438,914.16552734375
240,46,826.3793334960938,932.7222290039062
240,47,857.3274536132812,950.969970703125
240,48,889.14208984375,968.99951171875
240,49,921.7603149414062,986.991455078125
240,50,954.80078125,1005.2162475585938
240,51,988.3221435546875,1022.7659301757812
240,52,1022.4149169921875,1040.3179931640625
240,53,1056.436279296875,1057.5849609375
240,54,775.7246704101562,937.10546875
240,55,806.1124267578125,956.140625
240,56,837.801025390625,975.3944091796875
240,57,869.9439697265625,995.0584716796875
240,58,903.2587890625,1014.13818359375
240,59,937.0333251953125,1032.6490478515625
240,60,971.4303588867188,1051.2359619140625
240,61,1006.193115234375,1069.47900390625
240,62,1041.497314453125,1086.956298828125
241,0,784.4439697265625,212.8477325439453
241,1,818.4405517578125,243.3354949951172
241,2,851.8099975585938,273.09100341796875
241,3,883.7115478515625,302.4130859375
241,4,914.7157592773438,330.2459716796875
241,5,944.5087890625,356.6038818359375
241,6,972.6535034179688,381.78485107421875
241,7,999.6790771484375,405.9417724609375
241,8,1024.9508056640625,428.6160583496094
241,9,755.4945678710938,238.2944793701172
241,10,789.3252563476562,266.7025146484375
241,11,822.2457885742188,294.2311096191406
241,12,853.9202880859375,321.6234436035156
241,13,884.50732421875,348.5816345214844
241,14,913.9283447265625,374.06207275390625
241,15,942.137451171875,398.14691162109375
241,16,969.0957641601562,420.7552490234375
241,17,994.7068481445312,442.715087890625
241,18,729.8866577148438,260.4211120605469
241,19,762.9788208007812,287.0774841308594
241,20,795.0020751953125,313.736572265625
241,21,826.0345458984375,339.79510498046875
241,22,856.4712524414062,364.8897399902344
241,23,885.3934326171875,389.369873046875
241,24,913.163330078125,413.1788024902344
241,25,939.960693359375,435.5477294921875
241,26,965.8460693359375,456.4163818359375
241,27,706.7684936523438,280.68634033203125
241,28,738.757568359375,306.5075378417969
241,29,769.8856811523438,332.2443542480469
241,30,800.1781005859375,357.24114990234375
241,31,830.082763671875,381.2286682128906
241,32,858.7011108398438,404.59136962890625
241,33,886.288818359375,427.07293701171875
241,34,912.8613891601562,448.8752746582031
241,35,938.651611328125,469.66864013671875
241,36,684.6328125,300.5575866699219
241,37,715.7640380859375,325.2930603027344
241,38,746.3304443359375,349.8279113769531
241,39,775.9881591796875,374.0621032714844
241,40,805.1321411132812,397.4680480957031
241,41,833.19091796875,419.8964538574219
241,42,860.5197143554688,441.16827392578125
241,43,887.078857421875,462.1612854003906
241,44,912.2254638671875,481.9215087890625
241,45,664.659423828125,319.15142822265625
241,46,695.0070190429688,342.8854675292969
241,47,724.91259765625,365.96435546875
241,48,753.90771484375,389.1423645019531
241,49,782.1240234375,411.7906494140625
241,50,810.0675659179688,433.0642395019531
241,51,836.4373779296875,453.9989929199219
241,52,862.7393798828125,474.03729248046875
241,53,887.7952880859375,492.73370361328125
241,54,645.9176635742188,336.9833984375
241,55,675.2260131835938,359.8717041015625
241,56,704.3590087890625,382.2366943359375
241,57,732.9634399414062,403.55517578125
241,58,760.8844604492188,425.0411376953125
241,59,787.7174682617188,446.3760986328125
241,60,814.277099609375,466.06817626953125
241,61,839.211181640625,485.2820129394531
241,62,864.66455078125,503.8322448730469
242,0,817.1295166015625,285.0394592285156
242,1,851.6114501953125,314.91253662109375
242,2,885.0636596679688,343.44964599609375
242,3,917.1630249023438,371.7872619628906
242,4,948.14111328125,398.3166809082031
242,5,977.6378784179688,423.36126708984375
242,6,1005.5210571289062,447.1138916015625
242,7,1032.115478515625,469.7058410644531
242,8,1056.9080810546875,490.9375
242,9,787.556884765625,310.70697021484375
242,10,821.9070434570312,338.3109130859375
242,11,854.9632568359375,365.1083679199219
242,12,886.9098510742188,391.300537109375
242,13,917.630859375,417.1708068847656
242,14,946.7799072265625,441.3304748535156
242,15,974.919921875,464.2076416015625
242,16,1001.3181762695312,485.4382019042969
242,17,1026.6783447265625,505.7542419433594
242,18,761.1669311523438,333.2467346191406
242,19,794.75634765625,359.1495666503906
242,20,827.2332153320312,384.94427490234375
242,21,858.4840698242188,409.927490234375
242,22,888.9989013671875,434.0415954589844
242,23,917.8427734375,457.22119140625
242,24,945.641357421875,479.82049560546875
242,25,972.8475952148438,500.9332580566406
242,26,997.7642822265625,520.38671875
242,27,737.0801391601562,353.6861877441406
242,28,769.6349487304688,378.8978271484375
242,29,801.1362915039062,403.5196838378906
242,30,831.8914794921875,427.7728271484375
242,31,861.922119140625,450.9177551269531
242,32,890.6627807617188,473.0628967285156
242,33,918.2388916015625,494.3459167480469
242,34,944.87060546875,514.7913208007812
242,35,969.787109375,534.091552734375
242,36,714.1646118164062,373.87017822265625
242,37,746.1014404296875,397.9744873046875
242,38,777.0562744140625,421.6377868652344
242,39,806.895263671875,444.9930114746094
242,40,836.5201416015625,467.3923645019531
242,41,865.037841796875,488.7545166015625
242,42,892.0967407226562,509.0122985839844
242,43,918.8671264648438,528.7377319335938
242,44,943.5711059570312,547.1217041015625
242,45,693.3944702148438,392.8610534667969
242,46,724.3524169921875,415.6117858886719
242,47,754.7772216796875,438.0060729980469
242,48,784.1358642578125,460.3326416015625
242,49,812.6654052734375,482.0687561035156
242,50,841.0114135742188,502.3766174316406
242,51,868.0107421875,521.7777709960938
242,52,893.97021484375,541.228515625
242,53,919.3666381835938,558.9609375
242,54,673.8411865234375,410.68212890625
242,55,703.8795166015625,432.8969421386719
242,56,733.620361328125,454.6314392089844
242,57,762.7548828125,475.1159362792969
242,58,790.931396484375,495.7937927246094
242,59,818.1104125976562,516.143798828125
242,60,844.6463623046875,534.9124755859375
243,0,677.9676513671875,760.7035522460938
243,1,716.0259399414062,764.4603271484375
243,2,755.0149536132812,768.6002807617188
243,3,794.248046875,771.611572265625
243,4,834.5470581054688,775.27783203125
243,5,874.3130493164062,778.1398315429688
243,6,914.5248413085938,781.2144775390625
243,7,954.6500854492188,783.932373046875
243,8,994.0244750976562,787.0169067382812
243,9,669.8529663085938,793.3744506835938
243,10,708.9300537109375,797.5316772460938
243,11,748.9686279296875,801.1685180664062
243,12,789.3753662109375,804.6685791015625
243,13,830.5791625976562,807.674560546875
243,14,871.9315185546875,810.7509155273438
243,15,913.2262573242188,813.7802734375
243,16,954.4400634765625,817.0459594726562
243,17,995.3601684570312,819.3784790039062
243,18,661.7243041992188,827.9356689453125
243,19,701.6749267578125,832.0355834960938
243,20,742.5396118164062,835.6964111328125
243,21,784.1046142578125,839.2216186523438
243,22,826.66748046875,842.94091796875
243,23,869.2102661132812,846.056640625
243,24,911.62646484375,848.8369750976562
243,25,954.2470703125,851.2052001953125
243,26,996.7242431640625,854.1231689453125
243,27,652.704345703125,862.9962768554688
243,28,694.1005249023438,867.69677734375
243,29,736.009521484375,871.8466186523438
243,30,778.9259033203125,875.6986083984375
243,31,822.74365234375,879.4974975585938
243,32,866.49853515625,882.9784545898438
243,33,910.212890625,885.4908447265625
243,34,954.4681396484375,888.13916015625
243,35,997.7230834960938,889.9892578125
243,36,643.3427734375,898.982421875
243,37,685.872802734375,904.5197143554688
243,38,729.642822265625,909.8529663085938
243,39,773.4475708007812,913.7772216796875
243,40,818.691162109375,917.909912109375
243,41,863.65673828125,921.1668701171875
243,42,909.44873046875,924.2183227539062
243,43,954.0453491210938,926.297119140625
243,44,999.3709716796875,928.6521606445312
243,45,634.0588989257812,937.1029052734375
243,46,678.0790405273438,943.3930053710938
243,47,722.706298828125,949.095947265625
243,48,768.2073364257812,953.8536376953125
243,49,814.5960693359375,958.099365234375
243,50,861.1622314453125,961.9063110351562
243,51,907.6963500976562,964.4884643554688
243,52,954.5419921875,966.8272705078125
243,53,1000.5252075195312,968.4035034179688
243,54,624.8316650390625,977.0755615234375
243,55,669.4188842773438,983.326416015625
243,56,715.7089233398438,989.2640991210938
243,57,762.5399780273438,994.9534301757812
243,58,810.4481811523438,999.794189453125
243,59,858.3084716796875,1003.054443359375
243,60,906.62646484375,1006.42431640625
243,61,954.624267578125,1008.0853881835938
243,62,1002.5853271484375,1009.0650024414062
244,0,850.6383056640625,752.1664428710938
244,1,889.84423828125,761.861328125
244,2,929.9423217773438,772.0989379882812
244,3,970.4440307617188,781.2969360351562
244,4,1011.877197265625,791.479248046875
244,5,1053.374755859375,800.62744140625
244,6,1095.0052490234375,809.6821899414062
244,7,1136.5780029296875,818.5391235351562
244,8,1177.6290283203125,827.4838256835938
244,9,837.6029052734375,788.4141845703125
244,10,877.3746948242188,798.6702880859375
244,11,918.1387939453125,808.86474609375
244,12,959.3501586914062,818.941162109375
244,13,1001.9990234375,828.2996826171875
244,14,1044.2830810546875,837.9347534179688
244,15,1087.1094970703125,847.2627563476562
244,16,1129.6707763671875,856.7947998046875
244,17,1171.99853515625,865.6927490234375
244,18,824.0692749023438,825.6928100585938
244,19,864.3717041015625,836.2476806640625
244,20,906.081298828125,847.0100708007812
244,21,948.2885131835938,857.5452880859375
244,22,991.37939453125,867.9375
244,23,1035.000244140625,877.70654296875
244,24,1078.6142578125,887.0209350585938
244,25,1122.311767578125,895.9649658203125
244,26,1165.68603515625,905.390625
244,27,809.8029174804688,863.5153198242188
244,28,850.864990234375,874.8984375
244,29,893.1321411132812,885.90966796875
244,30,936.2819213867188,896.8784790039062
244,31,980.5504760742188,907.8411254882812
244,32,1024.848876953125,918.2569580078125
244,33,1069.7216796875,928.0320434570312
244,34,1114.7047119140625,937.5426635742188
244,35,1158.952880859375,946.2237548828125
244,36,794.4886474609375,901.496826171875
244,37,836.4039306640625,913.6605224609375
244,38,879.7727661132812,925.6478881835938
244,39,923.7079467773438,936.8314819335938
244,40,969.1582641601562,948.73828125
244,41,1014.40380859375,959.6370239257812
244,42,1060.3546142578125,970.312255859375
244,43,1105.9373779296875,979.8184204101562
244,44,1151.718017578125,989.3886108398438
244,45,778.8812866210938,940.4996337890625
244,46,821.8679809570312,954.1309204101562
244,47,865.964599609375,967.09521484375
244,48,911.0350341796875,979.7044677734375
244,49,957.089111328125,991.7296142578125
244,50,1003.7431030273438,1003.2999267578125
244,51,1050.0216064453125,1013.7493286132812
244,52,1096.9161376953125,1024.226318359375
244,53,1143.280029296875,1033.262939453125
244,54,763.65576171875,982.2041625976562
244,55,806.895751953125,996.275390625
244,56,851.8973388671875,1009.9291381835938
244,57,897.8368530273438,1023.1260986328125
244,58,944.7653198242188,1036.0673828125
244,59,991.904296875,1047.744873046875
244,60,1039.4427490234375,1058.87939453125
244,61,1087.1453857421875,1069.1473388671875
244,62,1134.215087890625,1078.6953125
245,0,835.6868286132812,729.2695922851562
245,1,873.2891845703125,738.8390502929688
245,2,911.6050415039062,748.6868896484375
245,3,950.2620239257812,757.8814086914062
245,4,989.1624755859375,767.4573364257812
245,5,1028.052001953125,776.182861328125
245,6,1066.774658203125,785.0420532226562
245,7,1105.113525390625,793.6775512695312
245,8,1142.9193115234375,802.2731323242188
245,9,824.2463989257812,763.8152465820312
245,10,862.6460571289062,773.657958984375
245,11,901.715087890625,783.1597900390625
245,12,941.1549682617188,792.85595703125
245,13,981.0550537109375,801.8204956054688
245,14,1020.9706420898438,811.0152587890625
245,15,1060.552734375,819.6908569335938
245,16,1099.919189453125,828.90576171875
245,17,1138.649169921875,837.1030883789062
245,18,812.341552734375,799.0046997070312
245,19,851.5526123046875,809.1535034179688
245,20,891.346923828125,819.1842041015625
245,21,931.709228515625,829.0027465820312
245,22,972.5055541992188,838.8573608398438
245,23,1013.322021484375,848.1461791992188
245,24,1053.907470703125,856.7210693359375
245,25,1094.337158203125,865.217041015625
245,26,1133.9105224609375,873.9256591796875
245,27,800.1048583984375,835.1589965820312
245,28,840.0887451171875,845.7761840820312
245,29,880.7816162109375,855.9515991210938
245,30,921.9752807617188,865.9644775390625
245,31,963.7929077148438,875.9295654296875
245,32,1005.4190063476562,885.7286987304688
245,33,1046.9766845703125,894.5720825195312
245,34,1088.490234375,903.3038330078125
245,35,1129.2235107421875,911.2874755859375
245,36,787.1450805664062,871.5663452148438
245,37,828.0369873046875,882.3966674804688
245,38,869.8494873046875,893.2796020507812
245,39,911.9052734375,903.7875366210938
245,40,954.9852294921875,914.1641845703125
245,41,997.25048828125,923.8157348632812
245,42,1040.0538330078125,933.4627075195312
245,43,1082.0718994140625,941.8831176757812
245,44,1123.9739990234375,950.6679077148438
245,45,773.7724609375,908.9261474609375
245,46,815.85888671875,920.8720092773438
245,47,858.218017578125,932.3687133789062
245,48,901.5394897460938,943.6378784179688
245,49,945.0332641601562,954.23291015625
245,50,988.5765380859375,964.6817016601562
245,51,1032.07666015625,973.6931762695312
245,52,1075.6112060546875,982.95068359375
245,53,1117.8048095703125,990.581787109375
245,54,760.7837524414062,948.7894897460938
245,55,803.0387573242188,960.8508911132812
245,56,846.5579833984375,973.2146606445312
245,57,890.5783081054688,984.6524658203125
245,58,935.1028442382812,996.01171875
245,59,979.7017822265625,1006.067626953125
245,60,1024.149658203125,1015.8599243164062
245,61,1068.1756591796875,1024.5338134765625
245,62,1111.798095703125,1032.7154541015625
246,0,915.32177734375,461.71368408203125
246,1,959.3773193359375,480.8879089355469
246,2,1001.2816162109375,498.21722412109375
246,3,1041.28662109375,515.3524169921875
246,4,1078.9976806640625,531.40966796875
246,5,1114.578125,546.065673828125
246,6,1147.403076171875,560.2914428710938
246,7,1178.5792236328125,573.1900634765625
246,8,1207.8038330078125,585.2052612304688
246,9,891.4070434570312,497.1717834472656
246,10,934.4492797851562,513.8867797851562
246,11,975.5120849609375,529.4095458984375
246,12,1014.7803344726562,545.0659790039062
246,13,1052.41162109375,560.4532470703125
246,14,1087.2987060546875,574.8519287109375
246,15,1120.9700927734375,587.7130737304688
246,16,1151.7081298828125,599.2958374023438
246,17,1180.9482421875,610.1102294921875
246,18,869.0714721679688,528.0835571289062
246,19,911.0223999023438,543.1281127929688
246,20,951.2943115234375,558.4905395507812
246,21,989.8881225585938,572.9017333984375
246,22,1026.8751220703125,586.8763427734375
246,23,1061.8946533203125,600.0106201171875
246,24,1094.892578125,613.0445556640625
246,25,1126.2508544921875,624.6203002929688
246,26,1155.419189453125,634.9616088867188
246,27,848.614990234375,556.3302001953125
246,28,889.3771362304688,571.2324829101562
246,29,928.8912963867188,585.7960205078125
246,30,966.7062377929688,599.6420288085938
246,31,1003.0974731445312,612.296630859375
246,32,1037.419921875,624.9053955078125
246,33,1070.207763671875,636.7826538085938
246,34,1101.4300537109375,647.8146362304688
246,35,1131.1058349609375,657.7530517578125
246,36,829.3626098632812,584.16259765625
246,37,869.1922607421875,597.962890625
246,38,907.4085083007812,611.5174560546875
246,39,944.6795654296875,624.8423461914062
246,40,980.6015625,637.220458984375
246,41,1014.487060546875,648.9298706054688
246,42,1047.09130859375,659.8081665039062
246,43,1078.2862548828125,670.1522216796875
246,44,1107.6292724609375,679.4995727539062
246,45,811.9607543945312,609.6804809570312
246,46,850.356201171875,622.6432495117188
246,47,888.0454711914062,634.8429565429688
246,48,924.20947265625,647.7009887695312
246,49,959.5667724609375,659.4563598632812
246,50,992.8576049804688,670.3309936523438
246,51,1025.3206787109375,680.8534545898438
246,52,1055.711669921875,690.6525268554688
246,53,1083.9630126953125,699.835205078125
246,54,795.4635009765625,633.834716796875
246,55,833.2557373046875,646.3544921875
246,56,869.643798828125,658.3089599609375
246,57,904.8895874023438,669.2931518554688
246,58,939.6087646484375,680.3050537109375
246,59,972.91259765625,691.0591430664062
246,60,1003.9868774414062,700.8594360351562
246,61,1034.3826904296875,709.9383544921875
246,62,1063.2572021484375,718.4716796875
247,0,910.2630615234375,454.7781677246094
247,1,955.6093139648438,471.7541809082031
247,2,998.5350341796875,486.8258972167969
247,3,1039.1650390625,501.9217834472656
247,4,1077.5875244140625,515.7313842773438
247,5,1113.403564453125,528.3727416992188
247,6,1146.6412353515625,540.4118041992188
247,7,1177.85498046875,551.3165283203125
247,8,1206.7362060546875,561.8118896484375
247,9,886.926025390625,491.24560546875
247,10,931.0274047851562,505.4704895019531
247,11,973.158447265625,518.7289428710938
247,12,1013.0502319335938,532.2207641601562
247,13,1051.3074951171875,545.2962646484375
247,14,1086.890869140625,557.6030883789062
247,15,1120.3902587890625,568.316162109375
247,16,1151.3072509765625,578.0791015625
247,17,1180.504150390625,587.5907592773438
247,18,864.8624877929688,522.7993774414062
247,19,908.0584106445312,535.4172973632812
247,20,949.2277221679688,548.4306030273438
247,21,988.4420166015625,560.515625
247,22,1026.10791015625,572.3394165039062
247,23,1061.3408203125,583.3663940429688
247,24,1094.791259765625,594.3407592773438
247,25,1126.265869140625,603.9868774414062
247,26,1155.2791748046875,612.3768920898438
247,27,844.7210693359375,551.5186767578125
247,28,886.802001953125,564.0098876953125
247,29,927.115966796875,576.2217407226562
247,30,965.6787109375,587.9022216796875
247,31,1002.6234741210938,598.5523681640625
247,32,1037.44873046875,608.6427001953125
247,33,1070.7081298828125,618.238525390625
247,34,1101.810546875,627.2926025390625
247,35,1131.2158203125,635.7031860351562
247,36,826.1744384765625,579.6580200195312
247,37,866.961669921875,591.1041870117188
247,38,906.2534790039062,602.3272094726562
247,39,944.131103515625,613.3633422851562
247,40,980.5512084960938,623.826904296875
247,41,1014.8845825195312,633.129638671875
247,42,1047.58056640625,641.9835205078125
247,43,1078.8148193359375,650.3394775390625
247,44,1108.0244140625,657.9608764648438
247,45,809.14599609375,605.32666015625
247,46,848.7202758789062,616.0822143554688
247,47,887.142578125,626.2127075195312
247,48,924.0702514648438,636.584716796875
247,49,959.8012084960938,646.1455688476562
247,50,993.6539916992188,654.9291381835938
247,51,1026.2459716796875,663.325927734375
247,52,1056.7796630859375,671.2536010742188
247,53,1086.403564453125,678.1878051757812
247,54,793.184326171875,629.956787109375
247,55,832.02294921875,639.942626953125
247,56,869.0057983398438,649.9308471679688
247,57,905.0126342773438,658.431884765625
247,58,940.1038818359375,667.3472900390625
247,59,973.2852783203125,676.2767333984375
247,60,1005.3198852539062,683.7130737304688
247,61,1036.0919189453125,690.8444213867188
247,62,1064.56005859375,697.5237426757812
248,2,805.9993286132812,872.23779296875
248,3,834.2642822265625,881.4862670898438
248,4,864.7974853515625,890.6268310546875
248,5,895.44970703125,899.24365234375
248,6,927.1145629882812,908.1328125
248,7,959.5380859375,916.8411254882812
248,8,992.7547607421875,924.8521118164062
248,9,732.9180908203125,869.1167602539062
248,10,761.0698852539062,879.0201416015625
248,11,788.927001953125,888.9274291992188
248,12,818.9627075195312,897.9299926757812
248,13,849.5032958984375,906.9637451171875
248,14,881.14208984375,915.898681640625
248,15,913.7042846679688,925.5204467773438
248,16,946.9673461914062,935.398681640625
248,17,981.1397094726562,944.3821411132812
248,18,715.171630859375,886.0287475585938
248,19,742.3895263671875,896.266845703125
248,20,771.9990234375,905.2432250976562
248,21,801.9915161132812,914.9637451171875
248,22,833.5968017578125,925.0096435546875
248,23,865.76123046875,934.8876953125
248,24,899.1029663085938,944.3255615234375
248,25,933.5416259765625,954.3418579101562
248,26,968.8264770507812,964.8224487304688
248,27,694.4696655273438,902.3934326171875
248,28,724.1685791015625,912.4978637695312
248,29,753.2499389648438,922.8291625976562
248,30,784.2050170898438,932.808837890625
248,31,816.2290649414062,943.5006713867188
248,32,849.350341796875,954.2570190429688
248,33,883.6845703125,964.7152709960938
248,34,919.1196899414062,975.169921875
248,35,955.7081909179688,985.5255126953125
248,36,675.1038208007812,917.9375610351562
248,37,703.8547973632812,929.1253662109375
248,38,733.84765625,940.8603515625
248,39,765.16162109375,951.6011352539062
248,40,797.9505004882812,962.8582153320312
248,41,831.863037109375,974.1796875
248,42,866.9279174804688,985.7012329101562
248,43,903.6292114257812,996.8318481445312
248,44,941.2211303710938,1008.2340087890625
248,45,652.2920532226562,934.1841430664062
248,46,682.5324096679688,946.6098022460938
248,47,713.0349731445312,959.386474609375
248,48,744.9127807617188,971.6326904296875
248,49,778.677001953125,983.909423828125
248,50,813.1700439453125,996.361572265625
248,51,849.371337890625,1008.30224609375
248,52,887.0390625,1020.769287109375
248,53,925.9046630859375,1033.0709228515625
248,55,660.2278442382812,964.028076171875
248,56,690.7918090820312,977.4227905273438
248,57,723.3311767578125,991.8701782226562
248,58,757.6726684570312,1005.4786987304688
248,59,793.2364501953125,1018.2772827148438
248,60,830.3773803710938,1032.1705322265625
248,61,869.1439208984375,1045.51806640625
248,62,909.2056884765625,1058.1556396484375
249,2,837.1151733398438,873.6276245117188
249,3,866.1011962890625,882.4882202148438
249,4,895.6622924804688,891.7651977539062
249,5,925.1593017578125,899.35400390625
249,6,956.1021118164062,908.5528564453125
249,7,987.2031860351562,917.1468505859375
249,8,1018.7072143554688,924.8150634765625
249,10,795.6222534179688,879.0064086914062
249,11,823.9573364257812,888.9083862304688
249,12,854.0259399414062,897.8211059570312
249,13,884.0969848632812,906.7138061523438
249,14,915.5407104492188,915.1273803710938
249,15,946.874755859375,924.3677978515625
249,16,978.9417724609375,933.7213745117188
249,17,1011.4357299804688,942.3070678710938
249,18,752.4918212890625,885.0779418945312
249,19,780.1881103515625,895.1678466796875
249,20,810.8180541992188,904.2689819335938
249,21,840.668701171875,913.9415893554688
249,22,872.5578002929688,923.1749877929688
249,23,904.2603149414062,932.54345703125
249,24,936.9306030273438,941.578125
249,25,969.9978637695312,950.9583740234375
249,26,1003.5264282226562,960.4544677734375
249,27,735.5888671875,900.8670654296875
249,28,766.1206665039062,910.3789672851562
249,29,797.0813598632812,920.0342407226562
249,30,827.6412963867188,930.1414794921875
249,31,859.6896362304688,940.33642578125
249,32,892.7808227539062,950.332275390625
249,33,926.380615234375,960.005126953125
249,34,960.5958251953125,969.7214965820312
249,35,995.2506713867188,978.9674072265625
249,36,719.9689331054688,915.1012573242188
249,37,749.77099609375,926.4421997070312
249,38,780.9869384765625,937.2303466796875
249,39,813.060791015625,947.5301513671875
249,40,846.3820190429688,958.127197265625
249,41,880.1349487304688,968.5172119140625
249,42,914.6800537109375,979.01416015625
249,43,950.3461303710938,989.0860595703125
249,44,986.4071655273438,999.2640991210938
249,45,701.0249633789062,930.9560546875
249,46,732.9987182617188,942.8380737304688
249,47,764.78515625,954.9275512695312
249,48,797.7224731445312,966.288330078125
249,49,831.95751953125,977.7362060546875
249,50,866.8978881835938,988.8961791992188
249,51,902.7111206054688,999.969482421875
249,52,939.4218139648438,1010.7866821289062
249,53,976.5861206054688,1021.5872802734375
249,55,714.7615966796875,959.02490234375
249,56,747.6049194335938,971.83056640625
249,57,781.1228637695312,985.2049560546875
249,58,816.5488891601562,997.911376953125
249,59,852.5264892578125,1009.3374633789062
249,60,889.5921020507812,1021.6981201171875
249,61,927.5086669921875,1033.23876953125
249,62,966.3771362304688,1043.9854736328125
