image_idx,marker_id,corner_num,x,y
0,25,0,1670.0,731.0
0,25,1,1653.0,687.0
0,25,2,1695.0,667.0
0,25,3,1712.0,712.0
0,35,0,1788.0,674.0
0,35,1,1769.0,630.0
0,35,2,1809.0,610.0
0,35,3,1829.0,655.0
0,15,0,1548.0,782.0
0,15,1,1535.0,738.0
0,15,2,1576.0,721.0
0,15,3,1591.0,764.0
0,30,0,1704.0,640.0
0,30,1,1686.0,600.0
0,30,2,1725.0,579.0
0,30,3,1744.0,620.0
0,20,0,1588.0,695.0
0,20,1,1574.0,654.0
0,20,2,1613.0,636.0
0,20,3,1629.0,677.0
0,5,0,1430.0,829.0
0,5,1,1420.0,786.0
0,5,2,1458.0,769.0
0,5,3,1470.0,813.0
0,10,0,1471.0,745.0
0,10,1,1459.0,705.0
0,10,2,1499.0,687.0
0,10,3,1511.0,727.0
0,26,0,1622.0,609.0
0,26,1,1606.0,571.0
0,26,2,1643.0,553.0
0,26,3,1661.0,591.0
0,0,0,1360.0,790.0
0,0,1,1351.0,750.0
0,0,2,1389.0,735.0
0,0,3,1399.0,774.0
0,16,0,1509.0,661.0
0,16,1,1497.0,624.0
0,16,2,1535.0,607.0
0,16,3,1548.0,645.0
0,6,0,1400.0,711.0
0,6,1,1389.0,675.0
0,6,2,1425.0,656.0
0,6,3,1437.0,694.0
0,31,0,1651.0,527.0
0,31,1,1634.0,492.0
0,31,2,1668.0,474.0
0,31,3,1687.0,507.0
0,21,0,1544.0,581.0
0,21,1,1530.0,547.0
0,21,2,1565.0,529.0
0,21,3,1581.0,564.0
0,11,0,1436.0,632.0
0,11,1,1425.0,598.0
0,11,2,1461.0,581.0
0,11,3,1473.0,615.0
0,1,0,1334.0,680.0
0,1,1,1325.0,646.0
0,1,2,1358.0,629.0
0,1,3,1368.0,664.0
0,37,0,1674.0,447.0
0,37,1,1657.0,417.0
0,37,2,1688.0,398.0
0,37,3,1708.0,427.0
0,17,0,1470.0,556.0
0,17,1,1458.0,526.0
0,17,2,1491.0,508.0
0,17,3,1505.0,539.0
0,7,0,1369.0,606.0
0,7,1,1360.0,574.0
0,7,2,1392.0,558.0
0,7,3,1403.0,589.0
0,22,0,1502.0,484.0
0,22,1,1488.0,455.0
0,22,2,1519.0,438.0
0,22,3,1533.0,466.0
0,2,0,1307.0,582.0
0,2,1,1300.0,553.0
0,2,2,1329.0,538.0
0,2,3,1338.0,567.0
0,12,0,1402.0,534.0
0,12,1,1391.0,506.0
0,12,2,1424.0,489.0
0,12,3,1434.0,517.0
0,27,0,1574.0,504.0
0,27,1,1559.0,472.0
0,27,2,1591.0,455.0
0,27,3,1608.0,486.0
0,36,0,1732.0,551.0
0,36,1,1713.0,513.0
0,36,2,1748.0,494.0
0,36,3,1769.0,533.0
1,34,0,985.0,272.0
1,34,1,962.0,255.0
1,34,2,990.0,236.0
1,34,3,1012.0,253.0
1,39,0,1056.0,265.0
1,39,1,1036.0,249.0
1,39,2,1065.0,230.0
1,39,3,1084.0,246.0
1,24,0,910.0,326.0
1,24,1,887.0,311.0
1,24,2,912.0,294.0
1,24,3,935.0,309.0
1,29,0,981.0,320.0
1,29,1,959.0,305.0
1,29,2,985.0,288.0
1,29,3,1006.0,303.0
1,33,0,1048.0,315.0
1,33,1,1029.0,301.0
1,33,2,1056.0,282.0
1,33,3,1074.0,296.0
1,19,0,913.0,371.0
1,19,1,889.0,360.0
1,19,2,910.0,341.0
1,19,3,934.0,353.0
1,14,0,847.0,381.0
1,14,1,822.0,372.0
1,14,2,843.0,352.0
1,14,3,867.0,363.0
1,38,0,1113.0,308.0
1,38,1,1096.0,294.0
1,38,2,1123.0,276.0
1,38,3,1139.0,290.0
1,23,0,978.0,361.0
1,23,1,956.0,350.0
1,23,2,980.0,334.0
1,23,3,1000.0,346.0
1,28,0,1042.0,356.0
1,28,1,1022.0,345.0
1,28,2,1045.0,330.0
1,28,3,1065.0,341.0
1,32,0,1103.0,352.0
1,32,1,1086.0,340.0
1,32,2,1111.0,323.0
1,32,3,1127.0,335.0
1,4,0,788.0,425.0
1,4,1,764.0,417.0
1,4,2,782.0,403.0
1,4,3,807.0,412.0
1,13,0,912.0,411.0
1,13,1,892.0,402.0
1,13,2,911.0,386.0
1,13,3,933.0,395.0
1,9,0,850.0,419.0
1,9,1,828.0,410.0
1,9,2,846.0,395.0
1,9,3,869.0,403.0
1,37,0,1162.0,345.0
1,37,1,1147.0,335.0
1,37,2,1170.0,319.0
1,37,3,1186.0,332.0
1,3,0,854.0,451.0
1,3,1,833.0,443.0
1,3,2,851.0,430.0
1,3,3,873.0,438.0
1,8,0,913.0,444.0
1,8,1,893.0,436.0
1,8,2,912.0,423.0
1,8,3,933.0,431.0
1,22,0,1034.0,393.0
1,22,1,1016.0,384.0
1,22,2,1037.0,370.0
1,22,3,1055.0,379.0
1,21,0,1083.0,422.0
1,21,1,1067.0,413.0
1,21,2,1087.0,400.0
1,21,3,1104.0,408.0
1,17,0,1028.0,429.0
1,17,1,1011.0,421.0
1,17,2,1030.0,407.0
1,17,3,1047.0,415.0
1,2,0,912.0,474.0
1,2,1,894.0,467.0
1,2,2,912.0,454.0
1,2,3,930.0,461.0
1,7,0,968.0,467.0
1,7,1,950.0,459.0
1,7,2,969.0,448.0
1,7,3,987.0,455.0
1,30,0,1188.0,411.0
1,30,1,1175.0,402.0
1,30,2,1195.0,392.0
1,30,3,1209.0,400.0
1,26,0,1136.0,416.0
1,26,1,1123.0,408.0
1,26,2,1143.0,396.0
1,26,3,1156.0,403.0
1,1,0,966.0,494.0
1,1,1,949.0,488.0
1,1,2,965.0,478.0
1,1,3,982.0,484.0
1,25,0,1175.0,442.0
1,25,1,1163.0,435.0
1,25,2,1181.0,423.0
1,25,3,1193.0,430.0
1,6,0,1017.0,489.0
1,6,1,1001.0,483.0
1,6,2,1018.0,471.0
1,6,3,1034.0,478.0
1,11,0,1022.0,460.0
1,11,1,1006.0,454.0
1,11,2,1025.0,441.0
1,11,3,1040.0,448.0
1,12,0,972.0,437.0
1,12,1,953.0,430.0
1,12,2,973.0,414.0
1,12,3,990.0,423.0
1,16,0,1073.0,454.0
1,16,1,1059.0,446.0
1,16,2,1078.0,434.0
1,16,3,1093.0,442.0
1,18,0,974.0,402.0
1,18,1,954.0,392.0
1,18,2,976.0,375.0
1,18,3,994.0,385.0
1,20,0,1126.0,447.0
1,20,1,1112.0,440.0
1,20,2,1131.0,428.0
1,20,3,1144.0,435.0
1,27,0,1092.0,388.0
1,27,1,1077.0,379.0
1,27,2,1098.0,366.0
1,27,3,1114.0,375.0
1,31,0,1149.0,384.0
1,31,1,1135.0,375.0
1,31,2,1157.0,360.0
1,31,3,1170.0,370.0
1,35,0,1238.0,407.0
1,35,1,1227.0,400.0
1,35,2,1248.0,389.0
1,35,3,1257.0,396.0
2,34,0,1013.0,278.0
2,34,1,991.0,260.0
2,34,2,1021.0,242.0
2,34,3,1041.0,259.0
2,39,0,1083.0,273.0
2,39,1,1065.0,256.0
2,39,2,1095.0,238.0
2,39,3,1112.0,253.0
2,24,0,935.0,330.0
2,24,1,913.0,315.0
2,24,2,939.0,298.0
2,24,3,961.0,313.0
2,29,0,1006.0,325.0
2,29,1,984.0,311.0
2,29,2,1009.0,294.0
2,29,3,1031.0,308.0
2,14,0,867.0,385.0
2,14,1,844.0,374.0
2,14,2,866.0,355.0
2,14,3,890.0,367.0
2,33,0,1071.0,322.0
2,33,1,1054.0,307.0
2,33,2,1081.0,289.0
2,33,3,1098.0,304.0
2,19,0,933.0,376.0
2,19,1,911.0,364.0
2,19,2,936.0,345.0
2,19,3,956.0,358.0
2,38,0,1134.0,317.0
2,38,1,1120.0,302.0
2,38,2,1147.0,285.0
2,38,3,1161.0,300.0
2,23,0,997.0,368.0
2,23,1,978.0,356.0
2,23,2,1001.0,341.0
2,23,3,1022.0,353.0
2,9,0,868.0,423.0
2,9,1,846.0,413.0
2,9,2,867.0,398.0
2,9,3,889.0,408.0
2,28,0,1061.0,364.0
2,28,1,1044.0,353.0
2,28,2,1068.0,337.0
2,28,3,1085.0,349.0
2,4,0,806.0,428.0
2,4,1,782.0,419.0
2,4,2,802.0,405.0
2,4,3,825.0,415.0
2,13,0,931.0,416.0
2,13,1,911.0,406.0
2,13,2,933.0,390.0
2,13,3,952.0,400.0
2,32,0,1123.0,360.0
2,32,1,1106.0,349.0
2,32,2,1131.0,332.0
2,32,3,1145.0,344.0
2,22,0,1051.0,401.0
2,22,1,1034.0,391.0
2,22,2,1057.0,377.0
2,22,3,1073.0,387.0
2,3,0,870.0,455.0
2,3,1,848.0,447.0
2,3,2,868.0,434.0
2,3,3,888.0,442.0
2,37,0,1178.0,355.0
2,37,1,1167.0,342.0
2,37,2,1191.0,329.0
2,37,3,1203.0,343.0
2,8,0,928.0,450.0
2,8,1,909.0,442.0
2,8,2,929.0,428.0
2,8,3,948.0,437.0
2,2,0,926.0,480.0
2,2,1,907.0,472.0
2,2,2,926.0,460.0
2,2,3,945.0,468.0
2,17,0,1042.0,437.0
2,17,1,1026.0,428.0
2,17,2,1048.0,414.0
2,17,3,1062.0,423.0
2,21,0,1096.0,431.0
2,21,1,1082.0,422.0
2,21,2,1104.0,408.0
2,21,3,1117.0,417.0
2,7,0,981.0,474.0
2,7,1,963.0,466.0
2,7,2,984.0,455.0
2,7,3,1000.0,462.0
2,11,0,1035.0,468.0
2,11,1,1020.0,462.0
2,11,2,1038.0,449.0
2,11,3,1053.0,456.0
2,26,0,1148.0,426.0
2,26,1,1136.0,417.0
2,26,2,1158.0,405.0
2,26,3,1170.0,414.0
2,20,0,1136.0,457.0
2,20,1,1124.0,450.0
2,20,2,1143.0,438.0
2,20,3,1155.0,445.0
2,6,0,1026.0,497.0
2,6,1,1013.0,490.0
2,6,2,1030.0,479.0
2,6,3,1045.0,486.0
2,12,0,987.0,444.0
2,12,1,968.0,435.0
2,12,2,989.0,421.0
2,12,3,1007.0,430.0
2,16,0,1087.0,462.0
2,16,1,1073.0,455.0
2,16,2,1091.0,443.0
2,16,3,1105.0,450.0
2,18,0,993.0,408.0
2,18,1,973.0,398.0
2,18,2,994.0,382.0
2,18,3,1013.0,392.0
2,25,0,1184.0,453.0
2,25,1,1173.0,444.0
2,25,2,1194.0,433.0
2,25,3,1203.0,441.0
2,27,0,1108.0,397.0
2,27,1,1094.0,387.0
2,27,2,1117.0,374.0
2,27,3,1131.0,384.0
2,30,0,1199.0,422.0
2,30,1,1188.0,413.0
2,30,2,1210.0,402.0
2,30,3,1221.0,411.0
2,31,0,1164.0,394.0
2,31,1,1151.0,385.0
2,31,2,1173.0,370.0
2,31,3,1186.0,381.0
2,36,0,1217.0,391.0
2,36,1,1205.0,381.0
2,36,2,1227.0,368.0
2,36,3,1239.0,378.0
3,34,0,1009.0,279.0
3,34,1,988.0,262.0
3,34,2,1018.0,244.0
3,34,3,1038.0,261.0
3,24,0,933.0,332.0
3,24,1,910.0,319.0
3,24,2,937.0,300.0
3,24,3,959.0,314.0
3,29,0,1002.0,327.0
3,29,1,982.0,314.0
3,29,2,1009.0,295.0
3,29,3,1029.0,310.0
3,14,0,865.0,387.0
3,14,1,841.0,376.0
3,14,2,864.0,357.0
3,14,3,887.0,369.0
3,33,0,1068.0,322.0
3,33,1,1051.0,309.0
3,33,2,1079.0,290.0
3,33,3,1096.0,304.0
3,19,0,932.0,377.0
3,19,1,909.0,366.0
3,19,2,934.0,347.0
3,19,3,953.0,360.0
3,38,0,1133.0,317.0
3,38,1,1117.0,303.0
3,38,2,1145.0,285.0
3,38,3,1159.0,299.0
3,23,0,996.0,368.0
3,23,1,976.0,357.0
3,23,2,1000.0,341.0
3,23,3,1019.0,352.0
3,28,0,1060.0,363.0
3,28,1,1041.0,352.0
3,28,2,1066.0,337.0
3,28,3,1084.0,349.0
3,4,0,804.0,430.0
3,4,1,780.0,421.0
3,4,2,800.0,407.0
3,4,3,823.0,417.0
3,9,0,867.0,424.0
3,9,1,845.0,415.0
3,9,2,865.0,400.0
3,9,3,887.0,410.0
3,32,0,1119.0,360.0
3,32,1,1104.0,348.0
3,32,2,1129.0,332.0
3,32,3,1143.0,344.0
3,18,0,991.0,408.0
3,18,1,971.0,399.0
3,18,2,993.0,382.0
3,18,3,1011.0,392.0
3,13,0,930.0,416.0
3,13,1,909.0,407.0
3,13,2,929.0,392.0
3,13,3,950.0,401.0
3,22,0,1049.0,400.0
3,22,1,1031.0,390.0
3,22,2,1054.0,377.0
3,22,3,1072.0,386.0
3,3,0,868.0,456.0
3,3,1,846.0,448.0
3,3,2,867.0,435.0
3,3,3,887.0,444.0
3,8,0,927.0,450.0
3,8,1,907.0,442.0
3,8,2,928.0,429.0
3,8,3,947.0,437.0
3,27,0,1108.0,395.0
3,27,1,1092.0,386.0
3,27,2,1114.0,373.0
3,27,3,1130.0,383.0
3,17,0,1042.0,435.0
3,17,1,1025.0,428.0
3,17,2,1044.0,414.0
3,17,3,1061.0,422.0
3,2,0,923.0,480.0
3,2,1,907.0,473.0
3,2,2,925.0,460.0
3,2,3,941.0,467.0
3,21,0,1095.0,429.0
3,21,1,1081.0,421.0
3,21,2,1101.0,407.0
3,21,3,1116.0,416.0
3,11,0,1032.0,467.0
3,11,1,1017.0,460.0
3,11,2,1038.0,447.0
3,11,3,1053.0,455.0
3,16,0,1084.0,460.0
3,16,1,1070.0,453.0
3,16,2,1091.0,440.0
3,16,3,1104.0,448.0
3,26,0,1148.0,423.0
3,26,1,1135.0,415.0
3,26,2,1157.0,403.0
3,26,3,1168.0,411.0
3,1,0,975.0,500.0
3,1,1,959.0,494.0
3,1,2,977.0,484.0
3,1,3,993.0,490.0
3,6,0,1026.0,495.0
3,6,1,1011.0,488.0
3,6,2,1030.0,477.0
3,6,3,1043.0,484.0
3,7,0,980.0,473.0
3,7,1,962.0,465.0
3,7,2,983.0,454.0
3,7,3,998.0,461.0
3,12,0,986.0,443.0
3,12,1,967.0,436.0
3,12,2,988.0,421.0
3,12,3,1005.0,430.0
3,31,0,1162.0,392.0
3,31,1,1149.0,383.0
3,31,2,1172.0,368.0
3,31,3,1184.0,378.0
3,36,0,1215.0,388.0
3,36,1,1203.0,378.0
3,36,2,1226.0,365.0
3,36,3,1237.0,376.0
3,39,0,1082.0,273.0
3,39,1,1062.0,259.0
3,39,2,1092.0,239.0
3,39,3,1109.0,253.0
4,16,0,1529.0,636.0
4,16,1,1513.0,593.0
4,16,2,1554.0,575.0
4,16,3,1570.0,619.0
4,21,0,1562.0,551.0
4,21,1,1545.0,507.0
4,21,2,1583.0,489.0
4,21,3,1602.0,533.0
4,30,0,1717.0,625.0
4,30,1,1702.0,581.0
4,30,2,1741.0,563.0
4,30,3,1757.0,608.0
4,20,0,1608.0,674.0
4,20,1,1592.0,631.0
4,20,2,1633.0,613.0
4,20,3,1648.0,657.0
4,15,0,1570.0,759.0
4,15,1,1557.0,715.0
4,15,2,1598.0,699.0
4,15,3,1611.0,743.0
4,10,0,1493.0,720.0
4,10,1,1479.0,677.0
4,10,2,1520.0,661.0
4,10,3,1535.0,704.0
4,36,0,1749.0,537.0
4,36,1,1731.0,493.0
4,36,2,1769.0,475.0
4,36,3,1787.0,520.0
4,26,0,1641.0,587.0
4,26,1,1625.0,543.0
4,26,2,1664.0,526.0
4,26,3,1681.0,569.0
4,11,0,1450.0,600.0
4,11,1,1434.0,557.0
4,11,2,1474.0,540.0
4,11,3,1491.0,582.0
4,25,0,1683.0,712.0
4,25,1,1669.0,668.0
4,25,2,1709.0,651.0
4,25,3,1722.0,695.0
4,31,0,1671.0,500.0
4,31,1,1653.0,457.0
4,31,2,1690.0,439.0
4,31,3,1709.0,483.0
4,6,0,1416.0,682.0
4,6,1,1401.0,640.0
4,6,2,1441.0,624.0
4,6,3,1457.0,666.0
4,17,0,1482.0,515.0
4,17,1,1464.0,474.0
4,17,2,1503.0,456.0
4,17,3,1521.0,498.0
4,37,0,1696.0,414.0
4,37,1,1676.0,373.0
4,37,2,1712.0,354.0
4,37,3,1733.0,396.0
4,27,0,1591.0,464.0
4,27,1,1573.0,422.0
4,27,2,1610.0,405.0
4,27,3,1629.0,447.0
4,35,0,1791.0,663.0
4,35,1,1778.0,619.0
4,35,2,1816.0,602.0
4,35,3,1828.0,646.0
4,0,0,1380.0,761.0
4,0,1,1367.0,720.0
4,0,2,1407.0,705.0
4,0,3,1421.0,747.0
4,5,0,1455.0,799.0
4,5,1,1442.0,758.0
4,5,2,1483.0,744.0
4,5,3,1496.0,786.0
4,1,0,1339.0,646.0
4,1,1,1324.0,606.0
4,1,2,1362.0,588.0
4,1,3,1379.0,630.0
4,7,0,1371.0,565.0
4,7,1,1355.0,524.0
4,7,2,1394.0,507.0
4,7,3,1410.0,548.0
4,22,0,1511.0,431.0
4,22,1,1491.0,391.0
4,22,2,1528.0,372.0
4,22,3,1548.0,413.0
4,12,0,1401.0,482.0
4,12,1,1384.0,442.0
4,12,2,1421.0,424.0
4,12,3,1440.0,464.0
4,32,0,1616.0,380.0
4,32,1,1596.0,340.0
4,32,2,1631.0,322.0
4,32,3,1652.0,363.0
4,18,0,1429.0,400.0
4,18,1,1411.0,361.0
4,18,2,1446.0,343.0
4,18,3,1466.0,382.0
4,28,0,1535.0,348.0
4,28,1,1515.0,310.0
4,28,2,1550.0,292.0
4,28,3,1571.0,331.0
4,2,0,1295.0,533.0
4,2,1,1279.0,494.0
4,2,2,1315.0,476.0
4,2,3,1332.0,515.0
4,8,0,1323.0,452.0
4,8,1,1306.0,415.0
4,8,2,1341.0,396.0
4,8,3,1359.0,435.0
4,38,0,1637.0,297.0
4,38,1,1616.0,259.0
4,38,2,1649.0,243.0
4,38,3,1672.0,280.0
4,23,0,1454.0,319.0
4,23,1,1435.0,282.0
4,23,2,1469.0,265.0
4,23,3,1489.0,302.0
4,13,0,1349.0,372.0
4,13,1,1332.0,337.0
4,13,2,1367.0,318.0
4,13,3,1386.0,353.0
4,33,0,1556.0,268.0
4,33,1,1535.0,232.0
4,33,2,1568.0,216.0
4,33,3,1590.0,252.0
4,3,0,1248.0,425.0
4,3,1,1233.0,390.0
4,3,2,1266.0,372.0
4,3,3,1283.0,407.0
4,19,0,1373.0,293.0
4,19,1,1356.0,259.0
4,19,2,1389.0,242.0
4,19,3,1408.0,276.0
4,29,0,1476.0,241.0
4,29,1,1455.0,207.0
4,29,2,1488.0,191.0
4,29,3,1509.0,224.0
4,9,0,1274.0,348.0
4,9,1,1257.0,314.0
4,9,2,1290.0,296.0
4,9,3,1307.0,330.0
4,24,0,1395.0,218.0
4,24,1,1377.0,186.0
4,24,2,1408.0,169.0
4,24,3,1428.0,201.0
4,14,0,1297.0,272.0
4,14,1,1280.0,240.0
4,14,2,1311.0,222.0
4,14,3,1330.0,254.0
4,34,0,1493.0,167.0
4,34,1,1473.0,136.0
4,34,2,1503.0,121.0
4,34,3,1525.0,152.0
4,4,0,1202.0,327.0
4,4,1,1187.0,295.0
4,4,2,1218.0,278.0
4,4,3,1234.0,308.0
5,22,0,1075.0,576.0
5,22,1,1052.0,557.0
5,22,2,1072.0,536.0
5,22,3,1096.0,555.0
5,39,0,1065.0,389.0
5,39,1,1040.0,368.0
5,39,2,1062.0,342.0
5,39,3,1087.0,363.0
5,34,0,997.0,393.0
5,34,1,971.0,371.0
5,34,2,992.0,347.0
5,34,3,1018.0,368.0
5,33,0,1068.0,455.0
5,33,1,1045.0,434.0
5,33,2,1066.0,409.0
5,33,3,1091.0,431.0
5,29,0,1003.0,457.0
5,29,1,977.0,436.0
5,29,2,998.0,412.0
5,29,3,1023.0,433.0
5,38,0,1136.0,451.0
5,38,1,1111.0,430.0
5,38,2,1132.0,406.0
5,38,3,1157.0,427.0
5,24,0,936.0,461.0
5,24,1,911.0,440.0
5,24,2,932.0,417.0
5,24,3,957.0,437.0
5,37,0,1200.0,512.0
5,37,1,1178.0,490.0
5,37,2,1201.0,468.0
5,37,3,1223.0,490.0
5,19,0,943.0,524.0
5,19,1,919.0,504.0
5,19,2,938.0,480.0
5,19,3,963.0,500.0
5,28,0,1073.0,517.0
5,28,1,1048.0,497.0
5,28,2,1069.0,474.0
5,28,3,1093.0,494.0
5,23,0,1009.0,519.0
5,23,1,983.0,499.0
5,23,2,1003.0,477.0
5,23,3,1028.0,496.0
5,14,0,880.0,528.0
5,14,1,855.0,509.0
5,14,2,873.0,486.0
5,14,3,899.0,505.0
5,32,0,1138.0,514.0
5,32,1,1114.0,495.0
5,32,2,1134.0,472.0
5,32,3,1158.0,491.0
5,18,0,1012.0,580.0
5,18,1,988.0,560.0
5,18,2,1008.0,538.0
5,18,3,1032.0,557.0
5,13,0,950.0,583.0
5,13,1,925.0,564.0
5,13,2,945.0,542.0
5,13,3,969.0,561.0
5,31,0,1201.0,572.0
5,31,1,1179.0,554.0
5,31,2,1199.0,531.0
5,31,3,1221.0,550.0
5,27,0,1138.0,574.0
5,27,1,1116.0,556.0
5,27,2,1136.0,534.0
5,27,3,1159.0,553.0
5,9,0,888.0,586.0
5,9,1,864.0,568.0
5,9,2,881.0,546.0
5,9,3,906.0,565.0
5,12,0,1016.0,637.0
5,12,1,993.0,619.0
5,12,2,1013.0,598.0
5,12,3,1036.0,616.0
5,36,0,1260.0,570.0
5,36,1,1241.0,549.0
5,36,2,1263.0,529.0
5,36,3,1282.0,550.0
5,17,0,1078.0,633.0
5,17,1,1055.0,616.0
5,17,2,1075.0,594.0
5,17,3,1097.0,612.0
5,21,0,1138.0,631.0
5,21,1,1117.0,613.0
5,21,2,1137.0,592.0
5,21,3,1159.0,610.0
5,4,0,829.0,588.0
5,4,1,804.0,569.0
5,4,2,821.0,549.0
5,4,3,845.0,568.0
5,8,0,955.0,639.0
5,8,1,932.0,621.0
5,8,2,950.0,601.0
5,8,3,974.0,619.0
5,26,0,1198.0,628.0
5,26,1,1178.0,609.0
5,26,2,1200.0,590.0
5,26,3,1219.0,608.0
5,3,0,896.0,640.0
5,3,1,872.0,623.0
5,3,2,889.0,603.0
5,3,3,913.0,621.0
5,11,0,1079.0,687.0
5,11,1,1057.0,671.0
5,11,2,1077.0,651.0
5,11,3,1099.0,668.0
5,16,0,1138.0,685.0
5,16,1,1117.0,668.0
5,16,2,1137.0,648.0
5,16,3,1158.0,665.0
5,2,0,961.0,691.0
5,2,1,938.0,674.0
5,2,2,956.0,655.0
5,2,3,979.0,673.0
5,7,0,1019.0,690.0
5,7,1,997.0,673.0
5,7,2,1016.0,654.0
5,7,3,1038.0,671.0
5,30,0,1256.0,625.0
5,30,1,1238.0,607.0
5,30,2,1260.0,588.0
5,30,3,1278.0,606.0
5,20,0,1195.0,681.0
5,20,1,1177.0,664.0
5,20,2,1198.0,645.0
5,20,3,1217.0,663.0
5,25,0,1254.0,679.0
5,25,1,1235.0,662.0
5,25,2,1256.0,642.0
5,25,3,1274.0,660.0
5,35,0,1314.0,623.0
5,35,1,1297.0,605.0
5,35,2,1319.0,586.0
5,35,3,1335.0,605.0
5,10,0,1137.0,736.0
5,10,1,1117.0,720.0
5,10,2,1139.0,702.0
5,10,3,1157.0,718.0
5,6,0,1080.0,737.0
5,6,1,1059.0,722.0
5,6,2,1078.0,704.0
5,6,3,1099.0,720.0
5,1,0,1022.0,739.0
5,1,1,1001.0,722.0
5,1,2,1019.0,706.0
5,1,3,1041.0,722.0
5,15,0,1193.0,733.0
5,15,1,1176.0,717.0
5,15,2,1196.0,699.0
5,15,3,1214.0,715.0
5,0,0,1080.0,784.0
5,0,1,1061.0,769.0
5,0,2,1081.0,753.0
5,0,3,1099.0,769.0
5,5,0,1135.0,782.0
5,5,1,1117.0,768.0
5,5,2,1138.0,752.0
5,5,3,1155.0,768.0
6,37,0,1633.0,474.0
6,37,1,1619.0,456.0
6,37,2,1649.0,437.0
6,37,3,1664.0,453.0
6,17,0,1435.0,587.0
6,17,1,1428.0,567.0
6,17,2,1461.0,550.0
6,17,3,1469.0,569.0
6,13,0,1360.0,526.0
6,13,1,1357.0,510.0
6,13,2,1384.0,495.0
6,13,3,1389.0,510.0
6,3,0,1277.0,572.0
6,3,1,1276.0,555.0
6,3,2,1303.0,541.0
6,3,3,1305.0,556.0
6,23,0,1445.0,478.0
6,23,1,1439.0,464.0
6,23,2,1465.0,448.0
6,23,3,1473.0,462.0
6,2,0,1283.0,628.0
6,2,1,1282.0,608.0
6,2,2,1312.0,594.0
6,2,3,1315.0,613.0
6,7,0,1336.0,638.0
6,7,1,1332.0,616.0
6,7,2,1364.0,600.0
6,7,3,1369.0,621.0
6,8,0,1323.0,575.0
6,8,1,1320.0,559.0
6,8,2,1349.0,542.0
6,8,3,1353.0,559.0
6,9,0,1314.0,525.0
6,9,1,1311.0,510.0
6,9,2,1336.0,496.0
6,9,3,1340.0,510.0
6,11,0,1395.0,649.0
6,11,1,1388.0,625.0
6,11,2,1423.0,608.0
6,11,3,1430.0,631.0
6,12,0,1376.0,580.0
6,12,1,1371.0,561.0
6,12,2,1402.0,546.0
6,12,3,1408.0,564.0
6,18,0,1412.0,527.0
6,18,1,1407.0,510.0
6,18,2,1436.0,496.0
6,18,3,1443.0,512.0
6,19,0,1393.0,479.0
6,19,1,1389.0,466.0
6,19,2,1414.0,451.0
6,19,3,1419.0,466.0
6,21,0,1500.0,593.0
6,21,1,1491.0,571.0
6,21,2,1526.0,553.0
6,21,3,1537.0,575.0
6,22,0,1471.0,530.0
6,22,1,1463.0,512.0
6,22,2,1493.0,495.0
6,22,3,1502.0,512.0
6,27,0,1535.0,532.0
6,27,1,1524.0,513.0
6,27,2,1557.0,495.0
6,27,3,1568.0,513.0
6,28,0,1503.0,477.0
6,28,1,1494.0,461.0
6,28,2,1522.0,445.0
6,28,3,1531.0,460.0
6,32,0,1564.0,475.0
6,32,1,1553.0,460.0
6,32,2,1583.0,441.0
6,32,3,1595.0,457.0
6,33,0,1529.0,428.0
6,33,1,1520.0,415.0
6,33,2,1547.0,400.0
6,33,3,1557.0,412.0
6,38,0,1590.0,423.0
6,38,1,1578.0,410.0
6,38,2,1603.0,394.0
6,38,3,1618.0,405.0
7,35,0,1179.0,714.0
7,35,1,1176.0,683.0
7,35,2,1203.0,680.0
7,35,3,1207.0,713.0
7,36,0,1170.0,621.0
7,36,1,1166.0,590.0
7,36,2,1193.0,585.0
7,36,3,1197.0,618.0
7,30,0,1134.0,671.0
7,30,1,1132.0,640.0
7,30,2,1158.0,637.0
7,30,3,1161.0,669.0
7,38,0,1149.0,440.0
7,38,1,1145.0,411.0
7,38,2,1172.0,404.0
7,38,3,1177.0,434.0
7,31,0,1125.0,581.0
7,31,1,1123.0,551.0
7,31,2,1150.0,546.0
7,31,3,1152.0,577.0
7,37,0,1161.0,529.0
7,37,1,1157.0,500.0
7,37,2,1183.0,493.0
7,37,3,1187.0,524.0
7,32,0,1116.0,493.0
7,32,1,1113.0,463.0
7,32,2,1138.0,457.0
7,32,3,1142.0,488.0
7,26,0,1093.0,630.0
7,26,1,1090.0,601.0
7,26,2,1115.0,598.0
7,26,3,1117.0,627.0
7,27,0,1083.0,543.0
7,27,1,1080.0,514.0
7,27,2,1105.0,509.0
7,27,3,1109.0,539.0
7,25,0,1101.0,718.0
7,25,1,1099.0,688.0
7,25,2,1123.0,686.0
7,25,3,1126.0,716.0
7,33,0,1105.0,407.0
7,33,1,1101.0,380.0
7,33,2,1126.0,372.0
7,33,3,1131.0,400.0
7,28,0,1074.0,459.0
7,28,1,1071.0,430.0
7,28,2,1095.0,424.0
7,28,3,1099.0,452.0
7,21,0,1052.0,592.0
7,21,1,1049.0,564.0
7,21,2,1073.0,559.0
7,21,3,1076.0,589.0
7,20,0,1062.0,677.0
7,20,1,1059.0,649.0
7,20,2,1081.0,646.0
7,20,3,1084.0,675.0
7,22,0,1044.0,508.0
7,22,1,1041.0,480.0
7,22,2,1063.0,474.0
7,22,3,1067.0,503.0
7,29,0,1064.0,377.0
7,29,1,1060.0,351.0
7,29,2,1084.0,343.0
7,29,3,1088.0,369.0
7,17,0,1014.0,556.0
7,17,1,1012.0,529.0
7,17,2,1034.0,524.0
7,17,3,1037.0,552.0
7,16,0,1023.0,638.0
7,16,1,1021.0,610.0
7,16,2,1042.0,608.0
7,16,3,1045.0,635.0
7,23,0,1035.0,427.0
7,23,1,1031.0,401.0
7,23,2,1054.0,394.0
7,23,3,1057.0,420.0
7,18,0,1007.0,476.0
7,18,1,1003.0,450.0
7,18,2,1024.0,443.0
7,18,3,1028.0,470.0
7,11,0,987.0,602.0
7,11,1,984.0,575.0
7,11,2,1005.0,571.0
7,11,3,1007.0,599.0
7,10,0,995.0,683.0
7,10,1,991.0,656.0
7,10,2,1012.0,653.0
7,10,3,1014.0,681.0
7,5,0,967.0,724.0
7,5,1,964.0,698.0
7,5,2,984.0,696.0
7,5,3,987.0,722.0
7,7,0,952.0,568.0
7,7,1,950.0,542.0
7,7,2,969.0,538.0
7,7,3,972.0,563.0
7,13,0,970.0,445.0
7,13,1,969.0,420.0
7,13,2,988.0,414.0
7,13,3,991.0,439.0
7,8,0,944.0,491.0
7,8,1,943.0,466.0
7,8,2,962.0,461.0
7,8,3,964.0,485.0
7,0,0,933.0,687.0
7,0,1,930.0,662.0
7,0,2,949.0,659.0
7,0,3,952.0,685.0
7,1,0,927.0,611.0
7,1,1,924.0,586.0
7,1,2,942.0,582.0
7,1,3,945.0,608.0
7,2,0,919.0,535.0
7,2,1,917.0,511.0
7,2,2,935.0,506.0
7,2,3,938.0,532.0
7,3,0,912.0,462.0
7,3,1,910.0,439.0
7,3,2,928.0,433.0
7,3,3,931.0,457.0
7,6,0,960.0,646.0
7,6,1,957.0,619.0
7,6,2,976.0,616.0
7,6,3,979.0,643.0
7,12,0,978.0,523.0
7,12,1,975.0,496.0
7,12,2,997.0,491.0
7,12,3,1000.0,517.0
7,15,0,1030.0,721.0
7,15,1,1027.0,694.0
7,15,2,1050.0,692.0
7,15,3,1052.0,720.0
7,19,0,998.0,398.0
7,19,1,995.0,374.0
7,19,2,1015.0,366.0
7,19,3,1019.0,391.0
7,24,0,1025.0,349.0
7,24,1,1022.0,325.0
7,24,2,1043.0,317.0
7,24,3,1046.0,342.0
7,34,0,1093.0,326.0
7,34,1,1090.0,300.0
7,34,2,1112.0,292.0
7,34,3,1117.0,318.0
7,39,0,1136.0,355.0
7,39,1,1132.0,327.0
7,39,2,1156.0,319.0
7,39,3,1163.0,346.0
8,25,0,1197.0,925.0
8,25,1,1201.0,899.0
8,25,2,1240.0,905.0
8,25,3,1239.0,931.0
8,15,0,1078.0,903.0
8,15,1,1085.0,880.0
8,15,2,1125.0,888.0
8,15,3,1119.0,912.0
8,5,0,962.0,874.0
8,5,1,974.0,852.0
8,5,2,1012.0,860.0
8,5,3,1002.0,883.0
8,20,0,1145.0,880.0
8,20,1,1150.0,859.0
8,20,2,1188.0,863.0
8,20,3,1185.0,885.0
8,10,0,1034.0,855.0
8,10,1,1042.0,835.0
8,10,2,1079.0,844.0
8,10,3,1072.0,864.0
8,30,0,1259.0,897.0
8,30,1,1259.0,876.0
8,30,2,1296.0,880.0
8,30,3,1298.0,902.0
8,0,0,926.0,830.0
8,0,1,938.0,812.0
8,0,2,974.0,819.0
8,0,3,963.0,838.0
8,16,0,1099.0,837.0
8,16,1,1105.0,819.0
8,16,2,1141.0,825.0
8,16,3,1136.0,845.0
8,36,0,1313.0,872.0
8,36,1,1312.0,852.0
8,36,2,1347.0,856.0
8,36,3,1349.0,876.0
8,26,0,1207.0,855.0
8,26,1,1209.0,836.0
8,26,2,1244.0,843.0
8,26,3,1243.0,862.0
8,6,0,996.0,812.0
8,6,1,1004.0,797.0
8,6,2,1039.0,804.0
8,6,3,1031.0,821.0
8,21,0,1159.0,818.0
8,21,1,1163.0,800.0
8,21,2,1197.0,805.0
8,21,3,1195.0,823.0
8,11,0,1059.0,798.0
8,11,1,1065.0,782.0
8,11,2,1098.0,789.0
8,11,3,1093.0,806.0
8,1,0,961.0,779.0
8,1,1,971.0,764.0
8,1,2,1002.0,768.0
8,1,3,994.0,784.0
8,17,0,1117.0,784.0
8,17,1,1121.0,770.0
8,17,2,1153.0,774.0
8,17,3,1150.0,789.0
8,32,0,1263.0,784.0
8,32,1,1262.0,770.0
8,32,2,1291.0,774.0
8,32,3,1293.0,789.0
8,7,0,1022.0,763.0
8,7,1,1030.0,749.0
8,7,2,1060.0,755.0
8,7,3,1054.0,770.0
8,8,0,1044.0,720.0
8,8,1,1051.0,709.0
8,8,2,1078.0,715.0
8,8,3,1074.0,726.0
8,9,0,1063.0,686.0
8,9,1,1067.0,676.0
8,9,2,1093.0,681.0
8,9,3,1089.0,691.0
8,12,0,1079.0,750.0
8,12,1,1084.0,737.0
8,12,2,1114.0,744.0
8,12,3,1110.0,757.0
8,13,0,1096.0,711.0
8,13,1,1099.0,700.0
8,13,2,1127.0,705.0
8,13,3,1124.0,716.0
8,22,0,1170.0,768.0
8,22,1,1173.0,755.0
8,22,2,1203.0,758.0
8,22,3,1202.0,772.0
8,28,0,1220.0,753.0
8,28,1,1220.0,741.0
8,28,2,1248.0,744.0
8,28,3,1249.0,758.0
8,31,0,1261.0,836.0
8,31,1,1261.0,818.0
8,31,2,1294.0,824.0
8,31,3,1295.0,841.0
8,33,0,1263.0,740.0
8,33,1,1263.0,728.0
8,33,2,1290.0,732.0
8,33,3,1291.0,744.0
8,35,0,1317.0,944.0
8,35,1,1315.0,918.0
8,35,2,1353.0,923.0
8,35,3,1355.0,951.0
8,37,0,1309.0,817.0
8,37,1,1308.0,801.0
8,37,2,1340.0,805.0
8,37,3,1342.0,818.0
8,38,0,1306.0,769.0
8,38,1,1305.0,756.0
8,38,2,1333.0,761.0
8,38,3,1335.0,775.0
9,25,0,1202.0,921.0
9,25,1,1205.0,896.0
9,25,2,1245.0,901.0
9,25,3,1244.0,927.0
9,35,0,1321.0,940.0
9,35,1,1321.0,914.0
9,35,2,1359.0,920.0
9,35,3,1361.0,948.0
9,15,0,1082.0,898.0
9,15,1,1090.0,874.0
9,15,2,1129.0,884.0
9,15,3,1123.0,908.0
9,5,0,966.0,869.0
9,5,1,976.0,847.0
9,5,2,1016.0,855.0
9,5,3,1005.0,878.0
9,20,0,1151.0,876.0
9,20,1,1154.0,853.0
9,20,2,1193.0,858.0
9,20,3,1190.0,880.0
9,30,0,1264.0,893.0
9,30,1,1264.0,871.0
9,30,2,1301.0,876.0
9,30,3,1302.0,899.0
9,10,0,1038.0,850.0
9,10,1,1045.0,830.0
9,10,2,1083.0,838.0
9,10,3,1077.0,858.0
9,16,0,1103.0,832.0
9,16,1,1108.0,813.0
9,16,2,1143.0,819.0
9,16,3,1140.0,839.0
9,26,0,1212.0,851.0
9,26,1,1213.0,830.0
9,26,2,1248.0,838.0
9,26,3,1248.0,857.0
9,6,0,998.0,807.0
9,6,1,1007.0,790.0
9,6,2,1041.0,798.0
9,6,3,1034.0,815.0
9,21,0,1164.0,813.0
9,21,1,1166.0,795.0
9,21,2,1200.0,800.0
9,21,3,1198.0,818.0
9,11,0,1061.0,792.0
9,11,1,1068.0,775.0
9,11,2,1100.0,783.0
9,11,3,1096.0,800.0
9,1,0,963.0,772.0
9,1,1,972.0,757.0
9,1,2,1005.0,762.0
9,1,3,996.0,778.0
9,37,0,1313.0,812.0
9,37,1,1311.0,797.0
9,37,2,1342.0,800.0
9,37,3,1345.0,814.0
9,22,0,1174.0,763.0
9,22,1,1175.0,748.0
9,22,2,1206.0,752.0
9,22,3,1205.0,766.0
9,32,0,1265.0,779.0
9,32,1,1265.0,764.0
9,32,2,1294.0,769.0
9,32,3,1296.0,784.0
9,3,0,1014.0,689.0
9,3,1,1020.0,679.0
9,3,2,1047.0,682.0
9,3,3,1041.0,693.0
9,0,0,929.0,823.0
9,0,1,941.0,805.0
9,0,2,976.0,813.0
9,0,3,966.0,832.0
9,2,0,991.0,726.0
9,2,1,998.0,713.0
9,2,2,1028.0,719.0
9,2,3,1021.0,732.0
9,7,0,1024.0,756.0
9,7,1,1031.0,742.0
9,7,2,1062.0,748.0
9,7,3,1056.0,763.0
9,12,0,1081.0,743.0
9,12,1,1086.0,729.0
9,12,2,1116.0,737.0
9,12,3,1112.0,751.0
9,13,0,1097.0,703.0
9,13,1,1100.0,693.0
9,13,2,1128.0,698.0
9,13,3,1125.0,709.0
9,17,0,1119.0,778.0
9,17,1,1123.0,764.0
9,17,2,1156.0,768.0
9,17,3,1153.0,783.0
9,18,0,1134.0,733.0
9,18,1,1136.0,720.0
9,18,2,1165.0,726.0
9,18,3,1163.0,738.0
9,23,0,1181.0,721.0
9,23,1,1182.0,711.0
9,23,2,1210.0,713.0
9,23,3,1210.0,723.0
9,24,0,1187.0,686.0
9,24,1,1188.0,677.0
9,24,2,1214.0,680.0
9,24,3,1213.0,689.0
9,27,0,1217.0,794.0
9,27,1,1218.0,779.0
9,27,2,1250.0,784.0
9,27,3,1250.0,800.0
9,28,0,1222.0,747.0
9,28,1,1222.0,735.0
9,28,2,1251.0,739.0
9,28,3,1251.0,752.0
9,29,0,1225.0,708.0
9,29,1,1225.0,698.0
9,29,2,1252.0,702.0
9,29,3,1252.0,712.0
9,31,0,1264.0,831.0
9,31,1,1264.0,814.0
9,31,2,1297.0,819.0
9,31,3,1299.0,836.0
9,33,0,1265.0,734.0
9,33,1,1265.0,722.0
9,33,2,1292.0,727.0
9,33,3,1293.0,739.0
9,36,0,1317.0,867.0
9,36,1,1316.0,847.0
9,36,2,1351.0,852.0
9,36,3,1353.0,873.0
9,38,0,1309.0,764.0
9,38,1,1307.0,750.0
9,38,2,1334.0,755.0
9,38,3,1337.0,768.0
10,34,0,883.0,364.0
10,34,1,857.0,350.0
10,34,2,877.0,330.0
10,34,3,903.0,344.0
10,39,0,949.0,354.0
10,39,1,924.0,341.0
10,39,2,945.0,320.0
10,39,3,969.0,334.0
10,33,0,953.0,402.0
10,33,1,930.0,389.0
10,33,2,950.0,370.0
10,33,3,972.0,382.0
10,38,0,1015.0,393.0
10,38,1,994.0,381.0
10,38,2,1014.0,361.0
10,38,3,1035.0,374.0
10,29,0,891.0,409.0
10,29,1,867.0,397.0
10,29,2,885.0,379.0
10,29,3,909.0,392.0
10,24,0,829.0,416.0
10,24,1,804.0,405.0
10,24,2,821.0,387.0
10,24,3,846.0,399.0
10,19,0,839.0,460.0
10,19,1,815.0,449.0
10,19,2,832.0,430.0
10,19,3,856.0,441.0
10,32,0,1015.0,437.0
10,32,1,995.0,425.0
10,32,2,1015.0,408.0
10,32,3,1035.0,420.0
10,14,0,782.0,469.0
10,14,1,758.0,460.0
10,14,2,771.0,443.0
10,14,3,795.0,452.0
10,37,0,1072.0,428.0
10,37,1,1054.0,416.0
10,37,2,1076.0,401.0
10,37,3,1094.0,414.0
10,18,0,904.0,489.0
10,18,1,883.0,479.0
10,18,2,899.0,462.0
10,18,3,922.0,472.0
10,23,0,898.0,449.0
10,23,1,875.0,439.0
10,23,2,893.0,423.0
10,23,3,915.0,434.0
10,28,0,957.0,443.0
10,28,1,936.0,432.0
10,28,2,954.0,416.0
10,28,3,975.0,427.0
10,31,0,1071.0,468.0
10,31,1,1053.0,458.0
10,31,2,1072.0,442.0
10,31,3,1090.0,454.0
10,22,0,961.0,479.0
10,22,1,940.0,470.0
10,22,2,958.0,455.0
10,22,3,978.0,465.0
10,13,0,850.0,497.0
10,13,1,827.0,488.0
10,13,2,842.0,473.0
10,13,3,864.0,482.0
10,9,0,794.0,505.0
10,9,1,771.0,496.0
10,9,2,784.0,482.0
10,9,3,808.0,491.0
10,4,0,740.0,511.0
10,4,1,716.0,503.0
10,4,2,728.0,489.0
10,4,3,753.0,498.0
10,17,0,963.0,516.0
10,17,1,944.0,507.0
10,17,2,961.0,492.0
10,17,3,980.0,501.0
10,27,0,1016.0,473.0
10,27,1,998.0,464.0
10,27,2,1015.0,450.0
10,27,3,1034.0,459.0
10,21,0,1017.0,508.0
10,21,1,998.0,499.0
10,21,2,1015.0,485.0
10,21,3,1033.0,494.0
10,8,0,858.0,530.0
10,8,1,836.0,522.0
10,8,2,852.0,509.0
10,8,3,872.0,518.0
10,3,0,805.0,536.0
10,3,1,783.0,528.0
10,3,2,796.0,516.0
10,3,3,819.0,524.0
10,26,0,1069.0,501.0
10,26,1,1052.0,492.0
10,26,2,1070.0,479.0
10,26,3,1087.0,488.0
10,2,0,865.0,560.0
10,2,1,845.0,552.0
10,2,2,859.0,540.0
10,2,3,879.0,548.0
10,7,0,915.0,554.0
10,7,1,897.0,547.0
10,7,2,912.0,534.0
10,7,3,931.0,542.0
10,20,0,1067.0,534.0
10,20,1,1051.0,526.0
10,20,2,1068.0,513.0
10,20,3,1083.0,521.0
10,30,0,1121.0,495.0
10,30,1,1106.0,487.0
10,30,2,1123.0,474.0
10,30,3,1138.0,482.0
10,10,0,1017.0,571.0
10,10,1,1002.0,564.0
10,10,2,1016.0,552.0
10,10,3,1033.0,559.0
10,1,0,921.0,581.0
10,1,1,902.0,575.0
10,1,2,917.0,564.0
10,1,3,934.0,571.0
10,5,0,1017.0,597.0
10,5,1,1002.0,591.0
10,5,2,1017.0,581.0
10,5,3,1031.0,587.0
10,0,0,972.0,602.0
10,0,1,955.0,596.0
10,0,2,969.0,586.0
10,0,3,985.0,592.0
10,6,0,970.0,576.0
10,6,1,952.0,569.0
10,6,2,967.0,558.0
10,6,3,984.0,565.0
10,11,0,966.0,547.0
10,11,1,949.0,540.0
10,11,2,963.0,528.0
10,11,3,982.0,535.0
10,12,0,911.0,524.0
10,12,1,890.0,515.0
10,12,2,906.0,501.0
10,12,3,927.0,510.0
10,15,0,1067.0,564.0
10,15,1,1051.0,558.0
10,15,2,1065.0,546.0
10,15,3,1081.0,553.0
10,16,0,1016.0,541.0
10,16,1,1000.0,533.0
10,16,2,1016.0,520.0
10,16,3,1033.0,528.0
10,25,0,1118.0,527.0
10,25,1,1102.0,520.0
10,25,2,1118.0,507.0
10,25,3,1133.0,515.0
10,35,0,1172.0,489.0
10,35,1,1158.0,482.0
10,35,2,1176.0,469.0
10,35,3,1189.0,477.0
10,36,0,1127.0,461.0
10,36,1,1110.0,452.0
10,36,2,1130.0,437.0
10,36,3,1144.0,447.0
11,35,0,1414.0,1087.0
11,35,1,1415.0,1051.0
11,35,2,1460.0,1052.0
11,35,3,1459.0,1089.0
11,25,0,1281.0,1081.0
11,25,1,1286.0,1046.0
11,25,2,1330.0,1047.0
11,25,3,1327.0,1081.0
11,15,0,1150.0,1071.0
11,15,1,1160.0,1039.0
11,15,2,1204.0,1043.0
11,15,3,1195.0,1075.0
11,5,0,1027.0,1050.0
11,5,1,1042.0,1020.0
11,5,2,1082.0,1026.0
11,5,3,1070.0,1056.0
11,20,0,1226.0,1029.0
11,20,1,1234.0,999.0
11,20,2,1276.0,999.0
11,20,3,1270.0,1029.0
11,30,0,1352.0,1033.0
11,30,1,1355.0,1003.0
11,30,2,1397.0,1003.0
11,30,3,1396.0,1034.0
11,10,0,1106.0,1017.0
11,10,1,1117.0,988.0
11,10,2,1157.0,993.0
11,10,3,1146.0,1023.0
11,36,0,1416.0,988.0
11,36,1,1417.0,960.0
11,36,2,1457.0,961.0
11,36,3,1458.0,988.0
11,26,0,1297.0,987.0
11,26,1,1300.0,959.0
11,26,2,1340.0,961.0
11,26,3,1338.0,988.0
11,0,0,993.0,999.0
11,0,1,1008.0,973.0
11,0,2,1045.0,978.0
11,0,3,1032.0,1004.0
11,16,0,1179.0,982.0
11,16,1,1187.0,955.0
11,16,2,1225.0,956.0
11,16,3,1219.0,984.0
11,6,0,1067.0,968.0
11,6,1,1079.0,944.0
11,6,2,1115.0,948.0
11,6,3,1104.0,974.0
11,21,0,1246.0,945.0
11,21,1,1251.0,920.0
11,21,2,1289.0,921.0
11,21,3,1285.0,946.0
11,31,0,1360.0,950.0
11,31,1,1360.0,925.0
11,31,2,1398.0,925.0
11,31,3,1398.0,949.0
11,11,0,1137.0,938.0
11,11,1,1146.0,914.0
11,11,2,1182.0,917.0
11,11,3,1174.0,941.0
11,1,0,1033.0,928.0
11,1,1,1045.0,906.0
11,1,2,1079.0,908.0
11,1,3,1068.0,931.0
11,27,0,1307.0,910.0
11,27,1,1311.0,888.0
11,27,2,1346.0,889.0
11,27,3,1345.0,912.0
11,17,0,1201.0,907.0
11,17,1,1207.0,886.0
11,17,2,1243.0,886.0
11,17,3,1237.0,908.0
11,37,0,1415.0,912.0
11,37,1,1415.0,891.0
11,37,2,1451.0,890.0
11,37,3,1452.0,910.0
11,22,0,1261.0,876.0
11,22,1,1265.0,856.0
11,22,2,1298.0,855.0
11,22,3,1295.0,876.0
11,38,0,1413.0,848.0
11,38,1,1412.0,829.0
11,38,2,1444.0,829.0
11,38,3,1446.0,849.0
11,2,0,1066.0,864.0
11,2,1,1076.0,846.0
11,2,2,1106.0,849.0
11,2,3,1098.0,868.0
11,18,0,1219.0,845.0
11,18,1,1223.0,826.0
11,18,2,1255.0,827.0
11,18,3,1251.0,846.0
11,33,0,1366.0,820.0
11,33,1,1365.0,802.0
11,33,2,1396.0,802.0
11,33,3,1397.0,820.0
11,8,0,1126.0,840.0
11,8,1,1134.0,822.0
11,8,2,1162.0,824.0
11,8,3,1155.0,841.0
11,23,0,1271.0,818.0
11,23,1,1276.0,801.0
11,23,2,1305.0,801.0
11,23,3,1303.0,818.0
11,13,0,1181.0,815.0
11,13,1,1186.0,800.0
11,13,2,1216.0,800.0
11,13,3,1211.0,816.0
11,39,0,1410.0,793.0
11,39,1,1410.0,776.0
11,39,2,1438.0,776.0
11,39,3,1440.0,793.0
11,19,0,1233.0,792.0
11,19,1,1236.0,778.0
11,19,2,1264.0,777.0
11,19,3,1262.0,792.0
11,3,0,1093.0,812.0
11,3,1,1101.0,797.0
11,3,2,1129.0,798.0
11,3,3,1122.0,813.0
11,29,0,1322.0,793.0
11,29,1,1322.0,777.0
11,29,2,1352.0,778.0
11,29,3,1351.0,793.0
11,34,0,1366.0,768.0
11,34,1,1367.0,754.0
11,34,2,1394.0,754.0
11,34,3,1392.0,769.0
11,24,0,1280.0,769.0
11,24,1,1283.0,755.0
11,24,2,1311.0,755.0
11,24,3,1309.0,768.0
11,4,0,1115.0,766.0
11,4,1,1123.0,752.0
11,4,2,1148.0,753.0
11,4,3,1142.0,767.0
11,7,0,1099.0,899.0
11,7,1,1108.0,879.0
11,7,2,1141.0,880.0
11,7,3,1133.0,902.0
11,9,0,1146.0,790.0
11,9,1,1152.0,775.0
11,9,2,1180.0,776.0
11,9,3,1175.0,791.0
11,12,0,1161.0,871.0
11,12,1,1168.0,851.0
11,12,2,1200.0,853.0
11,12,3,1195.0,873.0
11,14,0,1197.0,768.0
11,14,1,1200.0,755.0
11,14,2,1228.0,754.0
11,14,3,1225.0,768.0
11,28,0,1315.0,846.0
11,28,1,1317.0,829.0
11,28,2,1349.0,828.0
11,28,3,1349.0,847.0
11,32,0,1363.0,879.0
11,32,1,1364.0,858.0
11,32,2,1397.0,858.0
11,32,3,1398.0,879.0
12,17,0,1307.0,591.0
12,17,1,1292.0,552.0
12,17,2,1330.0,536.0
12,17,3,1346.0,576.0
12,21,0,1382.0,625.0
12,21,1,1368.0,586.0
12,21,2,1407.0,570.0
12,21,3,1421.0,610.0
12,26,0,1456.0,660.0
12,26,1,1442.0,620.0
12,26,2,1479.0,604.0
12,26,3,1494.0,645.0
12,16,0,1349.0,703.0
12,16,1,1334.0,664.0
12,16,2,1373.0,648.0
12,16,3,1387.0,688.0
12,36,0,1561.0,617.0
12,36,1,1548.0,576.0
12,36,2,1586.0,561.0
12,36,3,1599.0,601.0
12,31,0,1489.0,581.0
12,31,1,1474.0,542.0
12,31,2,1512.0,526.0
12,31,3,1527.0,566.0
12,11,0,1275.0,669.0
12,11,1,1260.0,629.0
12,11,2,1297.0,614.0
12,11,3,1313.0,654.0
12,22,0,1338.0,512.0
12,22,1,1323.0,473.0
12,22,2,1359.0,457.0
12,22,3,1377.0,496.0
12,37,0,1520.0,502.0
12,37,1,1504.0,462.0
12,37,2,1540.0,446.0
12,37,3,1557.0,486.0
12,27,0,1415.0,546.0
12,27,1,1399.0,507.0
12,27,2,1436.0,491.0
12,27,3,1453.0,530.0
12,12,0,1231.0,558.0
12,12,1,1215.0,520.0
12,12,2,1254.0,504.0
12,12,3,1269.0,543.0
12,20,0,1421.0,737.0
12,20,1,1408.0,698.0
12,20,2,1447.0,683.0
12,20,3,1460.0,721.0
12,32,0,1444.0,467.0
12,32,1,1428.0,428.0
12,32,2,1464.0,412.0
12,32,3,1481.0,452.0
12,30,0,1526.0,694.0
12,30,1,1514.0,655.0
12,30,2,1552.0,640.0
12,30,3,1564.0,680.0
12,18,0,1262.0,480.0
12,18,1,1245.0,442.0
12,18,2,1282.0,426.0
12,18,3,1299.0,464.0
12,7,0,1200.0,634.0
12,7,1,1185.0,596.0
12,7,2,1222.0,581.0
12,7,3,1238.0,620.0
12,10,0,1313.0,777.0
12,10,1,1300.0,739.0
12,10,2,1340.0,726.0
12,10,3,1352.0,764.0
12,6,0,1241.0,742.0
12,6,1,1227.0,704.0
12,6,2,1264.0,690.0
12,6,3,1279.0,729.0
12,15,0,1384.0,811.0
12,15,1,1372.0,774.0
12,15,2,1411.0,759.0
12,15,3,1423.0,797.0
12,25,0,1490.0,770.0
12,25,1,1479.0,732.0
12,25,2,1517.0,717.0
12,25,3,1528.0,755.0
12,23,0,1291.0,402.0
12,23,1,1274.0,364.0
12,23,2,1310.0,349.0
12,23,3,1327.0,386.0
12,38,0,1472.0,388.0
12,38,1,1455.0,350.0
12,38,2,1490.0,335.0
12,38,3,1508.0,372.0
12,1,0,1169.0,708.0
12,1,1,1154.0,671.0
12,1,2,1192.0,657.0
12,1,3,1206.0,695.0
12,13,0,1185.0,449.0
12,13,1,1170.0,412.0
12,13,2,1205.0,396.0
12,13,3,1222.0,433.0
12,8,0,1156.0,526.0
12,8,1,1141.0,489.0
12,8,2,1177.0,473.0
12,8,3,1192.0,511.0
12,2,0,1126.0,601.0
12,2,1,1112.0,564.0
12,2,2,1148.0,549.0
12,2,3,1163.0,587.0
12,35,0,1594.0,728.0
12,35,1,1584.0,689.0
12,35,2,1621.0,675.0
12,35,3,1631.0,712.0
12,33,0,1395.0,356.0
12,33,1,1378.0,318.0
12,33,2,1412.0,304.0
12,33,3,1430.0,341.0
12,0,0,1207.0,811.0
12,0,1,1194.0,776.0
12,0,2,1232.0,763.0
12,0,3,1245.0,800.0
12,19,0,1213.0,372.0
12,19,1,1197.0,336.0
12,19,2,1231.0,320.0
12,19,3,1249.0,355.0
12,5,0,1278.0,845.0
12,5,1,1265.0,810.0
12,5,2,1303.0,798.0
12,5,3,1316.0,834.0
12,29,0,1317.0,324.0
12,29,1,1300.0,289.0
12,29,2,1334.0,274.0
12,29,3,1352.0,309.0
12,3,0,1084.0,496.0
12,3,1,1069.0,460.0
12,3,2,1103.0,444.0
12,3,3,1118.0,480.0
12,9,0,1111.0,421.0
12,9,1,1096.0,385.0
12,9,2,1129.0,369.0
12,9,3,1146.0,403.0
12,24,0,1239.0,296.0
12,24,1,1223.0,263.0
12,24,2,1256.0,246.0
12,24,3,1274.0,281.0
12,14,0,1137.0,345.0
12,14,1,1122.0,311.0
12,14,2,1155.0,295.0
12,14,3,1172.0,329.0
12,34,0,1341.0,250.0
12,34,1,1324.0,216.0
12,34,2,1357.0,202.0
12,34,3,1375.0,236.0
12,4,0,1040.0,395.0
12,4,1,1025.0,362.0
12,4,2,1057.0,345.0
12,4,3,1073.0,378.0
12,28,0,1368.0,433.0
12,28,1,1351.0,396.0
12,28,2,1388.0,380.0
12,28,3,1405.0,418.0
13,38,0,1153.0,430.0
13,38,1,1146.0,400.0
13,38,2,1174.0,393.0
13,38,3,1181.0,423.0
13,39,0,1131.0,343.0
13,39,1,1124.0,314.0
13,39,2,1150.0,306.0
13,39,3,1158.0,336.0
13,32,0,1124.0,482.0
13,32,1,1118.0,452.0
13,32,2,1143.0,446.0
13,32,3,1151.0,476.0
13,36,0,1190.0,605.0
13,36,1,1184.0,575.0
13,36,2,1210.0,571.0
13,36,3,1217.0,601.0
13,33,0,1104.0,397.0
13,33,1,1097.0,368.0
13,33,2,1123.0,360.0
13,33,3,1130.0,390.0
13,37,0,1173.0,517.0
13,37,1,1167.0,487.0
13,37,2,1193.0,482.0
13,37,3,1199.0,512.0
13,35,0,1206.0,689.0
13,35,1,1201.0,660.0
13,35,2,1227.0,658.0
13,35,3,1233.0,687.0
13,31,0,1143.0,567.0
13,31,1,1137.0,538.0
13,31,2,1162.0,533.0
13,31,3,1169.0,562.0
13,28,0,1077.0,448.0
13,28,1,1071.0,420.0
13,28,2,1096.0,413.0
13,28,3,1103.0,442.0
13,34,0,1083.0,312.0
13,34,1,1076.0,285.0
13,34,2,1100.0,277.0
13,34,3,1107.0,304.0
13,27,0,1096.0,531.0
13,27,1,1090.0,503.0
13,27,2,1116.0,498.0
13,27,3,1122.0,526.0
13,29,0,1058.0,366.0
13,29,1,1050.0,338.0
13,29,2,1075.0,330.0
13,29,3,1082.0,358.0
13,30,0,1160.0,651.0
13,30,1,1154.0,623.0
13,30,2,1179.0,619.0
13,30,3,1185.0,648.0
13,26,0,1114.0,613.0
13,26,1,1108.0,586.0
13,26,2,1133.0,582.0
13,26,3,1139.0,610.0
13,23,0,1033.0,416.0
13,23,1,1026.0,389.0
13,23,2,1049.0,382.0
13,23,3,1056.0,410.0
13,22,0,1052.0,497.0
13,22,1,1046.0,469.0
13,22,2,1069.0,464.0
13,22,3,1075.0,492.0
13,21,0,1071.0,578.0
13,21,1,1065.0,550.0
13,21,2,1088.0,546.0
13,21,3,1094.0,574.0
13,18,0,1009.0,465.0
13,18,1,1003.0,438.0
13,18,2,1026.0,432.0
13,18,3,1032.0,460.0
13,25,0,1132.0,693.0
13,25,1,1126.0,667.0
13,25,2,1150.0,665.0
13,25,3,1155.0,692.0
13,24,0,1013.0,337.0
13,24,1,1007.0,310.0
13,24,2,1028.0,302.0
13,24,3,1035.0,328.0
13,19,0,991.0,386.0
13,19,1,985.0,361.0
13,19,2,1005.0,354.0
13,19,3,1012.0,380.0
13,17,0,1028.0,543.0
13,17,1,1022.0,517.0
13,17,2,1043.0,512.0
13,17,3,1050.0,539.0
13,12,0,986.0,511.0
13,12,1,981.0,485.0
13,12,2,1002.0,480.0
13,12,3,1008.0,507.0
13,13,0,968.0,435.0
13,13,1,963.0,409.0
13,13,2,983.0,403.0
13,13,3,989.0,429.0
13,14,0,950.0,359.0
13,14,1,943.0,334.0
13,14,2,963.0,326.0
13,14,3,970.0,352.0
13,11,0,1005.0,587.0
13,11,1,999.0,562.0
13,11,2,1020.0,558.0
13,11,3,1026.0,584.0
13,8,0,947.0,481.0
13,8,1,942.0,455.0
13,8,2,961.0,450.0
13,8,3,967.0,476.0
13,9,0,929.0,406.0
13,9,1,923.0,382.0
13,9,2,943.0,376.0
13,9,3,949.0,400.0
13,3,0,910.0,452.0
13,3,1,904.0,428.0
13,3,2,923.0,422.0
13,3,3,929.0,447.0
13,2,0,928.0,524.0
13,2,1,922.0,500.0
13,2,2,941.0,496.0
13,2,3,946.0,520.0
13,1,0,946.0,597.0
13,1,1,940.0,573.0
13,1,2,958.0,570.0
13,1,3,964.0,594.0
13,4,0,892.0,380.0
13,4,1,887.0,356.0
13,4,2,903.0,350.0
13,4,3,909.0,374.0
13,7,0,965.0,555.0
13,7,1,960.0,530.0
13,7,2,979.0,526.0
13,7,3,985.0,552.0
13,10,0,1022.0,662.0
13,10,1,1017.0,638.0
13,10,2,1037.0,636.0
13,10,3,1042.0,661.0
13,15,0,1062.0,697.0
13,15,1,1057.0,673.0
13,15,2,1079.0,671.0
13,15,3,1084.0,696.0
13,16,0,1046.0,621.0
13,16,1,1040.0,595.0
13,16,2,1062.0,592.0
13,16,3,1068.0,619.0
13,20,0,1089.0,657.0
13,20,1,1083.0,630.0
13,20,2,1106.0,628.0
13,20,3,1111.0,655.0
14,34,0,900.0,330.0
14,34,1,874.0,317.0
14,34,2,893.0,296.0
14,34,3,920.0,310.0
14,39,0,967.0,321.0
14,39,1,942.0,307.0
14,39,2,962.0,287.0
14,39,3,988.0,301.0
14,33,0,971.0,369.0
14,33,1,947.0,357.0
14,33,2,967.0,337.0
14,33,3,990.0,350.0
14,38,0,1033.0,361.0
14,38,1,1012.0,349.0
14,38,2,1031.0,329.0
14,38,3,1054.0,342.0
14,24,0,844.0,383.0
14,24,1,818.0,371.0
14,24,2,835.0,354.0
14,24,3,861.0,367.0
14,29,0,907.0,376.0
14,29,1,883.0,365.0
14,29,2,901.0,346.0
14,29,3,925.0,358.0
14,23,0,913.0,417.0
14,23,1,890.0,406.0
14,23,2,908.0,391.0
14,23,3,931.0,402.0
14,37,0,1091.0,397.0
14,37,1,1073.0,384.0
14,37,2,1094.0,369.0
14,37,3,1113.0,383.0
14,14,0,794.0,437.0
14,14,1,770.0,427.0
14,14,2,784.0,410.0
14,14,3,809.0,420.0
14,28,0,972.0,411.0
14,28,1,952.0,400.0
14,28,2,971.0,384.0
14,28,3,992.0,396.0
14,32,0,1031.0,405.0
14,32,1,1013.0,392.0
14,32,2,1035.0,377.0
14,32,3,1052.0,389.0
14,18,0,919.0,457.0
14,18,1,897.0,448.0
14,18,2,914.0,431.0
14,18,3,936.0,440.0
14,13,0,862.0,466.0
14,13,1,839.0,456.0
14,13,2,855.0,441.0
14,13,3,878.0,450.0
14,22,0,975.0,448.0
14,22,1,955.0,438.0
14,22,2,973.0,424.0
14,22,3,994.0,434.0
14,9,0,806.0,473.0
14,9,1,783.0,464.0
14,9,2,796.0,450.0
14,9,3,820.0,459.0
14,4,0,750.0,480.0
14,4,1,726.0,470.0
14,4,2,739.0,458.0
14,4,3,763.0,466.0
14,8,0,870.0,499.0
14,8,1,848.0,491.0
14,8,2,864.0,477.0
14,8,3,885.0,486.0
14,17,0,978.0,484.0
14,17,1,959.0,476.0
14,17,2,976.0,461.0
14,17,3,995.0,470.0
14,27,0,1033.0,442.0
14,27,1,1014.0,433.0
14,27,2,1031.0,419.0
14,27,3,1050.0,428.0
14,21,0,1032.0,477.0
14,21,1,1013.0,468.0
14,21,2,1031.0,454.0
14,21,3,1049.0,463.0
14,3,0,816.0,505.0
14,3,1,794.0,496.0
14,3,2,808.0,485.0
14,3,3,831.0,493.0
14,11,0,980.0,516.0
14,11,1,963.0,509.0
14,11,2,979.0,496.0
14,11,3,996.0,504.0
14,26,0,1085.0,470.0
14,26,1,1068.0,461.0
14,26,2,1086.0,449.0
14,26,3,1102.0,457.0
14,30,0,1137.0,465.0
14,30,1,1122.0,457.0
14,30,2,1140.0,444.0
14,30,3,1154.0,452.0
14,10,0,1031.0,541.0
14,10,1,1015.0,532.0
14,10,2,1030.0,521.0
14,10,3,1046.0,528.0
14,1,0,932.0,551.0
14,1,1,915.0,544.0
14,1,2,929.0,534.0
14,1,3,947.0,540.0
14,2,0,877.0,529.0
14,2,1,858.0,522.0
14,2,2,872.0,509.0
14,2,3,891.0,517.0
14,5,0,1031.0,566.0
14,5,1,1015.0,560.0
14,5,2,1030.0,551.0
14,5,3,1045.0,558.0
14,6,0,981.0,546.0
14,6,1,965.0,539.0
14,6,2,980.0,527.0
14,6,3,997.0,534.0
14,12,0,925.0,492.0
14,12,1,903.0,484.0
14,12,2,920.0,469.0
14,12,3,941.0,478.0
14,19,0,853.0,427.0
14,19,1,829.0,416.0
14,19,2,845.0,398.0
14,19,3,869.0,408.0
14,20,0,1083.0,503.0
14,20,1,1067.0,496.0
14,20,2,1083.0,483.0
14,20,3,1098.0,491.0
14,25,0,1133.0,497.0
14,25,1,1117.0,490.0
14,25,2,1134.0,477.0
14,25,3,1149.0,486.0
14,31,0,1088.0,437.0
14,31,1,1071.0,428.0
14,31,2,1091.0,412.0
14,31,3,1107.0,424.0
14,35,0,1189.0,459.0
14,35,1,1174.0,452.0
14,35,2,1192.0,440.0
14,35,3,1207.0,448.0
14,36,0,1144.0,431.0
14,36,1,1127.0,422.0
14,36,2,1145.0,407.0
14,36,3,1163.0,418.0
15,35,0,1385.0,1082.0
15,35,1,1379.0,1048.0
15,35,2,1420.0,1040.0
15,35,3,1428.0,1073.0
15,25,0,1261.0,1106.0
15,25,1,1259.0,1074.0
15,25,2,1300.0,1065.0
15,25,3,1304.0,1098.0
15,15,0,1139.0,1124.0
15,15,1,1143.0,1092.0
15,15,2,1183.0,1088.0
15,15,3,1182.0,1120.0
15,5,0,1023.0,1132.0
15,5,1,1029.0,1101.0
15,5,2,1068.0,1098.0
15,5,3,1062.0,1129.0
15,30,0,1318.0,1048.0
15,30,1,1314.0,1019.0
15,30,2,1353.0,1010.0
15,30,3,1358.0,1039.0
15,20,0,1201.0,1071.0
15,20,1,1202.0,1041.0
15,20,2,1240.0,1033.0
15,20,3,1241.0,1063.0
15,10,0,1087.0,1084.0
15,10,1,1091.0,1055.0
15,10,2,1130.0,1052.0
15,10,3,1126.0,1081.0
15,36,0,1367.0,992.0
15,36,1,1362.0,966.0
15,36,2,1399.0,956.0
15,36,3,1406.0,982.0
15,26,0,1256.0,1017.0
15,26,1,1255.0,990.0
15,26,2,1292.0,983.0
15,26,3,1295.0,1010.0
15,16,0,1147.0,1036.0
15,16,1,1150.0,1009.0
15,16,2,1186.0,1004.0
15,16,3,1185.0,1031.0
15,0,0,980.0,1092.0
15,0,1,987.0,1064.0
15,0,2,1022.0,1061.0
15,0,3,1016.0,1089.0
15,6,0,1041.0,1047.0
15,6,1,1047.0,1021.0
15,6,2,1081.0,1018.0
15,6,3,1077.0,1044.0
15,21,0,1201.0,988.0
15,21,1,1202.0,963.0
15,21,2,1236.0,956.0
15,21,3,1238.0,981.0
15,31,0,1307.0,968.0
15,31,1,1303.0,944.0
15,31,2,1339.0,936.0
15,31,3,1343.0,959.0
15,11,0,1098.0,1003.0
15,11,1,1102.0,979.0
15,11,2,1136.0,975.0
15,11,3,1133.0,1000.0
15,27,0,1251.0,942.0
15,27,1,1249.0,920.0
15,27,2,1283.0,914.0
15,27,3,1286.0,936.0
15,1,0,1001.0,1016.0
15,1,1,1006.0,993.0
15,1,2,1039.0,989.0
15,1,3,1034.0,1012.0
15,17,0,1152.0,962.0
15,17,1,1154.0,939.0
15,17,2,1186.0,933.0
15,17,3,1186.0,955.0
15,37,0,1352.0,921.0
15,37,1,1347.0,900.0
15,37,2,1380.0,891.0
15,37,3,1386.0,910.0
15,7,0,1055.0,975.0
15,7,1,1059.0,953.0
15,7,2,1091.0,948.0
15,7,3,1087.0,971.0
15,32,0,1297.0,900.0
15,32,1,1293.0,880.0
15,32,2,1325.0,872.0
15,32,3,1329.0,893.0
15,22,0,1201.0,919.0
15,22,1,1201.0,899.0
15,22,2,1232.0,892.0
15,22,3,1234.0,912.0
15,2,0,1017.0,949.0
15,2,1,1021.0,929.0
15,2,2,1051.0,925.0
15,2,3,1047.0,945.0
15,38,0,1337.0,858.0
15,38,1,1333.0,840.0
15,38,2,1363.0,834.0
15,38,3,1369.0,852.0
15,18,0,1155.0,898.0
15,18,1,1157.0,878.0
15,18,2,1186.0,873.0
15,18,3,1186.0,892.0
15,28,0,1245.0,878.0
15,28,1,1244.0,861.0
15,28,2,1274.0,854.0
15,28,3,1277.0,873.0
15,8,0,1066.0,911.0
15,8,1,1069.0,893.0
15,8,2,1099.0,887.0
15,8,3,1096.0,907.0
15,33,0,1287.0,842.0
15,33,1,1284.0,824.0
15,33,2,1313.0,818.0
15,33,3,1316.0,835.0
15,23,0,1200.0,861.0
15,23,1,1199.0,844.0
15,23,2,1228.0,837.0
15,23,3,1229.0,854.0
15,13,0,1113.0,876.0
15,13,1,1116.0,859.0
15,13,2,1144.0,855.0
15,13,3,1142.0,872.0
15,39,0,1324.0,805.0
15,39,1,1322.0,789.0
15,39,2,1348.0,783.0
15,39,3,1351.0,799.0
15,3,0,1030.0,891.0
15,3,1,1034.0,875.0
15,3,2,1061.0,869.0
15,3,3,1058.0,886.0
15,24,0,1198.0,810.0
15,24,1,1198.0,796.0
15,24,2,1224.0,791.0
15,24,3,1224.0,805.0
15,4,0,1042.0,841.0
15,4,1,1045.0,827.0
15,4,2,1070.0,822.0
15,4,3,1066.0,837.0
15,9,0,1075.0,857.0
15,9,1,1078.0,842.0
15,9,2,1105.0,838.0
15,9,3,1103.0,853.0
15,12,0,1106.0,935.0
15,12,1,1109.0,914.0
15,12,2,1140.0,910.0
15,12,3,1138.0,931.0
15,14,0,1118.0,826.0
15,14,1,1120.0,811.0
15,14,2,1146.0,807.0
15,14,3,1145.0,822.0
15,19,0,1157.0,843.0
15,19,1,1158.0,828.0
15,19,2,1185.0,822.0
15,19,3,1185.0,838.0
15,34,0,1277.0,791.0
15,34,1,1276.0,777.0
15,34,2,1302.0,771.0
15,34,3,1304.0,785.0
16,34,0,1005.0,280.0
16,34,1,983.0,264.0
16,34,2,1012.0,244.0
16,34,3,1033.0,261.0
16,24,0,929.0,333.0
16,24,1,905.0,320.0
16,24,2,931.0,301.0
16,24,3,954.0,315.0
16,39,0,1075.0,272.0
16,39,1,1057.0,257.0
16,39,2,1086.0,238.0
16,39,3,1104.0,254.0
16,29,0,998.0,327.0
16,29,1,978.0,315.0
16,29,2,1004.0,295.0
16,29,3,1024.0,309.0
16,33,0,1068.0,321.0
16,33,1,1047.0,309.0
16,33,2,1073.0,289.0
16,33,3,1092.0,302.0
16,14,0,862.0,388.0
16,14,1,837.0,378.0
16,14,2,860.0,359.0
16,14,3,883.0,370.0
16,19,0,926.0,378.0
16,19,1,905.0,366.0
16,19,2,928.0,347.0
16,19,3,950.0,359.0
16,38,0,1129.0,315.0
16,38,1,1113.0,302.0
16,38,2,1140.0,283.0
16,38,3,1155.0,298.0
16,23,0,992.0,368.0
16,23,1,972.0,357.0
16,23,2,996.0,341.0
16,23,3,1016.0,353.0
16,4,0,799.0,433.0
16,4,1,777.0,424.0
16,4,2,796.0,409.0
16,4,3,819.0,418.0
16,13,0,926.0,417.0
16,13,1,906.0,408.0
16,13,2,926.0,392.0
16,13,3,947.0,401.0
16,32,0,1118.0,357.0
16,32,1,1101.0,347.0
16,32,2,1124.0,330.0
16,32,3,1140.0,341.0
16,37,0,1174.0,351.0
16,37,1,1160.0,340.0
16,37,2,1184.0,325.0
16,37,3,1199.0,338.0
16,22,0,1046.0,399.0
16,22,1,1028.0,389.0
16,22,2,1052.0,375.0
16,22,3,1068.0,384.0
16,8,0,923.0,450.0
16,8,1,904.0,442.0
16,8,2,923.0,429.0
16,8,3,944.0,437.0
16,3,0,864.0,457.0
16,3,1,844.0,449.0
16,3,2,864.0,436.0
16,3,3,884.0,444.0
16,27,0,1104.0,393.0
16,27,1,1089.0,384.0
16,27,2,1112.0,371.0
16,27,3,1126.0,380.0
16,17,0,1038.0,434.0
16,17,1,1022.0,426.0
16,17,2,1042.0,412.0
16,17,3,1058.0,420.0
16,7,0,976.0,472.0
16,7,1,960.0,465.0
16,7,2,980.0,453.0
16,7,3,997.0,460.0
16,2,0,922.0,479.0
16,2,1,904.0,472.0
16,2,2,923.0,459.0
16,2,3,940.0,466.0
16,21,0,1092.0,427.0
16,21,1,1078.0,418.0
16,21,2,1098.0,405.0
16,21,3,1113.0,413.0
16,26,0,1145.0,420.0
16,26,1,1132.0,412.0
16,26,2,1153.0,400.0
16,26,3,1167.0,408.0
16,6,0,1025.0,492.0
16,6,1,1009.0,487.0
16,6,2,1027.0,475.0
16,6,3,1041.0,481.0
16,9,0,864.0,425.0
16,9,1,841.0,416.0
16,9,2,862.0,401.0
16,9,3,883.0,410.0
16,11,0,1030.0,465.0
16,11,1,1015.0,458.0
16,11,2,1036.0,445.0
16,11,3,1050.0,452.0
16,12,0,983.0,442.0
16,12,1,965.0,435.0
16,12,2,984.0,420.0
16,12,3,1002.0,428.0
16,16,0,1082.0,457.0
16,16,1,1069.0,451.0
16,16,2,1088.0,438.0
16,16,3,1102.0,445.0
16,18,0,988.0,407.0
16,18,1,968.0,399.0
16,18,2,989.0,382.0
16,18,3,1008.0,391.0
16,28,0,1057.0,362.0
16,28,1,1038.0,352.0
16,28,2,1063.0,336.0
16,28,3,1080.0,347.0
16,31,0,1160.0,389.0
16,31,1,1146.0,380.0
16,31,2,1167.0,366.0
16,31,3,1181.0,375.0
16,36,0,1213.0,384.0
16,36,1,1201.0,376.0
16,36,2,1223.0,362.0
16,36,3,1234.0,371.0
17,10,0,1167.0,746.0
17,10,1,1155.0,708.0
17,10,2,1193.0,695.0
17,10,3,1205.0,733.0
17,17,0,1166.0,565.0
17,17,1,1152.0,527.0
17,17,2,1189.0,514.0
17,17,3,1203.0,552.0
17,16,0,1203.0,673.0
17,16,1,1190.0,636.0
17,16,2,1228.0,622.0
17,16,3,1240.0,661.0
17,20,0,1273.0,708.0
17,20,1,1261.0,670.0
17,20,2,1299.0,658.0
17,20,3,1311.0,696.0
17,6,0,1096.0,710.0
17,6,1,1084.0,672.0
17,6,2,1122.0,660.0
17,6,3,1134.0,698.0
17,26,0,1309.0,636.0
17,26,1,1296.0,597.0
17,26,2,1332.0,584.0
17,26,3,1345.0,623.0
17,11,0,1132.0,638.0
17,11,1,1119.0,600.0
17,11,2,1156.0,587.0
17,11,3,1169.0,625.0
17,21,0,1238.0,600.0
17,21,1,1225.0,562.0
17,21,2,1262.0,549.0
17,21,3,1275.0,587.0
17,7,0,1059.0,603.0
17,7,1,1047.0,566.0
17,7,2,1084.0,553.0
17,7,3,1097.0,590.0
17,31,0,1343.0,563.0
17,31,1,1329.0,524.0
17,31,2,1364.0,511.0
17,31,3,1378.0,549.0
17,22,0,1199.0,492.0
17,22,1,1185.0,455.0
17,22,2,1222.0,442.0
17,22,3,1236.0,478.0
17,12,0,1094.0,531.0
17,12,1,1080.0,493.0
17,12,2,1116.0,480.0
17,12,3,1130.0,517.0
17,30,0,1377.0,671.0
17,30,1,1366.0,633.0
17,30,2,1402.0,620.0
17,30,3,1414.0,658.0
17,1,0,1026.0,675.0
17,1,1,1013.0,638.0
17,1,2,1050.0,625.0
17,1,3,1063.0,662.0
17,15,0,1238.0,781.0
17,15,1,1226.0,743.0
17,15,2,1263.0,730.0
17,15,3,1274.0,767.0
17,5,0,1131.0,814.0
17,5,1,1119.0,778.0
17,5,2,1157.0,766.0
17,5,3,1169.0,803.0
17,27,0,1272.0,527.0
17,27,1,1258.0,489.0
17,27,2,1293.0,476.0
17,27,3,1307.0,514.0
17,25,0,1342.0,743.0
17,25,1,1330.0,706.0
17,25,2,1366.0,692.0
17,25,3,1378.0,730.0
17,36,0,1412.0,598.0
17,36,1,1399.0,560.0
17,36,2,1435.0,547.0
17,36,3,1447.0,585.0
17,2,0,989.0,569.0
17,2,1,977.0,533.0
17,2,2,1012.0,519.0
17,2,3,1026.0,556.0
17,0,0,1062.0,779.0
17,0,1,1050.0,743.0
17,0,2,1087.0,731.0
17,0,3,1099.0,768.0
17,37,0,1374.0,489.0
17,37,1,1360.0,452.0
17,37,2,1395.0,439.0
17,37,3,1409.0,476.0
17,8,0,1022.0,498.0
17,8,1,1009.0,462.0
17,8,2,1044.0,448.0
17,8,3,1058.0,484.0
17,32,0,1303.0,454.0
17,32,1,1289.0,417.0
17,32,2,1323.0,404.0
17,32,3,1338.0,440.0
17,35,0,1443.0,706.0
17,35,1,1433.0,668.0
17,35,2,1468.0,655.0
17,35,3,1478.0,692.0
17,18,0,1126.0,458.0
17,18,1,1113.0,422.0
17,18,2,1148.0,409.0
17,18,3,1162.0,445.0
17,23,0,1158.0,387.0
17,23,1,1144.0,351.0
17,23,2,1179.0,339.0
17,23,3,1193.0,374.0
17,28,0,1231.0,419.0
17,28,1,1217.0,383.0
17,28,2,1251.0,371.0
17,28,3,1266.0,406.0
17,13,0,1054.0,426.0
17,13,1,1041.0,392.0
17,13,2,1076.0,378.0
17,13,3,1090.0,412.0
17,3,0,953.0,467.0
17,3,1,940.0,432.0
17,3,2,975.0,418.0
17,3,3,987.0,453.0
17,9,0,984.0,397.0
17,9,1,971.0,362.0
17,9,2,1005.0,349.0
17,9,3,1019.0,382.0
17,38,0,1332.0,382.0
17,38,1,1318.0,347.0
17,38,2,1350.0,335.0
17,38,3,1366.0,370.0
17,19,0,1086.0,356.0
17,19,1,1072.0,323.0
17,19,2,1106.0,309.0
17,19,3,1120.0,343.0
17,33,0,1260.0,349.0
17,33,1,1246.0,315.0
17,33,2,1279.0,303.0
17,33,3,1294.0,337.0
17,14,0,1014.0,327.0
17,14,1,1002.0,295.0
17,14,2,1035.0,281.0
17,14,3,1049.0,314.0
17,4,0,916.0,369.0
17,4,1,905.0,336.0
17,4,2,938.0,322.0
17,4,3,950.0,355.0
17,29,0,1189.0,317.0
17,29,1,1174.0,283.0
17,29,2,1206.0,272.0
17,29,3,1222.0,304.0
17,24,0,1116.0,287.0
17,24,1,1103.0,255.0
17,24,2,1134.0,243.0
17,24,3,1149.0,274.0
18,30,0,1056.0,667.0
18,30,1,1066.0,643.0
18,30,2,1095.0,636.0
18,30,3,1086.0,661.0
18,21,0,1001.0,613.0
18,21,1,1010.0,591.0
18,21,2,1036.0,586.0
18,21,3,1027.0,607.0
18,16,0,947.0,654.0
18,16,1,958.0,632.0
18,16,2,982.0,627.0
18,16,3,972.0,650.0
18,10,0,893.0,695.0
18,10,1,905.0,672.0
18,10,2,927.0,668.0
18,10,3,915.0,691.0
18,11,0,926.0,629.0
18,11,1,937.0,608.0
18,11,2,960.0,603.0
18,11,3,949.0,624.0
18,6,0,877.0,667.0
18,6,1,888.0,646.0
18,6,2,909.0,642.0
18,6,3,898.0,664.0
18,17,0,978.0,589.0
18,17,1,987.0,571.0
18,17,2,1010.0,565.0
18,17,3,1001.0,584.0
18,1,0,862.0,642.0
18,1,1,873.0,623.0
18,1,2,892.0,619.0
18,1,3,882.0,638.0
18,0,0,824.0,704.0
18,0,1,837.0,683.0
18,0,2,858.0,680.0
18,0,3,845.0,703.0
18,7,0,909.0,606.0
18,7,1,920.0,588.0
18,7,2,941.0,582.0
18,7,3,930.0,601.0
18,12,0,957.0,568.0
18,12,1,967.0,551.0
18,12,2,988.0,546.0
18,12,3,980.0,564.0
18,20,0,970.0,683.0
18,20,1,982.0,659.0
18,20,2,1006.0,654.0
18,20,3,996.0,679.0
18,31,0,1084.0,595.0
18,31,1,1092.0,573.0
18,31,2,1120.0,567.0
18,31,3,1112.0,588.0
18,35,0,1091.0,701.0
18,35,1,1100.0,672.0
18,35,2,1132.0,668.0
18,35,3,1125.0,697.0
18,36,0,1116.0,618.0
18,36,1,1123.0,595.0
18,36,2,1154.0,587.0
18,36,3,1147.0,611.0
18,37,0,1139.0,552.0
18,37,1,1145.0,533.0
18,37,2,1173.0,524.0
18,37,3,1167.0,542.0
19,10,0,1144.0,747.0
19,10,1,1132.0,710.0
19,10,2,1170.0,698.0
19,10,3,1181.0,734.0
19,20,0,1248.0,711.0
19,20,1,1236.0,674.0
19,20,2,1272.0,661.0
19,20,3,1285.0,698.0
19,5,0,1108.0,815.0
19,5,1,1097.0,779.0
19,5,2,1135.0,767.0
19,5,3,1145.0,804.0
19,15,0,1213.0,782.0
19,15,1,1201.0,745.0
19,15,2,1237.0,732.0
19,15,3,1249.0,769.0
19,6,0,1075.0,711.0
19,6,1,1064.0,674.0
19,6,2,1100.0,662.0
19,6,3,1112.0,699.0
19,16,0,1179.0,676.0
19,16,1,1167.0,639.0
19,16,2,1203.0,627.0
19,16,3,1215.0,664.0
19,25,0,1316.0,746.0
19,25,1,1305.0,709.0
19,25,2,1340.0,696.0
19,25,3,1352.0,733.0
19,0,0,1040.0,779.0
19,0,1,1029.0,743.0
19,0,2,1066.0,732.0
19,0,3,1077.0,768.0
19,21,0,1213.0,606.0
19,21,1,1200.0,569.0
19,21,2,1236.0,557.0
19,21,3,1248.0,593.0
19,26,0,1282.0,640.0
19,26,1,1270.0,603.0
19,26,2,1305.0,591.0
19,26,3,1318.0,627.0
19,30,0,1350.0,675.0
19,30,1,1339.0,638.0
19,30,2,1372.0,625.0
19,30,3,1386.0,662.0
19,11,0,1110.0,641.0
19,11,1,1098.0,605.0
19,11,2,1134.0,593.0
19,11,3,1146.0,629.0
19,36,0,1383.0,604.0
19,36,1,1370.0,567.0
19,36,2,1404.0,555.0
19,36,3,1417.0,591.0
19,1,0,1008.0,676.0
19,1,1,997.0,640.0
19,1,2,1032.0,628.0
19,1,3,1043.0,665.0
19,17,0,1144.0,572.0
19,17,1,1131.0,537.0
19,17,2,1166.0,524.0
19,17,3,1179.0,559.0
19,31,0,1314.0,569.0
19,31,1,1301.0,534.0
19,31,2,1335.0,521.0
19,31,3,1349.0,556.0
19,35,0,1416.0,709.0
19,35,1,1405.0,672.0
19,35,2,1439.0,660.0
19,35,3,1450.0,696.0
19,7,0,1041.0,607.0
19,7,1,1030.0,572.0
19,7,2,1065.0,560.0
19,7,3,1077.0,595.0
19,27,0,1245.0,535.0
19,27,1,1233.0,500.0
19,27,2,1266.0,488.0
19,27,3,1280.0,523.0
19,12,0,1075.0,539.0
19,12,1,1063.0,504.0
19,12,2,1097.0,492.0
19,12,3,1110.0,526.0
19,22,0,1176.0,503.0
19,22,1,1163.0,469.0
19,22,2,1198.0,456.0
19,22,3,1210.0,490.0
19,2,0,975.0,575.0
19,2,1,964.0,541.0
19,2,2,998.0,528.0
19,2,3,1010.0,562.0
19,37,0,1344.0,499.0
19,37,1,1331.0,465.0
19,37,2,1363.0,453.0
19,37,3,1378.0,486.0
19,8,0,1008.0,508.0
19,8,1,997.0,474.0
19,8,2,1031.0,462.0
19,8,3,1042.0,495.0
19,18,0,1107.0,471.0
19,18,1,1095.0,439.0
19,18,2,1128.0,426.0
19,18,3,1141.0,459.0
19,32,0,1276.0,467.0
19,32,1,1263.0,433.0
19,32,2,1295.0,422.0
19,32,3,1308.0,455.0
19,3,0,944.0,479.0
19,3,1,933.0,447.0
19,3,2,966.0,434.0
19,3,3,977.0,465.0
19,13,0,1040.0,441.0
19,13,1,1029.0,410.0
19,13,2,1062.0,398.0
19,13,3,1074.0,428.0
19,23,0,1138.0,405.0
19,23,1,1126.0,374.0
19,23,2,1158.0,362.0
19,23,3,1171.0,393.0
19,14,0,1006.0,351.0
19,14,1,995.0,322.0
19,14,2,1027.0,310.0
19,14,3,1038.0,339.0
19,4,0,913.0,388.0
19,4,1,904.0,358.0
19,4,2,935.0,346.0
19,4,3,945.0,375.0
19,9,0,975.0,414.0
19,9,1,965.0,383.0
19,9,2,997.0,371.0
19,9,3,1008.0,401.0
19,19,0,1072.0,377.0
19,19,1,1060.0,347.0
19,19,2,1092.0,335.0
19,19,3,1104.0,365.0
19,24,0,1100.0,314.0
19,24,1,1089.0,287.0
19,24,2,1121.0,276.0
19,24,3,1132.0,303.0
19,28,0,1208.0,435.0
19,28,1,1194.0,402.0
19,28,2,1226.0,391.0
19,28,3,1240.0,423.0
19,29,0,1168.0,341.0
19,29,1,1155.0,312.0
19,29,2,1186.0,301.0
19,29,3,1199.0,330.0
19,33,0,1235.0,370.0
19,33,1,1223.0,339.0
19,33,2,1253.0,329.0
19,33,3,1266.0,360.0
19,38,0,1304.0,400.0
19,38,1,1291.0,368.0
19,38,2,1320.0,358.0
19,38,3,1335.0,389.0
20,25,0,1308.0,825.0
20,25,1,1301.0,794.0
20,25,2,1335.0,783.0
20,25,3,1344.0,813.0
20,35,0,1412.0,789.0
20,35,1,1402.0,759.0
20,35,2,1435.0,748.0
20,35,3,1446.0,778.0
20,15,0,1205.0,856.0
20,15,1,1200.0,826.0
20,15,2,1234.0,817.0
20,15,3,1240.0,847.0
20,20,0,1247.0,798.0
20,20,1,1241.0,770.0
20,20,2,1273.0,758.0
20,20,3,1281.0,786.0
20,5,0,1104.0,883.0
20,5,1,1100.0,854.0
20,5,2,1133.0,844.0
20,5,3,1137.0,873.0
20,30,0,1347.0,764.0
20,30,1,1338.0,736.0
20,30,2,1370.0,725.0
20,30,3,1380.0,752.0
20,10,0,1147.0,825.0
20,10,1,1144.0,798.0
20,10,2,1177.0,789.0
20,10,3,1181.0,817.0
20,26,0,1285.0,739.0
20,26,1,1279.0,714.0
20,26,2,1309.0,704.0
20,26,3,1317.0,729.0
20,36,0,1381.0,705.0
20,36,1,1372.0,680.0
20,36,2,1402.0,669.0
20,36,3,1412.0,693.0
20,16,0,1190.0,771.0
20,16,1,1186.0,745.0
20,16,2,1217.0,736.0
20,16,3,1223.0,762.0
20,6,0,1097.0,798.0
20,6,1,1094.0,773.0
20,6,2,1124.0,764.0
20,6,3,1127.0,789.0
20,21,0,1229.0,718.0
20,21,1,1223.0,694.0
20,21,2,1253.0,683.0
20,21,3,1260.0,706.0
20,11,0,1137.0,746.0
20,11,1,1134.0,722.0
20,11,2,1164.0,713.0
20,11,3,1168.0,737.0
20,17,0,1176.0,697.0
20,17,1,1172.0,675.0
20,17,2,1200.0,665.0
20,17,3,1206.0,687.0
20,7,0,1089.0,724.0
20,7,1,1087.0,702.0
20,7,2,1115.0,692.0
20,7,3,1118.0,715.0
20,22,0,1212.0,649.0
20,22,1,1207.0,628.0
20,22,2,1234.0,618.0
20,22,3,1239.0,639.0
20,2,0,1046.0,704.0
20,2,1,1044.0,684.0
20,2,2,1071.0,675.0
20,2,3,1073.0,694.0
20,8,0,1083.0,658.0
20,8,1,1080.0,640.0
20,8,2,1106.0,631.0
20,8,3,1109.0,648.0
20,13,0,1118.0,616.0
20,13,1,1115.0,598.0
20,13,2,1141.0,590.0
20,13,3,1144.0,607.0
20,3,0,1043.0,644.0
20,3,1,1042.0,626.0
20,3,2,1065.0,616.0
20,3,3,1067.0,634.0
20,0,0,1053.0,852.0
20,0,1,1052.0,825.0
20,0,2,1082.0,816.0
20,0,3,1084.0,843.0
20,1,0,1050.0,774.0
20,1,1,1049.0,750.0
20,1,2,1076.0,740.0
20,1,3,1079.0,764.0
20,9,0,1076.0,602.0
20,9,1,1075.0,585.0
20,9,2,1098.0,577.0
20,9,3,1101.0,593.0
20,12,0,1127.0,676.0
20,12,1,1124.0,655.0
20,12,2,1152.0,647.0
20,12,3,1156.0,668.0
20,18,0,1163.0,632.0
20,18,1,1159.0,613.0
20,18,2,1186.0,605.0
20,18,3,1190.0,624.0
20,23,0,1196.0,589.0
20,23,1,1192.0,572.0
20,23,2,1216.0,562.0
20,23,3,1222.0,578.0
20,27,0,1264.0,666.0
20,27,1,1257.0,644.0
20,27,2,1286.0,634.0
20,27,3,1294.0,655.0
20,28,0,1244.0,601.0
20,28,1,1239.0,584.0
20,28,2,1265.0,574.0
20,28,3,1271.0,592.0
20,31,0,1321.0,686.0
20,31,1,1313.0,662.0
20,31,2,1343.0,653.0
20,31,3,1351.0,675.0
20,32,0,1297.0,618.0
20,32,1,1290.0,598.0
20,32,2,1317.0,589.0
20,32,3,1325.0,608.0
20,37,0,1353.0,635.0
20,37,1,1345.0,615.0
20,37,2,1373.0,604.0
20,37,3,1381.0,622.0
21,25,0,1016.0,727.0
21,25,1,1023.0,696.0
21,25,2,1052.0,692.0
21,25,3,1044.0,723.0
21,30,0,1071.0,674.0
21,30,1,1080.0,646.0
21,30,2,1109.0,642.0
21,30,3,1102.0,670.0
21,21,0,1009.0,610.0
21,21,1,1017.0,586.0
21,21,2,1043.0,580.0
21,21,3,1036.0,604.0
21,16,0,959.0,654.0
21,16,1,968.0,630.0
21,16,2,993.0,626.0
21,16,3,985.0,651.0
21,37,0,1143.0,546.0
21,37,1,1148.0,524.0
21,37,2,1176.0,517.0
21,37,3,1169.0,539.0
21,10,0,910.0,699.0
21,10,1,919.0,673.0
21,10,2,942.0,670.0
21,10,3,933.0,696.0
21,32,0,1108.0,522.0
21,32,1,1112.0,501.0
21,32,2,1139.0,494.0
21,32,3,1136.0,515.0
21,11,0,936.0,625.0
21,11,1,944.0,602.0
21,11,2,967.0,597.0
21,11,3,959.0,621.0
21,17,0,983.0,583.0
21,17,1,992.0,561.0
21,17,2,1014.0,555.0
21,17,3,1007.0,577.0
21,1,0,871.0,638.0
21,1,1,881.0,616.0
21,1,2,900.0,612.0
21,1,3,890.0,635.0
21,0,0,842.0,707.0
21,0,1,851.0,683.0
21,0,2,873.0,680.0
21,0,3,862.0,706.0
21,2,0,896.0,575.0
21,2,1,904.0,556.0
21,2,2,924.0,550.0
21,2,3,916.0,570.0
21,5,0,861.0,743.0
21,5,1,871.0,716.0
21,5,2,893.0,714.0
21,5,3,883.0,742.0
21,6,0,889.0,667.0
21,6,1,899.0,643.0
21,6,2,920.0,639.0
21,6,3,911.0,664.0
21,7,0,915.0,598.0
21,7,1,923.0,578.0
21,7,2,944.0,572.0
21,7,3,937.0,594.0
21,12,0,959.0,558.0
21,12,1,967.0,538.0
21,12,2,989.0,534.0
21,12,3,982.0,553.0
21,15,0,932.0,735.0
21,15,1,942.0,707.0
21,15,2,967.0,704.0
21,15,3,958.0,733.0
21,20,0,986.0,689.0
21,20,1,995.0,662.0
21,20,2,1021.0,657.0
21,20,3,1013.0,685.0
21,22,0,1030.0,541.0
21,22,1,1036.0,521.0
21,22,2,1060.0,513.0
21,22,3,1054.0,535.0
21,26,0,1039.0,641.0
21,26,1,1047.0,614.0
21,26,2,1074.0,609.0
21,26,3,1067.0,636.0
21,27,0,1059.0,565.0
21,27,1,1064.0,543.0
21,27,2,1091.0,537.0
21,27,3,1086.0,560.0
21,31,0,1092.0,594.0
21,31,1,1097.0,569.0
21,31,2,1126.0,563.0
21,31,3,1120.0,587.0
21,35,0,1109.0,714.0
21,35,1,1115.0,682.0
21,35,2,1148.0,677.0
21,35,3,1144.0,711.0
21,36,0,1127.0,623.0
21,36,1,1132.0,596.0
21,36,2,1163.0,589.0
21,36,3,1157.0,617.0
22,35,0,1408.0,789.0
22,35,1,1396.0,757.0
22,35,2,1426.0,743.0
22,35,3,1439.0,775.0
22,25,0,1315.0,828.0
22,25,1,1304.0,796.0
22,25,2,1336.0,784.0
22,25,3,1346.0,815.0
22,15,0,1222.0,863.0
22,15,1,1213.0,832.0
22,15,2,1244.0,820.0
22,15,3,1254.0,852.0
22,30,0,1345.0,763.0
22,30,1,1333.0,732.0
22,30,2,1363.0,719.0
22,30,3,1375.0,749.0
22,20,0,1254.0,800.0
22,20,1,1245.0,770.0
22,20,2,1275.0,758.0
22,20,3,1285.0,788.0
22,5,0,1133.0,894.0
22,5,1,1126.0,863.0
22,5,2,1155.0,853.0
22,5,3,1163.0,884.0
22,10,0,1165.0,834.0
22,10,1,1157.0,804.0
22,10,2,1187.0,793.0
22,10,3,1195.0,823.0
22,26,0,1283.0,737.0
22,26,1,1274.0,708.0
22,26,2,1303.0,696.0
22,26,3,1314.0,724.0
22,16,0,1197.0,774.0
22,16,1,1188.0,745.0
22,16,2,1218.0,734.0
22,16,3,1226.0,762.0
22,21,0,1226.0,714.0
22,21,1,1217.0,687.0
22,21,2,1245.0,674.0
22,21,3,1255.0,701.0
22,6,0,1112.0,807.0
22,6,1,1105.0,778.0
22,6,2,1132.0,767.0
22,6,3,1140.0,796.0
22,0,0,1082.0,865.0
22,0,1,1075.0,836.0
22,0,2,1102.0,825.0
22,0,3,1109.0,855.0
22,11,0,1142.0,749.0
22,11,1,1134.0,721.0
22,11,2,1162.0,710.0
22,11,3,1170.0,737.0
22,1,0,1063.0,782.0
22,1,1,1057.0,754.0
22,1,2,1082.0,743.0
22,1,3,1089.0,771.0
22,17,0,1171.0,691.0
22,17,1,1163.0,666.0
22,17,2,1190.0,654.0
22,17,3,1199.0,679.0
22,7,0,1091.0,725.0
22,7,1,1084.0,699.0
22,7,2,1110.0,688.0
22,7,3,1118.0,713.0
22,32,0,1279.0,595.0
22,32,1,1269.0,572.0
22,32,2,1295.0,560.0
22,32,3,1305.0,582.0
22,22,0,1199.0,635.0
22,22,1,1191.0,610.0
22,22,2,1216.0,598.0
22,22,3,1225.0,622.0
22,2,0,1044.0,703.0
22,2,1,1038.0,679.0
22,2,2,1063.0,668.0
22,2,3,1069.0,692.0
22,8,0,1071.0,649.0
22,8,1,1065.0,626.0
22,8,2,1089.0,616.0
22,8,3,1095.0,638.0
22,23,0,1172.0,562.0
22,23,1,1165.0,541.0
22,23,2,1189.0,530.0
22,23,3,1196.0,550.0
22,13,0,1097.0,597.0
22,13,1,1091.0,576.0
22,13,2,1115.0,564.0
22,13,3,1122.0,586.0
22,3,0,1027.0,632.0
22,3,1,1022.0,611.0
22,3,2,1044.0,600.0
22,3,3,1049.0,621.0
22,4,0,1011.0,567.0
22,4,1,1006.0,549.0
22,4,2,1026.0,537.0
22,4,3,1032.0,556.0
22,12,0,1119.0,669.0
22,12,1,1112.0,644.0
22,12,2,1138.0,634.0
22,12,3,1146.0,658.0
22,18,0,1146.0,615.0
22,18,1,1139.0,592.0
22,18,2,1164.0,581.0
22,18,3,1173.0,604.0
22,19,0,1123.0,547.0
22,19,1,1116.0,527.0
22,19,2,1141.0,516.0
22,19,3,1148.0,535.0
22,27,0,1253.0,654.0
22,27,1,1243.0,628.0
22,27,2,1271.0,616.0
22,27,3,1280.0,641.0
22,28,0,1224.0,578.0
22,28,1,1215.0,556.0
22,28,2,1240.0,543.0
22,28,3,1249.0,565.0
22,33,0,1248.0,524.0
22,33,1,1238.0,502.0
22,33,2,1262.0,491.0
22,33,3,1273.0,512.0
22,36,0,1373.0,698.0
22,36,1,1361.0,669.0
22,36,2,1389.0,656.0
22,36,3,1401.0,685.0
22,37,0,1338.0,616.0
22,37,1,1327.0,591.0
22,37,2,1353.0,578.0
22,37,3,1364.0,602.0
23,25,0,1254.0,833.0
23,25,1,1254.0,809.0
23,25,2,1292.0,810.0
23,25,3,1294.0,833.0
23,5,0,1020.0,816.0
23,5,1,1028.0,794.0
23,5,2,1065.0,797.0
23,5,3,1059.0,818.0
23,10,0,1088.0,789.0
23,10,1,1092.0,769.0
23,10,2,1128.0,773.0
23,10,3,1124.0,792.0
23,30,0,1309.0,799.0
23,30,1,1307.0,781.0
23,30,2,1343.0,780.0
23,30,3,1347.0,799.0
23,16,0,1147.0,764.0
23,16,1,1150.0,747.0
23,16,2,1185.0,748.0
23,16,3,1183.0,766.0
23,21,0,1203.0,738.0
23,21,1,1203.0,722.0
23,21,2,1236.0,722.0
23,21,3,1237.0,738.0
23,0,0,979.0,780.0
23,0,1,988.0,762.0
23,0,2,1023.0,764.0
23,0,3,1015.0,782.0
23,1,0,1005.0,728.0
23,1,1,1012.0,712.0
23,1,2,1043.0,713.0
23,1,3,1036.0,729.0
23,2,0,1025.0,682.0
23,2,1,1032.0,669.0
23,2,2,1060.0,670.0
23,2,3,1055.0,683.0
23,3,0,1043.0,644.0
23,3,1,1049.0,634.0
23,3,2,1074.0,634.0
23,3,3,1071.0,644.0
23,6,0,1043.0,755.0
23,6,1,1050.0,738.0
23,6,2,1083.0,741.0
23,6,3,1078.0,758.0
23,8,0,1077.0,663.0
23,8,1,1082.0,651.0
23,8,2,1109.0,652.0
23,8,3,1106.0,663.0
23,11,0,1102.0,733.0
23,11,1,1106.0,717.0
23,11,2,1139.0,720.0
23,11,3,1136.0,735.0
23,15,0,1136.0,828.0
23,15,1,1139.0,806.0
23,15,2,1177.0,808.0
23,15,3,1175.0,832.0
23,20,0,1197.0,798.0
23,20,1,1199.0,778.0
23,20,2,1236.0,777.0
23,20,3,1236.0,797.0
23,26,0,1253.0,767.0
23,26,1,1253.0,749.0
23,26,2,1287.0,751.0
23,26,3,1289.0,769.0
23,35,0,1372.0,836.0
23,35,1,1367.0,813.0
23,35,2,1404.0,813.0
23,35,3,1409.0,837.0
23,36,0,1360.0,769.0
23,36,1,1355.0,752.0
23,36,2,1388.0,750.0
23,36,3,1393.0,769.0
24,39,0,995.0,388.0
24,39,1,969.0,371.0
24,39,2,987.0,346.0
24,39,3,1014.0,363.0
24,34,0,931.0,399.0
24,34,1,904.0,382.0
24,34,2,921.0,358.0
24,34,3,948.0,374.0
24,33,0,1006.0,447.0
24,33,1,981.0,431.0
24,33,2,998.0,407.0
24,33,3,1024.0,423.0
24,29,0,944.0,456.0
24,29,1,918.0,440.0
24,29,2,935.0,417.0
24,29,3,961.0,434.0
24,38,0,1069.0,436.0
24,38,1,1045.0,421.0
24,38,2,1063.0,396.0
24,38,3,1087.0,412.0
24,24,0,883.0,465.0
24,24,1,857.0,451.0
24,24,2,871.0,428.0
24,24,3,898.0,443.0
24,32,0,1077.0,492.0
24,32,1,1053.0,478.0
24,32,2,1070.0,455.0
24,32,3,1094.0,469.0
24,19,0,896.0,520.0
24,19,1,871.0,506.0
24,19,2,886.0,483.0
24,19,3,911.0,497.0
24,37,0,1137.0,482.0
24,37,1,1114.0,468.0
24,37,2,1132.0,445.0
24,37,3,1155.0,461.0
24,23,0,956.0,509.0
24,23,1,931.0,495.0
24,23,2,947.0,473.0
24,23,3,972.0,488.0
24,28,0,1017.0,500.0
24,28,1,992.0,486.0
24,28,2,1008.0,465.0
24,28,3,1033.0,479.0
24,14,0,838.0,530.0
24,14,1,812.0,517.0
24,14,2,825.0,495.0
24,14,3,851.0,508.0
24,18,0,966.0,561.0
24,18,1,943.0,548.0
24,18,2,959.0,526.0
24,18,3,982.0,539.0
24,22,0,1024.0,551.0
24,22,1,1001.0,536.0
24,22,2,1018.0,517.0
24,22,3,1041.0,531.0
24,31,0,1140.0,535.0
24,31,1,1120.0,522.0
24,31,2,1138.0,500.0
24,31,3,1159.0,515.0
24,13,0,909.0,570.0
24,13,1,885.0,557.0
24,13,2,899.0,537.0
24,13,3,924.0,551.0
24,27,0,1082.0,543.0
24,27,1,1061.0,529.0
24,27,2,1077.0,510.0
24,27,3,1100.0,523.0
24,36,0,1199.0,526.0
24,36,1,1178.0,513.0
24,36,2,1196.0,492.0
24,36,3,1216.0,506.0
24,9,0,852.0,579.0
24,9,1,828.0,566.0
24,9,2,841.0,547.0
24,9,3,866.0,560.0
24,12,0,977.0,608.0
24,12,1,954.0,597.0
24,12,2,969.0,577.0
24,12,3,991.0,589.0
24,4,0,798.0,586.0
24,4,1,773.0,574.0
24,4,2,785.0,555.0
24,4,3,809.0,568.0
24,17,0,1033.0,599.0
24,17,1,1011.0,587.0
24,17,2,1026.0,568.0
24,17,3,1048.0,580.0
24,21,0,1089.0,590.0
24,21,1,1068.0,578.0
24,21,2,1083.0,559.0
24,21,3,1105.0,571.0
24,8,0,920.0,616.0
24,8,1,898.0,604.0
24,8,2,912.0,586.0
24,8,3,935.0,600.0
24,3,0,866.0,623.0
24,3,1,843.0,611.0
24,3,2,856.0,594.0
24,3,3,879.0,607.0
24,30,0,1200.0,573.0
24,30,1,1182.0,562.0
24,30,2,1198.0,544.0
24,30,3,1216.0,556.0
24,2,0,931.0,659.0
24,2,1,910.0,647.0
24,2,2,923.0,631.0
24,2,3,945.0,642.0
24,5,0,1102.0,717.0
24,5,1,1085.0,708.0
24,5,2,1100.0,693.0
24,5,3,1117.0,703.0
24,6,0,1047.0,685.0
24,6,1,1026.0,674.0
24,6,2,1041.0,659.0
24,6,3,1061.0,670.0
24,7,0,985.0,652.0
24,7,1,964.0,640.0
24,7,2,978.0,624.0
24,7,3,999.0,634.0
24,10,0,1098.0,679.0
24,10,1,1080.0,669.0
24,10,2,1095.0,651.0
24,10,3,1114.0,662.0
24,11,0,1039.0,644.0
24,11,1,1019.0,633.0
24,11,2,1035.0,615.0
24,11,3,1055.0,627.0
24,16,0,1093.0,636.0
24,16,1,1074.0,625.0
24,16,2,1089.0,607.0
24,16,3,1109.0,618.0
24,20,0,1148.0,628.0
24,20,1,1129.0,616.0
24,20,2,1145.0,598.0
24,20,3,1164.0,610.0
24,25,0,1201.0,620.0
24,25,1,1183.0,608.0
24,25,2,1200.0,590.0
24,25,3,1217.0,601.0
24,26,0,1145.0,582.0
24,26,1,1125.0,570.0
24,26,2,1142.0,551.0
24,26,3,1161.0,563.0
24,35,0,1252.0,566.0
24,35,1,1236.0,554.0
24,35,2,1256.0,536.0
24,35,3,1272.0,549.0
25,34,0,886.0,354.0
25,34,1,859.0,341.0
25,34,2,879.0,321.0
25,34,3,905.0,335.0
25,39,0,952.0,344.0
25,39,1,927.0,332.0
25,39,2,947.0,311.0
25,39,3,971.0,324.0
25,33,0,956.0,392.0
25,33,1,933.0,381.0
25,33,2,953.0,360.0
25,33,3,975.0,373.0
25,38,0,1017.0,383.0
25,38,1,996.0,371.0
25,38,2,1016.0,351.0
25,38,3,1037.0,363.0
25,24,0,830.0,407.0
25,24,1,806.0,396.0
25,24,2,823.0,378.0
25,24,3,848.0,390.0
25,29,0,893.0,399.0
25,29,1,869.0,388.0
25,29,2,886.0,370.0
25,29,3,911.0,382.0
25,19,0,841.0,450.0
25,19,1,817.0,439.0
25,19,2,833.0,421.0
25,19,3,857.0,432.0
25,28,0,958.0,433.0
25,28,1,937.0,422.0
25,28,2,957.0,406.0
25,28,3,978.0,417.0
25,32,0,1018.0,426.0
25,32,1,997.0,414.0
25,32,2,1017.0,398.0
25,32,3,1037.0,408.0
25,14,0,782.0,460.0
25,14,1,759.0,451.0
25,14,2,772.0,434.0
25,14,3,797.0,444.0
25,18,0,906.0,479.0
25,18,1,884.0,469.0
25,18,2,901.0,452.0
25,18,3,923.0,462.0
25,23,0,900.0,439.0
25,23,1,877.0,429.0
25,23,2,893.0,414.0
25,23,3,917.0,424.0
25,37,0,1074.0,417.0
25,37,1,1057.0,406.0
25,37,2,1078.0,390.0
25,37,3,1096.0,403.0
25,13,0,851.0,487.0
25,13,1,828.0,478.0
25,13,2,843.0,463.0
25,13,3,866.0,473.0
25,9,0,795.0,495.0
25,9,1,771.0,487.0
25,9,2,785.0,472.0
25,9,3,809.0,481.0
25,22,0,962.0,469.0
25,22,1,942.0,460.0
25,22,2,959.0,445.0
25,22,3,979.0,454.0
25,31,0,1075.0,456.0
25,31,1,1056.0,448.0
25,31,2,1074.0,432.0
25,31,3,1092.0,442.0
25,4,0,740.0,502.0
25,4,1,716.0,493.0
25,4,2,730.0,480.0
25,4,3,752.0,489.0
25,27,0,1019.0,462.0
25,27,1,1000.0,454.0
25,27,2,1016.0,440.0
25,27,3,1036.0,449.0
25,36,0,1129.0,450.0
25,36,1,1112.0,441.0
25,36,2,1130.0,426.0
25,36,3,1147.0,436.0
25,12,0,912.0,513.0
25,12,1,892.0,505.0
25,12,2,908.0,490.0
25,12,3,927.0,499.0
25,8,0,859.0,520.0
25,8,1,837.0,512.0
25,8,2,853.0,499.0
25,8,3,873.0,508.0
25,21,0,1019.0,496.0
25,21,1,1001.0,488.0
25,21,2,1017.0,474.0
25,21,3,1034.0,483.0
25,17,0,966.0,504.0
25,17,1,946.0,496.0
25,17,2,962.0,482.0
25,17,3,981.0,490.0
25,3,0,806.0,526.0
25,3,1,784.0,519.0
25,3,2,797.0,506.0
25,3,3,819.0,514.0
25,26,0,1071.0,489.0
25,26,1,1054.0,481.0
25,26,2,1071.0,468.0
25,26,3,1088.0,476.0
25,16,0,1018.0,529.0
25,16,1,1001.0,521.0
25,16,2,1018.0,508.0
25,16,3,1034.0,516.0
25,30,0,1123.0,483.0
25,30,1,1107.0,475.0
25,30,2,1124.0,463.0
25,30,3,1140.0,471.0
25,2,0,866.0,549.0
25,2,1,847.0,542.0
25,2,2,860.0,530.0
25,2,3,879.0,538.0
25,11,0,969.0,535.0
25,11,1,951.0,529.0
25,11,2,965.0,516.0
25,11,3,983.0,524.0
25,10,0,1018.0,559.0
25,10,1,1004.0,552.0
25,10,2,1019.0,540.0
25,10,3,1032.0,548.0
25,1,0,922.0,570.0
25,1,1,904.0,563.0
25,1,2,918.0,553.0
25,1,3,935.0,560.0
25,5,0,1018.0,585.0
25,5,1,1004.0,579.0
25,5,2,1018.0,569.0
25,5,3,1033.0,575.0
25,0,0,972.0,590.0
25,0,1,957.0,584.0
25,0,2,970.0,574.0
25,0,3,986.0,580.0
25,6,0,970.0,565.0
25,6,1,953.0,558.0
25,6,2,968.0,546.0
25,6,3,985.0,554.0
25,7,0,916.0,543.0
25,7,1,898.0,535.0
25,7,2,912.0,524.0
25,7,3,932.0,531.0
25,15,0,1067.0,552.0
25,15,1,1052.0,546.0
25,15,2,1066.0,534.0
25,15,3,1082.0,540.0
25,20,0,1067.0,522.0
25,20,1,1052.0,514.0
25,20,2,1069.0,502.0
25,20,3,1085.0,510.0
26,35,0,1393.0,1081.0
26,35,1,1387.0,1049.0
26,35,2,1428.0,1039.0
26,35,3,1436.0,1072.0
26,25,0,1269.0,1108.0
26,25,1,1267.0,1076.0
26,25,2,1308.0,1067.0
26,25,3,1312.0,1099.0
26,15,0,1147.0,1127.0
26,15,1,1150.0,1096.0
26,15,2,1191.0,1091.0
26,15,3,1189.0,1123.0
26,5,0,1030.0,1137.0
26,5,1,1037.0,1106.0
26,5,2,1075.0,1103.0
26,5,3,1070.0,1133.0
26,30,0,1325.0,1049.0
26,30,1,1321.0,1022.0
26,30,2,1360.0,1012.0
26,30,3,1366.0,1040.0
26,20,0,1209.0,1074.0
26,20,1,1210.0,1045.0
26,20,2,1248.0,1037.0
26,20,3,1249.0,1066.0
26,10,0,1095.0,1089.0
26,10,1,1099.0,1061.0
26,10,2,1137.0,1057.0
26,10,3,1134.0,1085.0
26,26,0,1264.0,1021.0
26,26,1,1262.0,995.0
26,26,2,1300.0,988.0
26,26,3,1303.0,1013.0
26,36,0,1375.0,994.0
26,36,1,1369.0,970.0
26,36,2,1406.0,959.0
26,36,3,1413.0,984.0
26,0,0,987.0,1099.0
26,0,1,996.0,1071.0
26,0,2,1030.0,1068.0
26,0,3,1024.0,1095.0
26,16,0,1155.0,1042.0
26,16,1,1157.0,1016.0
26,16,2,1193.0,1010.0
26,16,3,1193.0,1036.0
26,6,0,1049.0,1055.0
26,6,1,1054.0,1030.0
26,6,2,1089.0,1026.0
26,6,3,1085.0,1051.0
26,21,0,1209.0,995.0
26,21,1,1210.0,971.0
26,21,2,1244.0,963.0
26,21,3,1246.0,987.0
26,31,0,1314.0,973.0
26,31,1,1311.0,950.0
26,31,2,1346.0,942.0
26,31,3,1350.0,964.0
26,11,0,1107.0,1012.0
26,11,1,1110.0,988.0
26,11,2,1144.0,983.0
26,11,3,1142.0,1007.0
26,1,0,1009.0,1025.0
26,1,1,1016.0,1003.0
26,1,2,1047.0,998.0
26,1,3,1042.0,1021.0
26,27,0,1259.0,949.0
26,27,1,1257.0,928.0
26,27,2,1291.0,922.0
26,27,3,1293.0,943.0
26,17,0,1160.0,970.0
26,17,1,1161.0,949.0
26,17,2,1194.0,942.0
26,17,3,1193.0,964.0
26,37,0,1359.0,927.0
26,37,1,1354.0,907.0
26,37,2,1387.0,897.0
26,37,3,1392.0,915.0
26,7,0,1064.0,985.0
26,7,1,1068.0,964.0
26,7,2,1099.0,958.0
26,7,3,1096.0,980.0
26,32,0,1303.0,907.0
26,32,1,1302.0,888.0
26,32,2,1333.0,882.0
26,32,3,1336.0,901.0
26,12,0,1115.0,945.0
26,12,1,1118.0,925.0
26,12,2,1149.0,921.0
26,12,3,1147.0,941.0
26,22,0,1209.0,929.0
26,22,1,1209.0,909.0
26,22,2,1240.0,902.0
26,22,3,1241.0,921.0
26,2,0,1026.0,961.0
26,2,1,1032.0,941.0
26,2,2,1060.0,936.0
26,2,3,1056.0,956.0
26,18,0,1163.0,908.0
26,18,1,1164.0,891.0
26,18,2,1194.0,885.0
26,18,3,1194.0,903.0
26,28,0,1254.0,889.0
26,28,1,1252.0,872.0
26,28,2,1282.0,865.0
26,28,3,1284.0,883.0
26,8,0,1075.0,924.0
26,8,1,1079.0,906.0
26,8,2,1107.0,901.0
26,8,3,1105.0,919.0
26,33,0,1294.0,852.0
26,33,1,1292.0,836.0
26,33,2,1321.0,831.0
26,33,3,1324.0,846.0
26,23,0,1208.0,873.0
26,23,1,1208.0,856.0
26,23,2,1236.0,849.0
26,23,3,1237.0,866.0
26,13,0,1122.0,890.0
26,13,1,1124.0,873.0
26,13,2,1152.0,868.0
26,13,3,1151.0,884.0
26,3,0,1040.0,906.0
26,3,1,1044.0,889.0
26,3,2,1070.0,884.0
26,3,3,1067.0,900.0
26,29,0,1248.0,838.0
26,29,1,1248.0,823.0
26,29,2,1274.0,817.0
26,29,3,1276.0,832.0
26,9,0,1085.0,872.0
26,9,1,1088.0,857.0
26,9,2,1114.0,852.0
26,9,3,1111.0,868.0
26,14,0,1127.0,842.0
26,14,1,1130.0,827.0
26,14,2,1155.0,823.0
26,14,3,1154.0,837.0
26,24,0,1206.0,825.0
26,24,1,1206.0,812.0
26,24,2,1232.0,805.0
26,24,3,1232.0,819.0
26,19,0,1166.0,857.0
26,19,1,1167.0,842.0
26,19,2,1194.0,837.0
26,19,3,1194.0,851.0
26,34,0,1285.0,804.0
26,34,1,1284.0,791.0
26,34,2,1309.0,784.0
26,34,3,1312.0,798.0
26,38,0,1344.0,866.0
26,38,1,1341.0,850.0
26,38,2,1371.0,844.0
26,38,3,1375.0,861.0
26,39,0,1331.0,816.0
26,39,1,1328.0,801.0
26,39,2,1355.0,795.0
26,39,3,1359.0,810.0
27,39,0,977.0,374.0
27,39,1,952.0,357.0
27,39,2,971.0,334.0
27,39,3,997.0,350.0
27,34,0,913.0,382.0
27,34,1,888.0,367.0
27,34,2,904.0,344.0
27,34,3,930.0,359.0
27,33,0,987.0,430.0
27,33,1,962.0,415.0
27,33,2,980.0,392.0
27,33,3,1004.0,408.0
27,38,0,1049.0,422.0
27,38,1,1025.0,407.0
27,38,2,1044.0,384.0
27,38,3,1067.0,400.0
27,29,0,924.0,437.0
27,29,1,899.0,422.0
27,29,2,915.0,401.0
27,29,3,941.0,417.0
27,24,0,863.0,444.0
27,24,1,837.0,429.0
27,24,2,852.0,409.0
27,24,3,878.0,423.0
27,19,0,874.0,497.0
27,19,1,850.0,483.0
27,19,2,866.0,461.0
27,19,3,890.0,476.0
27,32,0,1054.0,475.0
27,32,1,1031.0,461.0
27,32,2,1049.0,440.0
27,32,3,1072.0,455.0
27,14,0,815.0,505.0
27,14,1,792.0,492.0
27,14,2,805.0,472.0
27,14,3,830.0,486.0
27,23,0,934.0,488.0
27,23,1,910.0,474.0
27,23,2,927.0,454.0
27,23,3,950.0,468.0
27,28,0,994.0,481.0
27,28,1,970.0,467.0
27,28,2,987.0,448.0
27,28,3,1011.0,462.0
27,37,0,1114.0,467.0
27,37,1,1092.0,454.0
27,37,2,1110.0,433.0
27,37,3,1132.0,449.0
27,18,0,942.0,537.0
27,18,1,920.0,524.0
27,18,2,936.0,504.0
27,18,3,958.0,517.0
27,31,0,1115.0,517.0
27,31,1,1096.0,505.0
27,31,2,1113.0,486.0
27,31,3,1132.0,499.0
27,13,0,886.0,544.0
27,13,1,863.0,532.0
27,13,2,877.0,513.0
27,13,3,901.0,527.0
27,22,0,1000.0,529.0
27,22,1,978.0,516.0
27,22,2,994.0,498.0
27,22,3,1016.0,510.0
27,27,0,1058.0,523.0
27,27,1,1037.0,511.0
27,27,2,1054.0,492.0
27,27,3,1075.0,505.0
27,9,0,830.0,551.0
27,9,1,806.0,538.0
27,9,2,819.0,521.0
27,9,3,843.0,534.0
27,17,0,1006.0,574.0
27,17,1,985.0,562.0
27,17,2,1001.0,545.0
27,17,3,1022.0,557.0
27,21,0,1062.0,567.0
27,21,1,1041.0,555.0
27,21,2,1058.0,538.0
27,21,3,1078.0,550.0
27,4,0,775.0,557.0
27,4,1,752.0,545.0
27,4,2,763.0,528.0
27,4,3,787.0,540.0
27,8,0,896.0,587.0
27,8,1,874.0,576.0
27,8,2,888.0,560.0
27,8,3,910.0,572.0
27,3,0,842.0,593.0
27,3,1,820.0,581.0
27,3,2,833.0,566.0
27,3,3,855.0,578.0
27,30,0,1169.0,555.0
27,30,1,1154.0,543.0
27,30,2,1173.0,528.0
27,30,3,1187.0,541.0
27,2,0,904.0,627.0
27,2,1,885.0,616.0
27,2,2,899.0,601.0
27,2,3,918.0,611.0
27,7,0,957.0,622.0
27,7,1,938.0,610.0
27,7,2,953.0,596.0
27,7,3,972.0,606.0
27,11,0,1012.0,615.0
27,11,1,992.0,606.0
27,11,2,1006.0,590.0
27,11,3,1026.0,600.0
27,12,0,951.0,581.0
27,12,1,930.0,571.0
27,12,2,945.0,552.0
27,12,3,966.0,565.0
27,16,0,1065.0,609.0
27,16,1,1046.0,599.0
27,16,2,1061.0,583.0
27,16,3,1080.0,594.0
27,25,0,1169.0,598.0
27,25,1,1153.0,586.0
27,25,2,1172.0,571.0
27,25,3,1186.0,583.0
27,26,0,1117.0,561.0
27,26,1,1098.0,550.0
27,26,2,1115.0,533.0
27,26,3,1133.0,544.0
27,35,0,1222.0,549.0
27,35,1,1207.0,538.0
27,35,2,1227.0,523.0
27,35,3,1242.0,535.0
27,36,0,1172.0,512.0
27,36,1,1153.0,498.0
27,36,2,1172.0,480.0
27,36,3,1190.0,495.0
28,25,0,1227.0,863.0
28,25,1,1229.0,840.0
28,25,2,1268.0,845.0
28,25,3,1268.0,868.0
28,20,0,1173.0,822.0
28,20,1,1176.0,803.0
28,20,2,1214.0,806.0
28,20,3,1212.0,826.0
28,10,0,1061.0,800.0
28,10,1,1068.0,782.0
28,10,2,1105.0,790.0
28,10,3,1099.0,809.0
28,1,0,984.0,731.0
28,1,1,992.0,717.0
28,1,2,1024.0,721.0
28,1,3,1017.0,735.0
28,0,0,953.0,780.0
28,0,1,965.0,762.0
28,0,2,999.0,768.0
28,0,3,990.0,785.0
28,5,0,991.0,819.0
28,5,1,1002.0,799.0
28,5,2,1039.0,806.0
28,5,3,1031.0,826.0
28,6,0,1020.0,761.0
28,6,1,1028.0,747.0
28,6,2,1062.0,753.0
28,6,3,1056.0,769.0
28,15,0,1107.0,844.0
28,15,1,1113.0,824.0
28,15,2,1152.0,830.0
28,15,3,1148.0,853.0
28,17,0,1138.0,733.0
28,17,1,1142.0,720.0
28,17,2,1173.0,724.0
28,17,3,1171.0,737.0
28,21,0,1183.0,764.0
28,21,1,1185.0,750.0
28,21,2,1219.0,752.0
28,21,3,1218.0,767.0
28,30,0,1286.0,836.0
28,30,1,1285.0,818.0
28,30,2,1322.0,821.0
28,30,3,1324.0,841.0
28,35,0,1346.0,879.0
28,35,1,1344.0,855.0
28,35,2,1381.0,861.0
28,35,3,1384.0,885.0
29,36,0,1176.0,615.0
29,36,1,1172.0,585.0
29,36,2,1199.0,581.0
29,36,3,1204.0,613.0
29,38,0,1150.0,436.0
29,38,1,1145.0,405.0
29,38,2,1172.0,400.0
29,38,3,1177.0,430.0
29,37,0,1164.0,525.0
29,37,1,1160.0,494.0
29,37,2,1186.0,489.0
29,37,3,1191.0,520.0
29,32,0,1118.0,488.0
29,32,1,1113.0,459.0
29,32,2,1139.0,452.0
29,32,3,1145.0,482.0
29,31,0,1131.0,575.0
29,31,1,1128.0,545.0
29,31,2,1154.0,541.0
29,31,3,1157.0,572.0
29,39,0,1134.0,349.0
29,39,1,1128.0,320.0
29,39,2,1154.0,312.0
29,39,3,1159.0,342.0
29,30,0,1144.0,663.0
29,30,1,1139.0,634.0
29,30,2,1166.0,631.0
29,30,3,1169.0,662.0
29,33,0,1103.0,402.0
29,33,1,1098.0,374.0
29,33,2,1124.0,366.0
29,33,3,1129.0,396.0
29,27,0,1087.0,538.0
29,27,1,1083.0,509.0
29,27,2,1108.0,504.0
29,27,3,1113.0,533.0
29,26,0,1099.0,623.0
29,26,1,1096.0,594.0
29,26,2,1121.0,591.0
29,26,3,1125.0,620.0
29,28,0,1074.0,453.0
29,28,1,1069.0,425.0
29,28,2,1094.0,418.0
29,28,3,1099.0,447.0
29,21,0,1059.0,586.0
29,21,1,1054.0,557.0
29,21,2,1078.0,553.0
29,21,3,1082.0,583.0
29,25,0,1113.0,708.0
29,25,1,1109.0,680.0
29,25,2,1132.0,678.0
29,25,3,1136.0,707.0
29,29,0,1060.0,371.0
29,29,1,1055.0,344.0
29,29,2,1079.0,336.0
29,29,3,1084.0,363.0
29,22,0,1046.0,503.0
29,22,1,1041.0,475.0
29,22,2,1064.0,469.0
29,22,3,1069.0,497.0
29,20,0,1071.0,669.0
29,20,1,1067.0,641.0
29,20,2,1090.0,638.0
29,20,3,1094.0,667.0
29,23,0,1032.0,421.0
29,23,1,1028.0,394.0
29,23,2,1050.0,387.0
29,23,3,1055.0,415.0
29,17,0,1018.0,550.0
29,17,1,1014.0,523.0
29,17,2,1037.0,518.0
29,17,3,1041.0,546.0
29,18,0,1006.0,470.0
29,18,1,1001.0,444.0
29,18,2,1024.0,437.0
29,18,3,1028.0,465.0
29,16,0,1031.0,631.0
29,16,1,1027.0,603.0
29,16,2,1049.0,600.0
29,16,3,1053.0,628.0
29,15,0,1041.0,711.0
29,15,1,1038.0,685.0
29,15,2,1060.0,683.0
29,15,3,1063.0,710.0
29,24,0,1019.0,342.0
29,24,1,1015.0,316.0
29,24,2,1036.0,308.0
29,24,3,1040.0,335.0
29,11,0,992.0,595.0
29,11,1,988.0,568.0
29,11,2,1010.0,565.0
29,11,3,1013.0,592.0
29,19,0,993.0,391.0
29,19,1,989.0,366.0
29,19,2,1010.0,358.0
29,19,3,1015.0,384.0
29,12,0,980.0,516.0
29,12,1,976.0,490.0
29,12,2,997.0,485.0
29,12,3,1001.0,512.0
29,13,0,968.0,439.0
29,13,1,964.0,413.0
29,13,2,984.0,406.0
29,13,3,989.0,432.0
29,10,0,1004.0,673.0
29,10,1,1000.0,647.0
29,10,2,1021.0,645.0
29,10,3,1024.0,672.0
29,7,0,956.0,561.0
29,7,1,952.0,535.0
29,7,2,971.0,531.0
29,7,3,975.0,558.0
29,6,0,967.0,637.0
29,6,1,963.0,612.0
29,6,2,983.0,609.0
29,6,3,987.0,635.0
29,5,0,978.0,713.0
29,5,1,975.0,688.0
29,5,2,994.0,687.0
29,5,3,998.0,711.0
29,2,0,922.0,529.0
29,2,1,917.0,504.0
29,2,2,935.0,500.0
29,2,3,940.0,524.0
29,4,0,898.0,383.0
29,4,1,895.0,360.0
29,4,2,912.0,353.0
29,4,3,915.0,377.0
29,0,0,943.0,678.0
29,0,1,939.0,653.0
29,0,2,958.0,651.0
29,0,3,962.0,676.0
29,1,0,932.0,603.0
29,1,1,929.0,578.0
29,1,2,946.0,575.0
29,1,3,951.0,601.0
29,3,0,909.0,455.0
29,3,1,906.0,431.0
29,3,2,924.0,426.0
29,3,3,928.0,450.0
29,8,0,944.0,485.0
29,8,1,940.0,460.0
29,8,2,959.0,454.0
29,8,3,963.0,480.0
29,9,0,932.0,410.0
29,9,1,928.0,385.0
29,9,2,947.0,380.0
29,9,3,952.0,403.0
29,14,0,955.0,363.0
29,14,1,951.0,339.0
29,14,2,972.0,332.0
29,14,3,976.0,356.0
29,34,0,1088.0,319.0
29,34,1,1084.0,291.0
29,34,2,1106.0,284.0
29,34,3,1112.0,311.0
29,35,0,1189.0,705.0
29,35,1,1184.0,675.0
29,35,2,1211.0,672.0
29,35,3,1216.0,703.0
30,34,0,983.0,406.0
30,34,1,956.0,386.0
30,34,2,976.0,360.0
30,34,3,1003.0,380.0
30,39,0,1051.0,398.0
30,39,1,1024.0,379.0
30,39,2,1044.0,353.0
30,39,3,1071.0,373.0
30,33,0,1058.0,462.0
30,33,1,1032.0,443.0
30,33,2,1052.0,418.0
30,33,3,1077.0,437.0
30,24,0,927.0,475.0
30,24,1,901.0,457.0
30,24,2,920.0,432.0
30,24,3,946.0,451.0
30,29,0,992.0,468.0
30,29,1,966.0,450.0
30,29,2,985.0,425.0
30,29,3,1011.0,444.0
30,38,0,1122.0,455.0
30,38,1,1098.0,436.0
30,38,2,1118.0,411.0
30,38,3,1142.0,430.0
30,19,0,937.0,536.0
30,19,1,911.0,518.0
30,19,2,930.0,493.0
30,19,3,955.0,512.0
30,37,0,1188.0,510.0
30,37,1,1166.0,491.0
30,37,2,1187.0,468.0
30,37,3,1210.0,487.0
30,23,0,1000.0,528.0
30,23,1,975.0,510.0
30,23,2,994.0,487.0
30,23,3,1019.0,505.0
30,28,0,1064.0,522.0
30,28,1,1039.0,504.0
30,28,2,1059.0,481.0
30,28,3,1083.0,499.0
30,14,0,874.0,544.0
30,14,1,849.0,527.0
30,14,2,865.0,503.0
30,14,3,892.0,520.0
30,18,0,1007.0,587.0
30,18,1,983.0,569.0
30,18,2,1001.0,546.0
30,18,3,1026.0,563.0
30,32,0,1128.0,516.0
30,32,1,1103.0,498.0
30,32,2,1123.0,475.0
30,32,3,1146.0,492.0
30,22,0,1068.0,579.0
30,22,1,1045.0,562.0
30,22,2,1064.0,540.0
30,22,3,1089.0,558.0
30,13,0,946.0,593.0
30,13,1,921.0,576.0
30,13,2,939.0,554.0
30,13,3,964.0,571.0
30,9,0,886.0,599.0
30,9,1,860.0,582.0
30,9,2,877.0,561.0
30,9,3,903.0,578.0
30,12,0,1014.0,641.0
30,12,1,990.0,624.0
30,12,2,1009.0,603.0
30,12,3,1033.0,620.0
30,31,0,1191.0,568.0
30,31,1,1169.0,551.0
30,31,2,1188.0,529.0
30,31,3,1211.0,546.0
30,27,0,1131.0,573.0
30,27,1,1108.0,557.0
30,27,2,1127.0,535.0
30,27,3,1150.0,552.0
30,36,0,1249.0,562.0
30,36,1,1230.0,544.0
30,36,2,1251.0,523.0
30,36,3,1271.0,541.0
30,17,0,1074.0,634.0
30,17,1,1051.0,618.0
30,17,2,1070.0,596.0
30,17,3,1092.0,612.0
30,4,0,827.0,604.0
30,4,1,802.0,587.0
30,4,2,817.0,567.0
30,4,3,843.0,584.0
30,21,0,1133.0,627.0
30,21,1,1112.0,612.0
30,21,2,1131.0,590.0
30,21,3,1153.0,607.0
30,8,0,955.0,646.0
30,8,1,931.0,630.0
30,8,2,948.0,610.0
30,8,3,972.0,626.0
30,26,0,1192.0,621.0
30,26,1,1171.0,605.0
30,26,2,1190.0,585.0
30,26,3,1212.0,601.0
30,3,0,897.0,650.0
30,3,1,872.0,635.0
30,3,2,888.0,615.0
30,3,3,912.0,631.0
30,7,0,1020.0,690.0
30,7,1,997.0,675.0
30,7,2,1015.0,656.0
30,7,3,1038.0,671.0
30,11,0,1078.0,685.0
30,11,1,1056.0,670.0
30,11,2,1074.0,651.0
30,11,3,1097.0,666.0
30,2,0,962.0,695.0
30,2,1,939.0,680.0
30,2,2,956.0,661.0
30,2,3,979.0,676.0
30,16,0,1136.0,679.0
30,16,1,1115.0,664.0
30,16,2,1133.0,644.0
30,16,3,1154.0,659.0
30,20,0,1192.0,673.0
30,20,1,1172.0,658.0
30,20,2,1192.0,638.0
30,20,3,1211.0,655.0
30,30,0,1248.0,615.0
30,30,1,1230.0,599.0
30,30,2,1251.0,580.0
30,30,3,1269.0,596.0
30,25,0,1248.0,667.0
30,25,1,1229.0,652.0
30,25,2,1249.0,632.0
30,25,3,1267.0,648.0
30,35,0,1305.0,610.0
30,35,1,1287.0,594.0
30,35,2,1308.0,575.0
30,35,3,1325.0,591.0
30,10,0,1138.0,727.0
30,10,1,1117.0,714.0
30,10,2,1136.0,695.0
30,10,3,1156.0,709.0
30,15,0,1193.0,722.0
30,15,1,1173.0,708.0
30,15,2,1192.0,689.0
30,15,3,1211.0,703.0
30,1,0,1026.0,736.0
30,1,1,1004.0,723.0
30,1,2,1021.0,705.0
30,1,3,1043.0,719.0
30,6,0,1082.0,732.0
30,6,1,1061.0,719.0
30,6,2,1078.0,700.0
30,6,3,1099.0,714.0
30,0,0,1084.0,776.0
30,0,1,1064.0,763.0
30,0,2,1082.0,747.0
30,0,3,1102.0,760.0
30,5,0,1139.0,771.0
30,5,1,1120.0,760.0
30,5,2,1137.0,742.0
30,5,3,1156.0,755.0
31,36,0,1315.0,645.0
31,36,1,1297.0,619.0
31,36,2,1321.0,600.0
31,36,3,1341.0,626.0
31,35,0,1370.0,718.0
31,35,1,1353.0,693.0
31,35,2,1378.0,674.0
31,35,3,1397.0,699.0
31,31,0,1251.0,637.0
31,31,1,1232.0,612.0
31,31,2,1257.0,593.0
31,31,3,1276.0,619.0
31,37,0,1258.0,571.0
31,37,1,1239.0,546.0
31,37,2,1262.0,527.0
31,37,3,1283.0,552.0
31,32,0,1194.0,565.0
31,32,1,1173.0,540.0
31,32,2,1198.0,521.0
31,32,3,1217.0,545.0
31,38,0,1198.0,499.0
31,38,1,1178.0,475.0
31,38,2,1202.0,455.0
31,38,3,1222.0,479.0
31,30,0,1307.0,709.0
31,30,1,1289.0,684.0
31,30,2,1314.0,666.0
31,30,3,1333.0,691.0
31,26,0,1244.0,700.0
31,26,1,1225.0,676.0
31,26,2,1250.0,657.0
31,26,3,1269.0,683.0
31,33,0,1134.0,494.0
31,33,1,1114.0,469.0
31,33,2,1138.0,450.0
31,33,3,1157.0,474.0
31,39,0,1138.0,429.0
31,39,1,1118.0,404.0
31,39,2,1141.0,385.0
31,39,3,1161.0,408.0
31,25,0,1298.0,771.0
31,25,1,1280.0,747.0
31,25,2,1306.0,729.0
31,25,3,1324.0,753.0
31,27,0,1188.0,629.0
31,27,1,1169.0,604.0
31,27,2,1193.0,586.0
31,27,3,1212.0,611.0
31,21,0,1182.0,692.0
31,21,1,1163.0,668.0
31,21,2,1187.0,649.0
31,21,3,1206.0,674.0
31,28,0,1130.0,558.0
31,28,1,1111.0,534.0
31,28,2,1133.0,514.0
31,28,3,1153.0,539.0
31,20,0,1236.0,762.0
31,20,1,1218.0,738.0
31,20,2,1243.0,720.0
31,20,3,1261.0,745.0
31,22,0,1126.0,621.0
31,22,1,1107.0,597.0
31,22,2,1129.0,578.0
31,22,3,1149.0,603.0
31,29,0,1072.0,489.0
31,29,1,1053.0,465.0
31,29,2,1075.0,445.0
31,29,3,1094.0,469.0
31,15,0,1227.0,822.0
31,15,1,1209.0,799.0
31,15,2,1234.0,781.0
31,15,3,1252.0,805.0
31,16,0,1175.0,753.0
31,16,1,1157.0,728.0
31,16,2,1180.0,711.0
31,16,3,1199.0,736.0
31,17,0,1120.0,683.0
31,17,1,1102.0,659.0
31,17,2,1124.0,641.0
31,17,3,1144.0,665.0
31,23,0,1069.0,552.0
31,23,1,1051.0,528.0
31,23,2,1072.0,508.0
31,23,3,1091.0,533.0
31,18,0,1065.0,614.0
31,18,1,1046.0,591.0
31,18,2,1069.0,572.0
31,18,3,1088.0,595.0
31,34,0,1074.0,425.0
31,34,1,1056.0,402.0
31,34,2,1077.0,382.0
31,34,3,1097.0,405.0
31,11,0,1115.0,744.0
31,11,1,1096.0,720.0
31,11,2,1119.0,703.0
31,11,3,1138.0,727.0
31,19,0,1010.0,547.0
31,19,1,991.0,523.0
31,19,2,1013.0,504.0
31,19,3,1031.0,528.0
31,24,0,1014.0,485.0
31,24,1,995.0,462.0
31,24,2,1015.0,442.0
31,24,3,1035.0,464.0
31,10,0,1167.0,812.0
31,10,1,1149.0,789.0
31,10,2,1173.0,772.0
31,10,3,1191.0,796.0
31,12,0,1060.0,675.0
31,12,1,1041.0,652.0
31,12,2,1064.0,634.0
31,12,3,1082.0,658.0
31,13,0,1005.0,607.0
31,13,1,987.0,584.0
31,13,2,1008.0,565.0
31,13,3,1027.0,589.0
31,14,0,951.0,541.0
31,14,1,934.0,519.0
31,14,2,955.0,500.0
31,14,3,973.0,522.0
31,7,0,1056.0,734.0
31,7,1,1038.0,711.0
31,7,2,1059.0,694.0
31,7,3,1077.0,718.0
31,9,0,950.0,601.0
31,9,1,932.0,578.0
31,9,2,951.0,560.0
31,9,3,970.0,583.0
31,6,0,1108.0,801.0
31,6,1,1091.0,778.0
31,6,2,1113.0,762.0
31,6,3,1130.0,786.0
31,5,0,1160.0,867.0
31,5,1,1142.0,845.0
31,5,2,1165.0,830.0
31,5,3,1183.0,852.0
31,8,0,1002.0,667.0
31,8,1,985.0,644.0
31,8,2,1005.0,627.0
31,8,3,1023.0,650.0
31,2,0,999.0,724.0
31,2,1,982.0,702.0
31,2,2,1002.0,685.0
31,2,3,1020.0,708.0
31,0,0,1101.0,855.0
31,0,1,1085.0,834.0
31,0,2,1107.0,819.0
31,0,3,1124.0,842.0
31,1,0,1051.0,790.0
31,1,1,1034.0,768.0
31,1,2,1055.0,753.0
31,1,3,1072.0,776.0
31,3,0,948.0,659.0
31,3,1,931.0,636.0
31,3,2,950.0,620.0
31,3,3,967.0,642.0
31,4,0,897.0,594.0
31,4,1,881.0,572.0
31,4,2,899.0,555.0
31,4,3,915.0,578.0
32,21,0,1527.0,587.0
32,21,1,1511.0,544.0
32,21,2,1551.0,526.0
32,21,3,1567.0,569.0
32,31,0,1636.0,538.0
32,31,1,1619.0,495.0
32,31,2,1658.0,477.0
32,31,3,1675.0,520.0
32,7,0,1337.0,599.0
32,7,1,1320.0,559.0
32,7,2,1360.0,542.0
32,7,3,1377.0,582.0
32,37,0,1665.0,452.0
32,37,1,1646.0,410.0
32,37,2,1685.0,391.0
32,37,3,1703.0,434.0
32,22,0,1478.0,467.0
32,22,1,1459.0,426.0
32,22,2,1499.0,407.0
32,22,3,1517.0,449.0
32,17,0,1448.0,551.0
32,17,1,1431.0,509.0
32,17,2,1471.0,492.0
32,17,3,1488.0,534.0
32,11,0,1415.0,634.0
32,11,1,1399.0,593.0
32,11,2,1440.0,576.0
32,11,3,1456.0,618.0
32,27,0,1559.0,502.0
32,27,1,1541.0,459.0
32,27,2,1579.0,441.0
32,27,3,1597.0,484.0
32,12,0,1368.0,518.0
32,12,1,1350.0,476.0
32,12,2,1389.0,458.0
32,12,3,1407.0,500.0
32,16,0,1493.0,670.0
32,16,1,1478.0,628.0
32,16,2,1519.0,611.0
32,16,3,1533.0,654.0
32,36,0,1712.0,575.0
32,36,1,1696.0,531.0
32,36,2,1735.0,514.0
32,36,3,1750.0,557.0
32,26,0,1604.0,623.0
32,26,1,1589.0,580.0
32,26,2,1627.0,562.0
32,26,3,1643.0,605.0
32,32,0,1585.0,416.0
32,32,1,1567.0,374.0
32,32,2,1604.0,356.0
32,32,3,1623.0,399.0
32,18,0,1396.0,434.0
32,18,1,1378.0,393.0
32,18,2,1415.0,375.0
32,18,3,1435.0,416.0
32,28,0,1505.0,382.0
32,28,1,1485.0,342.0
32,28,2,1522.0,323.0
32,28,3,1543.0,364.0
32,20,0,1569.0,706.0
32,20,1,1555.0,664.0
32,20,2,1595.0,647.0
32,20,3,1608.0,689.0
32,30,0,1677.0,659.0
32,30,1,1664.0,616.0
32,30,2,1703.0,600.0
32,30,3,1716.0,642.0
32,10,0,1457.0,750.0
32,10,1,1443.0,709.0
32,10,2,1484.0,694.0
32,10,3,1497.0,736.0
32,15,0,1530.0,786.0
32,15,1,1518.0,746.0
32,15,2,1559.0,730.0
32,15,3,1571.0,770.0
32,6,0,1381.0,713.0
32,6,1,1366.0,674.0
32,6,2,1407.0,658.0
32,6,3,1421.0,699.0
32,23,0,1422.0,350.0
32,23,1,1403.0,311.0
32,23,2,1440.0,293.0
32,23,3,1460.0,333.0
32,8,0,1288.0,486.0
32,8,1,1271.0,446.0
32,8,2,1308.0,428.0
32,8,3,1326.0,468.0
32,1,0,1306.0,678.0
32,1,1,1290.0,638.0
32,1,2,1328.0,622.0
32,1,3,1345.0,663.0
32,38,0,1610.0,331.0
32,38,1,1589.0,291.0
32,38,2,1625.0,274.0
32,38,3,1646.0,314.0
32,25,0,1641.0,741.0
32,25,1,1628.0,700.0
32,25,2,1667.0,683.0
32,25,3,1679.0,724.0
32,2,0,1260.0,566.0
32,2,1,1243.0,527.0
32,2,2,1281.0,509.0
32,2,3,1298.0,549.0
32,13,0,1316.0,404.0
32,13,1,1297.0,366.0
32,13,2,1334.0,347.0
32,13,3,1353.0,385.0
32,33,0,1528.0,299.0
32,33,1,1508.0,259.0
32,33,2,1543.0,243.0
32,33,3,1564.0,282.0
32,19,0,1341.0,322.0
32,19,1,1321.0,285.0
32,19,2,1357.0,266.0
32,19,3,1378.0,303.0
32,35,0,1747.0,695.0
32,35,1,1736.0,653.0
32,35,2,1774.0,637.0
32,35,3,1783.0,678.0
32,5,0,1419.0,823.0
32,5,1,1407.0,785.0
32,5,2,1447.0,772.0
32,5,3,1459.0,811.0
32,0,0,1346.0,787.0
32,0,1,1333.0,749.0
32,0,2,1373.0,736.0
32,0,3,1386.0,774.0
32,29,0,1446.0,268.0
32,29,1,1425.0,232.0
32,29,2,1461.0,214.0
32,29,3,1482.0,251.0
32,39,0,1548.0,218.0
32,39,1,1527.0,180.0
32,39,2,1561.0,165.0
32,39,3,1583.0,201.0
32,3,0,1212.0,456.0
32,3,1,1195.0,419.0
32,3,2,1230.0,401.0
32,3,3,1247.0,439.0
32,9,0,1237.0,376.0
32,9,1,1219.0,340.0
32,9,2,1254.0,321.0
32,9,3,1272.0,358.0
32,24,0,1363.0,241.0
32,24,1,1344.0,205.0
32,24,2,1378.0,188.0
32,24,3,1399.0,223.0
32,14,0,1260.0,297.0
32,14,1,1243.0,262.0
32,14,2,1277.0,243.0
32,14,3,1296.0,277.0
32,34,0,1466.0,189.0
32,34,1,1445.0,154.0
32,34,2,1478.0,138.0
32,34,3,1500.0,173.0
32,4,0,1161.0,352.0
32,4,1,1145.0,318.0
32,4,2,1178.0,300.0
32,4,3,1195.0,334.0
33,35,0,1388.0,1084.0
33,35,1,1382.0,1051.0
33,35,2,1424.0,1042.0
33,35,3,1431.0,1075.0
33,25,0,1265.0,1110.0
33,25,1,1263.0,1077.0
33,25,2,1304.0,1069.0
33,25,3,1307.0,1102.0
33,15,0,1143.0,1129.0
33,15,1,1146.0,1097.0
33,15,2,1187.0,1093.0
33,15,3,1185.0,1125.0
33,5,0,1027.0,1138.0
33,5,1,1033.0,1107.0
33,5,2,1072.0,1104.0
33,5,3,1066.0,1135.0
33,20,0,1205.0,1076.0
33,20,1,1205.0,1046.0
33,20,2,1244.0,1038.0
33,20,3,1245.0,1067.0
33,30,0,1320.0,1051.0
33,30,1,1317.0,1024.0
33,30,2,1356.0,1013.0
33,30,3,1361.0,1042.0
33,10,0,1091.0,1089.0
33,10,1,1095.0,1061.0
33,10,2,1133.0,1057.0
33,10,3,1130.0,1086.0
33,36,0,1370.0,995.0
33,36,1,1365.0,970.0
33,36,2,1402.0,959.0
33,36,3,1409.0,985.0
33,0,0,984.0,1099.0
33,0,1,991.0,1071.0
33,0,2,1027.0,1068.0
33,0,3,1020.0,1095.0
33,26,0,1260.0,1021.0
33,26,1,1258.0,995.0
33,26,2,1295.0,988.0
33,26,3,1298.0,1014.0
33,16,0,1151.0,1042.0
33,16,1,1153.0,1015.0
33,16,2,1189.0,1010.0
33,16,3,1188.0,1036.0
33,6,0,1045.0,1054.0
33,6,1,1051.0,1028.0
33,6,2,1085.0,1024.0
33,6,3,1081.0,1050.0
33,31,0,1310.0,973.0
33,31,1,1307.0,948.0
33,31,2,1342.0,941.0
33,31,3,1346.0,963.0
33,21,0,1205.0,994.0
33,21,1,1206.0,969.0
33,21,2,1240.0,962.0
33,21,3,1240.0,987.0
33,11,0,1102.0,1010.0
33,11,1,1105.0,986.0
33,11,2,1139.0,981.0
33,11,3,1137.0,1006.0
33,1,0,1005.0,1024.0
33,1,1,1011.0,1000.0
33,1,2,1043.0,996.0
33,1,3,1038.0,1019.0
33,17,0,1155.0,968.0
33,17,1,1157.0,946.0
33,17,2,1190.0,939.0
33,17,3,1189.0,962.0
33,27,0,1255.0,947.0
33,27,1,1254.0,925.0
33,27,2,1287.0,919.0
33,27,3,1289.0,941.0
33,7,0,1059.0,983.0
33,7,1,1064.0,960.0
33,7,2,1095.0,955.0
33,7,3,1092.0,978.0
33,37,0,1355.0,925.0
33,37,1,1350.0,905.0
33,37,2,1383.0,895.0
33,37,3,1389.0,913.0
33,32,0,1299.0,904.0
33,32,1,1298.0,885.0
33,32,2,1328.0,877.0
33,32,3,1333.0,898.0
33,22,0,1205.0,926.0
33,22,1,1204.0,905.0
33,22,2,1236.0,899.0
33,22,3,1237.0,918.0
33,12,0,1111.0,942.0
33,12,1,1114.0,921.0
33,12,2,1144.0,917.0
33,12,3,1143.0,938.0
33,18,0,1159.0,905.0
33,18,1,1159.0,886.0
33,18,2,1190.0,881.0
33,18,3,1190.0,899.0
33,2,0,1021.0,956.0
33,2,1,1026.0,937.0
33,2,2,1055.0,933.0
33,2,3,1051.0,953.0
33,28,0,1249.0,884.0
33,28,1,1249.0,867.0
33,28,2,1278.0,861.0
33,28,3,1279.0,879.0
33,8,0,1071.0,920.0
33,8,1,1074.0,901.0
33,8,2,1103.0,896.0
33,8,3,1100.0,914.0
33,33,0,1290.0,848.0
33,33,1,1288.0,830.0
33,33,2,1316.0,824.0
33,33,3,1320.0,841.0
33,23,0,1203.0,868.0
33,23,1,1203.0,851.0
33,23,2,1231.0,844.0
33,23,3,1233.0,861.0
33,13,0,1117.0,884.0
33,13,1,1119.0,868.0
33,13,2,1148.0,862.0
33,13,3,1147.0,879.0
33,3,0,1035.0,900.0
33,3,1,1039.0,884.0
33,3,2,1066.0,878.0
33,3,3,1062.0,895.0
33,29,0,1244.0,833.0
33,29,1,1242.0,817.0
33,29,2,1270.0,811.0
33,29,3,1272.0,826.0
33,24,0,1201.0,818.0
33,24,1,1202.0,804.0
33,24,2,1228.0,799.0
33,24,3,1227.0,813.0
33,4,0,1047.0,851.0
33,4,1,1049.0,837.0
33,4,2,1074.0,831.0
33,4,3,1071.0,846.0
33,9,0,1080.0,866.0
33,9,1,1082.0,851.0
33,9,2,1109.0,846.0
33,9,3,1107.0,862.0
33,14,0,1122.0,835.0
33,14,1,1124.0,820.0
33,14,2,1150.0,815.0
33,14,3,1149.0,830.0
33,19,0,1161.0,851.0
33,19,1,1162.0,836.0
33,19,2,1189.0,830.0
33,19,3,1189.0,846.0
33,34,0,1281.0,799.0
33,34,1,1278.0,785.0
33,34,2,1305.0,778.0
33,34,3,1308.0,791.0
33,38,0,1341.0,864.0
33,38,1,1337.0,846.0
33,38,2,1367.0,840.0
33,38,3,1371.0,857.0
33,39,0,1327.0,811.0
33,39,1,1324.0,795.0
33,39,2,1350.0,788.0
33,39,3,1354.0,805.0
34,34,0,978.0,271.0
34,34,1,955.0,254.0
34,34,2,982.0,235.0
34,34,3,1005.0,252.0
34,24,0,907.0,324.0
34,24,1,881.0,311.0
34,24,2,904.0,293.0
34,24,3,929.0,306.0
34,29,0,975.0,319.0
34,29,1,953.0,304.0
34,29,2,979.0,287.0
34,29,3,1000.0,301.0
34,33,0,1042.0,314.0
34,33,1,1023.0,299.0
34,33,2,1049.0,281.0
34,33,3,1068.0,296.0
34,19,0,908.0,370.0
34,19,1,884.0,359.0
34,19,2,906.0,339.0
34,19,3,929.0,352.0
34,14,0,842.0,380.0
34,14,1,818.0,370.0
34,14,2,837.0,351.0
34,14,3,863.0,362.0
34,38,0,1108.0,308.0
34,38,1,1090.0,293.0
34,38,2,1116.0,275.0
34,38,3,1133.0,290.0
34,23,0,972.0,361.0
34,23,1,951.0,349.0
34,23,2,973.0,334.0
34,23,3,995.0,346.0
34,28,0,1038.0,355.0
34,28,1,1018.0,345.0
34,28,2,1039.0,330.0
34,28,3,1058.0,341.0
34,13,0,909.0,410.0
34,13,1,887.0,400.0
34,13,2,909.0,384.0
34,13,3,929.0,394.0
34,32,0,1097.0,352.0
34,32,1,1081.0,339.0
34,32,2,1105.0,323.0
34,32,3,1121.0,336.0
34,9,0,848.0,417.0
34,9,1,824.0,408.0
34,9,2,843.0,393.0
34,9,3,866.0,402.0
34,18,0,970.0,402.0
34,18,1,950.0,392.0
34,18,2,972.0,375.0
34,18,3,990.0,386.0
34,4,0,785.0,424.0
34,4,1,761.0,415.0
34,4,2,779.0,401.0
34,4,3,803.0,410.0
34,37,0,1156.0,346.0
34,37,1,1142.0,335.0
34,37,2,1167.0,319.0
34,37,3,1181.0,332.0
34,22,0,1031.0,393.0
34,22,1,1011.0,383.0
34,22,2,1034.0,369.0
34,22,3,1051.0,380.0
34,8,0,910.0,444.0
34,8,1,889.0,436.0
34,8,2,909.0,422.0
34,8,3,929.0,431.0
34,3,0,852.0,450.0
34,3,1,830.0,442.0
34,3,2,848.0,429.0
34,3,3,869.0,438.0
34,27,0,1089.0,388.0
34,27,1,1072.0,379.0
34,27,2,1094.0,366.0
34,27,3,1110.0,375.0
34,17,0,1024.0,430.0
34,17,1,1007.0,421.0
34,17,2,1027.0,407.0
34,17,3,1044.0,416.0
34,21,0,1080.0,423.0
34,21,1,1064.0,415.0
34,21,2,1085.0,400.0
34,21,3,1100.0,409.0
34,2,0,910.0,474.0
34,2,1,891.0,466.0
34,2,2,909.0,454.0
34,2,3,928.0,461.0
34,26,0,1134.0,417.0
34,26,1,1119.0,409.0
34,26,2,1139.0,397.0
34,26,3,1153.0,405.0
34,11,0,1020.0,461.0
34,11,1,1004.0,454.0
34,11,2,1021.0,442.0
34,11,3,1037.0,450.0
34,16,0,1072.0,455.0
34,16,1,1057.0,447.0
34,16,2,1076.0,435.0
34,16,3,1090.0,443.0
34,10,0,1065.0,485.0
34,10,1,1051.0,478.0
34,10,2,1068.0,466.0
34,10,3,1083.0,474.0
34,1,0,964.0,495.0
34,1,1,947.0,489.0
34,1,2,965.0,478.0
34,1,3,980.0,485.0
34,6,0,1015.0,490.0
34,6,1,999.0,484.0
34,6,2,1016.0,472.0
34,6,3,1033.0,479.0
34,7,0,965.0,468.0
34,7,1,948.0,460.0
34,7,2,967.0,448.0
34,7,3,983.0,456.0
34,12,0,969.0,437.0
34,12,1,949.0,429.0
34,12,2,969.0,414.0
34,12,3,987.0,423.0
34,20,0,1123.0,449.0
34,20,1,1110.0,442.0
34,20,2,1129.0,429.0
34,20,3,1142.0,438.0
34,30,0,1185.0,413.0
34,30,1,1173.0,405.0
34,30,2,1194.0,393.0
34,30,3,1205.0,401.0
34,39,0,1049.0,264.0
34,39,1,1029.0,248.0
34,39,2,1058.0,229.0
34,39,3,1077.0,245.0
35,34,0,980.0,410.0
35,34,1,953.0,392.0
35,34,2,972.0,365.0
35,34,3,999.0,384.0
35,39,0,1047.0,401.0
35,39,1,1020.0,383.0
35,39,2,1040.0,356.0
35,39,3,1066.0,375.0
35,33,0,1054.0,465.0
35,33,1,1029.0,447.0
35,33,2,1048.0,421.0
35,33,3,1074.0,440.0
35,29,0,989.0,472.0
35,29,1,963.0,454.0
35,29,2,983.0,429.0
35,29,3,1009.0,448.0
35,38,0,1120.0,456.0
35,38,1,1094.0,437.0
35,38,2,1114.0,413.0
35,38,3,1139.0,432.0
35,24,0,925.0,480.0
35,24,1,899.0,463.0
35,24,2,916.0,438.0
35,24,3,943.0,456.0
35,23,0,999.0,531.0
35,23,1,974.0,514.0
35,23,2,992.0,490.0
35,23,3,1018.0,508.0
35,14,0,874.0,549.0
35,14,1,848.0,532.0
35,14,2,865.0,508.0
35,14,3,891.0,525.0
35,19,0,936.0,540.0
35,19,1,911.0,523.0
35,19,2,928.0,499.0
35,19,3,954.0,516.0
35,28,0,1062.0,524.0
35,28,1,1037.0,507.0
35,28,2,1056.0,484.0
35,28,3,1081.0,501.0
35,32,0,1125.0,517.0
35,32,1,1101.0,500.0
35,32,2,1120.0,476.0
35,32,3,1144.0,494.0
35,37,0,1187.0,509.0
35,37,1,1164.0,492.0
35,37,2,1184.0,468.0
35,37,3,1207.0,487.0
35,13,0,946.0,597.0
35,13,1,921.0,580.0
35,13,2,939.0,558.0
35,13,3,964.0,575.0
35,18,0,1008.0,588.0
35,18,1,983.0,573.0
35,18,2,1000.0,549.0
35,18,3,1025.0,565.0
35,22,0,1068.0,580.0
35,22,1,1044.0,563.0
35,22,2,1063.0,542.0
35,22,3,1087.0,558.0
35,27,0,1130.0,573.0
35,27,1,1106.0,557.0
35,27,2,1126.0,535.0
35,27,3,1149.0,552.0
35,31,0,1190.0,567.0
35,31,1,1167.0,551.0
35,31,2,1187.0,528.0
35,31,3,1209.0,545.0
35,9,0,886.0,603.0
35,9,1,861.0,588.0
35,9,2,877.0,566.0
35,9,3,903.0,582.0
35,36,0,1247.0,560.0
35,36,1,1228.0,542.0
35,36,2,1248.0,521.0
35,36,3,1268.0,539.0
35,12,0,1015.0,642.0
35,12,1,991.0,627.0
35,12,2,1009.0,605.0
35,12,3,1032.0,621.0
35,17,0,1074.0,634.0
35,17,1,1051.0,618.0
35,17,2,1070.0,597.0
35,17,3,1092.0,613.0
35,21,0,1132.0,627.0
35,21,1,1111.0,611.0
35,21,2,1130.0,590.0
35,21,3,1152.0,606.0
35,4,0,828.0,609.0
35,4,1,803.0,594.0
35,4,2,817.0,573.0
35,4,3,843.0,589.0
35,8,0,955.0,649.0
35,8,1,932.0,634.0
35,8,2,948.0,613.0
35,8,3,972.0,628.0
35,3,0,897.0,654.0
35,3,1,874.0,639.0
35,3,2,890.0,619.0
35,3,3,914.0,635.0
35,26,0,1192.0,619.0
35,26,1,1170.0,604.0
35,26,2,1189.0,584.0
35,26,3,1210.0,599.0
35,16,0,1136.0,678.0
35,16,1,1115.0,663.0
35,16,2,1134.0,643.0
35,16,3,1155.0,658.0
35,2,0,964.0,697.0
35,2,1,941.0,682.0
35,2,2,958.0,663.0
35,2,3,981.0,678.0
35,11,0,1079.0,685.0
35,11,1,1057.0,670.0
35,11,2,1075.0,651.0
35,11,3,1097.0,666.0
35,20,0,1192.0,671.0
35,20,1,1172.0,656.0
35,20,2,1192.0,636.0
35,20,3,1211.0,652.0
35,7,0,1022.0,691.0
35,7,1,999.0,676.0
35,7,2,1016.0,658.0
35,7,3,1039.0,672.0
35,30,0,1248.0,613.0
35,30,1,1229.0,597.0
35,30,2,1249.0,578.0
35,30,3,1267.0,594.0
35,25,0,1249.0,663.0
35,25,1,1229.0,649.0
35,25,2,1247.0,630.0
35,25,3,1266.0,644.0
35,6,0,1084.0,731.0
35,6,1,1062.0,718.0
35,6,2,1079.0,700.0
35,6,3,1101.0,714.0
35,15,0,1194.0,719.0
35,15,1,1174.0,705.0
35,15,2,1192.0,687.0
35,15,3,1212.0,700.0
35,1,0,1028.0,736.0
35,1,1,1006.0,723.0
35,1,2,1023.0,706.0
35,1,3,1045.0,720.0
35,10,0,1139.0,725.0
35,10,1,1119.0,712.0
35,10,2,1136.0,694.0
35,10,3,1157.0,707.0
35,0,0,1088.0,774.0
35,0,1,1067.0,762.0
35,0,2,1084.0,746.0
35,0,3,1104.0,758.0
35,5,0,1140.0,769.0
35,5,1,1122.0,758.0
35,5,2,1139.0,740.0
35,5,3,1158.0,753.0
35,35,0,1303.0,606.0
35,35,1,1286.0,591.0
35,35,2,1306.0,572.0
35,35,3,1323.0,588.0
36,35,0,1224.0,1115.0
36,35,1,1234.0,1078.0
36,35,2,1280.0,1084.0
36,35,3,1272.0,1123.0
36,25,0,1087.0,1092.0
36,25,1,1101.0,1060.0
36,25,2,1146.0,1066.0
36,25,3,1133.0,1100.0
36,15,0,962.0,1070.0
36,15,1,980.0,1040.0
36,15,2,1021.0,1048.0
36,15,3,1003.0,1079.0
36,30,0,1172.0,1054.0
36,30,1,1183.0,1024.0
36,30,2,1226.0,1028.0
36,30,3,1217.0,1059.0
36,20,0,1047.0,1037.0
36,20,1,1062.0,1008.0
36,20,2,1102.0,1013.0
36,20,3,1089.0,1042.0
36,5,0,849.0,1038.0
36,5,1,870.0,1011.0
36,5,2,906.0,1021.0
36,5,3,885.0,1048.0
36,36,0,1251.0,1016.0
36,36,1,1257.0,988.0
36,36,2,1298.0,989.0
36,36,3,1294.0,1019.0
36,10,0,932.0,1014.0
36,10,1,951.0,988.0
36,10,2,988.0,996.0
36,10,3,971.0,1023.0
36,26,0,1127.0,1003.0
36,26,1,1138.0,976.0
36,26,2,1178.0,981.0
36,26,3,1169.0,1008.0
36,16,0,1012.0,987.0
36,16,1,1027.0,962.0
36,16,2,1064.0,967.0
36,16,3,1049.0,993.0
36,0,0,830.0,987.0
36,0,1,850.0,964.0
36,0,2,883.0,972.0
36,0,3,864.0,995.0
36,31,0,1201.0,972.0
36,31,1,1209.0,947.0
36,31,2,1247.0,950.0
36,31,3,1242.0,973.0
36,21,0,1087.0,956.0
36,21,1,1099.0,934.0
36,21,2,1136.0,937.0
36,21,3,1126.0,961.0
36,6,0,907.0,965.0
36,6,1,924.0,943.0
36,6,2,958.0,949.0
36,6,3,941.0,973.0
36,11,0,982.0,942.0
36,11,1,996.0,920.0
36,11,2,1030.0,925.0
36,11,3,1016.0,948.0
36,27,0,1157.0,928.0
36,27,1,1168.0,906.0
36,27,2,1203.0,911.0
36,27,3,1194.0,933.0
36,37,0,1269.0,940.0
36,37,1,1274.0,918.0
36,37,2,1311.0,919.0
36,37,3,1308.0,939.0
36,17,0,1053.0,917.0
36,17,1,1064.0,897.0
36,17,2,1099.0,900.0
36,17,3,1087.0,921.0
36,1,0,886.0,924.0
36,1,1,902.0,905.0
36,1,2,934.0,909.0
36,1,3,918.0,929.0
36,32,0,1223.0,902.0
36,32,1,1229.0,883.0
36,32,2,1265.0,884.0
36,32,3,1260.0,905.0
36,7,0,956.0,902.0
36,7,1,969.0,884.0
36,7,2,1000.0,888.0
36,7,3,988.0,907.0
36,22,0,1120.0,891.0
36,22,1,1130.0,872.0
36,22,2,1163.0,874.0
36,22,3,1154.0,894.0
36,38,0,1284.0,875.0
36,38,1,1287.0,856.0
36,38,2,1320.0,859.0
36,38,3,1319.0,878.0
36,2,0,932.0,867.0
36,2,1,946.0,851.0
36,2,2,976.0,855.0
36,2,3,963.0,871.0
36,18,0,1086.0,858.0
36,18,1,1096.0,840.0
36,18,2,1127.0,844.0
36,18,3,1118.0,861.0
36,33,0,1241.0,844.0
36,33,1,1245.0,827.0
36,33,2,1277.0,829.0
36,33,3,1274.0,845.0
36,23,0,1146.0,836.0
36,23,1,1154.0,820.0
36,23,2,1184.0,822.0
36,23,3,1177.0,838.0
36,13,0,1056.0,827.0
36,13,1,1066.0,813.0
36,13,2,1095.0,815.0
36,13,3,1086.0,830.0
36,29,0,1202.0,814.0
36,29,1,1208.0,799.0
36,29,2,1237.0,802.0
36,29,3,1233.0,817.0
36,24,0,1168.0,789.0
36,24,1,1174.0,776.0
36,24,2,1202.0,777.0
36,24,3,1197.0,790.0
36,3,0,972.0,819.0
36,3,1,984.0,805.0
36,3,2,1011.0,808.0
36,3,3,1000.0,821.0
36,8,0,996.0,847.0
36,8,1,1007.0,832.0
36,8,2,1037.0,834.0
36,8,3,1026.0,850.0
36,9,0,1030.0,801.0
36,9,1,1039.0,788.0
36,9,2,1066.0,790.0
36,9,3,1058.0,803.0
36,12,0,1023.0,879.0
36,12,1,1034.0,861.0
36,12,2,1066.0,866.0
36,12,3,1055.0,884.0
36,14,0,1085.0,783.0
36,14,1,1092.0,770.0
36,14,2,1119.0,772.0
36,14,3,1112.0,785.0
36,19,0,1113.0,808.0
36,19,1,1122.0,794.0
36,19,2,1150.0,796.0
36,19,3,1143.0,810.0
36,28,0,1183.0,864.0
36,28,1,1190.0,849.0
36,28,2,1222.0,851.0
36,28,3,1216.0,870.0
36,34,0,1254.0,794.0
36,34,1,1259.0,780.0
36,34,2,1287.0,780.0
36,34,3,1284.0,795.0
36,39,0,1294.0,820.0
36,39,1,1297.0,804.0
36,39,2,1328.0,806.0
36,39,3,1326.0,821.0
37,34,0,1020.0,270.0
37,34,1,1000.0,248.0
37,34,2,1027.0,232.0
37,34,3,1047.0,254.0
37,39,0,1090.0,275.0
37,39,1,1071.0,253.0
37,39,2,1098.0,236.0
37,39,3,1117.0,258.0
37,29,0,1015.0,323.0
37,29,1,995.0,303.0
37,29,2,1021.0,288.0
37,29,3,1040.0,308.0
37,33,0,1080.0,328.0
37,33,1,1062.0,309.0
37,33,2,1087.0,292.0
37,33,3,1106.0,313.0
37,24,0,948.0,318.0
37,24,1,928.0,298.0
37,24,2,952.0,283.0
37,24,3,973.0,302.0
37,38,0,1144.0,333.0
37,38,1,1128.0,313.0
37,38,2,1154.0,297.0
37,38,3,1170.0,317.0
37,19,0,945.0,368.0
37,19,1,926.0,351.0
37,19,2,950.0,335.0
37,19,3,969.0,352.0
37,14,0,885.0,367.0
37,14,1,862.0,351.0
37,14,2,881.0,335.0
37,14,3,904.0,351.0
37,23,0,1008.0,370.0
37,23,1,990.0,353.0
37,23,2,1014.0,339.0
37,23,3,1033.0,357.0
37,28,0,1072.0,375.0
37,28,1,1055.0,358.0
37,28,2,1078.0,345.0
37,28,3,1095.0,362.0
37,32,0,1132.0,381.0
37,32,1,1116.0,363.0
37,32,2,1141.0,349.0
37,32,3,1156.0,367.0
37,18,0,1004.0,416.0
37,18,1,985.0,400.0
37,18,2,1008.0,385.0
37,18,3,1026.0,401.0
37,13,0,944.0,414.0
37,13,1,925.0,398.0
37,13,2,947.0,384.0
37,13,3,966.0,401.0
37,37,0,1191.0,384.0
37,37,1,1177.0,367.0
37,37,2,1202.0,354.0
37,37,3,1216.0,373.0
37,9,0,886.0,411.0
37,9,1,864.0,397.0
37,9,2,882.0,383.0
37,9,3,904.0,397.0
37,4,0,825.0,408.0
37,4,1,804.0,394.0
37,4,2,822.0,380.0
37,4,3,843.0,395.0
37,22,0,1062.0,417.0
37,22,1,1047.0,402.0
37,22,2,1070.0,390.0
37,22,3,1086.0,405.0
37,31,0,1178.0,428.0
37,31,1,1164.0,413.0
37,31,2,1187.0,400.0
37,31,3,1201.0,416.0
37,27,0,1120.0,422.0
37,27,1,1106.0,407.0
37,27,2,1130.0,396.0
37,27,3,1144.0,411.0
37,12,0,999.0,457.0
37,12,1,982.0,443.0
37,12,2,1004.0,430.0
37,12,3,1020.0,445.0
37,17,0,1056.0,459.0
37,17,1,1040.0,444.0
37,17,2,1061.0,432.0
37,17,3,1077.0,446.0
37,8,0,941.0,453.0
37,8,1,924.0,440.0
37,8,2,944.0,428.0
37,8,3,962.0,443.0
37,36,0,1232.0,433.0
37,36,1,1220.0,417.0
37,36,2,1244.0,406.0
37,36,3,1255.0,422.0
37,3,0,884.0,450.0
37,3,1,866.0,436.0
37,3,2,886.0,425.0
37,3,3,904.0,439.0
37,21,0,1110.0,461.0
37,21,1,1096.0,447.0
37,21,2,1119.0,436.0
37,21,3,1132.0,450.0
37,2,0,940.0,489.0
37,2,1,923.0,476.0
37,2,2,942.0,465.0
37,2,3,960.0,478.0
37,7,0,994.0,492.0
37,7,1,978.0,480.0
37,7,2,998.0,469.0
37,7,3,1015.0,482.0
37,26,0,1164.0,465.0
37,26,1,1152.0,451.0
37,26,2,1174.0,441.0
37,26,3,1186.0,455.0
37,20,0,1152.0,501.0
37,20,1,1140.0,488.0
37,20,2,1161.0,478.0
37,20,3,1174.0,491.0
37,11,0,1048.0,495.0
37,11,1,1034.0,482.0
37,11,2,1054.0,472.0
37,11,3,1068.0,485.0
37,30,0,1216.0,469.0
37,30,1,1205.0,456.0
37,30,2,1228.0,446.0
37,30,3,1238.0,459.0
37,6,0,1042.0,529.0
37,6,1,1028.0,517.0
37,6,2,1046.0,507.0
37,6,3,1060.0,519.0
37,1,0,990.0,525.0
37,1,1,975.0,513.0
37,1,2,994.0,505.0
37,1,3,1009.0,516.0
37,10,0,1092.0,532.0
37,10,1,1080.0,520.0
37,10,2,1099.0,511.0
37,10,3,1111.0,522.0
37,5,0,1084.0,562.0
37,5,1,1071.0,552.0
37,5,2,1090.0,544.0
37,5,3,1102.0,555.0
37,0,0,1036.0,559.0
37,0,1,1022.0,548.0
37,0,2,1040.0,540.0
37,0,3,1054.0,551.0
37,15,0,1143.0,535.0
37,15,1,1129.0,524.0
37,15,2,1150.0,514.0
37,15,3,1161.0,525.0
37,16,0,1101.0,498.0
37,16,1,1087.0,486.0
37,16,2,1109.0,475.0
37,16,3,1121.0,488.0
37,25,0,1203.0,505.0
37,25,1,1191.0,492.0
37,25,2,1213.0,482.0
37,25,3,1223.0,495.0
37,35,0,1266.0,473.0
37,35,1,1257.0,461.0
37,35,2,1279.0,452.0
37,35,3,1289.0,464.0
38,5,0,1112.0,861.0
38,5,1,1102.0,824.0
38,5,2,1140.0,812.0
38,5,3,1151.0,849.0
38,15,0,1223.0,825.0
38,15,1,1212.0,788.0
38,15,2,1249.0,776.0
38,15,3,1261.0,813.0
38,25,0,1333.0,787.0
38,25,1,1319.0,750.0
38,25,2,1355.0,737.0
38,25,3,1369.0,773.0
38,0,0,1043.0,824.0
38,0,1,1034.0,788.0
38,0,2,1071.0,777.0
38,0,3,1081.0,813.0
38,10,0,1152.0,790.0
38,10,1,1141.0,754.0
38,10,2,1178.0,742.0
38,10,3,1189.0,777.0
38,20,0,1260.0,753.0
38,20,1,1247.0,719.0
38,20,2,1283.0,705.0
38,20,3,1296.0,740.0
38,6,0,1082.0,755.0
38,6,1,1072.0,721.0
38,6,2,1109.0,709.0
38,6,3,1119.0,743.0
38,30,0,1365.0,713.0
38,30,1,1351.0,679.0
38,30,2,1385.0,666.0
38,30,3,1399.0,700.0
38,16,0,1188.0,719.0
38,16,1,1177.0,686.0
38,16,2,1213.0,674.0
38,16,3,1224.0,708.0
38,1,0,1017.0,722.0
38,1,1,1008.0,689.0
38,1,2,1042.0,677.0
38,1,3,1052.0,710.0
38,11,0,1119.0,687.0
38,11,1,1109.0,655.0
38,11,2,1145.0,644.0
38,11,3,1155.0,675.0
38,21,0,1222.0,651.0
38,21,1,1211.0,619.0
38,21,2,1245.0,608.0
38,21,3,1257.0,639.0
38,7,0,1054.0,657.0
38,7,1,1044.0,626.0
38,7,2,1078.0,614.0
38,7,3,1088.0,645.0
38,17,0,1154.0,622.0
38,17,1,1144.0,592.0
38,17,2,1177.0,581.0
38,17,3,1188.0,610.0
38,2,0,991.0,628.0
38,2,1,983.0,599.0
38,2,2,1016.0,588.0
38,2,3,1024.0,617.0
38,22,0,1186.0,559.0
38,22,1,1175.0,532.0
38,22,2,1207.0,520.0
38,22,3,1218.0,547.0
38,3,0,968.0,544.0
38,3,1,961.0,518.0
38,3,2,992.0,507.0
38,3,3,999.0,533.0
38,13,0,1060.0,510.0
38,13,1,1052.0,485.0
38,13,2,1082.0,474.0
38,13,3,1091.0,499.0
38,4,0,948.0,469.0
38,4,1,941.0,446.0
38,4,2,969.0,435.0
38,4,3,977.0,457.0
38,8,0,1026.0,567.0
38,8,1,1018.0,540.0
38,8,2,1050.0,529.0
38,8,3,1058.0,556.0
38,9,0,1002.0,489.0
38,9,1,994.0,465.0
38,9,2,1024.0,454.0
38,9,3,1032.0,477.0
38,12,0,1088.0,593.0
38,12,1,1079.0,565.0
38,12,2,1112.0,554.0
38,12,3,1122.0,582.0
38,14,0,1033.0,436.0
38,14,1,1026.0,414.0
38,14,2,1054.0,404.0
38,14,3,1063.0,426.0
38,19,0,1091.0,455.0
38,19,1,1082.0,434.0
38,19,2,1111.0,422.0
38,19,3,1121.0,445.0
38,23,0,1152.0,477.0
38,23,1,1143.0,453.0
38,23,2,1171.0,442.0
38,23,3,1181.0,466.0
38,26,0,1293.0,682.0
38,26,1,1280.0,648.0
38,26,2,1314.0,636.0
38,26,3,1328.0,668.0
38,32,0,1282.0,523.0
38,32,1,1270.0,497.0
38,32,2,1299.0,485.0
38,32,3,1311.0,512.0
38,36,0,1394.0,642.0
38,36,1,1379.0,610.0
38,36,2,1410.0,597.0
38,36,3,1426.0,630.0
39,35,0,1288.0,1119.0
39,35,1,1295.0,1080.0
39,35,2,1340.0,1085.0
39,35,3,1335.0,1125.0
39,25,0,1150.0,1101.0
39,25,1,1162.0,1065.0
39,25,2,1206.0,1070.0
39,25,3,1197.0,1106.0
39,30,0,1231.0,1058.0
39,30,1,1239.0,1027.0
39,30,2,1281.0,1029.0
39,30,3,1276.0,1062.0
39,20,0,1104.0,1044.0
39,20,1,1116.0,1012.0
39,20,2,1157.0,1016.0
39,20,3,1146.0,1048.0
39,5,0,902.0,1050.0
39,5,1,920.0,1021.0
39,5,2,959.0,1030.0
39,5,3,942.0,1059.0
39,36,0,1305.0,1016.0
39,36,1,1309.0,987.0
39,36,2,1351.0,988.0
39,36,3,1348.0,1019.0
39,10,0,985.0,1022.0
39,10,1,1000.0,994.0
39,10,2,1039.0,1002.0
39,10,3,1025.0,1030.0
39,26,0,1181.0,1005.0
39,26,1,1190.0,976.0
39,26,2,1230.0,982.0
39,26,3,1223.0,1010.0
39,16,0,1063.0,991.0
39,16,1,1075.0,964.0
39,16,2,1114.0,969.0
39,16,3,1103.0,996.0
39,0,0,875.0,996.0
39,0,1,895.0,970.0
39,0,2,929.0,978.0
39,0,3,911.0,1004.0
39,31,0,1252.0,971.0
39,31,1,1257.0,945.0
39,31,2,1295.0,947.0
39,31,3,1292.0,973.0
39,21,0,1137.0,958.0
39,21,1,1146.0,933.0
39,21,2,1184.0,936.0
39,21,3,1176.0,961.0
39,11,0,1027.0,943.0
39,11,1,1040.0,920.0
39,11,2,1075.0,925.0
39,11,3,1064.0,949.0
39,27,0,1205.0,926.0
39,27,1,1211.0,904.0
39,27,2,1247.0,907.0
39,27,3,1242.0,931.0
39,37,0,1316.0,937.0
39,37,1,1319.0,914.0
39,37,2,1356.0,914.0
39,37,3,1355.0,935.0
39,1,0,927.0,927.0
39,1,1,942.0,905.0
39,1,2,974.0,909.0
39,1,3,959.0,932.0
39,17,0,1097.0,915.0
39,17,1,1107.0,894.0
39,17,2,1142.0,897.0
39,17,3,1133.0,919.0
39,32,0,1267.0,898.0
39,32,1,1271.0,876.0
39,32,2,1306.0,878.0
39,32,3,1304.0,899.0
39,7,0,996.0,901.0
39,7,1,1009.0,881.0
39,7,2,1041.0,885.0
39,7,3,1028.0,907.0
39,22,0,1162.0,887.0
39,22,1,1170.0,867.0
39,22,2,1204.0,869.0
39,22,3,1197.0,890.0
39,38,0,1325.0,869.0
39,38,1,1326.0,848.0
39,38,2,1359.0,850.0
39,38,3,1358.0,871.0
39,2,0,969.0,865.0
39,2,1,981.0,846.0
39,2,2,1011.0,850.0
39,2,3,999.0,869.0
39,18,0,1125.0,852.0
39,18,1,1133.0,834.0
39,18,2,1164.0,837.0
39,18,3,1157.0,856.0
39,8,0,1031.0,842.0
39,8,1,1042.0,825.0
39,8,2,1071.0,827.0
39,8,3,1062.0,845.0
39,33,0,1279.0,836.0
39,33,1,1281.0,818.0
39,33,2,1313.0,820.0
39,33,3,1311.0,838.0
39,23,0,1183.0,828.0
39,23,1,1190.0,811.0
39,23,2,1220.0,813.0
39,23,3,1215.0,830.0
39,13,0,1091.0,820.0
39,13,1,1099.0,805.0
39,13,2,1129.0,806.0
39,13,3,1122.0,823.0
39,29,0,1237.0,805.0
39,29,1,1241.0,790.0
39,29,2,1271.0,791.0
39,29,3,1268.0,807.0
39,3,0,1004.0,812.0
39,3,1,1014.0,797.0
39,3,2,1042.0,800.0
39,3,3,1032.0,815.0
39,34,0,1287.0,784.0
39,34,1,1290.0,768.0
39,34,2,1318.0,769.0
39,34,3,1317.0,784.0
39,24,0,1201.0,779.0
39,24,1,1204.0,764.0
39,24,2,1233.0,765.0
39,24,3,1228.0,780.0
39,14,0,1116.0,772.0
39,14,1,1122.0,758.0
39,14,2,1149.0,761.0
39,14,3,1142.0,775.0
39,4,0,1034.0,767.0
39,4,1,1044.0,752.0
39,4,2,1069.0,754.0
39,4,3,1060.0,769.0
39,6,0,953.0,970.0
39,6,1,968.0,946.0
39,6,2,1004.0,952.0
39,6,3,990.0,977.0
39,9,0,1061.0,793.0
39,9,1,1069.0,778.0
39,9,2,1097.0,780.0
39,9,3,1090.0,795.0
39,12,0,1062.0,876.0
39,12,1,1073.0,856.0
39,12,2,1105.0,861.0
39,12,3,1095.0,881.0
39,15,0,1021.0,1080.0
39,15,1,1036.0,1048.0
39,15,2,1078.0,1055.0
39,15,3,1064.0,1088.0
39,19,0,1148.0,799.0
39,19,1,1154.0,784.0
39,19,2,1183.0,786.0
39,19,3,1177.0,801.0
39,28,0,1224.0,861.0
39,28,1,1228.0,842.0
39,28,2,1261.0,844.0
39,28,3,1257.0,864.0
39,39,0,1330.0,811.0
39,39,1,1331.0,794.0
39,39,2,1361.0,795.0
39,39,3,1361.0,812.0
40,34,0,924.0,304.0
40,34,1,898.0,289.0
40,34,2,920.0,269.0
40,34,3,946.0,283.0
40,39,0,991.0,295.0
40,39,1,969.0,280.0
40,39,2,994.0,260.0
40,39,3,1016.0,276.0
40,33,0,994.0,345.0
40,33,1,971.0,332.0
40,33,2,992.0,312.0
40,33,3,1015.0,326.0
40,29,0,928.0,351.0
40,29,1,904.0,339.0
40,29,2,924.0,320.0
40,29,3,949.0,334.0
40,24,0,862.0,358.0
40,24,1,837.0,346.0
40,24,2,856.0,327.0
40,24,3,881.0,340.0
40,38,0,1057.0,338.0
40,38,1,1037.0,323.0
40,38,2,1061.0,305.0
40,38,3,1080.0,319.0
40,19,0,869.0,403.0
40,19,1,846.0,392.0
40,19,2,863.0,373.0
40,19,3,887.0,384.0
40,23,0,932.0,393.0
40,23,1,909.0,382.0
40,23,2,928.0,366.0
40,23,3,951.0,378.0
40,32,0,1052.0,382.0
40,32,1,1036.0,369.0
40,32,2,1057.0,354.0
40,32,3,1074.0,366.0
40,18,0,935.0,434.0
40,18,1,913.0,424.0
40,18,2,931.0,407.0
40,18,3,953.0,418.0
40,28,0,994.0,387.0
40,28,1,972.0,376.0
40,28,2,992.0,361.0
40,28,3,1013.0,372.0
40,13,0,876.0,443.0
40,13,1,853.0,432.0
40,13,2,870.0,417.0
40,13,3,893.0,427.0
40,37,0,1112.0,375.0
40,37,1,1096.0,363.0
40,37,2,1119.0,348.0
40,37,3,1135.0,362.0
40,9,0,817.0,450.0
40,9,1,793.0,440.0
40,9,2,809.0,426.0
40,9,3,833.0,435.0
40,22,0,992.0,426.0
40,22,1,972.0,415.0
40,22,2,993.0,401.0
40,22,3,1012.0,411.0
40,4,0,759.0,456.0
40,4,1,736.0,447.0
40,4,2,750.0,433.0
40,4,3,774.0,442.0
40,27,0,1051.0,420.0
40,27,1,1032.0,410.0
40,27,2,1051.0,397.0
40,27,3,1070.0,407.0
40,8,0,881.0,477.0
40,8,1,860.0,468.0
40,8,2,876.0,455.0
40,8,3,898.0,464.0
40,21,0,1047.0,456.0
40,21,1,1030.0,447.0
40,21,2,1048.0,432.0
40,21,3,1066.0,441.0
40,3,0,826.0,482.0
40,3,1,804.0,473.0
40,3,2,820.0,461.0
40,3,3,840.0,470.0
40,17,0,993.0,462.0
40,17,1,974.0,454.0
40,17,2,992.0,439.0
40,17,3,1010.0,448.0
40,2,0,887.0,507.0
40,2,1,867.0,499.0
40,2,2,882.0,486.0
40,2,3,902.0,495.0
40,26,0,1102.0,449.0
40,26,1,1085.0,441.0
40,26,2,1103.0,428.0
40,26,3,1119.0,436.0
40,30,0,1154.0,444.0
40,30,1,1139.0,436.0
40,30,2,1158.0,423.0
40,30,3,1173.0,432.0
40,1,0,942.0,529.0
40,1,1,924.0,522.0
40,1,2,939.0,512.0
40,1,3,957.0,519.0
40,10,0,1043.0,519.0
40,10,1,1027.0,512.0
40,10,2,1042.0,500.0
40,10,3,1057.0,507.0
40,0,0,992.0,550.0
40,0,1,976.0,544.0
40,0,2,990.0,535.0
40,0,3,1006.0,541.0
40,5,0,1040.0,546.0
40,5,1,1025.0,540.0
40,5,2,1040.0,530.0
40,5,3,1054.0,536.0
40,6,0,993.0,524.0
40,6,1,976.0,517.0
40,6,2,990.0,506.0
40,6,3,1007.0,513.0
40,7,0,940.0,501.0
40,7,1,921.0,492.0
40,7,2,937.0,481.0
40,7,3,955.0,489.0
40,11,0,992.0,495.0
40,11,1,975.0,487.0
40,11,2,992.0,474.0
40,11,3,1009.0,482.0
40,12,0,936.0,471.0
40,12,1,917.0,462.0
40,12,2,935.0,446.0
40,12,3,955.0,456.0
40,14,0,808.0,412.0
40,14,1,783.0,402.0
40,14,2,800.0,384.0
40,14,3,824.0,395.0
40,16,0,1044.0,488.0
40,16,1,1028.0,481.0
40,16,2,1044.0,468.0
40,16,3,1062.0,476.0
40,20,0,1096.0,482.0
40,20,1,1081.0,474.0
40,20,2,1097.0,462.0
40,20,3,1113.0,471.0
40,31,0,1107.0,416.0
40,31,1,1091.0,406.0
40,31,2,1112.0,391.0
40,31,3,1126.0,403.0
40,35,0,1205.0,440.0
40,35,1,1192.0,433.0
40,35,2,1211.0,420.0
40,35,3,1223.0,428.0
40,36,0,1162.0,411.0
40,36,1,1148.0,400.0
40,36,2,1168.0,386.0
40,36,3,1182.0,398.0
41,21,0,1349.0,628.0
41,21,1,1335.0,588.0
41,21,2,1373.0,573.0
41,21,3,1388.0,612.0
41,11,0,1242.0,671.0
41,11,1,1226.0,632.0
41,11,2,1265.0,617.0
41,11,3,1280.0,656.0
41,17,0,1274.0,594.0
41,17,1,1259.0,555.0
41,17,2,1298.0,540.0
41,17,3,1313.0,578.0
41,31,0,1456.0,585.0
41,31,1,1441.0,544.0
41,31,2,1479.0,530.0
41,31,3,1493.0,570.0
41,16,0,1315.0,705.0
41,16,1,1301.0,666.0
41,16,2,1340.0,651.0
41,16,3,1354.0,690.0
41,36,0,1527.0,620.0
41,36,1,1514.0,580.0
41,36,2,1552.0,565.0
41,36,3,1565.0,605.0
41,26,0,1422.0,662.0
41,26,1,1409.0,622.0
41,26,2,1447.0,608.0
41,26,3,1461.0,647.0
41,27,0,1382.0,550.0
41,27,1,1366.0,511.0
41,27,2,1403.0,495.0
41,27,3,1419.0,535.0
41,37,0,1487.0,506.0
41,37,1,1471.0,466.0
41,37,2,1508.0,451.0
41,37,3,1524.0,490.0
41,12,0,1198.0,560.0
41,12,1,1183.0,522.0
41,12,2,1220.0,506.0
41,12,3,1237.0,544.0
41,22,0,1306.0,515.0
41,22,1,1290.0,477.0
41,22,2,1327.0,461.0
41,22,3,1344.0,500.0
41,20,0,1388.0,739.0
41,20,1,1374.0,701.0
41,20,2,1413.0,685.0
41,20,3,1426.0,724.0
41,30,0,1493.0,697.0
41,30,1,1480.0,658.0
41,30,2,1519.0,643.0
41,30,3,1531.0,682.0
41,6,0,1208.0,744.0
41,6,1,1193.0,706.0
41,6,2,1231.0,692.0
41,6,3,1246.0,731.0
41,7,0,1167.0,636.0
41,7,1,1152.0,599.0
41,7,2,1189.0,583.0
41,7,3,1205.0,622.0
41,10,0,1280.0,779.0
41,10,1,1267.0,741.0
41,10,2,1305.0,727.0
41,10,3,1319.0,765.0
41,18,0,1230.0,483.0
41,18,1,1213.0,446.0
41,18,2,1251.0,430.0
41,18,3,1267.0,467.0
41,32,0,1412.0,471.0
41,32,1,1396.0,432.0
41,32,2,1432.0,417.0
41,32,3,1448.0,456.0
41,15,0,1351.0,813.0
41,15,1,1339.0,776.0
41,15,2,1378.0,761.0
41,15,3,1390.0,798.0
41,1,0,1136.0,710.0
41,1,1,1121.0,672.0
41,1,2,1158.0,658.0
41,1,3,1173.0,696.0
41,25,0,1457.0,772.0
41,25,1,1445.0,734.0
41,25,2,1483.0,719.0
41,25,3,1494.0,758.0
41,28,0,1336.0,437.0
41,28,1,1320.0,399.0
41,28,2,1354.0,384.0
41,28,3,1372.0,423.0
41,8,0,1123.0,528.0
41,8,1,1109.0,491.0
41,8,2,1144.0,475.0
41,8,3,1160.0,513.0
41,35,0,1561.0,731.0
41,35,1,1550.0,692.0
41,35,2,1587.0,677.0
41,35,3,1597.0,715.0
41,23,0,1259.0,406.0
41,23,1,1243.0,368.0
41,23,2,1277.0,353.0
41,23,3,1295.0,390.0
41,13,0,1153.0,452.0
41,13,1,1138.0,415.0
41,13,2,1174.0,400.0
41,13,3,1190.0,436.0
41,2,0,1094.0,603.0
41,2,1,1080.0,566.0
41,2,2,1115.0,551.0
41,2,3,1130.0,589.0
41,38,0,1440.0,393.0
41,38,1,1424.0,355.0
41,38,2,1458.0,341.0
41,38,3,1475.0,378.0
41,0,0,1174.0,813.0
41,0,1,1161.0,777.0
41,0,2,1199.0,765.0
41,0,3,1212.0,801.0
41,33,0,1363.0,361.0
41,33,1,1346.0,325.0
41,33,2,1381.0,310.0
41,33,3,1398.0,346.0
41,19,0,1182.0,376.0
41,19,1,1166.0,340.0
41,19,2,1201.0,325.0
41,19,3,1218.0,359.0
41,5,0,1245.0,847.0
41,5,1,1232.0,811.0
41,5,2,1270.0,800.0
41,5,3,1282.0,836.0
41,9,0,1079.0,423.0
41,9,1,1064.0,389.0
41,9,2,1099.0,372.0
41,9,3,1114.0,407.0
41,3,0,1051.0,498.0
41,3,1,1037.0,463.0
41,3,2,1071.0,447.0
41,3,3,1086.0,483.0
41,29,0,1286.0,329.0
41,29,1,1270.0,294.0
41,29,2,1304.0,280.0
41,29,3,1321.0,315.0
41,14,0,1107.0,349.0
41,14,1,1092.0,315.0
41,14,2,1126.0,299.0
41,14,3,1142.0,332.0
41,39,0,1389.0,286.0
41,39,1,1371.0,250.0
41,39,2,1403.0,237.0
41,39,3,1422.0,271.0
41,24,0,1209.0,301.0
41,24,1,1193.0,268.0
41,24,2,1227.0,253.0
41,24,3,1244.0,286.0
41,4,0,1008.0,397.0
41,4,1,995.0,364.0
41,4,2,1027.0,348.0
41,4,3,1042.0,381.0
42,38,0,1145.0,413.0
42,38,1,1132.0,386.0
42,38,2,1158.0,376.0
42,38,3,1171.0,403.0
42,39,0,1107.0,334.0
42,39,1,1094.0,306.0
42,39,2,1120.0,297.0
42,39,3,1132.0,324.0
42,33,0,1089.0,388.0
42,33,1,1077.0,361.0
42,33,2,1102.0,351.0
42,33,3,1114.0,378.0
42,34,0,1050.0,310.0
42,34,1,1038.0,283.0
42,34,2,1061.0,273.0
42,34,3,1075.0,300.0
42,32,0,1125.0,463.0
42,32,1,1113.0,437.0
42,32,2,1138.0,429.0
42,32,3,1150.0,455.0
42,37,0,1178.0,489.0
42,37,1,1167.0,464.0
42,37,2,1193.0,456.0
42,37,3,1203.0,483.0
42,29,0,1036.0,363.0
42,29,1,1023.0,337.0
42,29,2,1045.0,327.0
42,29,3,1059.0,353.0
42,28,0,1073.0,438.0
42,28,1,1061.0,412.0
42,28,2,1084.0,404.0
42,28,3,1096.0,429.0
42,36,0,1209.0,563.0
42,36,1,1199.0,538.0
42,36,2,1224.0,533.0
42,36,3,1234.0,557.0
42,31,0,1157.0,535.0
42,31,1,1147.0,511.0
42,31,2,1171.0,504.0
42,31,3,1182.0,529.0
42,27,0,1107.0,510.0
42,27,1,1096.0,485.0
42,27,2,1119.0,479.0
42,27,3,1130.0,503.0
42,19,0,972.0,390.0
42,19,1,960.0,365.0
42,19,2,981.0,356.0
42,19,3,993.0,381.0
42,24,0,985.0,339.0
42,24,1,973.0,314.0
42,24,2,994.0,305.0
42,24,3,1006.0,330.0
42,23,0,1022.0,413.0
42,23,1,1010.0,387.0
42,23,2,1031.0,380.0
42,23,3,1043.0,405.0
42,30,0,1188.0,605.0
42,30,1,1178.0,582.0
42,30,2,1202.0,577.0
42,30,3,1211.0,600.0
42,22,0,1058.0,484.0
42,22,1,1046.0,460.0
42,22,2,1068.0,453.0
42,22,3,1078.0,478.0
42,18,0,1008.0,459.0
42,18,1,996.0,437.0
42,18,2,1017.0,428.0
42,18,3,1029.0,452.0
42,26,0,1139.0,579.0
42,26,1,1129.0,556.0
42,26,2,1151.0,550.0
42,26,3,1161.0,574.0
42,14,0,923.0,368.0
42,14,1,911.0,345.0
42,14,2,930.0,336.0
42,14,3,942.0,359.0
42,13,0,960.0,437.0
42,13,1,948.0,414.0
42,13,2,968.0,406.0
42,13,3,980.0,429.0
42,21,0,1091.0,553.0
42,21,1,1080.0,530.0
42,21,2,1102.0,525.0
42,21,3,1112.0,547.0
42,12,0,995.0,504.0
42,12,1,983.0,482.0
42,12,2,1004.0,475.0
42,12,3,1015.0,497.0
42,17,0,1042.0,527.0
42,17,1,1032.0,505.0
42,17,2,1052.0,499.0
42,17,3,1063.0,521.0
42,25,0,1168.0,643.0
42,25,1,1159.0,622.0
42,25,2,1181.0,618.0
42,25,3,1190.0,639.0
42,20,0,1121.0,617.0
42,20,1,1112.0,597.0
42,20,2,1133.0,593.0
42,20,3,1142.0,613.0
42,9,0,913.0,415.0
42,9,1,902.0,392.0
42,9,2,920.0,385.0
42,9,3,931.0,408.0
42,16,0,1074.0,592.0
42,16,1,1065.0,571.0
42,16,2,1085.0,566.0
42,16,3,1095.0,587.0
42,8,0,949.0,480.0
42,8,1,938.0,459.0
42,8,2,955.0,453.0
42,8,3,966.0,475.0
42,4,0,870.0,394.0
42,4,1,858.0,372.0
42,4,2,874.0,364.0
42,4,3,886.0,387.0
42,10,0,1060.0,631.0
42,10,1,1050.0,610.0
42,10,2,1069.0,606.0
42,10,3,1079.0,627.0
42,5,0,1044.0,666.0
42,5,1,1035.0,648.0
42,5,2,1054.0,644.0
42,5,3,1062.0,663.0
42,1,0,972.0,583.0
42,1,1,962.0,563.0
42,1,2,979.0,559.0
42,1,3,989.0,578.0
42,2,0,939.0,521.0
42,2,1,928.0,502.0
42,2,2,945.0,495.0
42,2,3,956.0,516.0
42,3,0,904.0,458.0
42,3,1,894.0,437.0
42,3,2,910.0,431.0
42,3,3,921.0,452.0
42,6,0,1015.0,607.0
42,6,1,1005.0,586.0
42,6,2,1023.0,582.0
42,6,3,1033.0,602.0
42,11,0,1028.0,568.0
42,11,1,1018.0,547.0
42,11,2,1038.0,542.0
42,11,3,1048.0,563.0
42,15,0,1104.0,655.0
42,15,1,1095.0,635.0
42,15,2,1116.0,631.0
42,15,3,1124.0,651.0
42,35,0,1236.0,631.0
42,35,1,1228.0,609.0
42,35,2,1253.0,605.0
42,35,3,1261.0,627.0
43,35,0,1393.0,1081.0
43,35,1,1387.0,1049.0
43,35,2,1428.0,1039.0
43,35,3,1437.0,1072.0
43,25,0,1269.0,1108.0
43,25,1,1267.0,1076.0
43,25,2,1309.0,1068.0
43,25,3,1312.0,1099.0
43,15,0,1147.0,1128.0
43,15,1,1150.0,1097.0
43,15,2,1191.0,1092.0
43,15,3,1188.0,1124.0
43,5,0,1029.0,1137.0
43,5,1,1036.0,1107.0
43,5,2,1075.0,1104.0
43,5,3,1069.0,1134.0
43,20,0,1208.0,1075.0
43,20,1,1210.0,1046.0
43,20,2,1248.0,1038.0
43,20,3,1249.0,1067.0
43,30,0,1325.0,1050.0
43,30,1,1322.0,1023.0
43,30,2,1361.0,1013.0
43,30,3,1366.0,1040.0
43,10,0,1094.0,1089.0
43,10,1,1099.0,1062.0
43,10,2,1137.0,1058.0
43,10,3,1133.0,1087.0
43,0,0,987.0,1100.0
43,0,1,994.0,1073.0
43,0,2,1030.0,1069.0
43,0,3,1023.0,1096.0
43,26,0,1264.0,1022.0
43,26,1,1263.0,996.0
43,26,2,1301.0,991.0
43,26,3,1303.0,1015.0
43,16,0,1155.0,1044.0
43,16,1,1158.0,1017.0
43,16,2,1193.0,1011.0
43,16,3,1191.0,1038.0
43,6,0,1049.0,1056.0
43,6,1,1055.0,1031.0
43,6,2,1089.0,1028.0
43,6,3,1085.0,1052.0
43,21,0,1209.0,996.0
43,21,1,1211.0,972.0
43,21,2,1245.0,966.0
43,21,3,1246.0,989.0
43,11,0,1107.0,1014.0
43,11,1,1110.0,990.0
43,11,2,1144.0,985.0
43,11,3,1142.0,1009.0
43,31,0,1315.0,974.0
43,31,1,1312.0,951.0
43,31,2,1347.0,944.0
43,31,3,1351.0,965.0
43,1,0,1009.0,1027.0
43,1,1,1016.0,1005.0
43,1,2,1047.0,1000.0
43,1,3,1042.0,1023.0
43,27,0,1259.0,951.0
43,27,1,1258.0,930.0
43,27,2,1291.0,924.0
43,27,3,1293.0,945.0
43,17,0,1160.0,972.0
43,17,1,1162.0,951.0
43,17,2,1195.0,945.0
43,17,3,1193.0,966.0
43,37,0,1359.0,927.0
43,37,1,1356.0,908.0
43,37,2,1389.0,900.0
43,37,3,1393.0,917.0
43,7,0,1064.0,987.0
43,7,1,1069.0,966.0
43,7,2,1100.0,960.0
43,7,3,1097.0,982.0
43,32,0,1305.0,910.0
43,32,1,1302.0,891.0
43,32,2,1334.0,883.0
43,32,3,1338.0,902.0
43,22,0,1209.0,930.0
43,22,1,1209.0,912.0
43,22,2,1241.0,905.0
43,22,3,1242.0,923.0
43,2,0,1026.0,963.0
43,2,1,1031.0,944.0
43,2,2,1061.0,939.0
43,2,3,1056.0,959.0
43,28,0,1255.0,891.0
43,28,1,1255.0,874.0
43,28,2,1283.0,868.0
43,28,3,1284.0,885.0
43,18,0,1164.0,911.0
43,18,1,1166.0,893.0
43,18,2,1195.0,888.0
43,18,3,1195.0,906.0
43,8,0,1076.0,927.0
43,8,1,1080.0,909.0
43,8,2,1108.0,904.0
43,8,3,1106.0,921.0
43,33,0,1295.0,855.0
43,33,1,1292.0,839.0
43,33,2,1322.0,833.0
43,33,3,1325.0,848.0
43,23,0,1209.0,876.0
43,23,1,1209.0,859.0
43,23,2,1237.0,852.0
43,23,3,1238.0,868.0
43,39,0,1332.0,819.0
43,39,1,1330.0,804.0
43,39,2,1357.0,799.0
43,39,3,1360.0,813.0
43,13,0,1123.0,892.0
43,13,1,1126.0,876.0
43,13,2,1153.0,871.0
43,13,3,1152.0,887.0
43,3,0,1041.0,908.0
43,3,1,1046.0,892.0
43,3,2,1072.0,887.0
43,3,3,1068.0,903.0
43,29,0,1249.0,841.0
43,29,1,1249.0,826.0
43,29,2,1275.0,820.0
43,29,3,1277.0,835.0
43,14,0,1129.0,845.0
43,14,1,1130.0,831.0
43,14,2,1156.0,826.0
43,14,3,1155.0,840.0
43,24,0,1208.0,828.0
43,24,1,1208.0,815.0
43,24,2,1233.0,809.0
43,24,3,1233.0,822.0
43,9,0,1086.0,875.0
43,9,1,1090.0,860.0
43,9,2,1115.0,856.0
43,9,3,1112.0,871.0
43,12,0,1116.0,948.0
43,12,1,1118.0,928.0
43,12,2,1150.0,924.0
43,12,3,1148.0,943.0
43,36,0,1375.0,995.0
43,36,1,1370.0,971.0
43,36,2,1407.0,960.0
43,36,3,1414.0,985.0
43,38,0,1346.0,870.0
43,38,1,1342.0,852.0
43,38,2,1372.0,846.0
43,38,3,1377.0,863.0
44,35,0,1403.0,783.0
44,35,1,1391.0,752.0
44,35,2,1421.0,738.0
44,35,3,1434.0,769.0
44,25,0,1312.0,822.0
44,25,1,1301.0,791.0
44,25,2,1331.0,778.0
44,25,3,1343.0,809.0
44,30,0,1340.0,757.0
44,30,1,1329.0,727.0
44,30,2,1359.0,714.0
44,30,3,1370.0,744.0
44,15,0,1222.0,857.0
44,15,1,1213.0,826.0
44,15,2,1242.0,815.0
44,15,3,1253.0,846.0
44,20,0,1252.0,795.0
44,20,1,1242.0,766.0
44,20,2,1272.0,753.0
44,20,3,1282.0,783.0
44,26,0,1280.0,732.0
44,26,1,1269.0,704.0
44,26,2,1298.0,691.0
44,26,3,1309.0,720.0
44,10,0,1165.0,829.0
44,10,1,1156.0,800.0
44,10,2,1186.0,789.0
44,10,3,1194.0,818.0
44,5,0,1136.0,889.0
44,5,1,1127.0,859.0
44,5,2,1156.0,849.0
44,5,3,1164.0,879.0
44,16,0,1194.0,769.0
44,16,1,1185.0,740.0
44,16,2,1214.0,729.0
44,16,3,1223.0,757.0
44,21,0,1222.0,709.0
44,21,1,1213.0,681.0
44,21,2,1240.0,669.0
44,21,3,1250.0,697.0
44,6,0,1112.0,803.0
44,6,1,1103.0,775.0
44,6,2,1130.0,763.0
44,6,3,1139.0,792.0
44,11,0,1139.0,744.0
44,11,1,1131.0,717.0
44,11,2,1158.0,705.0
44,11,3,1167.0,733.0
44,17,0,1167.0,686.0
44,17,1,1158.0,660.0
44,17,2,1185.0,649.0
44,17,3,1194.0,674.0
44,7,0,1088.0,721.0
44,7,1,1080.0,695.0
44,7,2,1105.0,683.0
44,7,3,1114.0,709.0
44,1,0,1061.0,777.0
44,1,1,1055.0,750.0
44,1,2,1080.0,740.0
44,1,3,1087.0,767.0
44,22,0,1193.0,629.0
44,22,1,1184.0,604.0
44,22,2,1209.0,591.0
44,22,3,1219.0,615.0
44,2,0,1040.0,699.0
44,2,1,1033.0,674.0
44,2,2,1057.0,663.0
44,2,3,1064.0,688.0
44,8,0,1064.0,644.0
44,8,1,1058.0,620.0
44,8,2,1081.0,609.0
44,8,3,1089.0,633.0
44,23,0,1164.0,555.0
44,23,1,1156.0,532.0
44,23,2,1180.0,521.0
44,23,3,1188.0,543.0
44,13,0,1090.0,591.0
44,13,1,1082.0,569.0
44,13,2,1106.0,557.0
44,13,3,1114.0,579.0
44,3,0,1020.0,627.0
44,3,1,1014.0,605.0
44,3,2,1036.0,593.0
44,3,3,1042.0,615.0
44,0,0,1084.0,861.0
44,0,1,1076.0,832.0
44,0,2,1102.0,821.0
44,0,3,1111.0,851.0
44,9,0,1044.0,575.0
44,9,1,1037.0,553.0
44,9,2,1059.0,542.0
44,9,3,1066.0,563.0
44,12,0,1114.0,664.0
44,12,1,1106.0,639.0
44,12,2,1132.0,628.0
44,12,3,1140.0,653.0
44,18,0,1139.0,609.0
44,18,1,1131.0,586.0
44,18,2,1156.0,574.0
44,18,3,1165.0,598.0
44,27,0,1247.0,649.0
44,27,1,1238.0,622.0
44,27,2,1264.0,610.0
44,27,3,1275.0,634.0
44,28,0,1217.0,571.0
44,28,1,1207.0,548.0
44,28,2,1231.0,535.0
44,28,3,1241.0,558.0
44,32,0,1272.0,589.0
44,32,1,1261.0,564.0
44,32,2,1287.0,552.0
44,32,3,1298.0,577.0
44,33,0,1238.0,515.0
44,33,1,1229.0,492.0
44,33,2,1253.0,481.0
44,33,3,1263.0,504.0
44,36,0,1366.0,692.0
44,36,1,1355.0,664.0
44,36,2,1383.0,651.0
44,36,3,1396.0,678.0
44,37,0,1330.0,609.0
44,37,1,1319.0,584.0
44,37,2,1346.0,571.0
44,37,3,1357.0,595.0
45,25,0,1233.0,852.0
45,25,1,1235.0,829.0
45,25,2,1273.0,833.0
45,25,3,1274.0,856.0
45,5,0,998.0,814.0
45,5,1,1008.0,793.0
45,5,2,1046.0,800.0
45,5,3,1037.0,821.0
45,20,0,1179.0,813.0
45,20,1,1182.0,793.0
45,20,2,1220.0,796.0
45,20,3,1218.0,815.0
45,0,0,961.0,775.0
45,0,1,970.0,758.0
45,0,2,1005.0,763.0
45,0,3,997.0,780.0
45,10,0,1068.0,793.0
45,10,1,1074.0,776.0
45,10,2,1111.0,782.0
45,10,3,1106.0,800.0
45,1,0,991.0,726.0
45,1,1,999.0,712.0
45,1,2,1030.0,715.0
45,1,3,1024.0,729.0
45,6,0,1027.0,757.0
45,6,1,1034.0,741.0
45,6,2,1069.0,746.0
45,6,3,1062.0,762.0
45,7,0,1050.0,709.0
45,7,1,1056.0,696.0
45,7,2,1087.0,700.0
45,7,3,1082.0,713.0
45,15,0,1114.0,836.0
45,15,1,1119.0,816.0
45,15,2,1158.0,821.0
45,15,3,1155.0,843.0
45,16,0,1131.0,775.0
45,16,1,1135.0,758.0
45,16,2,1170.0,762.0
45,16,3,1167.0,780.0
45,17,0,1145.0,725.0
45,17,1,1147.0,712.0
45,17,2,1179.0,714.0
45,17,3,1177.0,728.0
46,39,0,1033.0,404.0
46,39,1,1007.0,386.0
46,39,2,1027.0,359.0
46,39,3,1053.0,378.0
46,34,0,969.0,414.0
46,34,1,941.0,396.0
46,34,2,959.0,371.0
46,34,3,987.0,389.0
46,33,0,1044.0,466.0
46,33,1,1018.0,448.0
46,33,2,1037.0,423.0
46,33,3,1063.0,441.0
46,38,0,1108.0,456.0
46,38,1,1083.0,438.0
46,38,2,1101.0,413.0
46,38,3,1127.0,430.0
46,29,0,980.0,475.0
46,29,1,954.0,458.0
46,29,2,972.0,433.0
46,29,3,998.0,450.0
46,24,0,917.0,484.0
46,24,1,891.0,468.0
46,24,2,907.0,443.0
46,24,3,934.0,460.0
46,19,0,930.0,542.0
46,19,1,904.0,526.0
46,19,2,920.0,502.0
46,19,3,947.0,519.0
46,23,0,991.0,532.0
46,23,1,966.0,516.0
46,23,2,984.0,492.0
46,23,3,1009.0,509.0
46,28,0,1053.0,524.0
46,28,1,1028.0,507.0
46,28,2,1047.0,484.0
46,28,3,1071.0,500.0
46,32,0,1116.0,515.0
46,32,1,1091.0,499.0
46,32,2,1110.0,475.0
46,32,3,1134.0,492.0
46,37,0,1177.0,506.0
46,37,1,1153.0,489.0
46,37,2,1172.0,466.0
46,37,3,1196.0,483.0
46,14,0,870.0,552.0
46,14,1,843.0,536.0
46,14,2,859.0,513.0
46,14,3,885.0,529.0
46,18,0,1001.0,588.0
46,18,1,977.0,573.0
46,18,2,994.0,549.0
46,18,3,1018.0,564.0
46,22,0,1062.0,578.0
46,22,1,1037.0,562.0
46,22,2,1055.0,541.0
46,22,3,1080.0,557.0
46,31,0,1181.0,563.0
46,31,1,1159.0,547.0
46,31,2,1178.0,524.0
46,31,3,1200.0,540.0
46,27,0,1122.0,570.0
46,27,1,1098.0,555.0
46,27,2,1117.0,533.0
46,27,3,1140.0,549.0
46,9,0,882.0,605.0
46,9,1,857.0,590.0
46,9,2,872.0,569.0
46,9,3,899.0,584.0
46,13,0,942.0,597.0
46,13,1,917.0,582.0
46,13,2,933.0,560.0
46,13,3,958.0,575.0
46,17,0,1069.0,631.0
46,17,1,1046.0,617.0
46,17,2,1063.0,595.0
46,17,3,1087.0,610.0
46,36,0,1241.0,554.0
46,36,1,1219.0,539.0
46,36,2,1238.0,517.0
46,36,3,1259.0,532.0
46,12,0,1011.0,640.0
46,12,1,987.0,626.0
46,12,2,1004.0,604.0
46,12,3,1027.0,619.0
46,8,0,952.0,647.0
46,8,1,928.0,633.0
46,8,2,944.0,613.0
46,8,3,969.0,628.0
46,21,0,1127.0,622.0
46,21,1,1105.0,608.0
46,21,2,1122.0,587.0
46,21,3,1145.0,601.0
46,26,0,1185.0,614.0
46,26,1,1163.0,600.0
46,26,2,1182.0,579.0
46,26,3,1203.0,594.0
46,4,0,826.0,612.0
46,4,1,802.0,598.0
46,4,2,815.0,577.0
46,4,3,840.0,592.0
46,3,0,896.0,654.0
46,3,1,872.0,639.0
46,3,2,887.0,620.0
46,3,3,911.0,635.0
46,30,0,1241.0,606.0
46,30,1,1221.0,592.0
46,30,2,1240.0,572.0
46,30,3,1260.0,586.0
46,11,0,1075.0,680.0
46,11,1,1053.0,666.0
46,11,2,1070.0,647.0
46,11,3,1092.0,660.0
46,2,0,963.0,694.0
46,2,1,940.0,681.0
46,2,2,955.0,662.0
46,2,3,979.0,676.0
46,7,0,1019.0,687.0
46,7,1,996.0,674.0
46,7,2,1013.0,655.0
46,7,3,1035.0,668.0
46,16,0,1132.0,672.0
46,16,1,1111.0,659.0
46,16,2,1128.0,639.0
46,16,3,1149.0,652.0
46,20,0,1188.0,663.0
46,20,1,1168.0,650.0
46,20,2,1186.0,631.0
46,20,3,1205.0,645.0
46,25,0,1243.0,656.0
46,25,1,1223.0,642.0
46,25,2,1241.0,623.0
46,25,3,1260.0,636.0
46,35,0,1296.0,598.0
46,35,1,1278.0,584.0
46,35,2,1298.0,565.0
46,35,3,1315.0,580.0
46,10,0,1136.0,719.0
46,10,1,1115.0,706.0
46,10,2,1132.0,688.0
46,10,3,1153.0,700.0
46,6,0,1082.0,725.0
46,6,1,1060.0,713.0
46,6,2,1077.0,695.0
46,6,3,1098.0,708.0
46,1,0,1027.0,731.0
46,1,1,1005.0,719.0
46,1,2,1021.0,702.0
46,1,3,1043.0,715.0
46,15,0,1191.0,711.0
46,15,1,1171.0,699.0
46,15,2,1188.0,680.0
46,15,3,1207.0,692.0
46,5,0,1139.0,761.0
46,5,1,1120.0,750.0
46,5,2,1137.0,733.0
46,5,3,1156.0,745.0
46,0,0,1087.0,767.0
46,0,1,1067.0,756.0
46,0,2,1082.0,740.0
46,0,3,1103.0,752.0
47,34,0,894.0,339.0
47,34,1,868.0,326.0
47,34,2,887.0,306.0
47,34,3,914.0,319.0
47,39,0,961.0,329.0
47,39,1,936.0,316.0
47,39,2,958.0,295.0
47,39,3,981.0,308.0
47,33,0,965.0,377.0
47,33,1,942.0,366.0
47,33,2,962.0,345.0
47,33,3,984.0,358.0
47,38,0,1025.0,368.0
47,38,1,1005.0,356.0
47,38,2,1026.0,336.0
47,38,3,1047.0,350.0
47,29,0,902.0,384.0
47,29,1,877.0,373.0
47,29,2,895.0,355.0
47,29,3,920.0,367.0
47,24,0,839.0,392.0
47,24,1,813.0,380.0
47,24,2,830.0,363.0
47,24,3,855.0,374.0
47,19,0,848.0,435.0
47,19,1,825.0,424.0
47,19,2,841.0,406.0
47,19,3,864.0,417.0
47,23,0,908.0,425.0
47,23,1,885.0,414.0
47,23,2,903.0,398.0
47,23,3,926.0,409.0
47,28,0,968.0,418.0
47,28,1,945.0,407.0
47,28,2,965.0,392.0
47,28,3,986.0,402.0
47,14,0,790.0,445.0
47,14,1,766.0,436.0
47,14,2,779.0,419.0
47,14,3,804.0,429.0
47,37,0,1084.0,403.0
47,37,1,1066.0,392.0
47,37,2,1088.0,376.0
47,37,3,1106.0,389.0
47,18,0,914.0,464.0
47,18,1,892.0,455.0
47,18,2,910.0,437.0
47,18,3,931.0,448.0
47,32,0,1026.0,412.0
47,32,1,1007.0,400.0
47,32,2,1028.0,384.0
47,32,3,1046.0,396.0
47,9,0,801.0,481.0
47,9,1,777.0,472.0
47,9,2,792.0,457.0
47,9,3,816.0,466.0
47,13,0,858.0,473.0
47,13,1,835.0,464.0
47,13,2,851.0,448.0
47,13,3,873.0,457.0
47,22,0,970.0,455.0
47,22,1,950.0,445.0
47,22,2,968.0,431.0
47,22,3,988.0,440.0
47,31,0,1082.0,443.0
47,31,1,1065.0,434.0
47,31,2,1085.0,418.0
47,31,3,1101.0,429.0
47,27,0,1027.0,448.0
47,27,1,1008.0,439.0
47,27,2,1026.0,425.0
47,27,3,1045.0,434.0
47,4,0,747.0,487.0
47,4,1,723.0,479.0
47,4,2,735.0,466.0
47,4,3,759.0,474.0
47,21,0,1026.0,483.0
47,21,1,1008.0,474.0
47,21,2,1027.0,460.0
47,21,3,1044.0,469.0
47,8,0,865.0,506.0
47,8,1,844.0,497.0
47,8,2,860.0,485.0
47,8,3,881.0,494.0
47,3,0,812.0,512.0
47,3,1,790.0,504.0
47,3,2,804.0,492.0
47,3,3,827.0,500.0
47,17,0,974.0,490.0
47,17,1,954.0,482.0
47,17,2,970.0,468.0
47,17,3,989.0,476.0
47,30,0,1131.0,470.0
47,30,1,1115.0,462.0
47,30,2,1134.0,449.0
47,30,3,1149.0,458.0
47,11,0,975.0,522.0
47,11,1,957.0,514.0
47,11,2,973.0,502.0
47,11,3,991.0,510.0
47,2,0,873.0,535.0
47,2,1,853.0,528.0
47,2,2,867.0,516.0
47,2,3,886.0,523.0
47,7,0,925.0,528.0
47,7,1,907.0,521.0
47,7,2,919.0,510.0
47,7,3,938.0,517.0
47,10,0,1026.0,545.0
47,10,1,1010.0,537.0
47,10,2,1025.0,526.0
47,10,3,1041.0,533.0
47,0,0,980.0,576.0
47,0,1,963.0,570.0
47,0,2,976.0,561.0
47,0,3,994.0,567.0
47,1,0,928.0,556.0
47,1,1,912.0,550.0
47,1,2,926.0,539.0
47,1,3,943.0,546.0
47,5,0,1027.0,570.0
47,5,1,1010.0,565.0
47,5,2,1026.0,555.0
47,5,3,1040.0,562.0
47,6,0,976.0,551.0
47,6,1,961.0,544.0
47,6,2,974.0,533.0
47,6,3,992.0,539.0
47,12,0,920.0,499.0
47,12,1,899.0,490.0
47,12,2,915.0,476.0
47,12,3,936.0,485.0
47,16,0,1026.0,515.0
47,16,1,1009.0,507.0
47,16,2,1025.0,495.0
47,16,3,1043.0,502.0
47,20,0,1077.0,508.0
47,20,1,1061.0,500.0
47,20,2,1077.0,488.0
47,20,3,1093.0,496.0
47,26,0,1079.0,476.0
47,26,1,1063.0,467.0
47,26,2,1080.0,455.0
47,26,3,1096.0,462.0
47,35,0,1183.0,464.0
47,35,1,1168.0,456.0
47,35,2,1186.0,445.0
47,35,3,1201.0,453.0
47,36,0,1136.0,437.0
47,36,1,1121.0,428.0
47,36,2,1141.0,412.0
47,36,3,1156.0,424.0
48,36,0,1323.0,650.0
48,36,1,1307.0,623.0
48,36,2,1333.0,606.0
48,36,3,1350.0,633.0
48,30,0,1311.0,713.0
48,30,1,1294.0,687.0
48,30,2,1320.0,670.0
48,30,3,1338.0,696.0
48,31,0,1261.0,638.0
48,31,1,1244.0,611.0
48,31,2,1270.0,594.0
48,31,3,1287.0,620.0
48,37,0,1272.0,573.0
48,37,1,1255.0,546.0
48,37,2,1280.0,529.0
48,37,3,1298.0,556.0
48,35,0,1372.0,726.0
48,35,1,1356.0,700.0
48,35,2,1382.0,683.0
48,35,3,1399.0,710.0
48,32,0,1209.0,562.0
48,32,1,1191.0,536.0
48,32,2,1216.0,518.0
48,32,3,1234.0,544.0
48,38,0,1219.0,497.0
48,38,1,1201.0,471.0
48,38,2,1226.0,454.0
48,38,3,1244.0,479.0
48,27,0,1199.0,625.0
48,27,1,1182.0,599.0
48,27,2,1207.0,582.0
48,27,3,1224.0,608.0
48,33,0,1156.0,486.0
48,33,1,1139.0,461.0
48,33,2,1163.0,445.0
48,33,3,1180.0,469.0
48,26,0,1249.0,699.0
48,26,1,1233.0,673.0
48,26,2,1258.0,657.0
48,26,3,1275.0,683.0
48,39,0,1164.0,423.0
48,39,1,1146.0,398.0
48,39,2,1170.0,380.0
48,39,3,1188.0,405.0
48,21,0,1188.0,686.0
48,21,1,1172.0,660.0
48,21,2,1196.0,644.0
48,21,3,1214.0,669.0
48,25,0,1296.0,773.0
48,25,1,1281.0,748.0
48,25,2,1307.0,732.0
48,25,3,1323.0,758.0
48,28,0,1147.0,550.0
48,28,1,1130.0,525.0
48,28,2,1153.0,507.0
48,28,3,1171.0,533.0
48,20,0,1237.0,760.0
48,20,1,1221.0,734.0
48,20,2,1246.0,719.0
48,20,3,1263.0,744.0
48,16,0,1177.0,746.0
48,16,1,1160.0,721.0
48,16,2,1184.0,705.0
48,16,3,1202.0,731.0
48,22,0,1138.0,612.0
48,22,1,1121.0,587.0
48,22,2,1145.0,570.0
48,22,3,1162.0,596.0
48,17,0,1128.0,673.0
48,17,1,1111.0,648.0
48,17,2,1136.0,632.0
48,17,3,1152.0,657.0
48,15,0,1223.0,818.0
48,15,1,1207.0,794.0
48,15,2,1233.0,778.0
48,15,3,1248.0,804.0
48,18,0,1078.0,601.0
48,18,1,1062.0,576.0
48,18,2,1085.0,559.0
48,18,3,1102.0,584.0
48,29,0,1095.0,477.0
48,29,1,1078.0,453.0
48,29,2,1101.0,435.0
48,29,3,1118.0,460.0
48,11,0,1118.0,733.0
48,11,1,1101.0,708.0
48,11,2,1126.0,693.0
48,11,3,1142.0,717.0
48,34,0,1103.0,415.0
48,34,1,1086.0,390.0
48,34,2,1108.0,373.0
48,34,3,1126.0,396.0
48,23,0,1087.0,539.0
48,23,1,1071.0,514.0
48,23,2,1094.0,498.0
48,23,3,1111.0,522.0
48,12,0,1069.0,661.0
48,12,1,1052.0,637.0
48,12,2,1076.0,620.0
48,12,3,1092.0,645.0
48,19,0,1028.0,530.0
48,19,1,1012.0,505.0
48,19,2,1035.0,489.0
48,19,3,1052.0,512.0
48,10,0,1164.0,804.0
48,10,1,1149.0,779.0
48,10,2,1173.0,765.0
48,10,3,1189.0,790.0
48,13,0,1020.0,590.0
48,13,1,1004.0,566.0
48,13,2,1026.0,549.0
48,13,3,1043.0,573.0
48,24,0,1037.0,469.0
48,24,1,1020.0,445.0
48,24,2,1043.0,428.0
48,24,3,1059.0,451.0
48,7,0,1060.0,719.0
48,7,1,1044.0,695.0
48,7,2,1066.0,680.0
48,7,3,1083.0,704.0
48,8,0,1012.0,649.0
48,8,1,996.0,625.0
48,8,2,1018.0,609.0
48,8,3,1034.0,633.0
48,6,0,1106.0,789.0
48,6,1,1091.0,766.0
48,6,2,1114.0,751.0
48,6,3,1130.0,776.0
48,14,0,971.0,520.0
48,14,1,956.0,496.0
48,14,2,977.0,480.0
48,14,3,993.0,504.0
48,5,0,1153.0,859.0
48,5,1,1137.0,836.0
48,5,2,1161.0,822.0
48,5,3,1176.0,846.0
48,2,0,1004.0,705.0
48,2,1,989.0,682.0
48,2,2,1010.0,667.0
48,2,3,1026.0,691.0
48,9,0,964.0,579.0
48,9,1,949.0,556.0
48,9,2,970.0,540.0
48,9,3,985.0,564.0
48,1,0,1051.0,774.0
48,1,1,1036.0,751.0
48,1,2,1056.0,737.0
48,1,3,1073.0,761.0
48,3,0,959.0,637.0
48,3,1,944.0,612.0
48,3,2,963.0,598.0
48,3,3,978.0,622.0
48,4,0,913.0,569.0
48,4,1,899.0,545.0
48,4,2,917.0,531.0
48,4,3,932.0,553.0
48,0,0,1096.0,843.0
48,0,1,1081.0,820.0
48,0,2,1104.0,807.0
48,0,3,1119.0,831.0
49,34,0,932.0,300.0
49,34,1,906.0,285.0
49,34,2,928.0,265.0
49,34,3,954.0,279.0
49,39,0,1002.0,291.0
49,39,1,977.0,276.0
49,39,2,1000.0,257.0
49,39,3,1025.0,272.0
49,24,0,868.0,354.0
49,24,1,843.0,342.0
49,24,2,863.0,323.0
49,24,3,888.0,336.0
49,29,0,935.0,347.0
49,29,1,911.0,335.0
49,29,2,931.0,316.0
49,29,3,956.0,329.0
49,33,0,998.0,341.0
49,33,1,978.0,327.0
49,33,2,1002.0,308.0
49,33,3,1022.0,323.0
49,38,0,1063.0,333.0
49,38,1,1044.0,319.0
49,38,2,1069.0,301.0
49,38,3,1087.0,316.0
49,19,0,874.0,399.0
49,19,1,851.0,388.0
49,19,2,868.0,369.0
49,19,3,893.0,380.0
49,14,0,813.0,408.0
49,14,1,788.0,399.0
49,14,2,805.0,380.0
49,14,3,830.0,391.0
49,23,0,936.0,389.0
49,23,1,915.0,378.0
49,23,2,934.0,362.0
49,23,3,957.0,373.0
49,32,0,1059.0,378.0
49,32,1,1041.0,365.0
49,32,2,1064.0,349.0
49,32,3,1081.0,362.0
49,18,0,940.0,429.0
49,18,1,920.0,420.0
49,18,2,936.0,403.0
49,18,3,957.0,413.0
49,37,0,1119.0,371.0
49,37,1,1102.0,358.0
49,37,2,1124.0,343.0
49,37,3,1141.0,358.0
49,13,0,880.0,438.0
49,13,1,859.0,429.0
49,13,2,875.0,413.0
49,13,3,898.0,422.0
49,9,0,822.0,445.0
49,9,1,798.0,436.0
49,9,2,813.0,422.0
49,9,3,838.0,431.0
49,22,0,997.0,421.0
49,22,1,978.0,411.0
49,22,2,999.0,396.0
49,22,3,1017.0,407.0
49,4,0,763.0,452.0
49,4,1,739.0,443.0
49,4,2,753.0,430.0
49,4,3,778.0,439.0
49,8,0,885.0,472.0
49,8,1,864.0,463.0
49,8,2,881.0,450.0
49,8,3,903.0,459.0
49,21,0,1051.0,450.0
49,21,1,1034.0,440.0
49,21,2,1053.0,427.0
49,21,3,1071.0,436.0
49,3,0,830.0,477.0
49,3,1,808.0,469.0
49,3,2,823.0,457.0
49,3,3,846.0,465.0
49,31,0,1113.0,410.0
49,31,1,1096.0,401.0
49,31,2,1115.0,386.0
49,31,3,1132.0,396.0
49,36,0,1169.0,405.0
49,36,1,1152.0,395.0
49,36,2,1173.0,381.0
49,36,3,1188.0,392.0
49,17,0,997.0,457.0
49,17,1,979.0,448.0
49,17,2,999.0,434.0
49,17,3,1015.0,443.0
49,2,0,890.0,501.0
49,2,1,870.0,494.0
49,2,2,886.0,481.0
49,2,3,906.0,489.0
49,7,0,944.0,495.0
49,7,1,924.0,487.0
49,7,2,941.0,476.0
49,7,3,960.0,483.0
49,26,0,1106.0,443.0
49,26,1,1090.0,435.0
49,26,2,1109.0,422.0
49,26,3,1124.0,431.0
49,11,0,996.0,489.0
49,11,1,979.0,482.0
49,11,2,996.0,469.0
49,11,3,1013.0,476.0
49,30,0,1158.0,438.0
49,30,1,1143.0,430.0
49,30,2,1162.0,418.0
49,30,3,1177.0,426.0
49,1,0,944.0,523.0
49,1,1,927.0,516.0
49,1,2,943.0,506.0
49,1,3,960.0,513.0
49,6,0,995.0,518.0
49,6,1,979.0,511.0
49,6,2,994.0,500.0
49,6,3,1010.0,506.0
49,10,0,1044.0,513.0
49,10,1,1030.0,505.0
49,10,2,1045.0,494.0
49,10,3,1061.0,501.0
49,12,0,942.0,465.0
49,12,1,921.0,456.0
49,12,2,940.0,441.0
49,12,3,959.0,450.0
49,20,0,1099.0,476.0
49,20,1,1085.0,469.0
49,20,2,1102.0,456.0
49,20,3,1117.0,464.0
49,25,0,1149.0,471.0
49,25,1,1136.0,463.0
49,25,2,1152.0,451.0
49,25,3,1167.0,458.0
49,27,0,1056.0,415.0
49,27,1,1038.0,405.0
49,27,2,1057.0,392.0
49,27,3,1076.0,402.0
49,28,0,999.0,383.0
49,28,1,978.0,371.0
49,28,2,1001.0,356.0
49,28,3,1020.0,369.0
49,35,0,1208.0,434.0
49,35,1,1196.0,426.0
49,35,2,1214.0,415.0
49,35,3,1228.0,422.0
50,34,0,956.0,284.0
50,34,1,930.0,269.0
50,34,2,954.0,249.0
50,34,3,980.0,264.0
50,39,0,1024.0,276.0
50,39,1,1003.0,261.0
50,39,2,1030.0,242.0
50,39,3,1051.0,257.0
50,24,0,887.0,338.0
50,24,1,862.0,325.0
50,24,2,883.0,307.0
50,24,3,909.0,320.0
50,33,0,1021.0,326.0
50,33,1,1001.0,312.0
50,33,2,1026.0,293.0
50,33,3,1046.0,307.0
50,29,0,956.0,331.0
50,29,1,932.0,319.0
50,29,2,954.0,300.0
50,29,3,978.0,314.0
50,19,0,892.0,383.0
50,19,1,868.0,371.0
50,19,2,888.0,352.0
50,19,3,912.0,364.0
50,38,0,1086.0,319.0
50,38,1,1068.0,304.0
50,38,2,1093.0,286.0
50,38,3,1111.0,301.0
50,14,0,828.0,393.0
50,14,1,803.0,383.0
50,14,2,822.0,364.0
50,14,3,847.0,375.0
50,23,0,956.0,373.0
50,23,1,934.0,362.0
50,23,2,955.0,346.0
50,23,3,976.0,357.0
50,28,0,1019.0,367.0
50,28,1,998.0,356.0
50,28,2,1020.0,341.0
50,28,3,1040.0,352.0
50,32,0,1079.0,363.0
50,32,1,1062.0,350.0
50,32,2,1085.0,334.0
50,32,3,1102.0,347.0
50,37,0,1139.0,356.0
50,37,1,1122.0,344.0
50,37,2,1146.0,329.0
50,37,3,1162.0,343.0
50,18,0,956.0,413.0
50,18,1,936.0,404.0
50,18,2,954.0,387.0
50,18,3,974.0,397.0
50,9,0,834.0,430.0
50,9,1,812.0,420.0
50,9,2,829.0,406.0
50,9,3,852.0,415.0
50,13,0,896.0,422.0
50,13,1,874.0,413.0
50,13,2,892.0,397.0
50,13,3,914.0,406.0
50,22,0,1014.0,405.0
50,22,1,996.0,395.0
50,22,2,1015.0,381.0
50,22,3,1035.0,391.0
50,4,0,775.0,436.0
50,4,1,752.0,428.0
50,4,2,767.0,414.0
50,4,3,791.0,422.0
50,8,0,900.0,455.0
50,8,1,878.0,447.0
50,8,2,896.0,434.0
50,8,3,917.0,443.0
50,31,0,1130.0,395.0
50,31,1,1114.0,386.0
50,31,2,1135.0,371.0
50,31,3,1151.0,381.0
50,27,0,1074.0,399.0
50,27,1,1056.0,390.0
50,27,2,1076.0,377.0
50,27,3,1094.0,387.0
50,3,0,841.0,462.0
50,3,1,820.0,454.0
50,3,2,837.0,441.0
50,3,3,858.0,449.0
50,21,0,1067.0,434.0
50,21,1,1050.0,425.0
50,21,2,1070.0,411.0
50,21,3,1087.0,420.0
50,17,0,1012.0,441.0
50,17,1,994.0,432.0
50,17,2,1013.0,418.0
50,17,3,1030.0,426.0
50,7,0,955.0,479.0
50,7,1,937.0,471.0
50,7,2,955.0,459.0
50,7,3,973.0,467.0
50,26,0,1120.0,428.0
50,26,1,1106.0,420.0
50,26,2,1125.0,407.0
50,26,3,1140.0,415.0
50,11,0,1009.0,472.0
50,11,1,992.0,465.0
50,11,2,1009.0,453.0
50,11,3,1026.0,460.0
50,30,0,1173.0,423.0
50,30,1,1159.0,415.0
50,30,2,1179.0,403.0
50,30,3,1192.0,411.0
50,1,0,955.0,506.0
50,1,1,938.0,499.0
50,1,2,955.0,489.0
50,1,3,972.0,496.0
50,20,0,1112.0,460.0
50,20,1,1099.0,453.0
50,20,2,1117.0,440.0
50,20,3,1131.0,448.0
50,10,0,1056.0,496.0
50,10,1,1042.0,489.0
50,10,2,1059.0,477.0
50,10,3,1072.0,484.0
50,0,0,1003.0,527.0
50,0,1,989.0,521.0
50,0,2,1005.0,511.0
50,0,3,1019.0,518.0
50,2,0,902.0,485.0
50,2,1,882.0,478.0
50,2,2,899.0,465.0
50,2,3,918.0,473.0
50,5,0,1053.0,521.0
50,5,1,1038.0,516.0
50,5,2,1053.0,507.0
50,5,3,1067.0,512.0
50,6,0,1007.0,501.0
50,6,1,990.0,495.0
50,6,2,1008.0,483.0
50,6,3,1023.0,490.0
50,12,0,956.0,449.0
50,12,1,937.0,441.0
50,12,2,954.0,426.0
50,12,3,974.0,435.0
50,16,0,1061.0,466.0
50,16,1,1046.0,458.0
50,16,2,1063.0,446.0
50,16,3,1079.0,454.0
50,36,0,1185.0,391.0
50,36,1,1170.0,381.0
50,36,2,1192.0,367.0
50,36,3,1206.0,378.0
51,21,0,1480.0,602.0
51,21,1,1464.0,560.0
51,21,2,1504.0,544.0
51,21,3,1519.0,585.0
51,11,0,1370.0,646.0
51,11,1,1355.0,606.0
51,11,2,1394.0,590.0
51,11,3,1409.0,631.0
51,16,0,1445.0,681.0
51,16,1,1431.0,641.0
51,16,2,1471.0,625.0
51,16,3,1484.0,666.0
51,7,0,1294.0,611.0
51,7,1,1279.0,572.0
51,7,2,1317.0,556.0
51,7,3,1333.0,596.0
51,10,0,1410.0,757.0
51,10,1,1396.0,718.0
51,10,2,1436.0,704.0
51,10,3,1449.0,743.0
51,6,0,1336.0,721.0
51,6,1,1322.0,682.0
51,6,2,1361.0,668.0
51,6,3,1375.0,707.0
51,37,0,1617.0,473.0
51,37,1,1601.0,431.0
51,37,2,1638.0,414.0
51,37,3,1656.0,456.0
51,22,0,1433.0,485.0
51,22,1,1416.0,445.0
51,22,2,1455.0,427.0
51,22,3,1472.0,469.0
51,17,0,1403.0,567.0
51,17,1,1387.0,526.0
51,17,2,1426.0,509.0
51,17,3,1442.0,550.0
51,27,0,1511.0,520.0
51,27,1,1495.0,479.0
51,27,2,1534.0,462.0
51,27,3,1550.0,503.0
51,31,0,1587.0,556.0
51,31,1,1572.0,514.0
51,31,2,1610.0,497.0
51,31,3,1625.0,540.0
51,32,0,1540.0,437.0
51,32,1,1523.0,397.0
51,32,2,1560.0,379.0
51,32,3,1578.0,421.0
51,12,0,1325.0,533.0
51,12,1,1309.0,492.0
51,12,2,1347.0,476.0
51,12,3,1364.0,516.0
51,18,0,1354.0,452.0
51,18,1,1337.0,413.0
51,18,2,1375.0,395.0
51,18,3,1393.0,435.0
51,36,0,1660.0,592.0
51,36,1,1647.0,550.0
51,36,2,1685.0,534.0
51,36,3,1698.0,576.0
51,26,0,1554.0,637.0
51,26,1,1540.0,595.0
51,26,2,1579.0,580.0
51,26,3,1592.0,621.0
51,38,0,1567.0,355.0
51,38,1,1548.0,315.0
51,38,2,1584.0,298.0
51,38,3,1603.0,339.0
51,30,0,1625.0,673.0
51,30,1,1613.0,632.0
51,30,2,1651.0,616.0
51,30,3,1663.0,658.0
51,20,0,1518.0,716.0
51,20,1,1505.0,677.0
51,20,2,1544.0,660.0
51,20,3,1557.0,700.0
51,23,0,1382.0,371.0
51,23,1,1364.0,332.0
51,23,2,1401.0,315.0
51,23,3,1419.0,354.0
51,8,0,1248.0,501.0
51,8,1,1232.0,462.0
51,8,2,1268.0,445.0
51,8,3,1286.0,483.0
51,33,0,1488.0,322.0
51,33,1,1469.0,283.0
51,33,2,1504.0,267.0
51,33,3,1524.0,305.0
51,1,0,1263.0,686.0
51,1,1,1248.0,648.0
51,1,2,1286.0,633.0
51,1,3,1301.0,672.0
51,13,0,1276.0,421.0
51,13,1,1259.0,384.0
51,13,2,1295.0,366.0
51,13,3,1313.0,404.0
51,2,0,1220.0,578.0
51,2,1,1204.0,540.0
51,2,2,1241.0,524.0
51,2,3,1257.0,562.0
51,15,0,1481.0,792.0
51,15,1,1469.0,754.0
51,15,2,1508.0,739.0
51,15,3,1519.0,778.0
51,29,0,1408.0,291.0
51,29,1,1388.0,253.0
51,29,2,1423.0,237.0
51,29,3,1443.0,274.0
51,19,0,1303.0,342.0
51,19,1,1285.0,304.0
51,19,2,1320.0,287.0
51,19,3,1339.0,323.0
51,25,0,1588.0,750.0
51,25,1,1577.0,711.0
51,25,2,1615.0,696.0
51,25,3,1625.0,736.0
51,35,0,1693.0,708.0
51,35,1,1682.0,669.0
51,35,2,1720.0,653.0
51,35,3,1729.0,693.0
51,39,0,1510.0,243.0
51,39,1,1490.0,205.0
51,39,2,1524.0,190.0
51,39,3,1544.0,227.0
51,24,0,1327.0,263.0
51,24,1,1308.0,228.0
51,24,2,1343.0,210.0
51,24,3,1362.0,245.0
51,9,0,1200.0,393.0
51,9,1,1183.0,357.0
51,9,2,1218.0,339.0
51,9,3,1235.0,375.0
51,0,0,1302.0,791.0
51,0,1,1289.0,755.0
51,0,2,1327.0,742.0
51,0,3,1341.0,778.0
51,34,0,1429.0,213.0
51,34,1,1409.0,178.0
51,34,2,1443.0,161.0
51,34,3,1464.0,196.0
51,3,0,1174.0,471.0
51,3,1,1159.0,434.0
51,3,2,1193.0,417.0
51,3,3,1209.0,454.0
51,5,0,1373.0,826.0
51,5,1,1361.0,789.0
51,5,2,1399.0,778.0
51,5,3,1411.0,815.0
51,14,0,1224.0,315.0
51,14,1,1208.0,280.0
51,14,2,1242.0,263.0
51,14,3,1260.0,296.0
51,4,0,1127.0,368.0
51,4,1,1111.0,334.0
51,4,2,1143.0,316.0
51,4,3,1160.0,350.0
51,28,0,1462.0,403.0
51,28,1,1444.0,363.0
51,28,2,1481.0,346.0
51,28,3,1500.0,386.0
52,25,0,1293.0,820.0
52,25,1,1288.0,791.0
52,25,2,1325.0,784.0
52,25,3,1331.0,812.0
52,15,0,1182.0,839.0
52,15,1,1180.0,811.0
52,15,2,1217.0,806.0
52,15,3,1220.0,835.0
52,5,0,1072.0,853.0
52,5,1,1073.0,825.0
52,5,2,1109.0,820.0
52,5,3,1107.0,848.0
52,20,0,1233.0,790.0
52,20,1,1230.0,764.0
52,20,2,1265.0,756.0
52,20,3,1269.0,782.0
52,10,0,1126.0,804.0
52,10,1,1126.0,780.0
52,10,2,1162.0,775.0
52,10,3,1162.0,801.0
52,30,0,1339.0,768.0
52,30,1,1333.0,744.0
52,30,2,1367.0,736.0
52,30,3,1375.0,760.0
52,16,0,1177.0,760.0
52,16,1,1176.0,737.0
52,16,2,1210.0,732.0
52,16,3,1212.0,755.0
52,6,0,1077.0,775.0
52,6,1,1078.0,752.0
52,6,2,1111.0,747.0
52,6,3,1111.0,770.0
52,26,0,1280.0,741.0
52,26,1,1275.0,718.0
52,26,2,1307.0,712.0
52,26,3,1313.0,734.0
52,11,0,1126.0,732.0
52,11,1,1127.0,711.0
52,11,2,1159.0,707.0
52,11,3,1160.0,728.0
52,21,0,1223.0,716.0
52,21,1,1222.0,694.0
52,21,2,1252.0,688.0
52,21,3,1256.0,709.0
52,1,0,1033.0,749.0
52,1,1,1035.0,728.0
52,1,2,1065.0,722.0
52,1,3,1064.0,743.0
52,17,0,1173.0,694.0
52,17,1,1171.0,674.0
52,17,2,1202.0,669.0
52,17,3,1203.0,688.0
52,7,0,1080.0,708.0
52,7,1,1081.0,689.0
52,7,2,1112.0,685.0
52,7,3,1111.0,703.0
52,2,0,1039.0,687.0
52,2,1,1042.0,669.0
52,2,2,1069.0,664.0
52,2,3,1068.0,681.0
52,13,0,1125.0,618.0
52,13,1,1124.0,603.0
52,13,2,1151.0,598.0
52,13,3,1152.0,613.0
52,0,0,1024.0,819.0
52,0,1,1028.0,794.0
52,0,2,1060.0,790.0
52,0,3,1057.0,815.0
52,3,0,1045.0,634.0
52,3,1,1048.0,619.0
52,3,2,1072.0,613.0
52,3,3,1070.0,629.0
52,9,0,1085.0,602.0
52,9,1,1085.0,588.0
52,9,2,1111.0,583.0
52,9,3,1111.0,597.0
52,12,0,1125.0,669.0
52,12,1,1126.0,652.0
52,12,2,1155.0,649.0
52,12,3,1156.0,666.0
52,22,0,1214.0,654.0
52,22,1,1212.0,638.0
52,22,2,1241.0,630.0
52,22,3,1244.0,648.0
52,35,0,1404.0,797.0
52,35,1,1396.0,770.0
52,35,2,1431.0,762.0
52,35,3,1440.0,791.0
52,36,0,1380.0,719.0
52,36,1,1372.0,697.0
52,36,2,1405.0,689.0
52,36,3,1413.0,710.0
53,34,0,1024.0,276.0
53,34,1,1004.0,253.0
53,34,2,1029.0,237.0
53,34,3,1050.0,260.0
53,39,0,1092.0,282.0
53,39,1,1073.0,260.0
53,39,2,1100.0,244.0
53,39,3,1119.0,266.0
53,33,0,1082.0,335.0
53,33,1,1064.0,316.0
53,33,2,1091.0,300.0
53,33,3,1108.0,320.0
53,29,0,1018.0,328.0
53,29,1,999.0,307.0
53,29,2,1024.0,293.0
53,29,3,1043.0,313.0
53,24,0,953.0,321.0
53,24,1,933.0,301.0
53,24,2,956.0,286.0
53,24,3,977.0,306.0
53,38,0,1146.0,342.0
53,38,1,1129.0,322.0
53,38,2,1155.0,306.0
53,38,3,1171.0,327.0
53,19,0,951.0,371.0
53,19,1,931.0,354.0
53,19,2,953.0,337.0
53,19,3,973.0,356.0
53,23,0,1012.0,375.0
53,23,1,994.0,357.0
53,23,2,1017.0,344.0
53,23,3,1036.0,362.0
53,14,0,890.0,368.0
53,14,1,869.0,351.0
53,14,2,889.0,335.0
53,14,3,910.0,353.0
53,32,0,1134.0,390.0
53,32,1,1118.0,371.0
53,32,2,1143.0,358.0
53,32,3,1158.0,376.0
53,28,0,1073.0,382.0
53,28,1,1057.0,364.0
53,28,2,1082.0,352.0
53,28,3,1098.0,370.0
53,13,0,949.0,417.0
53,13,1,929.0,400.0
53,13,2,951.0,387.0
53,13,3,970.0,404.0
53,37,0,1192.0,395.0
53,37,1,1178.0,378.0
53,37,2,1203.0,365.0
53,37,3,1217.0,385.0
53,18,0,1007.0,421.0
53,18,1,990.0,404.0
53,18,2,1011.0,390.0
53,18,3,1029.0,407.0
53,9,0,891.0,412.0
53,9,1,871.0,397.0
53,9,2,889.0,383.0
53,9,3,910.0,399.0
53,22,0,1066.0,425.0
53,22,1,1049.0,408.0
53,22,2,1072.0,397.0
53,22,3,1088.0,413.0
53,12,0,1002.0,462.0
53,12,1,985.0,447.0
53,12,2,1006.0,434.0
53,12,3,1024.0,449.0
53,31,0,1179.0,439.0
53,31,1,1165.0,424.0
53,31,2,1189.0,411.0
53,31,3,1202.0,428.0
53,4,0,833.0,406.0
53,4,1,813.0,391.0
53,4,2,831.0,378.0
53,4,3,851.0,394.0
53,27,0,1122.0,431.0
53,27,1,1108.0,416.0
53,27,2,1132.0,405.0
53,27,3,1146.0,421.0
53,8,0,946.0,457.0
53,8,1,928.0,442.0
53,8,2,948.0,431.0
53,8,3,967.0,446.0
53,21,0,1112.0,471.0
53,21,1,1098.0,455.0
53,21,2,1120.0,444.0
53,21,3,1135.0,460.0
53,36,0,1233.0,446.0
53,36,1,1221.0,430.0
53,36,2,1246.0,419.0
53,36,3,1257.0,435.0
53,17,0,1058.0,466.0
53,17,1,1042.0,451.0
53,17,2,1064.0,439.0
53,17,3,1079.0,455.0
53,3,0,892.0,451.0
53,3,1,872.0,437.0
53,3,2,889.0,426.0
53,3,3,909.0,439.0
53,11,0,1052.0,503.0
53,11,1,1035.0,490.0
53,11,2,1056.0,479.0
53,11,3,1071.0,493.0
53,26,0,1165.0,476.0
53,26,1,1153.0,462.0
53,26,2,1175.0,452.0
53,26,3,1188.0,466.0
53,2,0,944.0,492.0
53,2,1,928.0,478.0
53,2,2,945.0,468.0
53,2,3,963.0,483.0
53,7,0,998.0,498.0
53,7,1,982.0,484.0
53,7,2,1002.0,475.0
53,7,3,1017.0,488.0
53,30,0,1218.0,482.0
53,30,1,1207.0,468.0
53,30,2,1228.0,459.0
53,30,3,1240.0,473.0
53,6,0,1044.0,537.0
53,6,1,1029.0,524.0
53,6,2,1049.0,515.0
53,6,3,1063.0,528.0
53,25,0,1204.0,518.0
53,25,1,1193.0,505.0
53,25,2,1214.0,495.0
53,25,3,1225.0,509.0
53,1,0,994.0,531.0
53,1,1,978.0,518.0
53,1,2,997.0,510.0
53,1,3,1012.0,523.0
53,10,0,1094.0,542.0
53,10,1,1081.0,530.0
53,10,2,1101.0,520.0
53,10,3,1114.0,533.0
53,15,0,1143.0,547.0
53,15,1,1131.0,534.0
53,15,2,1152.0,525.0
53,15,3,1163.0,538.0
53,5,0,1085.0,572.0
53,5,1,1073.0,562.0
53,5,2,1092.0,554.0
53,5,3,1104.0,565.0
53,0,0,1038.0,567.0
53,0,1,1024.0,555.0
53,0,2,1043.0,548.0
53,0,3,1056.0,559.0
53,16,0,1102.0,507.0
53,16,1,1090.0,494.0
53,16,2,1110.0,484.0
53,16,3,1123.0,498.0
53,20,0,1154.0,512.0
53,20,1,1142.0,499.0
53,20,2,1163.0,489.0
53,20,3,1176.0,503.0
53,35,0,1269.0,489.0
53,35,1,1259.0,476.0
53,35,2,1281.0,467.0
53,35,3,1291.0,481.0
54,34,0,1019.0,263.0
54,34,1,998.0,241.0
54,34,2,1025.0,224.0
54,34,3,1045.0,247.0
54,39,0,1087.0,266.0
54,39,1,1069.0,245.0
54,39,2,1097.0,228.0
54,39,3,1116.0,249.0
54,33,0,1079.0,321.0
54,33,1,1060.0,302.0
54,33,2,1087.0,284.0
54,33,3,1105.0,304.0
54,29,0,1012.0,315.0
54,29,1,993.0,296.0
54,29,2,1018.0,280.0
54,29,3,1038.0,301.0
54,24,0,945.0,311.0
54,24,1,925.0,292.0
54,24,2,949.0,276.0
54,24,3,970.0,296.0
54,38,0,1143.0,324.0
54,38,1,1126.0,305.0
54,38,2,1153.0,289.0
54,38,3,1169.0,308.0
54,19,0,944.0,362.0
54,19,1,923.0,345.0
54,19,2,946.0,328.0
54,19,3,967.0,346.0
54,14,0,881.0,362.0
54,14,1,859.0,347.0
54,14,2,879.0,329.0
54,14,3,902.0,345.0
54,23,0,1007.0,363.0
54,23,1,988.0,346.0
54,23,2,1012.0,332.0
54,23,3,1031.0,350.0
54,28,0,1070.0,368.0
54,28,1,1053.0,350.0
54,28,2,1078.0,337.0
54,28,3,1095.0,355.0
54,32,0,1131.0,373.0
54,32,1,1115.0,356.0
54,32,2,1141.0,341.0
54,32,3,1156.0,357.0
54,18,0,1002.0,409.0
54,18,1,985.0,394.0
54,18,2,1007.0,379.0
54,18,3,1024.0,395.0
54,13,0,942.0,408.0
54,13,1,923.0,392.0
54,13,2,944.0,378.0
54,13,3,964.0,394.0
54,37,0,1190.0,375.0
54,37,1,1176.0,359.0
54,37,2,1203.0,346.0
54,37,3,1216.0,364.0
54,22,0,1061.0,410.0
54,22,1,1045.0,395.0
54,22,2,1069.0,383.0
54,22,3,1085.0,398.0
54,4,0,823.0,403.0
54,4,1,800.0,389.0
54,4,2,817.0,376.0
54,4,3,840.0,390.0
54,12,0,998.0,451.0
54,12,1,980.0,436.0
54,12,2,1002.0,423.0
54,12,3,1019.0,438.0
54,8,0,941.0,448.0
54,8,1,921.0,434.0
54,8,2,943.0,422.0
54,8,3,961.0,436.0
54,27,0,1119.0,414.0
54,27,1,1105.0,400.0
54,27,2,1129.0,388.0
54,27,3,1144.0,403.0
54,31,0,1176.0,419.0
54,31,1,1163.0,405.0
54,31,2,1187.0,392.0
54,31,3,1200.0,408.0
54,17,0,1053.0,451.0
54,17,1,1038.0,438.0
54,17,2,1061.0,425.0
54,17,3,1076.0,439.0
54,3,0,882.0,445.0
54,3,1,864.0,430.0
54,3,2,883.0,420.0
54,3,3,902.0,434.0
54,36,0,1232.0,424.0
54,36,1,1220.0,408.0
54,36,2,1244.0,397.0
54,36,3,1255.0,413.0
54,21,0,1110.0,454.0
54,21,1,1095.0,440.0
54,21,2,1119.0,428.0
54,21,3,1131.0,443.0
54,2,0,939.0,484.0
54,2,1,921.0,472.0
54,2,2,940.0,459.0
54,2,3,958.0,473.0
54,7,0,993.0,486.0
54,7,1,976.0,473.0
54,7,2,997.0,462.0
54,7,3,1013.0,476.0
54,11,0,1048.0,489.0
54,11,1,1032.0,476.0
54,11,2,1052.0,464.0
54,11,3,1068.0,477.0
54,26,0,1163.0,456.0
54,26,1,1151.0,443.0
54,26,2,1174.0,433.0
54,26,3,1186.0,445.0
54,20,0,1152.0,493.0
54,20,1,1139.0,480.0
54,20,2,1161.0,470.0
54,20,3,1173.0,483.0
54,30,0,1215.0,459.0
54,30,1,1205.0,447.0
54,30,2,1228.0,437.0
54,30,3,1239.0,450.0
54,16,0,1100.0,490.0
54,16,1,1087.0,477.0
54,16,2,1108.0,467.0
54,16,3,1121.0,479.0
54,10,0,1092.0,525.0
54,10,1,1078.0,513.0
54,10,2,1098.0,503.0
54,10,3,1112.0,515.0
54,6,0,1041.0,522.0
54,6,1,1026.0,511.0
54,6,2,1045.0,500.0
54,6,3,1060.0,512.0
54,1,0,989.0,519.0
54,1,1,974.0,507.0
54,1,2,992.0,498.0
54,1,3,1008.0,509.0
54,35,0,1267.0,464.0
54,35,1,1257.0,452.0
54,35,2,1279.0,442.0
54,35,3,1289.0,455.0
54,5,0,1083.0,554.0
54,5,1,1070.0,545.0
54,5,2,1089.0,536.0
54,5,3,1102.0,547.0
54,0,0,1034.0,552.0
54,0,1,1021.0,542.0
54,0,2,1040.0,534.0
54,0,3,1053.0,544.0
54,9,0,883.0,406.0
54,9,1,861.0,391.0
54,9,2,880.0,377.0
54,9,3,902.0,392.0
54,15,0,1143.0,527.0
54,15,1,1129.0,516.0
54,15,2,1150.0,506.0
54,15,3,1161.0,517.0
54,25,0,1202.0,495.0
54,25,1,1192.0,483.0
54,25,2,1213.0,473.0
54,25,3,1223.0,486.0
55,34,0,1025.0,275.0
55,34,1,1007.0,253.0
55,34,2,1032.0,238.0
55,34,3,1051.0,261.0
55,39,0,1092.0,285.0
55,39,1,1074.0,262.0
55,39,2,1101.0,247.0
55,39,3,1119.0,269.0
55,29,0,1018.0,328.0
55,29,1,1000.0,306.0
55,29,2,1024.0,293.0
55,29,3,1043.0,314.0
55,33,0,1081.0,338.0
55,33,1,1064.0,317.0
55,33,2,1089.0,302.0
55,33,3,1106.0,324.0
55,38,0,1142.0,346.0
55,38,1,1127.0,326.0
55,38,2,1153.0,311.0
55,38,3,1168.0,333.0
55,24,0,956.0,319.0
55,24,1,936.0,297.0
55,24,2,959.0,284.0
55,24,3,978.0,305.0
55,19,0,950.0,369.0
55,19,1,932.0,349.0
55,19,2,954.0,335.0
55,19,3,973.0,354.0
55,14,0,889.0,363.0
55,14,1,870.0,345.0
55,14,2,892.0,330.0
55,14,3,911.0,349.0
55,23,0,1010.0,375.0
55,23,1,993.0,356.0
55,23,2,1016.0,344.0
55,23,3,1034.0,364.0
55,32,0,1130.0,395.0
55,32,1,1114.0,376.0
55,32,2,1140.0,363.0
55,32,3,1154.0,381.0
55,37,0,1187.0,403.0
55,37,1,1174.0,384.0
55,37,2,1199.0,372.0
55,37,3,1213.0,392.0
55,28,0,1071.0,385.0
55,28,1,1055.0,366.0
55,28,2,1079.0,354.0
55,28,3,1095.0,373.0
55,18,0,1003.0,421.0
55,18,1,987.0,404.0
55,18,2,1010.0,391.0
55,18,3,1026.0,408.0
55,13,0,946.0,415.0
55,13,1,929.0,397.0
55,13,2,950.0,385.0
55,13,3,968.0,402.0
55,31,0,1174.0,447.0
55,31,1,1159.0,430.0
55,31,2,1184.0,418.0
55,31,3,1197.0,436.0
55,22,0,1060.0,427.0
55,22,1,1045.0,411.0
55,22,2,1069.0,400.0
55,22,3,1084.0,417.0
55,27,0,1117.0,437.0
55,27,1,1103.0,420.0
55,27,2,1127.0,410.0
55,27,3,1141.0,426.0
55,9,0,890.0,407.0
55,9,1,871.0,391.0
55,9,2,888.0,379.0
55,9,3,908.0,395.0
55,4,0,832.0,400.0
55,4,1,813.0,383.0
55,4,2,830.0,372.0
55,4,3,851.0,388.0
55,17,0,1052.0,469.0
55,17,1,1037.0,453.0
55,17,2,1058.0,441.0
55,17,3,1074.0,458.0
55,8,0,942.0,455.0
55,8,1,925.0,439.0
55,8,2,945.0,428.0
55,8,3,963.0,444.0
55,12,0,998.0,463.0
55,12,1,982.0,446.0
55,12,2,1002.0,435.0
55,12,3,1019.0,451.0
55,36,0,1227.0,456.0
55,36,1,1215.0,438.0
55,36,2,1238.0,428.0
55,36,3,1250.0,446.0
55,21,0,1106.0,476.0
55,21,1,1092.0,460.0
55,21,2,1115.0,450.0
55,21,3,1128.0,466.0
55,3,0,890.0,447.0
55,3,1,870.0,432.0
55,3,2,888.0,421.0
55,3,3,906.0,436.0
55,2,0,939.0,492.0
55,2,1,923.0,477.0
55,2,2,942.0,467.0
55,2,3,959.0,482.0
55,16,0,1096.0,514.0
55,16,1,1082.0,499.0
55,16,2,1103.0,489.0
55,16,3,1117.0,504.0
55,11,0,1044.0,507.0
55,11,1,1029.0,492.0
55,11,2,1049.0,482.0
55,11,3,1064.0,497.0
55,30,0,1211.0,493.0
55,30,1,1199.0,478.0
55,30,2,1222.0,469.0
55,30,3,1233.0,484.0
55,26,0,1159.0,484.0
55,26,1,1147.0,469.0
55,26,2,1169.0,460.0
55,26,3,1181.0,475.0
55,10,0,1086.0,549.0
55,10,1,1073.0,535.0
55,10,2,1093.0,526.0
55,10,3,1106.0,540.0
55,6,0,1036.0,541.0
55,6,1,1022.0,527.0
55,6,2,1041.0,518.0
55,6,3,1055.0,533.0
55,15,0,1135.0,556.0
55,15,1,1122.0,542.0
55,15,2,1142.0,533.0
55,15,3,1154.0,547.0
55,1,0,985.0,533.0
55,1,1,972.0,520.0
55,1,2,991.0,512.0
55,1,3,1004.0,526.0
55,5,0,1076.0,579.0
55,5,1,1064.0,567.0
55,5,2,1083.0,560.0
55,5,3,1095.0,572.0
55,0,0,1029.0,572.0
55,0,1,1016.0,559.0
55,0,2,1034.0,552.0
55,0,3,1047.0,565.0
55,7,0,991.0,499.0
55,7,1,976.0,484.0
55,7,2,996.0,475.0
55,7,3,1011.0,490.0
55,20,0,1146.0,520.0
55,20,1,1134.0,507.0
55,20,2,1156.0,497.0
55,20,3,1167.0,512.0
55,25,0,1195.0,528.0
55,25,1,1185.0,514.0
55,25,2,1206.0,505.0
55,25,3,1217.0,519.0
55,35,0,1261.0,501.0
55,35,1,1251.0,487.0
55,35,2,1274.0,479.0
55,35,3,1283.0,493.0
56,35,0,1390.0,1077.0
56,35,1,1384.0,1046.0
56,35,2,1426.0,1036.0
56,35,3,1434.0,1068.0
56,25,0,1264.0,1103.0
56,25,1,1264.0,1073.0
56,25,2,1305.0,1064.0
56,25,3,1308.0,1094.0
56,15,0,1142.0,1123.0
56,15,1,1146.0,1093.0
56,15,2,1186.0,1088.0
56,15,3,1184.0,1119.0
56,5,0,1025.0,1132.0
56,5,1,1032.0,1103.0
56,5,2,1070.0,1100.0
56,5,3,1064.0,1128.0
56,20,0,1205.0,1071.0
56,20,1,1206.0,1044.0
56,20,2,1245.0,1036.0
56,20,3,1245.0,1063.0
56,30,0,1322.0,1047.0
56,30,1,1320.0,1021.0
56,30,2,1359.0,1012.0
56,30,3,1363.0,1037.0
56,10,0,1091.0,1086.0
56,10,1,1096.0,1059.0
56,10,2,1134.0,1056.0
56,10,3,1129.0,1083.0
56,36,0,1373.0,993.0
56,36,1,1369.0,970.0
56,36,2,1406.0,959.0
56,36,3,1412.0,983.0
56,0,0,983.0,1095.0
56,0,1,992.0,1069.0
56,0,2,1027.0,1066.0
56,0,3,1018.0,1092.0
56,16,0,1152.0,1041.0
56,16,1,1155.0,1016.0
56,16,2,1191.0,1010.0
56,16,3,1190.0,1035.0
56,26,0,1262.0,1020.0
56,26,1,1262.0,995.0
56,26,2,1299.0,990.0
56,26,3,1300.0,1013.0
56,6,0,1046.0,1053.0
56,6,1,1052.0,1030.0
56,6,2,1087.0,1026.0
56,6,3,1083.0,1049.0
56,21,0,1208.0,995.0
56,21,1,1209.0,973.0
56,21,2,1244.0,965.0
56,21,3,1244.0,988.0
56,31,0,1314.0,974.0
56,31,1,1311.0,952.0
56,31,2,1346.0,944.0
56,31,3,1350.0,964.0
56,11,0,1105.0,1012.0
56,11,1,1109.0,990.0
56,11,2,1143.0,985.0
56,11,3,1140.0,1007.0
56,27,0,1259.0,951.0
56,27,1,1258.0,931.0
56,27,2,1292.0,926.0
56,27,3,1294.0,945.0
56,1,0,1008.0,1025.0
56,1,1,1015.0,1004.0
56,1,2,1046.0,999.0
56,1,3,1040.0,1021.0
56,7,0,1064.0,987.0
56,7,1,1068.0,967.0
56,7,2,1100.0,961.0
56,7,3,1096.0,982.0
56,17,0,1160.0,972.0
56,17,1,1162.0,952.0
56,17,2,1194.0,946.0
56,17,3,1194.0,965.0
56,37,0,1359.0,928.0
56,37,1,1356.0,910.0
56,37,2,1389.0,901.0
56,37,3,1392.0,918.0
56,32,0,1305.0,912.0
56,32,1,1304.0,893.0
56,32,2,1335.0,886.0
56,32,3,1338.0,904.0
56,12,0,1116.0,949.0
56,12,1,1119.0,930.0
56,12,2,1150.0,926.0
56,12,3,1148.0,944.0
56,22,0,1210.0,932.0
56,22,1,1211.0,914.0
56,22,2,1241.0,906.0
56,22,3,1242.0,925.0
56,2,0,1027.0,964.0
56,2,1,1032.0,946.0
56,2,2,1062.0,941.0
56,2,3,1057.0,959.0
56,18,0,1165.0,913.0
56,18,1,1168.0,897.0
56,18,2,1197.0,893.0
56,18,3,1196.0,908.0
56,23,0,1211.0,879.0
56,23,1,1211.0,864.0
56,23,2,1239.0,858.0
56,23,3,1240.0,872.0
56,8,0,1077.0,928.0
56,8,1,1081.0,912.0
56,8,2,1110.0,908.0
56,8,3,1107.0,923.0
56,28,0,1255.0,894.0
56,28,1,1254.0,878.0
56,28,2,1285.0,872.0
56,28,3,1287.0,888.0
56,29,0,1252.0,846.0
56,29,1,1251.0,832.0
56,29,2,1278.0,827.0
56,29,3,1279.0,840.0
56,33,0,1297.0,859.0
56,33,1,1295.0,844.0
56,33,2,1324.0,838.0
56,33,3,1327.0,853.0
56,38,0,1347.0,873.0
56,38,1,1344.0,856.0
56,38,2,1374.0,851.0
56,38,3,1378.0,866.0
57,39,0,957.0,360.0
57,39,1,933.0,344.0
57,39,2,953.0,322.0
57,39,3,978.0,339.0
57,33,0,963.0,413.0
57,33,1,939.0,398.0
57,33,2,958.0,377.0
57,33,3,982.0,392.0
57,29,0,901.0,418.0
57,29,1,876.0,403.0
57,29,2,894.0,384.0
57,29,3,919.0,399.0
57,38,0,1026.0,406.0
57,38,1,1003.0,392.0
57,38,2,1022.0,371.0
57,38,3,1045.0,386.0
57,24,0,840.0,423.0
57,24,1,815.0,409.0
57,24,2,832.0,390.0
57,24,3,856.0,404.0
57,19,0,850.0,472.0
57,19,1,826.0,459.0
57,19,2,842.0,439.0
57,19,3,866.0,452.0
57,32,0,1028.0,455.0
57,32,1,1006.0,441.0
57,32,2,1025.0,423.0
57,32,3,1047.0,436.0
57,37,0,1086.0,450.0
57,37,1,1066.0,434.0
57,37,2,1087.0,418.0
57,37,3,1106.0,434.0
57,23,0,909.0,464.0
57,23,1,886.0,451.0
57,23,2,904.0,433.0
57,23,3,926.0,447.0
57,14,0,792.0,479.0
57,14,1,768.0,467.0
57,14,2,783.0,448.0
57,14,3,807.0,461.0
57,28,0,969.0,459.0
57,28,1,946.0,446.0
57,28,2,964.0,429.0
57,28,3,986.0,442.0
57,18,0,916.0,509.0
57,18,1,894.0,497.0
57,18,2,910.0,479.0
57,18,3,932.0,491.0
57,22,0,973.0,502.0
57,22,1,951.0,490.0
57,22,2,969.0,474.0
57,22,3,990.0,486.0
57,13,0,860.0,515.0
57,13,1,837.0,503.0
57,13,2,852.0,487.0
57,13,3,875.0,498.0
57,31,0,1084.0,494.0
57,31,1,1067.0,481.0
57,31,2,1086.0,465.0
57,31,3,1104.0,480.0
57,9,0,804.0,521.0
57,9,1,781.0,508.0
57,9,2,796.0,493.0
57,9,3,818.0,505.0
57,27,0,1029.0,498.0
57,27,1,1010.0,486.0
57,27,2,1027.0,471.0
57,27,3,1047.0,482.0
57,4,0,750.0,525.0
57,4,1,727.0,513.0
57,4,2,739.0,499.0
57,4,3,763.0,510.0
57,17,0,977.0,543.0
57,17,1,957.0,532.0
57,17,2,973.0,517.0
57,17,3,993.0,528.0
57,21,0,1031.0,538.0
57,21,1,1012.0,527.0
57,21,2,1028.0,512.0
57,21,3,1047.0,522.0
57,8,0,868.0,554.0
57,8,1,848.0,543.0
57,8,2,862.0,529.0
57,8,3,883.0,540.0
57,3,0,816.0,557.0
57,3,1,794.0,547.0
57,3,2,808.0,533.0
57,3,3,829.0,544.0
57,30,0,1136.0,529.0
57,30,1,1121.0,518.0
57,30,2,1142.0,505.0
57,30,3,1156.0,515.0
57,2,0,876.0,589.0
57,2,1,857.0,579.0
57,2,2,871.0,566.0
57,2,3,889.0,576.0
57,10,0,1033.0,611.0
57,10,1,1017.0,602.0
57,10,2,1032.0,589.0
57,10,3,1049.0,598.0
57,1,0,933.0,618.0
57,1,1,916.0,609.0
57,1,2,929.0,598.0
57,1,3,947.0,606.0
57,6,0,983.0,615.0
57,6,1,966.0,606.0
57,6,2,981.0,593.0
57,6,3,998.0,603.0
57,7,0,928.0,585.0
57,7,1,909.0,575.0
57,7,2,924.0,562.0
57,7,3,943.0,572.0
57,11,0,980.0,580.0
57,11,1,962.0,571.0
57,11,2,978.0,557.0
57,11,3,996.0,567.0
57,12,0,923.0,549.0
57,12,1,901.0,538.0
57,12,2,918.0,522.0
57,12,3,938.0,534.0
57,20,0,1082.0,571.0
57,20,1,1067.0,560.0
57,20,2,1085.0,547.0
57,20,3,1100.0,559.0
57,25,0,1134.0,567.0
57,25,1,1119.0,556.0
57,25,2,1138.0,543.0
57,25,3,1151.0,554.0
57,26,0,1083.0,533.0
57,26,1,1067.0,522.0
57,26,2,1086.0,508.0
57,26,3,1102.0,520.0
57,34,0,893.0,367.0
57,34,1,867.0,351.0
57,34,2,885.0,330.0
57,34,3,911.0,345.0
57,35,0,1188.0,525.0
57,35,1,1175.0,514.0
57,35,2,1195.0,501.0
57,35,3,1208.0,513.0
57,36,0,1140.0,490.0
57,36,1,1123.0,478.0
57,36,2,1144.0,462.0
57,36,3,1160.0,476.0
58,21,0,1438.0,617.0
58,21,1,1423.0,576.0
58,21,2,1462.0,560.0
58,21,3,1477.0,600.0
58,10,0,1367.0,769.0
58,10,1,1355.0,731.0
58,10,2,1394.0,717.0
58,10,3,1407.0,755.0
58,6,0,1295.0,734.0
58,6,1,1281.0,696.0
58,6,2,1320.0,682.0
58,6,3,1334.0,720.0
58,17,0,1361.0,582.0
58,17,1,1346.0,542.0
58,17,2,1384.0,525.0
58,17,3,1401.0,566.0
58,31,0,1544.0,572.0
58,31,1,1529.0,531.0
58,31,2,1567.0,514.0
58,31,3,1582.0,556.0
58,37,0,1575.0,491.0
58,37,1,1559.0,450.0
58,37,2,1596.0,433.0
58,37,3,1613.0,474.0
58,22,0,1393.0,502.0
58,22,1,1376.0,462.0
58,22,2,1414.0,445.0
58,22,3,1431.0,486.0
58,27,0,1469.0,536.0
58,27,1,1454.0,496.0
58,27,2,1491.0,479.0
58,27,3,1508.0,520.0
58,11,0,1329.0,660.0
58,11,1,1314.0,620.0
58,11,2,1353.0,605.0
58,11,3,1368.0,645.0
58,36,0,1616.0,607.0
58,36,1,1603.0,566.0
58,36,2,1640.0,550.0
58,36,3,1654.0,592.0
58,16,0,1404.0,695.0
58,16,1,1389.0,655.0
58,16,2,1429.0,640.0
58,16,3,1442.0,680.0
58,18,0,1315.0,469.0
58,18,1,1298.0,430.0
58,18,2,1335.0,413.0
58,18,3,1353.0,452.0
58,26,0,1511.0,651.0
58,26,1,1498.0,610.0
58,26,2,1536.0,595.0
58,26,3,1549.0,636.0
58,12,0,1285.0,548.0
58,12,1,1269.0,509.0
58,12,2,1306.0,492.0
58,12,3,1323.0,532.0
58,32,0,1499.0,455.0
58,32,1,1482.0,416.0
58,32,2,1520.0,399.0
58,32,3,1536.0,439.0
58,28,0,1422.0,421.0
58,28,1,1405.0,381.0
58,28,2,1440.0,365.0
58,28,3,1459.0,405.0
58,38,0,1526.0,375.0
58,38,1,1508.0,335.0
58,38,2,1543.0,319.0
58,38,3,1562.0,359.0
58,20,0,1476.0,729.0
58,20,1,1463.0,690.0
58,20,2,1502.0,674.0
58,20,3,1514.0,714.0
58,7,0,1255.0,626.0
58,7,1,1239.0,587.0
58,7,2,1276.0,571.0
58,7,3,1292.0,611.0
58,23,0,1343.0,389.0
58,23,1,1326.0,351.0
58,23,2,1362.0,334.0
58,23,3,1380.0,373.0
58,30,0,1581.0,686.0
58,30,1,1569.0,647.0
58,30,2,1607.0,631.0
58,30,3,1619.0,671.0
58,15,0,1438.0,804.0
58,15,1,1427.0,766.0
58,15,2,1465.0,751.0
58,15,3,1477.0,790.0
58,8,0,1209.0,516.0
58,8,1,1193.0,479.0
58,8,2,1230.0,462.0
58,8,3,1246.0,500.0
58,33,0,1448.0,342.0
58,33,1,1430.0,303.0
58,33,2,1465.0,288.0
58,33,3,1484.0,325.0
58,13,0,1238.0,438.0
58,13,1,1221.0,401.0
58,13,2,1257.0,384.0
58,13,3,1274.0,421.0
58,25,0,1544.0,762.0
58,25,1,1534.0,724.0
58,25,2,1572.0,709.0
58,25,3,1582.0,748.0
58,1,0,1223.0,699.0
58,1,1,1208.0,662.0
58,1,2,1245.0,647.0
58,1,3,1260.0,686.0
58,35,0,1649.0,721.0
58,35,1,1639.0,681.0
58,35,2,1676.0,666.0
58,35,3,1685.0,705.0
58,2,0,1180.0,592.0
58,2,1,1165.0,555.0
58,2,2,1201.0,539.0
58,2,3,1217.0,577.0
58,19,0,1265.0,360.0
58,19,1,1248.0,323.0
58,19,2,1282.0,306.0
58,19,3,1301.0,342.0
58,29,0,1369.0,310.0
58,29,1,1351.0,274.0
58,29,2,1386.0,258.0
58,29,3,1405.0,294.0
58,0,0,1261.0,803.0
58,0,1,1248.0,767.0
58,0,2,1286.0,755.0
58,0,3,1299.0,792.0
58,5,0,1332.0,837.0
58,5,1,1320.0,801.0
58,5,2,1358.0,790.0
58,5,3,1370.0,826.0
58,3,0,1136.0,486.0
58,3,1,1121.0,450.0
58,3,2,1154.0,433.0
58,3,3,1171.0,469.0
58,24,0,1290.0,282.0
58,24,1,1272.0,247.0
58,24,2,1306.0,231.0
58,24,3,1325.0,265.0
58,9,0,1162.0,409.0
58,9,1,1146.0,374.0
58,9,2,1180.0,357.0
58,9,3,1197.0,393.0
58,14,0,1188.0,333.0
58,14,1,1171.0,299.0
58,14,2,1206.0,282.0
58,14,3,1223.0,316.0
58,34,0,1392.0,234.0
58,34,1,1373.0,200.0
58,34,2,1407.0,184.0
58,34,3,1426.0,219.0
58,4,0,1090.0,384.0
58,4,1,1075.0,351.0
58,4,2,1107.0,333.0
58,4,3,1123.0,367.0
59,39,0,1090.0,287.0
59,39,1,1072.0,263.0
59,39,2,1099.0,249.0
59,39,3,1116.0,273.0
59,34,0,1025.0,274.0
59,34,1,1007.0,252.0
59,34,2,1032.0,238.0
59,34,3,1050.0,260.0
59,33,0,1077.0,338.0
59,33,1,1061.0,317.0
59,33,2,1086.0,303.0
59,33,3,1103.0,325.0
59,29,0,1016.0,325.0
59,29,1,999.0,304.0
59,29,2,1023.0,291.0
59,29,3,1041.0,312.0
59,38,0,1138.0,350.0
59,38,1,1123.0,329.0
59,38,2,1149.0,316.0
59,38,3,1164.0,337.0
59,24,0,956.0,313.0
59,24,1,938.0,291.0
59,24,2,960.0,279.0
59,24,3,978.0,301.0
59,37,0,1183.0,409.0
59,37,1,1168.0,389.0
59,37,2,1192.0,378.0
59,37,3,1207.0,400.0
59,19,0,950.0,362.0
59,19,1,933.0,342.0
59,19,2,955.0,329.0
59,19,3,972.0,349.0
59,32,0,1124.0,397.0
59,32,1,1110.0,377.0
59,32,2,1135.0,366.0
59,32,3,1149.0,386.0
59,28,0,1067.0,384.0
59,28,1,1051.0,365.0
59,28,2,1075.0,354.0
59,28,3,1091.0,374.0
59,23,0,1009.0,372.0
59,23,1,992.0,352.0
59,23,2,1015.0,341.0
59,23,3,1031.0,362.0
59,14,0,892.0,353.0
59,14,1,874.0,333.0
59,14,2,894.0,321.0
59,14,3,912.0,341.0
59,18,0,1000.0,416.0
59,18,1,985.0,398.0
59,18,2,1007.0,387.0
59,18,3,1023.0,405.0
59,22,0,1057.0,426.0
59,22,1,1041.0,408.0
59,22,2,1065.0,399.0
59,22,3,1080.0,416.0
59,13,0,945.0,407.0
59,13,1,928.0,389.0
59,13,2,950.0,378.0
59,13,3,966.0,396.0
59,27,0,1112.0,439.0
59,27,1,1098.0,421.0
59,27,2,1121.0,412.0
59,27,3,1135.0,430.0
59,31,0,1167.0,452.0
59,31,1,1154.0,434.0
59,31,2,1178.0,424.0
59,31,3,1190.0,442.0
59,9,0,890.0,397.0
59,9,1,872.0,379.0
59,9,2,891.0,368.0
59,9,3,909.0,386.0
59,36,0,1220.0,464.0
59,36,1,1208.0,446.0
59,36,2,1232.0,437.0
59,36,3,1244.0,455.0
59,12,0,994.0,457.0
59,12,1,978.0,440.0
59,12,2,999.0,430.0
59,12,3,1015.0,447.0
59,8,0,941.0,447.0
59,8,1,924.0,431.0
59,8,2,944.0,420.0
59,8,3,960.0,437.0
59,17,0,1048.0,467.0
59,17,1,1033.0,450.0
59,17,2,1054.0,440.0
59,17,3,1068.0,458.0
59,4,0,836.0,386.0
59,4,1,818.0,368.0
59,4,2,835.0,358.0
59,4,3,853.0,376.0
59,21,0,1100.0,477.0
59,21,1,1087.0,460.0
59,21,2,1109.0,452.0
59,21,3,1122.0,469.0
59,11,0,1039.0,504.0
59,11,1,1024.0,488.0
59,11,2,1045.0,480.0
59,11,3,1059.0,496.0
59,2,0,936.0,483.0
59,2,1,921.0,468.0
59,2,2,940.0,459.0
59,2,3,955.0,475.0
59,30,0,1202.0,499.0
59,30,1,1192.0,485.0
59,30,2,1215.0,477.0
59,30,3,1225.0,493.0
59,20,0,1139.0,524.0
59,20,1,1128.0,509.0
59,20,2,1149.0,501.0
59,20,3,1161.0,516.0
59,16,0,1089.0,514.0
59,16,1,1077.0,498.0
59,16,2,1097.0,490.0
59,16,3,1109.0,506.0
59,35,0,1253.0,512.0
59,35,1,1244.0,497.0
59,35,2,1266.0,490.0
59,35,3,1276.0,505.0
59,25,0,1188.0,535.0
59,25,1,1178.0,521.0
59,25,2,1199.0,513.0
59,25,3,1209.0,527.0
59,10,0,1078.0,548.0
59,10,1,1067.0,534.0
59,10,2,1086.0,526.0
59,10,3,1098.0,541.0
59,6,0,1031.0,538.0
59,6,1,1017.0,524.0
59,6,2,1036.0,516.0
59,6,3,1049.0,530.0
59,1,0,982.0,527.0
59,1,1,968.0,513.0
59,1,2,986.0,506.0
59,1,3,1000.0,520.0
59,5,0,1069.0,579.0
59,5,1,1057.0,566.0
59,5,2,1076.0,560.0
59,5,3,1087.0,573.0
59,0,0,1022.0,568.0
59,0,1,1010.0,555.0
59,0,2,1028.0,549.0
59,0,3,1040.0,563.0
59,3,0,887.0,436.0
59,3,1,871.0,419.0
59,3,2,889.0,410.0
59,3,3,906.0,427.0
59,7,0,987.0,493.0
59,7,1,973.0,478.0
59,7,2,993.0,470.0
59,7,3,1007.0,485.0
59,15,0,1127.0,558.0
59,15,1,1115.0,544.0
59,15,2,1135.0,536.0
59,15,3,1147.0,551.0
59,26,0,1152.0,488.0
59,26,1,1140.0,473.0
59,26,2,1163.0,465.0
59,26,3,1174.0,481.0
60,17,0,1264.0,595.0
60,17,1,1249.0,556.0
60,17,2,1287.0,541.0
60,17,3,1303.0,580.0
60,21,0,1339.0,629.0
60,21,1,1325.0,590.0
60,21,2,1364.0,575.0
60,21,3,1378.0,614.0
60,26,0,1414.0,664.0
60,26,1,1399.0,624.0
60,26,2,1437.0,609.0
60,26,3,1451.0,648.0
60,11,0,1232.0,672.0
60,11,1,1217.0,633.0
60,11,2,1255.0,618.0
60,11,3,1270.0,657.0
60,36,0,1518.0,621.0
60,36,1,1504.0,581.0
60,36,2,1542.0,566.0
60,36,3,1555.0,606.0
60,16,0,1305.0,706.0
60,16,1,1292.0,667.0
60,16,2,1330.0,652.0
60,16,3,1344.0,691.0
60,31,0,1446.0,586.0
60,31,1,1431.0,547.0
60,31,2,1468.0,531.0
60,31,3,1483.0,571.0
60,12,0,1188.0,561.0
60,12,1,1173.0,524.0
60,12,2,1211.0,508.0
60,12,3,1227.0,546.0
60,27,0,1372.0,551.0
60,27,1,1357.0,512.0
60,27,2,1394.0,497.0
60,27,3,1410.0,535.0
60,22,0,1296.0,517.0
60,22,1,1281.0,478.0
60,22,2,1318.0,463.0
60,22,3,1334.0,501.0
60,37,0,1476.0,507.0
60,37,1,1462.0,467.0
60,37,2,1498.0,453.0
60,37,3,1514.0,492.0
60,20,0,1378.0,740.0
60,20,1,1365.0,701.0
60,20,2,1403.0,686.0
60,20,3,1416.0,725.0
60,30,0,1483.0,698.0
60,30,1,1471.0,658.0
60,30,2,1509.0,644.0
60,30,3,1521.0,683.0
60,7,0,1157.0,638.0
60,7,1,1142.0,600.0
60,7,2,1180.0,585.0
60,7,3,1195.0,623.0
60,10,0,1270.0,780.0
60,10,1,1257.0,742.0
60,10,2,1295.0,728.0
60,10,3,1309.0,767.0
60,18,0,1219.0,484.0
60,18,1,1204.0,446.0
60,18,2,1240.0,431.0
60,18,3,1257.0,469.0
60,32,0,1402.0,473.0
60,32,1,1386.0,434.0
60,32,2,1422.0,419.0
60,32,3,1438.0,458.0
60,15,0,1341.0,814.0
60,15,1,1329.0,777.0
60,15,2,1368.0,762.0
60,15,3,1380.0,800.0
60,6,0,1197.0,745.0
60,6,1,1184.0,707.0
60,6,2,1222.0,694.0
60,6,3,1236.0,732.0
60,25,0,1447.0,773.0
60,25,1,1436.0,735.0
60,25,2,1473.0,720.0
60,25,3,1485.0,758.0
60,1,0,1126.0,711.0
60,1,1,1111.0,674.0
60,1,2,1148.0,660.0
60,1,3,1163.0,698.0
60,8,0,1114.0,530.0
60,8,1,1099.0,493.0
60,8,2,1135.0,477.0
60,8,3,1150.0,515.0
60,28,0,1326.0,439.0
60,28,1,1310.0,401.0
60,28,2,1346.0,387.0
60,28,3,1362.0,424.0
60,35,0,1551.0,732.0
60,35,1,1540.0,693.0
60,35,2,1577.0,678.0
60,35,3,1587.0,716.0
60,13,0,1143.0,453.0
60,13,1,1128.0,417.0
60,13,2,1164.0,401.0
60,13,3,1180.0,438.0
60,23,0,1249.0,407.0
60,23,1,1233.0,371.0
60,23,2,1268.0,355.0
60,23,3,1285.0,392.0
60,2,0,1085.0,605.0
60,2,1,1070.0,567.0
60,2,2,1104.0,552.0
60,2,3,1120.0,590.0
60,38,0,1430.0,395.0
60,38,1,1414.0,357.0
60,38,2,1448.0,343.0
60,38,3,1465.0,380.0
60,0,0,1165.0,815.0
60,0,1,1151.0,779.0
60,0,2,1188.0,766.0
60,0,3,1202.0,803.0
60,5,0,1236.0,849.0
60,5,1,1222.0,813.0
60,5,2,1260.0,801.0
60,5,3,1273.0,837.0
60,33,0,1354.0,363.0
60,33,1,1337.0,326.0
60,33,2,1371.0,312.0
60,33,3,1389.0,347.0
60,19,0,1172.0,377.0
60,19,1,1157.0,342.0
60,19,2,1191.0,327.0
60,19,3,1208.0,362.0
60,3,0,1041.0,499.0
60,3,1,1028.0,463.0
60,3,2,1061.0,448.0
60,3,3,1076.0,485.0
60,9,0,1070.0,425.0
60,9,1,1055.0,390.0
60,9,2,1089.0,374.0
60,9,3,1105.0,408.0
60,29,0,1276.0,331.0
60,29,1,1260.0,297.0
60,29,2,1294.0,282.0
60,29,3,1311.0,317.0
60,14,0,1098.0,351.0
60,14,1,1083.0,317.0
60,14,2,1116.0,301.0
60,14,3,1132.0,335.0
60,24,0,1200.0,303.0
60,24,1,1184.0,270.0
60,24,2,1216.0,255.0
60,24,3,1235.0,288.0
60,34,0,1302.0,259.0
60,34,1,1285.0,226.0
60,34,2,1318.0,212.0
60,34,3,1335.0,245.0
60,4,0,999.0,399.0
60,4,1,985.0,366.0
60,4,2,1018.0,350.0
60,4,3,1033.0,382.0
61,21,0,1393.0,625.0
61,21,1,1378.0,585.0
61,21,2,1417.0,569.0
61,21,3,1432.0,609.0
61,17,0,1318.0,591.0
61,17,1,1302.0,551.0
61,17,2,1340.0,535.0
61,17,3,1356.0,575.0
61,36,0,1571.0,616.0
61,36,1,1558.0,575.0
61,36,2,1596.0,560.0
61,36,3,1609.0,601.0
61,16,0,1358.0,702.0
61,16,1,1344.0,663.0
61,16,2,1384.0,648.0
61,16,3,1397.0,688.0
61,37,0,1530.0,501.0
61,37,1,1514.0,461.0
61,37,2,1551.0,445.0
61,37,3,1568.0,484.0
61,31,0,1499.0,580.0
61,31,1,1484.0,541.0
61,31,2,1521.0,524.0
61,31,3,1537.0,565.0
61,11,0,1284.0,668.0
61,11,1,1270.0,629.0
61,11,2,1309.0,614.0
61,11,3,1323.0,654.0
61,22,0,1348.0,511.0
61,22,1,1333.0,472.0
61,22,2,1370.0,456.0
61,22,3,1387.0,495.0
61,27,0,1425.0,545.0
61,27,1,1410.0,505.0
61,27,2,1447.0,490.0
61,27,3,1463.0,530.0
61,12,0,1241.0,557.0
61,12,1,1225.0,519.0
61,12,2,1262.0,502.0
61,12,3,1279.0,542.0
61,26,0,1466.0,659.0
61,26,1,1453.0,619.0
61,26,2,1491.0,604.0
61,26,3,1504.0,644.0
61,20,0,1431.0,736.0
61,20,1,1418.0,697.0
61,20,2,1457.0,682.0
61,20,3,1470.0,721.0
61,18,0,1271.0,479.0
61,18,1,1255.0,441.0
61,18,2,1291.0,424.0
61,18,3,1309.0,463.0
61,30,0,1537.0,694.0
61,30,1,1524.0,654.0
61,30,2,1562.0,639.0
61,30,3,1574.0,679.0
61,32,0,1455.0,466.0
61,32,1,1438.0,427.0
61,32,2,1475.0,411.0
61,32,3,1491.0,450.0
61,7,0,1210.0,634.0
61,7,1,1195.0,596.0
61,7,2,1231.0,580.0
61,7,3,1248.0,619.0
61,28,0,1378.0,432.0
61,28,1,1361.0,394.0
61,28,2,1397.0,378.0
61,28,3,1415.0,416.0
61,10,0,1324.0,777.0
61,10,1,1310.0,739.0
61,10,2,1349.0,725.0
61,10,3,1362.0,764.0
61,6,0,1251.0,742.0
61,6,1,1237.0,704.0
61,6,2,1275.0,690.0
61,6,3,1289.0,729.0
61,23,0,1300.0,400.0
61,23,1,1283.0,363.0
61,23,2,1319.0,347.0
61,23,3,1337.0,384.0
61,15,0,1394.0,811.0
61,15,1,1383.0,773.0
61,15,2,1421.0,759.0
61,15,3,1433.0,797.0
61,25,0,1500.0,769.0
61,25,1,1489.0,732.0
61,25,2,1527.0,716.0
61,25,3,1538.0,755.0
61,8,0,1165.0,525.0
61,8,1,1150.0,488.0
61,8,2,1186.0,472.0
61,8,3,1202.0,510.0
61,38,0,1482.0,386.0
61,38,1,1465.0,348.0
61,38,2,1500.0,333.0
61,38,3,1518.0,370.0
61,1,0,1178.0,707.0
61,1,1,1164.0,670.0
61,1,2,1201.0,656.0
61,1,3,1216.0,694.0
61,2,0,1136.0,601.0
61,2,1,1122.0,563.0
61,2,2,1157.0,548.0
61,2,3,1173.0,586.0
61,35,0,1605.0,728.0
61,35,1,1594.0,689.0
61,35,2,1631.0,674.0
61,35,3,1641.0,712.0
61,13,0,1195.0,448.0
61,13,1,1179.0,411.0
61,13,2,1214.0,395.0
61,13,3,1231.0,432.0
61,33,0,1404.0,354.0
61,33,1,1387.0,317.0
61,33,2,1422.0,302.0
61,33,3,1440.0,338.0
61,19,0,1223.0,371.0
61,19,1,1206.0,335.0
61,19,2,1240.0,318.0
61,19,3,1258.0,355.0
61,29,0,1327.0,323.0
61,29,1,1309.0,287.0
61,29,2,1343.0,272.0
61,29,3,1362.0,307.0
61,5,0,1288.0,845.0
61,5,1,1275.0,810.0
61,5,2,1313.0,797.0
61,5,3,1326.0,833.0
61,0,0,1218.0,811.0
61,0,1,1204.0,776.0
61,0,2,1242.0,763.0
61,0,3,1255.0,799.0
61,9,0,1119.0,419.0
61,9,1,1105.0,384.0
61,9,2,1139.0,368.0
61,9,3,1155.0,403.0
61,3,0,1093.0,495.0
61,3,1,1079.0,459.0
61,3,2,1111.0,443.0
61,3,3,1127.0,480.0
61,24,0,1249.0,295.0
61,24,1,1232.0,261.0
61,24,2,1266.0,245.0
61,24,3,1283.0,279.0
61,14,0,1146.0,344.0
61,14,1,1131.0,310.0
61,14,2,1165.0,294.0
61,14,3,1181.0,327.0
61,34,0,1351.0,248.0
61,34,1,1333.0,213.0
61,34,2,1365.0,199.0
61,34,3,1384.0,233.0
61,4,0,1049.0,394.0
61,4,1,1034.0,361.0
61,4,2,1066.0,344.0
61,4,3,1082.0,377.0
62,39,0,1088.0,292.0
62,39,1,1070.0,269.0
62,39,2,1096.0,255.0
62,39,3,1113.0,279.0
62,34,0,1024.0,277.0
62,34,1,1007.0,254.0
62,34,2,1031.0,241.0
62,34,3,1049.0,265.0
62,33,0,1076.0,343.0
62,33,1,1059.0,320.0
62,33,2,1084.0,308.0
62,33,3,1100.0,330.0
62,38,0,1134.0,357.0
62,38,1,1120.0,335.0
62,38,2,1146.0,323.0
62,38,3,1160.0,345.0
62,29,0,1015.0,327.0
62,29,1,999.0,305.0
62,29,2,1023.0,294.0
62,29,3,1039.0,316.0
62,32,0,1120.0,403.0
62,32,1,1106.0,383.0
62,32,2,1130.0,372.0
62,32,3,1145.0,392.0
62,19,0,951.0,361.0
62,19,1,934.0,340.0
62,19,2,955.0,328.0
62,19,3,972.0,349.0
62,28,0,1064.0,388.0
62,28,1,1049.0,368.0
62,28,2,1072.0,358.0
62,28,3,1087.0,379.0
62,37,0,1177.0,417.0
62,37,1,1164.0,397.0
62,37,2,1189.0,388.0
62,37,3,1201.0,410.0
62,23,0,1007.0,373.0
62,23,1,992.0,352.0
62,23,2,1014.0,343.0
62,23,3,1029.0,364.0
62,14,0,893.0,349.0
62,14,1,877.0,330.0
62,14,2,897.0,318.0
62,14,3,914.0,338.0
62,18,0,999.0,417.0
62,18,1,984.0,398.0
62,18,2,1006.0,388.0
62,18,3,1021.0,407.0
62,13,0,945.0,405.0
62,13,1,929.0,386.0
62,13,2,949.0,376.0
62,13,3,965.0,396.0
62,22,0,1053.0,429.0
62,22,1,1039.0,411.0
62,22,2,1061.0,402.0
62,22,3,1076.0,420.0
62,31,0,1161.0,459.0
62,31,1,1149.0,441.0
62,31,2,1172.0,432.0
62,31,3,1184.0,451.0
62,27,0,1107.0,444.0
62,27,1,1094.0,426.0
62,27,2,1117.0,418.0
62,27,3,1130.0,436.0
62,36,0,1214.0,474.0
62,36,1,1203.0,456.0
62,36,2,1227.0,448.0
62,36,3,1238.0,466.0
62,9,0,892.0,393.0
62,9,1,875.0,374.0
62,9,2,893.0,364.0
62,9,3,910.0,383.0
62,21,0,1096.0,482.0
62,21,1,1083.0,464.0
62,21,2,1104.0,456.0
62,21,3,1118.0,474.0
62,12,0,991.0,457.0
62,12,1,978.0,440.0
62,12,2,997.0,431.0
62,12,3,1011.0,448.0
62,17,0,1044.0,469.0
62,17,1,1030.0,452.0
62,17,2,1051.0,443.0
62,17,3,1065.0,460.0
62,4,0,840.0,380.0
62,4,1,823.0,363.0
62,4,2,839.0,352.0
62,4,3,857.0,370.0
62,8,0,939.0,444.0
62,8,1,925.0,427.0
62,8,2,943.0,419.0
62,8,3,959.0,436.0
62,26,0,1147.0,496.0
62,26,1,1135.0,480.0
62,26,2,1156.0,472.0
62,26,3,1169.0,488.0
62,35,0,1247.0,525.0
62,35,1,1238.0,508.0
62,35,2,1260.0,502.0
62,35,3,1270.0,518.0
62,30,0,1197.0,510.0
62,30,1,1187.0,494.0
62,30,2,1209.0,487.0
62,30,3,1219.0,504.0
62,11,0,1035.0,506.0
62,11,1,1022.0,490.0
62,11,2,1041.0,482.0
62,11,3,1055.0,498.0
62,2,0,935.0,480.0
62,2,1,921.0,465.0
62,2,2,940.0,457.0
62,2,3,954.0,473.0
62,20,0,1134.0,531.0
62,20,1,1123.0,515.0
62,20,2,1143.0,508.0
62,20,3,1155.0,524.0
62,25,0,1183.0,545.0
62,25,1,1172.0,529.0
62,25,2,1193.0,522.0
62,25,3,1203.0,538.0
62,16,0,1085.0,518.0
62,16,1,1074.0,502.0
62,16,2,1092.0,495.0
62,16,3,1104.0,511.0
62,10,0,1074.0,553.0
62,10,1,1062.0,537.0
62,10,2,1081.0,530.0
62,10,3,1093.0,546.0
62,7,0,985.0,493.0
62,7,1,972.0,477.0
62,7,2,990.0,470.0
62,7,3,1003.0,486.0
62,1,0,979.0,526.0
62,1,1,966.0,511.0
62,1,2,983.0,505.0
62,1,3,997.0,520.0
62,5,0,1064.0,582.0
62,5,1,1052.0,569.0
62,5,2,1071.0,564.0
62,5,3,1082.0,578.0
62,0,0,1019.0,570.0
62,0,1,1007.0,556.0
62,0,2,1024.0,551.0
62,0,3,1036.0,565.0
62,3,0,889.0,431.0
62,3,1,873.0,414.0
62,3,2,890.0,405.0
62,3,3,907.0,423.0
62,6,0,1026.0,539.0
62,6,1,1013.0,524.0
62,6,2,1032.0,517.0
62,6,3,1045.0,533.0
62,15,0,1122.0,565.0
62,15,1,1109.0,550.0
62,15,2,1129.0,543.0
62,15,3,1141.0,558.0
62,24,0,956.0,312.0
62,24,1,940.0,290.0
62,24,2,960.0,279.0
62,24,3,978.0,302.0
63,34,0,884.0,361.0
63,34,1,857.0,348.0
63,34,2,876.0,328.0
63,34,3,903.0,342.0
63,39,0,949.0,351.0
63,39,1,924.0,338.0
63,39,2,944.0,318.0
63,39,3,969.0,331.0
63,29,0,890.0,407.0
63,29,1,867.0,395.0
63,29,2,885.0,376.0
63,29,3,910.0,389.0
63,33,0,954.0,399.0
63,33,1,930.0,387.0
63,33,2,950.0,367.0
63,33,3,972.0,379.0
63,38,0,1013.0,390.0
63,38,1,994.0,376.0
63,38,2,1014.0,358.0
63,38,3,1035.0,371.0
63,24,0,828.0,414.0
63,24,1,804.0,403.0
63,24,2,820.0,385.0
63,24,3,846.0,397.0
63,19,0,840.0,456.0
63,19,1,815.0,446.0
63,19,2,831.0,428.0
63,19,3,855.0,438.0
63,32,0,1014.0,433.0
63,32,1,995.0,422.0
63,32,2,1016.0,405.0
63,32,3,1035.0,416.0
63,14,0,781.0,467.0
63,14,1,757.0,457.0
63,14,2,771.0,440.0
63,14,3,796.0,450.0
63,28,0,957.0,440.0
63,28,1,936.0,429.0
63,28,2,954.0,413.0
63,28,3,976.0,424.0
63,23,0,899.0,446.0
63,23,1,875.0,436.0
63,23,2,893.0,420.0
63,23,3,915.0,431.0
63,18,0,904.0,486.0
63,18,1,883.0,476.0
63,18,2,899.0,459.0
63,18,3,921.0,470.0
63,37,0,1074.0,424.0
63,37,1,1055.0,414.0
63,37,2,1074.0,398.0
63,37,3,1094.0,410.0
63,22,0,961.0,476.0
63,22,1,939.0,466.0
63,22,2,957.0,452.0
63,22,3,978.0,462.0
63,13,0,849.0,494.0
63,13,1,827.0,486.0
63,13,2,842.0,470.0
63,13,3,864.0,479.0
63,4,0,739.0,509.0
63,4,1,715.0,500.0
63,4,2,728.0,487.0
63,4,3,752.0,496.0
63,31,0,1070.0,464.0
63,31,1,1054.0,454.0
63,31,2,1073.0,439.0
63,31,3,1090.0,450.0
63,27,0,1016.0,470.0
63,27,1,997.0,460.0
63,27,2,1017.0,447.0
63,27,3,1034.0,457.0
63,21,0,1016.0,505.0
63,21,1,998.0,495.0
63,21,2,1016.0,481.0
63,21,3,1033.0,491.0
63,17,0,963.0,512.0
63,17,1,945.0,504.0
63,17,2,960.0,489.0
63,17,3,980.0,498.0
63,8,0,858.0,527.0
63,8,1,836.0,519.0
63,8,2,851.0,506.0
63,8,3,872.0,515.0
63,26,0,1069.0,497.0
63,26,1,1052.0,489.0
63,26,2,1069.0,476.0
63,26,3,1086.0,484.0
63,3,0,805.0,533.0
63,3,1,783.0,525.0
63,3,2,795.0,514.0
63,3,3,817.0,522.0
63,30,0,1120.0,491.0
63,30,1,1105.0,482.0
63,30,2,1123.0,470.0
63,30,3,1139.0,479.0
63,2,0,864.0,557.0
63,2,1,845.0,549.0
63,2,2,859.0,537.0
63,2,3,878.0,544.0
63,10,0,1016.0,567.0
63,10,1,1001.0,559.0
63,10,2,1017.0,547.0
63,10,3,1032.0,555.0
63,1,0,920.0,578.0
63,1,1,902.0,571.0
63,1,2,916.0,561.0
63,1,3,934.0,567.0
63,5,0,1017.0,593.0
63,5,1,1002.0,587.0
63,5,2,1017.0,577.0
63,5,3,1031.0,584.0
63,6,0,968.0,573.0
63,6,1,951.0,566.0
63,6,2,967.0,554.0
63,6,3,983.0,561.0
63,7,0,916.0,550.0
63,7,1,896.0,543.0
63,7,2,911.0,531.0
63,7,3,930.0,538.0
63,9,0,794.0,502.0
63,9,1,770.0,493.0
63,9,2,785.0,479.0
63,9,3,807.0,488.0
63,11,0,967.0,543.0
63,11,1,948.0,536.0
63,11,2,963.0,524.0
63,11,3,982.0,531.0
63,12,0,911.0,520.0
63,12,1,891.0,513.0
63,12,2,905.0,498.0
63,12,3,925.0,506.0
63,15,0,1066.0,560.0
63,15,1,1050.0,553.0
63,15,2,1064.0,542.0
63,15,3,1080.0,548.0
63,16,0,1016.0,537.0
63,16,1,1000.0,529.0
63,16,2,1016.0,516.0
63,16,3,1033.0,524.0
63,20,0,1067.0,530.0
63,20,1,1051.0,522.0
63,20,2,1068.0,509.0
63,20,3,1083.0,518.0
63,25,0,1117.0,523.0
63,25,1,1102.0,516.0
63,25,2,1118.0,503.0
63,25,3,1133.0,511.0
63,35,0,1172.0,485.0
63,35,1,1157.0,478.0
63,35,2,1176.0,465.0
63,35,3,1189.0,473.0
64,35,0,1382.0,1075.0
64,35,1,1376.0,1042.0
64,35,2,1416.0,1033.0
64,35,3,1424.0,1068.0
64,25,0,1258.0,1099.0
64,25,1,1256.0,1066.0
64,25,2,1298.0,1058.0
64,25,3,1301.0,1091.0
64,15,0,1137.0,1116.0
64,15,1,1139.0,1084.0
64,15,2,1180.0,1079.0
64,15,3,1179.0,1112.0
64,5,0,1020.0,1123.0
64,5,1,1026.0,1092.0
64,5,2,1065.0,1090.0
64,5,3,1060.0,1120.0
64,20,0,1198.0,1063.0
64,20,1,1198.0,1033.0
64,20,2,1237.0,1026.0
64,20,3,1238.0,1055.0
64,30,0,1314.0,1040.0
64,30,1,1311.0,1012.0
64,30,2,1350.0,1003.0
64,30,3,1355.0,1032.0
64,10,0,1084.0,1075.0
64,10,1,1088.0,1046.0
64,10,2,1126.0,1043.0
64,10,3,1123.0,1072.0
64,26,0,1253.0,1009.0
64,26,1,1251.0,982.0
64,26,2,1289.0,976.0
64,26,3,1291.0,1003.0
64,36,0,1364.0,985.0
64,36,1,1359.0,960.0
64,36,2,1396.0,950.0
64,36,3,1403.0,976.0
64,0,0,976.0,1083.0
64,0,1,983.0,1055.0
64,0,2,1019.0,1052.0
64,0,3,1013.0,1080.0
64,16,0,1144.0,1028.0
64,16,1,1146.0,1001.0
64,16,2,1182.0,995.0
64,16,3,1181.0,1023.0
64,6,0,1037.0,1039.0
64,6,1,1043.0,1012.0
64,6,2,1078.0,1009.0
64,6,3,1074.0,1035.0
64,21,0,1198.0,980.0
64,21,1,1199.0,955.0
64,21,2,1233.0,949.0
64,21,3,1235.0,973.0
64,31,0,1303.0,960.0
64,31,1,1300.0,937.0
64,31,2,1336.0,930.0
64,31,3,1340.0,952.0
64,11,0,1095.0,995.0
64,11,1,1099.0,970.0
64,11,2,1132.0,966.0
64,11,3,1131.0,991.0
64,1,0,997.0,1007.0
64,1,1,1004.0,983.0
64,1,2,1035.0,979.0
64,1,3,1030.0,1003.0
64,27,0,1248.0,934.0
64,27,1,1246.0,912.0
64,27,2,1280.0,907.0
64,27,3,1282.0,929.0
64,17,0,1148.0,953.0
64,17,1,1151.0,930.0
64,17,2,1183.0,925.0
64,17,3,1182.0,947.0
64,7,0,1051.0,966.0
64,7,1,1055.0,944.0
64,7,2,1087.0,939.0
64,7,3,1083.0,962.0
64,37,0,1349.0,914.0
64,37,1,1344.0,893.0
64,37,2,1376.0,884.0
64,37,3,1382.0,904.0
64,32,0,1293.0,892.0
64,32,1,1290.0,872.0
64,32,2,1322.0,865.0
64,32,3,1326.0,886.0
64,12,0,1103.0,927.0
64,12,1,1106.0,905.0
64,12,2,1137.0,902.0
64,12,3,1136.0,922.0
64,22,0,1197.0,911.0
64,22,1,1199.0,890.0
64,22,2,1229.0,884.0
64,22,3,1230.0,904.0
64,2,0,1013.0,939.0
64,2,1,1018.0,919.0
64,2,2,1047.0,915.0
64,2,3,1043.0,936.0
64,18,0,1151.0,888.0
64,18,1,1152.0,870.0
64,18,2,1183.0,865.0
64,18,3,1183.0,884.0
64,28,0,1242.0,871.0
64,28,1,1241.0,853.0
64,28,2,1271.0,847.0
64,28,3,1273.0,866.0
64,8,0,1062.0,902.0
64,8,1,1065.0,884.0
64,8,2,1095.0,879.0
64,8,3,1092.0,898.0
64,33,0,1283.0,834.0
64,33,1,1280.0,817.0
64,33,2,1310.0,812.0
64,33,3,1314.0,828.0
64,23,0,1196.0,853.0
64,23,1,1196.0,836.0
64,23,2,1225.0,830.0
64,23,3,1226.0,846.0
64,13,0,1109.0,867.0
64,13,1,1111.0,851.0
64,13,2,1140.0,846.0
64,13,3,1139.0,863.0
64,39,0,1321.0,798.0
64,39,1,1317.0,782.0
64,39,2,1344.0,776.0
64,39,3,1350.0,792.0
64,29,0,1237.0,818.0
64,29,1,1235.0,802.0
64,29,2,1263.0,796.0
64,29,3,1265.0,812.0
64,3,0,1027.0,882.0
64,3,1,1031.0,865.0
64,3,2,1057.0,860.0
64,3,3,1054.0,877.0
64,24,0,1194.0,803.0
64,24,1,1194.0,789.0
64,24,2,1220.0,783.0
64,24,3,1222.0,796.0
64,34,0,1274.0,784.0
64,34,1,1272.0,770.0
64,34,2,1298.0,764.0
64,34,3,1301.0,778.0
64,4,0,1038.0,833.0
64,4,1,1041.0,818.0
64,4,2,1066.0,813.0
64,4,3,1064.0,827.0
64,9,0,1072.0,848.0
64,9,1,1074.0,833.0
64,9,2,1101.0,828.0
64,9,3,1099.0,844.0
64,14,0,1115.0,817.0
64,14,1,1116.0,802.0
64,14,2,1142.0,798.0
64,14,3,1142.0,813.0
64,19,0,1153.0,834.0
64,19,1,1154.0,819.0
64,19,2,1182.0,814.0
64,19,3,1182.0,830.0
64,38,0,1334.0,851.0
64,38,1,1330.0,833.0
64,38,2,1360.0,827.0
64,38,3,1365.0,846.0
65,35,0,1128.0,1116.0
65,35,1,1144.0,1080.0
65,35,2,1193.0,1087.0
65,35,3,1179.0,1125.0
65,25,0,991.0,1094.0
65,25,1,1012.0,1063.0
65,25,2,1055.0,1069.0
65,25,3,1036.0,1101.0
65,30,0,1084.0,1058.0
65,30,1,1100.0,1031.0
65,30,2,1144.0,1034.0
65,30,3,1130.0,1063.0
65,15,0,873.0,1072.0
65,15,1,896.0,1046.0
65,15,2,935.0,1052.0
65,15,3,912.0,1081.0
65,36,0,1171.0,1020.0
65,36,1,1183.0,996.0
65,36,2,1227.0,998.0
65,36,3,1217.0,1025.0
65,20,0,962.0,1043.0
65,20,1,982.0,1017.0
65,20,2,1021.0,1020.0
65,20,3,1003.0,1047.0
65,26,0,1047.0,1011.0
65,26,1,1064.0,987.0
65,26,2,1103.0,992.0
65,26,3,1089.0,1016.0
65,5,0,771.0,1042.0
65,5,1,796.0,1019.0
65,5,2,829.0,1028.0
65,5,3,805.0,1051.0
65,10,0,855.0,1022.0
65,10,1,877.0,999.0
65,10,2,912.0,1007.0
65,10,3,891.0,1030.0
65,16,0,937.0,999.0
65,16,1,956.0,976.0
65,16,2,992.0,979.0
65,16,3,974.0,1003.0
65,31,0,1129.0,982.0
65,31,1,1141.0,960.0
65,31,2,1181.0,962.0
65,31,3,1169.0,984.0
65,21,0,1016.0,970.0
65,21,1,1032.0,950.0
65,21,2,1069.0,952.0
65,21,3,1054.0,974.0
65,27,0,1092.0,944.0
65,27,1,1104.0,924.0
65,27,2,1141.0,927.0
65,27,3,1129.0,948.0
65,6,0,840.0,979.0
65,6,1,860.0,960.0
65,6,2,892.0,965.0
65,6,3,872.0,986.0
65,0,0,763.0,998.0
65,0,1,785.0,978.0
65,0,2,815.0,984.0
65,0,3,792.0,1005.0
65,11,0,916.0,958.0
65,11,1,934.0,939.0
65,11,2,967.0,943.0
65,11,3,950.0,963.0
65,37,0,1204.0,952.0
65,37,1,1213.0,932.0
65,37,2,1251.0,932.0
65,37,3,1244.0,950.0
65,32,0,1163.0,919.0
65,32,1,1173.0,900.0
65,32,2,1208.0,901.0
65,32,3,1200.0,921.0
65,7,0,897.0,924.0
65,7,1,916.0,907.0
65,7,2,945.0,910.0
65,7,3,928.0,928.0
65,17,0,991.0,936.0
65,17,1,1006.0,917.0
65,17,2,1037.0,920.0
65,17,3,1024.0,938.0
65,1,0,827.0,944.0
65,1,1,847.0,927.0
65,1,2,875.0,930.0
65,1,3,857.0,948.0
65,38,0,1229.0,892.0
65,38,1,1236.0,875.0
65,38,2,1271.0,876.0
65,38,3,1265.0,895.0
65,22,0,1061.0,912.0
65,22,1,1073.0,895.0
65,22,2,1106.0,896.0
65,22,3,1095.0,913.0
65,12,0,966.0,903.0
65,12,1,983.0,886.0
65,12,2,1012.0,890.0
65,12,3,998.0,906.0
65,28,0,1128.0,888.0
65,28,1,1137.0,872.0
65,28,2,1170.0,873.0
65,28,3,1161.0,890.0
65,33,0,1190.0,866.0
65,33,1,1197.0,850.0
65,33,2,1230.0,851.0
65,33,3,1224.0,867.0
65,18,0,1033.0,882.0
65,18,1,1045.0,868.0
65,18,2,1075.0,870.0
65,18,3,1065.0,885.0
65,2,0,882.0,894.0
65,2,1,900.0,879.0
65,2,2,926.0,883.0
65,2,3,911.0,897.0
65,23,0,1097.0,862.0
65,23,1,1106.0,848.0
65,23,2,1137.0,848.0
65,23,3,1127.0,862.0
65,29,0,1156.0,841.0
65,29,1,1164.0,827.0
65,29,2,1194.0,828.0
65,29,3,1187.0,842.0
65,3,0,930.0,852.0
65,3,1,944.0,839.0
65,3,2,967.0,842.0
65,3,3,956.0,853.0
65,14,0,1046.0,817.0
65,14,1,1055.0,805.0
65,14,2,1081.0,806.0
65,14,3,1071.0,818.0
65,24,0,1126.0,819.0
65,24,1,1134.0,808.0
65,24,2,1162.0,808.0
65,24,3,1154.0,819.0
65,34,0,1212.0,821.0
65,34,1,1218.0,808.0
65,34,2,1247.0,807.0
65,34,3,1243.0,820.0
65,39,0,1248.0,843.0
65,39,1,1253.0,828.0
65,39,2,1285.0,828.0
65,39,3,1280.0,843.0
66,25,0,1200.0,929.0
66,25,1,1204.0,903.0
66,25,2,1244.0,909.0
66,25,3,1242.0,935.0
66,35,0,1320.0,947.0
66,35,1,1319.0,920.0
66,35,2,1356.0,925.0
66,35,3,1358.0,954.0
66,15,0,1082.0,909.0
66,15,1,1089.0,885.0
66,15,2,1128.0,893.0
66,15,3,1123.0,917.0
66,5,0,967.0,882.0
66,5,1,978.0,859.0
66,5,2,1016.0,867.0
66,5,3,1006.0,890.0
66,20,0,1149.0,885.0
66,20,1,1153.0,864.0
66,20,2,1192.0,867.0
66,20,3,1188.0,889.0
66,30,0,1263.0,901.0
66,30,1,1262.0,879.0
66,30,2,1300.0,883.0
66,30,3,1300.0,906.0
66,10,0,1038.0,861.0
66,10,1,1046.0,841.0
66,10,2,1082.0,849.0
66,10,3,1076.0,870.0
66,26,0,1210.0,859.0
66,26,1,1212.0,839.0
66,26,2,1247.0,846.0
66,26,3,1246.0,866.0
66,16,0,1103.0,843.0
66,16,1,1109.0,824.0
66,16,2,1144.0,830.0
66,16,3,1140.0,848.0
66,36,0,1317.0,874.0
66,36,1,1315.0,854.0
66,36,2,1349.0,857.0
66,36,3,1352.0,878.0
66,6,0,999.0,819.0
66,6,1,1008.0,803.0
66,6,2,1042.0,810.0
66,6,3,1034.0,828.0
66,21,0,1164.0,823.0
66,21,1,1166.0,805.0
66,21,2,1200.0,809.0
66,21,3,1198.0,827.0
66,31,0,1263.0,839.0
66,31,1,1264.0,821.0
66,31,2,1297.0,826.0
66,31,3,1298.0,843.0
66,1,0,965.0,786.0
66,1,1,975.0,770.0
66,1,2,1006.0,775.0
66,1,3,998.0,791.0
66,17,0,1120.0,789.0
66,17,1,1124.0,773.0
66,17,2,1156.0,778.0
66,17,3,1153.0,793.0
66,27,0,1217.0,803.0
66,27,1,1218.0,786.0
66,27,2,1249.0,792.0
66,27,3,1249.0,808.0
66,32,0,1264.0,786.0
66,32,1,1265.0,772.0
66,32,2,1294.0,776.0
66,32,3,1295.0,792.0
66,22,0,1173.0,772.0
66,22,1,1175.0,758.0
66,22,2,1206.0,761.0
66,22,3,1204.0,775.0
66,0,0,931.0,838.0
66,0,1,944.0,819.0
66,0,2,978.0,826.0
66,0,3,968.0,845.0
66,2,0,992.0,739.0
66,2,1,1000.0,727.0
66,2,2,1029.0,732.0
66,2,3,1023.0,745.0
66,3,0,1016.0,702.0
66,3,1,1022.0,691.0
66,3,2,1049.0,694.0
66,3,3,1043.0,705.0
66,7,0,1025.0,769.0
66,7,1,1032.0,755.0
66,7,2,1064.0,760.0
66,7,3,1057.0,775.0
66,11,0,1062.0,804.0
66,11,1,1068.0,788.0
66,11,2,1102.0,794.0
66,11,3,1096.0,811.0
66,12,0,1082.0,755.0
66,12,1,1086.0,743.0
66,12,2,1117.0,748.0
66,12,3,1113.0,761.0
66,13,0,1097.0,714.0
66,13,1,1102.0,704.0
66,13,2,1129.0,708.0
66,13,3,1126.0,720.0
66,23,0,1181.0,730.0
66,23,1,1183.0,718.0
66,23,2,1211.0,721.0
66,23,3,1210.0,732.0
66,28,0,1222.0,756.0
66,28,1,1222.0,743.0
66,28,2,1251.0,747.0
66,28,3,1251.0,760.0
66,29,0,1225.0,716.0
66,29,1,1226.0,705.0
66,29,2,1252.0,709.0
66,29,3,1252.0,720.0
66,34,0,1265.0,704.0
66,34,1,1265.0,695.0
66,34,2,1288.0,697.0
66,34,3,1291.0,707.0
66,37,0,1312.0,819.0
66,37,1,1311.0,803.0
66,37,2,1342.0,806.0
66,37,3,1345.0,820.0
66,38,0,1309.0,771.0
66,38,1,1308.0,756.0
66,38,2,1334.0,761.0
66,38,3,1337.0,775.0
67,34,0,1018.0,277.0
67,34,1,997.0,259.0
67,34,2,1025.0,240.0
67,34,3,1046.0,259.0
67,39,0,1088.0,273.0
67,39,1,1070.0,256.0
67,39,2,1098.0,237.0
67,39,3,1116.0,255.0
67,24,0,940.0,329.0
67,24,1,918.0,313.0
67,24,2,945.0,296.0
67,24,3,966.0,312.0
67,29,0,1008.0,325.0
67,29,1,990.0,310.0
67,29,2,1017.0,293.0
67,29,3,1036.0,309.0
67,33,0,1075.0,323.0
67,33,1,1058.0,309.0
67,33,2,1086.0,290.0
67,33,3,1103.0,304.0
67,19,0,938.0,376.0
67,19,1,916.0,363.0
67,19,2,941.0,344.0
67,19,3,961.0,357.0
67,14,0,873.0,383.0
67,14,1,849.0,372.0
67,14,2,871.0,353.0
67,14,3,895.0,366.0
67,38,0,1138.0,319.0
67,38,1,1124.0,304.0
67,38,2,1151.0,287.0
67,38,3,1165.0,302.0
67,23,0,1003.0,368.0
67,23,1,983.0,357.0
67,23,2,1006.0,341.0
67,23,3,1026.0,353.0
67,9,0,872.0,423.0
67,9,1,851.0,412.0
67,9,2,872.0,397.0
67,9,3,893.0,407.0
67,4,0,810.0,427.0
67,4,1,786.0,417.0
67,4,2,806.0,403.0
67,4,3,829.0,413.0
67,13,0,936.0,416.0
67,13,1,915.0,406.0
67,13,2,936.0,391.0
67,13,3,957.0,402.0
67,18,0,994.0,410.0
67,18,1,978.0,399.0
67,18,2,1001.0,383.0
67,18,3,1016.0,395.0
67,32,0,1124.0,363.0
67,32,1,1110.0,351.0
67,32,2,1136.0,335.0
67,32,3,1149.0,348.0
67,37,0,1182.0,359.0
67,37,1,1169.0,346.0
67,37,2,1194.0,332.0
67,37,3,1207.0,346.0
67,22,0,1055.0,403.0
67,22,1,1037.0,392.0
67,22,2,1060.0,379.0
67,22,3,1077.0,390.0
67,3,0,873.0,456.0
67,3,1,852.0,447.0
67,3,2,872.0,434.0
67,3,3,893.0,444.0
67,8,0,933.0,451.0
67,8,1,912.0,442.0
67,8,2,934.0,429.0
67,8,3,952.0,439.0
67,27,0,1113.0,400.0
67,27,1,1098.0,391.0
67,27,2,1120.0,377.0
67,27,3,1135.0,387.0
67,17,0,1046.0,440.0
67,17,1,1030.0,431.0
67,17,2,1051.0,417.0
67,17,3,1066.0,426.0
67,7,0,983.0,478.0
67,7,1,966.0,469.0
67,7,2,988.0,457.0
67,7,3,1003.0,466.0
67,2,0,930.0,482.0
67,2,1,911.0,474.0
67,2,2,930.0,462.0
67,2,3,946.0,470.0
67,21,0,1100.0,435.0
67,21,1,1086.0,426.0
67,21,2,1107.0,412.0
67,21,3,1120.0,421.0
67,6,0,1029.0,502.0
67,6,1,1015.0,494.0
67,6,2,1034.0,483.0
67,6,3,1048.0,491.0
67,1,0,978.0,506.0
67,1,1,963.0,498.0
67,1,2,982.0,488.0
67,1,3,996.0,495.0
67,0,0,1024.0,527.0
67,0,1,1008.0,521.0
67,0,2,1026.0,512.0
67,0,3,1039.0,518.0
67,11,0,1038.0,472.0
67,11,1,1021.0,464.0
67,11,2,1043.0,452.0
67,11,3,1057.0,460.0
67,12,0,990.0,447.0
67,12,1,972.0,437.0
67,12,2,992.0,423.0
67,12,3,1011.0,432.0
67,16,0,1089.0,467.0
67,16,1,1076.0,459.0
67,16,2,1095.0,447.0
67,16,3,1108.0,455.0
67,26,0,1153.0,430.0
67,26,1,1140.0,422.0
67,26,2,1161.0,410.0
67,26,3,1173.0,419.0
67,28,0,1067.0,365.0
67,28,1,1048.0,354.0
67,28,2,1073.0,338.0
67,28,3,1090.0,351.0
67,31,0,1167.0,399.0
67,31,1,1155.0,389.0
67,31,2,1178.0,374.0
67,31,3,1190.0,385.0
67,36,0,1219.0,396.0
67,36,1,1208.0,385.0
67,36,2,1231.0,372.0
67,36,3,1241.0,384.0
68,35,0,1159.0,724.0
68,35,1,1159.0,690.0
68,35,2,1187.0,688.0
68,35,3,1189.0,723.0
68,36,0,1157.0,627.0
68,36,1,1156.0,595.0
68,36,2,1184.0,590.0
68,36,3,1185.0,623.0
68,30,0,1117.0,679.0
68,30,1,1117.0,648.0
68,30,2,1144.0,644.0
68,30,3,1144.0,677.0
68,25,0,1078.0,729.0
68,25,1,1078.0,697.0
68,25,2,1103.0,695.0
68,25,3,1104.0,727.0
68,31,0,1116.0,587.0
68,31,1,1115.0,557.0
68,31,2,1142.0,552.0
68,31,3,1143.0,582.0
68,26,0,1078.0,638.0
68,26,1,1077.0,608.0
68,26,2,1103.0,603.0
68,26,3,1103.0,635.0
68,37,0,1155.0,535.0
68,37,1,1155.0,505.0
68,37,2,1181.0,499.0
68,37,3,1182.0,528.0
68,32,0,1114.0,500.0
68,32,1,1113.0,471.0
68,32,2,1139.0,465.0
68,32,3,1141.0,493.0
68,27,0,1077.0,549.0
68,27,1,1076.0,522.0
68,27,2,1101.0,517.0
68,27,3,1102.0,545.0
68,20,0,1042.0,687.0
68,20,1,1041.0,658.0
68,20,2,1064.0,654.0
68,20,3,1064.0,684.0
68,21,0,1041.0,599.0
68,21,1,1040.0,571.0
68,21,2,1065.0,566.0
68,21,3,1065.0,595.0
68,33,0,1110.0,417.0
68,33,1,1109.0,391.0
68,33,2,1134.0,384.0
68,33,3,1136.0,410.0
68,16,0,1005.0,647.0
68,16,1,1006.0,619.0
68,16,2,1029.0,615.0
68,16,3,1029.0,644.0
68,28,0,1075.0,467.0
68,28,1,1075.0,440.0
68,28,2,1099.0,434.0
68,28,3,1100.0,461.0
68,22,0,1040.0,516.0
68,22,1,1040.0,489.0
68,22,2,1064.0,483.0
68,22,3,1063.0,511.0
68,10,0,972.0,693.0
68,10,1,972.0,664.0
68,10,2,994.0,662.0
68,10,3,993.0,690.0
68,17,0,1007.0,564.0
68,17,1,1007.0,537.0
68,17,2,1029.0,532.0
68,17,3,1029.0,559.0
68,11,0,973.0,610.0
68,11,1,973.0,584.0
68,11,2,995.0,579.0
68,11,3,995.0,606.0
68,18,0,1007.0,485.0
68,18,1,1007.0,459.0
68,18,2,1028.0,453.0
68,18,3,1029.0,479.0
68,12,0,974.0,530.0
68,12,1,974.0,507.0
68,12,2,996.0,501.0
68,12,3,996.0,525.0
68,23,0,1039.0,437.0
68,23,1,1039.0,413.0
68,23,2,1061.0,406.0
68,23,3,1062.0,430.0
68,7,0,943.0,576.0
68,7,1,944.0,551.0
68,7,2,964.0,546.0
68,7,3,963.0,572.0
68,13,0,975.0,457.0
68,13,1,976.0,433.0
68,13,2,996.0,427.0
68,13,3,996.0,449.0
68,8,0,944.0,501.0
68,8,1,945.0,478.0
68,8,2,964.0,472.0
68,8,3,964.0,495.0
68,0,0,909.0,697.0
68,0,1,910.0,671.0
68,0,2,930.0,669.0
68,0,3,928.0,696.0
68,1,0,912.0,620.0
68,1,1,914.0,594.0
68,1,2,932.0,590.0
68,1,3,932.0,616.0
68,2,0,914.0,545.0
68,2,1,916.0,521.0
68,2,2,935.0,516.0
68,2,3,934.0,540.0
68,3,0,917.0,473.0
68,3,1,918.0,451.0
68,3,2,936.0,446.0
68,3,3,936.0,467.0
68,5,0,939.0,736.0
68,5,1,939.0,709.0
68,5,2,960.0,707.0
68,5,3,960.0,735.0
68,6,0,941.0,655.0
68,6,1,941.0,629.0
68,6,2,962.0,625.0
68,6,3,962.0,652.0
68,15,0,1004.0,733.0
68,15,1,1004.0,704.0
68,15,2,1028.0,702.0
68,15,3,1027.0,732.0
68,19,0,1007.0,410.0
68,19,1,1007.0,387.0
68,19,2,1027.0,381.0
68,19,3,1028.0,403.0
68,29,0,1073.0,389.0
68,29,1,1072.0,365.0
68,29,2,1095.0,358.0
68,29,3,1096.0,383.0
68,34,0,1107.0,341.0
68,34,1,1106.0,318.0
68,34,2,1127.0,310.0
68,34,3,1130.0,332.0
68,38,0,1151.0,448.0
68,38,1,1149.0,421.0
68,38,2,1176.0,414.0
68,38,3,1178.0,441.0
69,34,0,1002.0,278.0
69,34,1,979.0,262.0
69,34,2,1008.0,242.0
69,34,3,1030.0,258.0
69,39,0,1074.0,271.0
69,39,1,1054.0,255.0
69,39,2,1083.0,236.0
69,39,3,1101.0,252.0
69,24,0,926.0,331.0
69,24,1,902.0,319.0
69,24,2,925.0,300.0
69,24,3,951.0,313.0
69,29,0,996.0,325.0
69,29,1,974.0,312.0
69,29,2,998.0,294.0
69,29,3,1021.0,307.0
69,33,0,1062.0,320.0
69,33,1,1044.0,306.0
69,33,2,1071.0,287.0
69,33,3,1089.0,302.0
69,14,0,858.0,387.0
69,14,1,834.0,377.0
69,14,2,855.0,358.0
69,14,3,880.0,368.0
69,19,0,925.0,376.0
69,19,1,902.0,365.0
69,19,2,924.0,346.0
69,19,3,947.0,357.0
69,38,0,1126.0,313.0
69,38,1,1111.0,299.0
69,38,2,1137.0,281.0
69,38,3,1153.0,295.0
69,23,0,990.0,366.0
69,23,1,969.0,355.0
69,23,2,992.0,340.0
69,23,3,1013.0,351.0
69,9,0,862.0,423.0
69,9,1,837.0,415.0
69,9,2,858.0,400.0
69,9,3,881.0,408.0
69,13,0,924.0,415.0
69,13,1,902.0,406.0
69,13,2,924.0,390.0
69,13,3,945.0,400.0
69,28,0,1054.0,361.0
69,28,1,1035.0,350.0
69,28,2,1059.0,335.0
69,28,3,1077.0,346.0
69,32,0,1114.0,357.0
69,32,1,1098.0,345.0
69,32,2,1124.0,329.0
69,32,3,1138.0,340.0
69,4,0,797.0,431.0
69,4,1,773.0,422.0
69,4,2,792.0,408.0
69,4,3,815.0,416.0
69,18,0,985.0,406.0
69,18,1,966.0,398.0
69,18,2,987.0,380.0
69,18,3,1005.0,389.0
69,22,0,1044.0,397.0
69,22,1,1026.0,388.0
69,22,2,1049.0,374.0
69,22,3,1066.0,383.0
69,8,0,922.0,449.0
69,8,1,901.0,440.0
69,8,2,921.0,428.0
69,8,3,941.0,435.0
69,3,0,863.0,455.0
69,3,1,842.0,447.0
69,3,2,860.0,435.0
69,3,3,881.0,442.0
69,27,0,1102.0,392.0
69,27,1,1087.0,383.0
69,27,2,1109.0,370.0
69,27,3,1124.0,379.0
69,17,0,1036.0,433.0
69,17,1,1020.0,425.0
69,17,2,1040.0,411.0
69,17,3,1056.0,419.0
69,7,0,975.0,471.0
69,7,1,959.0,464.0
69,7,2,977.0,452.0
69,7,3,994.0,459.0
69,21,0,1092.0,425.0
69,21,1,1076.0,417.0
69,21,2,1096.0,404.0
69,21,3,1111.0,411.0
69,2,0,920.0,478.0
69,2,1,901.0,471.0
69,2,2,920.0,458.0
69,2,3,939.0,466.0
69,6,0,1022.0,492.0
69,6,1,1007.0,485.0
69,6,2,1026.0,474.0
69,6,3,1040.0,480.0
69,11,0,1030.0,463.0
69,11,1,1014.0,457.0
69,11,2,1032.0,445.0
69,11,3,1048.0,451.0
69,12,0,980.0,441.0
69,12,1,962.0,433.0
69,12,2,982.0,419.0
69,12,3,1000.0,427.0
69,15,0,1120.0,480.0
69,15,1,1109.0,474.0
69,15,2,1127.0,462.0
69,15,3,1138.0,468.0
69,16,0,1080.0,457.0
69,16,1,1067.0,450.0
69,16,2,1086.0,437.0
69,16,3,1100.0,444.0
69,26,0,1144.0,419.0
69,26,1,1131.0,412.0
69,26,2,1150.0,400.0
69,26,3,1164.0,407.0
69,31,0,1158.0,388.0
69,31,1,1144.0,379.0
69,31,2,1165.0,365.0
69,31,3,1180.0,375.0
69,36,0,1212.0,383.0
69,36,1,1199.0,374.0
69,36,2,1221.0,361.0
69,36,3,1233.0,370.0
69,37,0,1174.0,349.0
69,37,1,1158.0,339.0
69,37,2,1181.0,324.0
69,37,3,1197.0,336.0
70,25,0,1266.0,832.0
70,25,1,1264.0,807.0
70,25,2,1302.0,805.0
70,25,3,1305.0,831.0
70,5,0,1033.0,824.0
70,5,1,1040.0,801.0
70,5,2,1077.0,802.0
70,5,3,1072.0,825.0
70,20,0,1208.0,797.0
70,20,1,1209.0,774.0
70,20,2,1245.0,772.0
70,20,3,1246.0,795.0
70,10,0,1097.0,792.0
70,10,1,1101.0,772.0
70,10,2,1138.0,773.0
70,10,3,1135.0,794.0
70,30,0,1319.0,793.0
70,30,1,1317.0,772.0
70,30,2,1352.0,771.0
70,30,3,1355.0,793.0
70,16,0,1156.0,763.0
70,16,1,1158.0,745.0
70,16,2,1193.0,744.0
70,16,3,1192.0,764.0
70,26,0,1262.0,761.0
70,26,1,1261.0,742.0
70,26,2,1295.0,743.0
70,26,3,1298.0,761.0
70,36,0,1367.0,759.0
70,36,1,1363.0,739.0
70,36,2,1396.0,738.0
70,36,3,1401.0,757.0
70,21,0,1209.0,732.0
70,21,1,1210.0,715.0
70,21,2,1243.0,714.0
70,21,3,1243.0,732.0
70,1,0,1012.0,731.0
70,1,1,1019.0,714.0
70,1,2,1050.0,713.0
70,1,3,1045.0,730.0
70,17,0,1162.0,707.0
70,17,1,1164.0,692.0
70,17,2,1194.0,691.0
70,17,3,1195.0,706.0
70,2,0,1030.0,681.0
70,2,1,1035.0,667.0
70,2,2,1064.0,667.0
70,2,3,1060.0,680.0
70,6,0,1052.0,759.0
70,6,1,1058.0,740.0
70,6,2,1091.0,741.0
70,6,3,1087.0,760.0
70,11,0,1110.0,732.0
70,11,1,1113.0,714.0
70,11,2,1146.0,716.0
70,11,3,1144.0,733.0
70,15,0,1149.0,831.0
70,15,1,1151.0,807.0
70,15,2,1189.0,808.0
70,15,3,1188.0,833.0
70,35,0,1382.0,829.0
70,35,1,1377.0,804.0
70,35,2,1413.0,803.0
70,35,3,1419.0,829.0
71,31,0,1470.0,583.0
71,31,1,1455.0,543.0
71,31,2,1492.0,527.0
71,31,3,1508.0,567.0
71,21,0,1364.0,627.0
71,21,1,1349.0,587.0
71,21,2,1388.0,572.0
71,21,3,1402.0,611.0
71,11,0,1255.0,669.0
71,11,1,1241.0,630.0
71,11,2,1279.0,615.0
71,11,3,1295.0,654.0
71,16,0,1329.0,703.0
71,16,1,1315.0,664.0
71,16,2,1354.0,649.0
71,16,3,1368.0,689.0
71,22,0,1320.0,514.0
71,22,1,1304.0,475.0
71,22,2,1341.0,459.0
71,22,3,1358.0,498.0
71,27,0,1396.0,548.0
71,27,1,1381.0,508.0
71,27,2,1418.0,493.0
71,27,3,1434.0,532.0
71,17,0,1288.0,592.0
71,17,1,1273.0,554.0
71,17,2,1311.0,538.0
71,17,3,1327.0,577.0
71,36,0,1542.0,618.0
71,36,1,1528.0,578.0
71,36,2,1566.0,563.0
71,36,3,1580.0,602.0
71,37,0,1501.0,504.0
71,37,1,1485.0,464.0
71,37,2,1522.0,449.0
71,37,3,1538.0,488.0
71,26,0,1437.0,661.0
71,26,1,1423.0,622.0
71,26,2,1461.0,606.0
71,26,3,1475.0,645.0
71,12,0,1212.0,559.0
71,12,1,1197.0,520.0
71,12,2,1235.0,505.0
71,12,3,1250.0,544.0
71,7,0,1181.0,635.0
71,7,1,1166.0,597.0
71,7,2,1204.0,582.0
71,7,3,1219.0,621.0
71,30,0,1507.0,695.0
71,30,1,1495.0,656.0
71,30,2,1533.0,641.0
71,30,3,1545.0,681.0
71,20,0,1401.0,737.0
71,20,1,1389.0,699.0
71,20,2,1428.0,684.0
71,20,3,1440.0,723.0
71,32,0,1426.0,469.0
71,32,1,1410.0,430.0
71,32,2,1446.0,415.0
71,32,3,1462.0,454.0
71,6,0,1223.0,743.0
71,6,1,1208.0,705.0
71,6,2,1246.0,691.0
71,6,3,1260.0,730.0
71,10,0,1294.0,777.0
71,10,1,1281.0,740.0
71,10,2,1320.0,726.0
71,10,3,1333.0,764.0
71,18,0,1243.0,481.0
71,18,1,1227.0,444.0
71,18,2,1264.0,428.0
71,18,3,1280.0,466.0
71,15,0,1366.0,812.0
71,15,1,1353.0,774.0
71,15,2,1392.0,760.0
71,15,3,1404.0,797.0
71,25,0,1472.0,771.0
71,25,1,1460.0,732.0
71,25,2,1498.0,718.0
71,25,3,1509.0,756.0
71,23,0,1273.0,404.0
71,23,1,1256.0,367.0
71,23,2,1292.0,351.0
71,23,3,1309.0,388.0
71,13,0,1168.0,451.0
71,13,1,1151.0,414.0
71,13,2,1187.0,398.0
71,13,3,1204.0,434.0
71,38,0,1454.0,391.0
71,38,1,1437.0,352.0
71,38,2,1471.0,338.0
71,38,3,1489.0,376.0
71,35,0,1574.0,729.0
71,35,1,1564.0,691.0
71,35,2,1602.0,676.0
71,35,3,1611.0,714.0
71,2,0,1108.0,602.0
71,2,1,1094.0,565.0
71,2,2,1130.0,550.0
71,2,3,1145.0,587.0
71,1,0,1150.0,708.0
71,1,1,1136.0,671.0
71,1,2,1172.0,657.0
71,1,3,1187.0,695.0
71,8,0,1138.0,527.0
71,8,1,1123.0,490.0
71,8,2,1158.0,474.0
71,8,3,1174.0,511.0
71,33,0,1378.0,359.0
71,33,1,1360.0,321.0
71,33,2,1394.0,307.0
71,33,3,1412.0,343.0
71,19,0,1195.0,374.0
71,19,1,1179.0,339.0
71,19,2,1215.0,323.0
71,19,3,1231.0,358.0
71,0,0,1190.0,812.0
71,0,1,1175.0,776.0
71,0,2,1212.0,763.0
71,0,3,1226.0,800.0
71,5,0,1258.0,845.0
71,5,1,1246.0,810.0
71,5,2,1284.0,798.0
71,5,3,1297.0,834.0
71,29,0,1299.0,327.0
71,29,1,1283.0,291.0
71,29,2,1316.0,277.0
71,29,3,1335.0,312.0
71,3,0,1066.0,497.0
71,3,1,1051.0,461.0
71,3,2,1085.0,445.0
71,3,3,1100.0,481.0
71,9,0,1093.0,422.0
71,9,1,1078.0,387.0
71,9,2,1112.0,371.0
71,9,3,1128.0,405.0
71,14,0,1120.0,347.0
71,14,1,1105.0,313.0
71,14,2,1138.0,297.0
71,14,3,1155.0,330.0
71,24,0,1222.0,299.0
71,24,1,1206.0,266.0
71,24,2,1240.0,250.0
71,24,3,1257.0,283.0
71,4,0,1022.0,396.0
71,4,1,1008.0,363.0
71,4,2,1040.0,346.0
71,4,3,1055.0,380.0
71,28,0,1350.0,435.0
71,28,1,1333.0,398.0
71,28,2,1369.0,382.0
71,28,3,1386.0,420.0
72,39,0,1088.0,288.0
72,39,1,1071.0,265.0
72,39,2,1098.0,252.0
72,39,3,1114.0,276.0
72,34,0,1025.0,275.0
72,34,1,1007.0,251.0
72,34,2,1031.0,238.0
72,34,3,1050.0,261.0
72,33,0,1076.0,340.0
72,33,1,1060.0,318.0
72,33,2,1085.0,305.0
72,33,3,1101.0,328.0
72,38,0,1136.0,353.0
72,38,1,1121.0,332.0
72,38,2,1147.0,319.0
72,38,3,1162.0,341.0
72,29,0,1016.0,325.0
72,29,1,999.0,304.0
72,29,2,1023.0,291.0
72,29,3,1040.0,313.0
72,24,0,957.0,311.0
72,24,1,939.0,290.0
72,24,2,962.0,278.0
72,24,3,979.0,299.0
72,37,0,1179.0,413.0
72,37,1,1166.0,393.0
72,37,2,1190.0,383.0
72,37,3,1204.0,405.0
72,32,0,1122.0,400.0
72,32,1,1108.0,380.0
72,32,2,1132.0,369.0
72,32,3,1146.0,390.0
72,19,0,950.0,359.0
72,19,1,934.0,339.0
72,19,2,956.0,327.0
72,19,3,972.0,348.0
72,23,0,1008.0,371.0
72,23,1,992.0,351.0
72,23,2,1015.0,341.0
72,23,3,1030.0,362.0
72,14,0,894.0,349.0
72,14,1,877.0,329.0
72,14,2,896.0,317.0
72,14,3,914.0,337.0
72,22,0,1056.0,427.0
72,22,1,1040.0,409.0
72,22,2,1062.0,399.0
72,22,3,1078.0,418.0
72,18,0,1000.0,415.0
72,18,1,985.0,397.0
72,18,2,1007.0,386.0
72,18,3,1022.0,405.0
72,31,0,1164.0,456.0
72,31,1,1151.0,438.0
72,31,2,1174.0,428.0
72,31,3,1187.0,448.0
72,36,0,1217.0,470.0
72,36,1,1205.0,452.0
72,36,2,1229.0,443.0
72,36,3,1241.0,461.0
72,13,0,946.0,404.0
72,13,1,930.0,385.0
72,13,2,950.0,375.0
72,13,3,966.0,394.0
72,27,0,1109.0,441.0
72,27,1,1096.0,423.0
72,27,2,1119.0,415.0
72,27,3,1132.0,433.0
72,12,0,993.0,456.0
72,12,1,979.0,440.0
72,12,2,999.0,430.0
72,12,3,1013.0,447.0
72,9,0,894.0,392.0
72,9,1,875.0,375.0
72,9,2,892.0,364.0
72,9,3,911.0,382.0
72,21,0,1099.0,480.0
72,21,1,1085.0,462.0
72,21,2,1107.0,454.0
72,21,3,1120.0,471.0
72,8,0,941.0,444.0
72,8,1,925.0,427.0
72,8,2,944.0,417.0
72,8,3,960.0,435.0
72,17,0,1046.0,467.0
72,17,1,1032.0,450.0
72,17,2,1053.0,441.0
72,17,3,1067.0,458.0
72,4,0,841.0,380.0
72,4,1,822.0,363.0
72,4,2,837.0,353.0
72,4,3,856.0,370.0
72,26,0,1150.0,493.0
72,26,1,1138.0,476.0
72,26,2,1160.0,469.0
72,26,3,1171.0,486.0
72,3,0,892.0,431.0
72,3,1,874.0,415.0
72,3,2,890.0,406.0
72,3,3,908.0,423.0
72,30,0,1200.0,506.0
72,30,1,1190.0,490.0
72,30,2,1212.0,483.0
72,30,3,1222.0,500.0
72,20,0,1137.0,528.0
72,20,1,1125.0,512.0
72,20,2,1146.0,505.0
72,20,3,1158.0,521.0
72,35,0,1250.0,520.0
72,35,1,1241.0,504.0
72,35,2,1264.0,498.0
72,35,3,1273.0,513.0
72,11,0,1037.0,504.0
72,11,1,1024.0,488.0
72,11,2,1044.0,481.0
72,11,3,1057.0,497.0
72,16,0,1087.0,516.0
72,16,1,1075.0,500.0
72,16,2,1095.0,493.0
72,16,3,1107.0,508.0
72,2,0,937.0,480.0
72,2,1,923.0,464.0
72,2,2,940.0,456.0
72,2,3,954.0,472.0
72,25,0,1185.0,541.0
72,25,1,1175.0,525.0
72,25,2,1196.0,518.0
72,25,3,1206.0,534.0
72,10,0,1076.0,550.0
72,10,1,1064.0,535.0
72,10,2,1084.0,528.0
72,10,3,1096.0,543.0
72,1,0,981.0,525.0
72,1,1,968.0,511.0
72,1,2,985.0,504.0
72,1,3,999.0,519.0
72,5,0,1067.0,581.0
72,5,1,1055.0,568.0
72,5,2,1074.0,562.0
72,5,3,1085.0,575.0
72,0,0,1021.0,568.0
72,0,1,1009.0,555.0
72,0,2,1026.0,549.0
72,0,3,1039.0,563.0
72,6,0,1029.0,538.0
72,6,1,1016.0,522.0
72,6,2,1034.0,516.0
72,6,3,1047.0,532.0
72,7,0,986.0,492.0
72,7,1,973.0,476.0
72,7,2,992.0,469.0
72,7,3,1005.0,485.0
72,15,0,1124.0,562.0
72,15,1,1113.0,548.0
72,15,2,1133.0,540.0
72,15,3,1144.0,555.0
72,28,0,1065.0,385.0
72,28,1,1050.0,366.0
72,28,2,1074.0,355.0
72,28,3,1089.0,376.0
73,39,0,955.0,338.0
73,39,1,930.0,326.0
73,39,2,950.0,305.0
73,39,3,975.0,318.0
73,33,0,959.0,386.0
73,33,1,936.0,374.0
73,33,2,956.0,354.0
73,33,3,978.0,367.0
73,38,0,1019.0,377.0
73,38,1,999.0,364.0
73,38,2,1020.0,345.0
73,38,3,1041.0,358.0
73,24,0,833.0,401.0
73,24,1,808.0,389.0
73,24,2,824.0,372.0
73,24,3,850.0,384.0
73,29,0,896.0,393.0
73,29,1,872.0,382.0
73,29,2,889.0,364.0
73,29,3,914.0,376.0
73,19,0,844.0,443.0
73,19,1,820.0,433.0
73,19,2,835.0,415.0
73,19,3,859.0,425.0
73,14,0,784.0,454.0
73,14,1,761.0,444.0
73,14,2,775.0,427.0
73,14,3,800.0,437.0
73,32,0,1021.0,420.0
73,32,1,1001.0,409.0
73,32,2,1020.0,392.0
73,32,3,1040.0,403.0
73,37,0,1079.0,412.0
73,37,1,1060.0,401.0
73,37,2,1082.0,385.0
73,37,3,1100.0,398.0
73,23,0,903.0,433.0
73,23,1,880.0,423.0
73,23,2,898.0,407.0
73,23,3,920.0,418.0
73,28,0,962.0,426.0
73,28,1,942.0,416.0
73,28,2,958.0,401.0
73,28,3,980.0,412.0
73,13,0,853.0,481.0
73,13,1,830.0,472.0
73,13,2,846.0,456.0
73,13,3,869.0,466.0
73,18,0,909.0,472.0
73,18,1,888.0,463.0
73,18,2,904.0,446.0
73,18,3,925.0,455.0
73,22,0,964.0,463.0
73,22,1,944.0,452.0
73,22,2,962.0,439.0
73,22,3,983.0,448.0
73,9,0,797.0,489.0
73,9,1,774.0,480.0
73,9,2,788.0,466.0
73,9,3,811.0,474.0
73,31,0,1076.0,451.0
73,31,1,1059.0,441.0
73,31,2,1079.0,426.0
73,31,3,1095.0,438.0
73,17,0,969.0,498.0
73,17,1,949.0,490.0
73,17,2,966.0,475.0
73,17,3,985.0,484.0
73,4,0,743.0,495.0
73,4,1,719.0,487.0
73,4,2,731.0,474.0
73,4,3,755.0,482.0
73,27,0,1022.0,456.0
73,27,1,1003.0,447.0
73,27,2,1020.0,434.0
73,27,3,1039.0,442.0
73,21,0,1022.0,490.0
73,21,1,1003.0,482.0
73,21,2,1020.0,468.0
73,21,3,1038.0,477.0
73,8,0,862.0,513.0
73,8,1,840.0,505.0
73,8,2,855.0,493.0
73,8,3,876.0,501.0
73,26,0,1074.0,483.0
73,26,1,1057.0,475.0
73,26,2,1075.0,462.0
73,26,3,1092.0,471.0
73,3,0,808.0,520.0
73,3,1,787.0,513.0
73,3,2,800.0,500.0
73,3,3,821.0,508.0
73,30,0,1126.0,477.0
73,30,1,1110.0,469.0
73,30,2,1129.0,457.0
73,30,3,1144.0,465.0
73,2,0,868.0,543.0
73,2,1,849.0,535.0
73,2,2,863.0,523.0
73,2,3,882.0,531.0
73,6,0,973.0,558.0
73,6,1,956.0,552.0
73,6,2,970.0,540.0
73,6,3,988.0,547.0
73,10,0,1023.0,552.0
73,10,1,1006.0,546.0
73,10,2,1020.0,534.0
73,10,3,1037.0,541.0
73,1,0,925.0,563.0
73,1,1,907.0,557.0
73,1,2,921.0,547.0
73,1,3,937.0,554.0
73,5,0,1021.0,578.0
73,5,1,1006.0,573.0
73,5,2,1020.0,563.0
73,5,3,1035.0,569.0
73,0,0,976.0,583.0
73,0,1,959.0,578.0
73,0,2,973.0,568.0
73,0,3,989.0,574.0
73,7,0,920.0,536.0
73,7,1,901.0,528.0
73,7,2,916.0,517.0
73,7,3,934.0,525.0
73,11,0,972.0,529.0
73,11,1,953.0,523.0
73,11,2,968.0,510.0
73,11,3,986.0,517.0
73,12,0,914.0,507.0
73,12,1,895.0,499.0
73,12,2,910.0,484.0
73,12,3,930.0,492.0
73,15,0,1071.0,546.0
73,15,1,1055.0,540.0
73,15,2,1069.0,528.0
73,15,3,1085.0,534.0
73,16,0,1022.0,522.0
73,16,1,1004.0,515.0
73,16,2,1021.0,502.0
73,16,3,1037.0,510.0
73,20,0,1071.0,516.0
73,20,1,1055.0,508.0
73,20,2,1072.0,496.0
73,20,3,1088.0,504.0
73,34,0,889.0,348.0
73,34,1,862.0,335.0
73,34,2,882.0,315.0
73,34,3,908.0,328.0
73,35,0,1177.0,472.0
73,35,1,1163.0,465.0
73,35,2,1181.0,452.0
73,35,3,1195.0,460.0
73,36,0,1132.0,444.0
73,36,1,1115.0,435.0
73,36,2,1135.0,420.0
73,36,3,1150.0,430.0
74,34,0,1005.0,392.0
74,34,1,980.0,370.0
74,34,2,1001.0,346.0
74,34,3,1026.0,368.0
74,39,0,1073.0,389.0
74,39,1,1048.0,369.0
74,39,2,1069.0,344.0
74,39,3,1094.0,365.0
74,33,0,1075.0,456.0
74,33,1,1051.0,435.0
74,33,2,1072.0,411.0
74,33,3,1096.0,431.0
74,29,0,1009.0,457.0
74,29,1,985.0,436.0
74,29,2,1005.0,412.0
74,29,3,1030.0,433.0
74,38,0,1142.0,454.0
74,38,1,1118.0,433.0
74,38,2,1139.0,409.0
74,38,3,1163.0,430.0
74,37,0,1205.0,518.0
74,37,1,1184.0,497.0
74,37,2,1207.0,474.0
74,37,3,1229.0,497.0
74,32,0,1141.0,519.0
74,32,1,1119.0,498.0
74,32,2,1142.0,475.0
74,32,3,1164.0,496.0
74,23,0,1013.0,520.0
74,23,1,990.0,500.0
74,23,2,1010.0,476.0
74,23,3,1034.0,498.0
74,28,0,1078.0,519.0
74,28,1,1054.0,499.0
74,28,2,1075.0,476.0
74,28,3,1099.0,498.0
74,19,0,949.0,522.0
74,19,1,926.0,502.0
74,19,2,945.0,478.0
74,19,3,969.0,498.0
74,24,0,946.0,458.0
74,24,1,921.0,438.0
74,24,2,940.0,415.0
74,24,3,965.0,436.0
74,18,0,1016.0,582.0
74,18,1,993.0,562.0
74,18,2,1013.0,539.0
74,18,3,1037.0,560.0
74,14,0,887.0,524.0
74,14,1,863.0,504.0
74,14,2,882.0,481.0
74,14,3,906.0,502.0
74,13,0,954.0,583.0
74,13,1,930.0,563.0
74,13,2,950.0,541.0
74,13,3,974.0,562.0
74,31,0,1204.0,581.0
74,31,1,1184.0,559.0
74,31,2,1206.0,538.0
74,31,3,1227.0,561.0
74,36,0,1267.0,581.0
74,36,1,1247.0,559.0
74,36,2,1270.0,538.0
74,36,3,1289.0,561.0
74,27,0,1143.0,580.0
74,27,1,1120.0,560.0
74,27,2,1141.0,539.0
74,27,3,1164.0,559.0
74,22,0,1080.0,580.0
74,22,1,1057.0,560.0
74,22,2,1077.0,539.0
74,22,3,1100.0,558.0
74,12,0,1018.0,641.0
74,12,1,996.0,622.0
74,12,2,1016.0,600.0
74,12,3,1039.0,620.0
74,17,0,1080.0,640.0
74,17,1,1058.0,619.0
74,17,2,1080.0,599.0
74,17,3,1101.0,619.0
74,9,0,893.0,583.0
74,9,1,869.0,564.0
74,9,2,888.0,542.0
74,9,3,911.0,562.0
74,21,0,1141.0,639.0
74,21,1,1121.0,618.0
74,21,2,1143.0,599.0
74,21,3,1163.0,620.0
74,8,0,958.0,640.0
74,8,1,935.0,621.0
74,8,2,954.0,601.0
74,8,3,977.0,621.0
74,26,0,1203.0,639.0
74,26,1,1183.0,618.0
74,26,2,1204.0,599.0
74,26,3,1224.0,620.0
74,30,0,1263.0,639.0
74,30,1,1244.0,619.0
74,30,2,1267.0,600.0
74,30,3,1285.0,620.0
74,3,0,899.0,639.0
74,3,1,876.0,620.0
74,3,2,894.0,601.0
74,3,3,917.0,620.0
74,11,0,1080.0,696.0
74,11,1,1060.0,676.0
74,11,2,1081.0,658.0
74,11,3,1101.0,677.0
74,16,0,1140.0,696.0
74,16,1,1120.0,677.0
74,16,2,1142.0,658.0
74,16,3,1161.0,677.0
74,4,0,835.0,583.0
74,4,1,812.0,564.0
74,4,2,828.0,544.0
74,4,3,851.0,563.0
74,7,0,1022.0,695.0
74,7,1,999.0,677.0
74,7,2,1019.0,658.0
74,7,3,1040.0,676.0
74,2,0,962.0,694.0
74,2,1,940.0,676.0
74,2,2,958.0,657.0
74,2,3,981.0,676.0
74,20,0,1199.0,695.0
74,20,1,1181.0,676.0
74,20,2,1204.0,658.0
74,20,3,1221.0,678.0
74,25,0,1259.0,695.0
74,25,1,1241.0,676.0
74,25,2,1262.0,657.0
74,25,3,1280.0,677.0
74,1,0,1023.0,747.0
74,1,1,1002.0,729.0
74,1,2,1021.0,712.0
74,1,3,1042.0,731.0
74,10,0,1138.0,749.0
74,10,1,1120.0,731.0
74,10,2,1140.0,713.0
74,10,3,1159.0,732.0
74,6,0,1081.0,749.0
74,6,1,1061.0,732.0
74,6,2,1080.0,713.0
74,6,3,1100.0,730.0
74,15,0,1197.0,749.0
74,15,1,1179.0,731.0
74,15,2,1201.0,714.0
74,15,3,1218.0,731.0
74,5,0,1137.0,799.0
74,5,1,1119.0,782.0
74,5,2,1139.0,767.0
74,5,3,1156.0,784.0
74,0,0,1081.0,797.0
74,0,1,1062.0,782.0
74,0,2,1079.0,766.0
74,0,3,1099.0,782.0
74,35,0,1322.0,638.0
74,35,1,1305.0,619.0
74,35,2,1327.0,600.0
74,35,3,1344.0,620.0
75,16,0,1218.0,675.0
75,16,1,1205.0,637.0
75,16,2,1242.0,623.0
75,16,3,1256.0,662.0
75,17,0,1180.0,566.0
75,17,1,1166.0,528.0
75,17,2,1204.0,515.0
75,17,3,1218.0,553.0
75,10,0,1182.0,748.0
75,10,1,1170.0,710.0
75,10,2,1208.0,697.0
75,10,3,1221.0,735.0
75,11,0,1146.0,640.0
75,11,1,1133.0,602.0
75,11,2,1171.0,589.0
75,11,3,1184.0,627.0
75,26,0,1324.0,637.0
75,26,1,1311.0,599.0
75,26,2,1348.0,585.0
75,26,3,1361.0,624.0
75,6,0,1112.0,713.0
75,6,1,1098.0,675.0
75,6,2,1136.0,662.0
75,6,3,1149.0,700.0
75,7,0,1074.0,605.0
75,7,1,1060.0,568.0
75,7,2,1097.0,554.0
75,7,3,1111.0,592.0
75,36,0,1428.0,599.0
75,36,1,1415.0,560.0
75,36,2,1452.0,547.0
75,36,3,1464.0,585.0
75,20,0,1289.0,710.0
75,20,1,1277.0,672.0
75,20,2,1314.0,659.0
75,20,3,1327.0,696.0
75,31,0,1358.0,563.0
75,31,1,1345.0,524.0
75,31,2,1381.0,511.0
75,31,3,1394.0,550.0
75,21,0,1253.0,601.0
75,21,1,1240.0,563.0
75,21,2,1277.0,550.0
75,21,3,1290.0,588.0
75,22,0,1214.0,492.0
75,22,1,1199.0,455.0
75,22,2,1236.0,441.0
75,22,3,1250.0,479.0
75,12,0,1107.0,532.0
75,12,1,1093.0,495.0
75,12,2,1130.0,481.0
75,12,3,1144.0,518.0
75,27,0,1286.0,527.0
75,27,1,1273.0,488.0
75,27,2,1309.0,476.0
75,27,3,1323.0,513.0
75,15,0,1252.0,782.0
75,15,1,1241.0,745.0
75,15,2,1279.0,732.0
75,15,3,1290.0,769.0
75,0,0,1078.0,782.0
75,0,1,1064.0,745.0
75,0,2,1102.0,733.0
75,0,3,1115.0,770.0
75,30,0,1393.0,672.0
75,30,1,1381.0,635.0
75,30,2,1418.0,621.0
75,30,3,1430.0,659.0
75,1,0,1040.0,677.0
75,1,1,1027.0,640.0
75,1,2,1064.0,627.0
75,1,3,1077.0,665.0
75,25,0,1358.0,745.0
75,25,1,1346.0,707.0
75,25,2,1383.0,694.0
75,25,3,1394.0,732.0
75,18,0,1139.0,458.0
75,18,1,1125.0,422.0
75,18,2,1161.0,408.0
75,18,3,1176.0,445.0
75,5,0,1147.0,817.0
75,5,1,1134.0,780.0
75,5,2,1173.0,769.0
75,5,3,1184.0,805.0
75,8,0,1034.0,499.0
75,8,1,1021.0,463.0
75,8,2,1057.0,449.0
75,8,3,1071.0,485.0
75,2,0,1002.0,571.0
75,2,1,990.0,534.0
75,2,2,1025.0,521.0
75,2,3,1039.0,558.0
75,35,0,1459.0,707.0
75,35,1,1449.0,670.0
75,35,2,1486.0,656.0
75,35,3,1495.0,693.0
75,37,0,1390.0,488.0
75,37,1,1376.0,451.0
75,37,2,1411.0,438.0
75,37,3,1426.0,474.0
75,32,0,1318.0,453.0
75,32,1,1304.0,415.0
75,32,2,1338.0,403.0
75,32,3,1353.0,440.0
75,13,0,1066.0,426.0
75,13,1,1053.0,392.0
75,13,2,1088.0,377.0
75,13,3,1103.0,412.0
75,23,0,1171.0,385.0
75,23,1,1157.0,350.0
75,23,2,1192.0,337.0
75,23,3,1207.0,372.0
75,28,0,1245.0,418.0
75,28,1,1231.0,382.0
75,28,2,1265.0,369.0
75,28,3,1280.0,405.0
75,3,0,965.0,468.0
75,3,1,952.0,433.0
75,3,2,987.0,419.0
75,3,3,1000.0,453.0
75,9,0,996.0,397.0
75,9,1,982.0,363.0
75,9,2,1016.0,348.0
75,9,3,1030.0,383.0
75,38,0,1348.0,380.0
75,38,1,1333.0,344.0
75,38,2,1366.0,332.0
75,38,3,1381.0,368.0
75,14,0,1026.0,327.0
75,14,1,1013.0,293.0
75,14,2,1046.0,279.0
75,14,3,1061.0,312.0
75,33,0,1275.0,347.0
75,33,1,1260.0,312.0
75,33,2,1293.0,300.0
75,33,3,1308.0,335.0
75,4,0,927.0,369.0
75,4,1,915.0,336.0
75,4,2,948.0,322.0
75,4,3,961.0,354.0
75,19,0,1098.0,355.0
75,19,1,1084.0,320.0
75,19,2,1119.0,307.0
75,19,3,1133.0,341.0
75,29,0,1201.0,314.0
75,29,1,1186.0,281.0
75,29,2,1220.0,269.0
75,29,3,1235.0,302.0
76,39,0,1020.0,403.0
76,39,1,993.0,387.0
76,39,2,1010.0,360.0
76,39,3,1038.0,377.0
76,34,0,955.0,415.0
76,34,1,927.0,398.0
76,34,2,944.0,373.0
76,34,3,972.0,389.0
76,33,0,1031.0,463.0
76,33,1,1005.0,447.0
76,33,2,1023.0,422.0
76,33,3,1049.0,438.0
76,38,0,1093.0,452.0
76,38,1,1069.0,435.0
76,38,2,1087.0,410.0
76,38,3,1112.0,426.0
76,29,0,967.0,474.0
76,29,1,941.0,458.0
76,29,2,958.0,434.0
76,29,3,985.0,450.0
76,24,0,905.0,485.0
76,24,1,879.0,470.0
76,24,2,894.0,445.0
76,24,3,921.0,460.0
76,19,0,920.0,541.0
76,19,1,893.0,526.0
76,19,2,909.0,502.0
76,19,3,936.0,517.0
76,14,0,859.0,553.0
76,14,1,833.0,538.0
76,14,2,848.0,515.0
76,14,3,875.0,530.0
76,32,0,1103.0,509.0
76,32,1,1079.0,495.0
76,32,2,1096.0,470.0
76,32,3,1120.0,485.0
76,28,0,1042.0,519.0
76,28,1,1016.0,504.0
76,28,2,1033.0,482.0
76,28,3,1059.0,497.0
76,37,0,1163.0,498.0
76,37,1,1140.0,484.0
76,37,2,1158.0,460.0
76,37,3,1182.0,476.0
76,23,0,980.0,529.0
76,23,1,955.0,515.0
76,23,2,971.0,492.0
76,23,3,997.0,507.0
76,18,0,991.0,583.0
76,18,1,967.0,569.0
76,18,2,983.0,546.0
76,18,3,1008.0,560.0
76,22,0,1051.0,571.0
76,22,1,1026.0,557.0
76,22,2,1043.0,536.0
76,22,3,1068.0,550.0
76,27,0,1110.0,562.0
76,27,1,1086.0,548.0
76,27,2,1104.0,527.0
76,27,3,1128.0,541.0
76,13,0,933.0,593.0
76,13,1,908.0,580.0
76,13,2,923.0,558.0
76,13,3,949.0,572.0
76,31,0,1168.0,553.0
76,31,1,1146.0,538.0
76,31,2,1164.0,516.0
76,31,3,1186.0,531.0
76,9,0,875.0,603.0
76,9,1,849.0,589.0
76,9,2,863.0,569.0
76,9,3,890.0,583.0
76,12,0,1002.0,633.0
76,12,1,978.0,620.0
76,12,2,994.0,599.0
76,12,3,1018.0,612.0
76,36,0,1226.0,543.0
76,36,1,1205.0,529.0
76,36,2,1224.0,507.0
76,36,3,1244.0,521.0
76,17,0,1059.0,622.0
76,17,1,1036.0,609.0
76,17,2,1053.0,588.0
76,17,3,1075.0,601.0
76,21,0,1116.0,612.0
76,21,1,1094.0,599.0
76,21,2,1111.0,578.0
76,21,3,1133.0,592.0
76,4,0,819.0,611.0
76,4,1,794.0,599.0
76,4,2,807.0,578.0
76,4,3,832.0,592.0
76,8,0,944.0,641.0
76,8,1,921.0,629.0
76,8,2,936.0,609.0
76,8,3,960.0,623.0
76,26,0,1172.0,602.0
76,26,1,1152.0,589.0
76,26,2,1169.0,570.0
76,26,3,1189.0,582.0
76,3,0,890.0,649.0
76,3,1,865.0,637.0
76,3,2,879.0,618.0
76,3,3,903.0,631.0
76,30,0,1228.0,593.0
76,30,1,1209.0,580.0
76,30,2,1227.0,560.0
76,30,3,1246.0,573.0
76,7,0,1011.0,678.0
76,7,1,989.0,666.0
76,7,2,1004.0,647.0
76,7,3,1027.0,660.0
76,11,0,1066.0,669.0
76,11,1,1045.0,657.0
76,11,2,1061.0,638.0
76,11,3,1083.0,650.0
76,16,0,1122.0,659.0
76,16,1,1101.0,647.0
76,16,2,1117.0,628.0
76,16,3,1139.0,640.0
76,2,0,957.0,685.0
76,2,1,934.0,674.0
76,2,2,948.0,655.0
76,2,3,971.0,668.0
76,20,0,1176.0,650.0
76,20,1,1157.0,638.0
76,20,2,1174.0,618.0
76,20,3,1193.0,630.0
76,25,0,1231.0,640.0
76,25,1,1211.0,628.0
76,25,2,1228.0,609.0
76,25,3,1247.0,622.0
76,6,0,1073.0,712.0
76,6,1,1053.0,700.0
76,6,2,1068.0,684.0
76,6,3,1088.0,695.0
76,10,0,1127.0,704.0
76,10,1,1107.0,693.0
76,10,2,1122.0,675.0
76,10,3,1143.0,686.0
76,15,0,1180.0,695.0
76,15,1,1161.0,684.0
76,15,2,1178.0,665.0
76,15,3,1196.0,677.0
76,1,0,1020.0,719.0
76,1,1,999.0,709.0
76,1,2,1013.0,692.0
76,1,3,1035.0,703.0
76,5,0,1131.0,744.0
76,5,1,1112.0,734.0
76,5,2,1129.0,718.0
76,5,3,1147.0,729.0
76,0,0,1080.0,751.0
76,0,1,1060.0,742.0
76,0,2,1075.0,726.0
76,0,3,1095.0,736.0
76,35,0,1281.0,583.0
76,35,1,1264.0,571.0
76,35,2,1284.0,552.0
76,35,3,1300.0,566.0
77,39,0,1099.0,329.0
77,39,1,1085.0,301.0
77,39,2,1110.0,292.0
77,39,3,1124.0,319.0
77,38,0,1138.0,404.0
77,38,1,1126.0,378.0
77,38,2,1152.0,369.0
77,38,3,1165.0,395.0
77,33,0,1082.0,382.0
77,33,1,1069.0,356.0
77,33,2,1094.0,346.0
77,33,3,1107.0,372.0
77,34,0,1041.0,307.0
77,34,1,1027.0,280.0
77,34,2,1050.0,270.0
77,34,3,1065.0,296.0
77,29,0,1027.0,359.0
77,29,1,1013.0,334.0
77,29,2,1036.0,324.0
77,29,3,1050.0,350.0
77,32,0,1120.0,453.0
77,32,1,1108.0,429.0
77,32,2,1133.0,420.0
77,32,3,1145.0,445.0
77,37,0,1175.0,477.0
77,37,1,1164.0,452.0
77,37,2,1189.0,445.0
77,37,3,1200.0,471.0
77,28,0,1067.0,430.0
77,28,1,1054.0,406.0
77,28,2,1078.0,398.0
77,28,3,1090.0,423.0
77,36,0,1208.0,547.0
77,36,1,1197.0,523.0
77,36,2,1221.0,517.0
77,36,3,1232.0,541.0
77,24,0,974.0,337.0
77,24,1,961.0,312.0
77,24,2,982.0,303.0
77,24,3,995.0,327.0
77,23,0,1014.0,407.0
77,23,1,1002.0,383.0
77,23,2,1023.0,375.0
77,23,3,1037.0,399.0
77,19,0,964.0,387.0
77,19,1,950.0,362.0
77,19,2,971.0,353.0
77,19,3,984.0,377.0
77,31,0,1155.0,522.0
77,31,1,1145.0,499.0
77,31,2,1169.0,492.0
77,31,3,1179.0,516.0
77,27,0,1104.0,499.0
77,27,1,1092.0,476.0
77,27,2,1116.0,469.0
77,27,3,1127.0,492.0
77,22,0,1053.0,475.0
77,22,1,1041.0,452.0
77,22,2,1062.0,445.0
77,22,3,1075.0,468.0
77,18,0,1002.0,453.0
77,18,1,990.0,431.0
77,18,2,1012.0,423.0
77,18,3,1024.0,445.0
77,26,0,1138.0,563.0
77,26,1,1127.0,542.0
77,26,2,1150.0,536.0
77,26,3,1161.0,558.0
77,13,0,952.0,433.0
77,13,1,940.0,410.0
77,13,2,959.0,402.0
77,13,3,973.0,424.0
77,30,0,1188.0,587.0
77,30,1,1178.0,565.0
77,30,2,1201.0,560.0
77,30,3,1210.0,582.0
77,21,0,1090.0,540.0
77,21,1,1078.0,518.0
77,21,2,1100.0,513.0
77,21,3,1111.0,534.0
77,9,0,904.0,413.0
77,9,1,891.0,392.0
77,9,2,909.0,383.0
77,9,3,923.0,404.0
77,17,0,1040.0,517.0
77,17,1,1028.0,496.0
77,17,2,1049.0,490.0
77,17,3,1060.0,511.0
77,8,0,943.0,475.0
77,8,1,932.0,455.0
77,8,2,949.0,449.0
77,8,3,961.0,469.0
77,20,0,1122.0,601.0
77,20,1,1112.0,581.0
77,20,2,1133.0,576.0
77,20,3,1143.0,596.0
77,25,0,1169.0,623.0
77,25,1,1160.0,604.0
77,25,2,1182.0,599.0
77,25,3,1191.0,618.0
77,4,0,858.0,393.0
77,4,1,845.0,372.0
77,4,2,861.0,364.0
77,4,3,875.0,386.0
77,10,0,1060.0,616.0
77,10,1,1050.0,597.0
77,10,2,1070.0,592.0
77,10,3,1079.0,611.0
77,6,0,1015.0,594.0
77,6,1,1005.0,576.0
77,6,2,1023.0,571.0
77,6,3,1033.0,589.0
77,1,0,971.0,572.0
77,1,1,960.0,554.0
77,1,2,977.0,550.0
77,1,3,988.0,568.0
77,5,0,1046.0,649.0
77,5,1,1037.0,632.0
77,5,2,1055.0,628.0
77,5,3,1065.0,647.0
77,0,0,1003.0,628.0
77,0,1,993.0,611.0
77,0,2,1011.0,607.0
77,0,3,1021.0,624.0
77,2,0,935.0,515.0
77,2,1,923.0,496.0
77,2,2,940.0,489.0
77,2,3,952.0,509.0
77,3,0,897.0,455.0
77,3,1,885.0,435.0
77,3,2,902.0,428.0
77,3,3,914.0,449.0
77,7,0,981.0,536.0
77,7,1,970.0,516.0
77,7,2,988.0,511.0
77,7,3,999.0,530.0
77,11,0,1027.0,557.0
77,11,1,1016.0,537.0
77,11,2,1035.0,531.0
77,11,3,1047.0,551.0
77,12,0,990.0,496.0
77,12,1,979.0,476.0
77,12,2,999.0,468.0
77,12,3,1011.0,489.0
77,14,0,912.0,367.0
77,14,1,899.0,344.0
77,14,2,917.0,334.0
77,14,3,932.0,358.0
77,15,0,1105.0,637.0
77,15,1,1096.0,619.0
77,15,2,1117.0,614.0
77,15,3,1126.0,633.0
77,16,0,1074.0,578.0
77,16,1,1064.0,558.0
77,16,2,1084.0,553.0
77,16,3,1095.0,572.0
77,35,0,1237.0,610.0
77,35,1,1228.0,590.0
77,35,2,1251.0,584.0
77,35,3,1260.0,606.0
78,35,0,1382.0,1079.0
78,35,1,1376.0,1046.0
78,35,2,1417.0,1037.0
78,35,3,1425.0,1071.0
78,25,0,1259.0,1103.0
78,25,1,1257.0,1070.0
78,25,2,1298.0,1062.0
78,25,3,1302.0,1094.0
78,15,0,1137.0,1120.0
78,15,1,1140.0,1088.0
78,15,2,1180.0,1083.0
78,15,3,1180.0,1116.0
78,5,0,1021.0,1127.0
78,5,1,1027.0,1096.0
78,5,2,1066.0,1094.0
78,5,3,1060.0,1124.0
78,20,0,1198.0,1065.0
78,20,1,1199.0,1036.0
78,20,2,1238.0,1029.0
78,20,3,1239.0,1059.0
78,30,0,1314.0,1043.0
78,30,1,1312.0,1015.0
78,30,2,1351.0,1007.0
78,30,3,1355.0,1036.0
78,10,0,1085.0,1079.0
78,10,1,1090.0,1049.0
78,10,2,1127.0,1047.0
78,10,3,1124.0,1076.0
78,36,0,1366.0,989.0
78,36,1,1359.0,962.0
78,36,2,1396.0,953.0
78,36,3,1403.0,979.0
78,26,0,1254.0,1013.0
78,26,1,1252.0,985.0
78,26,2,1290.0,980.0
78,26,3,1292.0,1006.0
78,0,0,977.0,1087.0
78,0,1,985.0,1058.0
78,0,2,1020.0,1056.0
78,0,3,1014.0,1083.0
78,16,0,1144.0,1031.0
78,16,1,1147.0,1004.0
78,16,2,1183.0,999.0
78,16,3,1181.0,1027.0
78,6,0,1038.0,1042.0
78,6,1,1043.0,1016.0
78,6,2,1079.0,1012.0
78,6,3,1074.0,1039.0
78,21,0,1199.0,983.0
78,21,1,1199.0,958.0
78,21,2,1234.0,951.0
78,21,3,1234.0,977.0
78,31,0,1305.0,964.0
78,31,1,1301.0,940.0
78,31,2,1335.0,932.0
78,31,3,1340.0,955.0
78,11,0,1096.0,999.0
78,11,1,1099.0,974.0
78,11,2,1133.0,970.0
78,11,3,1131.0,994.0
78,1,0,998.0,1010.0
78,1,1,1005.0,986.0
78,1,2,1036.0,982.0
78,1,3,1031.0,1006.0
78,17,0,1149.0,956.0
78,17,1,1150.0,934.0
78,17,2,1184.0,928.0
78,17,3,1183.0,950.0
78,27,0,1249.0,936.0
78,27,1,1248.0,915.0
78,27,2,1280.0,910.0
78,27,3,1282.0,932.0
78,7,0,1052.0,969.0
78,7,1,1056.0,947.0
78,7,2,1088.0,942.0
78,7,3,1085.0,965.0
78,37,0,1349.0,917.0
78,37,1,1345.0,896.0
78,37,2,1378.0,887.0
78,37,3,1383.0,906.0
78,22,0,1198.0,914.0
78,22,1,1198.0,893.0
78,22,2,1230.0,886.0
78,22,3,1231.0,907.0
78,32,0,1294.0,895.0
78,32,1,1292.0,875.0
78,32,2,1323.0,869.0
78,32,3,1327.0,888.0
78,12,0,1104.0,929.0
78,12,1,1106.0,908.0
78,12,2,1138.0,904.0
78,12,3,1136.0,925.0
78,2,0,1014.0,943.0
78,2,1,1019.0,922.0
78,2,2,1049.0,919.0
78,2,3,1045.0,938.0
78,28,0,1243.0,874.0
78,28,1,1242.0,855.0
78,28,2,1272.0,849.0
78,28,3,1275.0,868.0
78,18,0,1153.0,891.0
78,18,1,1154.0,873.0
78,18,2,1183.0,868.0
78,18,3,1182.0,887.0
78,38,0,1335.0,853.0
78,38,1,1331.0,836.0
78,38,2,1361.0,830.0
78,38,3,1366.0,848.0
78,8,0,1063.0,905.0
78,8,1,1067.0,886.0
78,8,2,1096.0,881.0
78,8,3,1093.0,900.0
78,23,0,1197.0,855.0
78,23,1,1197.0,838.0
78,23,2,1226.0,832.0
78,23,3,1226.0,849.0
78,13,0,1111.0,870.0
78,13,1,1112.0,853.0
78,13,2,1141.0,848.0
78,13,3,1139.0,866.0
78,3,0,1028.0,885.0
78,3,1,1031.0,868.0
78,3,2,1059.0,862.0
78,3,3,1054.0,880.0
78,29,0,1238.0,820.0
78,29,1,1236.0,804.0
78,29,2,1264.0,798.0
78,29,3,1266.0,814.0
78,9,0,1073.0,850.0
78,9,1,1077.0,834.0
78,9,2,1102.0,831.0
78,9,3,1099.0,847.0
78,14,0,1116.0,820.0
78,14,1,1117.0,805.0
78,14,2,1143.0,800.0
78,14,3,1143.0,815.0
78,4,0,1039.0,834.0
78,4,1,1042.0,820.0
78,4,2,1067.0,815.0
78,4,3,1065.0,829.0
78,19,0,1154.0,837.0
78,19,1,1155.0,821.0
78,19,2,1183.0,816.0
78,19,3,1183.0,832.0
78,24,0,1195.0,805.0
78,24,1,1195.0,790.0
78,24,2,1221.0,784.0
78,24,3,1222.0,799.0
78,33,0,1284.0,836.0
78,33,1,1281.0,819.0
78,33,2,1310.0,813.0
78,33,3,1313.0,831.0
78,34,0,1275.0,786.0
78,34,1,1274.0,771.0
78,34,2,1299.0,765.0
78,34,3,1301.0,780.0
78,39,0,1321.0,800.0
78,39,1,1318.0,784.0
78,39,2,1345.0,778.0
78,39,3,1349.0,794.0
79,15,0,1567.0,758.0
79,15,1,1552.0,713.0
79,15,2,1594.0,696.0
79,15,3,1609.0,741.0
79,25,0,1682.0,711.0
79,25,1,1667.0,666.0
79,25,2,1707.0,648.0
79,25,3,1723.0,694.0
79,20,0,1604.0,671.0
79,20,1,1589.0,626.0
79,20,2,1630.0,610.0
79,20,3,1646.0,654.0
79,30,0,1716.0,623.0
79,30,1,1700.0,578.0
79,30,2,1739.0,560.0
79,30,3,1756.0,605.0
79,10,0,1488.0,717.0
79,10,1,1474.0,673.0
79,10,2,1515.0,657.0
79,10,3,1530.0,702.0
79,35,0,1793.0,662.0
79,35,1,1778.0,616.0
79,35,2,1816.0,599.0
79,35,3,1831.0,645.0
79,16,0,1525.0,632.0
79,16,1,1509.0,589.0
79,16,2,1549.0,572.0
79,16,3,1566.0,615.0
79,5,0,1449.0,799.0
79,5,1,1436.0,756.0
79,5,2,1477.0,741.0
79,5,3,1491.0,785.0
79,26,0,1637.0,584.0
79,26,1,1621.0,540.0
79,26,2,1658.0,523.0
79,26,3,1677.0,567.0
79,36,0,1746.0,534.0
79,36,1,1728.0,490.0
79,36,2,1765.0,473.0
79,36,3,1785.0,516.0
79,21,0,1558.0,547.0
79,21,1,1541.0,505.0
79,21,2,1579.0,488.0
79,21,3,1598.0,530.0
79,6,0,1411.0,678.0
79,6,1,1396.0,637.0
79,6,2,1436.0,620.0
79,6,3,1451.0,663.0
79,0,0,1374.0,759.0
79,0,1,1361.0,717.0
79,0,2,1401.0,702.0
79,0,3,1415.0,745.0
79,11,0,1445.0,595.0
79,11,1,1430.0,555.0
79,11,2,1469.0,537.0
79,11,3,1486.0,579.0
79,31,0,1667.0,498.0
79,31,1,1648.0,457.0
79,31,2,1685.0,439.0
79,31,3,1705.0,480.0
79,17,0,1479.0,513.0
79,17,1,1462.0,472.0
79,17,2,1499.0,456.0
79,17,3,1517.0,495.0
79,1,0,1336.0,642.0
79,1,1,1322.0,601.0
79,1,2,1359.0,585.0
79,1,3,1374.0,626.0
79,27,0,1587.0,463.0
79,27,1,1569.0,423.0
79,27,2,1605.0,407.0
79,27,3,1624.0,447.0
79,37,0,1691.0,414.0
79,37,1,1672.0,374.0
79,37,2,1706.0,357.0
79,37,3,1727.0,396.0
79,7,0,1369.0,561.0
79,7,1,1354.0,522.0
79,7,2,1391.0,505.0
79,7,3,1407.0,545.0
79,22,0,1507.0,431.0
79,22,1,1489.0,394.0
79,22,2,1525.0,376.0
79,22,3,1544.0,413.0
79,12,0,1400.0,481.0
79,12,1,1384.0,443.0
79,12,2,1420.0,426.0
79,12,3,1437.0,464.0
79,32,0,1611.0,382.0
79,32,1,1592.0,346.0
79,32,2,1626.0,328.0
79,32,3,1646.0,366.0
79,2,0,1295.0,530.0
79,2,1,1281.0,493.0
79,2,2,1316.0,476.0
79,2,3,1331.0,513.0
79,18,0,1428.0,402.0
79,18,1,1412.0,366.0
79,18,2,1446.0,350.0
79,18,3,1464.0,384.0
79,8,0,1325.0,453.0
79,8,1,1310.0,417.0
79,8,2,1344.0,400.0
79,8,3,1360.0,434.0
79,28,0,1532.0,352.0
79,28,1,1514.0,317.0
79,28,2,1546.0,301.0
79,28,3,1566.0,337.0
79,38,0,1633.0,304.0
79,38,1,1613.0,269.0
79,38,2,1643.0,254.0
79,38,3,1665.0,288.0
79,23,0,1454.0,326.0
79,23,1,1437.0,293.0
79,23,2,1469.0,277.0
79,23,3,1487.0,309.0
79,13,0,1352.0,376.0
79,13,1,1337.0,344.0
79,13,2,1370.0,327.0
79,13,3,1386.0,360.0
79,3,0,1254.0,427.0
79,3,1,1241.0,396.0
79,3,2,1272.0,378.0
79,3,3,1287.0,410.0
80,35,0,1387.0,1083.0
80,35,1,1381.0,1050.0
80,35,2,1422.0,1041.0
80,35,3,1430.0,1075.0
80,25,0,1263.0,1108.0
80,25,1,1261.0,1076.0
80,25,2,1302.0,1067.0
80,25,3,1306.0,1100.0
80,15,0,1142.0,1127.0
80,15,1,1145.0,1095.0
80,15,2,1185.0,1090.0
80,15,3,1184.0,1123.0
80,5,0,1025.0,1135.0
80,5,1,1032.0,1104.0
80,5,2,1070.0,1101.0
80,5,3,1065.0,1132.0
80,20,0,1203.0,1074.0
80,20,1,1203.0,1044.0
80,20,2,1242.0,1036.0
80,20,3,1243.0,1065.0
80,30,0,1320.0,1050.0
80,30,1,1316.0,1021.0
80,30,2,1355.0,1012.0
80,30,3,1360.0,1041.0
80,10,0,1089.0,1087.0
80,10,1,1094.0,1058.0
80,10,2,1132.0,1055.0
80,10,3,1128.0,1084.0
80,36,0,1369.0,994.0
80,36,1,1364.0,968.0
80,36,2,1401.0,958.0
80,36,3,1408.0,984.0
80,26,0,1258.0,1019.0
80,26,1,1258.0,992.0
80,26,2,1294.0,986.0
80,26,3,1296.0,1013.0
80,0,0,982.0,1096.0
80,0,1,989.0,1068.0
80,0,2,1025.0,1066.0
80,0,3,1018.0,1093.0
80,16,0,1149.0,1040.0
80,16,1,1151.0,1013.0
80,16,2,1188.0,1008.0
80,16,3,1187.0,1034.0
80,6,0,1043.0,1051.0
80,6,1,1048.0,1026.0
80,6,2,1084.0,1022.0
80,6,3,1079.0,1048.0
80,21,0,1203.0,991.0
80,21,1,1203.0,967.0
80,21,2,1238.0,960.0
80,21,3,1240.0,984.0
80,31,0,1309.0,971.0
80,31,1,1305.0,947.0
80,31,2,1341.0,940.0
80,31,3,1344.0,962.0
80,11,0,1101.0,1008.0
80,11,1,1104.0,983.0
80,11,2,1138.0,979.0
80,11,3,1136.0,1003.0
80,1,0,1003.0,1020.0
80,1,1,1010.0,997.0
80,1,2,1041.0,992.0
80,1,3,1035.0,1017.0
80,27,0,1253.0,945.0
80,27,1,1252.0,923.0
80,27,2,1285.0,918.0
80,27,3,1288.0,939.0
80,37,0,1354.0,924.0
80,37,1,1349.0,903.0
80,37,2,1382.0,893.0
80,37,3,1388.0,912.0
80,17,0,1154.0,965.0
80,17,1,1156.0,943.0
80,17,2,1188.0,937.0
80,17,3,1188.0,959.0
80,7,0,1058.0,979.0
80,7,1,1062.0,958.0
80,7,2,1093.0,953.0
80,7,3,1090.0,975.0
80,32,0,1298.0,903.0
80,32,1,1295.0,883.0
80,32,2,1327.0,876.0
80,32,3,1331.0,896.0
80,12,0,1109.0,939.0
80,12,1,1112.0,919.0
80,12,2,1143.0,915.0
80,12,3,1142.0,935.0
80,22,0,1203.0,923.0
80,22,1,1204.0,903.0
80,22,2,1234.0,896.0
80,22,3,1236.0,916.0
80,2,0,1019.0,954.0
80,2,1,1024.0,934.0
80,2,2,1054.0,929.0
80,2,3,1049.0,950.0
80,28,0,1248.0,883.0
80,28,1,1246.0,865.0
80,28,2,1277.0,858.0
80,28,3,1279.0,877.0
80,18,0,1157.0,902.0
80,18,1,1158.0,883.0
80,18,2,1188.0,878.0
80,18,3,1188.0,897.0
80,8,0,1069.0,917.0
80,8,1,1072.0,898.0
80,8,2,1101.0,893.0
80,8,3,1098.0,911.0
80,33,0,1289.0,846.0
80,33,1,1286.0,828.0
80,33,2,1315.0,822.0
80,33,3,1318.0,839.0
80,23,0,1202.0,865.0
80,23,1,1202.0,848.0
80,23,2,1230.0,842.0
80,23,3,1231.0,859.0
80,13,0,1116.0,881.0
80,13,1,1118.0,865.0
80,13,2,1146.0,859.0
80,13,3,1144.0,877.0
80,39,0,1326.0,809.0
80,39,1,1323.0,793.0
80,39,2,1350.0,787.0
80,39,3,1353.0,803.0
80,3,0,1034.0,897.0
80,3,1,1038.0,880.0
80,3,2,1063.0,876.0
80,3,3,1059.0,892.0
80,4,0,1045.0,848.0
80,4,1,1048.0,833.0
80,4,2,1073.0,828.0
80,4,3,1069.0,843.0
80,9,0,1078.0,863.0
80,9,1,1082.0,847.0
80,9,2,1107.0,843.0
80,9,3,1106.0,858.0
80,14,0,1121.0,832.0
80,14,1,1122.0,817.0
80,14,2,1148.0,813.0
80,14,3,1148.0,827.0
80,19,0,1159.0,848.0
80,19,1,1160.0,833.0
80,19,2,1188.0,827.0
80,19,3,1188.0,843.0
80,24,0,1200.0,816.0
80,24,1,1199.0,802.0
80,24,2,1226.0,796.0
80,24,3,1226.0,810.0
80,29,0,1242.0,829.0
80,29,1,1241.0,814.0
80,29,2,1269.0,808.0
80,29,3,1270.0,824.0
80,34,0,1280.0,796.0
80,34,1,1277.0,782.0
80,34,2,1304.0,775.0
80,34,3,1306.0,789.0
80,38,0,1339.0,862.0
80,38,1,1336.0,843.0
80,38,2,1366.0,839.0
80,38,3,1370.0,856.0
81,5,0,1086.0,980.0
81,5,1,1100.0,959.0
81,5,2,1143.0,962.0
81,5,3,1130.0,984.0
81,20,0,1297.0,954.0
81,20,1,1303.0,932.0
81,20,2,1346.0,929.0
81,20,3,1342.0,951.0
81,10,0,1169.0,952.0
81,10,1,1178.0,933.0
81,10,2,1221.0,935.0
81,10,3,1212.0,955.0
81,21,0,1311.0,892.0
81,21,1,1317.0,875.0
81,21,2,1354.0,873.0
81,21,3,1351.0,890.0
81,11,0,1198.0,895.0
81,11,1,1206.0,879.0
81,11,2,1243.0,879.0
81,11,3,1236.0,895.0
81,17,0,1263.0,870.0
81,17,1,1268.0,855.0
81,17,2,1303.0,853.0
81,17,3,1299.0,868.0
81,0,0,1049.0,944.0
81,0,1,1064.0,926.0
81,0,2,1102.0,929.0
81,0,3,1090.0,946.0
81,6,0,1127.0,920.0
81,6,1,1138.0,903.0
81,6,2,1175.0,904.0
81,6,3,1166.0,922.0
81,7,0,1158.0,871.0
81,7,1,1168.0,857.0
81,7,2,1200.0,856.0
81,7,3,1192.0,871.0
81,12,0,1220.0,847.0
81,12,1,1227.0,834.0
81,12,2,1260.0,834.0
81,12,3,1254.0,847.0
81,15,0,1218.0,991.0
81,15,1,1227.0,968.0
81,15,2,1273.0,967.0
81,15,3,1266.0,992.0
81,16,0,1244.0,923.0
81,16,1,1250.0,905.0
81,16,2,1291.0,904.0
81,16,3,1286.0,922.0
81,18,0,1277.0,826.0
81,18,1,1283.0,814.0
81,18,2,1314.0,814.0
81,18,3,1310.0,825.0
81,19,0,1289.0,791.0
81,19,1,1293.0,782.0
81,19,2,1321.0,780.0
81,19,3,1319.0,790.0
81,22,0,1322.0,845.0
81,22,1,1326.0,831.0
81,22,2,1359.0,829.0
81,22,3,1357.0,842.0
81,23,0,1330.0,806.0
81,23,1,1332.0,795.0
81,23,2,1363.0,792.0
81,23,3,1362.0,803.0
81,25,0,1359.0,987.0
81,25,1,1363.0,962.0
81,25,2,1410.0,960.0
81,25,3,1409.0,984.0
81,26,0,1367.0,917.0
81,26,1,1369.0,899.0
81,26,2,1410.0,898.0
81,26,3,1409.0,916.0
81,27,0,1372.0,863.0
81,27,1,1374.0,849.0
81,27,2,1410.0,848.0
81,27,3,1410.0,863.0
82,35,0,1127.0,722.0
82,35,1,1129.0,688.0
82,35,2,1161.0,683.0
82,35,3,1159.0,718.0
82,30,0,1086.0,679.0
82,30,1,1091.0,648.0
82,30,2,1120.0,643.0
82,30,3,1116.0,674.0
82,25,0,1036.0,731.0
82,25,1,1041.0,699.0
82,25,2,1069.0,696.0
82,25,3,1064.0,728.0
82,36,0,1137.0,625.0
82,36,1,1140.0,596.0
82,36,2,1170.0,589.0
82,36,3,1167.0,619.0
82,31,0,1100.0,591.0
82,31,1,1103.0,564.0
82,31,2,1131.0,558.0
82,31,3,1128.0,585.0
82,37,0,1147.0,541.0
82,37,1,1150.0,517.0
82,37,2,1178.0,509.0
82,37,3,1175.0,533.0
82,27,0,1064.0,559.0
82,27,1,1069.0,534.0
82,27,2,1095.0,528.0
82,27,3,1091.0,554.0
82,21,0,1019.0,606.0
82,21,1,1023.0,581.0
82,21,2,1048.0,574.0
82,21,3,1045.0,601.0
82,16,0,974.0,653.0
82,16,1,980.0,626.0
82,16,2,1003.0,622.0
82,16,3,998.0,649.0
82,32,0,1110.0,512.0
82,32,1,1113.0,490.0
82,32,2,1139.0,482.0
82,32,3,1137.0,506.0
82,10,0,930.0,699.0
82,10,1,935.0,672.0
82,10,2,957.0,668.0
82,10,3,951.0,696.0
82,11,0,947.0,620.0
82,11,1,952.0,596.0
82,11,2,975.0,590.0
82,11,3,971.0,614.0
82,17,0,991.0,576.0
82,17,1,995.0,552.0
82,17,2,1019.0,546.0
82,17,3,1014.0,570.0
82,22,0,1034.0,531.0
82,22,1,1037.0,508.0
82,22,2,1062.0,501.0
82,22,3,1058.0,523.0
82,1,0,883.0,632.0
82,1,1,890.0,608.0
82,1,2,909.0,604.0
82,1,3,903.0,628.0
82,2,0,901.0,562.0
82,2,1,908.0,541.0
82,2,2,927.0,537.0
82,2,3,922.0,558.0
82,5,0,885.0,743.0
82,5,1,891.0,716.0
82,5,2,914.0,714.0
82,5,3,906.0,743.0
82,6,0,905.0,664.0
82,6,1,911.0,638.0
82,6,2,933.0,634.0
82,6,3,927.0,660.0
82,7,0,923.0,590.0
82,7,1,929.0,568.0
82,7,2,950.0,562.0
82,7,3,945.0,584.0
82,12,0,964.0,547.0
82,12,1,968.0,526.0
82,12,2,991.0,519.0
82,12,3,986.0,542.0
82,15,0,955.0,737.0
82,15,1,961.0,708.0
82,15,2,986.0,706.0
82,15,3,979.0,737.0
82,18,0,1005.0,505.0
82,18,1,1009.0,484.0
82,18,2,1032.0,478.0
82,18,3,1028.0,499.0
82,20,0,1004.0,691.0
82,20,1,1009.0,662.0
82,20,2,1034.0,657.0
82,20,3,1030.0,686.0
82,26,0,1051.0,641.0
82,26,1,1056.0,612.0
82,26,2,1083.0,608.0
82,26,3,1079.0,636.0
82,28,0,1077.0,486.0
82,28,1,1079.0,464.0
82,28,2,1103.0,457.0
82,28,3,1102.0,479.0
83,25,0,1202.0,929.0
83,25,1,1205.0,904.0
83,25,2,1244.0,908.0
83,25,3,1244.0,934.0
83,35,0,1321.0,946.0
83,35,1,1320.0,919.0
83,35,2,1357.0,924.0
83,35,3,1359.0,953.0
83,15,0,1084.0,909.0
83,15,1,1090.0,886.0
83,15,2,1130.0,893.0
83,15,3,1124.0,918.0
83,5,0,968.0,882.0
83,5,1,980.0,859.0
83,5,2,1018.0,868.0
83,5,3,1008.0,890.0
83,20,0,1150.0,885.0
83,20,1,1156.0,862.0
83,20,2,1192.0,867.0
83,20,3,1190.0,889.0
83,30,0,1263.0,900.0
83,30,1,1264.0,878.0
83,30,2,1299.0,882.0
83,30,3,1302.0,905.0
83,10,0,1040.0,862.0
83,10,1,1047.0,842.0
83,10,2,1084.0,849.0
83,10,3,1078.0,870.0
83,0,0,932.0,839.0
83,0,1,944.0,819.0
83,0,2,979.0,826.0
83,0,3,968.0,846.0
83,36,0,1318.0,873.0
83,36,1,1316.0,855.0
83,36,2,1349.0,856.0
83,36,3,1353.0,877.0
83,26,0,1211.0,859.0
83,26,1,1213.0,840.0
83,26,2,1248.0,846.0
83,26,3,1248.0,864.0
83,6,0,1000.0,820.0
83,6,1,1010.0,803.0
83,6,2,1043.0,810.0
83,6,3,1036.0,828.0
83,21,0,1164.0,822.0
83,21,1,1167.0,805.0
83,21,2,1200.0,809.0
83,21,3,1199.0,827.0
83,31,0,1265.0,839.0
83,31,1,1265.0,821.0
83,31,2,1298.0,825.0
83,31,3,1299.0,842.0
83,1,0,966.0,786.0
83,1,1,975.0,771.0
83,1,2,1007.0,776.0
83,1,3,999.0,791.0
83,27,0,1218.0,803.0
83,27,1,1219.0,786.0
83,27,2,1250.0,792.0
83,27,3,1250.0,809.0
83,17,0,1121.0,789.0
83,17,1,1125.0,774.0
83,17,2,1157.0,778.0
83,17,3,1154.0,793.0
83,32,0,1265.0,786.0
83,32,1,1265.0,772.0
83,32,2,1295.0,776.0
83,32,3,1296.0,791.0
83,2,0,993.0,740.0
83,2,1,1001.0,728.0
83,2,2,1030.0,732.0
83,2,3,1024.0,745.0
83,13,0,1098.0,715.0
83,13,1,1103.0,704.0
83,13,2,1130.0,709.0
83,13,3,1127.0,720.0
83,7,0,1026.0,769.0
83,7,1,1033.0,756.0
83,7,2,1064.0,761.0
83,7,3,1058.0,776.0
83,11,0,1063.0,804.0
83,11,1,1069.0,788.0
83,11,2,1103.0,794.0
83,11,3,1098.0,810.0
83,12,0,1082.0,755.0
83,12,1,1088.0,741.0
83,12,2,1117.0,748.0
83,12,3,1114.0,761.0
83,16,0,1104.0,843.0
83,16,1,1110.0,824.0
83,16,2,1144.0,829.0
83,16,3,1141.0,849.0
83,22,0,1174.0,772.0
83,22,1,1176.0,758.0
83,22,2,1206.0,761.0
83,22,3,1205.0,775.0
83,24,0,1188.0,695.0
83,24,1,1190.0,685.0
83,24,2,1215.0,688.0
83,24,3,1214.0,697.0
83,28,0,1222.0,756.0
83,28,1,1223.0,743.0
83,28,2,1252.0,747.0
83,28,3,1252.0,761.0
83,33,0,1266.0,742.0
83,33,1,1266.0,729.0
83,33,2,1293.0,734.0
83,33,3,1293.0,747.0
83,37,0,1314.0,819.0
83,37,1,1312.0,803.0
83,37,2,1342.0,805.0
83,37,3,1345.0,819.0
84,39,0,952.0,359.0
84,39,1,927.0,344.0
84,39,2,948.0,323.0
84,39,3,972.0,338.0
84,33,0,957.0,409.0
84,33,1,934.0,396.0
84,33,2,953.0,375.0
84,33,3,976.0,389.0
84,29,0,895.0,415.0
84,29,1,870.0,402.0
84,29,2,888.0,383.0
84,29,3,913.0,398.0
84,38,0,1019.0,401.0
84,38,1,997.0,388.0
84,38,2,1016.0,368.0
84,38,3,1038.0,381.0
84,19,0,843.0,467.0
84,19,1,819.0,455.0
84,19,2,835.0,436.0
84,19,3,860.0,448.0
84,24,0,833.0,421.0
84,24,1,808.0,409.0
84,24,2,824.0,391.0
84,24,3,849.0,403.0
84,32,0,1020.0,447.0
84,32,1,999.0,435.0
84,32,2,1018.0,417.0
84,32,3,1039.0,429.0
84,37,0,1078.0,440.0
84,37,1,1058.0,427.0
84,37,2,1079.0,410.0
84,37,3,1098.0,425.0
84,14,0,786.0,475.0
84,14,1,761.0,464.0
84,14,2,775.0,447.0
84,14,3,800.0,458.0
84,23,0,902.0,458.0
84,23,1,879.0,446.0
84,23,2,896.0,430.0
84,23,3,919.0,442.0
84,28,0,961.0,452.0
84,28,1,939.0,440.0
84,28,2,957.0,424.0
84,28,3,979.0,436.0
84,18,0,908.0,500.0
84,18,1,887.0,489.0
84,18,2,903.0,472.0
84,18,3,925.0,483.0
84,13,0,853.0,507.0
84,13,1,830.0,497.0
84,13,2,846.0,481.0
84,13,3,869.0,491.0
84,22,0,964.0,492.0
84,22,1,944.0,481.0
84,22,2,962.0,465.0
84,22,3,982.0,476.0
84,31,0,1076.0,482.0
84,31,1,1058.0,471.0
84,31,2,1077.0,454.0
84,31,3,1095.0,468.0
84,12,0,914.0,537.0
84,12,1,894.0,528.0
84,12,2,911.0,512.0
84,12,3,931.0,522.0
84,9,0,798.0,514.0
84,9,1,775.0,504.0
84,9,2,788.0,489.0
84,9,3,811.0,499.0
84,27,0,1021.0,486.0
84,27,1,1003.0,476.0
84,27,2,1019.0,462.0
84,27,3,1038.0,472.0
84,36,0,1130.0,476.0
84,36,1,1115.0,465.0
84,36,2,1135.0,450.0
84,36,3,1150.0,462.0
84,4,0,744.0,519.0
84,4,1,720.0,509.0
84,4,2,733.0,495.0
84,4,3,756.0,505.0
84,17,0,968.0,530.0
84,17,1,949.0,520.0
84,17,2,966.0,505.0
84,17,3,985.0,516.0
84,21,0,1020.0,523.0
84,21,1,1004.0,512.0
84,21,2,1021.0,498.0
84,21,3,1039.0,509.0
84,8,0,860.0,543.0
84,8,1,840.0,533.0
84,8,2,855.0,520.0
84,8,3,876.0,530.0
84,3,0,809.0,548.0
84,3,1,787.0,539.0
84,3,2,800.0,526.0
84,3,3,822.0,535.0
84,2,0,869.0,575.0
84,2,1,849.0,566.0
84,2,2,864.0,553.0
84,2,3,883.0,562.0
84,11,0,971.0,564.0
84,11,1,953.0,555.0
84,11,2,969.0,542.0
84,11,3,987.0,551.0
84,30,0,1127.0,512.0
84,30,1,1111.0,503.0
84,30,2,1129.0,490.0
84,30,3,1144.0,499.0
84,10,0,1024.0,590.0
84,10,1,1007.0,582.0
84,10,2,1022.0,570.0
84,10,3,1039.0,578.0
84,5,0,1023.0,619.0
84,5,1,1009.0,612.0
84,5,2,1022.0,602.0
84,5,3,1038.0,609.0
84,1,0,926.0,599.0
84,1,1,907.0,592.0
84,1,2,922.0,581.0
84,1,3,939.0,588.0
84,6,0,974.0,595.0
84,6,1,957.0,587.0
84,6,2,972.0,575.0
84,6,3,990.0,584.0
84,7,0,920.0,569.0
84,7,1,901.0,560.0
84,7,2,916.0,549.0
84,7,3,935.0,557.0
84,20,0,1073.0,552.0
84,20,1,1057.0,543.0
84,20,2,1074.0,530.0
84,20,3,1090.0,539.0
84,26,0,1075.0,517.0
84,26,1,1058.0,508.0
84,26,2,1074.0,495.0
84,26,3,1092.0,504.0
84,34,0,887.0,367.0
84,34,1,861.0,353.0
84,34,2,880.0,332.0
84,34,3,906.0,347.0
84,35,0,1178.0,507.0
84,35,1,1163.0,498.0
84,35,2,1183.0,485.0
84,35,3,1196.0,495.0
85,39,0,1053.0,395.0
85,39,1,1027.0,374.0
85,39,2,1048.0,349.0
85,39,3,1075.0,369.0
85,34,0,987.0,401.0
85,34,1,960.0,382.0
85,34,2,979.0,356.0
85,34,3,1007.0,376.0
85,29,0,994.0,465.0
85,29,1,969.0,446.0
85,29,2,988.0,420.0
85,29,3,1014.0,440.0
85,33,0,1060.0,459.0
85,33,1,1035.0,440.0
85,33,2,1055.0,415.0
85,33,3,1080.0,434.0
85,38,0,1125.0,453.0
85,38,1,1101.0,434.0
85,38,2,1121.0,409.0
85,38,3,1146.0,428.0
85,24,0,929.0,470.0
85,24,1,903.0,451.0
85,24,2,922.0,427.0
85,24,3,948.0,446.0
85,23,0,1001.0,525.0
85,23,1,976.0,506.0
85,23,2,996.0,483.0
85,23,3,1021.0,502.0
85,19,0,938.0,531.0
85,19,1,912.0,513.0
85,19,2,931.0,489.0
85,19,3,956.0,507.0
85,28,0,1065.0,520.0
85,28,1,1041.0,502.0
85,28,2,1061.0,478.0
85,28,3,1085.0,497.0
85,32,0,1129.0,515.0
85,32,1,1105.0,496.0
85,32,2,1126.0,473.0
85,32,3,1149.0,492.0
85,14,0,875.0,538.0
85,14,1,849.0,520.0
85,14,2,867.0,496.0
85,14,3,892.0,515.0
85,18,0,1007.0,584.0
85,18,1,983.0,566.0
85,18,2,1002.0,543.0
85,18,3,1027.0,561.0
85,37,0,1192.0,509.0
85,37,1,1169.0,491.0
85,37,2,1189.0,468.0
85,37,3,1213.0,488.0
85,13,0,945.0,590.0
85,13,1,921.0,572.0
85,13,2,939.0,550.0
85,13,3,964.0,567.0
85,22,0,1070.0,577.0
85,22,1,1046.0,559.0
85,22,2,1065.0,538.0
85,22,3,1090.0,556.0
85,12,0,1013.0,639.0
85,12,1,990.0,623.0
85,12,2,1008.0,601.0
85,12,3,1033.0,618.0
85,27,0,1132.0,572.0
85,27,1,1109.0,555.0
85,27,2,1129.0,534.0
85,27,3,1152.0,552.0
85,31,0,1193.0,568.0
85,31,1,1171.0,551.0
85,31,2,1191.0,528.0
85,31,3,1212.0,546.0
85,9,0,885.0,594.0
85,9,1,860.0,577.0
85,9,2,877.0,556.0
85,9,3,902.0,573.0
85,17,0,1074.0,633.0
85,17,1,1051.0,616.0
85,17,2,1070.0,595.0
85,17,3,1093.0,612.0
85,21,0,1134.0,627.0
85,21,1,1111.0,610.0
85,21,2,1132.0,589.0
85,21,3,1153.0,606.0
85,36,0,1251.0,563.0
85,36,1,1232.0,545.0
85,36,2,1253.0,524.0
85,36,3,1273.0,542.0
85,4,0,826.0,599.0
85,4,1,802.0,582.0
85,4,2,817.0,561.0
85,4,3,842.0,578.0
85,8,0,954.0,643.0
85,8,1,929.0,626.0
85,8,2,947.0,607.0
85,8,3,971.0,623.0
85,30,0,1249.0,617.0
85,30,1,1230.0,601.0
85,30,2,1252.0,581.0
85,30,3,1271.0,598.0
85,3,0,894.0,647.0
85,3,1,871.0,631.0
85,3,2,887.0,611.0
85,3,3,911.0,627.0
85,11,0,1077.0,685.0
85,11,1,1055.0,669.0
85,11,2,1074.0,650.0
85,11,3,1096.0,665.0
85,20,0,1192.0,675.0
85,20,1,1172.0,659.0
85,20,2,1192.0,639.0
85,20,3,1212.0,655.0
85,26,0,1192.0,622.0
85,26,1,1172.0,605.0
85,26,2,1193.0,586.0
85,26,3,1212.0,603.0
85,7,0,1018.0,689.0
85,7,1,996.0,673.0
85,7,2,1014.0,655.0
85,7,3,1037.0,670.0
85,2,0,960.0,693.0
85,2,1,938.0,677.0
85,2,2,955.0,658.0
85,2,3,978.0,674.0
85,16,0,1136.0,679.0
85,16,1,1114.0,664.0
85,16,2,1133.0,644.0
85,16,3,1154.0,660.0
85,6,0,1079.0,733.0
85,6,1,1058.0,718.0
85,6,2,1077.0,700.0
85,6,3,1098.0,715.0
85,25,0,1247.0,669.0
85,25,1,1229.0,654.0
85,25,2,1249.0,634.0
85,25,3,1267.0,650.0
85,10,0,1136.0,729.0
85,10,1,1116.0,714.0
85,10,2,1134.0,696.0
85,10,3,1155.0,711.0
85,35,0,1306.0,612.0
85,35,1,1288.0,597.0
85,35,2,1310.0,578.0
85,35,3,1326.0,594.0
85,15,0,1191.0,724.0
85,15,1,1173.0,709.0
85,15,2,1192.0,690.0
85,15,3,1210.0,706.0
85,1,0,1023.0,736.0
85,1,1,1002.0,721.0
85,1,2,1019.0,705.0
85,1,3,1040.0,718.0
85,0,0,1082.0,777.0
85,0,1,1062.0,763.0
85,0,2,1080.0,747.0
85,0,3,1100.0,761.0
85,5,0,1136.0,773.0
85,5,1,1117.0,760.0
85,5,2,1135.0,743.0
85,5,3,1155.0,758.0
86,34,0,1020.0,277.0
86,34,1,998.0,259.0
86,34,2,1027.0,240.0
86,34,3,1048.0,258.0
86,39,0,1089.0,273.0
86,39,1,1071.0,256.0
86,39,2,1101.0,238.0
86,39,3,1118.0,255.0
86,24,0,941.0,328.0
86,24,1,920.0,313.0
86,24,2,946.0,295.0
86,24,3,968.0,312.0
86,29,0,1011.0,326.0
86,29,1,991.0,310.0
86,29,2,1018.0,293.0
86,29,3,1038.0,309.0
86,19,0,940.0,376.0
86,19,1,918.0,362.0
86,19,2,942.0,343.0
86,19,3,963.0,357.0
86,14,0,875.0,383.0
86,14,1,851.0,370.0
86,14,2,873.0,352.0
86,14,3,897.0,365.0
86,33,0,1077.0,324.0
86,33,1,1060.0,309.0
86,33,2,1086.0,290.0
86,33,3,1104.0,306.0
86,38,0,1141.0,321.0
86,38,1,1125.0,305.0
86,38,2,1153.0,288.0
86,38,3,1167.0,303.0
86,23,0,1005.0,369.0
86,23,1,985.0,357.0
86,23,2,1009.0,341.0
86,23,3,1028.0,354.0
86,9,0,876.0,422.0
86,9,1,853.0,412.0
86,9,2,874.0,396.0
86,9,3,896.0,407.0
86,18,0,999.0,411.0
86,18,1,979.0,400.0
86,18,2,1002.0,383.0
86,18,3,1020.0,395.0
86,13,0,938.0,417.0
86,13,1,917.0,406.0
86,13,2,938.0,391.0
86,13,3,959.0,402.0
86,4,0,813.0,426.0
86,4,1,789.0,416.0
86,4,2,808.0,402.0
86,4,3,832.0,413.0
86,32,0,1126.0,365.0
86,32,1,1112.0,352.0
86,32,2,1137.0,336.0
86,32,3,1151.0,350.0
86,3,0,876.0,457.0
86,3,1,854.0,447.0
86,3,2,874.0,434.0
86,3,3,895.0,444.0
86,37,0,1184.0,361.0
86,37,1,1171.0,348.0
86,37,2,1196.0,334.0
86,37,3,1208.0,350.0
86,8,0,934.0,453.0
86,8,1,915.0,443.0
86,8,2,935.0,430.0
86,8,3,955.0,440.0
86,22,0,1058.0,405.0
86,22,1,1040.0,394.0
86,22,2,1062.0,381.0
86,22,3,1079.0,392.0
86,12,0,993.0,448.0
86,12,1,975.0,439.0
86,12,2,995.0,424.0
86,12,3,1013.0,434.0
86,2,0,931.0,484.0
86,2,1,913.0,476.0
86,2,2,932.0,463.0
86,2,3,951.0,472.0
86,17,0,1049.0,442.0
86,17,1,1032.0,433.0
86,17,2,1053.0,419.0
86,17,3,1068.0,428.0
86,21,0,1102.0,438.0
86,21,1,1087.0,428.0
86,21,2,1108.0,415.0
86,21,3,1123.0,424.0
86,26,0,1155.0,434.0
86,26,1,1142.0,425.0
86,26,2,1163.0,413.0
86,26,3,1175.0,422.0
86,1,0,982.0,508.0
86,1,1,966.0,501.0
86,1,2,983.0,491.0
86,1,3,999.0,498.0
86,0,0,1026.0,531.0
86,0,1,1011.0,525.0
86,0,2,1029.0,515.0
86,0,3,1042.0,522.0
86,6,0,1032.0,505.0
86,6,1,1017.0,498.0
86,6,2,1037.0,486.0
86,6,3,1050.0,494.0
86,7,0,985.0,480.0
86,7,1,969.0,470.0
86,7,2,990.0,459.0
86,7,3,1005.0,468.0
86,11,0,1040.0,475.0
86,11,1,1024.0,467.0
86,11,2,1044.0,455.0
86,11,3,1059.0,463.0
86,16,0,1093.0,470.0
86,16,1,1078.0,462.0
86,16,2,1097.0,450.0
86,16,3,1110.0,458.0
86,25,0,1190.0,463.0
86,25,1,1179.0,455.0
86,25,2,1199.0,443.0
86,25,3,1209.0,452.0
86,27,0,1115.0,402.0
86,27,1,1100.0,393.0
86,27,2,1123.0,379.0
86,27,3,1137.0,390.0
86,28,0,1068.0,367.0
86,28,1,1050.0,355.0
86,28,2,1075.0,339.0
86,28,3,1091.0,352.0
86,30,0,1206.0,431.0
86,30,1,1193.0,422.0
86,30,2,1216.0,411.0
86,30,3,1226.0,421.0
86,31,0,1168.0,401.0
86,31,1,1157.0,391.0
86,31,2,1180.0,377.0
86,31,3,1191.0,388.0
86,36,0,1221.0,399.0
86,36,1,1211.0,387.0
86,36,2,1233.0,375.0
86,36,3,1244.0,387.0
87,25,0,1197.0,928.0
87,25,1,1200.0,903.0
87,25,2,1240.0,908.0
87,25,3,1238.0,934.0
87,35,0,1316.0,946.0
87,35,1,1315.0,920.0
87,35,2,1353.0,925.0
87,35,3,1355.0,953.0
87,15,0,1078.0,906.0
87,15,1,1086.0,883.0
87,15,2,1125.0,891.0
87,15,3,1118.0,916.0
87,5,0,963.0,879.0
87,5,1,975.0,856.0
87,5,2,1013.0,864.0
87,5,3,1002.0,887.0
87,20,0,1146.0,883.0
87,20,1,1150.0,861.0
87,20,2,1188.0,865.0
87,20,3,1185.0,888.0
87,10,0,1035.0,859.0
87,10,1,1043.0,838.0
87,10,2,1080.0,847.0
87,10,3,1072.0,868.0
87,30,0,1258.0,899.0
87,30,1,1259.0,878.0
87,30,2,1296.0,883.0
87,30,3,1297.0,905.0
87,0,0,927.0,835.0
87,0,1,939.0,816.0
87,0,2,974.0,823.0
87,0,3,964.0,842.0
87,26,0,1207.0,858.0
87,26,1,1209.0,838.0
87,26,2,1244.0,845.0
87,26,3,1243.0,864.0
87,16,0,1100.0,841.0
87,16,1,1105.0,823.0
87,16,2,1141.0,828.0
87,16,3,1137.0,846.0
87,6,0,996.0,816.0
87,6,1,1005.0,800.0
87,6,2,1039.0,808.0
87,6,3,1031.0,825.0
87,21,0,1160.0,821.0
87,21,1,1163.0,804.0
87,21,2,1197.0,808.0
87,21,3,1194.0,826.0
87,11,0,1059.0,802.0
87,11,1,1065.0,786.0
87,11,2,1099.0,792.0
87,11,3,1094.0,808.0
87,1,0,962.0,783.0
87,1,1,972.0,767.0
87,1,2,1003.0,772.0
87,1,3,995.0,788.0
87,27,0,1215.0,802.0
87,27,1,1216.0,785.0
87,27,2,1246.0,791.0
87,27,3,1246.0,808.0
87,17,0,1118.0,787.0
87,17,1,1121.0,772.0
87,17,2,1153.0,776.0
87,17,3,1150.0,791.0
87,37,0,1310.0,819.0
87,37,1,1308.0,803.0
87,37,2,1339.0,806.0
87,37,3,1342.0,820.0
87,22,0,1171.0,771.0
87,22,1,1174.0,756.0
87,22,2,1204.0,760.0
87,22,3,1202.0,774.0
87,2,0,990.0,737.0
87,2,1,998.0,724.0
87,2,2,1027.0,730.0
87,2,3,1020.0,742.0
87,7,0,1023.0,766.0
87,7,1,1030.0,753.0
87,7,2,1061.0,758.0
87,7,3,1055.0,773.0
87,12,0,1080.0,753.0
87,12,1,1084.0,740.0
87,12,2,1114.0,746.0
87,12,3,1111.0,759.0
87,18,0,1131.0,741.0
87,18,1,1134.0,729.0
87,18,2,1163.0,734.0
87,18,3,1161.0,746.0
87,23,0,1180.0,729.0
87,23,1,1181.0,718.0
87,23,2,1208.0,720.0
87,23,3,1208.0,732.0
87,28,0,1220.0,755.0
87,28,1,1220.0,743.0
87,28,2,1249.0,746.0
87,28,3,1249.0,760.0
87,29,0,1224.0,716.0
87,29,1,1224.0,705.0
87,29,2,1250.0,709.0
87,29,3,1250.0,719.0
87,32,0,1262.0,786.0
87,32,1,1262.0,772.0
87,32,2,1292.0,776.0
87,32,3,1293.0,791.0
87,33,0,1263.0,741.0
87,33,1,1263.0,730.0
87,33,2,1290.0,734.0
87,33,3,1291.0,747.0
87,36,0,1313.0,874.0
87,36,1,1312.0,854.0
87,36,2,1346.0,857.0
87,36,3,1349.0,878.0
88,31,0,1642.0,533.0
88,31,1,1626.0,490.0
88,31,2,1664.0,472.0
88,31,3,1681.0,516.0
88,7,0,1343.0,596.0
88,7,1,1326.0,556.0
88,7,2,1366.0,538.0
88,7,3,1383.0,579.0
88,21,0,1533.0,583.0
88,21,1,1517.0,540.0
88,21,2,1557.0,522.0
88,21,3,1574.0,565.0
88,22,0,1484.0,463.0
88,22,1,1465.0,421.0
88,22,2,1504.0,402.0
88,22,3,1523.0,444.0
88,17,0,1454.0,548.0
88,17,1,1437.0,505.0
88,17,2,1477.0,488.0
88,17,3,1494.0,530.0
88,11,0,1421.0,631.0
88,11,1,1405.0,590.0
88,11,2,1446.0,572.0
88,11,3,1462.0,615.0
88,37,0,1671.0,447.0
88,37,1,1653.0,403.0
88,37,2,1691.0,386.0
88,37,3,1710.0,428.0
88,27,0,1564.0,497.0
88,27,1,1547.0,454.0
88,27,2,1585.0,436.0
88,27,3,1603.0,480.0
88,16,0,1500.0,667.0
88,16,1,1485.0,624.0
88,16,2,1525.0,607.0
88,16,3,1540.0,650.0
88,26,0,1611.0,619.0
88,26,1,1596.0,575.0
88,26,2,1635.0,558.0
88,26,3,1650.0,601.0
88,32,0,1591.0,412.0
88,32,1,1572.0,370.0
88,32,2,1609.0,351.0
88,32,3,1629.0,394.0
88,36,0,1719.0,570.0
88,36,1,1703.0,526.0
88,36,2,1742.0,509.0
88,36,3,1757.0,552.0
88,12,0,1373.0,514.0
88,12,1,1356.0,472.0
88,12,2,1395.0,455.0
88,12,3,1413.0,496.0
88,20,0,1576.0,703.0
88,20,1,1562.0,660.0
88,20,2,1601.0,643.0
88,20,3,1615.0,686.0
88,18,0,1401.0,430.0
88,18,1,1383.0,390.0
88,18,2,1421.0,371.0
88,18,3,1441.0,411.0
88,30,0,1684.0,655.0
88,30,1,1671.0,612.0
88,30,2,1709.0,595.0
88,30,3,1723.0,639.0
88,10,0,1463.0,747.0
88,10,1,1450.0,706.0
88,10,2,1491.0,691.0
88,10,3,1504.0,733.0
88,6,0,1388.0,711.0
88,6,1,1372.0,671.0
88,6,2,1412.0,654.0
88,6,3,1428.0,695.0
88,28,0,1510.0,377.0
88,28,1,1491.0,336.0
88,28,2,1528.0,319.0
88,28,3,1548.0,360.0
88,38,0,1615.0,327.0
88,38,1,1595.0,285.0
88,38,2,1630.0,268.0
88,38,3,1652.0,309.0
88,23,0,1428.0,346.0
88,23,1,1408.0,307.0
88,23,2,1444.0,288.0
88,23,3,1466.0,327.0
88,15,0,1538.0,784.0
88,15,1,1526.0,743.0
88,15,2,1566.0,727.0
88,15,3,1578.0,768.0
88,1,0,1311.0,675.0
88,1,1,1296.0,635.0
88,1,2,1334.0,619.0
88,1,3,1351.0,660.0
88,8,0,1293.0,482.0
88,8,1,1276.0,443.0
88,8,2,1313.0,424.0
88,8,3,1332.0,463.0
88,25,0,1648.0,738.0
88,25,1,1636.0,696.0
88,25,2,1675.0,680.0
88,25,3,1686.0,722.0
88,2,0,1265.0,563.0
88,2,1,1249.0,524.0
88,2,2,1287.0,506.0
88,2,3,1303.0,546.0
88,13,0,1321.0,400.0
88,13,1,1302.0,362.0
88,13,2,1339.0,343.0
88,13,3,1358.0,381.0
88,35,0,1754.0,691.0
88,35,1,1743.0,649.0
88,35,2,1781.0,633.0
88,35,3,1791.0,674.0
88,33,0,1533.0,294.0
88,33,1,1513.0,255.0
88,33,2,1548.0,238.0
88,33,3,1569.0,277.0
88,19,0,1346.0,318.0
88,19,1,1326.0,281.0
88,19,2,1362.0,262.0
88,19,3,1383.0,298.0
88,0,0,1353.0,785.0
88,0,1,1339.0,747.0
88,0,2,1379.0,733.0
88,0,3,1393.0,772.0
88,29,0,1451.0,264.0
88,29,1,1430.0,227.0
88,29,2,1465.0,209.0
88,29,3,1487.0,246.0
88,5,0,1426.0,821.0
88,5,1,1414.0,782.0
88,5,2,1453.0,769.0
88,5,3,1466.0,808.0
88,39,0,1553.0,214.0
88,39,1,1531.0,176.0
88,39,2,1565.0,160.0
88,39,3,1587.0,197.0
88,3,0,1217.0,453.0
88,3,1,1200.0,415.0
88,3,2,1234.0,397.0
88,3,3,1253.0,434.0
88,9,0,1242.0,373.0
88,9,1,1224.0,337.0
88,9,2,1259.0,318.0
88,9,3,1277.0,354.0
88,24,0,1368.0,237.0
88,24,1,1348.0,202.0
88,24,2,1382.0,184.0
88,24,3,1403.0,220.0
88,34,0,1471.0,185.0
88,34,1,1449.0,150.0
88,34,2,1482.0,133.0
88,34,3,1505.0,168.0
88,14,0,1265.0,293.0
88,14,1,1247.0,259.0
88,14,2,1282.0,240.0
88,14,3,1301.0,273.0
88,4,0,1166.0,349.0
88,4,1,1149.0,316.0
88,4,2,1183.0,296.0
88,4,3,1200.0,330.0
89,35,0,1172.0,1119.0
89,35,1,1185.0,1083.0
89,35,2,1232.0,1089.0
89,35,3,1221.0,1128.0
89,25,0,1036.0,1099.0
89,25,1,1053.0,1067.0
89,25,2,1097.0,1072.0
89,25,3,1082.0,1105.0
89,15,0,915.0,1078.0
89,15,1,936.0,1050.0
89,15,2,975.0,1056.0
89,15,3,955.0,1087.0
89,30,0,1123.0,1060.0
89,30,1,1137.0,1033.0
89,30,2,1180.0,1035.0
89,30,3,1168.0,1066.0
89,20,0,1001.0,1046.0
89,20,1,1018.0,1019.0
89,20,2,1058.0,1022.0
89,20,3,1041.0,1051.0
89,36,0,1205.0,1023.0
89,36,1,1215.0,995.0
89,36,2,1257.0,997.0
89,36,3,1250.0,1025.0
89,5,0,809.0,1048.0
89,5,1,831.0,1024.0
89,5,2,866.0,1032.0
89,5,3,844.0,1058.0
89,26,0,1083.0,1011.0
89,26,1,1096.0,987.0
89,26,2,1136.0,991.0
89,26,3,1124.0,1017.0
89,10,0,892.0,1026.0
89,10,1,911.0,1001.0
89,10,2,947.0,1008.0
89,10,3,928.0,1034.0
89,16,0,972.0,1000.0
89,16,1,988.0,975.0
89,16,2,1024.0,979.0
89,16,3,1009.0,1004.0
89,31,0,1160.0,981.0
89,31,1,1170.0,958.0
89,31,2,1209.0,960.0
89,31,3,1200.0,983.0
89,21,0,1048.0,970.0
89,21,1,1062.0,947.0
89,21,2,1098.0,950.0
89,21,3,1086.0,973.0
89,0,0,795.0,1002.0
89,0,1,815.0,980.0
89,0,2,847.0,986.0
89,0,3,826.0,1009.0
89,6,0,871.0,980.0
89,6,1,890.0,959.0
89,6,2,922.0,965.0
89,6,3,904.0,987.0
89,37,0,1231.0,950.0
89,37,1,1238.0,929.0
89,37,2,1277.0,927.0
89,37,3,1270.0,948.0
89,27,0,1120.0,941.0
89,27,1,1131.0,920.0
89,27,2,1167.0,924.0
89,27,3,1158.0,945.0
89,11,0,946.0,957.0
89,11,1,962.0,936.0
89,11,2,995.0,940.0
89,11,3,980.0,962.0
89,32,0,1187.0,914.0
89,32,1,1196.0,895.0
89,32,2,1231.0,896.0
89,32,3,1224.0,917.0
89,17,0,1017.0,932.0
89,17,1,1031.0,913.0
89,17,2,1064.0,916.0
89,17,3,1052.0,935.0
89,1,0,855.0,943.0
89,1,1,872.0,924.0
89,1,2,902.0,927.0
89,1,3,884.0,947.0
89,7,0,925.0,920.0
89,7,1,939.0,903.0
89,7,2,968.0,906.0
89,7,3,955.0,924.0
89,22,0,1086.0,907.0
89,22,1,1096.0,889.0
89,22,2,1129.0,890.0
89,22,3,1119.0,909.0
89,12,0,992.0,897.0
89,12,1,1005.0,880.0
89,12,2,1034.0,884.0
89,12,3,1023.0,901.0
89,28,0,1149.0,882.0
89,28,1,1158.0,865.0
89,28,2,1191.0,866.0
89,28,3,1183.0,885.0
89,18,0,1055.0,876.0
89,18,1,1065.0,860.0
89,18,2,1097.0,862.0
89,18,3,1087.0,879.0
89,2,0,904.0,888.0
89,2,1,920.0,872.0
89,2,2,947.0,876.0
89,2,3,933.0,892.0
89,23,0,1116.0,854.0
89,23,1,1124.0,839.0
89,23,2,1155.0,840.0
89,23,3,1146.0,855.0
89,29,0,1173.0,832.0
89,29,1,1180.0,817.0
89,29,2,1210.0,819.0
89,29,3,1204.0,833.0
89,3,0,947.0,843.0
89,3,1,960.0,829.0
89,3,2,986.0,831.0
89,3,3,973.0,844.0
89,24,0,1141.0,809.0
89,24,1,1149.0,796.0
89,24,2,1176.0,796.0
89,24,3,1170.0,809.0
89,8,0,967.0,868.0
89,8,1,980.0,853.0
89,8,2,1008.0,855.0
89,8,3,996.0,870.0
89,9,0,1005.0,824.0
89,9,1,1016.0,811.0
89,9,2,1041.0,813.0
89,9,3,1032.0,825.0
89,13,0,1029.0,848.0
89,13,1,1040.0,834.0
89,13,2,1067.0,836.0
89,13,3,1057.0,850.0
89,14,0,1059.0,806.0
89,14,1,1068.0,793.0
89,14,2,1095.0,794.0
89,14,3,1086.0,807.0
89,19,0,1086.0,829.0
89,19,1,1096.0,815.0
89,19,2,1123.0,816.0
89,19,3,1115.0,830.0
89,33,0,1209.0,858.0
89,33,1,1215.0,842.0
89,33,2,1248.0,843.0
89,33,3,1242.0,860.0
89,34,0,1227.0,811.0
89,34,1,1232.0,797.0
89,34,2,1261.0,796.0
89,34,3,1257.0,811.0
89,38,0,1250.0,887.0
89,38,1,1255.0,870.0
89,38,2,1289.0,870.0
89,38,3,1286.0,889.0
90,39,0,971.0,369.0
90,39,1,946.0,352.0
90,39,2,965.0,330.0
90,39,3,990.0,345.0
90,33,0,979.0,424.0
90,33,1,954.0,408.0
90,33,2,973.0,387.0
90,33,3,997.0,403.0
90,38,0,1041.0,417.0
90,38,1,1018.0,402.0
90,38,2,1036.0,380.0
90,38,3,1060.0,395.0
90,29,0,917.0,430.0
90,29,1,891.0,414.0
90,29,2,908.0,395.0
90,29,3,934.0,411.0
90,24,0,856.0,436.0
90,24,1,830.0,422.0
90,24,2,845.0,402.0
90,24,3,871.0,417.0
90,19,0,867.0,487.0
90,19,1,842.0,474.0
90,19,2,858.0,453.0
90,19,3,882.0,467.0
90,32,0,1045.0,469.0
90,32,1,1023.0,455.0
90,32,2,1042.0,434.0
90,32,3,1063.0,448.0
90,37,0,1104.0,462.0
90,37,1,1083.0,448.0
90,37,2,1103.0,428.0
90,37,3,1124.0,444.0
90,28,0,985.0,474.0
90,28,1,962.0,460.0
90,28,2,980.0,441.0
90,28,3,1002.0,455.0
90,14,0,809.0,495.0
90,14,1,784.0,483.0
90,14,2,797.0,463.0
90,14,3,823.0,476.0
90,23,0,926.0,479.0
90,23,1,902.0,466.0
90,23,2,918.0,447.0
90,23,3,942.0,461.0
90,18,0,934.0,527.0
90,18,1,911.0,514.0
90,18,2,928.0,495.0
90,18,3,949.0,508.0
90,27,0,1048.0,515.0
90,27,1,1027.0,502.0
90,27,2,1045.0,485.0
90,27,3,1066.0,499.0
90,13,0,877.0,534.0
90,13,1,854.0,522.0
90,13,2,868.0,504.0
90,13,3,892.0,517.0
90,31,0,1106.0,510.0
90,31,1,1086.0,498.0
90,31,2,1104.0,479.0
90,31,3,1124.0,493.0
90,22,0,990.0,520.0
90,22,1,969.0,507.0
90,22,2,985.0,490.0
90,22,3,1007.0,502.0
90,9,0,820.0,540.0
90,9,1,799.0,528.0
90,9,2,812.0,511.0
90,9,3,834.0,524.0
90,21,0,1051.0,558.0
90,21,1,1031.0,546.0
90,21,2,1047.0,530.0
90,21,3,1068.0,542.0
90,17,0,996.0,564.0
90,17,1,976.0,553.0
90,17,2,992.0,535.0
90,17,3,1012.0,548.0
90,4,0,767.0,545.0
90,4,1,744.0,533.0
90,4,2,755.0,517.0
90,4,3,779.0,529.0
90,8,0,886.0,576.0
90,8,1,865.0,564.0
90,8,2,879.0,549.0
90,8,3,900.0,560.0
90,3,0,833.0,580.0
90,3,1,811.0,568.0
90,3,2,824.0,554.0
90,3,3,846.0,566.0
90,30,0,1158.0,547.0
90,30,1,1142.0,536.0
90,30,2,1162.0,521.0
90,30,3,1177.0,533.0
90,2,0,894.0,614.0
90,2,1,875.0,603.0
90,2,2,889.0,589.0
90,2,3,909.0,600.0
90,12,0,941.0,570.0
90,12,1,920.0,559.0
90,12,2,935.0,542.0
90,12,3,956.0,554.0
90,16,0,1053.0,599.0
90,16,1,1035.0,588.0
90,16,2,1051.0,573.0
90,16,3,1069.0,584.0
90,26,0,1106.0,552.0
90,26,1,1087.0,541.0
90,26,2,1104.0,526.0
90,26,3,1123.0,537.0
90,34,0,907.0,377.0
90,34,1,881.0,361.0
90,34,2,898.0,338.0
90,34,3,925.0,354.0
90,35,0,1211.0,543.0
90,35,1,1197.0,531.0
90,35,2,1217.0,517.0
90,35,3,1231.0,529.0
90,36,0,1160.0,505.0
90,36,1,1143.0,492.0
90,36,2,1164.0,475.0
90,36,3,1180.0,489.0
91,27,0,1532.0,512.0
91,27,1,1515.0,470.0
91,27,2,1554.0,453.0
91,27,3,1570.0,495.0
91,31,0,1607.0,548.0
91,31,1,1592.0,505.0
91,31,2,1630.0,489.0
91,31,3,1646.0,531.0
91,7,0,1313.0,605.0
91,7,1,1297.0,564.0
91,7,2,1335.0,548.0
91,7,3,1352.0,589.0
91,10,0,1429.0,752.0
91,10,1,1416.0,712.0
91,10,2,1456.0,698.0
91,10,3,1469.0,738.0
91,6,0,1356.0,716.0
91,6,1,1341.0,676.0
91,6,2,1380.0,662.0
91,6,3,1394.0,702.0
91,37,0,1637.0,464.0
91,37,1,1621.0,421.0
91,37,2,1658.0,404.0
91,37,3,1676.0,447.0
91,21,0,1500.0,595.0
91,21,1,1484.0,553.0
91,21,2,1524.0,536.0
91,21,3,1539.0,578.0
91,22,0,1453.0,477.0
91,22,1,1435.0,436.0
91,22,2,1474.0,418.0
91,22,3,1492.0,459.0
91,17,0,1422.0,559.0
91,17,1,1406.0,518.0
91,17,2,1445.0,501.0
91,17,3,1462.0,542.0
91,36,0,1681.0,585.0
91,36,1,1667.0,542.0
91,36,2,1705.0,525.0
91,36,3,1719.0,569.0
91,32,0,1560.0,428.0
91,32,1,1542.0,387.0
91,32,2,1579.0,369.0
91,32,3,1598.0,411.0
91,16,0,1465.0,675.0
91,16,1,1451.0,634.0
91,16,2,1491.0,618.0
91,16,3,1505.0,659.0
91,12,0,1343.0,525.0
91,12,1,1327.0,484.0
91,12,2,1366.0,468.0
91,12,3,1383.0,507.0
91,26,0,1574.0,630.0
91,26,1,1560.0,589.0
91,26,2,1599.0,572.0
91,26,3,1613.0,614.0
91,11,0,1389.0,639.0
91,11,1,1374.0,599.0
91,11,2,1414.0,583.0
91,11,3,1429.0,624.0
91,18,0,1372.0,443.0
91,18,1,1355.0,404.0
91,18,2,1393.0,386.0
91,18,3,1411.0,426.0
91,20,0,1539.0,711.0
91,20,1,1526.0,669.0
91,20,2,1565.0,654.0
91,20,3,1578.0,695.0
91,38,0,1586.0,345.0
91,38,1,1567.0,304.0
91,38,2,1603.0,288.0
91,38,3,1623.0,328.0
91,23,0,1401.0,362.0
91,23,1,1382.0,322.0
91,23,2,1418.0,305.0
91,23,3,1438.0,344.0
91,30,0,1646.0,666.0
91,30,1,1634.0,624.0
91,30,2,1672.0,609.0
91,30,3,1684.0,651.0
91,33,0,1506.0,312.0
91,33,1,1486.0,273.0
91,33,2,1522.0,256.0
91,33,3,1542.0,295.0
91,8,0,1266.0,493.0
91,8,1,1249.0,454.0
91,8,2,1286.0,437.0
91,8,3,1303.0,476.0
91,15,0,1501.0,788.0
91,15,1,1489.0,749.0
91,15,2,1528.0,733.0
91,15,3,1540.0,773.0
91,13,0,1294.0,413.0
91,13,1,1276.0,375.0
91,13,2,1313.0,357.0
91,13,3,1331.0,395.0
91,1,0,1282.0,681.0
91,1,1,1266.0,642.0
91,1,2,1304.0,627.0
91,1,3,1320.0,666.0
91,2,0,1237.0,571.0
91,2,1,1222.0,532.0
91,2,2,1259.0,516.0
91,2,3,1275.0,555.0
91,25,0,1609.0,745.0
91,25,1,1598.0,705.0
91,25,2,1637.0,690.0
91,25,3,1647.0,730.0
91,35,0,1714.0,702.0
91,35,1,1704.0,661.0
91,35,2,1742.0,646.0
91,35,3,1751.0,686.0
91,19,0,1319.0,332.0
91,19,1,1301.0,295.0
91,19,2,1337.0,277.0
91,19,3,1356.0,314.0
91,29,0,1424.0,280.0
91,29,1,1405.0,243.0
91,29,2,1440.0,226.0
91,29,3,1461.0,263.0
91,0,0,1321.0,787.0
91,0,1,1307.0,750.0
91,0,2,1346.0,737.0
91,0,3,1360.0,775.0
91,39,0,1527.0,232.0
91,39,1,1507.0,194.0
91,39,2,1540.0,178.0
91,39,3,1562.0,215.0
91,5,0,1392.0,822.0
91,5,1,1380.0,785.0
91,5,2,1419.0,773.0
91,5,3,1431.0,810.0
91,3,0,1191.0,463.0
91,3,1,1175.0,426.0
91,3,2,1209.0,408.0
91,3,3,1226.0,446.0
91,24,0,1343.0,253.0
91,24,1,1325.0,217.0
91,24,2,1359.0,200.0
91,24,3,1379.0,235.0
91,9,0,1216.0,384.0
91,9,1,1200.0,348.0
91,9,2,1234.0,330.0
91,9,3,1252.0,366.0
91,34,0,1446.0,202.0
91,34,1,1426.0,166.0
91,34,2,1459.0,150.0
91,34,3,1481.0,185.0
91,14,0,1241.0,306.0
91,14,1,1223.0,272.0
91,14,2,1258.0,253.0
91,14,3,1276.0,288.0
91,4,0,1143.0,360.0
91,4,1,1127.0,325.0
91,4,2,1158.0,307.0
91,4,3,1176.0,341.0
92,21,0,1450.0,613.0
92,21,1,1434.0,573.0
92,21,2,1474.0,556.0
92,21,3,1489.0,596.0
92,26,0,1523.0,647.0
92,26,1,1510.0,606.0
92,26,2,1548.0,591.0
92,26,3,1561.0,632.0
92,31,0,1557.0,568.0
92,31,1,1541.0,527.0
92,31,2,1580.0,510.0
92,31,3,1594.0,552.0
92,17,0,1373.0,578.0
92,17,1,1358.0,537.0
92,17,2,1396.0,521.0
92,17,3,1412.0,562.0
92,27,0,1481.0,532.0
92,27,1,1466.0,491.0
92,27,2,1504.0,475.0
92,27,3,1520.0,516.0
92,36,0,1629.0,604.0
92,36,1,1615.0,562.0
92,36,2,1653.0,546.0
92,36,3,1667.0,588.0
92,22,0,1404.0,497.0
92,22,1,1388.0,457.0
92,22,2,1425.0,440.0
92,22,3,1443.0,481.0
92,37,0,1586.0,486.0
92,37,1,1571.0,445.0
92,37,2,1608.0,429.0
92,37,3,1625.0,470.0
92,11,0,1340.0,656.0
92,11,1,1325.0,617.0
92,11,2,1365.0,601.0
92,11,3,1380.0,641.0
92,32,0,1511.0,451.0
92,32,1,1494.0,410.0
92,32,2,1531.0,394.0
92,32,3,1549.0,434.0
92,12,0,1296.0,544.0
92,12,1,1280.0,505.0
92,12,2,1319.0,488.0
92,12,3,1335.0,527.0
92,16,0,1415.0,691.0
92,16,1,1401.0,651.0
92,16,2,1441.0,636.0
92,16,3,1454.0,676.0
92,18,0,1327.0,465.0
92,18,1,1310.0,425.0
92,18,2,1347.0,409.0
92,18,3,1364.0,448.0
92,30,0,1594.0,683.0
92,30,1,1581.0,643.0
92,30,2,1619.0,627.0
92,30,3,1632.0,667.0
92,20,0,1488.0,726.0
92,20,1,1475.0,686.0
92,20,2,1514.0,671.0
92,20,3,1526.0,711.0
92,23,0,1355.0,385.0
92,23,1,1337.0,346.0
92,23,2,1373.0,329.0
92,23,3,1392.0,367.0
92,38,0,1538.0,370.0
92,38,1,1520.0,330.0
92,38,2,1555.0,314.0
92,38,3,1574.0,354.0
92,7,0,1265.0,621.0
92,7,1,1250.0,583.0
92,7,2,1288.0,567.0
92,7,3,1304.0,606.0
92,10,0,1379.0,766.0
92,10,1,1366.0,728.0
92,10,2,1406.0,714.0
92,10,3,1418.0,753.0
92,15,0,1450.0,801.0
92,15,1,1438.0,763.0
92,15,2,1477.0,748.0
92,15,3,1489.0,787.0
92,33,0,1460.0,337.0
92,33,1,1441.0,298.0
92,33,2,1476.0,282.0
92,33,3,1495.0,321.0
92,8,0,1221.0,512.0
92,8,1,1205.0,473.0
92,8,2,1240.0,457.0
92,8,3,1258.0,495.0
92,1,0,1235.0,696.0
92,1,1,1219.0,658.0
92,1,2,1258.0,644.0
92,1,3,1272.0,682.0
92,6,0,1307.0,730.0
92,6,1,1293.0,692.0
92,6,2,1331.0,678.0
92,6,3,1345.0,717.0
92,25,0,1556.0,759.0
92,25,1,1546.0,721.0
92,25,2,1583.0,705.0
92,25,3,1595.0,744.0
92,2,0,1191.0,588.0
92,2,1,1176.0,551.0
92,2,2,1213.0,535.0
92,2,3,1229.0,572.0
92,13,0,1249.0,433.0
92,13,1,1233.0,395.0
92,13,2,1268.0,379.0
92,13,3,1286.0,416.0
92,35,0,1662.0,718.0
92,35,1,1651.0,678.0
92,35,2,1688.0,663.0
92,35,3,1698.0,702.0
92,29,0,1380.0,305.0
92,29,1,1362.0,268.0
92,29,2,1396.0,252.0
92,29,3,1416.0,289.0
92,19,0,1276.0,355.0
92,19,1,1259.0,318.0
92,19,2,1293.0,301.0
92,19,3,1312.0,337.0
92,0,0,1273.0,800.0
92,0,1,1260.0,764.0
92,0,2,1298.0,751.0
92,0,3,1311.0,788.0
92,39,0,1483.0,259.0
92,39,1,1464.0,221.0
92,39,2,1497.0,207.0
92,39,3,1517.0,243.0
92,3,0,1148.0,482.0
92,3,1,1132.0,445.0
92,3,2,1165.0,428.0
92,3,3,1182.0,465.0
92,24,0,1301.0,277.0
92,24,1,1283.0,242.0
92,24,2,1316.0,225.0
92,24,3,1336.0,260.0
92,5,0,1343.0,834.0
92,5,1,1331.0,798.0
92,5,2,1370.0,787.0
92,5,3,1381.0,823.0
92,34,0,1403.0,229.0
92,34,1,1384.0,194.0
92,34,2,1418.0,178.0
92,34,3,1437.0,214.0
92,9,0,1174.0,405.0
92,9,1,1157.0,370.0
92,9,2,1191.0,352.0
92,9,3,1208.0,388.0
92,14,0,1199.0,328.0
92,14,1,1182.0,294.0
92,14,2,1217.0,277.0
92,14,3,1234.0,311.0
92,4,0,1101.0,379.0
92,4,1,1086.0,346.0
92,4,2,1118.0,328.0
92,4,3,1134.0,362.0
92,28,0,1434.0,417.0
92,28,1,1416.0,377.0
92,28,2,1452.0,360.0
92,28,3,1471.0,400.0
93,38,0,1151.0,423.0
93,38,1,1141.0,395.0
93,38,2,1168.0,386.0
93,38,3,1179.0,415.0
93,39,0,1120.0,341.0
93,39,1,1109.0,312.0
93,39,2,1135.0,303.0
93,39,3,1146.0,331.0
93,33,0,1098.0,395.0
93,33,1,1088.0,367.0
93,33,2,1114.0,358.0
93,33,3,1124.0,386.0
93,34,0,1066.0,314.0
93,34,1,1056.0,285.0
93,34,2,1079.0,276.0
93,34,3,1091.0,305.0
93,32,0,1129.0,475.0
93,32,1,1119.0,448.0
93,32,2,1145.0,440.0
93,32,3,1155.0,467.0
93,37,0,1181.0,505.0
93,37,1,1172.0,477.0
93,37,2,1196.0,470.0
93,37,3,1206.0,500.0
93,36,0,1207.0,585.0
93,36,1,1198.0,558.0
93,36,2,1224.0,553.0
93,36,3,1233.0,580.0
93,28,0,1079.0,446.0
93,28,1,1068.0,419.0
93,28,2,1092.0,411.0
93,28,3,1103.0,438.0
93,29,0,1048.0,367.0
93,29,1,1037.0,340.0
93,29,2,1060.0,331.0
93,29,3,1071.0,359.0
93,31,0,1157.0,553.0
93,31,1,1148.0,526.0
93,31,2,1173.0,521.0
93,31,3,1182.0,547.0
93,27,0,1107.0,523.0
93,27,1,1098.0,497.0
93,27,2,1123.0,491.0
93,27,3,1132.0,517.0
93,30,0,1182.0,629.0
93,30,1,1174.0,604.0
93,30,2,1199.0,599.0
93,30,3,1207.0,625.0
93,23,0,1030.0,418.0
93,23,1,1020.0,392.0
93,23,2,1042.0,384.0
93,23,3,1052.0,411.0
93,24,0,1000.0,342.0
93,24,1,989.0,316.0
93,24,2,1010.0,306.0
93,24,3,1021.0,332.0
93,19,0,983.0,392.0
93,19,1,973.0,367.0
93,19,2,995.0,358.0
93,19,3,1005.0,383.0
93,18,0,1013.0,466.0
93,18,1,1003.0,441.0
93,18,2,1024.0,433.0
93,18,3,1035.0,459.0
93,26,0,1135.0,598.0
93,26,1,1126.0,573.0
93,26,2,1149.0,568.0
93,26,3,1158.0,593.0
93,22,0,1061.0,494.0
93,22,1,1051.0,468.0
93,22,2,1072.0,462.0
93,22,3,1082.0,487.0
93,21,0,1088.0,568.0
93,21,1,1079.0,543.0
93,21,2,1100.0,538.0
93,21,3,1110.0,563.0
93,14,0,937.0,367.0
93,14,1,927.0,344.0
93,14,2,947.0,335.0
93,14,3,957.0,359.0
93,13,0,967.0,440.0
93,13,1,958.0,415.0
93,13,2,978.0,408.0
93,13,3,988.0,433.0
93,17,0,1042.0,539.0
93,17,1,1033.0,514.0
93,17,2,1054.0,509.0
93,17,3,1063.0,534.0
93,25,0,1160.0,669.0
93,25,1,1152.0,646.0
93,25,2,1174.0,642.0
93,25,3,1183.0,666.0
93,20,0,1114.0,639.0
93,20,1,1107.0,616.0
93,20,2,1128.0,613.0
93,20,3,1135.0,636.0
93,9,0,923.0,416.0
93,9,1,914.0,391.0
93,9,2,932.0,384.0
93,9,3,942.0,408.0
93,4,0,882.0,392.0
93,4,1,873.0,369.0
93,4,2,889.0,361.0
93,4,3,899.0,385.0
93,10,0,1051.0,649.0
93,10,1,1043.0,627.0
93,10,2,1062.0,624.0
93,10,3,1070.0,646.0
93,5,0,1033.0,686.0
93,5,1,1026.0,665.0
93,5,2,1045.0,662.0
93,5,3,1053.0,683.0
93,2,0,940.0,527.0
93,2,1,931.0,506.0
93,2,2,948.0,500.0
93,2,3,957.0,523.0
93,3,0,911.0,460.0
93,3,1,902.0,438.0
93,3,2,918.0,431.0
93,3,3,928.0,455.0
93,6,0,1008.0,621.0
93,6,1,1000.0,599.0
93,6,2,1018.0,596.0
93,6,3,1027.0,617.0
93,8,0,952.0,485.0
93,8,1,943.0,462.0
93,8,2,962.0,456.0
93,8,3,971.0,480.0
93,11,0,1025.0,581.0
93,11,1,1016.0,558.0
93,11,2,1036.0,554.0
93,11,3,1045.0,576.0
93,12,0,997.0,512.0
93,12,1,987.0,488.0
93,12,2,1007.0,481.0
93,12,3,1017.0,505.0
93,15,0,1094.0,678.0
93,15,1,1086.0,656.0
93,15,2,1107.0,653.0
93,15,3,1115.0,675.0
93,16,0,1069.0,610.0
93,16,1,1061.0,586.0
93,16,2,1081.0,582.0
93,16,3,1090.0,606.0
93,35,0,1231.0,660.0
93,35,1,1223.0,636.0
93,35,2,1249.0,632.0
93,35,3,1256.0,657.0
94,5,0,1184.0,956.0
94,5,1,1167.0,916.0
94,5,2,1210.0,901.0
94,5,3,1229.0,940.0
94,10,0,1224.0,874.0
94,10,1,1207.0,838.0
94,10,2,1248.0,825.0
94,10,3,1265.0,859.0
94,1,0,1052.0,810.0
94,1,1,1040.0,778.0
94,1,2,1082.0,766.0
94,1,3,1094.0,797.0
94,30,0,1452.0,782.0
94,30,1,1431.0,752.0
94,30,2,1463.0,738.0
94,30,3,1484.0,768.0
94,7,0,1093.0,744.0
94,7,1,1081.0,716.0
94,7,2,1119.0,706.0
94,7,3,1132.0,733.0
94,35,0,1534.0,807.0
94,35,1,1513.0,775.0
94,35,2,1542.0,763.0
94,35,3,1563.0,796.0
94,0,0,1091.0,917.0
94,0,1,1077.0,879.0
94,0,2,1122.0,866.0
94,0,3,1137.0,905.0
94,2,0,1017.0,717.0
94,2,1,1008.0,692.0
94,2,2,1046.0,682.0
94,2,3,1057.0,706.0
94,6,0,1136.0,842.0
94,6,1,1121.0,807.0
94,6,2,1162.0,795.0
94,6,3,1177.0,829.0
94,11,0,1173.0,772.0
94,11,1,1158.0,742.0
94,11,2,1197.0,731.0
94,11,3,1212.0,760.0
94,15,0,1315.0,906.0
94,15,1,1296.0,869.0
94,15,2,1335.0,856.0
94,15,3,1355.0,892.0
94,16,0,1257.0,800.0
94,16,1,1240.0,769.0
94,16,2,1276.0,757.0
94,16,3,1295.0,788.0
94,17,0,1205.0,710.0
94,17,1,1191.0,685.0
94,17,2,1226.0,674.0
94,17,3,1242.0,698.0
94,20,0,1344.0,830.0
94,20,1,1325.0,797.0
94,20,2,1362.0,783.0
94,20,3,1381.0,815.0
94,21,0,1287.0,735.0
94,21,1,1269.0,707.0
94,21,2,1302.0,695.0
94,21,3,1321.0,722.0
94,25,0,1433.0,857.0
94,25,1,1411.0,823.0
94,25,2,1446.0,808.0
94,25,3,1468.0,840.0
94,36,0,1468.0,715.0
94,36,1,1447.0,688.0
94,36,2,1476.0,676.0
94,36,3,1497.0,703.0
95,34,0,1020.0,266.0
95,34,1,999.0,243.0
95,34,2,1025.0,226.0
95,34,3,1046.0,249.0
95,39,0,1088.0,269.0
95,39,1,1070.0,248.0
95,39,2,1097.0,231.0
95,39,3,1116.0,253.0
95,29,0,1013.0,318.0
95,29,1,994.0,298.0
95,29,2,1019.0,283.0
95,29,3,1039.0,303.0
95,33,0,1079.0,323.0
95,33,1,1061.0,304.0
95,33,2,1087.0,287.0
95,33,3,1105.0,308.0
95,24,0,946.0,313.0
95,24,1,926.0,294.0
95,24,2,950.0,278.0
95,24,3,971.0,298.0
95,38,0,1143.0,327.0
95,38,1,1127.0,307.0
95,38,2,1154.0,292.0
95,38,3,1169.0,312.0
95,19,0,944.0,364.0
95,19,1,924.0,347.0
95,19,2,947.0,330.0
95,19,3,967.0,348.0
95,14,0,883.0,363.0
95,14,1,860.0,348.0
95,14,2,881.0,330.0
95,14,3,903.0,348.0
95,32,0,1131.0,376.0
95,32,1,1115.0,358.0
95,32,2,1140.0,343.0
95,32,3,1156.0,361.0
95,23,0,1008.0,366.0
95,23,1,989.0,348.0
95,23,2,1012.0,334.0
95,23,3,1031.0,353.0
95,28,0,1070.0,370.0
95,28,1,1053.0,353.0
95,28,2,1078.0,340.0
95,28,3,1095.0,358.0
95,18,0,1002.0,411.0
95,18,1,984.0,396.0
95,18,2,1007.0,380.0
95,18,3,1025.0,397.0
95,13,0,943.0,411.0
95,13,1,923.0,394.0
95,13,2,945.0,380.0
95,13,3,964.0,397.0
95,37,0,1190.0,379.0
95,37,1,1176.0,362.0
95,37,2,1202.0,349.0
95,37,3,1215.0,368.0
95,9,0,884.0,407.0
95,9,1,862.0,393.0
95,9,2,881.0,379.0
95,9,3,903.0,394.0
95,22,0,1061.0,413.0
95,22,1,1045.0,398.0
95,22,2,1068.0,385.0
95,22,3,1085.0,401.0
95,3,0,884.0,447.0
95,3,1,863.0,432.0
95,3,2,883.0,420.0
95,3,3,903.0,435.0
95,12,0,998.0,453.0
95,12,1,981.0,438.0
95,12,2,1003.0,426.0
95,12,3,1019.0,440.0
95,4,0,823.0,404.0
95,4,1,802.0,390.0
95,4,2,819.0,376.0
95,4,3,841.0,391.0
95,27,0,1120.0,417.0
95,27,1,1106.0,402.0
95,27,2,1128.0,391.0
95,27,3,1143.0,406.0
95,31,0,1177.0,423.0
95,31,1,1163.0,408.0
95,31,2,1187.0,395.0
95,31,3,1200.0,411.0
95,8,0,941.0,450.0
95,8,1,922.0,436.0
95,8,2,943.0,424.0
95,8,3,961.0,438.0
95,36,0,1232.0,428.0
95,36,1,1219.0,412.0
95,36,2,1243.0,401.0
95,36,3,1255.0,416.0
95,2,0,939.0,486.0
95,2,1,921.0,473.0
95,2,2,941.0,461.0
95,2,3,959.0,474.0
95,17,0,1054.0,454.0
95,17,1,1039.0,440.0
95,17,2,1061.0,428.0
95,17,3,1076.0,441.0
95,21,0,1110.0,457.0
95,21,1,1095.0,442.0
95,21,2,1118.0,431.0
95,21,3,1131.0,446.0
95,11,0,1047.0,491.0
95,11,1,1031.0,479.0
95,11,2,1052.0,467.0
95,11,3,1067.0,481.0
95,26,0,1164.0,460.0
95,26,1,1151.0,446.0
95,26,2,1173.0,436.0
95,26,3,1186.0,449.0
95,30,0,1216.0,464.0
95,30,1,1204.0,451.0
95,30,2,1227.0,441.0
95,30,3,1239.0,454.0
95,16,0,1100.0,493.0
95,16,1,1086.0,481.0
95,16,2,1107.0,470.0
95,16,3,1121.0,482.0
95,20,0,1151.0,496.0
95,20,1,1139.0,484.0
95,20,2,1160.0,473.0
95,20,3,1173.0,486.0
95,1,0,989.0,521.0
95,1,1,973.0,510.0
95,1,2,993.0,501.0
95,1,3,1008.0,512.0
95,35,0,1266.0,468.0
95,35,1,1257.0,456.0
95,35,2,1279.0,446.0
95,35,3,1289.0,459.0
95,10,0,1091.0,528.0
95,10,1,1078.0,516.0
95,10,2,1098.0,506.0
95,10,3,1110.0,518.0
95,5,0,1081.0,557.0
95,5,1,1070.0,548.0
95,5,2,1090.0,540.0
95,5,3,1101.0,551.0
95,0,0,1034.0,555.0
95,0,1,1020.0,544.0
95,0,2,1040.0,536.0
95,0,3,1052.0,547.0
95,6,0,1040.0,525.0
95,6,1,1026.0,513.0
95,6,2,1045.0,503.0
95,6,3,1060.0,515.0
95,7,0,992.0,488.0
95,7,1,977.0,476.0
95,7,2,996.0,465.0
95,7,3,1013.0,478.0
95,15,0,1140.0,530.0
95,15,1,1128.0,519.0
95,15,2,1149.0,509.0
95,15,3,1161.0,520.0
95,25,0,1201.0,499.0
95,25,1,1191.0,487.0
95,25,2,1213.0,477.0
95,25,3,1223.0,489.0
96,35,0,1354.0,1111.0
96,35,1,1358.0,1074.0
96,35,2,1403.0,1077.0
96,35,3,1400.0,1116.0
96,25,0,1219.0,1099.0
96,25,1,1228.0,1063.0
96,25,2,1272.0,1067.0
96,25,3,1265.0,1103.0
96,15,0,1088.0,1084.0
96,15,1,1101.0,1051.0
96,15,2,1143.0,1056.0
96,15,3,1131.0,1091.0
96,30,0,1295.0,1053.0
96,30,1,1299.0,1022.0
96,30,2,1342.0,1023.0
96,30,3,1339.0,1056.0
96,20,0,1168.0,1044.0
96,20,1,1177.0,1012.0
96,20,2,1219.0,1015.0
96,20,3,1210.0,1047.0
96,5,0,966.0,1058.0
96,5,1,982.0,1028.0
96,5,2,1022.0,1036.0
96,5,3,1007.0,1066.0
96,10,0,1047.0,1026.0
96,10,1,1059.0,998.0
96,10,2,1099.0,1004.0
96,10,3,1087.0,1034.0
96,36,0,1363.0,1009.0
96,36,1,1365.0,980.0
96,36,2,1406.0,980.0
96,36,3,1405.0,1010.0
96,26,0,1242.0,1003.0
96,26,1,1247.0,974.0
96,26,2,1286.0,977.0
96,26,3,1283.0,1005.0
96,16,0,1123.0,993.0
96,16,1,1133.0,965.0
96,16,2,1171.0,968.0
96,16,3,1162.0,997.0
96,6,0,1012.0,975.0
96,6,1,1025.0,950.0
96,6,2,1060.0,956.0
96,6,3,1047.0,982.0
96,21,0,1193.0,957.0
96,21,1,1200.0,931.0
96,21,2,1237.0,933.0
96,21,3,1232.0,959.0
96,31,0,1307.0,966.0
96,31,1,1310.0,940.0
96,31,2,1348.0,941.0
96,31,3,1347.0,966.0
96,11,0,1083.0,946.0
96,11,1,1094.0,921.0
96,11,2,1129.0,926.0
96,11,3,1119.0,951.0
96,27,0,1258.0,923.0
96,27,1,1262.0,899.0
96,27,2,1298.0,902.0
96,27,3,1295.0,926.0
96,37,0,1367.0,929.0
96,37,1,1368.0,906.0
96,37,2,1405.0,906.0
96,37,3,1405.0,927.0
96,17,0,1150.0,916.0
96,17,1,1157.0,894.0
96,17,2,1192.0,895.0
96,17,3,1186.0,918.0
96,7,0,1047.0,904.0
96,7,1,1058.0,883.0
96,7,2,1091.0,886.0
96,7,3,1081.0,909.0
96,32,0,1316.0,892.0
96,32,1,1319.0,870.0
96,32,2,1353.0,871.0
96,32,3,1351.0,894.0
96,22,0,1213.0,886.0
96,22,1,1218.0,864.0
96,22,2,1252.0,865.0
96,22,3,1247.0,887.0
96,2,0,1017.0,868.0
96,2,1,1027.0,849.0
96,2,2,1058.0,852.0
96,2,3,1048.0,871.0
96,38,0,1370.0,861.0
96,38,1,1370.0,841.0
96,38,2,1401.0,842.0
96,38,3,1403.0,863.0
96,18,0,1172.0,851.0
96,18,1,1178.0,832.0
96,18,2,1210.0,834.0
96,18,3,1204.0,853.0
96,33,0,1323.0,830.0
96,33,1,1324.0,811.0
96,33,2,1354.0,812.0
96,33,3,1355.0,831.0
96,23,0,1228.0,825.0
96,23,1,1231.0,808.0
96,23,2,1263.0,808.0
96,23,3,1259.0,826.0
96,8,0,1078.0,841.0
96,8,1,1088.0,825.0
96,8,2,1116.0,827.0
96,8,3,1109.0,845.0
96,13,0,1135.0,819.0
96,13,1,1142.0,803.0
96,13,2,1172.0,804.0
96,13,3,1166.0,821.0
96,39,0,1370.0,803.0
96,39,1,1370.0,787.0
96,39,2,1400.0,787.0
96,39,3,1401.0,804.0
96,3,0,1047.0,814.0
96,3,1,1056.0,798.0
96,3,2,1084.0,799.0
96,3,3,1075.0,816.0
96,29,0,1280.0,800.0
96,29,1,1282.0,784.0
96,29,2,1310.0,785.0
96,29,3,1309.0,802.0
96,34,0,1326.0,777.0
96,34,1,1327.0,762.0
96,34,2,1356.0,762.0
96,34,3,1356.0,777.0
96,4,0,1072.0,766.0
96,4,1,1080.0,752.0
96,4,2,1106.0,753.0
96,4,3,1100.0,768.0
96,1,0,980.0,932.0
96,1,1,993.0,910.0
96,1,2,1026.0,913.0
96,1,3,1014.0,936.0
96,9,0,1102.0,792.0
96,9,1,1111.0,776.0
96,9,2,1137.0,778.0
96,9,3,1131.0,794.0
96,12,0,1112.0,877.0
96,12,1,1121.0,856.0
96,12,2,1153.0,860.0
96,12,3,1145.0,881.0
96,14,0,1155.0,770.0
96,14,1,1160.0,756.0
96,14,2,1188.0,758.0
96,14,3,1183.0,772.0
96,19,0,1190.0,797.0
96,19,1,1194.0,781.0
96,19,2,1223.0,782.0
96,19,3,1219.0,798.0
96,24,0,1239.0,775.0
96,24,1,1243.0,760.0
96,24,2,1271.0,760.0
96,24,3,1268.0,775.0
96,28,0,1269.0,856.0
96,28,1,1273.0,837.0
96,28,2,1306.0,838.0
96,28,3,1303.0,858.0
97,35,0,1365.0,710.0
97,35,1,1346.0,685.0
97,35,2,1373.0,666.0
97,35,3,1391.0,691.0
97,36,0,1308.0,637.0
97,36,1,1289.0,611.0
97,36,2,1314.0,592.0
97,36,3,1333.0,617.0
97,31,0,1243.0,630.0
97,31,1,1223.0,606.0
97,31,2,1247.0,585.0
97,31,3,1267.0,611.0
97,30,0,1301.0,702.0
97,30,1,1282.0,677.0
97,30,2,1307.0,658.0
97,30,3,1326.0,684.0
97,37,0,1248.0,563.0
97,37,1,1229.0,538.0
97,37,2,1253.0,519.0
97,37,3,1273.0,543.0
97,32,0,1184.0,558.0
97,32,1,1164.0,533.0
97,32,2,1186.0,513.0
97,32,3,1207.0,538.0
97,26,0,1237.0,694.0
97,26,1,1218.0,669.0
97,26,2,1243.0,651.0
97,26,3,1262.0,675.0
97,25,0,1294.0,766.0
97,25,1,1275.0,740.0
97,25,2,1299.0,722.0
97,25,3,1318.0,747.0
97,21,0,1175.0,687.0
97,21,1,1155.0,662.0
97,21,2,1179.0,643.0
97,21,3,1198.0,667.0
97,27,0,1180.0,623.0
97,27,1,1160.0,598.0
97,27,2,1183.0,579.0
97,27,3,1203.0,603.0
97,38,0,1187.0,491.0
97,38,1,1168.0,467.0
97,38,2,1191.0,448.0
97,38,3,1211.0,471.0
97,39,0,1125.0,422.0
97,39,1,1106.0,400.0
97,39,2,1128.0,379.0
97,39,3,1149.0,402.0
97,20,0,1230.0,757.0
97,20,1,1212.0,732.0
97,20,2,1237.0,715.0
97,20,3,1255.0,738.0
97,33,0,1122.0,487.0
97,33,1,1104.0,463.0
97,33,2,1127.0,444.0
97,33,3,1146.0,468.0
97,28,0,1120.0,552.0
97,28,1,1101.0,528.0
97,28,2,1124.0,509.0
97,28,3,1143.0,532.0
97,22,0,1118.0,616.0
97,22,1,1098.0,592.0
97,22,2,1121.0,573.0
97,22,3,1140.0,597.0
97,16,0,1167.0,748.0
97,16,1,1150.0,724.0
97,16,2,1173.0,706.0
97,16,3,1192.0,730.0
97,17,0,1112.0,679.0
97,17,1,1094.0,655.0
97,17,2,1116.0,636.0
97,17,3,1135.0,661.0
97,18,0,1056.0,610.0
97,18,1,1038.0,586.0
97,18,2,1059.0,567.0
97,18,3,1079.0,590.0
97,15,0,1221.0,818.0
97,15,1,1204.0,794.0
97,15,2,1228.0,777.0
97,15,3,1246.0,801.0
97,29,0,1062.0,484.0
97,29,1,1043.0,461.0
97,29,2,1065.0,441.0
97,29,3,1084.0,463.0
97,23,0,1060.0,547.0
97,23,1,1041.0,524.0
97,23,2,1062.0,504.0
97,23,3,1082.0,527.0
97,10,0,1162.0,809.0
97,10,1,1143.0,785.0
97,10,2,1167.0,768.0
97,10,3,1184.0,792.0
97,11,0,1107.0,740.0
97,11,1,1089.0,716.0
97,11,2,1112.0,699.0
97,11,3,1130.0,722.0
97,12,0,1051.0,671.0
97,12,1,1033.0,648.0
97,12,2,1056.0,630.0
97,12,3,1074.0,653.0
97,19,0,1001.0,543.0
97,19,1,982.0,521.0
97,19,2,1004.0,501.0
97,19,3,1022.0,523.0
97,13,0,997.0,604.0
97,13,1,979.0,581.0
97,13,2,1000.0,562.0
97,13,3,1018.0,586.0
97,34,0,1063.0,420.0
97,34,1,1045.0,398.0
97,34,2,1067.0,379.0
97,34,3,1085.0,401.0
97,6,0,1102.0,799.0
97,6,1,1084.0,775.0
97,6,2,1106.0,759.0
97,6,3,1124.0,782.0
97,24,0,1004.0,481.0
97,24,1,986.0,458.0
97,24,2,1006.0,439.0
97,24,3,1024.0,462.0
97,7,0,1048.0,731.0
97,7,1,1031.0,708.0
97,7,2,1052.0,691.0
97,7,3,1070.0,714.0
97,5,0,1154.0,865.0
97,5,1,1137.0,842.0
97,5,2,1159.0,827.0
97,5,3,1177.0,851.0
97,14,0,944.0,539.0
97,14,1,926.0,517.0
97,14,2,946.0,498.0
97,14,3,964.0,519.0
97,8,0,995.0,664.0
97,8,1,977.0,641.0
97,8,2,997.0,624.0
97,8,3,1015.0,647.0
97,9,0,942.0,598.0
97,9,1,924.0,576.0
97,9,2,944.0,558.0
97,9,3,961.0,580.0
97,2,0,992.0,722.0
97,2,1,975.0,699.0
97,2,2,995.0,683.0
97,2,3,1012.0,706.0
97,1,0,1045.0,788.0
97,1,1,1028.0,765.0
97,1,2,1048.0,750.0
97,1,3,1065.0,773.0
97,3,0,941.0,656.0
97,3,1,924.0,634.0
97,3,2,942.0,617.0
97,3,3,959.0,640.0
97,4,0,890.0,592.0
97,4,1,875.0,570.0
97,4,2,892.0,554.0
97,4,3,908.0,575.0
97,0,0,1096.0,854.0
97,0,1,1079.0,832.0
97,0,2,1101.0,817.0
97,0,3,1118.0,840.0
98,25,0,1213.0,941.0
98,25,1,1216.0,915.0
98,25,2,1255.0,919.0
98,25,3,1255.0,945.0
98,35,0,1333.0,955.0
98,35,1,1331.0,928.0
98,35,2,1369.0,932.0
98,35,3,1372.0,960.0
98,5,0,978.0,899.0
98,5,1,988.0,877.0
98,5,2,1026.0,884.0
98,5,3,1017.0,906.0
98,20,0,1161.0,898.0
98,20,1,1164.0,875.0
98,20,2,1201.0,878.0
98,20,3,1200.0,901.0
98,30,0,1275.0,910.0
98,30,1,1273.0,888.0
98,30,2,1310.0,891.0
98,30,3,1312.0,914.0
98,10,0,1049.0,877.0
98,10,1,1056.0,856.0
98,10,2,1093.0,864.0
98,10,3,1087.0,884.0
98,26,0,1221.0,870.0
98,26,1,1222.0,851.0
98,26,2,1257.0,856.0
98,26,3,1257.0,874.0
98,17,0,1128.0,801.0
98,17,1,1132.0,785.0
98,17,2,1164.0,789.0
98,17,3,1161.0,804.0
98,32,0,1273.0,795.0
98,32,1,1273.0,780.0
98,32,2,1302.0,783.0
98,32,3,1304.0,798.0
98,33,0,1273.0,750.0
98,33,1,1272.0,737.0
98,33,2,1299.0,741.0
98,33,3,1300.0,753.0
98,0,0,941.0,856.0
98,0,1,952.0,837.0
98,0,2,986.0,843.0
98,0,3,977.0,862.0
98,1,0,973.0,802.0
98,1,1,982.0,787.0
98,1,2,1013.0,790.0
98,1,3,1005.0,807.0
98,2,0,1000.0,755.0
98,2,1,1006.0,742.0
98,2,2,1035.0,746.0
98,2,3,1028.0,759.0
98,6,0,1009.0,837.0
98,6,1,1016.0,819.0
98,6,2,1049.0,824.0
98,6,3,1044.0,843.0
98,7,0,1033.0,783.0
98,7,1,1039.0,770.0
98,7,2,1071.0,775.0
98,7,3,1065.0,789.0
98,11,0,1071.0,818.0
98,11,1,1076.0,802.0
98,11,2,1110.0,807.0
98,11,3,1106.0,823.0
98,12,0,1089.0,768.0
98,12,1,1094.0,754.0
98,12,2,1124.0,760.0
98,12,3,1120.0,773.0
98,13,0,1105.0,727.0
98,13,1,1107.0,716.0
98,13,2,1134.0,719.0
98,13,3,1132.0,731.0
98,15,0,1094.0,924.0
98,15,1,1100.0,900.0
98,15,2,1140.0,907.0
98,15,3,1135.0,931.0
98,16,0,1113.0,856.0
98,16,1,1118.0,837.0
98,16,2,1153.0,842.0
98,16,3,1150.0,861.0
98,21,0,1172.0,834.0
98,21,1,1175.0,816.0
98,21,2,1209.0,820.0
98,21,3,1207.0,837.0
98,22,0,1181.0,783.0
98,22,1,1183.0,768.0
98,22,2,1214.0,771.0
98,22,3,1212.0,785.0
98,23,0,1189.0,740.0
98,23,1,1189.0,728.0
98,23,2,1217.0,730.0
98,23,3,1216.0,741.0
98,27,0,1225.0,812.0
98,27,1,1226.0,797.0
98,27,2,1258.0,801.0
98,27,3,1258.0,817.0
98,36,0,1327.0,881.0
98,36,1,1325.0,862.0
98,36,2,1359.0,863.0
98,36,3,1363.0,884.0
98,37,0,1322.0,826.0
98,37,1,1319.0,812.0
98,37,2,1351.0,812.0
98,37,3,1354.0,825.0
98,38,0,1317.0,777.0
98,38,1,1315.0,764.0
98,38,2,1342.0,767.0
98,38,3,1345.0,781.0
99,34,0,1021.0,273.0
99,34,1,1001.0,251.0
99,34,2,1027.0,234.0
99,34,3,1048.0,257.0
99,39,0,1090.0,278.0
99,39,1,1071.0,257.0
99,39,2,1098.0,239.0
99,39,3,1118.0,261.0
99,29,0,1015.0,325.0
99,29,1,996.0,306.0
99,29,2,1021.0,290.0
99,29,3,1041.0,311.0
99,33,0,1080.0,331.0
99,33,1,1063.0,312.0
99,33,2,1088.0,295.0
99,33,3,1107.0,315.0
99,24,0,950.0,320.0
99,24,1,929.0,301.0
99,24,2,953.0,285.0
99,24,3,974.0,305.0
99,38,0,1144.0,336.0
99,38,1,1128.0,316.0
99,38,2,1154.0,300.0
99,38,3,1171.0,320.0
99,19,0,948.0,371.0
99,19,1,928.0,353.0
99,19,2,951.0,337.0
99,19,3,970.0,355.0
99,14,0,884.0,369.0
99,14,1,864.0,352.0
99,14,2,885.0,336.0
99,14,3,906.0,355.0
99,23,0,1010.0,373.0
99,23,1,992.0,354.0
99,23,2,1016.0,342.0
99,23,3,1034.0,360.0
99,28,0,1072.0,378.0
99,28,1,1055.0,361.0
99,28,2,1080.0,348.0
99,28,3,1097.0,365.0
99,32,0,1133.0,384.0
99,32,1,1117.0,366.0
99,32,2,1142.0,352.0
99,32,3,1157.0,370.0
99,37,0,1191.0,388.0
99,37,1,1177.0,372.0
99,37,2,1203.0,358.0
99,37,3,1217.0,377.0
99,13,0,946.0,416.0
99,13,1,927.0,400.0
99,13,2,948.0,386.0
99,13,3,968.0,402.0
99,18,0,1005.0,418.0
99,18,1,987.0,403.0
99,18,2,1010.0,388.0
99,18,3,1027.0,405.0
99,9,0,887.0,413.0
99,9,1,866.0,398.0
99,9,2,885.0,384.0
99,9,3,906.0,399.0
99,4,0,828.0,409.0
99,4,1,806.0,394.0
99,4,2,824.0,381.0
99,4,3,846.0,397.0
99,22,0,1063.0,420.0
99,22,1,1048.0,404.0
99,22,2,1071.0,393.0
99,22,3,1087.0,408.0
99,27,0,1122.0,426.0
99,27,1,1107.0,410.0
99,27,2,1130.0,399.0
99,27,3,1145.0,415.0
99,3,0,888.0,452.0
99,3,1,868.0,437.0
99,3,2,886.0,426.0
99,3,3,907.0,440.0
99,31,0,1177.0,431.0
99,31,1,1165.0,416.0
99,31,2,1188.0,404.0
99,31,3,1201.0,421.0
99,8,0,944.0,456.0
99,8,1,926.0,441.0
99,8,2,946.0,430.0
99,8,3,964.0,445.0
99,12,0,1000.0,459.0
99,12,1,985.0,445.0
99,12,2,1005.0,433.0
99,12,3,1020.0,448.0
99,36,0,1233.0,437.0
99,36,1,1221.0,421.0
99,36,2,1245.0,410.0
99,36,3,1256.0,426.0
99,17,0,1056.0,461.0
99,17,1,1041.0,447.0
99,17,2,1063.0,435.0
99,17,3,1078.0,449.0
99,21,0,1111.0,464.0
99,21,1,1098.0,450.0
99,21,2,1119.0,439.0
99,21,3,1132.0,454.0
99,2,0,944.0,491.0
99,2,1,925.0,480.0
99,2,2,942.0,468.0
99,2,3,961.0,480.0
99,7,0,995.0,495.0
99,7,1,979.0,482.0
99,7,2,1000.0,472.0
99,7,3,1015.0,485.0
99,11,0,1049.0,498.0
99,11,1,1034.0,486.0
99,11,2,1055.0,475.0
99,11,3,1069.0,488.0
99,30,0,1219.0,473.0
99,30,1,1205.0,460.0
99,30,2,1229.0,450.0
99,30,3,1239.0,464.0
99,26,0,1165.0,468.0
99,26,1,1153.0,455.0
99,26,2,1175.0,445.0
99,26,3,1186.0,458.0
99,16,0,1102.0,501.0
99,16,1,1090.0,488.0
99,16,2,1109.0,478.0
99,16,3,1121.0,491.0
99,20,0,1154.0,505.0
99,20,1,1141.0,492.0
99,20,2,1163.0,482.0
99,20,3,1174.0,495.0
99,6,0,1043.0,532.0
99,6,1,1028.0,520.0
99,6,2,1047.0,510.0
99,6,3,1062.0,523.0
99,35,0,1267.0,477.0
99,35,1,1258.0,465.0
99,35,2,1280.0,456.0
99,35,3,1290.0,469.0
99,1,0,992.0,528.0
99,1,1,977.0,516.0
99,1,2,996.0,508.0
99,1,3,1010.0,519.0
99,10,0,1093.0,536.0
99,10,1,1080.0,524.0
99,10,2,1100.0,514.0
99,10,3,1112.0,526.0
99,5,0,1084.0,565.0
99,5,1,1072.0,555.0
99,5,2,1090.0,547.0
99,5,3,1103.0,559.0
99,0,0,1037.0,562.0
99,0,1,1023.0,551.0
99,0,2,1042.0,544.0
99,0,3,1055.0,554.0
99,15,0,1142.0,539.0
99,15,1,1131.0,527.0
99,15,2,1150.0,517.0
99,15,3,1162.0,530.0
99,25,0,1204.0,509.0
99,25,1,1193.0,495.0
99,25,2,1214.0,486.0
99,25,3,1224.0,499.0
100,27,0,1449.0,542.0
100,27,1,1434.0,501.0
100,27,2,1471.0,486.0
100,27,3,1488.0,526.0
100,6,0,1274.0,739.0
100,6,1,1261.0,701.0
100,6,2,1300.0,688.0
100,6,3,1313.0,726.0
100,21,0,1417.0,622.0
100,21,1,1402.0,582.0
100,21,2,1441.0,566.0
100,21,3,1456.0,606.0
100,22,0,1373.0,508.0
100,22,1,1356.0,468.0
100,22,2,1394.0,452.0
100,22,3,1411.0,492.0
100,36,0,1596.0,613.0
100,36,1,1582.0,572.0
100,36,2,1620.0,556.0
100,36,3,1634.0,597.0
100,31,0,1523.0,577.0
100,31,1,1509.0,536.0
100,31,2,1547.0,521.0
100,31,3,1562.0,561.0
100,16,0,1382.0,700.0
100,16,1,1369.0,660.0
100,16,2,1408.0,645.0
100,16,3,1422.0,685.0
100,37,0,1555.0,497.0
100,37,1,1539.0,456.0
100,37,2,1575.0,440.0
100,37,3,1593.0,480.0
100,17,0,1342.0,588.0
100,17,1,1326.0,548.0
100,17,2,1364.0,532.0
100,17,3,1380.0,572.0
100,11,0,1308.0,665.0
100,11,1,1293.0,627.0
100,11,2,1333.0,611.0
100,11,3,1348.0,650.0
100,12,0,1264.0,554.0
100,12,1,1249.0,515.0
100,12,2,1287.0,499.0
100,12,3,1303.0,538.0
100,32,0,1479.0,462.0
100,32,1,1462.0,422.0
100,32,2,1499.0,406.0
100,32,3,1516.0,445.0
100,26,0,1490.0,656.0
100,26,1,1477.0,616.0
100,26,2,1515.0,601.0
100,26,3,1529.0,640.0
100,18,0,1295.0,475.0
100,18,1,1278.0,437.0
100,18,2,1315.0,420.0
100,18,3,1333.0,458.0
100,20,0,1455.0,734.0
100,20,1,1442.0,695.0
100,20,2,1482.0,680.0
100,20,3,1494.0,718.0
100,28,0,1402.0,428.0
100,28,1,1385.0,388.0
100,28,2,1421.0,373.0
100,28,3,1439.0,412.0
100,7,0,1233.0,631.0
100,7,1,1219.0,592.0
100,7,2,1255.0,577.0
100,7,3,1272.0,616.0
100,30,0,1561.0,691.0
100,30,1,1549.0,651.0
100,30,2,1586.0,636.0
100,30,3,1599.0,676.0
100,38,0,1507.0,382.0
100,38,1,1488.0,343.0
100,38,2,1523.0,327.0
100,38,3,1542.0,366.0
100,23,0,1324.0,396.0
100,23,1,1306.0,358.0
100,23,2,1343.0,342.0
100,23,3,1360.0,380.0
100,10,0,1347.0,774.0
100,10,1,1334.0,737.0
100,10,2,1373.0,722.0
100,10,3,1386.0,761.0
100,15,0,1418.0,809.0
100,15,1,1407.0,771.0
100,15,2,1445.0,756.0
100,15,3,1457.0,795.0
100,13,0,1217.0,444.0
100,13,1,1201.0,408.0
100,13,2,1237.0,390.0
100,13,3,1254.0,428.0
100,8,0,1189.0,522.0
100,8,1,1173.0,485.0
100,8,2,1209.0,468.0
100,8,3,1226.0,505.0
100,1,0,1202.0,705.0
100,1,1,1188.0,667.0
100,1,2,1225.0,653.0
100,1,3,1240.0,691.0
100,2,0,1160.0,598.0
100,2,1,1145.0,560.0
100,2,2,1181.0,545.0
100,2,3,1197.0,582.0
100,25,0,1525.0,767.0
100,25,1,1513.0,729.0
100,25,2,1551.0,714.0
100,25,3,1562.0,752.0
100,35,0,1628.0,725.0
100,35,1,1618.0,686.0
100,35,2,1654.0,671.0
100,35,3,1665.0,710.0
100,33,0,1428.0,349.0
100,33,1,1411.0,310.0
100,33,2,1445.0,296.0
100,33,3,1463.0,334.0
100,19,0,1245.0,366.0
100,19,1,1228.0,330.0
100,19,2,1263.0,313.0
100,19,3,1281.0,349.0
100,29,0,1350.0,317.0
100,29,1,1332.0,280.0
100,29,2,1367.0,266.0
100,29,3,1385.0,302.0
100,0,0,1242.0,809.0
100,0,1,1228.0,773.0
100,0,2,1266.0,760.0
100,0,3,1279.0,797.0
100,3,0,1116.0,492.0
100,3,1,1101.0,456.0
100,3,2,1134.0,439.0
100,3,3,1151.0,476.0
100,5,0,1311.0,842.0
100,5,1,1300.0,806.0
100,5,2,1337.0,795.0
100,5,3,1350.0,831.0
100,9,0,1142.0,415.0
100,9,1,1127.0,380.0
100,9,2,1160.0,363.0
100,9,3,1178.0,399.0
100,14,0,1169.0,340.0
100,14,1,1152.0,305.0
100,14,2,1185.0,288.0
100,14,3,1204.0,322.0
100,24,0,1271.0,289.0
100,24,1,1254.0,254.0
100,24,2,1287.0,238.0
100,24,3,1306.0,272.0
100,34,0,1374.0,242.0
100,34,1,1355.0,207.0
100,34,2,1388.0,192.0
100,34,3,1407.0,227.0
100,4,0,1071.0,390.0
100,4,1,1056.0,357.0
100,4,2,1088.0,340.0
100,4,3,1104.0,373.0
101,38,0,1151.0,432.0
101,38,1,1145.0,402.0
101,38,2,1173.0,396.0
101,38,3,1179.0,426.0
101,36,0,1183.0,609.0
101,36,1,1178.0,580.0
101,36,2,1206.0,576.0
101,36,3,1211.0,606.0
101,37,0,1169.0,521.0
101,37,1,1163.0,491.0
101,37,2,1190.0,485.0
101,37,3,1195.0,516.0
101,39,0,1132.0,345.0
101,39,1,1126.0,316.0
101,39,2,1152.0,308.0
101,39,3,1159.0,338.0
101,32,0,1121.0,484.0
101,32,1,1116.0,454.0
101,32,2,1141.0,448.0
101,32,3,1148.0,479.0
101,33,0,1104.0,399.0
101,33,1,1097.0,370.0
101,33,2,1124.0,362.0
101,33,3,1130.0,391.0
101,31,0,1138.0,571.0
101,31,1,1132.0,541.0
101,31,2,1158.0,536.0
101,31,3,1163.0,567.0
101,35,0,1198.0,696.0
101,35,1,1193.0,668.0
101,35,2,1220.0,665.0
101,35,3,1225.0,695.0
101,30,0,1152.0,656.0
101,30,1,1147.0,627.0
101,30,2,1173.0,624.0
101,30,3,1178.0,653.0
101,27,0,1092.0,534.0
101,27,1,1086.0,506.0
101,27,2,1112.0,500.0
101,27,3,1117.0,529.0
101,28,0,1075.0,449.0
101,28,1,1070.0,421.0
101,28,2,1094.0,414.0
101,28,3,1101.0,443.0
101,29,0,1058.0,367.0
101,29,1,1053.0,338.0
101,29,2,1076.0,331.0
101,29,3,1083.0,359.0
101,26,0,1108.0,618.0
101,26,1,1102.0,590.0
101,26,2,1128.0,586.0
101,26,3,1132.0,615.0
101,22,0,1049.0,499.0
101,22,1,1044.0,470.0
101,22,2,1066.0,465.0
101,22,3,1072.0,494.0
101,21,0,1065.0,581.0
101,21,1,1059.0,553.0
101,21,2,1083.0,549.0
101,21,3,1088.0,577.0
101,23,0,1032.0,417.0
101,23,1,1027.0,390.0
101,23,2,1049.0,383.0
101,23,3,1055.0,411.0
101,18,0,1007.0,466.0
101,18,1,1002.0,439.0
101,18,2,1024.0,433.0
101,18,3,1030.0,461.0
101,17,0,1023.0,546.0
101,17,1,1018.0,519.0
101,17,2,1039.0,514.0
101,17,3,1045.0,542.0
101,24,0,1015.0,337.0
101,24,1,1010.0,312.0
101,24,2,1032.0,304.0
101,24,3,1037.0,330.0
101,19,0,992.0,387.0
101,19,1,987.0,362.0
101,19,2,1007.0,355.0
101,19,3,1013.0,380.0
101,11,0,999.0,590.0
101,11,1,994.0,564.0
101,11,2,1015.0,560.0
101,11,3,1020.0,587.0
101,13,0,968.0,435.0
101,13,1,963.0,410.0
101,13,2,983.0,403.0
101,13,3,989.0,429.0
101,10,0,1014.0,667.0
101,10,1,1009.0,641.0
101,10,2,1029.0,639.0
101,10,3,1034.0,664.0
101,8,0,945.0,481.0
101,8,1,940.0,456.0
101,8,2,960.0,451.0
101,8,3,965.0,476.0
101,7,0,961.0,557.0
101,7,1,956.0,532.0
101,7,2,975.0,528.0
101,7,3,980.0,553.0
101,3,0,909.0,452.0
101,3,1,904.0,428.0
101,3,2,923.0,421.0
101,3,3,928.0,447.0
101,2,0,924.0,525.0
101,2,1,919.0,501.0
101,2,2,938.0,496.0
101,2,3,943.0,521.0
101,4,0,894.0,380.0
101,4,1,890.0,356.0
101,4,2,907.0,350.0
101,4,3,912.0,373.0
101,1,0,940.0,599.0
101,1,1,934.0,575.0
101,1,2,952.0,571.0
101,1,3,957.0,596.0
101,6,0,976.0,632.0
101,6,1,970.0,607.0
101,6,2,990.0,604.0
101,6,3,995.0,630.0
101,9,0,930.0,407.0
101,9,1,924.0,383.0
101,9,2,944.0,375.0
101,9,3,950.0,400.0
101,12,0,983.0,512.0
101,12,1,978.0,486.0
101,12,2,999.0,481.0
101,12,3,1005.0,507.0
101,14,0,951.0,359.0
101,14,1,946.0,335.0
101,14,2,966.0,327.0
101,14,3,973.0,352.0
101,15,0,1053.0,703.0
101,15,1,1048.0,677.0
101,15,2,1070.0,676.0
101,15,3,1075.0,701.0
101,16,0,1038.0,625.0
101,16,1,1034.0,598.0
101,16,2,1056.0,595.0
101,16,3,1061.0,623.0
101,20,0,1080.0,661.0
101,20,1,1075.0,635.0
101,20,2,1098.0,632.0
101,20,3,1103.0,660.0
101,25,0,1122.0,699.0
101,25,1,1118.0,672.0
101,25,2,1141.0,670.0
101,25,3,1146.0,698.0
101,34,0,1085.0,314.0
101,34,1,1080.0,286.0
101,34,2,1103.0,278.0
101,34,3,1110.0,306.0
102,38,0,1159.0,468.0
102,38,1,1136.0,445.0
102,38,2,1158.0,423.0
102,38,3,1181.0,446.0
102,36,0,1283.0,607.0
102,36,1,1263.0,583.0
102,36,2,1287.0,562.0
102,36,3,1307.0,587.0
102,37,0,1221.0,537.0
102,37,1,1201.0,513.0
102,37,2,1224.0,492.0
102,37,3,1245.0,517.0
102,31,0,1219.0,603.0
102,31,1,1198.0,579.0
102,31,2,1222.0,559.0
102,31,3,1242.0,583.0
102,32,0,1156.0,534.0
102,32,1,1136.0,510.0
102,32,2,1159.0,490.0
102,32,3,1180.0,512.0
102,27,0,1156.0,599.0
102,27,1,1134.0,575.0
102,27,2,1157.0,555.0
102,27,3,1178.0,578.0
102,39,0,1092.0,400.0
102,39,1,1071.0,378.0
102,39,2,1093.0,356.0
102,39,3,1115.0,379.0
102,33,0,1094.0,466.0
102,33,1,1071.0,444.0
102,33,2,1092.0,422.0
102,33,3,1115.0,444.0
102,28,0,1093.0,531.0
102,28,1,1071.0,508.0
102,28,2,1092.0,487.0
102,28,3,1114.0,509.0
102,35,0,1342.0,675.0
102,35,1,1323.0,651.0
102,35,2,1347.0,632.0
102,35,3,1366.0,655.0
102,26,0,1216.0,666.0
102,26,1,1196.0,642.0
102,26,2,1219.0,623.0
102,26,3,1239.0,646.0
102,22,0,1091.0,594.0
102,22,1,1071.0,571.0
102,22,2,1092.0,551.0
102,22,3,1114.0,575.0
102,17,0,1090.0,657.0
102,17,1,1069.0,634.0
102,17,2,1091.0,614.0
102,17,3,1112.0,637.0
102,34,0,1029.0,400.0
102,34,1,1008.0,380.0
102,34,2,1027.0,358.0
102,34,3,1049.0,377.0
102,29,0,1031.0,464.0
102,29,1,1008.0,442.0
102,29,2,1029.0,421.0
102,29,3,1051.0,443.0
102,30,0,1278.0,670.0
102,30,1,1259.0,647.0
102,30,2,1284.0,628.0
102,30,3,1302.0,652.0
102,21,0,1152.0,661.0
102,21,1,1132.0,638.0
102,21,2,1156.0,619.0
102,21,3,1175.0,642.0
102,18,0,1029.0,591.0
102,18,1,1009.0,568.0
102,18,2,1030.0,548.0
102,18,3,1051.0,572.0
102,12,0,1028.0,653.0
102,12,1,1007.0,631.0
102,12,2,1030.0,611.0
102,12,3,1050.0,633.0
102,23,0,1031.0,528.0
102,23,1,1009.0,506.0
102,23,2,1029.0,485.0
102,23,3,1051.0,506.0
102,25,0,1273.0,732.0
102,25,1,1254.0,710.0
102,25,2,1278.0,690.0
102,25,3,1296.0,714.0
102,20,0,1210.0,727.0
102,20,1,1192.0,704.0
102,20,2,1216.0,686.0
102,20,3,1234.0,709.0
102,11,0,1087.0,717.0
102,11,1,1068.0,694.0
102,11,2,1090.0,676.0
102,11,3,1110.0,699.0
102,16,0,1149.0,722.0
102,16,1,1129.0,700.0
102,16,2,1152.0,681.0
102,16,3,1171.0,704.0
102,13,0,968.0,588.0
102,13,1,949.0,566.0
102,13,2,969.0,546.0
102,13,3,990.0,568.0
102,19,0,970.0,526.0
102,19,1,949.0,506.0
102,19,2,968.0,484.0
102,19,3,990.0,505.0
102,24,0,970.0,463.0
102,24,1,949.0,444.0
102,24,2,968.0,421.0
102,24,3,989.0,442.0
102,10,0,1145.0,781.0
102,10,1,1126.0,759.0
102,10,2,1148.0,741.0
102,10,3,1167.0,764.0
102,15,0,1206.0,787.0
102,15,1,1187.0,765.0
102,15,2,1210.0,747.0
102,15,3,1228.0,769.0
102,14,0,910.0,525.0
102,14,1,890.0,504.0
102,14,2,909.0,483.0
102,14,3,929.0,503.0
102,8,0,970.0,648.0
102,8,1,949.0,626.0
102,8,2,968.0,608.0
102,8,3,989.0,629.0
102,6,0,1086.0,775.0
102,6,1,1066.0,752.0
102,6,2,1088.0,736.0
102,6,3,1106.0,758.0
102,7,0,1027.0,711.0
102,7,1,1008.0,690.0
102,7,2,1029.0,672.0
102,7,3,1048.0,694.0
102,9,0,912.0,585.0
102,9,1,892.0,564.0
102,9,2,910.0,544.0
102,9,3,930.0,565.0
102,2,0,971.0,705.0
102,2,1,951.0,685.0
102,2,2,970.0,666.0
102,2,3,990.0,688.0
102,1,0,1027.0,767.0
102,1,1,1008.0,746.0
102,1,2,1028.0,729.0
102,1,3,1047.0,751.0
102,5,0,1141.0,836.0
102,5,1,1123.0,815.0
102,5,2,1144.0,799.0
102,5,3,1162.0,821.0
102,3,0,914.0,643.0
102,3,1,895.0,623.0
102,3,2,911.0,604.0
102,3,3,931.0,624.0
102,4,0,858.0,581.0
102,4,1,839.0,562.0
102,4,2,855.0,542.0
102,4,3,874.0,562.0
102,0,0,1081.0,828.0
102,0,1,1064.0,808.0
102,0,2,1086.0,793.0
102,0,3,1103.0,814.0
103,34,0,890.0,367.0
103,34,1,864.0,353.0
103,34,2,882.0,331.0
103,34,3,908.0,346.0
103,39,0,955.0,359.0
103,39,1,930.0,345.0
103,39,2,950.0,323.0
103,39,3,974.0,338.0
103,33,0,960.0,411.0
103,33,1,936.0,397.0
103,33,2,955.0,376.0
103,33,3,979.0,391.0
103,38,0,1021.0,404.0
103,38,1,999.0,389.0
103,38,2,1020.0,369.0
103,38,3,1041.0,384.0
103,29,0,897.0,416.0
103,29,1,873.0,403.0
103,29,2,891.0,384.0
103,29,3,916.0,398.0
103,24,0,836.0,422.0
103,24,1,811.0,408.0
103,24,2,827.0,391.0
103,24,3,853.0,404.0
103,19,0,846.0,469.0
103,19,1,822.0,456.0
103,19,2,839.0,437.0
103,19,3,863.0,450.0
103,14,0,789.0,477.0
103,14,1,764.0,465.0
103,14,2,779.0,447.0
103,14,3,804.0,459.0
103,23,0,904.0,461.0
103,23,1,881.0,448.0
103,23,2,900.0,431.0
103,23,3,922.0,444.0
103,32,0,1023.0,451.0
103,32,1,1002.0,438.0
103,32,2,1021.0,420.0
103,32,3,1042.0,432.0
103,28,0,964.0,456.0
103,28,1,942.0,443.0
103,28,2,959.0,427.0
103,28,3,983.0,440.0
103,37,0,1080.0,444.0
103,37,1,1062.0,430.0
103,37,2,1083.0,414.0
103,37,3,1102.0,429.0
103,18,0,912.0,504.0
103,18,1,890.0,493.0
103,18,2,907.0,474.0
103,18,3,928.0,486.0
103,13,0,856.0,511.0
103,13,1,833.0,500.0
103,13,2,849.0,483.0
103,13,3,872.0,495.0
103,22,0,968.0,497.0
103,22,1,947.0,485.0
103,22,2,965.0,469.0
103,22,3,986.0,481.0
103,9,0,800.0,517.0
103,9,1,777.0,506.0
103,9,2,791.0,490.0
103,9,3,815.0,502.0
103,27,0,1024.0,492.0
103,27,1,1004.0,480.0
103,27,2,1022.0,466.0
103,27,3,1042.0,477.0
103,31,0,1078.0,487.0
103,31,1,1062.0,476.0
103,31,2,1082.0,460.0
103,31,3,1099.0,473.0
103,36,0,1135.0,483.0
103,36,1,1119.0,470.0
103,36,2,1140.0,456.0
103,36,3,1155.0,468.0
103,4,0,747.0,521.0
103,4,1,723.0,511.0
103,4,2,736.0,496.0
103,4,3,759.0,507.0
103,17,0,972.0,536.0
103,17,1,953.0,526.0
103,17,2,969.0,510.0
103,17,3,988.0,521.0
103,21,0,1026.0,530.0
103,21,1,1008.0,520.0
103,21,2,1024.0,504.0
103,21,3,1043.0,516.0
103,8,0,865.0,547.0
103,8,1,844.0,538.0
103,8,2,858.0,524.0
103,8,3,879.0,534.0
103,3,0,811.0,552.0
103,3,1,790.0,542.0
103,3,2,804.0,529.0
103,3,3,825.0,539.0
103,30,0,1132.0,520.0
103,30,1,1115.0,510.0
103,30,2,1135.0,497.0
103,30,3,1150.0,507.0
103,2,0,872.0,581.0
103,2,1,853.0,572.0
103,2,2,866.0,559.0
103,2,3,887.0,568.0
103,25,0,1127.0,556.0
103,25,1,1113.0,546.0
103,25,2,1131.0,533.0
103,25,3,1144.0,544.0
103,10,0,1027.0,600.0
103,10,1,1012.0,590.0
103,10,2,1027.0,578.0
103,10,3,1042.0,588.0
103,1,0,928.0,608.0
103,1,1,912.0,600.0
103,1,2,925.0,588.0
103,1,3,942.0,596.0
103,5,0,1029.0,629.0
103,5,1,1013.0,622.0
103,5,2,1027.0,612.0
103,5,3,1042.0,619.0
103,6,0,978.0,604.0
103,6,1,961.0,596.0
103,6,2,976.0,583.0
103,6,3,993.0,592.0
103,7,0,924.0,576.0
103,7,1,904.0,567.0
103,7,2,919.0,555.0
103,7,3,938.0,563.0
103,11,0,976.0,571.0
103,11,1,957.0,563.0
103,11,2,973.0,549.0
103,11,3,991.0,558.0
103,12,0,918.0,543.0
103,12,1,897.0,533.0
103,12,2,914.0,517.0
103,12,3,934.0,527.0
103,20,0,1077.0,561.0
103,20,1,1062.0,550.0
103,20,2,1080.0,538.0
103,20,3,1094.0,549.0
103,26,0,1077.0,524.0
103,26,1,1061.0,514.0
103,26,2,1080.0,500.0
103,26,3,1096.0,512.0
103,35,0,1183.0,516.0
103,35,1,1169.0,506.0
103,35,2,1188.0,493.0
103,35,3,1200.0,504.0
104,5,0,1103.0,827.0
104,5,1,1093.0,789.0
104,5,2,1129.0,778.0
104,5,3,1139.0,815.0
104,25,0,1313.0,759.0
104,25,1,1301.0,722.0
104,25,2,1337.0,710.0
104,25,3,1349.0,746.0
104,15,0,1208.0,793.0
104,15,1,1198.0,756.0
104,15,2,1233.0,745.0
104,15,3,1245.0,782.0
104,10,0,1140.0,757.0
104,10,1,1130.0,721.0
104,10,2,1166.0,710.0
104,10,3,1177.0,745.0
104,20,0,1245.0,724.0
104,20,1,1233.0,688.0
104,20,2,1269.0,676.0
104,20,3,1280.0,712.0
104,0,0,1038.0,789.0
104,0,1,1027.0,754.0
104,0,2,1063.0,742.0
104,0,3,1073.0,778.0
104,30,0,1347.0,688.0
104,30,1,1335.0,652.0
104,30,2,1369.0,640.0
104,30,3,1382.0,675.0
104,16,0,1176.0,688.0
104,16,1,1165.0,654.0
104,16,2,1201.0,642.0
104,16,3,1212.0,677.0
104,35,0,1414.0,723.0
104,35,1,1403.0,686.0
104,35,2,1436.0,674.0
104,35,3,1447.0,711.0
104,6,0,1073.0,721.0
104,6,1,1063.0,687.0
104,6,2,1098.0,675.0
104,6,3,1109.0,710.0
104,26,0,1279.0,654.0
104,26,1,1267.0,618.0
104,26,2,1301.0,607.0
104,26,3,1313.0,642.0
104,36,0,1379.0,618.0
104,36,1,1366.0,582.0
104,36,2,1398.0,571.0
104,36,3,1412.0,605.0
104,11,0,1109.0,654.0
104,11,1,1099.0,620.0
104,11,2,1134.0,609.0
104,11,3,1144.0,643.0
104,21,0,1211.0,621.0
104,21,1,1199.0,587.0
104,21,2,1233.0,575.0
104,21,3,1245.0,608.0
104,1,0,1009.0,687.0
104,1,1,1000.0,654.0
104,1,2,1034.0,642.0
104,1,3,1044.0,676.0
104,31,0,1310.0,585.0
104,31,1,1298.0,551.0
104,31,2,1330.0,540.0
104,31,3,1343.0,573.0
104,7,0,1044.0,621.0
104,7,1,1035.0,589.0
104,7,2,1069.0,578.0
104,7,3,1079.0,610.0
104,17,0,1144.0,588.0
104,17,1,1133.0,556.0
104,17,2,1166.0,544.0
104,17,3,1177.0,577.0
104,22,0,1176.0,523.0
104,22,1,1165.0,493.0
104,22,2,1197.0,481.0
104,22,3,1209.0,511.0
104,37,0,1340.0,518.0
104,37,1,1327.0,487.0
104,37,2,1358.0,476.0
104,37,3,1371.0,507.0
104,2,0,982.0,590.0
104,2,1,974.0,559.0
104,2,2,1006.0,548.0
104,2,3,1015.0,579.0
104,3,0,957.0,501.0
104,3,1,949.0,473.0
104,3,2,979.0,461.0
104,3,3,988.0,489.0
104,13,0,1049.0,467.0
104,13,1,1040.0,439.0
104,13,2,1071.0,428.0
104,13,3,1080.0,455.0
104,23,0,1142.0,433.0
104,23,1,1132.0,406.0
104,23,2,1162.0,396.0
104,23,3,1173.0,422.0
104,4,0,933.0,419.0
104,4,1,926.0,394.0
104,4,2,955.0,383.0
104,4,3,963.0,408.0
104,8,0,1016.0,528.0
104,8,1,1007.0,498.0
104,8,2,1039.0,487.0
104,8,3,1048.0,516.0
104,9,0,989.0,442.0
104,9,1,981.0,416.0
104,9,2,1011.0,405.0
104,9,3,1020.0,431.0
104,12,0,1079.0,557.0
104,12,1,1069.0,526.0
104,12,2,1102.0,515.0
104,12,3,1112.0,545.0
104,19,0,1080.0,408.0
104,19,1,1071.0,383.0
104,19,2,1101.0,372.0
104,19,3,1110.0,398.0
104,24,0,1110.0,353.0
104,24,1,1100.0,329.0
104,24,2,1129.0,318.0
104,24,3,1138.0,342.0
104,27,0,1243.0,553.0
104,27,1,1231.0,522.0
104,27,2,1263.0,510.0
104,27,3,1276.0,541.0
104,32,0,1272.0,488.0
104,32,1,1261.0,458.0
104,32,2,1292.0,448.0
104,32,3,1303.0,478.0
104,33,0,1235.0,400.0
104,33,1,1224.0,373.0
104,33,2,1252.0,364.0
104,33,3,1264.0,390.0
105,35,0,1380.0,1072.0
105,35,1,1374.0,1039.0
105,35,2,1415.0,1031.0
105,35,3,1422.0,1065.0
105,25,0,1257.0,1095.0
105,25,1,1255.0,1062.0
105,25,2,1297.0,1055.0
105,25,3,1299.0,1088.0
105,15,0,1135.0,1111.0
105,15,1,1138.0,1079.0
105,15,2,1179.0,1075.0
105,15,3,1177.0,1108.0
105,5,0,1019.0,1118.0
105,5,1,1025.0,1086.0
105,5,2,1064.0,1085.0
105,5,3,1059.0,1115.0
105,20,0,1197.0,1059.0
105,20,1,1198.0,1028.0
105,20,2,1236.0,1021.0
105,20,3,1236.0,1052.0
105,30,0,1313.0,1037.0
105,30,1,1309.0,1009.0
105,30,2,1348.0,1000.0
105,30,3,1354.0,1028.0
105,10,0,1083.0,1070.0
105,10,1,1088.0,1041.0
105,10,2,1125.0,1038.0
105,10,3,1123.0,1067.0
105,36,0,1363.0,983.0
105,36,1,1358.0,956.0
105,36,2,1394.0,947.0
105,36,3,1401.0,974.0
105,26,0,1252.0,1005.0
105,26,1,1251.0,978.0
105,26,2,1288.0,972.0
105,26,3,1291.0,999.0
105,16,0,1143.0,1023.0
105,16,1,1145.0,996.0
105,16,2,1181.0,991.0
105,16,3,1181.0,1018.0
105,0,0,976.0,1077.0
105,0,1,982.0,1050.0
105,0,2,1018.0,1046.0
105,0,3,1012.0,1074.0
105,6,0,1037.0,1033.0
105,6,1,1042.0,1007.0
105,6,2,1077.0,1004.0
105,6,3,1073.0,1030.0
105,21,0,1197.0,976.0
105,21,1,1198.0,951.0
105,21,2,1232.0,944.0
105,21,3,1234.0,969.0
105,31,0,1302.0,957.0
105,31,1,1300.0,933.0
105,31,2,1335.0,926.0
105,31,3,1339.0,949.0
105,11,0,1094.0,990.0
105,11,1,1098.0,965.0
105,11,2,1132.0,962.0
105,11,3,1130.0,986.0
105,17,0,1148.0,949.0
105,17,1,1149.0,926.0
105,17,2,1182.0,920.0
105,17,3,1182.0,943.0
105,27,0,1247.0,930.0
105,27,1,1245.0,908.0
105,27,2,1279.0,903.0
105,27,3,1282.0,925.0
105,1,0,996.0,1001.0
105,1,1,1002.0,978.0
105,1,2,1034.0,973.0
105,1,3,1028.0,998.0
105,7,0,1051.0,961.0
105,7,1,1055.0,938.0
105,7,2,1087.0,934.0
105,7,3,1084.0,956.0
105,37,0,1347.0,910.0
105,37,1,1343.0,890.0
105,37,2,1376.0,882.0
105,37,3,1381.0,901.0
105,32,0,1292.0,889.0
105,32,1,1290.0,869.0
105,32,2,1321.0,862.0
105,32,3,1325.0,883.0
105,22,0,1197.0,907.0
105,22,1,1197.0,886.0
105,22,2,1228.0,880.0
105,22,3,1230.0,900.0
105,12,0,1103.0,921.0
105,12,1,1105.0,900.0
105,12,2,1136.0,897.0
105,12,3,1135.0,917.0
105,2,0,1012.0,933.0
105,2,1,1018.0,913.0
105,2,2,1047.0,910.0
105,2,3,1043.0,930.0
105,28,0,1242.0,867.0
105,28,1,1240.0,849.0
105,28,2,1271.0,843.0
105,28,3,1273.0,862.0
105,38,0,1333.0,848.0
105,38,1,1330.0,830.0
105,38,2,1360.0,825.0
105,38,3,1364.0,843.0
105,18,0,1151.0,884.0
105,18,1,1152.0,865.0
105,18,2,1182.0,861.0
105,18,3,1181.0,880.0
105,8,0,1062.0,897.0
105,8,1,1065.0,878.0
105,8,2,1094.0,874.0
105,8,3,1092.0,892.0
105,33,0,1283.0,831.0
105,33,1,1280.0,813.0
105,33,2,1309.0,808.0
105,33,3,1313.0,825.0
105,23,0,1195.0,848.0
105,23,1,1196.0,831.0
105,23,2,1224.0,825.0
105,23,3,1225.0,842.0
105,13,0,1109.0,862.0
105,13,1,1112.0,845.0
105,13,2,1140.0,841.0
105,13,3,1139.0,858.0
105,3,0,1026.0,876.0
105,3,1,1031.0,859.0
105,3,2,1057.0,854.0
105,3,3,1054.0,871.0
105,29,0,1237.0,813.0
105,29,1,1235.0,798.0
105,29,2,1262.0,792.0
105,29,3,1265.0,808.0
105,24,0,1194.0,798.0
105,24,1,1194.0,784.0
105,24,2,1220.0,778.0
105,24,3,1221.0,793.0
105,4,0,1038.0,827.0
105,4,1,1041.0,812.0
105,4,2,1066.0,807.0
105,4,3,1063.0,821.0
105,9,0,1071.0,842.0
105,9,1,1074.0,827.0
105,9,2,1101.0,823.0
105,9,3,1099.0,839.0
105,14,0,1114.0,811.0
105,14,1,1116.0,797.0
105,14,2,1142.0,793.0
105,14,3,1141.0,808.0
105,34,0,1274.0,781.0
105,34,1,1272.0,766.0
105,34,2,1298.0,760.0
105,34,3,1301.0,774.0
105,39,0,1320.0,794.0
105,39,1,1317.0,778.0
105,39,2,1344.0,772.0
105,39,3,1348.0,789.0
106,5,0,1120.0,886.0
106,5,1,1109.0,848.0
106,5,2,1150.0,836.0
106,5,3,1161.0,873.0
106,0,0,1046.0,847.0
106,0,1,1037.0,810.0
106,0,2,1076.0,799.0
106,0,3,1086.0,836.0
106,10,0,1161.0,811.0
106,10,1,1150.0,775.0
106,10,2,1188.0,763.0
106,10,3,1201.0,798.0
106,25,0,1351.0,807.0
106,25,1,1336.0,771.0
106,25,2,1372.0,757.0
106,25,3,1387.0,792.0
106,6,0,1088.0,776.0
106,6,1,1078.0,741.0
106,6,2,1116.0,730.0
106,6,3,1126.0,764.0
106,20,0,1274.0,773.0
106,20,1,1261.0,739.0
106,20,2,1298.0,726.0
106,20,3,1311.0,760.0
106,1,0,1019.0,743.0
106,1,1,1010.0,710.0
106,1,2,1047.0,698.0
106,1,3,1056.0,731.0
106,30,0,1382.0,732.0
106,30,1,1367.0,698.0
106,30,2,1401.0,686.0
106,30,3,1416.0,719.0
106,7,0,1058.0,677.0
106,7,1,1049.0,647.0
106,7,2,1084.0,636.0
106,7,3,1094.0,665.0
106,17,0,1163.0,643.0
106,17,1,1152.0,614.0
106,17,2,1185.0,603.0
106,17,3,1197.0,631.0
106,2,0,993.0,648.0
106,2,1,985.0,620.0
106,2,2,1020.0,609.0
106,2,3,1028.0,637.0
106,3,0,970.0,565.0
106,3,1,964.0,541.0
106,3,2,995.0,530.0
106,3,3,1003.0,554.0
106,9,0,1006.0,513.0
106,9,1,999.0,490.0
106,9,2,1029.0,480.0
106,9,3,1037.0,501.0
106,11,0,1127.0,707.0
106,11,1,1116.0,676.0
106,11,2,1152.0,665.0
106,11,3,1164.0,695.0
106,13,0,1065.0,533.0
106,13,1,1057.0,510.0
106,13,2,1088.0,500.0
106,13,3,1097.0,523.0
106,15,0,1237.0,847.0
106,15,1,1225.0,811.0
106,15,2,1263.0,798.0
106,15,3,1277.0,834.0
106,16,0,1200.0,740.0
106,16,1,1187.0,707.0
106,16,2,1223.0,695.0
106,16,3,1236.0,728.0
106,21,0,1233.0,671.0
106,21,1,1221.0,641.0
106,21,2,1255.0,629.0
106,21,3,1268.0,659.0
107,35,0,1384.0,1066.0
107,35,1,1381.0,1038.0
107,35,2,1422.0,1029.0
107,35,3,1428.0,1060.0
107,25,0,1258.0,1093.0
107,25,1,1258.0,1065.0
107,25,2,1300.0,1057.0
107,25,3,1301.0,1085.0
107,30,0,1317.0,1039.0
107,30,1,1316.0,1015.0
107,30,2,1355.0,1006.0
107,30,3,1359.0,1030.0
107,5,0,1018.0,1120.0
107,5,1,1026.0,1094.0
107,5,2,1064.0,1092.0
107,5,3,1056.0,1118.0
107,20,0,1200.0,1063.0
107,20,1,1202.0,1038.0
107,20,2,1241.0,1031.0
107,20,3,1239.0,1056.0
107,10,0,1085.0,1076.0
107,10,1,1092.0,1053.0
107,10,2,1129.0,1050.0
107,10,3,1124.0,1074.0
107,36,0,1370.0,988.0
107,36,1,1367.0,966.0
107,36,2,1404.0,956.0
107,36,3,1408.0,979.0
107,16,0,1148.0,1034.0
107,16,1,1152.0,1012.0
107,16,2,1188.0,1006.0
107,16,3,1186.0,1029.0
107,31,0,1311.0,971.0
107,31,1,1309.0,950.0
107,31,2,1344.0,942.0
107,31,3,1347.0,961.0
107,21,0,1205.0,991.0
107,21,1,1208.0,970.0
107,21,2,1242.0,964.0
107,21,3,1242.0,984.0
107,6,0,1043.0,1046.0
107,6,1,1050.0,1025.0
107,6,2,1084.0,1022.0
107,6,3,1078.0,1043.0
107,11,0,1103.0,1008.0
107,11,1,1108.0,987.0
107,11,2,1141.0,983.0
107,11,3,1138.0,1003.0
107,1,0,1006.0,1020.0
107,1,1,1014.0,1001.0
107,1,2,1045.0,996.0
107,1,3,1038.0,1016.0
107,27,0,1257.0,950.0
107,27,1,1258.0,931.0
107,27,2,1291.0,926.0
107,27,3,1291.0,944.0
107,17,0,1159.0,970.0
107,17,1,1162.0,951.0
107,17,2,1194.0,946.0
107,17,3,1191.0,964.0
107,37,0,1358.0,927.0
107,37,1,1355.0,911.0
107,37,2,1388.0,901.0
107,37,3,1391.0,917.0
107,32,0,1304.0,911.0
107,32,1,1304.0,895.0
107,32,2,1335.0,888.0
107,32,3,1337.0,905.0
107,7,0,1063.0,984.0
107,7,1,1069.0,966.0
107,7,2,1099.0,962.0
107,7,3,1094.0,980.0
107,22,0,1210.0,932.0
107,22,1,1211.0,916.0
107,22,2,1242.0,909.0
107,22,3,1242.0,925.0
107,33,0,1299.0,863.0
107,33,1,1298.0,849.0
107,33,2,1326.0,843.0
107,33,3,1328.0,857.0
107,2,0,1028.0,963.0
107,2,1,1034.0,946.0
107,2,2,1062.0,942.0
107,2,3,1057.0,959.0
107,12,0,1116.0,948.0
107,12,1,1120.0,931.0
107,12,2,1151.0,928.0
107,12,3,1148.0,944.0
107,15,0,1135.0,1112.0
107,15,1,1140.0,1085.0
107,15,2,1180.0,1081.0
107,15,3,1176.0,1109.0
107,26,0,1258.0,1014.0
107,26,1,1259.0,991.0
107,26,2,1296.0,986.0
107,26,3,1297.0,1007.0
107,28,0,1256.0,896.0
107,28,1,1256.0,882.0
107,28,2,1286.0,875.0
107,28,3,1287.0,890.0
107,38,0,1347.0,874.0
107,38,1,1345.0,860.0
107,38,2,1375.0,854.0
107,38,3,1378.0,869.0
108,21,0,1488.0,598.0
108,21,1,1473.0,557.0
108,21,2,1512.0,540.0
108,21,3,1527.0,582.0
108,16,0,1453.0,678.0
108,16,1,1439.0,638.0
108,16,2,1479.0,622.0
108,16,3,1493.0,662.0
108,7,0,1302.0,608.0
108,7,1,1287.0,568.0
108,7,2,1325.0,552.0
108,7,3,1341.0,592.0
108,37,0,1626.0,469.0
108,37,1,1609.0,427.0
108,37,2,1647.0,410.0
108,37,3,1665.0,452.0
108,17,0,1410.0,563.0
108,17,1,1395.0,522.0
108,17,2,1434.0,505.0
108,17,3,1451.0,546.0
108,31,0,1595.0,552.0
108,31,1,1580.0,511.0
108,31,2,1618.0,493.0
108,31,3,1634.0,536.0
108,27,0,1519.0,516.0
108,27,1,1504.0,474.0
108,27,2,1542.0,458.0
108,27,3,1559.0,499.0
108,22,0,1442.0,481.0
108,22,1,1425.0,440.0
108,22,2,1463.0,423.0
108,22,3,1481.0,464.0
108,32,0,1548.0,433.0
108,32,1,1531.0,392.0
108,32,2,1569.0,375.0
108,32,3,1587.0,416.0
108,36,0,1669.0,589.0
108,36,1,1655.0,547.0
108,36,2,1693.0,530.0
108,36,3,1707.0,573.0
108,11,0,1378.0,643.0
108,11,1,1363.0,602.0
108,11,2,1403.0,587.0
108,11,3,1418.0,627.0
108,12,0,1333.0,529.0
108,12,1,1316.0,490.0
108,12,2,1355.0,472.0
108,12,3,1372.0,512.0
108,18,0,1362.0,448.0
108,18,1,1345.0,408.0
108,18,2,1382.0,391.0
108,18,3,1401.0,431.0
108,26,0,1563.0,634.0
108,26,1,1549.0,592.0
108,26,2,1587.0,576.0
108,26,3,1601.0,618.0
108,28,0,1470.0,399.0
108,28,1,1452.0,359.0
108,28,2,1489.0,342.0
108,28,3,1508.0,382.0
108,38,0,1575.0,351.0
108,38,1,1556.0,310.0
108,38,2,1592.0,294.0
108,38,3,1612.0,333.0
108,20,0,1526.0,713.0
108,20,1,1514.0,673.0
108,20,2,1553.0,657.0
108,20,3,1566.0,697.0
108,30,0,1633.0,669.0
108,30,1,1621.0,629.0
108,30,2,1660.0,613.0
108,30,3,1672.0,654.0
108,23,0,1390.0,367.0
108,23,1,1372.0,328.0
108,23,2,1408.0,310.0
108,23,3,1427.0,350.0
108,10,0,1418.0,754.0
108,10,1,1404.0,716.0
108,10,2,1444.0,701.0
108,10,3,1457.0,741.0
108,33,0,1496.0,318.0
108,33,1,1476.0,279.0
108,33,2,1512.0,262.0
108,33,3,1531.0,301.0
108,6,0,1344.0,718.0
108,6,1,1330.0,680.0
108,6,2,1369.0,665.0
108,6,3,1383.0,705.0
108,15,0,1489.0,790.0
108,15,1,1478.0,750.0
108,15,2,1517.0,736.0
108,15,3,1528.0,775.0
108,13,0,1284.0,417.0
108,13,1,1267.0,379.0
108,13,2,1302.0,361.0
108,13,3,1321.0,400.0
108,2,0,1228.0,575.0
108,2,1,1212.0,536.0
108,2,2,1249.0,520.0
108,2,3,1265.0,559.0
108,8,0,1256.0,497.0
108,8,1,1240.0,458.0
108,8,2,1275.0,441.0
108,8,3,1293.0,480.0
108,1,0,1271.0,683.0
108,1,1,1256.0,645.0
108,1,2,1294.0,630.0
108,1,3,1309.0,669.0
108,29,0,1415.0,286.0
108,29,1,1395.0,249.0
108,29,2,1431.0,232.0
108,29,3,1451.0,269.0
108,25,0,1596.0,747.0
108,25,1,1586.0,708.0
108,25,2,1624.0,693.0
108,25,3,1635.0,732.0
108,19,0,1309.0,337.0
108,19,1,1292.0,300.0
108,19,2,1327.0,282.0
108,19,3,1346.0,320.0
108,35,0,1702.0,705.0
108,35,1,1692.0,664.0
108,35,2,1728.0,649.0
108,35,3,1738.0,689.0
108,39,0,1517.0,238.0
108,39,1,1497.0,200.0
108,39,2,1530.0,184.0
108,39,3,1552.0,221.0
108,0,0,1310.0,788.0
108,0,1,1297.0,752.0
108,0,2,1336.0,739.0
108,0,3,1349.0,776.0
108,24,0,1333.0,258.0
108,24,1,1315.0,223.0
108,24,2,1350.0,205.0
108,24,3,1369.0,241.0
108,34,0,1437.0,208.0
108,34,1,1416.0,173.0
108,34,2,1450.0,156.0
108,34,3,1471.0,192.0
108,3,0,1182.0,467.0
108,3,1,1166.0,430.0
108,3,2,1200.0,413.0
108,3,3,1217.0,450.0
108,9,0,1207.0,389.0
108,9,1,1191.0,352.0
108,9,2,1224.0,335.0
108,9,3,1242.0,372.0
108,14,0,1231.0,311.0
108,14,1,1214.0,277.0
108,14,2,1248.0,258.0
108,14,3,1267.0,292.0
108,5,0,1381.0,823.0
108,5,1,1369.0,787.0
108,5,2,1407.0,775.0
108,5,3,1419.0,812.0
108,4,0,1133.0,364.0
108,4,1,1118.0,330.0
108,4,2,1150.0,312.0
108,4,3,1167.0,346.0
109,35,0,1360.0,702.0
109,35,1,1341.0,676.0
109,35,2,1366.0,657.0
109,35,3,1385.0,682.0
109,36,0,1302.0,629.0
109,36,1,1282.0,604.0
109,36,2,1307.0,584.0
109,36,3,1326.0,609.0
109,37,0,1241.0,556.0
109,37,1,1221.0,532.0
109,37,2,1244.0,511.0
109,37,3,1265.0,536.0
109,30,0,1295.0,694.0
109,30,1,1276.0,670.0
109,30,2,1300.0,650.0
109,30,3,1320.0,676.0
109,25,0,1288.0,758.0
109,25,1,1269.0,734.0
109,25,2,1295.0,715.0
109,25,3,1313.0,739.0
109,26,0,1231.0,687.0
109,26,1,1212.0,663.0
109,26,2,1237.0,644.0
109,26,3,1256.0,668.0
109,32,0,1175.0,551.0
109,32,1,1156.0,527.0
109,32,2,1179.0,507.0
109,32,3,1199.0,531.0
109,33,0,1115.0,482.0
109,33,1,1095.0,458.0
109,33,2,1118.0,438.0
109,33,3,1138.0,461.0
109,38,0,1178.0,484.0
109,38,1,1160.0,461.0
109,38,2,1183.0,442.0
109,38,3,1202.0,465.0
109,20,0,1226.0,751.0
109,20,1,1207.0,726.0
109,20,2,1231.0,708.0
109,20,3,1250.0,732.0
109,21,0,1168.0,680.0
109,21,1,1149.0,656.0
109,21,2,1173.0,637.0
109,21,3,1192.0,661.0
109,27,0,1172.0,616.0
109,27,1,1153.0,592.0
109,27,2,1176.0,573.0
109,27,3,1196.0,597.0
109,22,0,1110.0,610.0
109,22,1,1091.0,587.0
109,22,2,1113.0,567.0
109,22,3,1133.0,591.0
109,15,0,1217.0,811.0
109,15,1,1199.0,788.0
109,15,2,1224.0,770.0
109,15,3,1242.0,794.0
109,16,0,1162.0,742.0
109,16,1,1144.0,718.0
109,16,2,1168.0,701.0
109,16,3,1187.0,724.0
109,17,0,1106.0,673.0
109,17,1,1087.0,650.0
109,17,2,1110.0,631.0
109,17,3,1129.0,655.0
109,28,0,1113.0,546.0
109,28,1,1094.0,523.0
109,28,2,1116.0,504.0
109,28,3,1134.0,527.0
109,11,0,1102.0,735.0
109,11,1,1083.0,712.0
109,11,2,1106.0,693.0
109,11,3,1124.0,717.0
109,18,0,1049.0,605.0
109,18,1,1030.0,582.0
109,18,2,1053.0,563.0
109,18,3,1071.0,586.0
109,12,0,1046.0,667.0
109,12,1,1027.0,643.0
109,12,2,1048.0,625.0
109,12,3,1068.0,648.0
109,29,0,1054.0,479.0
109,29,1,1035.0,455.0
109,29,2,1056.0,436.0
109,29,3,1075.0,458.0
109,34,0,1054.0,415.0
109,34,1,1035.0,394.0
109,34,2,1056.0,373.0
109,34,3,1076.0,395.0
109,23,0,1054.0,542.0
109,23,1,1033.0,520.0
109,23,2,1052.0,500.0
109,23,3,1074.0,522.0
109,10,0,1157.0,803.0
109,10,1,1139.0,779.0
109,10,2,1162.0,762.0
109,10,3,1180.0,785.0
109,19,0,992.0,538.0
109,19,1,974.0,516.0
109,19,2,996.0,497.0
109,19,3,1014.0,519.0
109,13,0,990.0,600.0
109,13,1,972.0,577.0
109,13,2,993.0,559.0
109,13,3,1011.0,581.0
109,6,0,1097.0,793.0
109,6,1,1079.0,770.0
109,6,2,1102.0,754.0
109,6,3,1119.0,777.0
109,7,0,1042.0,726.0
109,7,1,1025.0,703.0
109,7,2,1045.0,686.0
109,7,3,1064.0,709.0
109,24,0,997.0,476.0
109,24,1,977.0,457.0
109,24,2,995.0,435.0
109,24,3,1015.0,455.0
109,5,0,1151.0,859.0
109,5,1,1133.0,837.0
109,5,2,1155.0,821.0
109,5,3,1173.0,844.0
109,8,0,988.0,660.0
109,8,1,970.0,637.0
109,8,2,990.0,620.0
109,8,3,1008.0,642.0
109,14,0,935.0,535.0
109,14,1,918.0,513.0
109,14,2,937.0,494.0
109,14,3,955.0,516.0
109,9,0,934.0,594.0
109,9,1,918.0,572.0
109,9,2,937.0,556.0
109,9,3,953.0,576.0
109,2,0,987.0,718.0
109,2,1,969.0,695.0
109,2,2,988.0,679.0
109,2,3,1006.0,701.0
109,1,0,1040.0,783.0
109,1,1,1023.0,760.0
109,1,2,1042.0,745.0
109,1,3,1060.0,768.0
109,3,0,934.0,653.0
109,3,1,917.0,631.0
109,3,2,935.0,615.0
109,3,3,951.0,637.0
109,4,0,884.0,589.0
109,4,1,867.0,571.0
109,4,2,882.0,551.0
109,4,3,900.0,571.0
109,0,0,1092.0,849.0
109,0,1,1075.0,827.0
109,0,2,1097.0,812.0
109,0,3,1114.0,834.0
109,31,0,1236.0,623.0
109,31,1,1217.0,598.0
109,31,2,1242.0,579.0
109,31,3,1261.0,603.0
109,39,0,1117.0,417.0
109,39,1,1097.0,394.0
109,39,2,1120.0,374.0
109,39,3,1139.0,397.0
110,21,0,1273.0,611.0
110,21,1,1260.0,572.0
110,21,2,1297.0,558.0
110,21,3,1311.0,598.0
110,17,0,1200.0,576.0
110,17,1,1185.0,538.0
110,17,2,1223.0,524.0
110,17,3,1238.0,562.0
110,16,0,1239.0,686.0
110,16,1,1225.0,648.0
110,16,2,1264.0,634.0
110,16,3,1277.0,672.0
110,11,0,1166.0,651.0
110,11,1,1152.0,612.0
110,11,2,1190.0,599.0
110,11,3,1204.0,637.0
110,10,0,1204.0,760.0
110,10,1,1190.0,722.0
110,10,2,1228.0,708.0
110,10,3,1242.0,746.0
110,30,0,1416.0,682.0
110,30,1,1403.0,643.0
110,30,2,1440.0,629.0
110,30,3,1452.0,669.0
110,20,0,1311.0,721.0
110,20,1,1298.0,682.0
110,20,2,1336.0,669.0
110,20,3,1348.0,707.0
110,26,0,1345.0,646.0
110,26,1,1333.0,607.0
110,26,2,1370.0,594.0
110,26,3,1383.0,632.0
110,6,0,1131.0,724.0
110,6,1,1118.0,686.0
110,6,2,1155.0,673.0
110,6,3,1169.0,712.0
110,12,0,1126.0,542.0
110,12,1,1111.0,504.0
110,12,2,1148.0,490.0
110,12,3,1163.0,527.0
110,22,0,1233.0,501.0
110,22,1,1218.0,463.0
110,22,2,1255.0,449.0
110,22,3,1270.0,486.0
110,31,0,1379.0,571.0
110,31,1,1366.0,532.0
110,31,2,1401.0,518.0
110,31,3,1416.0,557.0
110,36,0,1450.0,607.0
110,36,1,1437.0,568.0
110,36,2,1473.0,554.0
110,36,3,1486.0,593.0
110,7,0,1093.0,616.0
110,7,1,1079.0,578.0
110,7,2,1116.0,565.0
110,7,3,1130.0,603.0
110,15,0,1274.0,794.0
110,15,1,1262.0,757.0
110,15,2,1300.0,743.0
110,15,3,1312.0,780.0
110,1,0,1060.0,689.0
110,1,1,1046.0,652.0
110,1,2,1082.0,638.0
110,1,3,1097.0,676.0
110,25,0,1379.0,755.0
110,25,1,1368.0,717.0
110,25,2,1406.0,704.0
110,25,3,1416.0,742.0
110,27,0,1306.0,535.0
110,27,1,1293.0,497.0
110,27,2,1329.0,484.0
110,27,3,1343.0,522.0
110,0,0,1097.0,794.0
110,0,1,1084.0,757.0
110,0,2,1121.0,745.0
110,0,3,1135.0,782.0
110,18,0,1158.0,467.0
110,18,1,1144.0,430.0
110,18,2,1179.0,416.0
110,18,3,1195.0,453.0
110,37,0,1411.0,495.0
110,37,1,1397.0,457.0
110,37,2,1432.0,444.0
110,37,3,1447.0,481.0
110,32,0,1338.0,460.0
110,32,1,1323.0,422.0
110,32,2,1358.0,409.0
110,32,3,1373.0,447.0
110,8,0,1052.0,509.0
110,8,1,1038.0,473.0
110,8,2,1074.0,458.0
110,8,3,1088.0,495.0
110,2,0,1020.0,582.0
110,2,1,1007.0,546.0
110,2,2,1043.0,532.0
110,2,3,1057.0,569.0
110,5,0,1168.0,829.0
110,5,1,1155.0,792.0
110,5,2,1191.0,780.0
110,5,3,1205.0,817.0
110,35,0,1482.0,716.0
110,35,1,1472.0,678.0
110,35,2,1508.0,665.0
110,35,3,1518.0,702.0
110,28,0,1265.0,426.0
110,28,1,1249.0,389.0
110,28,2,1284.0,376.0
110,28,3,1300.0,411.0
110,13,0,1084.0,435.0
110,13,1,1070.0,400.0
110,13,2,1106.0,385.0
110,13,3,1120.0,421.0
110,23,0,1189.0,393.0
110,23,1,1174.0,358.0
110,23,2,1210.0,344.0
110,23,3,1225.0,379.0
110,3,0,981.0,478.0
110,3,1,968.0,444.0
110,3,2,1002.0,428.0
110,3,3,1016.0,464.0
110,19,0,1114.0,362.0
110,19,1,1100.0,328.0
110,19,2,1135.0,314.0
110,19,3,1150.0,348.0
110,38,0,1367.0,385.0
110,38,1,1352.0,350.0
110,38,2,1386.0,337.0
110,38,3,1401.0,373.0
110,33,0,1293.0,353.0
110,33,1,1278.0,317.0
110,33,2,1312.0,305.0
110,33,3,1327.0,340.0
110,9,0,1012.0,406.0
110,9,1,998.0,372.0
110,9,2,1033.0,357.0
110,9,3,1047.0,390.0
110,14,0,1041.0,334.0
110,14,1,1028.0,301.0
110,14,2,1062.0,287.0
110,14,3,1077.0,319.0
110,29,0,1218.0,320.0
110,29,1,1204.0,286.0
110,29,2,1237.0,274.0
110,29,3,1253.0,307.0
110,4,0,943.0,379.0
110,4,1,930.0,346.0
110,4,2,964.0,331.0
110,4,3,976.0,363.0
110,34,0,1246.0,251.0
110,34,1,1231.0,219.0
110,34,2,1263.0,207.0
110,34,3,1279.0,239.0
110,24,0,1144.0,291.0
110,24,1,1130.0,258.0
110,24,2,1164.0,246.0
110,24,3,1178.0,278.0
111,25,0,1275.0,833.0
111,25,1,1274.0,805.0
111,25,2,1311.0,803.0
111,25,3,1314.0,830.0
111,15,0,1160.0,838.0
111,15,1,1161.0,812.0
111,15,2,1199.0,811.0
111,15,3,1199.0,838.0
111,20,0,1217.0,798.0
111,20,1,1217.0,774.0
111,20,2,1253.0,770.0
111,20,3,1254.0,795.0
111,10,0,1107.0,799.0
111,10,1,1110.0,777.0
111,10,2,1146.0,776.0
111,10,3,1145.0,799.0
111,30,0,1326.0,789.0
111,30,1,1323.0,767.0
111,30,2,1359.0,765.0
111,30,3,1362.0,787.0
111,16,0,1164.0,765.0
111,16,1,1166.0,743.0
111,16,2,1200.0,743.0
111,16,3,1199.0,764.0
111,6,0,1061.0,766.0
111,6,1,1065.0,745.0
111,6,2,1099.0,745.0
111,6,3,1095.0,765.0
111,21,0,1215.0,729.0
111,21,1,1215.0,710.0
111,21,2,1248.0,707.0
111,21,3,1249.0,727.0
111,11,0,1116.0,733.0
111,11,1,1118.0,714.0
111,11,2,1151.0,714.0
111,11,3,1150.0,733.0
111,1,0,1019.0,737.0
111,1,1,1024.0,719.0
111,1,2,1055.0,716.0
111,1,3,1052.0,735.0
111,7,0,1073.0,706.0
111,7,1,1076.0,688.0
111,7,2,1107.0,687.0
111,7,3,1104.0,705.0
111,17,0,1167.0,703.0
111,17,1,1168.0,686.0
111,17,2,1199.0,685.0
111,17,3,1199.0,701.0
111,0,0,1001.0,800.0
111,0,1,1008.0,778.0
111,0,2,1042.0,777.0
111,0,3,1037.0,799.0
111,2,0,1034.0,682.0
111,2,1,1038.0,666.0
111,2,2,1067.0,664.0
111,2,3,1063.0,680.0
111,3,0,1046.0,635.0
111,3,1,1050.0,623.0
111,3,2,1076.0,620.0
111,3,3,1072.0,633.0
111,5,0,1046.0,837.0
111,5,1,1051.0,812.0
111,5,2,1088.0,811.0
111,5,3,1084.0,836.0
111,8,0,1082.0,654.0
111,8,1,1085.0,640.0
111,8,2,1113.0,638.0
111,8,3,1111.0,653.0
111,12,0,1123.0,677.0
111,12,1,1124.0,661.0
111,12,2,1154.0,661.0
111,12,3,1154.0,676.0
111,26,0,1269.0,758.0
111,26,1,1267.0,736.0
111,26,2,1300.0,736.0
111,26,3,1303.0,756.0
111,35,0,1389.0,824.0
111,35,1,1384.0,797.0
111,35,2,1420.0,795.0
111,35,3,1426.0,823.0
111,36,0,1372.0,749.0
111,36,1,1367.0,729.0
111,36,2,1401.0,727.0
111,36,3,1405.0,747.0
112,39,0,1039.0,403.0
112,39,1,1011.0,385.0
112,39,2,1030.0,359.0
112,39,3,1057.0,377.0
112,34,0,971.0,414.0
112,34,1,945.0,396.0
112,34,2,963.0,370.0
112,34,3,990.0,388.0
112,29,0,983.0,475.0
112,29,1,957.0,457.0
112,29,2,975.0,432.0
112,29,3,1002.0,450.0
112,33,0,1048.0,466.0
112,33,1,1022.0,449.0
112,33,2,1041.0,423.0
112,33,3,1066.0,440.0
112,38,0,1112.0,456.0
112,38,1,1087.0,439.0
112,38,2,1106.0,413.0
112,38,3,1131.0,431.0
112,19,0,932.0,543.0
112,19,1,906.0,526.0
112,19,2,923.0,501.0
112,19,3,949.0,518.0
112,24,0,921.0,483.0
112,24,1,894.0,467.0
112,24,2,911.0,442.0
112,24,3,937.0,459.0
112,37,0,1181.0,507.0
112,37,1,1157.0,491.0
112,37,2,1176.0,467.0
112,37,3,1200.0,485.0
112,23,0,994.0,532.0
112,23,1,969.0,516.0
112,23,2,986.0,493.0
112,23,3,1012.0,510.0
112,28,0,1057.0,524.0
112,28,1,1032.0,508.0
112,28,2,1049.0,485.0
112,28,3,1075.0,502.0
112,14,0,872.0,552.0
112,14,1,845.0,536.0
112,14,2,861.0,513.0
112,14,3,887.0,528.0
112,32,0,1119.0,516.0
112,32,1,1095.0,500.0
112,32,2,1113.0,476.0
112,32,3,1137.0,492.0
112,18,0,1003.0,589.0
112,18,1,979.0,573.0
112,18,2,996.0,550.0
112,18,3,1021.0,566.0
112,22,0,1064.0,579.0
112,22,1,1040.0,564.0
112,22,2,1059.0,541.0
112,22,3,1083.0,558.0
112,13,0,944.0,597.0
112,13,1,919.0,582.0
112,13,2,935.0,560.0
112,13,3,961.0,576.0
112,9,0,884.0,605.0
112,9,1,859.0,590.0
112,9,2,874.0,569.0
112,9,3,901.0,584.0
112,31,0,1185.0,564.0
112,31,1,1162.0,548.0
112,31,2,1181.0,526.0
112,31,3,1203.0,542.0
112,36,0,1244.0,556.0
112,36,1,1222.0,541.0
112,36,2,1242.0,518.0
112,36,3,1263.0,535.0
112,12,0,1012.0,641.0
112,12,1,989.0,627.0
112,12,2,1006.0,605.0
112,12,3,1030.0,620.0
112,27,0,1125.0,571.0
112,27,1,1102.0,556.0
112,27,2,1120.0,535.0
112,27,3,1143.0,550.0
112,17,0,1072.0,632.0
112,17,1,1048.0,617.0
112,17,2,1066.0,596.0
112,17,3,1089.0,612.0
112,21,0,1130.0,624.0
112,21,1,1108.0,609.0
112,21,2,1126.0,588.0
112,21,3,1148.0,603.0
112,8,0,955.0,648.0
112,8,1,930.0,634.0
112,8,2,946.0,614.0
112,8,3,971.0,629.0
112,4,0,828.0,612.0
112,4,1,803.0,598.0
112,4,2,816.0,577.0
112,4,3,842.0,592.0
112,26,0,1187.0,616.0
112,26,1,1166.0,601.0
112,26,2,1185.0,581.0
112,26,3,1206.0,596.0
112,3,0,898.0,654.0
112,3,1,873.0,640.0
112,3,2,888.0,620.0
112,3,3,913.0,636.0
112,11,0,1077.0,682.0
112,11,1,1055.0,668.0
112,11,2,1073.0,649.0
112,11,3,1095.0,663.0
112,7,0,1021.0,689.0
112,7,1,998.0,675.0
112,7,2,1014.0,657.0
112,7,3,1038.0,670.0
112,16,0,1134.0,674.0
112,16,1,1113.0,661.0
112,16,2,1130.0,641.0
112,16,3,1152.0,655.0
112,30,0,1245.0,608.0
112,30,1,1225.0,595.0
112,30,2,1243.0,574.0
112,30,3,1263.0,588.0
112,2,0,965.0,695.0
112,2,1,941.0,682.0
112,2,2,958.0,663.0
112,2,3,980.0,677.0
112,20,0,1191.0,666.0
112,20,1,1170.0,653.0
112,20,2,1188.0,633.0
112,20,3,1208.0,647.0
112,35,0,1299.0,601.0
112,35,1,1282.0,586.0
112,35,2,1301.0,567.0
112,35,3,1319.0,582.0
112,25,0,1246.0,658.0
112,25,1,1226.0,645.0
112,25,2,1244.0,625.0
112,25,3,1263.0,639.0
112,6,0,1083.0,728.0
112,6,1,1062.0,715.0
112,6,2,1079.0,697.0
112,6,3,1100.0,710.0
112,15,0,1193.0,714.0
112,15,1,1173.0,702.0
112,15,2,1191.0,682.0
112,15,3,1210.0,695.0
112,10,0,1138.0,722.0
112,10,1,1118.0,709.0
112,10,2,1135.0,690.0
112,10,3,1155.0,703.0
112,1,0,1029.0,733.0
112,1,1,1007.0,721.0
112,1,2,1023.0,704.0
112,1,3,1044.0,717.0
112,5,0,1141.0,764.0
112,5,1,1121.0,753.0
112,5,2,1139.0,736.0
112,5,3,1158.0,749.0
112,0,0,1088.0,770.0
112,0,1,1068.0,758.0
112,0,2,1084.0,742.0
112,0,3,1104.0,754.0
113,35,0,1141.0,1120.0
113,35,1,1157.0,1084.0
113,35,2,1205.0,1090.0
113,35,3,1192.0,1129.0
113,25,0,1006.0,1099.0
113,25,1,1025.0,1067.0
113,25,2,1069.0,1074.0
113,25,3,1051.0,1106.0
113,30,0,1096.0,1062.0
113,30,1,1111.0,1034.0
113,30,2,1155.0,1037.0
113,30,3,1142.0,1067.0
113,15,0,887.0,1077.0
113,15,1,910.0,1050.0
113,15,2,948.0,1057.0
113,15,3,926.0,1086.0
113,36,0,1181.0,1024.0
113,36,1,1192.0,998.0
113,36,2,1236.0,999.0
113,36,3,1226.0,1028.0
113,20,0,974.0,1047.0
113,20,1,993.0,1020.0
113,20,2,1033.0,1024.0
113,20,3,1015.0,1051.0
113,26,0,1058.0,1014.0
113,26,1,1074.0,989.0
113,26,2,1113.0,994.0
113,26,3,1099.0,1019.0
113,5,0,782.0,1048.0
113,5,1,807.0,1024.0
113,5,2,840.0,1033.0
113,5,3,817.0,1057.0
113,10,0,866.0,1026.0
113,10,1,887.0,1003.0
113,10,2,923.0,1010.0
113,10,3,902.0,1035.0
113,16,0,948.0,1002.0
113,16,1,966.0,978.0
113,16,2,1001.0,982.0
113,16,3,985.0,1006.0
113,31,0,1137.0,984.0
113,31,1,1150.0,961.0
113,31,2,1188.0,963.0
113,31,3,1178.0,986.0
113,21,0,1026.0,973.0
113,21,1,1040.0,951.0
113,21,2,1077.0,953.0
113,21,3,1063.0,976.0
113,0,0,772.0,1003.0
113,0,1,794.0,982.0
113,0,2,825.0,988.0
113,0,3,802.0,1010.0
113,6,0,849.0,983.0
113,6,1,870.0,962.0
113,6,2,901.0,968.0
113,6,3,882.0,989.0
113,11,0,924.0,961.0
113,11,1,943.0,940.0
113,11,2,975.0,945.0
113,11,3,959.0,965.0
113,37,0,1211.0,954.0
113,37,1,1220.0,933.0
113,37,2,1258.0,932.0
113,37,3,1251.0,951.0
113,27,0,1100.0,945.0
113,27,1,1111.0,925.0
113,27,2,1148.0,928.0
113,27,3,1137.0,949.0
113,32,0,1169.0,919.0
113,32,1,1179.0,900.0
113,32,2,1214.0,901.0
113,32,3,1206.0,922.0
113,17,0,998.0,937.0
113,17,1,1013.0,918.0
113,17,2,1045.0,921.0
113,17,3,1031.0,940.0
113,1,0,835.0,946.0
113,1,1,855.0,928.0
113,1,2,883.0,932.0
113,1,3,864.0,951.0
113,7,0,904.0,925.0
113,7,1,921.0,908.0
113,7,2,951.0,911.0
113,7,3,936.0,929.0
113,22,0,1067.0,912.0
113,22,1,1079.0,895.0
113,22,2,1112.0,895.0
113,22,3,1101.0,914.0
113,38,0,1234.0,892.0
113,38,1,1241.0,874.0
113,38,2,1275.0,876.0
113,38,3,1270.0,894.0
113,12,0,973.0,903.0
113,12,1,987.0,886.0
113,12,2,1018.0,890.0
113,12,3,1005.0,907.0
113,28,0,1133.0,888.0
113,28,1,1142.0,871.0
113,28,2,1175.0,872.0
113,28,3,1167.0,890.0
113,33,0,1195.0,865.0
113,33,1,1203.0,848.0
113,33,2,1234.0,849.0
113,33,3,1228.0,866.0
113,2,0,888.0,895.0
113,2,1,904.0,879.0
113,2,2,931.0,882.0
113,2,3,916.0,898.0
113,18,0,1039.0,882.0
113,18,1,1050.0,867.0
113,18,2,1080.0,869.0
113,18,3,1070.0,885.0
113,8,0,951.0,875.0
113,8,1,966.0,861.0
113,8,2,994.0,862.0
113,8,3,980.0,877.0
113,23,0,1101.0,861.0
113,23,1,1111.0,846.0
113,23,2,1141.0,846.0
113,23,3,1132.0,861.0
113,39,0,1252.0,841.0
113,39,1,1257.0,826.0
113,39,2,1288.0,826.0
113,39,3,1284.0,841.0
113,29,0,1160.0,839.0
113,29,1,1168.0,825.0
113,29,2,1197.0,826.0
113,29,3,1191.0,840.0
113,34,0,1215.0,819.0
113,34,1,1221.0,805.0
113,34,2,1250.0,804.0
113,34,3,1245.0,818.0
113,3,0,933.0,851.0
113,3,1,947.0,838.0
113,3,2,972.0,839.0
113,3,3,959.0,852.0
113,9,0,992.0,833.0
113,9,1,1002.0,821.0
113,9,2,1028.0,822.0
113,9,3,1019.0,834.0
113,14,0,1048.0,815.0
113,14,1,1056.0,803.0
113,14,2,1083.0,803.0
113,14,3,1074.0,816.0
113,24,0,1129.0,816.0
113,24,1,1136.0,805.0
113,24,2,1164.0,805.0
113,24,3,1158.0,817.0
114,35,0,1085.0,1086.0
114,35,1,1106.0,1055.0
114,35,2,1158.0,1061.0
114,35,3,1139.0,1097.0
114,25,0,947.0,1064.0
114,25,1,974.0,1037.0
114,25,2,1016.0,1043.0
114,25,3,992.0,1071.0
114,30,0,1048.0,1034.0
114,30,1,1068.0,1011.0
114,30,2,1111.0,1013.0
114,30,3,1093.0,1039.0
114,15,0,833.0,1045.0
114,15,1,861.0,1022.0
114,15,2,897.0,1028.0
114,15,3,869.0,1053.0
114,36,0,1143.0,1002.0
114,36,1,1158.0,980.0
114,36,2,1203.0,980.0
114,36,3,1189.0,1005.0
114,20,0,927.0,1020.0
114,20,1,951.0,998.0
114,20,2,988.0,1001.0
114,20,3,966.0,1024.0
114,10,0,823.0,1000.0
114,10,1,848.0,982.0
114,10,2,882.0,988.0
114,10,3,856.0,1009.0
114,5,0,737.0,1016.0
114,5,1,764.0,997.0
114,5,2,796.0,1005.0
114,5,3,768.0,1024.0
114,16,0,911.0,981.0
114,16,1,931.0,963.0
114,16,2,964.0,967.0
114,16,3,944.0,986.0
114,0,0,736.0,979.0
114,0,1,762.0,962.0
114,0,2,789.0,968.0
114,0,3,764.0,985.0
114,6,0,817.0,964.0
114,6,1,838.0,949.0
114,6,2,867.0,954.0
114,6,3,846.0,970.0
114,27,0,1073.0,935.0
114,27,1,1088.0,919.0
114,27,2,1123.0,923.0
114,27,3,1109.0,939.0
114,38,0,1218.0,891.0
114,38,1,1229.0,876.0
114,38,2,1263.0,877.0
114,38,3,1255.0,893.0
114,1,0,810.0,935.0
114,1,1,831.0,921.0
114,1,2,858.0,923.0
114,1,3,837.0,938.0
114,11,0,895.0,948.0
114,11,1,914.0,932.0
114,11,2,945.0,936.0
114,11,3,925.0,952.0
114,26,0,1018.0,993.0
114,26,1,1039.0,972.0
114,26,2,1076.0,978.0
114,26,3,1059.0,997.0
114,32,0,1148.0,914.0
114,32,1,1160.0,899.0
114,32,2,1196.0,899.0
114,32,3,1185.0,916.0
114,33,0,1182.0,869.0
114,33,1,1192.0,856.0
114,33,2,1225.0,856.0
114,33,3,1216.0,869.0
114,34,0,1210.0,831.0
114,34,1,1217.0,820.0
114,34,2,1247.0,818.0
114,34,3,1240.0,830.0
114,39,0,1245.0,849.0
114,39,1,1251.0,836.0
114,39,2,1283.0,835.0
114,39,3,1277.0,848.0
115,21,0,1373.0,626.0
115,21,1,1358.0,587.0
115,21,2,1397.0,571.0
115,21,3,1412.0,610.0
115,11,0,1265.0,669.0
115,11,1,1250.0,630.0
115,11,2,1289.0,615.0
115,11,3,1304.0,654.0
115,22,0,1329.0,513.0
115,22,1,1313.0,474.0
115,22,2,1350.0,458.0
115,22,3,1367.0,498.0
115,17,0,1298.0,592.0
115,17,1,1283.0,552.0
115,17,2,1320.0,537.0
115,17,3,1336.0,577.0
115,27,0,1405.0,547.0
115,27,1,1390.0,507.0
115,27,2,1427.0,492.0
115,27,3,1443.0,532.0
115,36,0,1551.0,617.0
115,36,1,1538.0,577.0
115,36,2,1575.0,561.0
115,36,3,1589.0,602.0
115,16,0,1339.0,703.0
115,16,1,1325.0,664.0
115,16,2,1364.0,649.0
115,16,3,1378.0,688.0
115,26,0,1446.0,660.0
115,26,1,1432.0,621.0
115,26,2,1470.0,605.0
115,26,3,1484.0,645.0
115,31,0,1479.0,582.0
115,31,1,1465.0,542.0
115,31,2,1502.0,527.0
115,31,3,1517.0,567.0
115,20,0,1411.0,737.0
115,20,1,1398.0,698.0
115,20,2,1437.0,683.0
115,20,3,1450.0,722.0
115,37,0,1510.0,503.0
115,37,1,1495.0,462.0
115,37,2,1530.0,447.0
115,37,3,1547.0,487.0
115,12,0,1222.0,559.0
115,12,1,1206.0,520.0
115,12,2,1244.0,504.0
115,12,3,1259.0,543.0
115,30,0,1517.0,695.0
115,30,1,1504.0,655.0
115,30,2,1542.0,640.0
115,30,3,1554.0,680.0
115,32,0,1435.0,468.0
115,32,1,1419.0,429.0
115,32,2,1454.0,413.0
115,32,3,1472.0,452.0
115,6,0,1232.0,743.0
115,6,1,1217.0,704.0
115,6,2,1256.0,691.0
115,6,3,1270.0,729.0
115,18,0,1253.0,481.0
115,18,1,1236.0,443.0
115,18,2,1273.0,427.0
115,18,3,1290.0,464.0
115,10,0,1303.0,777.0
115,10,1,1290.0,740.0
115,10,2,1330.0,726.0
115,10,3,1342.0,765.0
115,7,0,1191.0,635.0
115,7,1,1175.0,597.0
115,7,2,1213.0,582.0
115,7,3,1228.0,620.0
115,15,0,1375.0,812.0
115,15,1,1363.0,774.0
115,15,2,1401.0,759.0
115,15,3,1413.0,798.0
115,25,0,1481.0,770.0
115,25,1,1469.0,732.0
115,25,2,1507.0,717.0
115,25,3,1518.0,756.0
115,28,0,1359.0,434.0
115,28,1,1342.0,397.0
115,28,2,1378.0,381.0
115,28,3,1395.0,419.0
115,23,0,1282.0,403.0
115,23,1,1265.0,365.0
115,23,2,1300.0,350.0
115,23,3,1318.0,387.0
115,1,0,1159.0,708.0
115,1,1,1145.0,670.0
115,1,2,1182.0,657.0
115,1,3,1197.0,694.0
115,38,0,1462.0,389.0
115,38,1,1446.0,351.0
115,38,2,1480.0,336.0
115,38,3,1498.0,374.0
115,13,0,1176.0,450.0
115,13,1,1160.0,413.0
115,13,2,1196.0,397.0
115,13,3,1212.0,434.0
115,2,0,1118.0,602.0
115,2,1,1103.0,564.0
115,2,2,1138.0,549.0
115,2,3,1154.0,586.0
115,8,0,1147.0,527.0
115,8,1,1132.0,489.0
115,8,2,1167.0,474.0
115,8,3,1183.0,511.0
115,35,0,1585.0,729.0
115,35,1,1574.0,690.0
115,35,2,1610.0,675.0
115,35,3,1621.0,713.0
115,33,0,1385.0,357.0
115,33,1,1369.0,319.0
115,33,2,1402.0,305.0
115,33,3,1421.0,342.0
115,19,0,1204.0,373.0
115,19,1,1188.0,337.0
115,19,2,1222.0,321.0
115,19,3,1240.0,356.0
115,0,0,1198.0,811.0
115,0,1,1185.0,776.0
115,0,2,1222.0,763.0
115,0,3,1236.0,800.0
115,5,0,1268.0,845.0
115,5,1,1256.0,810.0
115,5,2,1294.0,798.0
115,5,3,1306.0,834.0
115,29,0,1308.0,326.0
115,29,1,1291.0,290.0
115,29,2,1325.0,276.0
115,29,3,1343.0,311.0
115,3,0,1075.0,497.0
115,3,1,1060.0,461.0
115,3,2,1094.0,445.0
115,3,3,1109.0,481.0
115,9,0,1101.0,421.0
115,9,1,1087.0,386.0
115,9,2,1121.0,370.0
115,9,3,1136.0,405.0
115,24,0,1232.0,298.0
115,24,1,1214.0,264.0
115,24,2,1248.0,248.0
115,24,3,1265.0,282.0
115,14,0,1128.0,346.0
115,14,1,1113.0,312.0
115,14,2,1146.0,296.0
115,14,3,1163.0,330.0
115,34,0,1333.0,252.0
115,34,1,1315.0,218.0
115,34,2,1347.0,203.0
115,34,3,1366.0,237.0
115,4,0,1031.0,396.0
115,4,1,1017.0,362.0
115,4,2,1048.0,346.0
115,4,3,1064.0,379.0
116,10,0,1482.0,732.0
116,10,1,1468.0,690.0
116,10,2,1509.0,674.0
116,10,3,1524.0,717.0
116,6,0,1405.0,695.0
116,6,1,1390.0,653.0
116,6,2,1431.0,637.0
116,6,3,1446.0,679.0
116,21,0,1553.0,565.0
116,21,1,1535.0,522.0
116,21,2,1576.0,503.0
116,21,3,1593.0,546.0
116,11,0,1440.0,614.0
116,11,1,1423.0,571.0
116,11,2,1464.0,553.0
116,11,3,1481.0,596.0
116,16,0,1519.0,650.0
116,16,1,1503.0,607.0
116,16,2,1544.0,589.0
116,16,3,1560.0,632.0
116,17,0,1472.0,529.0
116,17,1,1454.0,487.0
116,17,2,1494.0,468.0
116,17,3,1512.0,511.0
116,26,0,1630.0,601.0
116,26,1,1615.0,557.0
116,26,2,1655.0,540.0
116,26,3,1670.0,583.0
116,36,0,1739.0,552.0
116,36,1,1722.0,508.0
116,36,2,1761.0,490.0
116,36,3,1777.0,534.0
116,22,0,1501.0,443.0
116,22,1,1482.0,401.0
116,22,2,1521.0,383.0
116,22,3,1541.0,424.0
116,31,0,1661.0,514.0
116,31,1,1644.0,471.0
116,31,2,1683.0,453.0
116,31,3,1700.0,497.0
116,20,0,1596.0,687.0
116,20,1,1582.0,643.0
116,20,2,1622.0,626.0
116,20,3,1636.0,669.0
116,27,0,1582.0,478.0
116,27,1,1564.0,436.0
116,27,2,1603.0,417.0
116,27,3,1621.0,460.0
116,37,0,1689.0,427.0
116,37,1,1670.0,384.0
116,37,2,1707.0,366.0
116,37,3,1727.0,409.0
116,7,0,1360.0,578.0
116,7,1,1343.0,537.0
116,7,2,1383.0,519.0
116,7,3,1400.0,561.0
116,12,0,1391.0,495.0
116,12,1,1373.0,453.0
116,12,2,1411.0,435.0
116,12,3,1430.0,476.0
116,30,0,1706.0,639.0
116,30,1,1691.0,595.0
116,30,2,1730.0,578.0
116,30,3,1744.0,621.0
116,15,0,1558.0,770.0
116,15,1,1545.0,728.0
116,15,2,1586.0,711.0
116,15,3,1598.0,754.0
116,32,0,1608.0,392.0
116,32,1,1589.0,350.0
116,32,2,1626.0,332.0
116,32,3,1646.0,374.0
116,18,0,1419.0,411.0
116,18,1,1400.0,371.0
116,18,2,1438.0,352.0
116,18,3,1457.0,392.0
116,25,0,1669.0,723.0
116,25,1,1657.0,681.0
116,25,2,1696.0,664.0
116,25,3,1708.0,707.0
116,1,0,1328.0,659.0
116,1,1,1313.0,618.0
116,1,2,1352.0,602.0
116,1,3,1368.0,643.0
116,35,0,1777.0,676.0
116,35,1,1765.0,632.0
116,35,2,1802.0,615.0
116,35,3,1813.0,659.0
116,2,0,1282.0,545.0
116,2,1,1266.0,505.0
116,2,2,1303.0,487.0
116,2,3,1321.0,527.0
116,38,0,1631.0,307.0
116,38,1,1610.0,267.0
116,38,2,1645.0,250.0
116,38,3,1668.0,289.0
116,23,0,1444.0,327.0
116,23,1,1424.0,289.0
116,23,2,1461.0,270.0
116,23,3,1482.0,308.0
116,0,0,1370.0,772.0
116,0,1,1356.0,732.0
116,0,2,1395.0,717.0
116,0,3,1410.0,758.0
116,5,0,1445.0,809.0
116,5,1,1432.0,769.0
116,5,2,1472.0,755.0
116,5,3,1485.0,795.0
116,8,0,1310.0,463.0
116,8,1,1293.0,424.0
116,8,2,1330.0,406.0
116,8,3,1348.0,445.0
116,13,0,1337.0,381.0
116,13,1,1319.0,344.0
116,13,2,1356.0,324.0
116,13,3,1375.0,362.0
116,33,0,1550.0,276.0
116,33,1,1528.0,237.0
116,33,2,1563.0,220.0
116,33,3,1585.0,258.0
116,19,0,1362.0,299.0
116,19,1,1343.0,263.0
116,19,2,1377.0,244.0
116,19,3,1399.0,280.0
116,29,0,1467.0,246.0
116,29,1,1446.0,209.0
116,29,2,1480.0,192.0
116,29,3,1502.0,228.0
116,3,0,1234.0,435.0
116,3,1,1217.0,398.0
116,3,2,1252.0,379.0
116,3,3,1270.0,415.0
116,9,0,1259.0,355.0
116,9,1,1241.0,319.0
116,9,2,1276.0,300.0
116,9,3,1294.0,336.0
116,39,0,1568.0,196.0
116,39,1,1546.0,159.0
116,39,2,1579.0,144.0
116,39,3,1601.0,180.0
116,24,0,1384.0,220.0
116,24,1,1364.0,186.0
116,24,2,1398.0,168.0
116,24,3,1419.0,202.0
116,14,0,1282.0,276.0
116,14,1,1264.0,241.0
116,14,2,1298.0,223.0
116,14,3,1317.0,257.0
116,34,0,1485.0,168.0
116,34,1,1464.0,134.0
116,34,2,1496.0,118.0
116,34,3,1519.0,152.0
116,4,0,1183.0,331.0
116,4,1,1167.0,298.0
116,4,2,1200.0,280.0
116,4,3,1217.0,313.0
117,34,0,884.0,358.0
117,34,1,858.0,345.0
117,34,2,877.0,325.0
117,34,3,903.0,338.0
117,39,0,950.0,348.0
117,39,1,925.0,335.0
117,39,2,945.0,315.0
117,39,3,970.0,328.0
117,33,0,954.0,396.0
117,33,1,931.0,384.0
117,33,2,950.0,364.0
117,33,3,973.0,376.0
117,29,0,892.0,403.0
117,29,1,867.0,391.0
117,29,2,886.0,373.0
117,29,3,910.0,385.0
117,38,0,1015.0,387.0
117,38,1,994.0,374.0
117,38,2,1016.0,355.0
117,38,3,1036.0,368.0
117,24,0,829.0,411.0
117,24,1,804.0,399.0
117,24,2,820.0,382.0
117,24,3,846.0,393.0
117,19,0,840.0,453.0
117,19,1,816.0,443.0
117,19,2,832.0,424.0
117,19,3,856.0,435.0
117,32,0,1016.0,430.0
117,32,1,996.0,419.0
117,32,2,1015.0,401.0
117,32,3,1036.0,413.0
117,14,0,781.0,464.0
117,14,1,757.0,454.0
117,14,2,772.0,437.0
117,14,3,797.0,447.0
117,23,0,898.0,443.0
117,23,1,875.0,432.0
117,23,2,893.0,417.0
117,23,3,916.0,427.0
117,18,0,904.0,483.0
117,18,1,883.0,472.0
117,18,2,899.0,456.0
117,18,3,922.0,466.0
117,28,0,958.0,436.0
117,28,1,936.0,425.0
117,28,2,955.0,410.0
117,28,3,976.0,421.0
117,37,0,1073.0,421.0
117,37,1,1055.0,410.0
117,37,2,1077.0,394.0
117,37,3,1094.0,408.0
117,9,0,793.0,499.0
117,9,1,770.0,490.0
117,9,2,784.0,476.0
117,9,3,808.0,484.0
117,22,0,960.0,473.0
117,22,1,940.0,463.0
117,22,2,958.0,449.0
117,22,3,978.0,458.0
117,13,0,849.0,491.0
117,13,1,827.0,482.0
117,13,2,842.0,467.0
117,13,3,864.0,476.0
117,31,0,1073.0,460.0
117,31,1,1054.0,451.0
117,31,2,1072.0,436.0
117,31,3,1091.0,446.0
117,4,0,738.0,506.0
117,4,1,715.0,497.0
117,4,2,728.0,484.0
117,4,3,752.0,493.0
117,27,0,1017.0,466.0
117,27,1,998.0,457.0
117,27,2,1016.0,443.0
117,27,3,1035.0,452.0
117,8,0,857.0,524.0
117,8,1,836.0,516.0
117,8,2,852.0,503.0
117,8,3,872.0,511.0
117,21,0,1017.0,501.0
117,21,1,999.0,492.0
117,21,2,1015.0,478.0
117,21,3,1034.0,487.0
117,17,0,964.0,508.0
117,17,1,945.0,500.0
117,17,2,961.0,486.0
117,17,3,980.0,494.0
117,3,0,805.0,530.0
117,3,1,783.0,522.0
117,3,2,796.0,510.0
117,3,3,818.0,518.0
117,16,0,1017.0,533.0
117,16,1,1000.0,525.0
117,16,2,1016.0,512.0
117,16,3,1034.0,520.0
117,2,0,865.0,553.0
117,2,1,845.0,546.0
117,2,2,859.0,534.0
117,2,3,879.0,541.0
117,11,0,966.0,540.0
117,11,1,949.0,533.0
117,11,2,965.0,520.0
117,11,3,982.0,528.0
117,30,0,1122.0,487.0
117,30,1,1106.0,480.0
117,30,2,1123.0,467.0
117,30,3,1138.0,475.0
117,10,0,1018.0,563.0
117,10,1,1001.0,556.0
117,10,2,1016.0,544.0
117,10,3,1032.0,551.0
117,1,0,920.0,574.0
117,1,1,903.0,567.0
117,1,2,916.0,557.0
117,1,3,935.0,564.0
117,5,0,1017.0,589.0
117,5,1,1002.0,583.0
117,5,2,1017.0,573.0
117,5,3,1031.0,580.0
117,6,0,968.0,569.0
117,6,1,952.0,562.0
117,6,2,967.0,550.0
117,6,3,983.0,557.0
117,7,0,915.0,547.0
117,7,1,897.0,539.0
117,7,2,911.0,528.0
117,7,3,930.0,535.0
117,12,0,911.0,517.0
117,12,1,891.0,509.0
117,12,2,906.0,494.0
117,12,3,926.0,503.0
117,15,0,1066.0,556.0
117,15,1,1050.0,549.0
117,15,2,1065.0,538.0
117,15,3,1080.0,544.0
117,20,0,1067.0,526.0
117,20,1,1051.0,518.0
117,20,2,1067.0,506.0
117,20,3,1083.0,513.0
117,25,0,1118.0,519.0
117,25,1,1102.0,512.0
117,25,2,1119.0,499.0
117,25,3,1133.0,507.0
117,26,0,1070.0,493.0
117,26,1,1053.0,485.0
117,26,2,1071.0,472.0
117,26,3,1086.0,480.0
117,35,0,1173.0,481.0
117,35,1,1158.0,475.0
117,35,2,1175.0,462.0
117,35,3,1190.0,470.0
117,36,0,1127.0,454.0
117,36,1,1110.0,445.0
117,36,2,1128.0,430.0
117,36,3,1145.0,440.0
118,35,0,1392.0,1082.0
118,35,1,1386.0,1050.0
118,35,2,1427.0,1040.0
118,35,3,1435.0,1074.0
118,25,0,1269.0,1109.0
118,25,1,1267.0,1077.0
118,25,2,1308.0,1068.0
118,25,3,1312.0,1100.0
118,15,0,1148.0,1129.0
118,15,1,1151.0,1098.0
118,15,2,1192.0,1093.0
118,15,3,1190.0,1124.0
118,5,0,1032.0,1139.0
118,5,1,1038.0,1108.0
118,5,2,1077.0,1105.0
118,5,3,1072.0,1135.0
118,20,0,1209.0,1076.0
118,20,1,1210.0,1046.0
118,20,2,1248.0,1038.0
118,20,3,1249.0,1067.0
118,30,0,1324.0,1050.0
118,30,1,1321.0,1023.0
118,30,2,1360.0,1013.0
118,30,3,1365.0,1041.0
118,10,0,1096.0,1090.0
118,10,1,1100.0,1062.0
118,10,2,1138.0,1058.0
118,10,3,1135.0,1087.0
118,36,0,1374.0,995.0
118,36,1,1369.0,970.0
118,36,2,1406.0,960.0
118,36,3,1412.0,985.0
118,16,0,1155.0,1043.0
118,16,1,1157.0,1017.0
118,16,2,1193.0,1010.0
118,16,3,1193.0,1037.0
118,0,0,989.0,1100.0
118,0,1,996.0,1073.0
118,0,2,1032.0,1070.0
118,0,3,1025.0,1097.0
118,26,0,1264.0,1022.0
118,26,1,1263.0,995.0
118,26,2,1299.0,989.0
118,26,3,1302.0,1014.0
118,6,0,1050.0,1056.0
118,6,1,1055.0,1031.0
118,6,2,1090.0,1026.0
118,6,3,1086.0,1052.0
118,21,0,1209.0,995.0
118,21,1,1210.0,971.0
118,21,2,1244.0,963.0
118,21,3,1245.0,988.0
118,31,0,1313.0,973.0
118,31,1,1310.0,950.0
118,31,2,1346.0,943.0
118,31,3,1349.0,964.0
118,11,0,1107.0,1012.0
118,11,1,1111.0,988.0
118,11,2,1144.0,983.0
118,11,3,1142.0,1008.0
118,1,0,1010.0,1026.0
118,1,1,1016.0,1003.0
118,1,2,1048.0,998.0
118,1,3,1043.0,1021.0
118,27,0,1258.0,949.0
118,27,1,1257.0,927.0
118,27,2,1290.0,921.0
118,27,3,1292.0,943.0
118,17,0,1160.0,970.0
118,17,1,1161.0,948.0
118,17,2,1194.0,942.0
118,17,3,1194.0,963.0
118,7,0,1064.0,985.0
118,7,1,1068.0,964.0
118,7,2,1099.0,958.0
118,7,3,1097.0,980.0
118,32,0,1303.0,907.0
118,32,1,1300.0,887.0
118,32,2,1332.0,880.0
118,32,3,1335.0,900.0
118,22,0,1208.0,928.0
118,22,1,1209.0,908.0
118,22,2,1240.0,902.0
118,22,3,1240.0,921.0
118,2,0,1026.0,961.0
118,2,1,1030.0,941.0
118,2,2,1060.0,936.0
118,2,3,1056.0,956.0
118,28,0,1253.0,888.0
118,28,1,1251.0,870.0
118,28,2,1282.0,864.0
118,28,3,1284.0,881.0
118,38,0,1343.0,866.0
118,38,1,1339.0,848.0
118,38,2,1369.0,842.0
118,38,3,1374.0,859.0
118,8,0,1075.0,924.0
118,8,1,1078.0,905.0
118,8,2,1107.0,900.0
118,8,3,1104.0,918.0
118,33,0,1293.0,850.0
118,33,1,1291.0,834.0
118,33,2,1319.0,827.0
118,33,3,1323.0,844.0
118,23,0,1207.0,872.0
118,23,1,1206.0,855.0
118,23,2,1235.0,848.0
118,23,3,1236.0,864.0
118,13,0,1121.0,888.0
118,13,1,1123.0,872.0
118,13,2,1151.0,866.0
118,13,3,1150.0,883.0
118,39,0,1330.0,815.0
118,39,1,1326.0,799.0
118,39,2,1353.0,791.0
118,39,3,1358.0,807.0
118,3,0,1039.0,904.0
118,3,1,1043.0,888.0
118,3,2,1070.0,883.0
118,3,3,1066.0,899.0
118,29,0,1247.0,836.0
118,29,1,1246.0,820.0
118,29,2,1273.0,815.0
118,29,3,1274.0,830.0
118,14,0,1126.0,839.0
118,14,1,1128.0,825.0
118,14,2,1154.0,820.0
118,14,3,1152.0,835.0
118,24,0,1205.0,822.0
118,24,1,1204.0,809.0
118,24,2,1231.0,804.0
118,24,3,1231.0,816.0
118,4,0,1051.0,856.0
118,4,1,1053.0,843.0
118,4,2,1078.0,836.0
118,4,3,1076.0,850.0
118,9,0,1084.0,871.0
118,9,1,1086.0,856.0
118,9,2,1113.0,851.0
118,9,3,1111.0,866.0
118,12,0,1115.0,945.0
118,12,1,1117.0,925.0
118,12,2,1148.0,920.0
118,12,3,1147.0,940.0
118,18,0,1163.0,908.0
118,18,1,1164.0,889.0
118,18,2,1193.0,884.0
118,18,3,1193.0,902.0
118,34,0,1284.0,803.0
118,34,1,1283.0,788.0
118,34,2,1308.0,782.0
118,34,3,1311.0,795.0
118,37,0,1358.0,926.0
118,37,1,1353.0,906.0
118,37,2,1386.0,896.0
118,37,3,1392.0,914.0
119,31,0,1226.0,611.0
119,31,1,1205.0,587.0
119,31,2,1229.0,566.0
119,31,3,1250.0,590.0
119,36,0,1291.0,616.0
119,36,1,1271.0,591.0
119,36,2,1295.0,571.0
119,36,3,1315.0,595.0
119,35,0,1349.0,686.0
119,35,1,1330.0,662.0
119,35,2,1354.0,642.0
119,35,3,1374.0,667.0
119,37,0,1229.0,544.0
119,37,1,1209.0,520.0
119,37,2,1233.0,500.0
119,37,3,1253.0,524.0
119,32,0,1163.0,540.0
119,32,1,1143.0,517.0
119,32,2,1166.0,496.0
119,32,3,1187.0,520.0
119,38,0,1165.0,474.0
119,38,1,1145.0,452.0
119,38,2,1168.0,430.0
119,38,3,1189.0,454.0
119,30,0,1285.0,680.0
119,30,1,1266.0,656.0
119,30,2,1290.0,637.0
119,30,3,1310.0,661.0
119,27,0,1161.0,605.0
119,27,1,1141.0,582.0
119,27,2,1164.0,562.0
119,27,3,1185.0,586.0
119,33,0,1101.0,472.0
119,33,1,1081.0,448.0
119,33,2,1103.0,428.0
119,33,3,1124.0,451.0
119,26,0,1221.0,674.0
119,26,1,1202.0,650.0
119,26,2,1225.0,631.0
119,26,3,1245.0,656.0
119,21,0,1158.0,669.0
119,21,1,1139.0,645.0
119,21,2,1162.0,626.0
119,21,3,1182.0,649.0
119,28,0,1100.0,537.0
119,28,1,1080.0,513.0
119,28,2,1102.0,493.0
119,28,3,1122.0,517.0
119,39,0,1102.0,407.0
119,39,1,1082.0,384.0
119,39,2,1103.0,363.0
119,39,3,1124.0,387.0
119,25,0,1279.0,743.0
119,25,1,1260.0,720.0
119,25,2,1285.0,701.0
119,25,3,1303.0,725.0
119,20,0,1216.0,737.0
119,20,1,1197.0,714.0
119,20,2,1221.0,695.0
119,20,3,1240.0,719.0
119,22,0,1099.0,601.0
119,22,1,1079.0,577.0
119,22,2,1102.0,558.0
119,22,3,1121.0,581.0
119,18,0,1036.0,596.0
119,18,1,1017.0,574.0
119,18,2,1039.0,553.0
119,18,3,1059.0,577.0
119,17,0,1096.0,663.0
119,17,1,1076.0,640.0
119,17,2,1098.0,621.0
119,17,3,1119.0,644.0
119,16,0,1154.0,731.0
119,16,1,1135.0,707.0
119,16,2,1158.0,689.0
119,16,3,1177.0,712.0
119,12,0,1034.0,658.0
119,12,1,1015.0,636.0
119,12,2,1037.0,616.0
119,12,3,1057.0,639.0
119,23,0,1039.0,534.0
119,23,1,1019.0,510.0
119,23,2,1040.0,491.0
119,23,3,1060.0,514.0
119,29,0,1040.0,470.0
119,29,1,1019.0,448.0
119,29,2,1039.0,427.0
119,29,3,1060.0,448.0
119,15,0,1211.0,798.0
119,15,1,1192.0,775.0
119,15,2,1216.0,757.0
119,15,3,1234.0,780.0
119,11,0,1092.0,724.0
119,11,1,1073.0,702.0
119,11,2,1096.0,683.0
119,11,3,1115.0,706.0
119,34,0,1040.0,406.0
119,34,1,1019.0,386.0
119,34,2,1038.0,364.0
119,34,3,1060.0,384.0
119,10,0,1150.0,791.0
119,10,1,1131.0,767.0
119,10,2,1153.0,750.0
119,10,3,1172.0,773.0
119,13,0,978.0,593.0
119,13,1,958.0,570.0
119,13,2,979.0,551.0
119,13,3,998.0,573.0
119,19,0,978.0,531.0
119,19,1,959.0,509.0
119,19,2,980.0,489.0
119,19,3,999.0,511.0
119,24,0,981.0,468.0
119,24,1,960.0,447.0
119,24,2,979.0,427.0
119,24,3,1000.0,447.0
119,6,0,1090.0,783.0
119,6,1,1071.0,760.0
119,6,2,1092.0,743.0
119,6,3,1111.0,766.0
119,14,0,919.0,528.0
119,14,1,901.0,507.0
119,14,2,921.0,487.0
119,14,3,940.0,509.0
119,7,0,1032.0,717.0
119,7,1,1014.0,695.0
119,7,2,1035.0,678.0
119,7,3,1054.0,700.0
119,8,0,976.0,652.0
119,8,1,957.0,631.0
119,8,2,978.0,612.0
119,8,3,996.0,635.0
119,5,0,1144.0,847.0
119,5,1,1126.0,825.0
119,5,2,1148.0,809.0
119,5,3,1166.0,831.0
119,1,0,1031.0,774.0
119,1,1,1013.0,752.0
119,1,2,1033.0,736.0
119,1,3,1052.0,758.0
119,2,0,976.0,711.0
119,2,1,958.0,688.0
119,2,2,978.0,672.0
119,2,3,996.0,693.0
119,9,0,921.0,588.0
119,9,1,903.0,568.0
119,9,2,920.0,549.0
119,9,3,939.0,569.0
119,0,0,1086.0,838.0
119,0,1,1068.0,816.0
119,0,2,1088.0,801.0
119,0,3,1107.0,823.0
119,3,0,922.0,647.0
119,3,1,904.0,627.0
119,3,2,920.0,608.0
119,3,3,940.0,629.0
119,4,0,869.0,584.0
119,4,1,850.0,564.0
119,4,2,866.0,546.0
119,4,3,885.0,565.0
120,24,0,918.0,327.0
120,24,1,893.0,314.0
120,24,2,919.0,295.0
120,24,3,942.0,310.0
120,29,0,988.0,321.0
120,29,1,966.0,309.0
120,29,2,990.0,290.0
120,29,3,1013.0,303.0
120,33,0,1057.0,316.0
120,33,1,1036.0,304.0
120,33,2,1063.0,283.0
120,33,3,1081.0,298.0
120,14,0,852.0,383.0
120,14,1,827.0,373.0
120,14,2,848.0,354.0
120,14,3,873.0,365.0
120,38,0,1120.0,310.0
120,38,1,1103.0,296.0
120,38,2,1130.0,277.0
120,38,3,1146.0,291.0
120,19,0,917.0,373.0
120,19,1,895.0,362.0
120,19,2,919.0,342.0
120,19,3,939.0,355.0
120,23,0,983.0,363.0
120,23,1,962.0,352.0
120,23,2,985.0,336.0
120,23,3,1006.0,347.0
120,28,0,1048.0,357.0
120,28,1,1028.0,347.0
120,28,2,1052.0,331.0
120,28,3,1071.0,343.0
120,13,0,918.0,412.0
120,13,1,896.0,403.0
120,13,2,917.0,387.0
120,13,3,938.0,396.0
120,32,0,1109.0,353.0
120,32,1,1092.0,342.0
120,32,2,1116.0,325.0
120,32,3,1132.0,336.0
120,9,0,855.0,420.0
120,9,1,832.0,411.0
120,9,2,852.0,396.0
120,9,3,874.0,405.0
120,4,0,792.0,427.0
120,4,1,767.0,419.0
120,4,2,786.0,404.0
120,4,3,809.0,414.0
120,37,0,1167.0,347.0
120,37,1,1152.0,335.0
120,37,2,1177.0,320.0
120,37,3,1191.0,333.0
120,3,0,857.0,452.0
120,3,1,835.0,444.0
120,3,2,856.0,431.0
120,3,3,876.0,440.0
120,22,0,1038.0,395.0
120,22,1,1021.0,386.0
120,22,2,1043.0,371.0
120,22,3,1060.0,381.0
120,8,0,916.0,446.0
120,8,1,896.0,437.0
120,8,2,916.0,425.0
120,8,3,936.0,433.0
120,27,0,1097.0,389.0
120,27,1,1082.0,380.0
120,27,2,1104.0,367.0
120,27,3,1118.0,376.0
120,2,0,916.0,475.0
120,2,1,897.0,469.0
120,2,2,914.0,456.0
120,2,3,933.0,463.0
120,21,0,1087.0,423.0
120,21,1,1071.0,414.0
120,21,2,1093.0,400.0
120,21,3,1107.0,410.0
120,17,0,1032.0,430.0
120,17,1,1015.0,423.0
120,17,2,1035.0,408.0
120,17,3,1051.0,416.0
120,36,0,1208.0,381.0
120,36,1,1195.0,372.0
120,36,2,1217.0,358.0
120,36,3,1228.0,368.0
120,26,0,1140.0,417.0
120,26,1,1126.0,409.0
120,26,2,1147.0,397.0
120,26,3,1160.0,405.0
120,1,0,968.0,495.0
120,1,1,951.0,489.0
120,1,2,968.0,479.0
120,1,3,985.0,486.0
120,30,0,1191.0,412.0
120,30,1,1179.0,405.0
120,30,2,1200.0,393.0
120,30,3,1211.0,401.0
120,6,0,1019.0,490.0
120,6,1,1004.0,483.0
120,6,2,1021.0,472.0
120,6,3,1037.0,479.0
120,7,0,970.0,469.0
120,7,1,953.0,461.0
120,7,2,973.0,449.0
120,7,3,990.0,456.0
120,11,0,1024.0,462.0
120,11,1,1009.0,455.0
120,11,2,1029.0,442.0
120,11,3,1044.0,449.0
120,12,0,975.0,439.0
120,12,1,957.0,431.0
120,12,2,976.0,416.0
120,12,3,994.0,424.0
120,16,0,1076.0,455.0
120,16,1,1063.0,448.0
120,16,2,1082.0,435.0
120,16,3,1096.0,443.0
120,18,0,980.0,403.0
120,18,1,959.0,394.0
120,18,2,980.0,377.0
120,18,3,999.0,386.0
120,20,0,1129.0,448.0
120,20,1,1115.0,441.0
120,20,2,1135.0,429.0
120,20,3,1147.0,437.0
120,34,0,992.0,273.0
120,34,1,970.0,257.0
120,34,2,999.0,238.0
120,34,3,1021.0,253.0
120,35,0,1239.0,409.0
120,35,1,1229.0,400.0
120,35,2,1250.0,390.0
120,35,3,1260.0,398.0
121,39,0,949.0,357.0
121,39,1,925.0,343.0
121,39,2,946.0,322.0
121,39,3,970.0,337.0
121,34,0,884.0,366.0
121,34,1,858.0,352.0
121,34,2,877.0,332.0
121,34,3,903.0,346.0
121,29,0,892.0,412.0
121,29,1,867.0,400.0
121,29,2,886.0,381.0
121,29,3,910.0,395.0
121,33,0,955.0,405.0
121,33,1,931.0,393.0
121,33,2,950.0,373.0
121,33,3,973.0,386.0
121,38,0,1016.0,397.0
121,38,1,994.0,384.0
121,38,2,1013.0,365.0
121,38,3,1036.0,378.0
121,24,0,830.0,419.0
121,24,1,805.0,407.0
121,24,2,822.0,389.0
121,24,3,847.0,402.0
121,19,0,841.0,463.0
121,19,1,816.0,452.0
121,19,2,834.0,433.0
121,19,3,857.0,444.0
121,32,0,1016.0,442.0
121,32,1,996.0,429.0
121,32,2,1016.0,412.0
121,32,3,1036.0,425.0
121,23,0,899.0,454.0
121,23,1,876.0,442.0
121,23,2,894.0,426.0
121,23,3,917.0,438.0
121,28,0,958.0,448.0
121,28,1,936.0,435.0
121,28,2,955.0,420.0
121,28,3,977.0,432.0
121,37,0,1074.0,434.0
121,37,1,1055.0,422.0
121,37,2,1077.0,406.0
121,37,3,1095.0,420.0
121,14,0,783.0,472.0
121,14,1,759.0,462.0
121,14,2,772.0,445.0
121,14,3,797.0,456.0
121,13,0,850.0,502.0
121,13,1,828.0,492.0
121,13,2,843.0,477.0
121,13,3,866.0,487.0
121,22,0,962.0,485.0
121,22,1,941.0,475.0
121,22,2,959.0,460.0
121,22,3,979.0,470.0
121,31,0,1072.0,474.0
121,31,1,1055.0,464.0
121,31,2,1075.0,448.0
121,31,3,1092.0,460.0
121,9,0,795.0,509.0
121,9,1,772.0,499.0
121,9,2,786.0,485.0
121,9,3,809.0,494.0
121,27,0,1018.0,479.0
121,27,1,999.0,470.0
121,27,2,1015.0,456.0
121,27,3,1036.0,466.0
121,4,0,740.0,515.0
121,4,1,717.0,505.0
121,4,2,730.0,492.0
121,4,3,753.0,501.0
121,36,0,1127.0,469.0
121,36,1,1111.0,457.0
121,36,2,1131.0,443.0
121,36,3,1146.0,455.0
121,17,0,965.0,522.0
121,17,1,946.0,513.0
121,17,2,963.0,498.0
121,17,3,981.0,507.0
121,21,0,1018.0,515.0
121,21,1,1000.0,505.0
121,21,2,1017.0,491.0
121,21,3,1035.0,500.0
121,3,0,806.0,541.0
121,3,1,784.0,533.0
121,3,2,798.0,520.0
121,3,3,820.0,529.0
121,8,0,860.0,535.0
121,8,1,838.0,527.0
121,8,2,852.0,514.0
121,8,3,874.0,523.0
121,30,0,1123.0,503.0
121,30,1,1107.0,494.0
121,30,2,1125.0,481.0
121,30,3,1141.0,490.0
121,2,0,866.0,567.0
121,2,1,847.0,558.0
121,2,2,861.0,546.0
121,2,3,879.0,554.0
121,20,0,1069.0,542.0
121,20,1,1053.0,534.0
121,20,2,1070.0,521.0
121,20,3,1085.0,529.0
121,10,0,1020.0,579.0
121,10,1,1004.0,572.0
121,10,2,1018.0,560.0
121,10,3,1035.0,568.0
121,1,0,922.0,589.0
121,1,1,904.0,581.0
121,1,2,918.0,572.0
121,1,3,936.0,579.0
121,5,0,1021.0,606.0
121,5,1,1005.0,600.0
121,5,2,1019.0,590.0
121,5,3,1034.0,597.0
121,0,0,974.0,611.0
121,0,1,957.0,604.0
121,0,2,971.0,595.0
121,0,3,987.0,602.0
121,6,0,972.0,584.0
121,6,1,954.0,577.0
121,6,2,968.0,566.0
121,6,3,985.0,573.0
121,7,0,916.0,561.0
121,7,1,898.0,552.0
121,7,2,913.0,541.0
121,7,3,932.0,549.0
121,11,0,968.0,555.0
121,11,1,950.0,547.0
121,11,2,967.0,534.0
121,11,3,984.0,542.0
121,12,0,911.0,530.0
121,12,1,892.0,521.0
121,12,2,907.0,506.0
121,12,3,927.0,515.0
121,16,0,1019.0,548.0
121,16,1,1001.0,540.0
121,16,2,1018.0,527.0
121,16,3,1035.0,536.0
121,18,0,905.0,494.0
121,18,1,884.0,483.0
121,18,2,901.0,466.0
121,18,3,922.0,477.0
121,25,0,1119.0,536.0
121,25,1,1104.0,528.0
121,25,2,1121.0,515.0
121,25,3,1135.0,523.0
121,26,0,1072.0,508.0
121,26,1,1054.0,499.0
121,26,2,1071.0,487.0
121,26,3,1088.0,495.0
121,35,0,1173.0,498.0
121,35,1,1160.0,490.0
121,35,2,1178.0,477.0
121,35,3,1192.0,486.0
122,34,0,1019.0,267.0
122,34,1,998.0,246.0
122,34,2,1024.0,228.0
122,34,3,1046.0,250.0
122,39,0,1089.0,269.0
122,39,1,1069.0,249.0
122,39,2,1097.0,230.0
122,39,3,1116.0,252.0
122,24,0,945.0,317.0
122,24,1,924.0,299.0
122,24,2,948.0,282.0
122,24,3,971.0,301.0
122,29,0,1013.0,319.0
122,29,1,993.0,301.0
122,29,2,1018.0,284.0
122,29,3,1039.0,304.0
122,33,0,1080.0,323.0
122,33,1,1061.0,304.0
122,33,2,1088.0,287.0
122,33,3,1106.0,305.0
122,38,0,1144.0,324.0
122,38,1,1127.0,306.0
122,38,2,1154.0,289.0
122,38,3,1170.0,307.0
122,19,0,945.0,368.0
122,19,1,923.0,352.0
122,19,2,947.0,334.0
122,19,3,967.0,351.0
122,14,0,881.0,370.0
122,14,1,858.0,354.0
122,14,2,879.0,337.0
122,14,3,902.0,352.0
122,23,0,1008.0,367.0
122,23,1,989.0,350.0
122,23,2,1013.0,336.0
122,23,3,1032.0,353.0
122,28,0,1071.0,369.0
122,28,1,1053.0,353.0
122,28,2,1079.0,339.0
122,28,3,1096.0,355.0
122,13,0,943.0,413.0
122,13,1,923.0,398.0
122,13,2,946.0,384.0
122,13,3,965.0,399.0
122,32,0,1132.0,372.0
122,32,1,1116.0,356.0
122,32,2,1142.0,341.0
122,32,3,1156.0,357.0
122,37,0,1191.0,373.0
122,37,1,1177.0,356.0
122,37,2,1202.0,343.0
122,37,3,1216.0,361.0
122,18,0,1003.0,412.0
122,18,1,985.0,398.0
122,18,2,1008.0,382.0
122,18,3,1025.0,398.0
122,9,0,883.0,413.0
122,9,1,861.0,399.0
122,9,2,880.0,385.0
122,9,3,902.0,398.0
122,4,0,822.0,412.0
122,4,1,800.0,399.0
122,4,2,818.0,385.0
122,4,3,841.0,399.0
122,12,0,1000.0,453.0
122,12,1,983.0,440.0
122,12,2,1003.0,426.0
122,12,3,1019.0,440.0
122,8,0,941.0,452.0
122,8,1,922.0,440.0
122,8,2,944.0,427.0
122,8,3,963.0,440.0
122,22,0,1062.0,411.0
122,22,1,1046.0,397.0
122,22,2,1070.0,384.0
122,22,3,1085.0,399.0
122,27,0,1120.0,413.0
122,27,1,1106.0,399.0
122,27,2,1130.0,387.0
122,27,3,1144.0,402.0
122,31,0,1177.0,416.0
122,31,1,1164.0,402.0
122,31,2,1188.0,389.0
122,31,3,1201.0,404.0
122,3,0,882.0,451.0
122,3,1,864.0,438.0
122,3,2,884.0,427.0
122,3,3,903.0,439.0
122,17,0,1056.0,452.0
122,17,1,1040.0,438.0
122,17,2,1062.0,426.0
122,17,3,1077.0,439.0
122,21,0,1111.0,452.0
122,21,1,1096.0,438.0
122,21,2,1118.0,426.0
122,21,3,1132.0,440.0
122,7,0,995.0,488.0
122,7,1,977.0,476.0
122,7,2,998.0,465.0
122,7,3,1015.0,476.0
122,36,0,1232.0,418.0
122,36,1,1221.0,404.0
122,36,2,1243.0,392.0
122,36,3,1255.0,406.0
122,2,0,938.0,487.0
122,2,1,922.0,476.0
122,2,2,942.0,464.0
122,2,3,959.0,476.0
122,16,0,1103.0,488.0
122,16,1,1087.0,476.0
122,16,2,1109.0,465.0
122,16,3,1122.0,477.0
122,30,0,1217.0,455.0
122,30,1,1205.0,442.0
122,30,2,1227.0,432.0
122,30,3,1239.0,444.0
122,20,0,1153.0,489.0
122,20,1,1140.0,477.0
122,20,2,1161.0,466.0
122,20,3,1174.0,478.0
122,1,0,990.0,520.0
122,1,1,976.0,509.0
122,1,2,994.0,500.0
122,1,3,1008.0,510.0
122,10,0,1093.0,522.0
122,10,1,1080.0,512.0
122,10,2,1100.0,501.0
122,10,3,1112.0,512.0
122,5,0,1084.0,551.0
122,5,1,1072.0,542.0
122,5,2,1092.0,534.0
122,5,3,1103.0,543.0
122,0,0,1035.0,550.0
122,0,1,1022.0,541.0
122,0,2,1041.0,532.0
122,0,3,1055.0,542.0
122,6,0,1042.0,521.0
122,6,1,1027.0,510.0
122,6,2,1048.0,500.0
122,6,3,1061.0,511.0
122,11,0,1049.0,488.0
122,11,1,1033.0,477.0
122,11,2,1053.0,465.0
122,11,3,1069.0,476.0
122,25,0,1202.0,489.0
122,25,1,1192.0,478.0
122,25,2,1213.0,467.0
122,25,3,1223.0,479.0
122,26,0,1165.0,453.0
122,26,1,1152.0,440.0
122,26,2,1174.0,429.0
122,26,3,1186.0,442.0
122,35,0,1267.0,457.0
122,35,1,1257.0,445.0
122,35,2,1279.0,435.0
122,35,3,1288.0,448.0
123,25,0,1287.0,825.0
123,25,1,1282.0,797.0
123,25,2,1319.0,791.0
123,25,3,1324.0,819.0
123,5,0,1060.0,845.0
123,5,1,1064.0,818.0
123,5,2,1100.0,815.0
123,5,3,1098.0,842.0
123,20,0,1226.0,792.0
123,20,1,1225.0,767.0
123,20,2,1260.0,761.0
123,20,3,1263.0,787.0
123,10,0,1118.0,801.0
123,10,1,1120.0,777.0
123,10,2,1156.0,775.0
123,10,3,1155.0,799.0
123,30,0,1334.0,775.0
123,30,1,1330.0,752.0
123,30,2,1365.0,747.0
123,30,3,1370.0,770.0
123,16,0,1172.0,761.0
123,16,1,1172.0,739.0
123,16,2,1206.0,736.0
123,16,3,1207.0,758.0
123,6,0,1070.0,771.0
123,6,1,1073.0,748.0
123,6,2,1106.0,745.0
123,6,3,1104.0,767.0
123,1,0,1027.0,743.0
123,1,1,1031.0,724.0
123,1,2,1062.0,719.0
123,1,3,1058.0,740.0
123,17,0,1171.0,697.0
123,17,1,1170.0,679.0
123,17,2,1201.0,676.0
123,17,3,1202.0,693.0
123,13,0,1127.0,623.0
123,13,1,1128.0,609.0
123,13,2,1155.0,606.0
123,13,3,1155.0,620.0
123,3,0,1046.0,635.0
123,3,1,1050.0,621.0
123,3,2,1075.0,616.0
123,3,3,1072.0,631.0
123,0,0,1014.0,811.0
123,0,1,1018.0,787.0
123,0,2,1052.0,783.0
123,0,3,1049.0,808.0
123,2,0,1037.0,684.0
123,2,1,1040.0,668.0
123,2,2,1069.0,664.0
123,2,3,1066.0,681.0
123,7,0,1077.0,706.0
123,7,1,1080.0,688.0
123,7,2,1110.0,685.0
123,7,3,1109.0,703.0
123,8,0,1083.0,652.0
123,8,1,1086.0,636.0
123,8,2,1113.0,634.0
123,8,3,1111.0,649.0
123,11,0,1122.0,732.0
123,11,1,1123.0,712.0
123,11,2,1156.0,709.0
123,11,3,1155.0,730.0
123,12,0,1125.0,673.0
123,12,1,1126.0,656.0
123,12,2,1156.0,655.0
123,12,3,1155.0,671.0
123,15,0,1172.0,837.0
123,15,1,1173.0,810.0
123,15,2,1210.0,807.0
123,15,3,1211.0,835.0
123,21,0,1220.0,721.0
123,21,1,1220.0,700.0
123,21,2,1252.0,696.0
123,21,3,1254.0,716.0
123,23,0,1210.0,613.0
123,23,1,1208.0,600.0
123,23,2,1235.0,594.0
123,23,3,1237.0,607.0
123,35,0,1399.0,807.0
123,35,1,1392.0,781.0
123,35,2,1427.0,775.0
123,35,3,1435.0,803.0
124,35,0,1342.0,969.0
124,35,1,1340.0,942.0
124,35,2,1378.0,945.0
124,35,3,1381.0,974.0
124,25,0,1222.0,959.0
124,25,1,1224.0,933.0
124,25,2,1264.0,936.0
124,25,3,1263.0,962.0
124,5,0,985.0,922.0
124,5,1,995.0,899.0
124,5,2,1033.0,906.0
124,5,3,1024.0,929.0
124,20,0,1168.0,916.0
124,20,1,1171.0,894.0
124,20,2,1210.0,895.0
124,20,3,1208.0,918.0
124,30,0,1282.0,925.0
124,30,1,1282.0,903.0
124,30,2,1319.0,905.0
124,30,3,1321.0,928.0
124,10,0,1057.0,898.0
124,10,1,1062.0,877.0
124,10,2,1100.0,883.0
124,10,3,1094.0,904.0
124,32,0,1279.0,806.0
124,32,1,1279.0,791.0
124,32,2,1309.0,794.0
124,32,3,1310.0,810.0
124,6,0,1014.0,856.0
124,6,1,1022.0,839.0
124,6,2,1057.0,844.0
124,6,3,1049.0,863.0
124,7,0,1038.0,802.0
124,7,1,1044.0,788.0
124,7,2,1076.0,791.0
124,7,3,1070.0,807.0
124,11,0,1077.0,836.0
124,11,1,1082.0,819.0
124,11,2,1116.0,824.0
124,11,3,1112.0,841.0
124,12,0,1095.0,784.0
124,12,1,1098.0,771.0
124,12,2,1129.0,775.0
124,12,3,1125.0,789.0
124,15,0,1103.0,945.0
124,15,1,1108.0,920.0
124,15,2,1147.0,926.0
124,15,3,1143.0,951.0
124,16,0,1121.0,875.0
124,16,1,1124.0,855.0
124,16,2,1160.0,859.0
124,16,3,1157.0,879.0
124,17,0,1135.0,817.0
124,17,1,1137.0,801.0
124,17,2,1170.0,804.0
124,17,3,1167.0,820.0
124,21,0,1179.0,850.0
124,21,1,1181.0,832.0
124,21,2,1216.0,834.0
124,21,3,1214.0,853.0
124,28,0,1234.0,777.0
124,28,1,1235.0,764.0
124,28,2,1263.0,766.0
124,28,3,1264.0,781.0
124,31,0,1282.0,861.0
124,31,1,1280.0,843.0
124,31,2,1314.0,845.0
124,31,3,1316.0,863.0
124,33,0,1278.0,760.0
124,33,1,1277.0,747.0
124,33,2,1304.0,750.0
124,33,3,1306.0,763.0
124,36,0,1335.0,894.0
124,36,1,1333.0,874.0
124,36,2,1368.0,875.0
124,36,3,1372.0,897.0
124,37,0,1330.0,837.0
124,37,1,1326.0,821.0
124,37,2,1358.0,822.0
124,37,3,1361.0,836.0
125,6,0,1287.0,736.0
125,6,1,1273.0,698.0
125,6,2,1311.0,684.0
125,6,3,1325.0,724.0
125,17,0,1354.0,585.0
125,17,1,1338.0,544.0
125,17,2,1377.0,528.0
125,17,3,1393.0,568.0
125,21,0,1429.0,619.0
125,21,1,1415.0,578.0
125,21,2,1453.0,562.0
125,21,3,1468.0,604.0
125,37,0,1567.0,494.0
125,37,1,1551.0,453.0
125,37,2,1588.0,436.0
125,37,3,1605.0,477.0
125,22,0,1384.0,504.0
125,22,1,1368.0,465.0
125,22,2,1406.0,448.0
125,22,3,1423.0,489.0
125,27,0,1462.0,539.0
125,27,1,1446.0,498.0
125,27,2,1483.0,482.0
125,27,3,1500.0,523.0
125,31,0,1536.0,574.0
125,31,1,1521.0,534.0
125,31,2,1559.0,517.0
125,31,3,1574.0,559.0
125,36,0,1608.0,610.0
125,36,1,1595.0,569.0
125,36,2,1633.0,553.0
125,36,3,1646.0,594.0
125,16,0,1395.0,697.0
125,16,1,1381.0,658.0
125,16,2,1421.0,642.0
125,16,3,1434.0,682.0
125,11,0,1320.0,662.0
125,11,1,1306.0,623.0
125,11,2,1345.0,608.0
125,11,3,1360.0,648.0
125,26,0,1503.0,654.0
125,26,1,1489.0,614.0
125,26,2,1528.0,598.0
125,26,3,1541.0,638.0
125,12,0,1277.0,551.0
125,12,1,1261.0,512.0
125,12,2,1298.0,495.0
125,12,3,1315.0,535.0
125,18,0,1307.0,472.0
125,18,1,1291.0,432.0
125,18,2,1327.0,416.0
125,18,3,1345.0,455.0
125,32,0,1491.0,458.0
125,32,1,1474.0,419.0
125,32,2,1511.0,402.0
125,32,3,1528.0,442.0
125,28,0,1414.0,424.0
125,28,1,1397.0,384.0
125,28,2,1432.0,368.0
125,28,3,1451.0,408.0
125,30,0,1574.0,689.0
125,30,1,1561.0,649.0
125,30,2,1599.0,633.0
125,30,3,1611.0,674.0
125,7,0,1246.0,628.0
125,7,1,1231.0,589.0
125,7,2,1269.0,574.0
125,7,3,1284.0,613.0
125,20,0,1467.0,731.0
125,20,1,1455.0,692.0
125,20,2,1494.0,677.0
125,20,3,1506.0,716.0
125,23,0,1335.0,392.0
125,23,1,1318.0,354.0
125,23,2,1355.0,338.0
125,23,3,1372.0,376.0
125,10,0,1359.0,771.0
125,10,1,1347.0,733.0
125,10,2,1385.0,719.0
125,10,3,1399.0,758.0
125,38,0,1519.0,378.0
125,38,1,1501.0,338.0
125,38,2,1536.0,323.0
125,38,3,1554.0,362.0
125,1,0,1215.0,702.0
125,1,1,1200.0,664.0
125,1,2,1238.0,650.0
125,1,3,1253.0,688.0
125,8,0,1201.0,519.0
125,8,1,1186.0,481.0
125,8,2,1221.0,464.0
125,8,3,1238.0,503.0
125,33,0,1440.0,345.0
125,33,1,1422.0,307.0
125,33,2,1457.0,291.0
125,33,3,1476.0,329.0
125,15,0,1430.0,806.0
125,15,1,1419.0,768.0
125,15,2,1458.0,754.0
125,15,3,1469.0,792.0
125,13,0,1230.0,441.0
125,13,1,1214.0,403.0
125,13,2,1249.0,387.0
125,13,3,1267.0,424.0
125,25,0,1538.0,765.0
125,25,1,1526.0,726.0
125,25,2,1564.0,711.0
125,25,3,1575.0,749.0
125,2,0,1172.0,595.0
125,2,1,1158.0,557.0
125,2,2,1194.0,542.0
125,2,3,1209.0,580.0
125,19,0,1258.0,363.0
125,19,1,1240.0,326.0
125,19,2,1275.0,309.0
125,19,3,1293.0,345.0
125,29,0,1361.0,313.0
125,29,1,1343.0,277.0
125,29,2,1378.0,261.0
125,29,3,1397.0,298.0
125,35,0,1641.0,723.0
125,35,1,1631.0,684.0
125,35,2,1668.0,669.0
125,35,3,1677.0,707.0
125,0,0,1254.0,806.0
125,0,1,1240.0,770.0
125,0,2,1278.0,757.0
125,0,3,1292.0,793.0
125,39,0,1464.0,267.0
125,39,1,1445.0,230.0
125,39,2,1479.0,216.0
125,39,3,1498.0,252.0
125,5,0,1324.0,840.0
125,5,1,1312.0,804.0
125,5,2,1350.0,792.0
125,5,3,1362.0,828.0
125,9,0,1154.0,412.0
125,9,1,1139.0,376.0
125,9,2,1173.0,360.0
125,9,3,1190.0,395.0
125,3,0,1129.0,489.0
125,3,1,1113.0,453.0
125,3,2,1147.0,436.0
125,3,3,1163.0,472.0
125,24,0,1282.0,285.0
125,24,1,1265.0,250.0
125,24,2,1299.0,234.0
125,24,3,1317.0,269.0
125,34,0,1385.0,237.0
125,34,1,1366.0,203.0
125,34,2,1399.0,187.0
125,34,3,1419.0,222.0
125,14,0,1180.0,336.0
125,14,1,1164.0,301.0
125,14,2,1198.0,285.0
125,14,3,1215.0,319.0
125,4,0,1083.0,387.0
125,4,1,1068.0,353.0
125,4,2,1100.0,336.0
125,4,3,1116.0,369.0
126,16,0,1507.0,663.0
126,16,1,1491.0,620.0
126,16,2,1532.0,603.0
126,16,3,1546.0,646.0
126,26,0,1617.0,614.0
126,26,1,1602.0,571.0
126,26,2,1641.0,553.0
126,26,3,1656.0,597.0
126,20,0,1583.0,699.0
126,20,1,1568.0,656.0
126,20,2,1608.0,639.0
126,20,3,1622.0,682.0
126,7,0,1349.0,592.0
126,7,1,1332.0,551.0
126,7,2,1370.0,533.0
126,7,3,1388.0,575.0
126,21,0,1539.0,578.0
126,21,1,1523.0,535.0
126,21,2,1563.0,517.0
126,21,3,1580.0,560.0
126,11,0,1427.0,627.0
126,11,1,1411.0,585.0
126,11,2,1452.0,567.0
126,11,3,1468.0,610.0
126,22,0,1490.0,458.0
126,22,1,1470.0,416.0
126,22,2,1509.0,397.0
126,22,3,1529.0,439.0
126,17,0,1460.0,543.0
126,17,1,1442.0,501.0
126,17,2,1482.0,483.0
126,17,3,1500.0,525.0
126,27,0,1570.0,492.0
126,27,1,1552.0,450.0
126,27,2,1590.0,431.0
126,27,3,1610.0,473.0
126,31,0,1648.0,528.0
126,31,1,1632.0,484.0
126,31,2,1670.0,467.0
126,31,3,1687.0,511.0
126,37,0,1677.0,441.0
126,37,1,1658.0,398.0
126,37,2,1696.0,380.0
126,37,3,1715.0,423.0
126,36,0,1725.0,565.0
126,36,1,1709.0,522.0
126,36,2,1748.0,504.0
126,36,3,1763.0,548.0
126,32,0,1597.0,406.0
126,32,1,1577.0,365.0
126,32,2,1615.0,346.0
126,32,3,1635.0,388.0
126,12,0,1379.0,509.0
126,12,1,1361.0,468.0
126,12,2,1400.0,450.0
126,12,3,1419.0,490.0
126,30,0,1691.0,651.0
126,30,1,1678.0,607.0
126,30,2,1716.0,590.0
126,30,3,1730.0,634.0
126,10,0,1470.0,744.0
126,10,1,1456.0,703.0
126,10,2,1497.0,687.0
126,10,3,1511.0,728.0
126,18,0,1407.0,425.0
126,18,1,1389.0,384.0
126,18,2,1426.0,366.0
126,18,3,1446.0,406.0
126,28,0,1516.0,372.0
126,28,1,1496.0,331.0
126,28,2,1532.0,313.0
126,28,3,1553.0,355.0
126,15,0,1544.0,780.0
126,15,1,1532.0,739.0
126,15,2,1573.0,723.0
126,15,3,1585.0,764.0
126,6,0,1394.0,707.0
126,6,1,1379.0,666.0
126,6,2,1418.0,650.0
126,6,3,1434.0,691.0
126,23,0,1433.0,341.0
126,23,1,1413.0,302.0
126,23,2,1449.0,283.0
126,23,3,1471.0,322.0
126,38,0,1620.0,321.0
126,38,1,1600.0,280.0
126,38,2,1635.0,263.0
126,38,3,1657.0,303.0
126,1,0,1317.0,671.0
126,1,1,1301.0,632.0
126,1,2,1340.0,615.0
126,1,3,1357.0,655.0
126,8,0,1299.0,478.0
126,8,1,1281.0,439.0
126,8,2,1319.0,420.0
126,8,3,1337.0,459.0
126,2,0,1271.0,559.0
126,2,1,1254.0,519.0
126,2,2,1291.0,501.0
126,2,3,1309.0,541.0
126,25,0,1655.0,734.0
126,25,1,1643.0,692.0
126,25,2,1682.0,676.0
126,25,3,1693.0,718.0
126,35,0,1761.0,687.0
126,35,1,1750.0,645.0
126,35,2,1788.0,628.0
126,35,3,1798.0,670.0
126,33,0,1538.0,289.0
126,33,1,1517.0,250.0
126,33,2,1553.0,233.0
126,33,3,1574.0,272.0
126,0,0,1359.0,783.0
126,0,1,1345.0,744.0
126,0,2,1384.0,729.0
126,0,3,1399.0,768.0
126,13,0,1326.0,395.0
126,13,1,1308.0,356.0
126,13,2,1344.0,338.0
126,13,3,1363.0,376.0
126,5,0,1432.0,818.0
126,5,1,1420.0,779.0
126,5,2,1460.0,766.0
126,5,3,1472.0,806.0
126,19,0,1351.0,313.0
126,19,1,1331.0,276.0
126,19,2,1367.0,257.0
126,19,3,1387.0,294.0
126,29,0,1456.0,259.0
126,29,1,1435.0,222.0
126,29,2,1469.0,204.0
126,29,3,1491.0,242.0
126,3,0,1221.0,448.0
126,3,1,1205.0,411.0
126,3,2,1239.0,392.0
126,3,3,1258.0,430.0
126,39,0,1557.0,208.0
126,39,1,1535.0,172.0
126,39,2,1569.0,155.0
126,39,3,1592.0,191.0
126,9,0,1246.0,368.0
126,9,1,1229.0,333.0
126,9,2,1264.0,313.0
126,9,3,1282.0,350.0
126,24,0,1373.0,233.0
126,24,1,1353.0,198.0
126,24,2,1386.0,179.0
126,24,3,1408.0,214.0
126,14,0,1271.0,289.0
126,14,1,1252.0,254.0
126,14,2,1286.0,235.0
126,14,3,1305.0,270.0
126,34,0,1475.0,180.0
126,34,1,1453.0,146.0
126,34,2,1487.0,129.0
126,34,3,1509.0,163.0
126,4,0,1172.0,345.0
126,4,1,1155.0,310.0
126,4,2,1188.0,292.0
126,4,3,1205.0,326.0
127,24,0,923.0,329.0
127,24,1,898.0,316.0
127,24,2,923.0,297.0
127,24,3,947.0,310.0
127,29,0,993.0,323.0
127,29,1,971.0,311.0
127,29,2,997.0,291.0
127,29,3,1018.0,305.0
127,19,0,921.0,375.0
127,19,1,898.0,363.0
127,19,2,922.0,343.0
127,19,3,944.0,355.0
127,33,0,1058.0,318.0
127,33,1,1041.0,304.0
127,33,2,1068.0,285.0
127,33,3,1086.0,300.0
127,14,0,854.0,385.0
127,14,1,831.0,375.0
127,14,2,853.0,355.0
127,14,3,877.0,366.0
127,38,0,1124.0,312.0
127,38,1,1108.0,298.0
127,38,2,1136.0,280.0
127,38,3,1150.0,294.0
127,23,0,986.0,365.0
127,23,1,966.0,353.0
127,23,2,989.0,338.0
127,23,3,1010.0,349.0
127,28,0,1052.0,359.0
127,28,1,1032.0,349.0
127,28,2,1057.0,333.0
127,28,3,1075.0,344.0
127,9,0,857.0,422.0
127,9,1,835.0,413.0
127,9,2,856.0,397.0
127,9,3,878.0,407.0
127,13,0,920.0,414.0
127,13,1,900.0,405.0
127,13,2,920.0,389.0
127,13,3,942.0,399.0
127,4,0,794.0,429.0
127,4,1,771.0,421.0
127,4,2,790.0,406.0
127,4,3,813.0,414.0
127,32,0,1113.0,355.0
127,32,1,1096.0,344.0
127,32,2,1120.0,327.0
127,32,3,1135.0,338.0
127,37,0,1169.0,349.0
127,37,1,1156.0,338.0
127,37,2,1181.0,322.0
127,37,3,1194.0,337.0
127,8,0,920.0,447.0
127,8,1,899.0,438.0
127,8,2,919.0,426.0
127,8,3,939.0,434.0
127,22,0,1042.0,396.0
127,22,1,1024.0,387.0
127,22,2,1046.0,373.0
127,22,3,1063.0,382.0
127,3,0,861.0,453.0
127,3,1,839.0,446.0
127,3,2,858.0,433.0
127,3,3,879.0,441.0
127,7,0,973.0,470.0
127,7,1,955.0,462.0
127,7,2,974.0,451.0
127,7,3,993.0,458.0
127,2,0,917.0,477.0
127,2,1,899.0,470.0
127,2,2,917.0,457.0
127,2,3,936.0,464.0
127,17,0,1034.0,432.0
127,17,1,1018.0,424.0
127,17,2,1038.0,410.0
127,17,3,1054.0,418.0
127,26,0,1143.0,418.0
127,26,1,1129.0,411.0
127,26,2,1149.0,399.0
127,26,3,1162.0,406.0
127,1,0,968.0,497.0
127,1,1,953.0,490.0
127,1,2,971.0,480.0
127,1,3,987.0,486.0
127,6,0,1020.0,491.0
127,6,1,1005.0,485.0
127,6,2,1024.0,473.0
127,6,3,1038.0,480.0
127,11,0,1027.0,463.0
127,11,1,1011.0,456.0
127,11,2,1032.0,443.0
127,11,3,1046.0,450.0
127,12,0,978.0,440.0
127,12,1,959.0,432.0
127,12,2,980.0,417.0
127,12,3,997.0,426.0
127,16,0,1079.0,456.0
127,16,1,1064.0,449.0
127,16,2,1086.0,436.0
127,16,3,1099.0,444.0
127,18,0,982.0,405.0
127,18,1,963.0,396.0
127,18,2,983.0,379.0
127,18,3,1003.0,388.0
127,21,0,1088.0,425.0
127,21,1,1074.0,417.0
127,21,2,1094.0,403.0
127,21,3,1109.0,411.0
127,27,0,1100.0,391.0
127,27,1,1085.0,382.0
127,27,2,1107.0,369.0
127,27,3,1122.0,378.0
127,34,0,997.0,275.0
127,34,1,976.0,258.0
127,34,2,1005.0,240.0
127,34,3,1026.0,256.0
127,36,0,1209.0,383.0
127,36,1,1198.0,373.0
127,36,2,1219.0,360.0
127,36,3,1231.0,370.0
127,39,0,1072.0,268.0
127,39,1,1050.0,254.0
127,39,2,1080.0,234.0
127,39,3,1098.0,250.0
128,25,0,1331.0,1029.0
128,25,1,1334.0,1000.0
128,25,2,1381.0,999.0
128,25,3,1378.0,1028.0
128,5,0,1067.0,1016.0
128,5,1,1080.0,991.0
128,5,2,1123.0,995.0
128,5,3,1110.0,1020.0
128,20,0,1272.0,989.0
128,20,1,1278.0,963.0
128,20,2,1321.0,962.0
128,20,3,1316.0,987.0
128,30,0,1401.0,983.0
128,30,1,1402.0,960.0
128,30,2,1446.0,957.0
128,30,3,1446.0,982.0
128,10,0,1147.0,983.0
128,10,1,1158.0,961.0
128,10,2,1199.0,964.0
128,10,3,1190.0,988.0
128,6,0,1106.0,946.0
128,6,1,1118.0,926.0
128,6,2,1154.0,928.0
128,6,3,1145.0,949.0
128,21,0,1288.0,918.0
128,21,1,1291.0,898.0
128,21,2,1330.0,896.0
128,21,3,1327.0,916.0
128,1,0,1071.0,915.0
128,1,1,1082.0,897.0
128,1,2,1116.0,897.0
128,1,3,1107.0,915.0
128,17,0,1240.0,890.0
128,17,1,1247.0,872.0
128,17,2,1280.0,871.0
128,17,3,1277.0,888.0
128,32,0,1401.0,858.0
128,32,1,1401.0,842.0
128,32,2,1436.0,839.0
128,32,3,1437.0,856.0
128,37,0,1457.0,881.0
128,37,1,1456.0,865.0
128,37,2,1491.0,861.0
128,37,3,1493.0,876.0
128,22,0,1299.0,861.0
128,22,1,1304.0,845.0
128,22,2,1336.0,843.0
128,22,3,1334.0,859.0
128,2,0,1103.0,863.0
128,2,1,1111.0,848.0
128,2,2,1143.0,848.0
128,2,3,1135.0,863.0
128,18,0,1255.0,839.0
128,18,1,1259.0,824.0
128,18,2,1292.0,823.0
128,18,3,1288.0,838.0
128,38,0,1451.0,830.0
128,38,1,1448.0,815.0
128,38,2,1481.0,814.0
128,38,3,1484.0,829.0
128,8,0,1162.0,840.0
128,8,1,1169.0,826.0
128,8,2,1198.0,825.0
128,8,3,1192.0,839.0
128,33,0,1401.0,811.0
128,33,1,1400.0,797.0
128,33,2,1431.0,796.0
128,33,3,1432.0,809.0
128,23,0,1308.0,815.0
128,23,1,1310.0,802.0
128,23,2,1341.0,800.0
128,23,3,1339.0,813.0
128,13,0,1216.0,817.0
128,13,1,1222.0,805.0
128,13,2,1251.0,804.0
128,13,3,1247.0,817.0
128,24,0,1315.0,776.0
128,24,1,1318.0,765.0
128,24,2,1344.0,764.0
128,24,3,1343.0,774.0
128,3,0,1129.0,820.0
128,3,1,1136.0,808.0
128,3,2,1164.0,807.0
128,3,3,1158.0,819.0
128,4,0,1151.0,783.0
128,4,1,1156.0,772.0
128,4,2,1182.0,771.0
128,4,3,1177.0,782.0
128,7,0,1137.0,889.0
128,7,1,1145.0,872.0
128,7,2,1179.0,872.0
128,7,3,1172.0,889.0
128,9,0,1181.0,800.0
128,9,1,1187.0,788.0
128,9,2,1215.0,787.0
128,9,3,1211.0,799.0
128,11,0,1176.0,919.0
128,11,1,1184.0,899.0
128,11,2,1221.0,900.0
128,11,3,1214.0,919.0
128,12,0,1198.0,863.0
128,12,1,1205.0,847.0
128,12,2,1238.0,847.0
128,12,3,1233.0,863.0
128,15,0,1195.0,1029.0
128,15,1,1203.0,1003.0
128,15,2,1248.0,1002.0
128,15,3,1242.0,1030.0
128,16,0,1221.0,952.0
128,16,1,1228.0,930.0
128,16,2,1267.0,929.0
128,16,3,1261.0,952.0
128,19,0,1267.0,797.0
128,19,1,1272.0,785.0
128,19,2,1299.0,783.0
128,19,3,1295.0,796.0
128,26,0,1341.0,949.0
128,26,1,1343.0,929.0
128,26,2,1384.0,926.0
128,26,3,1383.0,947.0
128,27,0,1349.0,886.0
128,27,1,1349.0,870.0
128,27,2,1385.0,867.0
128,27,3,1385.0,885.0
128,28,0,1352.0,834.0
128,28,1,1353.0,820.0
128,28,2,1386.0,819.0
128,28,3,1386.0,834.0
128,29,0,1355.0,792.0
128,29,1,1357.0,780.0
128,29,2,1386.0,779.0
128,29,3,1385.0,791.0
128,31,0,1402.0,914.0
128,31,1,1403.0,895.0
128,31,2,1441.0,894.0
128,31,3,1442.0,911.0
128,35,0,1470.0,1025.0
128,35,1,1469.0,995.0
128,35,2,1515.0,994.0
128,35,3,1518.0,1026.0
128,36,0,1464.0,942.0
128,36,1,1462.0,920.0
128,36,2,1502.0,916.0
128,36,3,1505.0,939.0
129,35,0,1393.0,1081.0
129,35,1,1386.0,1049.0
129,35,2,1427.0,1039.0
129,35,3,1436.0,1072.0
129,25,0,1270.0,1108.0
129,25,1,1267.0,1076.0
129,25,2,1308.0,1067.0
129,25,3,1311.0,1099.0
129,15,0,1147.0,1127.0
129,15,1,1150.0,1096.0
129,15,2,1191.0,1091.0
129,15,3,1190.0,1122.0
129,5,0,1031.0,1137.0
129,5,1,1037.0,1106.0
129,5,2,1076.0,1103.0
129,5,3,1071.0,1133.0
129,30,0,1324.0,1049.0
129,30,1,1321.0,1022.0
129,30,2,1360.0,1012.0
129,30,3,1365.0,1040.0
129,20,0,1209.0,1074.0
129,20,1,1209.0,1045.0
129,20,2,1248.0,1037.0
129,20,3,1249.0,1065.0
129,10,0,1095.0,1089.0
129,10,1,1099.0,1061.0
129,10,2,1138.0,1058.0
129,10,3,1134.0,1085.0
129,36,0,1375.0,994.0
129,36,1,1369.0,969.0
129,36,2,1405.0,958.0
129,36,3,1412.0,984.0
129,26,0,1264.0,1021.0
129,26,1,1263.0,994.0
129,26,2,1299.0,988.0
129,26,3,1302.0,1013.0
129,16,0,1155.0,1042.0
129,16,1,1157.0,1016.0
129,16,2,1193.0,1010.0
129,16,3,1192.0,1036.0
129,6,0,1049.0,1055.0
129,6,1,1054.0,1030.0
129,6,2,1089.0,1026.0
129,6,3,1085.0,1051.0
129,31,0,1313.0,972.0
129,31,1,1310.0,949.0
129,31,2,1345.0,941.0
129,31,3,1350.0,963.0
129,21,0,1209.0,994.0
129,21,1,1209.0,970.0
129,21,2,1244.0,963.0
129,21,3,1244.0,987.0
129,11,0,1107.0,1012.0
129,11,1,1109.0,988.0
129,11,2,1144.0,983.0
129,11,3,1142.0,1007.0
129,27,0,1258.0,949.0
129,27,1,1257.0,927.0
129,27,2,1290.0,921.0
129,27,3,1293.0,942.0
129,1,0,1009.0,1024.0
129,1,1,1016.0,1002.0
129,1,2,1047.0,997.0
129,1,3,1042.0,1021.0
129,17,0,1160.0,970.0
129,17,1,1161.0,948.0
129,17,2,1194.0,942.0
129,17,3,1193.0,963.0
129,37,0,1360.0,926.0
129,37,1,1354.0,907.0
129,37,2,1386.0,896.0
129,37,3,1392.0,914.0
129,7,0,1064.0,984.0
129,7,1,1068.0,964.0
129,7,2,1098.0,958.0
129,7,3,1095.0,980.0
129,32,0,1303.0,906.0
129,32,1,1300.0,887.0
129,32,2,1332.0,880.0
129,32,3,1336.0,899.0
129,22,0,1208.0,928.0
129,22,1,1208.0,908.0
129,22,2,1239.0,902.0
129,22,3,1241.0,920.0
129,2,0,1025.0,960.0
129,2,1,1030.0,941.0
129,2,2,1060.0,936.0
129,2,3,1056.0,956.0
129,18,0,1163.0,908.0
129,18,1,1164.0,890.0
129,18,2,1194.0,885.0
129,18,3,1194.0,902.0
129,28,0,1253.0,888.0
129,28,1,1253.0,870.0
129,28,2,1282.0,864.0
129,28,3,1283.0,882.0
129,38,0,1344.0,866.0
129,38,1,1341.0,848.0
129,38,2,1370.0,843.0
129,38,3,1374.0,860.0
129,8,0,1075.0,923.0
129,8,1,1079.0,905.0
129,8,2,1107.0,900.0
129,8,3,1104.0,918.0
129,23,0,1207.0,872.0
129,23,1,1208.0,855.0
129,23,2,1235.0,848.0
129,23,3,1236.0,865.0
129,33,0,1293.0,851.0
129,33,1,1291.0,835.0
129,33,2,1320.0,829.0
129,33,3,1322.0,845.0
129,13,0,1121.0,888.0
129,13,1,1124.0,872.0
129,13,2,1151.0,867.0
129,13,3,1150.0,884.0
129,19,0,1165.0,856.0
129,19,1,1166.0,841.0
129,19,2,1193.0,835.0
129,19,3,1193.0,850.0
129,29,0,1248.0,837.0
129,29,1,1247.0,821.0
129,29,2,1274.0,816.0
129,29,3,1275.0,831.0
129,9,0,1084.0,871.0
129,9,1,1087.0,856.0
129,9,2,1113.0,851.0
129,9,3,1111.0,867.0
129,24,0,1205.0,824.0
129,24,1,1205.0,810.0
129,24,2,1231.0,804.0
129,24,3,1232.0,817.0
129,3,0,1039.0,904.0
129,3,1,1043.0,889.0
129,3,2,1070.0,883.0
129,3,3,1067.0,899.0
129,4,0,1051.0,856.0
129,4,1,1056.0,842.0
129,4,2,1079.0,838.0
129,4,3,1076.0,851.0
129,12,0,1115.0,944.0
129,12,1,1117.0,925.0
129,12,2,1148.0,920.0
129,12,3,1147.0,940.0
129,14,0,1127.0,840.0
129,14,1,1128.0,826.0
129,14,2,1154.0,821.0
129,14,3,1153.0,836.0
129,34,0,1284.0,803.0
129,34,1,1282.0,790.0
129,34,2,1308.0,783.0
129,34,3,1310.0,797.0
129,39,0,1330.0,815.0
129,39,1,1326.0,800.0
129,39,2,1354.0,793.0
129,39,3,1359.0,808.0
130,34,0,1020.0,276.0
130,34,1,1000.0,258.0
130,34,2,1028.0,240.0
130,34,3,1048.0,259.0
130,39,0,1090.0,274.0
130,39,1,1072.0,256.0
130,39,2,1101.0,238.0
130,39,3,1118.0,256.0
130,24,0,943.0,328.0
130,24,1,922.0,312.0
130,24,2,949.0,295.0
130,24,3,970.0,311.0
130,29,0,1012.0,326.0
130,29,1,993.0,310.0
130,29,2,1020.0,293.0
130,29,3,1039.0,310.0
130,33,0,1079.0,325.0
130,33,1,1061.0,310.0
130,33,2,1088.0,291.0
130,33,3,1105.0,308.0
130,14,0,876.0,383.0
130,14,1,854.0,369.0
130,14,2,876.0,351.0
130,14,3,899.0,366.0
130,19,0,941.0,376.0
130,19,1,921.0,362.0
130,19,2,945.0,344.0
130,19,3,965.0,358.0
130,38,0,1141.0,322.0
130,38,1,1127.0,306.0
130,38,2,1153.0,289.0
130,38,3,1168.0,305.0
130,23,0,1007.0,370.0
130,23,1,987.0,357.0
130,23,2,1009.0,342.0
130,23,3,1030.0,355.0
130,32,0,1128.0,367.0
130,32,1,1113.0,354.0
130,32,2,1138.0,337.0
130,32,3,1153.0,352.0
130,13,0,940.0,418.0
130,13,1,919.0,406.0
130,13,2,941.0,391.0
130,13,3,961.0,403.0
130,4,0,815.0,426.0
130,4,1,792.0,415.0
130,4,2,812.0,401.0
130,4,3,835.0,412.0
130,18,0,1000.0,413.0
130,18,1,982.0,400.0
130,18,2,1004.0,384.0
130,18,3,1022.0,397.0
130,37,0,1186.0,364.0
130,37,1,1173.0,350.0
130,37,2,1197.0,336.0
130,37,3,1210.0,352.0
130,3,0,878.0,457.0
130,3,1,857.0,447.0
130,3,2,877.0,434.0
130,3,3,898.0,445.0
130,22,0,1060.0,407.0
130,22,1,1042.0,396.0
130,22,2,1065.0,382.0
130,22,3,1081.0,393.0
130,8,0,937.0,454.0
130,8,1,917.0,444.0
130,8,2,938.0,431.0
130,8,3,956.0,441.0
130,21,0,1104.0,441.0
130,21,1,1089.0,430.0
130,21,2,1112.0,417.0
130,21,3,1126.0,427.0
130,2,0,933.0,486.0
130,2,1,915.0,477.0
130,2,2,934.0,465.0
130,2,3,953.0,474.0
130,17,0,1050.0,445.0
130,17,1,1034.0,435.0
130,17,2,1055.0,421.0
130,17,3,1070.0,430.0
130,7,0,989.0,482.0
130,7,1,972.0,473.0
130,7,2,992.0,461.0
130,7,3,1008.0,470.0
130,11,0,1041.0,478.0
130,11,1,1027.0,470.0
130,11,2,1047.0,457.0
130,11,3,1061.0,466.0
130,26,0,1158.0,437.0
130,26,1,1144.0,427.0
130,26,2,1165.0,416.0
130,26,3,1177.0,425.0
130,16,0,1094.0,474.0
130,16,1,1080.0,465.0
130,16,2,1100.0,453.0
130,16,3,1113.0,462.0
130,1,0,984.0,511.0
130,1,1,968.0,503.0
130,1,2,986.0,493.0
130,1,3,1002.0,501.0
130,30,0,1208.0,435.0
130,30,1,1196.0,426.0
130,30,2,1217.0,415.0
130,30,3,1228.0,424.0
130,20,0,1144.0,471.0
130,20,1,1132.0,462.0
130,20,2,1151.0,450.0
130,20,3,1163.0,459.0
130,0,0,1028.0,535.0
130,0,1,1014.0,528.0
130,0,2,1032.0,519.0
130,0,3,1045.0,526.0
130,6,0,1035.0,508.0
130,6,1,1019.0,500.0
130,6,2,1038.0,489.0
130,6,3,1052.0,497.0
130,9,0,876.0,423.0
130,9,1,856.0,412.0
130,9,2,876.0,396.0
130,9,3,898.0,407.0
130,10,0,1085.0,505.0
130,10,1,1072.0,498.0
130,10,2,1089.0,486.0
130,10,3,1102.0,494.0
130,12,0,995.0,450.0
130,12,1,976.0,440.0
130,12,2,997.0,426.0
130,12,3,1015.0,436.0
130,27,0,1117.0,405.0
130,27,1,1102.0,395.0
130,27,2,1125.0,381.0
130,27,3,1139.0,392.0
130,28,0,1070.0,368.0
130,28,1,1052.0,356.0
130,28,2,1077.0,340.0
130,28,3,1093.0,353.0
130,31,0,1170.0,404.0
130,31,1,1159.0,392.0
130,31,2,1181.0,379.0
130,31,3,1193.0,391.0
130,35,0,1256.0,433.0
130,35,1,1246.0,425.0
130,35,2,1267.0,414.0
130,35,3,1276.0,424.0
130,36,0,1224.0,403.0
130,36,1,1213.0,390.0
130,36,2,1235.0,378.0
130,36,3,1246.0,391.0
131,31,0,1255.0,640.0
131,31,1,1236.0,615.0
131,31,2,1261.0,595.0
131,31,3,1281.0,620.0
131,38,0,1203.0,501.0
131,38,1,1184.0,476.0
131,38,2,1208.0,456.0
131,38,3,1229.0,480.0
131,36,0,1319.0,648.0
131,36,1,1301.0,622.0
131,36,2,1325.0,603.0
131,36,3,1345.0,629.0
131,37,0,1263.0,575.0
131,37,1,1244.0,548.0
131,37,2,1269.0,530.0
131,37,3,1288.0,555.0
131,27,0,1193.0,631.0
131,27,1,1173.0,606.0
131,27,2,1197.0,587.0
131,27,3,1217.0,612.0
131,30,0,1310.0,711.0
131,30,1,1292.0,686.0
131,30,2,1317.0,668.0
131,30,3,1336.0,693.0
131,32,0,1198.0,567.0
131,32,1,1179.0,541.0
131,32,2,1204.0,523.0
131,32,3,1222.0,548.0
131,26,0,1248.0,702.0
131,26,1,1229.0,678.0
131,26,2,1254.0,659.0
131,26,3,1273.0,684.0
131,33,0,1139.0,495.0
131,33,1,1120.0,470.0
131,33,2,1143.0,451.0
131,33,3,1163.0,476.0
131,35,0,1372.0,720.0
131,35,1,1355.0,695.0
131,35,2,1381.0,677.0
131,35,3,1398.0,702.0
131,39,0,1144.0,430.0
131,39,1,1124.0,405.0
131,39,2,1147.0,386.0
131,39,3,1167.0,410.0
131,21,0,1186.0,693.0
131,21,1,1167.0,668.0
131,21,2,1191.0,650.0
131,21,3,1210.0,675.0
131,28,0,1135.0,559.0
131,28,1,1116.0,535.0
131,28,2,1139.0,516.0
131,28,3,1159.0,540.0
131,29,0,1077.0,489.0
131,29,1,1058.0,465.0
131,29,2,1080.0,445.0
131,29,3,1100.0,469.0
131,22,0,1130.0,622.0
131,22,1,1112.0,597.0
131,22,2,1134.0,579.0
131,22,3,1154.0,604.0
131,23,0,1074.0,553.0
131,23,1,1055.0,528.0
131,23,2,1077.0,509.0
131,23,3,1096.0,534.0
131,18,0,1070.0,615.0
131,18,1,1050.0,591.0
131,18,2,1073.0,572.0
131,18,3,1092.0,596.0
131,34,0,1080.0,425.0
131,34,1,1061.0,402.0
131,34,2,1083.0,382.0
131,34,3,1103.0,405.0
131,20,0,1239.0,762.0
131,20,1,1221.0,738.0
131,20,2,1246.0,721.0
131,20,3,1264.0,745.0
131,16,0,1178.0,753.0
131,16,1,1160.0,728.0
131,16,2,1184.0,712.0
131,16,3,1203.0,735.0
131,17,0,1125.0,684.0
131,17,1,1106.0,659.0
131,17,2,1129.0,642.0
131,17,3,1148.0,666.0
131,12,0,1064.0,675.0
131,12,1,1045.0,652.0
131,12,2,1068.0,633.0
131,12,3,1087.0,658.0
131,25,0,1300.0,771.0
131,25,1,1283.0,747.0
131,25,2,1308.0,730.0
131,25,3,1325.0,755.0
131,19,0,1013.0,546.0
131,19,1,995.0,523.0
131,19,2,1017.0,504.0
131,19,3,1037.0,527.0
131,24,0,1017.0,484.0
131,24,1,999.0,461.0
131,24,2,1020.0,441.0
131,24,3,1040.0,464.0
131,15,0,1230.0,821.0
131,15,1,1212.0,797.0
131,15,2,1237.0,781.0
131,15,3,1254.0,804.0
131,13,0,1009.0,607.0
131,13,1,991.0,584.0
131,13,2,1012.0,565.0
131,13,3,1031.0,589.0
131,11,0,1118.0,743.0
131,11,1,1100.0,719.0
131,11,2,1123.0,703.0
131,11,3,1141.0,727.0
131,10,0,1170.0,811.0
131,10,1,1153.0,787.0
131,10,2,1176.0,771.0
131,10,3,1193.0,795.0
131,8,0,1007.0,667.0
131,8,1,988.0,643.0
131,8,2,1009.0,626.0
131,8,3,1027.0,650.0
131,14,0,956.0,541.0
131,14,1,938.0,517.0
131,14,2,959.0,499.0
131,14,3,976.0,522.0
131,7,0,1059.0,733.0
131,7,1,1041.0,710.0
131,7,2,1063.0,694.0
131,7,3,1081.0,718.0
131,9,0,953.0,600.0
131,9,1,935.0,578.0
131,9,2,955.0,559.0
131,9,3,973.0,582.0
131,6,0,1111.0,799.0
131,6,1,1094.0,776.0
131,6,2,1117.0,761.0
131,6,3,1134.0,784.0
131,1,0,1055.0,789.0
131,1,1,1037.0,766.0
131,1,2,1058.0,751.0
131,1,3,1076.0,774.0
131,2,0,1003.0,723.0
131,2,1,985.0,700.0
131,2,2,1005.0,684.0
131,2,3,1023.0,708.0
131,5,0,1161.0,864.0
131,5,1,1145.0,842.0
131,5,2,1168.0,828.0
131,5,3,1184.0,851.0
131,3,0,952.0,657.0
131,3,1,934.0,635.0
131,3,2,952.0,618.0
131,3,3,971.0,641.0
131,0,0,1104.0,852.0
131,0,1,1088.0,831.0
131,0,2,1110.0,817.0
131,0,3,1126.0,840.0
131,4,0,900.0,592.0
131,4,1,884.0,570.0
131,4,2,902.0,554.0
131,4,3,918.0,576.0
132,35,0,1392.0,1084.0
132,35,1,1385.0,1052.0
132,35,2,1426.0,1041.0
132,35,3,1434.0,1075.0
132,25,0,1269.0,1111.0
132,25,1,1267.0,1078.0
132,25,2,1308.0,1069.0
132,25,3,1311.0,1102.0
132,15,0,1148.0,1130.0
132,15,1,1151.0,1099.0
132,15,2,1191.0,1094.0
132,15,3,1190.0,1126.0
132,5,0,1032.0,1140.0
132,5,1,1038.0,1109.0
132,5,2,1077.0,1106.0
132,5,3,1071.0,1137.0
132,30,0,1324.0,1052.0
132,30,1,1320.0,1024.0
132,30,2,1359.0,1014.0
132,30,3,1365.0,1042.0
132,20,0,1209.0,1077.0
132,20,1,1210.0,1047.0
132,20,2,1248.0,1040.0
132,20,3,1249.0,1068.0
132,10,0,1095.0,1091.0
132,10,1,1100.0,1063.0
132,10,2,1138.0,1060.0
132,10,3,1135.0,1088.0
132,36,0,1374.0,996.0
132,36,1,1368.0,971.0
132,36,2,1405.0,960.0
132,36,3,1412.0,986.0
132,26,0,1263.0,1022.0
132,26,1,1262.0,996.0
132,26,2,1299.0,990.0
132,26,3,1302.0,1015.0
132,0,0,989.0,1101.0
132,0,1,996.0,1074.0
132,0,2,1032.0,1071.0
132,0,3,1025.0,1098.0
132,16,0,1155.0,1044.0
132,16,1,1158.0,1017.0
132,16,2,1193.0,1012.0
132,16,3,1192.0,1038.0
132,6,0,1050.0,1057.0
132,6,1,1055.0,1032.0
132,6,2,1090.0,1027.0
132,6,3,1086.0,1053.0
132,21,0,1209.0,996.0
132,21,1,1209.0,972.0
132,21,2,1243.0,964.0
132,21,3,1244.0,989.0
132,31,0,1313.0,974.0
132,31,1,1310.0,950.0
132,31,2,1345.0,942.0
132,31,3,1348.0,965.0
132,11,0,1107.0,1013.0
132,11,1,1110.0,989.0
132,11,2,1144.0,984.0
132,11,3,1142.0,1008.0
132,1,0,1010.0,1027.0
132,1,1,1016.0,1004.0
132,1,2,1047.0,999.0
132,1,3,1042.0,1023.0
132,27,0,1258.0,950.0
132,27,1,1257.0,928.0
132,27,2,1290.0,922.0
132,27,3,1292.0,943.0
132,17,0,1159.0,970.0
132,17,1,1161.0,949.0
132,17,2,1193.0,942.0
132,17,3,1193.0,964.0
132,37,0,1358.0,927.0
132,37,1,1353.0,906.0
132,37,2,1385.0,896.0
132,37,3,1391.0,915.0
132,7,0,1064.0,986.0
132,7,1,1069.0,964.0
132,7,2,1099.0,959.0
132,7,3,1096.0,981.0
132,32,0,1303.0,907.0
132,32,1,1300.0,888.0
132,32,2,1331.0,880.0
132,32,3,1335.0,900.0
132,22,0,1208.0,929.0
132,22,1,1209.0,908.0
132,22,2,1239.0,902.0
132,22,3,1240.0,921.0
132,12,0,1115.0,946.0
132,12,1,1118.0,925.0
132,12,2,1148.0,921.0
132,12,3,1146.0,941.0
132,2,0,1026.0,961.0
132,2,1,1030.0,942.0
132,2,2,1060.0,937.0
132,2,3,1056.0,957.0
132,28,0,1252.0,889.0
132,28,1,1251.0,870.0
132,28,2,1281.0,864.0
132,28,3,1283.0,882.0
132,38,0,1343.0,866.0
132,38,1,1339.0,848.0
132,38,2,1369.0,842.0
132,38,3,1373.0,860.0
132,18,0,1162.0,907.0
132,18,1,1163.0,890.0
132,18,2,1193.0,884.0
132,18,3,1193.0,903.0
132,8,0,1075.0,924.0
132,8,1,1078.0,906.0
132,8,2,1107.0,900.0
132,8,3,1104.0,919.0
132,33,0,1293.0,851.0
132,33,1,1290.0,834.0
132,33,2,1319.0,828.0
132,33,3,1322.0,844.0
132,23,0,1206.0,871.0
132,23,1,1206.0,855.0
132,23,2,1234.0,848.0
132,23,3,1235.0,865.0
132,13,0,1121.0,888.0
132,13,1,1123.0,872.0
132,13,2,1151.0,866.0
132,13,3,1150.0,883.0
132,3,0,1039.0,905.0
132,3,1,1043.0,888.0
132,3,2,1070.0,882.0
132,3,3,1067.0,899.0
132,19,0,1164.0,855.0
132,19,1,1165.0,840.0
132,19,2,1192.0,834.0
132,19,3,1192.0,850.0
132,29,0,1247.0,836.0
132,29,1,1245.0,821.0
132,29,2,1272.0,814.0
132,29,3,1274.0,830.0
132,34,0,1284.0,803.0
132,34,1,1282.0,788.0
132,34,2,1307.0,781.0
132,34,3,1310.0,795.0
132,14,0,1126.0,840.0
132,14,1,1128.0,825.0
132,14,2,1153.0,820.0
132,14,3,1152.0,835.0
132,24,0,1204.0,822.0
132,24,1,1204.0,809.0
132,24,2,1230.0,802.0
132,24,3,1231.0,816.0
132,4,0,1051.0,856.0
132,4,1,1054.0,842.0
132,4,2,1078.0,836.0
132,4,3,1075.0,851.0
132,9,0,1084.0,871.0
132,9,1,1086.0,856.0
132,9,2,1113.0,851.0
132,9,3,1111.0,866.0
132,39,0,1330.0,815.0
132,39,1,1326.0,799.0
132,39,2,1352.0,791.0
132,39,3,1358.0,807.0
133,34,0,942.0,293.0
133,34,1,917.0,278.0
133,34,2,940.0,258.0
133,34,3,966.0,272.0
133,39,0,1011.0,285.0
133,39,1,989.0,270.0
133,39,2,1015.0,250.0
133,39,3,1036.0,266.0
133,24,0,877.0,346.0
133,24,1,851.0,334.0
133,24,2,873.0,315.0
133,24,3,897.0,328.0
133,33,0,1008.0,334.0
133,33,1,988.0,321.0
133,33,2,1012.0,301.0
133,33,3,1033.0,315.0
133,29,0,944.0,340.0
133,29,1,920.0,327.0
133,29,2,941.0,309.0
133,29,3,966.0,322.0
133,38,0,1073.0,327.0
133,38,1,1055.0,313.0
133,38,2,1080.0,294.0
133,38,3,1098.0,309.0
133,19,0,882.0,391.0
133,19,1,859.0,381.0
133,19,2,878.0,361.0
133,19,3,901.0,372.0
133,14,0,819.0,401.0
133,14,1,794.0,390.0
133,14,2,811.0,373.0
133,14,3,837.0,383.0
133,28,0,1008.0,376.0
133,28,1,987.0,364.0
133,28,2,1010.0,349.0
133,28,3,1029.0,362.0
133,32,0,1070.0,371.0
133,32,1,1050.0,359.0
133,32,2,1071.0,343.0
133,32,3,1091.0,354.0
133,23,0,946.0,381.0
133,23,1,923.0,370.0
133,23,2,943.0,355.0
133,23,3,965.0,366.0
133,9,0,827.0,438.0
133,9,1,803.0,429.0
133,9,2,821.0,414.0
133,9,3,844.0,423.0
133,13,0,888.0,430.0
133,13,1,865.0,421.0
133,13,2,884.0,405.0
133,13,3,905.0,415.0
133,37,0,1127.0,364.0
133,37,1,1112.0,352.0
133,37,2,1135.0,337.0
133,37,3,1151.0,351.0
133,22,0,1006.0,413.0
133,22,1,986.0,403.0
133,22,2,1006.0,389.0
133,22,3,1026.0,400.0
133,4,0,768.0,444.0
133,4,1,744.0,435.0
133,4,2,760.0,422.0
133,4,3,784.0,431.0
133,8,0,891.0,464.0
133,8,1,870.0,456.0
133,8,2,887.0,443.0
133,8,3,909.0,451.0
133,27,0,1064.0,408.0
133,27,1,1046.0,399.0
133,27,2,1067.0,385.0
133,27,3,1084.0,395.0
133,31,0,1120.0,404.0
133,31,1,1105.0,395.0
133,31,2,1125.0,379.0
133,31,3,1141.0,390.0
133,3,0,834.0,470.0
133,3,1,813.0,462.0
133,3,2,829.0,449.0
133,3,3,851.0,458.0
133,21,0,1059.0,443.0
133,21,1,1041.0,434.0
133,21,2,1060.0,420.0
133,21,3,1078.0,429.0
133,17,0,1003.0,450.0
133,17,1,986.0,441.0
133,17,2,1004.0,427.0
133,17,3,1022.0,436.0
133,2,0,895.0,494.0
133,2,1,875.0,486.0
133,2,2,890.0,474.0
133,2,3,911.0,482.0
133,26,0,1112.0,437.0
133,26,1,1097.0,428.0
133,26,2,1116.0,416.0
133,26,3,1131.0,424.0
133,30,0,1164.0,432.0
133,30,1,1151.0,424.0
133,30,2,1169.0,412.0
133,30,3,1184.0,420.0
133,1,0,950.0,515.0
133,1,1,932.0,509.0
133,1,2,947.0,499.0
133,1,3,964.0,505.0
133,10,0,1050.0,505.0
133,10,1,1035.0,498.0
133,10,2,1052.0,486.0
133,10,3,1066.0,494.0
133,0,0,998.0,536.0
133,0,1,983.0,530.0
133,0,2,999.0,520.0
133,0,3,1014.0,527.0
133,5,0,1047.0,531.0
133,5,1,1032.0,526.0
133,5,2,1047.0,516.0
133,5,3,1061.0,522.0
133,6,0,1000.0,510.0
133,6,1,984.0,504.0
133,6,2,1000.0,492.0
133,6,3,1016.0,499.0
133,7,0,947.0,488.0
133,7,1,929.0,480.0
133,7,2,947.0,468.0
133,7,3,966.0,475.0
133,11,0,1002.0,481.0
133,11,1,985.0,474.0
133,11,2,1001.0,462.0
133,11,3,1018.0,469.0
133,12,0,949.0,457.0
133,12,1,928.0,449.0
133,12,2,947.0,434.0
133,12,3,965.0,443.0
133,16,0,1054.0,475.0
133,16,1,1038.0,467.0
133,16,2,1055.0,455.0
133,16,3,1071.0,462.0
133,18,0,946.0,422.0
133,18,1,926.0,412.0
133,18,2,944.0,395.0
133,18,3,966.0,405.0
133,20,0,1105.0,469.0
133,20,1,1091.0,461.0
133,20,2,1109.0,449.0
133,20,3,1123.0,458.0
133,25,0,1155.0,464.0
133,25,1,1142.0,456.0
133,25,2,1159.0,444.0
133,25,3,1173.0,452.0
133,36,0,1176.0,399.0
133,36,1,1161.0,390.0
133,36,2,1180.0,376.0
133,36,3,1196.0,386.0
134,11,0,1159.0,646.0
134,11,1,1144.0,607.0
134,11,2,1182.0,594.0
134,11,3,1196.0,632.0
134,21,0,1265.0,606.0
134,21,1,1252.0,567.0
134,21,2,1289.0,554.0
134,21,3,1303.0,592.0
134,16,0,1232.0,681.0
134,16,1,1217.0,642.0
134,16,2,1255.0,629.0
134,16,3,1268.0,667.0
134,26,0,1337.0,642.0
134,26,1,1324.0,603.0
134,26,2,1360.0,589.0
134,26,3,1374.0,628.0
134,17,0,1192.0,571.0
134,17,1,1178.0,533.0
134,17,2,1216.0,520.0
134,17,3,1230.0,557.0
134,20,0,1302.0,716.0
134,20,1,1289.0,678.0
134,20,2,1327.0,664.0
134,20,3,1339.0,703.0
134,10,0,1195.0,754.0
134,10,1,1182.0,716.0
134,10,2,1220.0,703.0
134,10,3,1233.0,741.0
134,7,0,1085.0,611.0
134,7,1,1071.0,574.0
134,7,2,1108.0,559.0
134,7,3,1122.0,598.0
134,12,0,1118.0,537.0
134,12,1,1104.0,499.0
134,12,2,1141.0,485.0
134,12,3,1155.0,523.0
134,36,0,1441.0,603.0
134,36,1,1428.0,564.0
134,36,2,1465.0,551.0
134,36,3,1478.0,589.0
134,31,0,1371.0,567.0
134,31,1,1357.0,528.0
134,31,2,1394.0,515.0
134,31,3,1407.0,554.0
134,6,0,1123.0,718.0
134,6,1,1110.0,680.0
134,6,2,1148.0,668.0
134,6,3,1161.0,706.0
134,30,0,1406.0,677.0
134,30,1,1394.0,639.0
134,30,2,1431.0,625.0
134,30,3,1443.0,664.0
134,22,0,1225.0,496.0
134,22,1,1211.0,458.0
134,22,2,1248.0,445.0
134,22,3,1262.0,483.0
134,15,0,1266.0,789.0
134,15,1,1253.0,752.0
134,15,2,1290.0,737.0
134,15,3,1303.0,775.0
134,27,0,1298.0,531.0
134,27,1,1285.0,492.0
134,27,2,1321.0,480.0
134,27,3,1335.0,518.0
134,1,0,1052.0,683.0
134,1,1,1038.0,646.0
134,1,2,1075.0,633.0
134,1,3,1089.0,671.0
134,18,0,1151.0,463.0
134,18,1,1136.0,426.0
134,18,2,1173.0,412.0
134,18,3,1187.0,449.0
134,25,0,1370.0,750.0
134,25,1,1359.0,712.0
134,25,2,1396.0,699.0
134,25,3,1407.0,737.0
134,2,0,1013.0,577.0
134,2,1,1000.0,540.0
134,2,2,1036.0,526.0
134,2,3,1050.0,563.0
134,0,0,1089.0,788.0
134,0,1,1076.0,751.0
134,0,2,1113.0,739.0
134,0,3,1126.0,777.0
134,8,0,1045.0,504.0
134,8,1,1031.0,468.0
134,8,2,1067.0,453.0
134,8,3,1081.0,490.0
134,37,0,1404.0,492.0
134,37,1,1389.0,454.0
134,37,2,1424.0,441.0
134,37,3,1439.0,478.0
134,5,0,1159.0,823.0
134,5,1,1146.0,787.0
134,5,2,1184.0,775.0
134,5,3,1196.0,812.0
134,28,0,1257.0,422.0
134,28,1,1242.0,385.0
134,28,2,1276.0,372.0
134,28,3,1292.0,409.0
134,35,0,1473.0,712.0
134,35,1,1462.0,675.0
134,35,2,1499.0,661.0
134,35,3,1508.0,698.0
134,32,0,1330.0,456.0
134,32,1,1316.0,419.0
134,32,2,1351.0,406.0
134,32,3,1365.0,443.0
134,23,0,1182.0,389.0
134,23,1,1167.0,354.0
134,23,2,1203.0,340.0
134,23,3,1218.0,375.0
134,13,0,1076.0,430.0
134,13,1,1063.0,396.0
134,13,2,1099.0,381.0
134,13,3,1113.0,416.0
134,38,0,1360.0,383.0
134,38,1,1345.0,346.0
134,38,2,1378.0,334.0
134,38,3,1394.0,370.0
134,3,0,975.0,473.0
134,3,1,962.0,437.0
134,3,2,996.0,423.0
134,3,3,1010.0,458.0
134,9,0,1005.0,401.0
134,9,1,992.0,367.0
134,9,2,1026.0,352.0
134,9,3,1040.0,387.0
134,33,0,1285.0,349.0
134,33,1,1271.0,314.0
134,33,2,1305.0,302.0
134,33,3,1320.0,337.0
134,19,0,1108.0,358.0
134,19,1,1094.0,324.0
134,19,2,1128.0,310.0
134,19,3,1143.0,344.0
134,14,0,1035.0,330.0
134,14,1,1022.0,297.0
134,14,2,1056.0,283.0
134,14,3,1071.0,314.0
134,29,0,1212.0,317.0
134,29,1,1197.0,284.0
134,29,2,1231.0,271.0
134,29,3,1246.0,304.0
134,4,0,937.0,374.0
134,4,1,924.0,341.0
134,4,2,958.0,326.0
134,4,3,970.0,359.0
134,24,0,1137.0,287.0
134,24,1,1123.0,256.0
134,24,2,1157.0,242.0
134,24,3,1172.0,274.0
135,26,0,1635.0,596.0
135,26,1,1620.0,552.0
135,26,2,1658.0,534.0
135,26,3,1675.0,578.0
135,11,0,1445.0,609.0
135,11,1,1428.0,566.0
135,11,2,1468.0,548.0
135,11,3,1486.0,591.0
135,21,0,1557.0,559.0
135,21,1,1540.0,516.0
135,21,2,1580.0,498.0
135,21,3,1597.0,542.0
135,16,0,1524.0,645.0
135,16,1,1508.0,602.0
135,16,2,1549.0,584.0
135,16,3,1564.0,628.0
135,17,0,1476.0,524.0
135,17,1,1459.0,481.0
135,17,2,1498.0,463.0
135,17,3,1517.0,505.0
135,31,0,1666.0,509.0
135,31,1,1648.0,466.0
135,31,2,1686.0,447.0
135,31,3,1705.0,491.0
135,10,0,1487.0,728.0
135,10,1,1473.0,686.0
135,10,2,1514.0,669.0
135,10,3,1529.0,712.0
135,36,0,1744.0,547.0
135,36,1,1727.0,502.0
135,36,2,1765.0,484.0
135,36,3,1781.0,529.0
135,20,0,1601.0,682.0
135,20,1,1587.0,638.0
135,20,2,1626.0,621.0
135,20,3,1641.0,665.0
135,22,0,1505.0,438.0
135,22,1,1486.0,397.0
135,22,2,1525.0,378.0
135,22,3,1545.0,419.0
135,27,0,1587.0,473.0
135,27,1,1569.0,430.0
135,27,2,1607.0,412.0
135,27,3,1626.0,454.0
135,30,0,1710.0,633.0
135,30,1,1696.0,590.0
135,30,2,1735.0,572.0
135,30,3,1750.0,616.0
135,6,0,1411.0,691.0
135,6,1,1395.0,649.0
135,6,2,1436.0,632.0
135,6,3,1451.0,675.0
135,15,0,1563.0,766.0
135,15,1,1550.0,724.0
135,15,2,1592.0,707.0
135,15,3,1604.0,750.0
135,37,0,1693.0,422.0
135,37,1,1674.0,379.0
135,37,2,1711.0,361.0
135,37,3,1731.0,404.0
135,7,0,1365.0,573.0
135,7,1,1348.0,533.0
135,7,2,1387.0,514.0
135,7,3,1405.0,556.0
135,12,0,1395.0,490.0
135,12,1,1377.0,449.0
135,12,2,1417.0,431.0
135,12,3,1434.0,472.0
135,25,0,1675.0,719.0
135,25,1,1662.0,676.0
135,25,2,1702.0,659.0
135,25,3,1714.0,702.0
135,32,0,1612.0,387.0
135,32,1,1593.0,345.0
135,32,2,1629.0,327.0
135,32,3,1650.0,369.0
135,1,0,1334.0,655.0
135,1,1,1318.0,613.0
135,1,2,1357.0,597.0
135,1,3,1373.0,639.0
135,18,0,1423.0,406.0
135,18,1,1405.0,366.0
135,18,2,1442.0,348.0
135,18,3,1462.0,387.0
135,35,0,1782.0,671.0
135,35,1,1770.0,628.0
135,35,2,1807.0,610.0
135,35,3,1819.0,654.0
135,0,0,1375.0,768.0
135,0,1,1361.0,728.0
135,0,2,1401.0,713.0
135,0,3,1415.0,754.0
135,28,0,1531.0,353.0
135,28,1,1511.0,314.0
135,28,2,1547.0,296.0
135,28,3,1568.0,336.0
135,5,0,1450.0,805.0
135,5,1,1437.0,765.0
135,5,2,1477.0,751.0
135,5,3,1490.0,792.0
135,23,0,1448.0,323.0
135,23,1,1428.0,285.0
135,23,2,1464.0,266.0
135,23,3,1485.0,305.0
135,2,0,1287.0,540.0
135,2,1,1271.0,500.0
135,2,2,1308.0,483.0
135,2,3,1325.0,523.0
135,8,0,1316.0,459.0
135,8,1,1298.0,420.0
135,8,2,1334.0,401.0
135,8,3,1353.0,440.0
135,38,0,1635.0,303.0
135,38,1,1614.0,262.0
135,38,2,1648.0,246.0
135,38,3,1670.0,286.0
135,13,0,1342.0,377.0
135,13,1,1324.0,339.0
135,13,2,1360.0,320.0
135,13,3,1379.0,358.0
135,33,0,1552.0,271.0
135,33,1,1531.0,234.0
135,33,2,1565.0,216.0
135,33,3,1588.0,255.0
135,19,0,1367.0,296.0
135,19,1,1347.0,260.0
135,19,2,1382.0,241.0
135,19,3,1402.0,278.0
135,29,0,1470.0,242.0
135,29,1,1449.0,207.0
135,29,2,1483.0,189.0
135,29,3,1505.0,225.0
135,9,0,1263.0,351.0
135,9,1,1246.0,316.0
135,9,2,1280.0,296.0
135,9,3,1299.0,332.0
135,3,0,1239.0,430.0
135,3,1,1222.0,394.0
135,3,2,1257.0,375.0
135,3,3,1274.0,412.0
135,39,0,1571.0,192.0
135,39,1,1549.0,156.0
135,39,2,1581.0,140.0
135,39,3,1604.0,176.0
135,24,0,1388.0,217.0
135,24,1,1368.0,184.0
135,24,2,1401.0,165.0
135,24,3,1423.0,199.0
135,14,0,1287.0,272.0
135,14,1,1269.0,238.0
135,14,2,1302.0,220.0
135,14,3,1321.0,254.0
135,34,0,1489.0,165.0
135,34,1,1467.0,132.0
135,34,2,1500.0,116.0
135,34,3,1522.0,149.0
135,4,0,1189.0,328.0
135,4,1,1173.0,295.0
135,4,2,1205.0,277.0
135,4,3,1223.0,309.0
136,10,0,1174.0,746.0
136,10,1,1162.0,708.0
136,10,2,1200.0,695.0
136,10,3,1213.0,733.0
136,21,0,1245.0,600.0
136,21,1,1232.0,562.0
136,21,2,1269.0,548.0
136,21,3,1283.0,586.0
136,11,0,1138.0,638.0
136,11,1,1125.0,600.0
136,11,2,1163.0,587.0
136,11,3,1176.0,625.0
136,16,0,1210.0,673.0
136,16,1,1197.0,636.0
136,16,2,1235.0,622.0
136,16,3,1248.0,660.0
136,17,0,1172.0,565.0
136,17,1,1159.0,527.0
136,17,2,1196.0,514.0
136,17,3,1210.0,551.0
136,26,0,1317.0,636.0
136,26,1,1303.0,598.0
136,26,2,1340.0,584.0
136,26,3,1353.0,622.0
136,20,0,1281.0,709.0
136,20,1,1269.0,670.0
136,20,2,1306.0,658.0
136,20,3,1318.0,696.0
136,6,0,1103.0,710.0
136,6,1,1091.0,672.0
136,6,2,1128.0,660.0
136,6,3,1141.0,698.0
136,12,0,1100.0,531.0
136,12,1,1086.0,493.0
136,12,2,1123.0,480.0
136,12,3,1137.0,516.0
136,22,0,1206.0,491.0
136,22,1,1191.0,453.0
136,22,2,1227.0,440.0
136,22,3,1242.0,478.0
136,31,0,1350.0,562.0
136,31,1,1337.0,523.0
136,31,2,1372.0,510.0
136,31,3,1386.0,549.0
136,7,0,1066.0,603.0
136,7,1,1053.0,566.0
136,7,2,1090.0,553.0
136,7,3,1104.0,590.0
136,27,0,1278.0,526.0
136,27,1,1265.0,488.0
136,27,2,1300.0,475.0
136,27,3,1315.0,513.0
136,30,0,1384.0,671.0
136,30,1,1373.0,633.0
136,30,2,1410.0,620.0
136,30,3,1421.0,658.0
136,36,0,1420.0,598.0
136,36,1,1407.0,559.0
136,36,2,1443.0,546.0
136,36,3,1455.0,585.0
136,15,0,1245.0,781.0
136,15,1,1233.0,743.0
136,15,2,1270.0,730.0
136,15,3,1282.0,767.0
136,25,0,1349.0,743.0
136,25,1,1338.0,705.0
136,25,2,1374.0,692.0
136,25,3,1386.0,730.0
136,1,0,1033.0,675.0
136,1,1,1020.0,638.0
136,1,2,1056.0,625.0
136,1,3,1070.0,663.0
136,0,0,1069.0,780.0
136,0,1,1057.0,743.0
136,0,2,1094.0,731.0
136,0,3,1107.0,768.0
136,5,0,1139.0,815.0
136,5,1,1126.0,779.0
136,5,2,1165.0,767.0
136,5,3,1176.0,804.0
136,18,0,1133.0,458.0
136,18,1,1119.0,421.0
136,18,2,1155.0,408.0
136,18,3,1169.0,444.0
136,2,0,995.0,569.0
136,2,1,983.0,533.0
136,2,2,1018.0,519.0
136,2,3,1032.0,556.0
136,8,0,1028.0,498.0
136,8,1,1015.0,461.0
136,8,2,1051.0,448.0
136,8,3,1064.0,484.0
136,37,0,1382.0,488.0
136,37,1,1368.0,450.0
136,37,2,1403.0,438.0
136,37,3,1417.0,475.0
136,32,0,1310.0,453.0
136,32,1,1296.0,415.0
136,32,2,1330.0,403.0
136,32,3,1345.0,440.0
136,35,0,1451.0,706.0
136,35,1,1441.0,668.0
136,35,2,1477.0,655.0
136,35,3,1486.0,692.0
136,13,0,1060.0,426.0
136,13,1,1047.0,390.0
136,13,2,1082.0,377.0
136,13,3,1096.0,411.0
136,23,0,1164.0,385.0
136,23,1,1150.0,350.0
136,23,2,1185.0,337.0
136,23,3,1200.0,371.0
136,3,0,959.0,467.0
136,3,1,946.0,432.0
136,3,2,980.0,418.0
136,3,3,993.0,453.0
136,9,0,989.0,396.0
136,9,1,977.0,361.0
136,9,2,1011.0,348.0
136,9,3,1024.0,382.0
136,19,0,1091.0,354.0
136,19,1,1078.0,320.0
136,19,2,1112.0,307.0
136,19,3,1126.0,341.0
136,33,0,1267.0,347.0
136,33,1,1253.0,312.0
136,33,2,1286.0,301.0
136,33,3,1301.0,335.0
136,14,0,1020.0,326.0
136,14,1,1007.0,293.0
136,14,2,1041.0,280.0
136,14,3,1055.0,312.0
136,4,0,922.0,369.0
136,4,1,909.0,336.0
136,4,2,942.0,321.0
136,4,3,955.0,354.0
136,24,0,1121.0,285.0
136,24,1,1108.0,253.0
136,24,2,1141.0,241.0
136,24,3,1155.0,272.0
136,28,0,1237.0,418.0
136,28,1,1223.0,383.0
136,28,2,1258.0,370.0
136,28,3,1273.0,405.0
136,29,0,1195.0,315.0
136,29,1,1179.0,282.0
136,29,2,1213.0,270.0
136,29,3,1228.0,303.0
136,38,0,1340.0,380.0
136,38,1,1325.0,346.0
136,38,2,1358.0,333.0
136,38,3,1373.0,369.0
137,39,0,1086.0,298.0
137,39,1,1070.0,274.0
137,39,2,1096.0,262.0
137,39,3,1112.0,286.0
137,34,0,1023.0,282.0
137,34,1,1007.0,258.0
137,34,2,1031.0,246.0
137,34,3,1049.0,270.0
137,38,0,1132.0,364.0
137,38,1,1118.0,341.0
137,38,2,1143.0,330.0
137,38,3,1158.0,352.0
137,33,0,1072.0,348.0
137,33,1,1058.0,326.0
137,33,2,1082.0,314.0
137,33,3,1098.0,337.0
137,29,0,1015.0,332.0
137,29,1,998.0,309.0
137,29,2,1021.0,298.0
137,29,3,1037.0,322.0
137,24,0,956.0,316.0
137,24,1,940.0,294.0
137,24,2,961.0,283.0
137,24,3,978.0,305.0
137,32,0,1117.0,410.0
137,32,1,1103.0,390.0
137,32,2,1127.0,379.0
137,32,3,1141.0,400.0
137,37,0,1173.0,425.0
137,37,1,1160.0,405.0
137,37,2,1186.0,396.0
137,37,3,1198.0,417.0
137,19,0,949.0,364.0
137,19,1,933.0,343.0
137,19,2,955.0,332.0
137,19,3,970.0,353.0
137,23,0,1006.0,378.0
137,23,1,990.0,356.0
137,23,2,1011.0,347.0
137,23,3,1027.0,369.0
137,28,0,1061.0,394.0
137,28,1,1047.0,373.0
137,28,2,1070.0,364.0
137,28,3,1084.0,385.0
137,14,0,893.0,351.0
137,14,1,877.0,332.0
137,14,2,897.0,320.0
137,14,3,913.0,341.0
137,18,0,996.0,421.0
137,18,1,981.0,402.0
137,18,2,1003.0,392.0
137,18,3,1018.0,411.0
137,13,0,943.0,408.0
137,13,1,927.0,389.0
137,13,2,947.0,379.0
137,13,3,963.0,399.0
137,36,0,1209.0,483.0
137,36,1,1198.0,465.0
137,36,2,1223.0,457.0
137,36,3,1233.0,476.0
137,27,0,1104.0,451.0
137,27,1,1091.0,432.0
137,27,2,1113.0,424.0
137,27,3,1126.0,444.0
137,31,0,1157.0,467.0
137,31,1,1145.0,449.0
137,31,2,1168.0,440.0
137,31,3,1180.0,459.0
137,22,0,1051.0,435.0
137,22,1,1037.0,415.0
137,22,2,1059.0,408.0
137,22,3,1072.0,427.0
137,9,0,889.0,394.0
137,9,1,874.0,375.0
137,9,2,892.0,366.0
137,9,3,908.0,386.0
137,21,0,1092.0,489.0
137,21,1,1079.0,470.0
137,21,2,1100.0,463.0
137,21,3,1113.0,481.0
137,17,0,1040.0,474.0
137,17,1,1027.0,456.0
137,17,2,1048.0,449.0
137,17,3,1061.0,466.0
137,8,0,937.0,447.0
137,8,1,922.0,429.0
137,8,2,941.0,422.0
137,8,3,956.0,440.0
137,26,0,1142.0,503.0
137,26,1,1130.0,487.0
137,26,2,1153.0,480.0
137,26,3,1164.0,497.0
137,4,0,839.0,381.0
137,4,1,822.0,363.0
137,4,2,838.0,353.0
137,4,3,855.0,370.0
137,3,0,888.0,433.0
137,3,1,872.0,415.0
137,3,2,888.0,407.0
137,3,3,904.0,426.0
137,35,0,1241.0,534.0
137,35,1,1232.0,519.0
137,35,2,1255.0,512.0
137,35,3,1264.0,528.0
137,30,0,1192.0,518.0
137,30,1,1182.0,502.0
137,30,2,1204.0,496.0
137,30,3,1214.0,512.0
137,2,0,932.0,483.0
137,2,1,919.0,466.0
137,2,2,936.0,459.0
137,2,3,951.0,476.0
137,20,0,1128.0,538.0
137,20,1,1117.0,523.0
137,20,2,1138.0,516.0
137,20,3,1149.0,532.0
137,16,0,1080.0,524.0
137,16,1,1069.0,508.0
137,16,2,1088.0,502.0
137,16,3,1099.0,517.0
137,25,0,1177.0,553.0
137,25,1,1167.0,537.0
137,25,2,1187.0,530.0
137,25,3,1197.0,547.0
137,10,0,1068.0,558.0
137,10,1,1057.0,543.0
137,10,2,1076.0,537.0
137,10,3,1088.0,552.0
137,6,0,1021.0,544.0
137,6,1,1009.0,529.0
137,6,2,1028.0,523.0
137,6,3,1039.0,539.0
137,5,0,1058.0,588.0
137,5,1,1047.0,575.0
137,5,2,1065.0,570.0
137,5,3,1076.0,584.0
137,0,0,1013.0,574.0
137,0,1,1001.0,560.0
137,0,2,1018.0,555.0
137,0,3,1031.0,570.0
137,1,0,975.0,530.0
137,1,1,962.0,515.0
137,1,2,978.0,509.0
137,1,3,992.0,524.0
137,7,0,981.0,497.0
137,7,1,967.0,480.0
137,7,2,987.0,474.0
137,7,3,1000.0,490.0
137,11,0,1030.0,511.0
137,11,1,1018.0,495.0
137,11,2,1038.0,488.0
137,11,3,1050.0,503.0
137,12,0,988.0,461.0
137,12,1,974.0,443.0
137,12,2,994.0,434.0
137,12,3,1009.0,452.0
137,15,0,1116.0,572.0
137,15,1,1104.0,557.0
137,15,2,1124.0,551.0
137,15,3,1135.0,566.0
138,17,0,1239.0,596.0
138,17,1,1225.0,557.0
138,17,2,1262.0,542.0
138,17,3,1278.0,581.0
138,11,0,1207.0,673.0
138,11,1,1192.0,634.0
138,11,2,1230.0,619.0
138,11,3,1245.0,658.0
138,21,0,1315.0,630.0
138,21,1,1300.0,591.0
138,21,2,1338.0,576.0
138,21,3,1353.0,614.0
138,16,0,1281.0,707.0
138,16,1,1267.0,668.0
138,16,2,1305.0,653.0
138,16,3,1319.0,692.0
138,31,0,1421.0,587.0
138,31,1,1406.0,547.0
138,31,2,1443.0,532.0
138,31,3,1457.0,572.0
138,26,0,1388.0,664.0
138,26,1,1374.0,624.0
138,26,2,1412.0,610.0
138,26,3,1425.0,649.0
138,20,0,1353.0,740.0
138,20,1,1340.0,702.0
138,20,2,1379.0,687.0
138,20,3,1392.0,725.0
138,10,0,1246.0,781.0
138,10,1,1232.0,743.0
138,10,2,1271.0,729.0
138,10,3,1285.0,767.0
138,12,0,1164.0,563.0
138,12,1,1148.0,525.0
138,12,2,1185.0,509.0
138,12,3,1201.0,548.0
138,36,0,1492.0,621.0
138,36,1,1479.0,581.0
138,36,2,1516.0,567.0
138,36,3,1529.0,607.0
138,6,0,1173.0,747.0
138,6,1,1159.0,708.0
138,6,2,1197.0,695.0
138,6,3,1211.0,734.0
138,7,0,1132.0,639.0
138,7,1,1117.0,601.0
138,7,2,1154.0,586.0
138,7,3,1170.0,624.0
138,30,0,1458.0,698.0
138,30,1,1446.0,659.0
138,30,2,1483.0,644.0
138,30,3,1496.0,683.0
138,27,0,1347.0,552.0
138,27,1,1332.0,513.0
138,27,2,1367.0,498.0
138,27,3,1384.0,537.0
138,22,0,1271.0,518.0
138,22,1,1256.0,480.0
138,22,2,1292.0,465.0
138,22,3,1308.0,504.0
138,15,0,1318.0,815.0
138,15,1,1305.0,777.0
138,15,2,1344.0,763.0
138,15,3,1356.0,800.0
138,18,0,1195.0,486.0
138,18,1,1179.0,448.0
138,18,2,1215.0,433.0
138,18,3,1232.0,470.0
138,37,0,1451.0,508.0
138,37,1,1436.0,469.0
138,37,2,1472.0,455.0
138,37,3,1487.0,494.0
138,25,0,1423.0,773.0
138,25,1,1411.0,735.0
138,25,2,1449.0,720.0
138,25,3,1460.0,759.0
138,1,0,1101.0,713.0
138,1,1,1086.0,675.0
138,1,2,1122.0,661.0
138,1,3,1138.0,699.0
138,32,0,1376.0,474.0
138,32,1,1361.0,436.0
138,32,2,1396.0,421.0
138,32,3,1412.0,460.0
138,0,0,1140.0,817.0
138,0,1,1126.0,780.0
138,0,2,1164.0,768.0
138,0,3,1178.0,804.0
138,8,0,1089.0,531.0
138,8,1,1074.0,494.0
138,8,2,1110.0,479.0
138,8,3,1125.0,516.0
138,35,0,1526.0,731.0
138,35,1,1515.0,693.0
138,35,2,1552.0,678.0
138,35,3,1562.0,716.0
138,2,0,1059.0,606.0
138,2,1,1045.0,568.0
138,2,2,1080.0,554.0
138,2,3,1095.0,592.0
138,13,0,1119.0,455.0
138,13,1,1104.0,419.0
138,13,2,1139.0,403.0
138,13,3,1156.0,439.0
138,23,0,1225.0,410.0
138,23,1,1209.0,373.0
138,23,2,1243.0,358.0
138,23,3,1261.0,394.0
138,5,0,1211.0,850.0
138,5,1,1198.0,814.0
138,5,2,1236.0,802.0
138,5,3,1249.0,838.0
138,38,0,1404.0,397.0
138,38,1,1388.0,361.0
138,38,2,1422.0,346.0
138,38,3,1439.0,383.0
138,33,0,1329.0,366.0
138,33,1,1312.0,330.0
138,33,2,1346.0,316.0
138,33,3,1363.0,351.0
138,3,0,1017.0,501.0
138,3,1,1003.0,465.0
138,3,2,1037.0,450.0
138,3,3,1052.0,485.0
138,19,0,1148.0,380.0
138,19,1,1133.0,345.0
138,19,2,1167.0,330.0
138,19,3,1183.0,365.0
138,29,0,1253.0,335.0
138,29,1,1236.0,300.0
138,29,2,1269.0,286.0
138,29,3,1287.0,320.0
138,14,0,1074.0,353.0
138,14,1,1059.0,319.0
138,14,2,1093.0,304.0
138,14,3,1108.0,337.0
138,4,0,975.0,401.0
138,4,1,961.0,368.0
138,4,2,993.0,351.0
138,4,3,1009.0,384.0
138,9,0,1046.0,427.0
138,9,1,1031.0,392.0
138,9,2,1064.0,376.0
138,9,3,1080.0,411.0
138,28,0,1301.0,441.0
138,28,1,1285.0,404.0
138,28,2,1320.0,389.0
138,28,3,1337.0,426.0
139,35,0,1412.0,792.0
139,35,1,1400.0,761.0
139,35,2,1431.0,747.0
139,35,3,1444.0,779.0
139,25,0,1316.0,831.0
139,25,1,1306.0,799.0
139,25,2,1338.0,787.0
139,25,3,1349.0,818.0
139,15,0,1220.0,865.0
139,15,1,1213.0,833.0
139,15,2,1245.0,823.0
139,15,3,1254.0,854.0
139,30,0,1348.0,766.0
139,30,1,1337.0,736.0
139,30,2,1367.0,723.0
139,30,3,1379.0,753.0
139,20,0,1255.0,803.0
139,20,1,1247.0,773.0
139,20,2,1277.0,761.0
139,20,3,1287.0,791.0
139,5,0,1128.0,896.0
139,5,1,1122.0,865.0
139,5,2,1152.0,854.0
139,5,3,1159.0,886.0
139,10,0,1163.0,836.0
139,10,1,1156.0,806.0
139,10,2,1187.0,795.0
139,10,3,1194.0,825.0
139,26,0,1287.0,741.0
139,26,1,1277.0,712.0
139,26,2,1307.0,700.0
139,26,3,1317.0,728.0
139,16,0,1197.0,776.0
139,16,1,1189.0,748.0
139,16,2,1219.0,736.0
139,16,3,1228.0,765.0
139,36,0,1377.0,702.0
139,36,1,1366.0,674.0
139,36,2,1395.0,662.0
139,36,3,1406.0,690.0
139,0,0,1076.0,866.0
139,0,1,1071.0,836.0
139,0,2,1099.0,826.0
139,0,3,1105.0,856.0
139,6,0,1110.0,808.0
139,6,1,1104.0,779.0
139,6,2,1132.0,769.0
139,6,3,1139.0,797.0
139,21,0,1229.0,717.0
139,21,1,1221.0,690.0
139,21,2,1249.0,678.0
139,21,3,1258.0,705.0
139,11,0,1142.0,750.0
139,11,1,1136.0,723.0
139,11,2,1165.0,713.0
139,11,3,1172.0,739.0
139,27,0,1257.0,658.0
139,27,1,1249.0,633.0
139,27,2,1276.0,621.0
139,27,3,1286.0,646.0
139,1,0,1061.0,782.0
139,1,1,1056.0,755.0
139,1,2,1082.0,744.0
139,1,3,1088.0,771.0
139,17,0,1175.0,695.0
139,17,1,1167.0,670.0
139,17,2,1195.0,658.0
139,17,3,1202.0,683.0
139,7,0,1091.0,727.0
139,7,1,1086.0,701.0
139,7,2,1112.0,690.0
139,7,3,1119.0,716.0
139,37,0,1343.0,622.0
139,37,1,1333.0,598.0
139,37,2,1360.0,586.0
139,37,3,1370.0,609.0
139,22,0,1204.0,639.0
139,22,1,1196.0,616.0
139,22,2,1222.0,604.0
139,22,3,1231.0,627.0
139,2,0,1045.0,705.0
139,2,1,1040.0,681.0
139,2,2,1065.0,670.0
139,2,3,1071.0,694.0
139,8,0,1074.0,652.0
139,8,1,1069.0,630.0
139,8,2,1094.0,620.0
139,8,3,1099.0,642.0
139,13,0,1103.0,602.0
139,13,1,1097.0,582.0
139,13,2,1123.0,571.0
139,13,3,1129.0,591.0
139,23,0,1180.0,570.0
139,23,1,1173.0,549.0
139,23,2,1197.0,538.0
139,23,3,1204.0,558.0
139,3,0,1031.0,636.0
139,3,1,1027.0,614.0
139,3,2,1050.0,604.0
139,3,3,1055.0,624.0
139,9,0,1058.0,586.0
139,9,1,1053.0,566.0
139,9,2,1077.0,556.0
139,9,3,1082.0,575.0
139,12,0,1122.0,672.0
139,12,1,1116.0,648.0
139,12,2,1143.0,638.0
139,12,3,1149.0,662.0
139,14,0,1085.0,539.0
139,14,1,1080.0,521.0
139,14,2,1103.0,511.0
139,14,3,1109.0,528.0
139,18,0,1152.0,620.0
139,18,1,1145.0,598.0
139,18,2,1171.0,588.0
139,18,3,1178.0,610.0
139,19,0,1131.0,554.0
139,19,1,1125.0,534.0
139,19,2,1149.0,524.0
139,19,3,1156.0,543.0
139,28,0,1231.0,585.0
139,28,1,1223.0,563.0
139,28,2,1247.0,551.0
139,28,3,1256.0,572.0
139,31,0,1315.0,679.0
139,31,1,1306.0,653.0
139,31,2,1334.0,642.0
139,31,3,1344.0,668.0
139,32,0,1285.0,602.0
139,32,1,1276.0,579.0
139,32,2,1302.0,568.0
139,32,3,1312.0,590.0
140,35,0,1096.0,1098.0
140,35,1,1116.0,1064.0
140,35,2,1167.0,1071.0
140,35,3,1149.0,1108.0
140,25,0,959.0,1075.0
140,25,1,983.0,1047.0
140,25,2,1026.0,1053.0
140,25,3,1004.0,1082.0
140,30,0,1056.0,1043.0
140,30,1,1077.0,1018.0
140,30,2,1120.0,1021.0
140,30,3,1102.0,1048.0
140,36,0,1149.0,1010.0
140,36,1,1163.0,986.0
140,36,2,1208.0,987.0
140,36,3,1195.0,1013.0
140,15,0,844.0,1055.0
140,15,1,870.0,1031.0
140,15,2,907.0,1037.0
140,15,3,882.0,1063.0
140,20,0,936.0,1029.0
140,20,1,958.0,1005.0
140,20,2,997.0,1008.0
140,20,3,975.0,1033.0
140,26,0,1025.0,1000.0
140,26,1,1043.0,978.0
140,26,2,1083.0,983.0
140,26,3,1066.0,1004.0
140,10,0,831.0,1008.0
140,10,1,856.0,988.0
140,10,2,890.0,995.0
140,10,3,866.0,1017.0
140,5,0,746.0,1026.0
140,5,1,773.0,1005.0
140,5,2,805.0,1014.0
140,5,3,778.0,1034.0
140,16,0,916.0,988.0
140,16,1,937.0,968.0
140,16,2,972.0,971.0
140,16,3,951.0,992.0
140,31,0,1110.0,974.0
140,31,1,1124.0,954.0
140,31,2,1163.0,956.0
140,31,3,1151.0,975.0
140,6,0,821.0,970.0
140,6,1,844.0,953.0
140,6,2,875.0,958.0
140,6,3,852.0,976.0
140,27,0,1077.0,939.0
140,27,1,1092.0,921.0
140,27,2,1127.0,924.0
140,27,3,1114.0,942.0
140,1,0,814.0,939.0
140,1,1,834.0,924.0
140,1,2,863.0,926.0
140,1,3,842.0,942.0
140,38,0,1219.0,892.0
140,38,1,1229.0,876.0
140,38,2,1263.0,877.0
140,38,3,1255.0,894.0
140,33,0,1183.0,868.0
140,33,1,1191.0,854.0
140,33,2,1224.0,855.0
140,33,3,1216.0,869.0
140,39,0,1244.0,847.0
140,39,1,1252.0,833.0
140,39,2,1282.0,833.0
140,39,3,1277.0,846.0
140,7,0,885.0,921.0
140,7,1,904.0,907.0
140,7,2,932.0,909.0
140,7,3,914.0,925.0
140,11,0,899.0,952.0
140,11,1,918.0,935.0
140,11,2,950.0,939.0
140,11,3,932.0,956.0
140,17,0,977.0,932.0
140,17,1,992.0,916.0
140,17,2,1023.0,918.0
140,17,3,1008.0,934.0
140,21,0,999.0,963.0
140,21,1,1016.0,945.0
140,21,2,1051.0,947.0
140,21,3,1035.0,966.0
140,28,0,1118.0,888.0
140,28,1,1129.0,874.0
140,28,2,1161.0,876.0
140,28,3,1152.0,890.0
140,29,0,1151.0,846.0
140,29,1,1160.0,834.0
140,29,2,1190.0,835.0
140,29,3,1181.0,847.0
140,32,0,1151.0,917.0
140,32,1,1161.0,900.0
140,32,2,1198.0,900.0
140,32,3,1188.0,918.0
140,37,0,1189.0,946.0
140,37,1,1201.0,928.0
140,37,2,1239.0,928.0
140,37,3,1228.0,944.0
141,39,0,1030.0,404.0
141,39,1,1003.0,386.0
141,39,2,1021.0,360.0
141,39,3,1049.0,378.0
141,34,0,965.0,415.0
141,34,1,937.0,397.0
141,34,2,954.0,372.0
141,34,3,982.0,389.0
141,33,0,1041.0,465.0
141,33,1,1014.0,448.0
141,33,2,1033.0,423.0
141,33,3,1059.0,440.0
141,38,0,1104.0,455.0
141,38,1,1079.0,438.0
141,38,2,1098.0,412.0
141,38,3,1123.0,430.0
141,24,0,914.0,484.0
141,24,1,887.0,468.0
141,24,2,903.0,444.0
141,24,3,931.0,460.0
141,29,0,977.0,474.0
141,29,1,951.0,458.0
141,29,2,968.0,433.0
141,29,3,994.0,450.0
141,19,0,927.0,543.0
141,19,1,901.0,527.0
141,19,2,917.0,502.0
141,19,3,943.0,517.0
141,32,0,1111.0,515.0
141,32,1,1088.0,498.0
141,32,2,1106.0,474.0
141,32,3,1130.0,490.0
141,23,0,988.0,531.0
141,23,1,963.0,516.0
141,23,2,980.0,492.0
141,23,3,1006.0,509.0
141,28,0,1050.0,523.0
141,28,1,1025.0,507.0
141,28,2,1043.0,484.0
141,28,3,1068.0,500.0
141,14,0,867.0,552.0
141,14,1,841.0,537.0
141,14,2,856.0,513.0
141,14,3,883.0,530.0
141,37,0,1174.0,504.0
141,37,1,1150.0,489.0
141,37,2,1168.0,465.0
141,37,3,1192.0,482.0
141,18,0,998.0,587.0
141,18,1,974.0,571.0
141,18,2,991.0,548.0
141,18,3,1015.0,563.0
141,22,0,1058.0,577.0
141,22,1,1034.0,561.0
141,22,2,1052.0,540.0
141,22,3,1076.0,555.0
141,13,0,939.0,596.0
141,13,1,914.0,581.0
141,13,2,930.0,559.0
141,13,3,955.0,574.0
141,31,0,1178.0,561.0
141,31,1,1156.0,545.0
141,31,2,1174.0,523.0
141,31,3,1197.0,539.0
141,27,0,1119.0,568.0
141,27,1,1095.0,554.0
141,27,2,1113.0,532.0
141,27,3,1137.0,548.0
141,9,0,880.0,605.0
141,9,1,855.0,590.0
141,9,2,870.0,569.0
141,9,3,896.0,584.0
141,12,0,1008.0,639.0
141,12,1,984.0,624.0
141,12,2,1001.0,603.0
141,12,3,1025.0,617.0
141,36,0,1237.0,552.0
141,36,1,1215.0,537.0
141,36,2,1234.0,515.0
141,36,3,1255.0,530.0
141,17,0,1066.0,629.0
141,17,1,1043.0,615.0
141,17,2,1060.0,593.0
141,17,3,1083.0,608.0
141,21,0,1124.0,620.0
141,21,1,1102.0,606.0
141,21,2,1119.0,585.0
141,21,3,1142.0,599.0
141,4,0,824.0,612.0
141,4,1,800.0,598.0
141,4,2,813.0,577.0
141,4,3,839.0,592.0
141,8,0,950.0,646.0
141,8,1,927.0,632.0
141,8,2,942.0,612.0
141,8,3,966.0,626.0
141,26,0,1182.0,611.0
141,26,1,1160.0,597.0
141,26,2,1179.0,577.0
141,26,3,1199.0,591.0
141,3,0,894.0,653.0
141,3,1,870.0,639.0
141,3,2,885.0,620.0
141,3,3,909.0,634.0
141,30,0,1238.0,603.0
141,30,1,1218.0,590.0
141,30,2,1237.0,569.0
141,30,3,1256.0,583.0
141,11,0,1074.0,677.0
141,11,1,1051.0,664.0
141,11,2,1068.0,645.0
141,11,3,1090.0,658.0
141,2,0,961.0,692.0
141,2,1,938.0,679.0
141,2,2,954.0,660.0
141,2,3,977.0,674.0
141,20,0,1185.0,661.0
141,20,1,1165.0,648.0
141,20,2,1182.0,628.0
141,20,3,1203.0,642.0
141,7,0,1017.0,685.0
141,7,1,995.0,672.0
141,7,2,1011.0,653.0
141,7,3,1033.0,666.0
141,16,0,1129.0,669.0
141,16,1,1109.0,657.0
141,16,2,1126.0,636.0
141,16,3,1146.0,649.0
141,25,0,1240.0,652.0
141,25,1,1220.0,639.0
141,25,2,1237.0,620.0
141,25,3,1257.0,633.0
141,1,0,1024.0,729.0
141,1,1,1003.0,717.0
141,1,2,1019.0,700.0
141,1,3,1041.0,712.0
141,10,0,1134.0,715.0
141,10,1,1113.0,703.0
141,10,2,1130.0,685.0
141,10,3,1150.0,697.0
141,6,0,1080.0,722.0
141,6,1,1059.0,711.0
141,6,2,1075.0,692.0
141,6,3,1095.0,704.0
141,15,0,1188.0,707.0
141,15,1,1169.0,696.0
141,15,2,1186.0,677.0
141,15,3,1204.0,689.0
141,0,0,1085.0,763.0
141,0,1,1065.0,753.0
141,0,2,1081.0,736.0
141,0,3,1101.0,748.0
141,5,0,1137.0,757.0
141,5,1,1118.0,746.0
141,5,2,1134.0,730.0
141,5,3,1154.0,741.0
141,35,0,1292.0,595.0
141,35,1,1275.0,581.0
141,35,2,1295.0,562.0
141,35,3,1311.0,577.0
142,5,0,1103.0,819.0
142,5,1,1093.0,781.0
142,5,2,1129.0,770.0
142,5,3,1140.0,807.0
142,15,0,1208.0,786.0
142,15,1,1197.0,749.0
142,15,2,1234.0,738.0
142,15,3,1244.0,775.0
142,10,0,1140.0,750.0
142,10,1,1129.0,714.0
142,10,2,1166.0,702.0
142,10,3,1177.0,738.0
142,25,0,1312.0,751.0
142,25,1,1301.0,714.0
142,25,2,1337.0,703.0
142,25,3,1348.0,739.0
142,30,0,1346.0,681.0
142,30,1,1334.0,645.0
142,30,2,1368.0,632.0
142,30,3,1381.0,669.0
142,20,0,1244.0,716.0
142,20,1,1233.0,680.0
142,20,2,1268.0,668.0
142,20,3,1280.0,704.0
142,16,0,1176.0,681.0
142,16,1,1165.0,645.0
142,16,2,1200.0,633.0
142,16,3,1212.0,668.0
142,0,0,1037.0,781.0
142,0,1,1027.0,746.0
142,0,2,1062.0,734.0
142,0,3,1073.0,771.0
142,6,0,1073.0,714.0
142,6,1,1063.0,678.0
142,6,2,1098.0,667.0
142,6,3,1109.0,702.0
142,26,0,1278.0,646.0
142,26,1,1266.0,611.0
142,26,2,1300.0,598.0
142,26,3,1313.0,634.0
142,35,0,1413.0,716.0
142,35,1,1402.0,679.0
142,35,2,1435.0,667.0
142,35,3,1446.0,704.0
142,11,0,1108.0,646.0
142,11,1,1098.0,611.0
142,11,2,1133.0,600.0
142,11,3,1144.0,634.0
142,21,0,1210.0,612.0
142,21,1,1199.0,577.0
142,21,2,1232.0,565.0
142,21,3,1245.0,600.0
142,1,0,1008.0,679.0
142,1,1,998.0,645.0
142,1,2,1032.0,633.0
142,1,3,1043.0,668.0
142,36,0,1378.0,610.0
142,36,1,1366.0,575.0
142,36,2,1399.0,563.0
142,36,3,1411.0,599.0
142,31,0,1311.0,577.0
142,31,1,1298.0,542.0
142,31,2,1331.0,531.0
142,31,3,1344.0,565.0
142,17,0,1143.0,579.0
142,17,1,1131.0,546.0
142,17,2,1165.0,534.0
142,17,3,1177.0,567.0
142,7,0,1043.0,613.0
142,7,1,1033.0,579.0
142,7,2,1067.0,568.0
142,7,3,1077.0,601.0
142,27,0,1243.0,544.0
142,27,1,1231.0,511.0
142,27,2,1263.0,499.0
142,27,3,1276.0,532.0
142,37,0,1341.0,509.0
142,37,1,1328.0,476.0
142,37,2,1359.0,465.0
142,37,3,1372.0,497.0
142,22,0,1175.0,512.0
142,22,1,1164.0,480.0
142,22,2,1196.0,469.0
142,22,3,1208.0,500.0
142,8,0,1013.0,517.0
142,8,1,1003.0,486.0
142,8,2,1035.0,474.0
142,8,3,1045.0,505.0
142,3,0,952.0,489.0
142,3,1,943.0,460.0
142,3,2,975.0,448.0
142,3,3,984.0,477.0
142,13,0,1045.0,454.0
142,13,1,1035.0,426.0
142,13,2,1068.0,414.0
142,13,3,1077.0,442.0
142,23,0,1140.0,419.0
142,23,1,1129.0,391.0
142,23,2,1160.0,380.0
142,23,3,1171.0,408.0
142,4,0,926.0,404.0
142,4,1,918.0,377.0
142,4,2,948.0,366.0
142,4,3,956.0,393.0
142,2,0,979.0,581.0
142,2,1,970.0,548.0
142,2,2,1003.0,537.0
142,2,3,1012.0,570.0
142,9,0,984.0,428.0
142,9,1,975.0,400.0
142,9,2,1006.0,389.0
142,9,3,1015.0,416.0
142,12,0,1077.0,547.0
142,12,1,1066.0,514.0
142,12,2,1100.0,504.0
142,12,3,1110.0,535.0
142,14,0,1015.0,369.0
142,14,1,1006.0,343.0
142,14,2,1036.0,332.0
142,14,3,1046.0,357.0
142,18,0,1110.0,483.0
142,18,1,1099.0,451.0
142,18,2,1130.0,441.0
142,18,3,1142.0,471.0
142,19,0,1076.0,393.0
142,19,1,1066.0,367.0
142,19,2,1097.0,355.0
142,19,3,1107.0,382.0
142,28,0,1206.0,447.0
142,28,1,1195.0,418.0
142,28,2,1225.0,407.0
142,28,3,1237.0,437.0
142,32,0,1273.0,478.0
142,32,1,1260.0,447.0
142,32,2,1291.0,435.0
142,32,3,1304.0,467.0
142,33,0,1234.0,386.0
142,33,1,1223.0,358.0
142,33,2,1252.0,348.0
142,33,3,1264.0,376.0
143,25,0,1672.0,723.0
143,25,1,1657.0,678.0
143,25,2,1698.0,660.0
143,25,3,1715.0,705.0
143,35,0,1790.0,671.0
143,35,1,1772.0,625.0
143,35,2,1811.0,607.0
143,35,3,1831.0,652.0
143,15,0,1550.0,770.0
143,15,1,1538.0,726.0
143,15,2,1580.0,710.0
143,15,3,1594.0,754.0
143,30,0,1708.0,634.0
143,30,1,1690.0,591.0
143,30,2,1729.0,572.0
143,30,3,1748.0,615.0
143,20,0,1591.0,684.0
143,20,1,1577.0,642.0
143,20,2,1617.0,625.0
143,20,3,1633.0,667.0
143,5,0,1432.0,815.0
143,5,1,1422.0,771.0
143,5,2,1462.0,756.0
143,5,3,1474.0,799.0
143,10,0,1473.0,731.0
143,10,1,1462.0,689.0
143,10,2,1502.0,673.0
143,10,3,1515.0,714.0
143,36,0,1736.0,545.0
143,36,1,1718.0,505.0
143,36,2,1754.0,487.0
143,36,3,1775.0,526.0
143,26,0,1627.0,599.0
143,26,1,1610.0,560.0
143,26,2,1648.0,542.0
143,26,3,1665.0,582.0
143,0,0,1361.0,774.0
143,0,1,1351.0,733.0
143,0,2,1389.0,718.0
143,0,3,1401.0,759.0
143,16,0,1512.0,647.0
143,16,1,1499.0,608.0
143,16,2,1537.0,592.0
143,16,3,1552.0,631.0
143,6,0,1402.0,695.0
143,6,1,1390.0,655.0
143,6,2,1426.0,639.0
143,6,3,1439.0,678.0
143,31,0,1656.0,516.0
143,31,1,1638.0,480.0
143,31,2,1674.0,462.0
143,31,3,1692.0,498.0
143,21,0,1547.0,566.0
143,21,1,1533.0,530.0
143,21,2,1570.0,514.0
143,21,3,1585.0,550.0
143,1,0,1333.0,661.0
143,1,1,1323.0,625.0
143,1,2,1357.0,609.0
143,1,3,1368.0,646.0
143,37,0,1680.0,435.0
143,37,1,1662.0,402.0
143,37,2,1693.0,384.0
143,37,3,1714.0,416.0
143,27,0,1577.0,488.0
143,27,1,1562.0,456.0
143,27,2,1596.0,439.0
143,27,3,1613.0,471.0
143,17,0,1472.0,537.0
143,17,1,1459.0,504.0
143,17,2,1493.0,488.0
143,17,3,1507.0,521.0
143,7,0,1368.0,586.0
143,7,1,1357.0,553.0
143,7,2,1391.0,536.0
143,7,3,1402.0,569.0
143,22,0,1502.0,463.0
143,22,1,1489.0,432.0
143,22,2,1521.0,416.0
143,22,3,1536.0,445.0
143,2,0,1303.0,559.0
143,2,1,1294.0,529.0
143,2,2,1325.0,513.0
143,2,3,1335.0,544.0
143,11,0,1438.0,615.0
143,11,1,1426.0,577.0
143,11,2,1462.0,562.0
143,11,3,1475.0,598.0
143,12,0,1401.0,511.0
143,12,1,1389.0,481.0
143,12,2,1422.0,465.0
143,12,3,1434.0,495.0
143,32,0,1603.0,413.0
143,32,1,1587.0,383.0
143,32,2,1618.0,366.0
143,32,3,1635.0,396.0
144,21,0,1408.0,624.0
144,21,1,1393.0,583.0
144,21,2,1432.0,567.0
144,21,3,1447.0,607.0
144,31,0,1514.0,579.0
144,31,1,1499.0,538.0
144,31,2,1537.0,522.0
144,31,3,1552.0,563.0
144,16,0,1373.0,701.0
144,16,1,1359.0,662.0
144,16,2,1398.0,646.0
144,16,3,1413.0,686.0
144,11,0,1299.0,667.0
144,11,1,1284.0,628.0
144,11,2,1323.0,612.0
144,11,3,1338.0,652.0
144,37,0,1545.0,498.0
144,37,1,1529.0,458.0
144,37,2,1566.0,442.0
144,37,3,1583.0,482.0
144,22,0,1363.0,509.0
144,22,1,1347.0,470.0
144,22,2,1385.0,454.0
144,22,3,1402.0,493.0
144,27,0,1440.0,544.0
144,27,1,1425.0,503.0
144,27,2,1462.0,488.0
144,27,3,1478.0,528.0
144,17,0,1332.0,589.0
144,17,1,1317.0,549.0
144,17,2,1355.0,534.0
144,17,3,1371.0,573.0
144,36,0,1586.0,614.0
144,36,1,1573.0,573.0
144,36,2,1611.0,558.0
144,36,3,1624.0,599.0
144,12,0,1256.0,556.0
144,12,1,1240.0,516.0
144,12,2,1277.0,500.0
144,12,3,1294.0,539.0
144,26,0,1481.0,658.0
144,26,1,1468.0,617.0
144,26,2,1506.0,602.0
144,26,3,1519.0,642.0
144,20,0,1446.0,735.0
144,20,1,1433.0,696.0
144,20,2,1472.0,681.0
144,20,3,1485.0,720.0
144,32,0,1470.0,464.0
144,32,1,1453.0,424.0
144,32,2,1489.0,408.0
144,32,3,1506.0,448.0
144,28,0,1393.0,430.0
144,28,1,1376.0,390.0
144,28,2,1412.0,375.0
144,28,3,1430.0,413.0
144,18,0,1286.0,477.0
144,18,1,1269.0,439.0
144,18,2,1306.0,422.0
144,18,3,1323.0,461.0
144,7,0,1225.0,633.0
144,7,1,1210.0,594.0
144,7,2,1247.0,579.0
144,7,3,1263.0,618.0
144,30,0,1552.0,692.0
144,30,1,1539.0,653.0
144,30,2,1577.0,637.0
144,30,3,1589.0,678.0
144,10,0,1339.0,776.0
144,10,1,1325.0,738.0
144,10,2,1365.0,724.0
144,10,3,1377.0,763.0
144,15,0,1409.0,810.0
144,15,1,1397.0,772.0
144,15,2,1437.0,758.0
144,15,3,1448.0,796.0
144,6,0,1266.0,741.0
144,6,1,1252.0,702.0
144,6,2,1290.0,689.0
144,6,3,1304.0,728.0
144,23,0,1315.0,398.0
144,23,1,1297.0,360.0
144,23,2,1333.0,344.0
144,23,3,1351.0,382.0
144,38,0,1497.0,383.0
144,38,1,1479.0,345.0
144,38,2,1513.0,329.0
144,38,3,1533.0,368.0
144,8,0,1181.0,524.0
144,8,1,1164.0,487.0
144,8,2,1200.0,469.0
144,8,3,1217.0,507.0
144,25,0,1515.0,768.0
144,25,1,1504.0,730.0
144,25,2,1542.0,715.0
144,25,3,1553.0,754.0
144,13,0,1209.0,446.0
144,13,1,1193.0,409.0
144,13,2,1228.0,392.0
144,13,3,1246.0,429.0
144,1,0,1193.0,706.0
144,1,1,1179.0,668.0
144,1,2,1216.0,655.0
144,1,3,1231.0,693.0
144,2,0,1150.0,599.0
144,2,1,1136.0,562.0
144,2,2,1172.0,547.0
144,2,3,1188.0,584.0
144,33,0,1419.0,351.0
144,33,1,1402.0,313.0
144,33,2,1436.0,298.0
144,33,3,1454.0,336.0
144,35,0,1619.0,726.0
144,35,1,1609.0,687.0
144,35,2,1646.0,673.0
144,35,3,1655.0,711.0
144,29,0,1341.0,320.0
144,29,1,1323.0,283.0
144,29,2,1357.0,268.0
144,29,3,1376.0,304.0
144,19,0,1236.0,368.0
144,19,1,1220.0,332.0
144,19,2,1254.0,315.0
144,19,3,1272.0,351.0
144,0,0,1232.0,810.0
144,0,1,1219.0,774.0
144,0,2,1256.0,761.0
144,0,3,1270.0,798.0
144,5,0,1303.0,844.0
144,5,1,1290.0,808.0
144,5,2,1328.0,796.0
144,5,3,1341.0,832.0
144,9,0,1133.0,417.0
144,9,1,1118.0,382.0
144,9,2,1152.0,365.0
144,9,3,1169.0,401.0
144,3,0,1107.0,493.0
144,3,1,1093.0,457.0
144,3,2,1125.0,441.0
144,3,3,1142.0,477.0
144,24,0,1262.0,291.0
144,24,1,1245.0,257.0
144,24,2,1279.0,241.0
144,24,3,1297.0,275.0
144,14,0,1160.0,342.0
144,14,1,1144.0,307.0
144,14,2,1178.0,291.0
144,14,3,1195.0,324.0
144,34,0,1365.0,244.0
144,34,1,1346.0,210.0
144,34,2,1379.0,195.0
144,34,3,1398.0,230.0
144,4,0,1062.0,392.0
144,4,1,1047.0,359.0
144,4,2,1080.0,342.0
144,4,3,1095.0,375.0
145,25,0,1199.0,929.0
145,25,1,1202.0,903.0
145,25,2,1242.0,909.0
145,25,3,1240.0,935.0
145,15,0,1080.0,908.0
145,15,1,1087.0,885.0
145,15,2,1127.0,892.0
145,15,3,1121.0,917.0
145,5,0,965.0,881.0
145,5,1,976.0,858.0
145,5,2,1015.0,866.0
145,5,3,1004.0,889.0
145,20,0,1147.0,884.0
145,20,1,1152.0,862.0
145,20,2,1189.0,866.0
145,20,3,1187.0,889.0
145,30,0,1260.0,900.0
145,30,1,1261.0,879.0
145,30,2,1298.0,883.0
145,30,3,1299.0,905.0
145,10,0,1036.0,860.0
145,10,1,1044.0,841.0
145,10,2,1081.0,848.0
145,10,3,1075.0,868.0
145,0,0,929.0,836.0
145,0,1,941.0,818.0
145,0,2,976.0,825.0
145,0,3,966.0,844.0
145,26,0,1208.0,859.0
145,26,1,1211.0,839.0
145,26,2,1246.0,846.0
145,26,3,1245.0,865.0
145,6,0,998.0,818.0
145,6,1,1007.0,802.0
145,6,2,1040.0,809.0
145,6,3,1033.0,826.0
145,21,0,1161.0,822.0
145,21,1,1165.0,804.0
145,21,2,1199.0,809.0
145,21,3,1196.0,827.0
145,1,0,963.0,784.0
145,1,1,974.0,769.0
145,1,2,1005.0,774.0
145,1,3,996.0,790.0
145,31,0,1262.0,839.0
145,31,1,1262.0,822.0
145,31,2,1295.0,826.0
145,31,3,1297.0,842.0
145,17,0,1118.0,788.0
145,17,1,1123.0,772.0
145,17,2,1154.0,777.0
145,17,3,1151.0,793.0
145,37,0,1310.0,819.0
145,37,1,1309.0,803.0
145,37,2,1341.0,806.0
145,37,3,1343.0,820.0
145,32,0,1263.0,786.0
145,32,1,1263.0,772.0
145,32,2,1294.0,776.0
145,32,3,1294.0,791.0
145,22,0,1173.0,772.0
145,22,1,1174.0,758.0
145,22,2,1205.0,761.0
145,22,3,1204.0,774.0
145,2,0,991.0,738.0
145,2,1,998.0,726.0
145,2,2,1028.0,731.0
145,2,3,1022.0,743.0
145,8,0,1046.0,725.0
145,8,1,1052.0,713.0
145,8,2,1080.0,718.0
145,8,3,1075.0,730.0
145,3,0,1015.0,701.0
145,3,1,1021.0,690.0
145,3,2,1048.0,694.0
145,3,3,1042.0,704.0
145,7,0,1024.0,767.0
145,7,1,1031.0,754.0
145,7,2,1062.0,759.0
145,7,3,1056.0,774.0
145,11,0,1060.0,803.0
145,11,1,1067.0,787.0
145,11,2,1100.0,793.0
145,11,3,1095.0,810.0
145,12,0,1080.0,754.0
145,12,1,1086.0,740.0
145,12,2,1115.0,747.0
145,12,3,1111.0,761.0
145,13,0,1097.0,712.0
145,13,1,1101.0,703.0
145,13,2,1128.0,708.0
145,13,3,1125.0,719.0
145,16,0,1101.0,842.0
145,16,1,1107.0,824.0
145,16,2,1142.0,829.0
145,16,3,1138.0,849.0
145,19,0,1143.0,704.0
145,19,1,1146.0,694.0
145,19,2,1172.0,698.0
145,19,3,1170.0,709.0
145,23,0,1181.0,730.0
145,23,1,1182.0,718.0
145,23,2,1210.0,721.0
145,23,3,1209.0,732.0
145,27,0,1215.0,802.0
145,27,1,1217.0,786.0
145,27,2,1248.0,792.0
145,27,3,1248.0,808.0
145,29,0,1224.0,716.0
145,29,1,1225.0,706.0
145,29,2,1250.0,709.0
145,29,3,1251.0,720.0
145,35,0,1317.0,946.0
145,35,1,1317.0,920.0
145,35,2,1354.0,925.0
145,35,3,1356.0,954.0
145,36,0,1315.0,874.0
145,36,1,1313.0,854.0
145,36,2,1348.0,857.0
145,36,3,1350.0,879.0
145,38,0,1308.0,771.0
145,38,1,1306.0,757.0
145,38,2,1334.0,762.0
145,38,3,1336.0,776.0
146,25,0,1251.0,1055.0
146,25,1,1251.0,1025.0
146,25,2,1292.0,1022.0
146,25,3,1293.0,1052.0
146,5,0,1011.0,1058.0
146,5,1,1017.0,1030.0
146,5,2,1056.0,1031.0
146,5,3,1051.0,1058.0
146,30,0,1309.0,1006.0
146,30,1,1307.0,979.0
146,30,2,1346.0,976.0
146,30,3,1348.0,1002.0
146,10,0,1078.0,1017.0
146,10,1,1082.0,992.0
146,10,2,1121.0,992.0
146,10,3,1117.0,1018.0
146,36,0,1360.0,959.0
146,36,1,1356.0,935.0
146,36,2,1392.0,929.0
146,36,3,1397.0,954.0
146,6,0,1032.0,978.0
146,6,1,1038.0,955.0
146,6,2,1073.0,955.0
146,6,3,1068.0,978.0
146,21,0,1196.0,938.0
146,21,1,1197.0,915.0
146,21,2,1232.0,912.0
146,21,3,1232.0,935.0
146,11,0,1092.0,942.0
146,11,1,1095.0,921.0
146,11,2,1129.0,919.0
146,11,3,1128.0,941.0
146,17,0,1147.0,907.0
146,17,1,1149.0,888.0
146,17,2,1183.0,886.0
146,17,3,1181.0,905.0
146,37,0,1347.0,891.0
146,37,1,1343.0,872.0
146,37,2,1377.0,868.0
146,37,3,1381.0,885.0
146,22,0,1198.0,873.0
146,22,1,1199.0,855.0
146,22,2,1230.0,851.0
146,22,3,1231.0,870.0
146,33,0,1287.0,811.0
146,33,1,1285.0,794.0
146,33,2,1313.0,792.0
146,33,3,1316.0,808.0
146,0,0,968.0,1015.0
146,0,1,975.0,990.0
146,0,2,1010.0,990.0
146,0,3,1005.0,1015.0
146,1,0,992.0,944.0
146,1,1,998.0,924.0
146,1,2,1031.0,922.0
146,1,3,1026.0,943.0
146,2,0,1011.0,881.0
146,2,1,1017.0,864.0
146,2,2,1047.0,863.0
146,2,3,1042.0,881.0
146,7,0,1049.0,910.0
146,7,1,1054.0,891.0
146,7,2,1086.0,889.0
146,7,3,1082.0,909.0
146,12,0,1103.0,877.0
146,12,1,1106.0,859.0
146,12,2,1138.0,859.0
146,12,3,1136.0,877.0
146,13,0,1112.0,823.0
146,13,1,1114.0,809.0
146,13,2,1143.0,807.0
146,13,3,1142.0,822.0
146,15,0,1129.0,1061.0
146,15,1,1132.0,1033.0
146,15,2,1173.0,1032.0
146,15,3,1171.0,1061.0
146,16,0,1139.0,977.0
146,16,1,1142.0,954.0
146,16,2,1179.0,952.0
146,16,3,1176.0,977.0
146,18,0,1153.0,848.0
146,18,1,1154.0,831.0
146,18,2,1185.0,830.0
146,18,3,1184.0,846.0
146,19,0,1158.0,797.0
146,19,1,1159.0,784.0
146,19,2,1186.0,782.0
146,19,3,1186.0,796.0
146,20,0,1192.0,1015.0
146,20,1,1194.0,989.0
146,20,2,1233.0,986.0
146,20,3,1233.0,1012.0
146,23,0,1199.0,818.0
146,23,1,1200.0,803.0
146,23,2,1228.0,800.0
146,23,3,1229.0,815.0
146,24,0,1199.0,772.0
146,24,1,1200.0,759.0
146,24,2,1227.0,757.0
146,24,3,1226.0,770.0
146,26,0,1249.0,970.0
146,26,1,1249.0,946.0
146,26,2,1286.0,944.0
146,26,3,1288.0,968.0
146,28,0,1245.0,841.0
146,28,1,1243.0,824.0
146,28,2,1274.0,821.0
146,28,3,1276.0,838.0
146,29,0,1241.0,790.0
146,29,1,1241.0,776.0
146,29,2,1268.0,773.0
146,29,3,1270.0,788.0
146,31,0,1301.0,930.0
146,31,1,1299.0,908.0
146,31,2,1334.0,905.0
146,31,3,1337.0,926.0
146,32,0,1293.0,865.0
146,32,1,1292.0,847.0
146,32,2,1324.0,845.0
146,32,3,1326.0,863.0
146,34,0,1280.0,763.0
146,34,1,1279.0,750.0
146,34,2,1305.0,747.0
146,34,3,1307.0,760.0
146,35,0,1373.0,1044.0
146,35,1,1369.0,1014.0
146,35,2,1410.0,1010.0
146,35,3,1415.0,1042.0
146,38,0,1336.0,833.0
146,38,1,1332.0,815.0
146,38,2,1362.0,813.0
146,38,3,1366.0,830.0
146,39,0,1325.0,781.0
146,39,1,1323.0,766.0
146,39,2,1350.0,764.0
146,39,3,1353.0,779.0
147,10,0,1151.0,747.0
147,10,1,1139.0,710.0
147,10,2,1177.0,697.0
147,10,3,1189.0,734.0
147,16,0,1186.0,675.0
147,16,1,1174.0,637.0
147,16,2,1211.0,625.0
147,16,3,1223.0,663.0
147,11,0,1116.0,641.0
147,11,1,1103.0,604.0
147,11,2,1140.0,591.0
147,11,3,1153.0,628.0
147,20,0,1256.0,710.0
147,20,1,1244.0,672.0
147,20,2,1281.0,660.0
147,20,3,1293.0,697.0
147,15,0,1221.0,781.0
147,15,1,1209.0,744.0
147,15,2,1246.0,731.0
147,15,3,1258.0,768.0
147,21,0,1220.0,603.0
147,21,1,1208.0,566.0
147,21,2,1244.0,553.0
147,21,3,1257.0,590.0
147,6,0,1081.0,711.0
147,6,1,1069.0,674.0
147,6,2,1106.0,662.0
147,6,3,1118.0,699.0
147,0,0,1047.0,781.0
147,0,1,1035.0,744.0
147,0,2,1072.0,732.0
147,0,3,1084.0,769.0
147,5,0,1116.0,816.0
147,5,1,1104.0,779.0
147,5,2,1142.0,768.0
147,5,3,1153.0,804.0
147,26,0,1290.0,638.0
147,26,1,1278.0,600.0
147,26,2,1314.0,588.0
147,26,3,1326.0,625.0
147,17,0,1150.0,569.0
147,17,1,1137.0,532.0
147,17,2,1172.0,519.0
147,17,3,1186.0,556.0
147,25,0,1325.0,745.0
147,25,1,1313.0,707.0
147,25,2,1348.0,694.0
147,25,3,1360.0,732.0
147,1,0,1012.0,677.0
147,1,1,1000.0,640.0
147,1,2,1035.0,627.0
147,1,3,1048.0,665.0
147,7,0,1045.0,606.0
147,7,1,1033.0,570.0
147,7,2,1069.0,557.0
147,7,3,1082.0,593.0
147,36,0,1392.0,601.0
147,36,1,1379.0,564.0
147,36,2,1414.0,551.0
147,36,3,1427.0,587.0
147,31,0,1323.0,566.0
147,31,1,1310.0,529.0
147,31,2,1344.0,516.0
147,31,3,1358.0,553.0
147,30,0,1359.0,673.0
147,30,1,1347.0,636.0
147,30,2,1382.0,623.0
147,30,3,1394.0,660.0
147,2,0,976.0,573.0
147,2,1,964.0,538.0
147,2,2,1000.0,524.0
147,2,3,1012.0,560.0
147,12,0,1079.0,535.0
147,12,1,1066.0,499.0
147,12,2,1102.0,487.0
147,12,3,1115.0,522.0
147,27,0,1253.0,531.0
147,27,1,1240.0,495.0
147,27,2,1274.0,482.0
147,27,3,1288.0,519.0
147,22,0,1182.0,497.0
147,22,1,1169.0,462.0
147,22,2,1204.0,449.0
147,22,3,1218.0,484.0
147,8,0,1008.0,504.0
147,8,1,997.0,468.0
147,8,2,1032.0,455.0
147,8,3,1044.0,490.0
147,35,0,1424.0,707.0
147,35,1,1414.0,670.0
147,35,2,1448.0,657.0
147,35,3,1458.0,694.0
147,18,0,1111.0,465.0
147,18,1,1098.0,431.0
147,18,2,1133.0,418.0
147,18,3,1147.0,452.0
147,37,0,1354.0,494.0
147,37,1,1341.0,458.0
147,37,2,1373.0,446.0
147,37,3,1388.0,482.0
147,32,0,1283.0,460.0
147,32,1,1270.0,425.0
147,32,2,1303.0,413.0
147,32,3,1317.0,449.0
147,3,0,941.0,473.0
147,3,1,930.0,440.0
147,3,2,964.0,426.0
147,3,3,976.0,460.0
147,28,0,1213.0,427.0
147,28,1,1200.0,393.0
147,28,2,1233.0,381.0
147,28,3,1247.0,415.0
147,13,0,1041.0,434.0
147,13,1,1029.0,401.0
147,13,2,1063.0,388.0
147,13,3,1076.0,421.0
147,23,0,1143.0,396.0
147,23,1,1129.0,363.0
147,23,2,1162.0,350.0
147,23,3,1177.0,382.0
147,9,0,973.0,405.0
147,9,1,961.0,374.0
147,9,2,995.0,360.0
147,9,3,1007.0,392.0
147,33,0,1242.0,359.0
147,33,1,1229.0,326.0
147,33,2,1261.0,316.0
147,33,3,1275.0,348.0
147,4,0,908.0,379.0
147,4,1,897.0,348.0
147,4,2,929.0,333.0
147,4,3,941.0,365.0
147,14,0,1004.0,339.0
147,14,1,992.0,308.0
147,14,2,1025.0,295.0
147,14,3,1038.0,325.0
147,29,0,1172.0,328.0
147,29,1,1159.0,297.0
147,29,2,1190.0,286.0
147,29,3,1205.0,317.0
147,19,0,1072.0,366.0
147,19,1,1060.0,334.0
147,19,2,1093.0,322.0
147,19,3,1106.0,354.0
147,24,0,1103.0,301.0
147,24,1,1090.0,271.0
147,24,2,1121.0,258.0
147,24,3,1135.0,288.0
147,38,0,1312.0,391.0
147,38,1,1299.0,357.0
147,38,2,1330.0,347.0
147,38,3,1345.0,379.0
148,20,0,1606.0,678.0
148,20,1,1591.0,634.0
148,20,2,1631.0,616.0
148,20,3,1646.0,660.0
148,6,0,1415.0,686.0
148,6,1,1400.0,644.0
148,6,2,1440.0,628.0
148,6,3,1455.0,670.0
148,16,0,1528.0,640.0
148,16,1,1512.0,597.0
148,16,2,1553.0,579.0
148,16,3,1569.0,622.0
148,21,0,1562.0,555.0
148,21,1,1544.0,511.0
148,21,2,1583.0,493.0
148,21,3,1601.0,537.0
148,11,0,1449.0,604.0
148,11,1,1432.0,561.0
148,11,2,1473.0,544.0
148,11,3,1490.0,586.0
148,26,0,1639.0,591.0
148,26,1,1624.0,547.0
148,26,2,1662.0,529.0
148,26,3,1679.0,573.0
148,30,0,1716.0,629.0
148,30,1,1700.0,585.0
148,30,2,1739.0,567.0
148,30,3,1754.0,612.0
148,17,0,1480.0,519.0
148,17,1,1463.0,477.0
148,17,2,1502.0,459.0
148,17,3,1521.0,500.0
148,15,0,1568.0,762.0
148,15,1,1555.0,719.0
148,15,2,1596.0,702.0
148,15,3,1609.0,745.0
148,31,0,1670.0,504.0
148,31,1,1652.0,460.0
148,31,2,1690.0,443.0
148,31,3,1708.0,487.0
148,36,0,1747.0,541.0
148,36,1,1731.0,496.0
148,36,2,1768.0,479.0
148,36,3,1785.0,524.0
148,27,0,1590.0,468.0
148,27,1,1572.0,425.0
148,27,2,1610.0,408.0
148,27,3,1629.0,450.0
148,10,0,1492.0,723.0
148,10,1,1478.0,681.0
148,10,2,1519.0,665.0
148,10,3,1533.0,708.0
148,37,0,1695.0,417.0
148,37,1,1676.0,375.0
148,37,2,1713.0,357.0
148,37,3,1734.0,399.0
148,22,0,1509.0,434.0
148,22,1,1490.0,393.0
148,22,2,1528.0,374.0
148,22,3,1548.0,415.0
148,25,0,1680.0,714.0
148,25,1,1667.0,671.0
148,25,2,1706.0,654.0
148,25,3,1719.0,698.0
148,7,0,1370.0,569.0
148,7,1,1353.0,528.0
148,7,2,1392.0,510.0
148,7,3,1409.0,552.0
148,32,0,1616.0,383.0
148,32,1,1595.0,342.0
148,32,2,1632.0,324.0
148,32,3,1653.0,364.0
148,12,0,1400.0,486.0
148,12,1,1382.0,445.0
148,12,2,1420.0,427.0
148,12,3,1438.0,468.0
148,35,0,1787.0,666.0
148,35,1,1775.0,622.0
148,35,2,1812.0,605.0
148,35,3,1825.0,648.0
148,1,0,1338.0,650.0
148,1,1,1322.0,610.0
148,1,2,1361.0,592.0
148,1,3,1377.0,634.0
148,0,0,1379.0,764.0
148,0,1,1365.0,725.0
148,0,2,1406.0,709.0
148,0,3,1420.0,750.0
148,5,0,1454.0,801.0
148,5,1,1441.0,761.0
148,5,2,1482.0,747.0
148,5,3,1495.0,788.0
148,18,0,1427.0,402.0
148,18,1,1409.0,362.0
148,18,2,1446.0,345.0
148,18,3,1465.0,384.0
148,28,0,1534.0,349.0
148,28,1,1514.0,310.0
148,28,2,1550.0,293.0
148,28,3,1571.0,332.0
148,2,0,1292.0,536.0
148,2,1,1276.0,496.0
148,2,2,1313.0,479.0
148,2,3,1330.0,518.0
148,23,0,1452.0,320.0
148,23,1,1432.0,283.0
148,23,2,1468.0,264.0
148,23,3,1489.0,301.0
148,8,0,1320.0,455.0
148,8,1,1303.0,416.0
148,8,2,1339.0,398.0
148,8,3,1357.0,437.0
148,38,0,1637.0,299.0
148,38,1,1616.0,260.0
148,38,2,1650.0,243.0
148,38,3,1672.0,282.0
148,13,0,1346.0,373.0
148,13,1,1329.0,336.0
148,13,2,1364.0,317.0
148,13,3,1383.0,355.0
148,33,0,1556.0,269.0
148,33,1,1534.0,231.0
148,33,2,1568.0,214.0
148,33,3,1590.0,252.0
148,29,0,1474.0,240.0
148,29,1,1453.0,204.0
148,29,2,1487.0,188.0
148,29,3,1508.0,223.0
148,19,0,1371.0,293.0
148,19,1,1352.0,258.0
148,19,2,1386.0,240.0
148,19,3,1406.0,275.0
148,3,0,1244.0,427.0
148,3,1,1228.0,391.0
148,3,2,1262.0,373.0
148,3,3,1279.0,409.0
148,9,0,1269.0,348.0
148,9,1,1252.0,313.0
148,9,2,1286.0,295.0
148,9,3,1304.0,329.0
148,39,0,1573.0,190.0
148,39,1,1551.0,156.0
148,39,2,1583.0,140.0
148,39,3,1606.0,174.0
148,24,0,1392.0,216.0
148,24,1,1373.0,182.0
148,24,2,1405.0,165.0
148,24,3,1426.0,198.0
148,14,0,1292.0,271.0
148,14,1,1275.0,237.0
148,14,2,1307.0,219.0
148,14,3,1326.0,252.0
148,34,0,1491.0,164.0
148,34,1,1470.0,132.0
148,34,2,1502.0,115.0
148,34,3,1524.0,149.0
148,4,0,1195.0,326.0
148,4,1,1179.0,294.0
148,4,2,1211.0,276.0
148,4,3,1228.0,307.0
149,34,0,890.0,344.0
149,34,1,865.0,331.0
149,34,2,885.0,310.0
149,34,3,911.0,324.0
149,39,0,957.0,334.0
149,39,1,933.0,321.0
149,39,2,954.0,300.0
149,39,3,978.0,313.0
149,33,0,961.0,382.0
149,33,1,938.0,369.0
149,33,2,957.0,350.0
149,33,3,980.0,362.0
149,38,0,1023.0,373.0
149,38,1,1002.0,361.0
149,38,2,1022.0,341.0
149,38,3,1044.0,354.0
149,29,0,898.0,389.0
149,29,1,874.0,377.0
149,29,2,892.0,359.0
149,29,3,917.0,372.0
149,24,0,836.0,396.0
149,24,1,810.0,385.0
149,24,2,826.0,368.0
149,24,3,852.0,379.0
149,19,0,846.0,439.0
149,19,1,822.0,429.0
149,19,2,838.0,410.0
149,19,3,862.0,421.0
149,32,0,1024.0,416.0
149,32,1,1003.0,405.0
149,32,2,1023.0,387.0
149,32,3,1043.0,399.0
149,23,0,905.0,429.0
149,23,1,882.0,418.0
149,23,2,900.0,403.0
149,23,3,923.0,414.0
149,14,0,788.0,449.0
149,14,1,763.0,440.0
149,14,2,777.0,423.0
149,14,3,802.0,432.0
149,18,0,911.0,468.0
149,18,1,889.0,459.0
149,18,2,907.0,441.0
149,18,3,928.0,452.0
149,28,0,965.0,422.0
149,28,1,943.0,412.0
149,28,2,962.0,396.0
149,28,3,983.0,407.0
149,13,0,855.0,477.0
149,13,1,832.0,468.0
149,13,2,848.0,452.0
149,13,3,871.0,462.0
149,9,0,798.0,485.0
149,9,1,775.0,476.0
149,9,2,790.0,461.0
149,9,3,814.0,471.0
149,37,0,1080.0,407.0
149,37,1,1064.0,396.0
149,37,2,1086.0,381.0
149,37,3,1102.0,394.0
149,22,0,967.0,459.0
149,22,1,947.0,449.0
149,22,2,964.0,435.0
149,22,3,985.0,445.0
149,27,0,1024.0,452.0
149,27,1,1005.0,443.0
149,27,2,1023.0,429.0
149,27,3,1043.0,438.0
149,31,0,1078.0,447.0
149,31,1,1062.0,437.0
149,31,2,1081.0,422.0
149,31,3,1097.0,434.0
149,21,0,1024.0,487.0
149,21,1,1005.0,478.0
149,21,2,1022.0,464.0
149,21,3,1041.0,472.0
149,36,0,1133.0,441.0
149,36,1,1118.0,430.0
149,36,2,1137.0,416.0
149,36,3,1153.0,427.0
149,4,0,745.0,491.0
149,4,1,720.0,483.0
149,4,2,733.0,470.0
149,4,3,756.0,478.0
149,8,0,864.0,509.0
149,8,1,841.0,501.0
149,8,2,857.0,489.0
149,8,3,878.0,497.0
149,17,0,971.0,494.0
149,17,1,952.0,486.0
149,17,2,967.0,472.0
149,17,3,986.0,480.0
149,26,0,1076.0,480.0
149,26,1,1060.0,471.0
149,26,2,1077.0,458.0
149,26,3,1094.0,466.0
149,30,0,1129.0,473.0
149,30,1,1114.0,465.0
149,30,2,1130.0,454.0
149,30,3,1145.0,462.0
149,35,0,1180.0,468.0
149,35,1,1166.0,460.0
149,35,2,1183.0,449.0
149,35,3,1197.0,456.0
149,10,0,1024.0,549.0
149,10,1,1008.0,542.0
149,10,2,1023.0,530.0
149,10,3,1039.0,537.0
149,5,0,1023.0,575.0
149,5,1,1009.0,569.0
149,5,2,1024.0,559.0
149,5,3,1038.0,566.0
149,1,0,927.0,559.0
149,1,1,908.0,553.0
149,1,2,923.0,543.0
149,1,3,940.0,550.0
149,2,0,870.0,539.0
149,2,1,851.0,532.0
149,2,2,865.0,519.0
149,2,3,885.0,527.0
149,3,0,810.0,516.0
149,3,1,788.0,508.0
149,3,2,802.0,495.0
149,3,3,823.0,503.0
149,6,0,975.0,555.0
149,6,1,958.0,548.0
149,6,2,973.0,536.0
149,6,3,989.0,543.0
149,7,0,922.0,532.0
149,7,1,903.0,524.0
149,7,2,918.0,513.0
149,7,3,936.0,520.0
149,11,0,974.0,525.0
149,11,1,955.0,518.0
149,11,2,971.0,506.0
149,11,3,988.0,513.0
149,12,0,916.0,503.0
149,12,1,897.0,495.0
149,12,2,912.0,480.0
149,12,3,932.0,488.0
149,16,0,1023.0,519.0
149,16,1,1007.0,511.0
149,16,2,1022.0,499.0
149,16,3,1039.0,506.0
149,20,0,1074.0,512.0
149,20,1,1058.0,504.0
149,20,2,1074.0,492.0
149,20,3,1090.0,500.0
149,25,0,1124.0,506.0
149,25,1,1109.0,498.0
149,25,2,1125.0,486.0
149,25,3,1140.0,494.0
150,38,0,1147.0,417.0
150,38,1,1136.0,390.0
150,38,2,1163.0,381.0
150,38,3,1174.0,409.0
150,39,0,1112.0,337.0
150,39,1,1100.0,310.0
150,39,2,1125.0,299.0
150,39,3,1138.0,327.0
150,33,0,1093.0,391.0
150,33,1,1082.0,363.0
150,33,2,1107.0,354.0
150,33,3,1119.0,381.0
150,34,0,1057.0,312.0
150,34,1,1045.0,285.0
150,34,2,1069.0,275.0
150,34,3,1082.0,302.0
150,37,0,1180.0,496.0
150,37,1,1170.0,469.0
150,37,2,1195.0,462.0
150,37,3,1205.0,490.0
150,32,0,1127.0,468.0
150,32,1,1116.0,442.0
150,32,2,1142.0,434.0
150,32,3,1152.0,461.0
150,36,0,1209.0,573.0
150,36,1,1199.0,547.0
150,36,2,1225.0,542.0
150,36,3,1234.0,568.0
150,29,0,1041.0,365.0
150,29,1,1030.0,338.0
150,29,2,1052.0,329.0
150,29,3,1064.0,356.0
150,28,0,1075.0,441.0
150,28,1,1064.0,416.0
150,28,2,1088.0,407.0
150,28,3,1099.0,434.0
150,31,0,1158.0,543.0
150,31,1,1148.0,519.0
150,31,2,1173.0,512.0
150,31,3,1183.0,537.0
150,27,0,1108.0,516.0
150,27,1,1098.0,491.0
150,27,2,1121.0,484.0
150,27,3,1132.0,509.0
150,24,0,992.0,341.0
150,24,1,980.0,315.0
150,24,2,1001.0,306.0
150,24,3,1013.0,331.0
150,19,0,977.0,391.0
150,19,1,966.0,366.0
150,19,2,987.0,357.0
150,19,3,999.0,382.0
150,30,0,1187.0,616.0
150,30,1,1177.0,592.0
150,30,2,1202.0,587.0
150,30,3,1211.0,610.0
150,23,0,1026.0,415.0
150,23,1,1015.0,390.0
150,23,2,1036.0,382.0
150,23,3,1048.0,407.0
150,22,0,1059.0,488.0
150,22,1,1049.0,463.0
150,22,2,1070.0,457.0
150,22,3,1081.0,482.0
150,18,0,1011.0,463.0
150,18,1,1000.0,439.0
150,18,2,1021.0,431.0
150,18,3,1032.0,456.0
150,26,0,1138.0,587.0
150,26,1,1129.0,564.0
150,26,2,1152.0,559.0
150,26,3,1160.0,583.0
150,14,0,930.0,369.0
150,14,1,918.0,346.0
150,14,2,938.0,336.0
150,14,3,950.0,359.0
150,13,0,964.0,439.0
150,13,1,953.0,415.0
150,13,2,972.0,407.0
150,13,3,984.0,431.0
150,21,0,1091.0,560.0
150,21,1,1081.0,536.0
150,21,2,1102.0,531.0
150,21,3,1112.0,555.0
150,17,0,1044.0,533.0
150,17,1,1033.0,510.0
150,17,2,1054.0,504.0
150,17,3,1064.0,527.0
150,25,0,1166.0,655.0
150,25,1,1157.0,634.0
150,25,2,1180.0,629.0
150,25,3,1188.0,652.0
150,20,0,1119.0,627.0
150,20,1,1111.0,605.0
150,20,2,1132.0,601.0
150,20,3,1141.0,624.0
150,9,0,919.0,416.0
150,9,1,908.0,393.0
150,9,2,926.0,385.0
150,9,3,937.0,408.0
150,16,0,1073.0,600.0
150,16,1,1064.0,578.0
150,16,2,1085.0,574.0
150,16,3,1094.0,596.0
150,4,0,877.0,394.0
150,4,1,865.0,372.0
150,4,2,882.0,364.0
150,4,3,893.0,386.0
150,10,0,1058.0,639.0
150,10,1,1048.0,618.0
150,10,2,1068.0,614.0
150,10,3,1077.0,634.0
150,5,0,1041.0,675.0
150,5,1,1033.0,656.0
150,5,2,1052.0,652.0
150,5,3,1060.0,672.0
150,0,0,999.0,650.0
150,0,1,991.0,631.0
150,0,2,1009.0,627.0
150,0,3,1017.0,647.0
150,1,0,971.0,588.0
150,1,1,962.0,568.0
150,1,2,979.0,564.0
150,1,3,988.0,584.0
150,3,0,909.0,460.0
150,3,1,899.0,438.0
150,3,2,915.0,432.0
150,3,3,926.0,453.0
150,6,0,1013.0,613.0
150,6,1,1004.0,592.0
150,6,2,1023.0,589.0
150,6,3,1032.0,609.0
150,8,0,951.0,483.0
150,8,1,941.0,461.0
150,8,2,959.0,455.0
150,8,3,970.0,477.0
150,11,0,1028.0,574.0
150,11,1,1018.0,553.0
150,11,2,1038.0,548.0
150,11,3,1048.0,569.0
150,12,0,997.0,508.0
150,12,1,986.0,485.0
150,12,2,1006.0,478.0
150,12,3,1016.0,502.0
150,15,0,1102.0,665.0
150,15,1,1093.0,644.0
150,15,2,1113.0,641.0
150,15,3,1122.0,662.0
150,35,0,1235.0,644.0
150,35,1,1227.0,621.0
150,35,2,1252.0,616.0
150,35,3,1260.0,641.0
151,35,0,1378.0,747.0
151,35,1,1363.0,718.0
151,35,2,1392.0,702.0
151,35,3,1406.0,732.0
151,30,0,1315.0,726.0
151,30,1,1301.0,698.0
151,30,2,1329.0,682.0
151,30,3,1343.0,712.0
151,25,0,1295.0,790.0
151,25,1,1281.0,761.0
151,25,2,1310.0,747.0
151,25,3,1323.0,775.0
151,36,0,1335.0,661.0
151,36,1,1321.0,632.0
151,36,2,1347.0,617.0
151,36,3,1362.0,646.0
151,20,0,1235.0,769.0
151,20,1,1221.0,740.0
151,20,2,1249.0,726.0
151,20,3,1262.0,754.0
151,15,0,1213.0,830.0
151,15,1,1200.0,801.0
151,15,2,1228.0,788.0
151,15,3,1241.0,816.0
151,26,0,1255.0,706.0
151,26,1,1241.0,677.0
151,26,2,1268.0,663.0
151,26,3,1282.0,691.0
151,21,0,1195.0,686.0
151,21,1,1182.0,659.0
151,21,2,1208.0,644.0
151,21,3,1222.0,671.0
151,16,0,1175.0,747.0
151,16,1,1163.0,719.0
151,16,2,1190.0,706.0
151,16,3,1202.0,734.0
151,37,0,1291.0,579.0
151,37,1,1277.0,552.0
151,37,2,1302.0,537.0
151,37,3,1317.0,563.0
151,10,0,1155.0,807.0
151,10,1,1143.0,779.0
151,10,2,1170.0,767.0
151,10,3,1182.0,794.0
151,27,0,1213.0,624.0
151,27,1,1200.0,597.0
151,27,2,1224.0,582.0
151,27,3,1239.0,609.0
151,11,0,1119.0,727.0
151,11,1,1106.0,700.0
151,11,2,1132.0,686.0
151,11,3,1144.0,714.0
151,5,0,1135.0,865.0
151,5,1,1123.0,838.0
151,5,2,1149.0,826.0
151,5,3,1161.0,854.0
151,32,0,1230.0,561.0
151,32,1,1217.0,535.0
151,32,2,1242.0,521.0
151,32,3,1256.0,547.0
151,17,0,1138.0,667.0
151,17,1,1125.0,640.0
151,17,2,1151.0,627.0
151,17,3,1163.0,653.0
151,22,0,1156.0,607.0
151,22,1,1143.0,581.0
151,22,2,1167.0,566.0
151,22,3,1181.0,592.0
151,6,0,1100.0,786.0
151,6,1,1088.0,758.0
151,6,2,1113.0,746.0
151,6,3,1125.0,773.0
151,12,0,1082.0,649.0
151,12,1,1070.0,623.0
151,12,2,1094.0,609.0
151,12,3,1106.0,636.0
151,0,0,1081.0,842.0
151,0,1,1070.0,815.0
151,0,2,1094.0,804.0
151,0,3,1106.0,831.0
151,7,0,1064.0,707.0
151,7,1,1053.0,681.0
151,7,2,1076.0,668.0
151,7,3,1088.0,694.0
151,1,0,1047.0,764.0
151,1,1,1036.0,739.0
151,1,2,1059.0,726.0
151,1,3,1071.0,752.0
151,13,0,1046.0,574.0
151,13,1,1035.0,550.0
151,13,2,1057.0,536.0
151,13,3,1070.0,560.0
151,23,0,1117.0,531.0
151,23,1,1105.0,507.0
151,23,2,1128.0,493.0
151,23,3,1140.0,517.0
151,8,0,1030.0,632.0
151,8,1,1019.0,606.0
151,8,2,1040.0,593.0
151,8,3,1052.0,619.0
151,2,0,1013.0,688.0
151,2,1,1003.0,663.0
151,2,2,1024.0,650.0
151,2,3,1036.0,676.0
151,24,0,1079.0,461.0
151,24,1,1068.0,439.0
151,24,2,1090.0,425.0
151,24,3,1102.0,447.0
151,3,0,982.0,616.0
151,3,1,971.0,592.0
151,3,2,991.0,579.0
151,3,3,1002.0,603.0
151,4,0,951.0,547.0
151,4,1,942.0,524.0
151,4,2,960.0,512.0
151,4,3,970.0,534.0
151,9,0,996.0,560.0
151,9,1,986.0,537.0
151,9,2,1007.0,524.0
151,9,3,1018.0,546.0
151,14,0,1012.0,504.0
151,14,1,1002.0,482.0
151,14,2,1023.0,469.0
151,14,3,1034.0,490.0
151,18,0,1100.0,590.0
151,18,1,1088.0,565.0
151,18,2,1112.0,551.0
151,18,3,1124.0,576.0
151,19,0,1063.0,517.0
151,19,1,1052.0,494.0
151,19,2,1075.0,481.0
151,19,3,1087.0,503.0
151,28,0,1173.0,546.0
151,28,1,1160.0,520.0
151,28,2,1183.0,506.0
151,28,3,1196.0,531.0
151,29,0,1133.0,473.0
151,29,1,1120.0,450.0
151,29,2,1143.0,435.0
151,29,3,1155.0,458.0
151,31,0,1273.0,642.0
151,31,1,1259.0,614.0
151,31,2,1286.0,600.0
151,31,3,1300.0,627.0
151,33,0,1187.0,485.0
151,33,1,1175.0,460.0
151,33,2,1199.0,447.0
151,33,3,1212.0,471.0
151,34,0,1148.0,415.0
151,34,1,1135.0,393.0
151,34,2,1157.0,379.0
151,34,3,1170.0,399.0
152,25,0,1664.0,736.0
152,25,1,1646.0,694.0
152,25,2,1688.0,673.0
152,25,3,1706.0,715.0
152,35,0,1784.0,673.0
152,35,1,1763.0,632.0
152,35,2,1802.0,611.0
152,35,3,1824.0,653.0
152,15,0,1540.0,793.0
152,15,1,1527.0,751.0
152,15,2,1569.0,732.0
152,15,3,1583.0,775.0
152,30,0,1696.0,645.0
152,30,1,1678.0,607.0
152,30,2,1716.0,586.0
152,30,3,1737.0,624.0
152,5,0,1422.0,845.0
152,5,1,1412.0,804.0
152,5,2,1452.0,786.0
152,5,3,1463.0,827.0
152,20,0,1581.0,706.0
152,20,1,1566.0,667.0
152,20,2,1605.0,647.0
152,20,3,1621.0,686.0
152,10,0,1464.0,761.0
152,10,1,1453.0,722.0
152,10,2,1491.0,703.0
152,10,3,1504.0,742.0
152,26,0,1614.0,621.0
152,26,1,1598.0,585.0
152,26,2,1634.0,565.0
152,26,3,1652.0,601.0
152,0,0,1353.0,809.0
152,0,1,1345.0,771.0
152,0,2,1383.0,755.0
152,0,3,1392.0,793.0
152,16,0,1503.0,679.0
152,16,1,1490.0,643.0
152,16,2,1527.0,624.0
152,16,3,1541.0,660.0
152,6,0,1394.0,731.0
152,6,1,1385.0,696.0
152,6,2,1421.0,678.0
152,6,3,1431.0,714.0
152,31,0,1642.0,540.0
152,31,1,1625.0,508.0
152,31,2,1659.0,489.0
152,31,3,1677.0,520.0
152,21,0,1537.0,599.0
152,21,1,1523.0,568.0
152,21,2,1558.0,548.0
152,21,3,1573.0,581.0
152,11,0,1432.0,654.0
152,11,1,1421.0,623.0
152,11,2,1456.0,604.0
152,11,3,1468.0,636.0
152,1,0,1331.0,705.0
152,1,1,1324.0,672.0
152,1,2,1356.0,655.0
152,1,3,1365.0,688.0
152,27,0,1567.0,524.0
152,27,1,1552.0,496.0
152,27,2,1584.0,477.0
152,27,3,1599.0,505.0
152,37,0,1665.0,464.0
152,37,1,1647.0,437.0
152,37,2,1678.0,417.0
152,37,3,1697.0,443.0
152,17,0,1466.0,581.0
152,17,1,1455.0,552.0
152,17,2,1487.0,534.0
152,17,3,1500.0,562.0
152,7,0,1367.0,633.0
152,7,1,1359.0,603.0
152,7,2,1391.0,586.0
152,7,3,1400.0,616.0
152,22,0,1496.0,510.0
152,22,1,1484.0,485.0
152,22,2,1515.0,466.0
152,22,3,1528.0,491.0
152,2,0,1309.0,614.0
152,2,1,1302.0,587.0
152,2,2,1332.0,571.0
152,2,3,1339.0,597.0
152,12,0,1400.0,563.0
152,12,1,1392.0,536.0
152,12,2,1423.0,520.0
152,12,3,1432.0,546.0
152,18,0,1431.0,498.0
152,18,1,1422.0,474.0
152,18,2,1451.0,458.0
152,18,3,1461.0,481.0
152,32,0,1590.0,453.0
152,32,1,1576.0,429.0
152,32,2,1605.0,409.0
152,32,3,1622.0,433.0
152,36,0,1723.0,558.0
152,36,1,1703.0,524.0
152,36,2,1738.0,504.0
152,36,3,1760.0,538.0
153,5,0,1127.0,900.0
153,5,1,1116.0,861.0
153,5,2,1157.0,849.0
153,5,3,1169.0,887.0
153,10,0,1169.0,823.0
153,10,1,1157.0,788.0
153,10,2,1196.0,776.0
153,10,3,1209.0,811.0
153,1,0,1022.0,755.0
153,1,1,1013.0,722.0
153,1,2,1050.0,710.0
153,1,3,1060.0,743.0
153,17,0,1169.0,655.0
153,17,1,1158.0,627.0
153,17,2,1192.0,616.0
153,17,3,1204.0,642.0
153,0,0,1051.0,861.0
153,0,1,1040.0,824.0
153,0,2,1081.0,812.0
153,0,3,1092.0,848.0
153,2,0,995.0,659.0
153,2,1,988.0,632.0
153,2,2,1023.0,622.0
153,2,3,1031.0,649.0
153,3,0,973.0,578.0
153,3,1,966.0,555.0
153,3,2,999.0,545.0
153,3,3,1005.0,568.0
153,6,0,1093.0,788.0
153,6,1,1083.0,754.0
153,6,2,1122.0,743.0
153,6,3,1133.0,775.0
153,7,0,1062.0,688.0
153,7,1,1053.0,659.0
153,7,2,1088.0,648.0
153,7,3,1099.0,677.0
153,15,0,1248.0,860.0
153,15,1,1235.0,824.0
153,15,2,1274.0,811.0
153,15,3,1287.0,848.0
153,16,0,1207.0,751.0
153,16,1,1195.0,720.0
153,16,2,1232.0,708.0
153,16,3,1245.0,739.0
153,20,0,1284.0,785.0
153,20,1,1270.0,752.0
153,20,2,1308.0,738.0
153,20,3,1322.0,771.0
153,25,0,1363.0,818.0
153,25,1,1347.0,783.0
153,25,2,1385.0,769.0
153,25,3,1400.0,803.0
154,26,0,1360.0,654.0
154,26,1,1346.0,614.0
154,26,2,1382.0,600.0
154,26,3,1397.0,639.0
154,21,0,1287.0,619.0
154,21,1,1272.0,581.0
154,21,2,1310.0,566.0
154,21,3,1324.0,605.0
154,16,0,1253.0,695.0
154,16,1,1239.0,656.0
154,16,2,1277.0,642.0
154,16,3,1290.0,681.0
154,17,0,1213.0,585.0
154,17,1,1198.0,546.0
154,17,2,1235.0,532.0
154,17,3,1250.0,570.0
154,31,0,1392.0,577.0
154,31,1,1378.0,538.0
154,31,2,1414.0,524.0
154,31,3,1429.0,564.0
154,10,0,1218.0,769.0
154,10,1,1204.0,731.0
154,10,2,1242.0,717.0
154,10,3,1256.0,755.0
154,11,0,1179.0,660.0
154,11,1,1165.0,622.0
154,11,2,1203.0,608.0
154,11,3,1217.0,646.0
154,36,0,1464.0,613.0
154,36,1,1450.0,574.0
154,36,2,1486.0,559.0
154,36,3,1500.0,599.0
154,7,0,1105.0,626.0
154,7,1,1091.0,588.0
154,7,2,1128.0,574.0
154,7,3,1143.0,612.0
154,30,0,1429.0,688.0
154,30,1,1417.0,649.0
154,30,2,1453.0,635.0
154,30,3,1467.0,674.0
154,20,0,1325.0,729.0
154,20,1,1312.0,690.0
154,20,2,1349.0,676.0
154,20,3,1362.0,715.0
154,22,0,1244.0,508.0
154,22,1,1229.0,471.0
154,22,2,1266.0,456.0
154,22,3,1282.0,493.0
154,12,0,1137.0,551.0
154,12,1,1123.0,513.0
154,12,2,1160.0,499.0
154,12,3,1175.0,536.0
154,6,0,1145.0,734.0
154,6,1,1131.0,696.0
154,6,2,1169.0,683.0
154,6,3,1183.0,720.0
154,27,0,1320.0,543.0
154,27,1,1305.0,504.0
154,27,2,1341.0,490.0
154,27,3,1356.0,528.0
154,15,0,1289.0,803.0
154,15,1,1276.0,765.0
154,15,2,1314.0,751.0
154,15,3,1326.0,789.0
154,37,0,1424.0,501.0
154,37,1,1409.0,462.0
154,37,2,1444.0,448.0
154,37,3,1460.0,486.0
154,1,0,1073.0,699.0
154,1,1,1059.0,662.0
154,1,2,1095.0,648.0
154,1,3,1110.0,687.0
154,25,0,1394.0,762.0
154,25,1,1382.0,724.0
154,25,2,1420.0,711.0
154,25,3,1431.0,749.0
154,18,0,1169.0,475.0
154,18,1,1154.0,439.0
154,18,2,1191.0,424.0
154,18,3,1206.0,461.0
154,8,0,1063.0,519.0
154,8,1,1049.0,482.0
154,8,2,1084.0,467.0
154,8,3,1100.0,504.0
154,0,0,1112.0,804.0
154,0,1,1098.0,767.0
154,0,2,1135.0,755.0
154,0,3,1149.0,792.0
154,5,0,1182.0,838.0
154,5,1,1169.0,801.0
154,5,2,1207.0,790.0
154,5,3,1220.0,826.0
154,2,0,1033.0,593.0
154,2,1,1019.0,556.0
154,2,2,1055.0,542.0
154,2,3,1069.0,579.0
154,35,0,1496.0,722.0
154,35,1,1486.0,684.0
154,35,2,1522.0,670.0
154,35,3,1532.0,708.0
154,32,0,1350.0,466.0
154,32,1,1335.0,428.0
154,32,2,1370.0,415.0
154,32,3,1385.0,452.0
154,13,0,1094.0,444.0
154,13,1,1080.0,408.0
154,13,2,1115.0,393.0
154,13,3,1130.0,430.0
154,23,0,1199.0,400.0
154,23,1,1184.0,365.0
154,23,2,1219.0,350.0
154,23,3,1235.0,386.0
154,38,0,1379.0,391.0
154,38,1,1363.0,354.0
154,38,2,1396.0,341.0
154,38,3,1413.0,377.0
154,33,0,1304.0,359.0
154,33,1,1288.0,323.0
154,33,2,1322.0,310.0
154,33,3,1338.0,344.0
154,3,0,992.0,488.0
154,3,1,979.0,453.0
154,3,2,1013.0,438.0
154,3,3,1027.0,473.0
154,19,0,1124.0,370.0
154,19,1,1110.0,335.0
154,19,2,1144.0,321.0
154,19,3,1159.0,356.0
154,9,0,1021.0,415.0
154,9,1,1008.0,381.0
154,9,2,1042.0,366.0
154,9,3,1057.0,399.0
154,29,0,1228.0,327.0
154,29,1,1213.0,293.0
154,29,2,1247.0,280.0
154,29,3,1263.0,312.0
154,14,0,1051.0,343.0
154,14,1,1037.0,309.0
154,14,2,1071.0,295.0
154,14,3,1086.0,327.0
154,4,0,952.0,389.0
154,4,1,939.0,356.0
154,4,2,972.0,340.0
154,4,3,986.0,372.0
154,24,0,1153.0,298.0
154,24,1,1138.0,266.0
154,24,2,1172.0,252.0
154,24,3,1187.0,284.0
154,28,0,1275.0,432.0
154,28,1,1260.0,396.0
154,28,2,1295.0,382.0
154,28,3,1311.0,418.0
155,39,0,1087.0,314.0
155,39,1,1073.0,289.0
155,39,2,1099.0,278.0
155,39,3,1114.0,304.0
155,34,0,1027.0,295.0
155,34,1,1012.0,270.0
155,34,2,1036.0,259.0
155,34,3,1052.0,285.0
155,38,0,1130.0,385.0
155,38,1,1117.0,361.0
155,38,2,1143.0,350.0
155,38,3,1157.0,375.0
155,33,0,1072.0,366.0
155,33,1,1058.0,343.0
155,33,2,1084.0,331.0
155,33,3,1098.0,355.0
155,29,0,1015.0,346.0
155,29,1,1001.0,322.0
155,29,2,1024.0,312.0
155,29,3,1039.0,336.0
155,32,0,1113.0,432.0
155,32,1,1101.0,409.0
155,32,2,1126.0,401.0
155,32,3,1138.0,423.0
155,37,0,1169.0,451.0
155,37,1,1157.0,429.0
155,37,2,1183.0,421.0
155,37,3,1194.0,444.0
155,24,0,959.0,326.0
155,24,1,945.0,303.0
155,24,2,966.0,294.0
155,24,3,980.0,317.0
155,23,0,1005.0,393.0
155,23,1,990.0,370.0
155,23,2,1012.0,362.0
155,23,3,1027.0,384.0
155,19,0,949.0,375.0
155,19,1,935.0,353.0
155,19,2,957.0,343.0
155,19,3,971.0,366.0
155,28,0,1059.0,412.0
155,28,1,1045.0,391.0
155,28,2,1069.0,382.0
155,28,3,1082.0,404.0
155,36,0,1203.0,514.0
155,36,1,1192.0,494.0
155,36,2,1216.0,486.0
155,36,3,1227.0,507.0
155,18,0,993.0,437.0
155,18,1,980.0,416.0
155,18,2,1000.0,407.0
155,18,3,1015.0,429.0
155,14,0,895.0,359.0
155,14,1,881.0,338.0
155,14,2,901.0,328.0
155,14,3,916.0,349.0
155,31,0,1151.0,494.0
155,31,1,1139.0,475.0
155,31,2,1164.0,466.0
155,31,3,1174.0,487.0
155,22,0,1047.0,455.0
155,22,1,1033.0,434.0
155,22,2,1056.0,427.0
155,22,3,1068.0,448.0
155,27,0,1098.0,474.0
155,27,1,1086.0,454.0
155,27,2,1109.0,447.0
155,27,3,1121.0,468.0
155,13,0,942.0,421.0
155,13,1,927.0,400.0
155,13,2,947.0,391.0
155,13,3,962.0,411.0
155,9,0,890.0,404.0
155,9,1,875.0,384.0
155,9,2,894.0,375.0
155,9,3,909.0,395.0
155,21,0,1084.0,513.0
155,21,1,1073.0,494.0
155,21,2,1095.0,488.0
155,21,3,1106.0,507.0
155,17,0,1034.0,495.0
155,17,1,1022.0,476.0
155,17,2,1043.0,469.0
155,17,3,1055.0,488.0
155,26,0,1135.0,532.0
155,26,1,1124.0,513.0
155,26,2,1146.0,507.0
155,26,3,1156.0,526.0
155,8,0,933.0,461.0
155,8,1,920.0,442.0
155,8,2,939.0,435.0
155,8,3,952.0,455.0
155,30,0,1184.0,550.0
155,30,1,1175.0,534.0
155,30,2,1196.0,527.0
155,30,3,1206.0,544.0
155,3,0,885.0,444.0
155,3,1,871.0,424.0
155,3,2,889.0,418.0
155,3,3,903.0,436.0
155,16,0,1071.0,550.0
155,16,1,1060.0,532.0
155,16,2,1080.0,526.0
155,16,3,1092.0,543.0
155,20,0,1120.0,567.0
155,20,1,1109.0,550.0
155,20,2,1130.0,545.0
155,20,3,1140.0,562.0
155,2,0,927.0,499.0
155,2,1,914.0,480.0
155,2,2,932.0,474.0
155,2,3,944.0,492.0
155,10,0,1058.0,585.0
155,10,1,1047.0,568.0
155,10,2,1068.0,563.0
155,10,3,1078.0,579.0
155,1,0,966.0,550.0
155,1,1,954.0,534.0
155,1,2,971.0,528.0
155,1,3,983.0,545.0
155,5,0,1046.0,616.0
155,5,1,1036.0,602.0
155,5,2,1054.0,597.0
155,5,3,1064.0,613.0
155,6,0,1011.0,567.0
155,6,1,1001.0,550.0
155,6,2,1018.0,545.0
155,6,3,1030.0,562.0
155,7,0,974.0,515.0
155,7,1,962.0,498.0
155,7,2,981.0,492.0
155,7,3,993.0,509.0
155,11,0,1022.0,532.0
155,11,1,1011.0,515.0
155,11,2,1031.0,509.0
155,11,3,1043.0,526.0
155,12,0,984.0,479.0
155,12,1,970.0,460.0
155,12,2,990.0,451.0
155,12,3,1003.0,471.0
155,15,0,1104.0,602.0
155,15,1,1095.0,586.0
155,15,2,1114.0,580.0
155,15,3,1124.0,597.0
155,25,0,1167.0,586.0
155,25,1,1158.0,568.0
155,25,2,1179.0,563.0
155,25,3,1188.0,580.0
155,35,0,1234.0,570.0
155,35,1,1224.0,553.0
155,35,2,1248.0,547.0
155,35,3,1256.0,565.0
156,35,0,1430.0,1074.0
156,35,1,1431.0,1040.0
156,35,2,1475.0,1040.0
156,35,3,1476.0,1076.0
156,25,0,1295.0,1071.0
156,25,1,1301.0,1038.0
156,25,2,1346.0,1038.0
156,25,3,1342.0,1071.0
156,15,0,1165.0,1063.0
156,15,1,1175.0,1032.0
156,15,2,1218.0,1035.0
156,15,3,1210.0,1067.0
156,5,0,1041.0,1044.0
156,5,1,1056.0,1015.0
156,5,2,1096.0,1021.0
156,5,3,1083.0,1051.0
156,20,0,1241.0,1022.0
156,20,1,1247.0,992.0
156,20,2,1290.0,992.0
156,20,3,1285.0,1021.0
156,30,0,1367.0,1023.0
156,30,1,1370.0,994.0
156,30,2,1412.0,994.0
156,30,3,1411.0,1024.0
156,10,0,1120.0,1011.0
156,10,1,1130.0,984.0
156,10,2,1171.0,988.0
156,10,3,1162.0,1016.0
156,36,0,1430.0,979.0
156,36,1,1430.0,952.0
156,36,2,1470.0,951.0
156,36,3,1472.0,978.0
156,0,0,1006.0,995.0
156,0,1,1020.0,970.0
156,0,2,1058.0,975.0
156,0,3,1045.0,1000.0
156,16,0,1193.0,977.0
156,16,1,1200.0,950.0
156,16,2,1239.0,951.0
156,16,3,1232.0,978.0
156,26,0,1310.0,979.0
156,26,1,1314.0,953.0
156,26,2,1353.0,954.0
156,26,3,1351.0,981.0
156,6,0,1080.0,965.0
156,6,1,1092.0,941.0
156,6,2,1128.0,945.0
156,6,3,1118.0,970.0
156,21,0,1259.0,940.0
156,21,1,1264.0,916.0
156,21,2,1301.0,916.0
156,21,3,1298.0,940.0
156,31,0,1372.0,943.0
156,31,1,1373.0,919.0
156,31,2,1411.0,918.0
156,31,3,1411.0,941.0
156,11,0,1149.0,934.0
156,11,1,1158.0,912.0
156,11,2,1194.0,914.0
156,11,3,1186.0,938.0
156,1,0,1046.0,925.0
156,1,1,1058.0,905.0
156,1,2,1091.0,907.0
156,1,3,1081.0,929.0
156,27,0,1321.0,906.0
156,27,1,1322.0,884.0
156,27,2,1358.0,885.0
156,27,3,1357.0,906.0
156,17,0,1213.0,904.0
156,17,1,1220.0,883.0
156,17,2,1254.0,883.0
156,17,3,1249.0,905.0
156,37,0,1427.0,906.0
156,37,1,1427.0,886.0
156,37,2,1462.0,883.0
156,37,3,1464.0,903.0
156,7,0,1111.0,898.0
156,7,1,1121.0,878.0
156,7,2,1153.0,880.0
156,7,3,1145.0,901.0
156,32,0,1374.0,875.0
156,32,1,1376.0,855.0
156,32,2,1409.0,854.0
156,32,3,1410.0,875.0
156,22,0,1272.0,873.0
156,22,1,1276.0,854.0
156,22,2,1310.0,853.0
156,22,3,1308.0,873.0
156,12,0,1173.0,870.0
156,12,1,1179.0,852.0
156,12,2,1212.0,853.0
156,12,3,1207.0,872.0
156,38,0,1425.0,845.0
156,38,1,1423.0,827.0
156,38,2,1455.0,826.0
156,38,3,1457.0,845.0
156,18,0,1231.0,844.0
156,18,1,1234.0,827.0
156,18,2,1265.0,827.0
156,18,3,1263.0,844.0
156,28,0,1327.0,844.0
156,28,1,1328.0,827.0
156,28,2,1360.0,827.0
156,28,3,1360.0,845.0
156,8,0,1136.0,841.0
156,8,1,1143.0,824.0
156,8,2,1174.0,824.0
156,8,3,1168.0,841.0
156,33,0,1375.0,818.0
156,33,1,1376.0,801.0
156,33,2,1406.0,801.0
156,33,3,1407.0,818.0
156,23,0,1283.0,818.0
156,23,1,1285.0,802.0
156,23,2,1316.0,801.0
156,23,3,1315.0,817.0
156,13,0,1191.0,816.0
156,13,1,1198.0,801.0
156,13,2,1226.0,801.0
156,13,3,1223.0,817.0
156,3,0,1104.0,815.0
156,3,1,1111.0,800.0
156,3,2,1140.0,800.0
156,3,3,1134.0,815.0
156,39,0,1421.0,792.0
156,39,1,1419.0,777.0
156,39,2,1448.0,776.0
156,39,3,1450.0,791.0
156,29,0,1332.0,793.0
156,29,1,1333.0,778.0
156,29,2,1361.0,778.0
156,29,3,1361.0,792.0
156,34,0,1375.0,770.0
156,34,1,1375.0,756.0
156,34,2,1403.0,754.0
156,34,3,1404.0,769.0
156,9,0,1157.0,792.0
156,9,1,1164.0,778.0
156,9,2,1191.0,780.0
156,9,3,1186.0,793.0
156,24,0,1290.0,771.0
156,24,1,1293.0,758.0
156,24,2,1320.0,757.0
156,24,3,1319.0,770.0
156,4,0,1126.0,770.0
156,4,1,1132.0,757.0
156,4,2,1158.0,757.0
156,4,3,1153.0,771.0
156,2,0,1078.0,865.0
156,2,1,1087.0,848.0
156,2,2,1118.0,849.0
156,2,3,1109.0,868.0
156,14,0,1207.0,771.0
156,14,1,1211.0,758.0
156,14,2,1239.0,758.0
156,14,3,1234.0,772.0
156,19,0,1243.0,792.0
156,19,1,1247.0,779.0
156,19,2,1275.0,778.0
156,19,3,1271.0,794.0
157,25,0,1300.0,799.0
157,25,1,1287.0,770.0
157,25,2,1317.0,756.0
157,25,3,1329.0,786.0
157,30,0,1323.0,735.0
157,30,1,1311.0,705.0
157,30,2,1338.0,691.0
157,30,3,1352.0,721.0
157,15,0,1215.0,837.0
157,15,1,1203.0,808.0
157,15,2,1233.0,796.0
157,15,3,1244.0,824.0
157,20,0,1239.0,775.0
157,20,1,1228.0,746.0
157,20,2,1256.0,733.0
157,20,3,1268.0,762.0
157,26,0,1263.0,712.0
157,26,1,1251.0,684.0
157,26,2,1278.0,670.0
157,26,3,1291.0,698.0
157,10,0,1158.0,813.0
157,10,1,1147.0,784.0
157,10,2,1174.0,772.0
157,10,3,1186.0,800.0
157,31,0,1284.0,649.0
157,31,1,1271.0,622.0
157,31,2,1298.0,608.0
157,31,3,1312.0,634.0
157,16,0,1181.0,752.0
157,16,1,1170.0,724.0
157,16,2,1196.0,711.0
157,16,3,1209.0,739.0
157,21,0,1204.0,691.0
157,21,1,1193.0,663.0
157,21,2,1219.0,650.0
157,21,3,1231.0,678.0
157,5,0,1134.0,871.0
157,5,1,1124.0,843.0
157,5,2,1150.0,832.0
157,5,3,1161.0,861.0
157,11,0,1125.0,730.0
157,11,1,1114.0,703.0
157,11,2,1140.0,690.0
157,11,3,1152.0,717.0
157,27,0,1225.0,629.0
157,27,1,1213.0,602.0
157,27,2,1238.0,589.0
157,27,3,1251.0,615.0
157,6,0,1103.0,789.0
157,6,1,1093.0,761.0
157,6,2,1118.0,749.0
157,6,3,1129.0,777.0
157,17,0,1147.0,670.0
157,17,1,1136.0,644.0
157,17,2,1162.0,631.0
157,17,3,1173.0,657.0
157,0,0,1081.0,846.0
157,0,1,1071.0,819.0
157,0,2,1097.0,808.0
157,0,3,1107.0,835.0
157,7,0,1072.0,709.0
157,7,1,1062.0,682.0
157,7,2,1086.0,670.0
157,7,3,1097.0,696.0
157,22,0,1169.0,611.0
157,22,1,1157.0,586.0
157,22,2,1182.0,572.0
157,22,3,1193.0,597.0
157,1,0,1052.0,766.0
157,1,1,1042.0,740.0
157,1,2,1066.0,728.0
157,1,3,1076.0,754.0
157,2,0,1023.0,689.0
157,2,1,1013.0,663.0
157,2,2,1035.0,651.0
157,2,3,1045.0,677.0
157,23,0,1134.0,536.0
157,23,1,1123.0,512.0
157,23,2,1146.0,499.0
157,23,3,1157.0,522.0
157,8,0,1041.0,632.0
157,8,1,1032.0,608.0
157,8,2,1054.0,595.0
157,8,3,1065.0,619.0
157,13,0,1061.0,576.0
157,13,1,1052.0,552.0
157,13,2,1074.0,539.0
157,13,3,1085.0,563.0
157,3,0,994.0,615.0
157,3,1,986.0,592.0
157,3,2,1007.0,580.0
157,3,3,1016.0,603.0
157,4,0,969.0,547.0
157,4,1,961.0,525.0
157,4,2,980.0,514.0
157,4,3,988.0,535.0
157,9,0,1012.0,560.0
157,9,1,1004.0,538.0
157,9,2,1025.0,526.0
157,9,3,1034.0,548.0
157,12,0,1092.0,650.0
157,12,1,1082.0,625.0
157,12,2,1107.0,612.0
157,12,3,1118.0,638.0
157,14,0,1031.0,506.0
157,14,1,1022.0,485.0
157,14,2,1044.0,473.0
157,14,3,1053.0,494.0
157,18,0,1114.0,593.0
157,18,1,1103.0,568.0
157,18,2,1128.0,556.0
157,18,3,1138.0,580.0
157,19,0,1081.0,521.0
157,19,1,1071.0,498.0
157,19,2,1095.0,486.0
157,19,3,1105.0,508.0
157,24,0,1100.0,466.0
157,24,1,1090.0,445.0
157,24,2,1112.0,432.0
157,24,3,1122.0,453.0
157,28,0,1187.0,551.0
157,28,1,1176.0,527.0
157,28,2,1200.0,513.0
157,28,3,1212.0,536.0
157,32,0,1244.0,567.0
157,32,1,1232.0,543.0
157,32,2,1258.0,529.0
157,32,3,1271.0,554.0
157,33,0,1206.0,492.0
157,33,1,1194.0,468.0
157,33,2,1218.0,455.0
157,33,3,1230.0,479.0
157,35,0,1386.0,758.0
157,35,1,1373.0,728.0
157,35,2,1401.0,713.0
157,35,3,1415.0,744.0
157,36,0,1346.0,670.0
157,36,1,1332.0,642.0
157,36,2,1360.0,627.0
157,36,3,1373.0,656.0
157,37,0,1305.0,586.0
157,37,1,1292.0,560.0
157,37,2,1317.0,546.0
157,37,3,1331.0,571.0
158,15,0,1219.0,817.0
158,15,1,1208.0,781.0
158,15,2,1245.0,768.0
158,15,3,1257.0,805.0
158,5,0,1111.0,852.0
158,5,1,1101.0,815.0
158,5,2,1138.0,804.0
158,5,3,1149.0,840.0
158,25,0,1327.0,779.0
158,25,1,1314.0,743.0
158,25,2,1350.0,729.0
158,25,3,1363.0,766.0
158,0,0,1043.0,816.0
158,0,1,1034.0,780.0
158,0,2,1070.0,768.0
158,0,3,1080.0,805.0
158,20,0,1256.0,746.0
158,20,1,1244.0,710.0
158,20,2,1279.0,697.0
158,20,3,1292.0,733.0
158,10,0,1150.0,782.0
158,10,1,1139.0,746.0
158,10,2,1175.0,734.0
158,10,3,1186.0,770.0
158,30,0,1360.0,707.0
158,30,1,1347.0,671.0
158,30,2,1380.0,658.0
158,30,3,1394.0,693.0
158,16,0,1186.0,712.0
158,16,1,1174.0,678.0
158,16,2,1210.0,666.0
158,16,3,1222.0,700.0
158,35,0,1430.0,739.0
158,35,1,1417.0,703.0
158,35,2,1450.0,691.0
158,35,3,1463.0,727.0
158,6,0,1081.0,747.0
158,6,1,1071.0,713.0
158,6,2,1107.0,701.0
158,6,3,1117.0,735.0
158,26,0,1290.0,675.0
158,26,1,1276.0,641.0
158,26,2,1310.0,628.0
158,26,3,1324.0,661.0
158,1,0,1016.0,714.0
158,1,1,1008.0,681.0
158,1,2,1041.0,669.0
158,1,3,1051.0,703.0
158,21,0,1219.0,644.0
158,21,1,1208.0,611.0
158,21,2,1242.0,600.0
158,21,3,1254.0,631.0
158,11,0,1117.0,679.0
158,11,1,1107.0,647.0
158,11,2,1142.0,636.0
158,11,3,1153.0,667.0
158,7,0,1052.0,649.0
158,7,1,1043.0,618.0
158,7,2,1076.0,606.0
158,7,3,1086.0,638.0
158,17,0,1152.0,614.0
158,17,1,1141.0,584.0
158,17,2,1174.0,572.0
158,17,3,1185.0,602.0
158,2,0,990.0,620.0
158,2,1,982.0,591.0
158,2,2,1015.0,579.0
158,2,3,1023.0,609.0
158,22,0,1183.0,551.0
158,22,1,1173.0,522.0
158,22,2,1204.0,511.0
158,22,3,1215.0,539.0
158,32,0,1279.0,514.0
158,32,1,1267.0,487.0
158,32,2,1296.0,476.0
158,32,3,1309.0,502.0
158,3,0,967.0,535.0
158,3,1,960.0,509.0
158,3,2,990.0,497.0
158,3,3,998.0,523.0
158,13,0,1058.0,501.0
158,13,1,1049.0,476.0
158,13,2,1080.0,464.0
158,13,3,1089.0,489.0
158,4,0,946.0,459.0
158,4,1,939.0,435.0
158,4,2,967.0,424.0
158,4,3,974.0,448.0
158,8,0,1024.0,559.0
158,8,1,1016.0,532.0
158,8,2,1048.0,520.0
158,8,3,1057.0,547.0
158,9,0,999.0,479.0
158,9,1,992.0,455.0
158,9,2,1022.0,444.0
158,9,3,1030.0,467.0
158,12,0,1086.0,585.0
158,12,1,1077.0,556.0
158,12,2,1109.0,545.0
158,12,3,1120.0,574.0
158,18,0,1119.0,525.0
158,18,1,1110.0,498.0
158,18,2,1141.0,488.0
158,18,3,1151.0,513.0
158,19,0,1088.0,445.0
158,19,1,1080.0,422.0
158,19,2,1109.0,411.0
158,19,3,1118.0,435.0
158,23,0,1150.0,467.0
158,23,1,1140.0,442.0
158,23,2,1168.0,431.0
158,23,3,1179.0,455.0
158,27,0,1251.0,578.0
158,27,1,1239.0,548.0
158,27,2,1270.0,536.0
158,27,3,1283.0,565.0
158,31,0,1319.0,606.0
158,31,1,1306.0,574.0
158,31,2,1338.0,563.0
158,31,3,1352.0,592.0
158,36,0,1390.0,636.0
158,36,1,1375.0,602.0
158,36,2,1407.0,590.0
158,36,3,1421.0,624.0
158,37,0,1347.0,540.0
158,37,1,1334.0,511.0
158,37,2,1363.0,500.0
158,37,3,1377.0,527.0
159,25,0,1300.0,822.0
159,25,1,1294.0,792.0
159,25,2,1329.0,783.0
159,25,3,1337.0,812.0
159,15,0,1192.0,847.0
159,15,1,1189.0,818.0
159,15,2,1224.0,811.0
159,15,3,1229.0,840.0
159,5,0,1086.0,867.0
159,5,1,1085.0,839.0
159,5,2,1120.0,832.0
159,5,3,1121.0,860.0
159,20,0,1239.0,793.0
159,20,1,1235.0,766.0
159,20,2,1268.0,756.0
159,20,3,1274.0,783.0
159,30,0,1342.0,765.0
159,30,1,1335.0,739.0
159,30,2,1368.0,729.0
159,30,3,1377.0,755.0
159,10,0,1136.0,814.0
159,10,1,1134.0,788.0
159,10,2,1169.0,782.0
159,10,3,1171.0,808.0
159,26,0,1281.0,739.0
159,26,1,1276.0,714.0
159,26,2,1308.0,707.0
159,26,3,1315.0,731.0
159,16,0,1183.0,765.0
159,16,1,1180.0,741.0
159,16,2,1213.0,733.0
159,16,3,1217.0,757.0
159,21,0,1225.0,716.0
159,21,1,1221.0,694.0
159,21,2,1253.0,684.0
159,21,3,1258.0,707.0
159,6,0,1085.0,785.0
159,6,1,1086.0,761.0
159,6,2,1117.0,755.0
159,6,3,1118.0,779.0
159,11,0,1131.0,738.0
159,11,1,1130.0,716.0
159,11,2,1161.0,709.0
159,11,3,1163.0,732.0
159,1,0,1041.0,760.0
159,1,1,1041.0,740.0
159,1,2,1070.0,730.0
159,1,3,1071.0,752.0
159,17,0,1174.0,695.0
159,17,1,1171.0,674.0
159,17,2,1201.0,666.0
159,17,3,1205.0,686.0
159,22,0,1213.0,651.0
159,22,1,1210.0,632.0
159,22,2,1238.0,623.0
159,22,3,1242.0,642.0
159,2,0,1042.0,695.0
159,2,1,1043.0,676.0
159,2,2,1070.0,668.0
159,2,3,1070.0,687.0
159,13,0,1121.0,616.0
159,13,1,1122.0,599.0
159,13,2,1147.0,594.0
159,13,3,1148.0,610.0
159,0,0,1037.0,835.0
159,0,1,1039.0,809.0
159,0,2,1070.0,803.0
159,0,3,1070.0,828.0
159,3,0,1043.0,638.0
159,3,1,1045.0,622.0
159,3,2,1069.0,614.0
159,3,3,1069.0,631.0
159,4,0,1045.0,589.0
159,4,1,1045.0,576.0
159,4,2,1068.0,568.0
159,4,3,1068.0,582.0
159,7,0,1084.0,715.0
159,7,1,1084.0,694.0
159,7,2,1113.0,688.0
159,7,3,1114.0,708.0
159,8,0,1082.0,653.0
159,8,1,1082.0,636.0
159,8,2,1109.0,629.0
159,8,3,1110.0,647.0
159,9,0,1081.0,601.0
159,9,1,1081.0,586.0
159,9,2,1105.0,580.0
159,9,3,1106.0,595.0
159,12,0,1126.0,672.0
159,12,1,1125.0,653.0
159,12,2,1154.0,648.0
159,12,3,1155.0,667.0
159,18,0,1166.0,634.0
159,18,1,1163.0,616.0
159,18,2,1191.0,610.0
159,18,3,1193.0,627.0
159,23,0,1202.0,595.0
159,23,1,1199.0,580.0
159,23,2,1224.0,571.0
159,23,3,1228.0,586.0
159,27,0,1265.0,669.0
159,27,1,1259.0,649.0
159,27,2,1289.0,641.0
159,27,3,1295.0,661.0
159,31,0,1321.0,691.0
159,31,1,1314.0,669.0
159,31,2,1345.0,661.0
159,31,3,1352.0,681.0
159,32,0,1300.0,626.0
159,32,1,1295.0,608.0
159,32,2,1322.0,600.0
159,32,3,1329.0,619.0
159,35,0,1408.0,792.0
159,35,1,1399.0,763.0
159,35,2,1433.0,754.0
159,35,3,1443.0,783.0
159,36,0,1380.0,711.0
159,36,1,1372.0,687.0
159,36,2,1403.0,677.0
159,36,3,1412.0,701.0
159,37,0,1356.0,645.0
159,37,1,1349.0,626.0
159,37,2,1378.0,617.0
159,37,3,1385.0,633.0
160,16,0,1424.0,689.0
160,16,1,1409.0,648.0
160,16,2,1449.0,633.0
160,16,3,1462.0,674.0
160,17,0,1381.0,575.0
160,17,1,1366.0,534.0
160,17,2,1405.0,518.0
160,17,3,1421.0,558.0
160,37,0,1595.0,483.0
160,37,1,1579.0,442.0
160,37,2,1616.0,425.0
160,37,3,1633.0,467.0
160,22,0,1412.0,494.0
160,22,1,1396.0,454.0
160,22,2,1434.0,437.0
160,22,3,1451.0,478.0
160,31,0,1565.0,565.0
160,31,1,1550.0,523.0
160,31,2,1588.0,507.0
160,31,3,1603.0,548.0
160,21,0,1458.0,610.0
160,21,1,1443.0,569.0
160,21,2,1482.0,553.0
160,21,3,1497.0,593.0
160,27,0,1489.0,529.0
160,27,1,1474.0,488.0
160,27,2,1512.0,472.0
160,27,3,1528.0,513.0
160,32,0,1520.0,448.0
160,32,1,1502.0,407.0
160,32,2,1539.0,390.0
160,32,3,1557.0,430.0
160,11,0,1348.0,653.0
160,11,1,1333.0,614.0
160,11,2,1373.0,598.0
160,11,3,1388.0,638.0
160,36,0,1637.0,601.0
160,36,1,1624.0,559.0
160,36,2,1661.0,543.0
160,36,3,1675.0,585.0
160,26,0,1531.0,645.0
160,26,1,1518.0,604.0
160,26,2,1556.0,588.0
160,26,3,1570.0,629.0
160,12,0,1304.0,541.0
160,12,1,1288.0,502.0
160,12,2,1327.0,485.0
160,12,3,1343.0,524.0
160,28,0,1442.0,413.0
160,28,1,1424.0,373.0
160,28,2,1461.0,357.0
160,28,3,1479.0,397.0
160,20,0,1495.0,723.0
160,20,1,1483.0,684.0
160,20,2,1522.0,668.0
160,20,3,1535.0,708.0
160,18,0,1334.0,461.0
160,18,1,1317.0,423.0
160,18,2,1354.0,405.0
160,18,3,1372.0,444.0
160,7,0,1274.0,619.0
160,7,1,1258.0,580.0
160,7,2,1296.0,564.0
160,7,3,1312.0,603.0
160,23,0,1362.0,381.0
160,23,1,1345.0,342.0
160,23,2,1380.0,325.0
160,23,3,1400.0,363.0
160,38,0,1546.0,366.0
160,38,1,1528.0,326.0
160,38,2,1563.0,310.0
160,38,3,1582.0,350.0
160,30,0,1602.0,680.0
160,30,1,1590.0,640.0
160,30,2,1628.0,625.0
160,30,3,1640.0,665.0
160,10,0,1387.0,763.0
160,10,1,1374.0,725.0
160,10,2,1413.0,711.0
160,10,3,1426.0,751.0
160,6,0,1315.0,728.0
160,6,1,1301.0,689.0
160,6,2,1338.0,675.0
160,6,3,1353.0,715.0
160,33,0,1467.0,333.0
160,33,1,1449.0,294.0
160,33,2,1483.0,278.0
160,33,3,1503.0,317.0
160,8,0,1229.0,509.0
160,8,1,1212.0,471.0
160,8,2,1248.0,454.0
160,8,3,1265.0,493.0
160,15,0,1458.0,799.0
160,15,1,1447.0,761.0
160,15,2,1486.0,746.0
160,15,3,1497.0,785.0
160,13,0,1256.0,430.0
160,13,1,1240.0,392.0
160,13,2,1275.0,375.0
160,13,3,1293.0,413.0
160,25,0,1565.0,757.0
160,25,1,1554.0,719.0
160,25,2,1592.0,703.0
160,25,3,1603.0,743.0
160,1,0,1242.0,693.0
160,1,1,1227.0,655.0
160,1,2,1265.0,641.0
160,1,3,1280.0,679.0
160,2,0,1199.0,585.0
160,2,1,1184.0,547.0
160,2,2,1220.0,532.0
160,2,3,1236.0,570.0
160,19,0,1283.0,351.0
160,19,1,1266.0,314.0
160,19,2,1300.0,297.0
160,19,3,1319.0,335.0
160,35,0,1669.0,715.0
160,35,1,1660.0,675.0
160,35,2,1697.0,661.0
160,35,3,1706.0,700.0
160,29,0,1388.0,301.0
160,29,1,1369.0,265.0
160,29,2,1404.0,248.0
160,29,3,1423.0,286.0
160,39,0,1491.0,255.0
160,39,1,1471.0,218.0
160,39,2,1503.0,202.0
160,39,3,1525.0,239.0
160,0,0,1280.0,797.0
160,0,1,1268.0,761.0
160,0,2,1306.0,749.0
160,0,3,1319.0,786.0
160,5,0,1351.0,832.0
160,5,1,1339.0,796.0
160,5,2,1377.0,784.0
160,5,3,1389.0,821.0
160,24,0,1308.0,273.0
160,24,1,1290.0,239.0
160,24,2,1324.0,221.0
160,24,3,1343.0,257.0
160,34,0,1411.0,225.0
160,34,1,1391.0,190.0
160,34,2,1425.0,174.0
160,34,3,1445.0,209.0
160,3,0,1155.0,479.0
160,3,1,1140.0,442.0
160,3,2,1174.0,426.0
160,3,3,1189.0,463.0
160,9,0,1180.0,401.0
160,9,1,1165.0,366.0
160,9,2,1199.0,349.0
160,9,3,1216.0,384.0
160,14,0,1207.0,325.0
160,14,1,1189.0,291.0
160,14,2,1223.0,273.0
160,14,3,1241.0,307.0
160,4,0,1108.0,376.0
160,4,1,1093.0,343.0
160,4,2,1125.0,325.0
160,4,3,1141.0,359.0
161,34,0,962.0,278.0
161,34,1,939.0,262.0
161,34,2,965.0,242.0
161,34,3,989.0,259.0
161,39,0,1034.0,271.0
161,39,1,1013.0,254.0
161,39,2,1040.0,236.0
161,39,3,1060.0,252.0
161,24,0,896.0,331.0
161,24,1,870.0,319.0
161,24,2,892.0,300.0
161,24,3,917.0,314.0
161,33,0,1028.0,320.0
161,33,1,1009.0,306.0
161,33,2,1034.0,287.0
161,33,3,1054.0,302.0
161,29,0,961.0,325.0
161,29,1,940.0,312.0
161,29,2,964.0,294.0
161,29,3,986.0,309.0
161,38,0,1095.0,314.0
161,38,1,1076.0,300.0
161,38,2,1102.0,281.0
161,38,3,1120.0,295.0
161,14,0,834.0,386.0
161,14,1,809.0,376.0
161,14,2,829.0,357.0
161,14,3,853.0,368.0
161,19,0,898.0,376.0
161,19,1,876.0,366.0
161,19,2,894.0,347.0
161,19,3,917.0,358.0
161,32,0,1087.0,358.0
161,32,1,1069.0,346.0
161,32,2,1094.0,329.0
161,32,3,1110.0,341.0
161,23,0,962.0,367.0
161,23,1,941.0,356.0
161,23,2,963.0,340.0
161,23,3,983.0,351.0
161,28,0,1026.0,362.0
161,28,1,1006.0,351.0
161,28,2,1028.0,335.0
161,28,3,1048.0,347.0
161,13,0,901.0,416.0
161,13,1,880.0,406.0
161,13,2,898.0,391.0
161,13,3,921.0,400.0
161,37,0,1145.0,351.0
161,37,1,1130.0,339.0
161,37,2,1154.0,324.0
161,37,3,1170.0,338.0
161,18,0,963.0,407.0
161,18,1,942.0,399.0
161,18,2,961.0,381.0
161,18,3,981.0,391.0
161,4,0,780.0,429.0
161,4,1,756.0,421.0
161,4,2,773.0,407.0
161,4,3,797.0,416.0
161,9,0,841.0,423.0
161,9,1,818.0,414.0
161,9,2,834.0,400.0
161,9,3,858.0,408.0
161,31,0,1136.0,391.0
161,31,1,1120.0,381.0
161,31,2,1143.0,366.0
161,31,3,1158.0,377.0
161,3,0,847.0,455.0
161,3,1,824.0,447.0
161,3,2,841.0,435.0
161,3,3,864.0,443.0
161,8,0,904.0,449.0
161,8,1,883.0,441.0
161,8,2,901.0,428.0
161,8,3,922.0,437.0
161,27,0,1080.0,394.0
161,27,1,1063.0,385.0
161,27,2,1083.0,372.0
161,27,3,1101.0,381.0
161,17,0,1018.0,435.0
161,17,1,1000.0,427.0
161,17,2,1019.0,412.0
161,17,3,1036.0,421.0
161,21,0,1072.0,429.0
161,21,1,1056.0,419.0
161,21,2,1076.0,406.0
161,21,3,1092.0,415.0
161,2,0,906.0,479.0
161,2,1,886.0,472.0
161,2,2,904.0,459.0
161,2,3,923.0,467.0
161,26,0,1126.0,423.0
161,26,1,1112.0,415.0
161,26,2,1132.0,402.0
161,26,3,1146.0,410.0
161,11,0,1015.0,466.0
161,11,1,998.0,460.0
161,11,2,1015.0,447.0
161,11,3,1032.0,455.0
161,1,0,959.0,500.0
161,1,1,942.0,493.0
161,1,2,960.0,483.0
161,1,3,977.0,490.0
161,30,0,1179.0,418.0
161,30,1,1165.0,410.0
161,30,2,1186.0,398.0
161,30,3,1198.0,407.0
161,20,0,1117.0,455.0
161,20,1,1104.0,447.0
161,20,2,1122.0,435.0
161,20,3,1136.0,443.0
161,25,0,1167.0,450.0
161,25,1,1155.0,443.0
161,25,2,1173.0,430.0
161,25,3,1185.0,437.0
161,10,0,1061.0,490.0
161,10,1,1046.0,483.0
161,10,2,1063.0,472.0
161,10,3,1077.0,479.0
161,0,0,1007.0,521.0
161,0,1,993.0,515.0
161,0,2,1009.0,505.0
161,0,3,1023.0,512.0
161,5,0,1056.0,515.0
161,5,1,1041.0,510.0
161,5,2,1058.0,501.0
161,5,3,1071.0,507.0
161,7,0,960.0,473.0
161,7,1,941.0,465.0
161,7,2,959.0,454.0
161,7,3,978.0,461.0
161,12,0,961.0,443.0
161,12,1,942.0,434.0
161,12,2,960.0,420.0
161,12,3,980.0,429.0
161,15,0,1110.0,485.0
161,15,1,1097.0,478.0
161,15,2,1112.0,467.0
161,15,3,1127.0,474.0
161,16,0,1067.0,460.0
161,16,1,1051.0,453.0
161,16,2,1070.0,440.0
161,16,3,1084.0,448.0
161,22,0,1021.0,399.0
161,22,1,1002.0,389.0
161,22,2,1021.0,376.0
161,22,3,1041.0,385.0
161,36,0,1192.0,386.0
161,36,1,1177.0,376.0
161,36,2,1198.0,363.0
161,36,3,1212.0,373.0
162,34,0,917.0,309.0
162,34,1,892.0,294.0
162,34,2,913.0,273.0
162,34,3,939.0,288.0
162,39,0,986.0,300.0
162,39,1,962.0,286.0
162,39,2,984.0,265.0
162,39,3,1009.0,280.0
162,33,0,987.0,350.0
162,33,1,965.0,338.0
162,33,2,985.0,317.0
162,33,3,1008.0,330.0
162,24,0,856.0,363.0
162,24,1,832.0,351.0
162,24,2,850.0,332.0
162,24,3,876.0,345.0
162,29,0,922.0,356.0
162,29,1,898.0,343.0
162,29,2,917.0,325.0
162,29,3,942.0,338.0
162,38,0,1049.0,342.0
162,38,1,1030.0,328.0
162,38,2,1053.0,309.0
162,38,3,1073.0,324.0
162,19,0,865.0,407.0
162,19,1,842.0,396.0
162,19,2,858.0,378.0
162,19,3,881.0,389.0
162,28,0,989.0,392.0
162,28,1,968.0,381.0
162,28,2,986.0,366.0
162,28,3,1007.0,378.0
162,23,0,927.0,398.0
162,23,1,904.0,387.0
162,23,2,922.0,371.0
162,23,3,945.0,382.0
162,32,0,1046.0,387.0
162,32,1,1029.0,374.0
162,32,2,1050.0,358.0
162,32,3,1069.0,371.0
162,18,0,930.0,439.0
162,18,1,908.0,429.0
162,18,2,927.0,412.0
162,18,3,948.0,422.0
162,37,0,1106.0,380.0
162,37,1,1090.0,367.0
162,37,2,1112.0,352.0
162,37,3,1129.0,367.0
162,9,0,813.0,455.0
162,9,1,790.0,445.0
162,9,2,807.0,430.0
162,9,3,830.0,440.0
162,22,0,988.0,431.0
162,22,1,967.0,420.0
162,22,2,989.0,406.0
162,22,3,1007.0,417.0
162,13,0,873.0,447.0
162,13,1,850.0,438.0
162,13,2,866.0,422.0
162,13,3,889.0,432.0
162,4,0,756.0,461.0
162,4,1,733.0,452.0
162,4,2,746.0,438.0
162,4,3,770.0,447.0
162,27,0,1046.0,425.0
162,27,1,1027.0,415.0
162,27,2,1046.0,402.0
162,27,3,1065.0,412.0
162,8,0,878.0,482.0
162,8,1,857.0,472.0
162,8,2,873.0,460.0
162,8,3,895.0,468.0
162,36,0,1158.0,416.0
162,36,1,1142.0,406.0
162,36,2,1163.0,391.0
162,36,3,1178.0,402.0
162,17,0,988.0,468.0
162,17,1,970.0,459.0
162,17,2,987.0,444.0
162,17,3,1006.0,453.0
162,3,0,824.0,487.0
162,3,1,801.0,478.0
162,3,2,816.0,466.0
162,3,3,838.0,474.0
162,21,0,1044.0,461.0
162,21,1,1026.0,452.0
162,21,2,1044.0,437.0
162,21,3,1061.0,446.0
162,2,0,884.0,512.0
162,2,1,864.0,504.0
162,2,2,878.0,492.0
162,2,3,899.0,500.0
162,26,0,1096.0,455.0
162,26,1,1081.0,446.0
162,26,2,1099.0,433.0
162,26,3,1115.0,442.0
162,30,0,1149.0,450.0
162,30,1,1135.0,441.0
162,30,2,1155.0,428.0
162,30,3,1169.0,438.0
162,16,0,1041.0,494.0
162,16,1,1024.0,485.0
162,16,2,1041.0,473.0
162,16,3,1058.0,482.0
162,20,0,1093.0,488.0
162,20,1,1078.0,481.0
162,20,2,1093.0,468.0
162,20,3,1109.0,475.0
162,1,0,940.0,535.0
162,1,1,922.0,528.0
162,1,2,936.0,518.0
162,1,3,954.0,524.0
162,10,0,1040.0,525.0
162,10,1,1024.0,518.0
162,10,2,1039.0,506.0
162,10,3,1055.0,514.0
162,5,0,1038.0,552.0
162,5,1,1023.0,546.0
162,5,2,1038.0,536.0
162,5,3,1052.0,543.0
162,6,0,990.0,530.0
162,6,1,973.0,523.0
162,6,2,988.0,511.0
162,6,3,1005.0,519.0
162,7,0,936.0,507.0
162,7,1,918.0,498.0
162,7,2,933.0,487.0
162,7,3,953.0,494.0
162,11,0,989.0,500.0
162,11,1,971.0,492.0
162,11,2,988.0,480.0
162,11,3,1006.0,488.0
162,12,0,935.0,475.0
162,12,1,913.0,466.0
162,12,2,930.0,452.0
162,12,3,951.0,461.0
162,14,0,804.0,417.0
162,14,1,779.0,407.0
162,14,2,795.0,389.0
162,14,3,820.0,400.0
162,25,0,1143.0,483.0
162,25,1,1129.0,476.0
162,25,2,1146.0,462.0
162,25,3,1160.0,471.0
162,31,0,1102.0,421.0
162,31,1,1086.0,411.0
162,31,2,1107.0,396.0
162,31,3,1121.0,408.0
162,35,0,1202.0,445.0
162,35,1,1188.0,438.0
162,35,2,1208.0,425.0
162,35,3,1220.0,434.0
163,25,0,1316.0,765.0
163,25,1,1304.0,727.0
163,25,2,1339.0,715.0
163,25,3,1352.0,751.0
163,10,0,1142.0,764.0
163,10,1,1131.0,728.0
163,10,2,1167.0,716.0
163,10,3,1179.0,752.0
163,5,0,1104.0,832.0
163,5,1,1094.0,797.0
163,5,2,1131.0,785.0
163,5,3,1141.0,822.0
163,15,0,1210.0,799.0
163,15,1,1200.0,763.0
163,15,2,1236.0,752.0
163,15,3,1247.0,788.0
163,20,0,1247.0,730.0
163,20,1,1235.0,694.0
163,20,2,1270.0,681.0
163,20,3,1282.0,718.0
163,0,0,1039.0,796.0
163,0,1,1029.0,760.0
163,0,2,1064.0,749.0
163,0,3,1075.0,784.0
163,30,0,1349.0,693.0
163,30,1,1337.0,657.0
163,30,2,1371.0,645.0
163,30,3,1384.0,680.0
163,16,0,1178.0,695.0
163,16,1,1167.0,660.0
163,16,2,1202.0,648.0
163,16,3,1214.0,683.0
163,35,0,1418.0,728.0
163,35,1,1405.0,692.0
163,35,2,1439.0,679.0
163,35,3,1450.0,716.0
163,6,0,1075.0,728.0
163,6,1,1065.0,694.0
163,6,2,1100.0,682.0
163,6,3,1111.0,717.0
163,26,0,1280.0,659.0
163,26,1,1268.0,625.0
163,26,2,1303.0,613.0
163,26,3,1315.0,647.0
163,21,0,1212.0,627.0
163,21,1,1201.0,593.0
163,21,2,1235.0,582.0
163,21,3,1247.0,615.0
163,36,0,1381.0,623.0
163,36,1,1368.0,588.0
163,36,2,1400.0,576.0
163,36,3,1413.0,611.0
163,11,0,1111.0,661.0
163,11,1,1101.0,628.0
163,11,2,1136.0,617.0
163,11,3,1146.0,650.0
163,1,0,1012.0,695.0
163,1,1,1003.0,661.0
163,1,2,1036.0,649.0
163,1,3,1046.0,683.0
163,31,0,1312.0,591.0
163,31,1,1299.0,558.0
163,31,2,1332.0,547.0
163,31,3,1345.0,578.0
163,17,0,1145.0,595.0
163,17,1,1135.0,564.0
163,17,2,1168.0,552.0
163,17,3,1179.0,584.0
163,7,0,1047.0,629.0
163,7,1,1037.0,598.0
163,7,2,1071.0,586.0
163,7,3,1081.0,617.0
163,27,0,1244.0,560.0
163,27,1,1233.0,528.0
163,27,2,1264.0,517.0
163,27,3,1277.0,549.0
163,37,0,1342.0,525.0
163,37,1,1328.0,494.0
163,37,2,1358.0,482.0
163,37,3,1372.0,512.0
163,22,0,1178.0,531.0
163,22,1,1167.0,501.0
163,22,2,1198.0,489.0
163,22,3,1210.0,519.0
163,2,0,986.0,599.0
163,2,1,977.0,568.0
163,2,2,1009.0,557.0
163,2,3,1018.0,587.0
163,8,0,1019.0,537.0
163,8,1,1010.0,508.0
163,8,2,1041.0,496.0
163,8,3,1051.0,524.0
163,13,0,1051.0,477.0
163,13,1,1043.0,450.0
163,13,2,1073.0,438.0
163,13,3,1082.0,466.0
163,3,0,960.0,511.0
163,3,1,953.0,483.0
163,3,2,983.0,472.0
163,3,3,991.0,499.0
163,9,0,993.0,453.0
163,9,1,985.0,427.0
163,9,2,1014.0,416.0
163,9,3,1023.0,441.0
163,12,0,1081.0,565.0
163,12,1,1071.0,534.0
163,12,2,1104.0,524.0
163,12,3,1114.0,553.0
163,18,0,1113.0,503.0
163,18,1,1104.0,474.0
163,18,2,1135.0,464.0
163,18,3,1145.0,492.0
163,19,0,1083.0,419.0
163,19,1,1074.0,394.0
163,19,2,1103.0,383.0
163,19,3,1113.0,408.0
163,23,0,1144.0,443.0
163,23,1,1134.0,416.0
163,23,2,1164.0,406.0
163,23,3,1174.0,431.0
163,28,0,1208.0,468.0
163,28,1,1197.0,442.0
163,28,2,1227.0,430.0
163,28,3,1239.0,457.0
163,32,0,1273.0,496.0
163,32,1,1262.0,466.0
163,32,2,1292.0,456.0
163,32,3,1304.0,485.0
163,33,0,1236.0,409.0
163,33,1,1225.0,383.0
163,33,2,1253.0,374.0
163,33,3,1265.0,399.0
164,25,0,1242.0,1023.0
164,25,1,1243.0,995.0
164,25,2,1284.0,994.0
164,25,3,1285.0,1022.0
164,36,0,1353.0,937.0
164,36,1,1350.0,914.0
164,36,2,1386.0,912.0
164,36,3,1390.0,935.0
164,37,0,1342.0,873.0
164,37,1,1339.0,856.0
164,37,2,1371.0,853.0
164,37,3,1374.0,869.0
164,15,0,1120.0,1024.0
164,15,1,1124.0,998.0
164,15,2,1164.0,998.0
164,15,3,1162.0,1026.0
164,20,0,1185.0,984.0
164,20,1,1188.0,958.0
164,20,2,1226.0,957.0
164,20,3,1225.0,982.0
164,26,0,1243.0,943.0
164,26,1,1243.0,920.0
164,26,2,1280.0,920.0
164,26,3,1281.0,942.0
164,30,0,1301.0,979.0
164,30,1,1299.0,955.0
164,30,2,1338.0,952.0
164,30,3,1340.0,977.0
164,31,0,1295.0,908.0
164,31,1,1293.0,888.0
164,31,2,1328.0,886.0
164,31,3,1331.0,905.0
164,32,0,1289.0,846.0
164,32,1,1288.0,830.0
164,32,2,1320.0,829.0
164,32,3,1322.0,846.0
164,35,0,1364.0,1018.0
164,35,1,1361.0,990.0
164,35,2,1401.0,988.0
164,35,3,1405.0,1019.0
165,35,0,1390.0,1084.0
165,35,1,1384.0,1052.0
165,35,2,1425.0,1042.0
165,35,3,1433.0,1076.0
165,25,0,1267.0,1111.0
165,25,1,1266.0,1078.0
165,25,2,1307.0,1070.0
165,25,3,1310.0,1102.0
165,15,0,1147.0,1131.0
165,15,1,1150.0,1099.0
165,15,2,1190.0,1094.0
165,15,3,1188.0,1126.0
165,5,0,1030.0,1140.0
165,5,1,1037.0,1109.0
165,5,2,1075.0,1106.0
165,5,3,1069.0,1136.0
165,30,0,1323.0,1052.0
165,30,1,1319.0,1024.0
165,30,2,1358.0,1015.0
165,30,3,1364.0,1042.0
165,20,0,1208.0,1077.0
165,20,1,1208.0,1048.0
165,20,2,1246.0,1039.0
165,20,3,1247.0,1069.0
165,10,0,1094.0,1091.0
165,10,1,1099.0,1063.0
165,10,2,1137.0,1060.0
165,10,3,1133.0,1088.0
165,36,0,1373.0,997.0
165,36,1,1368.0,971.0
165,36,2,1404.0,960.0
165,36,3,1411.0,986.0
165,26,0,1262.0,1023.0
165,26,1,1261.0,997.0
165,26,2,1298.0,990.0
165,26,3,1300.0,1016.0
165,0,0,988.0,1101.0
165,0,1,996.0,1073.0
165,0,2,1031.0,1071.0
165,0,3,1024.0,1098.0
165,16,0,1154.0,1044.0
165,16,1,1156.0,1017.0
165,16,2,1192.0,1011.0
165,16,3,1191.0,1038.0
165,6,0,1049.0,1057.0
165,6,1,1054.0,1031.0
165,6,2,1089.0,1027.0
165,6,3,1084.0,1053.0
165,31,0,1313.0,975.0
165,31,1,1309.0,952.0
165,31,2,1344.0,942.0
165,31,3,1348.0,965.0
165,21,0,1208.0,996.0
165,21,1,1208.0,972.0
165,21,2,1243.0,965.0
165,21,3,1243.0,989.0
165,11,0,1106.0,1013.0
165,11,1,1109.0,989.0
165,11,2,1143.0,984.0
165,11,3,1141.0,1008.0
165,27,0,1257.0,950.0
165,27,1,1255.0,928.0
165,27,2,1289.0,922.0
165,27,3,1292.0,943.0
165,1,0,1009.0,1027.0
165,1,1,1015.0,1004.0
165,1,2,1047.0,999.0
165,1,3,1042.0,1022.0
165,17,0,1159.0,971.0
165,17,1,1160.0,949.0
165,17,2,1193.0,942.0
165,17,3,1192.0,964.0
165,37,0,1357.0,927.0
165,37,1,1353.0,907.0
165,37,2,1385.0,897.0
165,37,3,1391.0,915.0
165,7,0,1063.0,986.0
165,7,1,1067.0,964.0
165,7,2,1098.0,959.0
165,7,3,1095.0,981.0
165,22,0,1207.0,929.0
165,22,1,1207.0,908.0
165,22,2,1239.0,902.0
165,22,3,1240.0,921.0
165,32,0,1302.0,907.0
165,32,1,1299.0,888.0
165,32,2,1331.0,880.0
165,32,3,1335.0,900.0
165,12,0,1114.0,945.0
165,12,1,1116.0,925.0
165,12,2,1148.0,922.0
165,12,3,1146.0,941.0
165,2,0,1025.0,961.0
165,2,1,1030.0,941.0
165,2,2,1059.0,936.0
165,2,3,1055.0,956.0
165,28,0,1252.0,889.0
165,28,1,1251.0,870.0
165,28,2,1280.0,863.0
165,28,3,1283.0,882.0
165,38,0,1343.0,866.0
165,38,1,1339.0,848.0
165,38,2,1369.0,842.0
165,38,3,1373.0,860.0
165,18,0,1162.0,908.0
165,18,1,1164.0,889.0
165,18,2,1193.0,884.0
165,18,3,1192.0,903.0
165,8,0,1074.0,924.0
165,8,1,1078.0,905.0
165,8,2,1106.0,899.0
165,8,3,1103.0,918.0
165,33,0,1292.0,851.0
165,33,1,1289.0,834.0
165,33,2,1319.0,828.0
165,33,3,1322.0,844.0
165,23,0,1206.0,872.0
165,23,1,1206.0,855.0
165,23,2,1234.0,848.0
165,23,3,1236.0,864.0
165,13,0,1121.0,888.0
165,13,1,1123.0,872.0
165,13,2,1151.0,866.0
165,13,3,1150.0,883.0
165,3,0,1039.0,904.0
165,3,1,1043.0,888.0
165,3,2,1069.0,882.0
165,3,3,1066.0,899.0
165,29,0,1247.0,836.0
165,29,1,1247.0,820.0
165,29,2,1272.0,815.0
165,29,3,1273.0,830.0
165,34,0,1283.0,802.0
165,34,1,1282.0,788.0
165,34,2,1307.0,781.0
165,34,3,1310.0,795.0
165,24,0,1204.0,822.0
165,24,1,1205.0,808.0
165,24,2,1231.0,803.0
165,24,3,1231.0,816.0
165,4,0,1050.0,856.0
165,4,1,1054.0,842.0
165,4,2,1078.0,836.0
165,4,3,1075.0,850.0
165,9,0,1083.0,870.0
165,9,1,1087.0,855.0
165,9,2,1112.0,850.0
165,9,3,1110.0,866.0
165,14,0,1126.0,839.0
165,14,1,1129.0,824.0
165,14,2,1153.0,820.0
165,14,3,1153.0,834.0
165,19,0,1164.0,855.0
165,19,1,1165.0,840.0
165,19,2,1192.0,834.0
165,19,3,1191.0,850.0
165,39,0,1329.0,814.0
165,39,1,1326.0,799.0
165,39,2,1353.0,792.0
165,39,3,1358.0,807.0
166,39,0,1079.0,393.0
166,39,1,1056.0,371.0
166,39,2,1076.0,348.0
166,39,3,1101.0,368.0
166,37,0,1211.0,525.0
166,37,1,1190.0,502.0
166,37,2,1213.0,480.0
166,37,3,1235.0,505.0
166,38,0,1148.0,459.0
166,38,1,1124.0,437.0
166,38,2,1145.0,414.0
166,38,3,1169.0,436.0
166,33,0,1081.0,459.0
166,33,1,1058.0,437.0
166,33,2,1079.0,414.0
166,33,3,1103.0,436.0
166,34,0,1013.0,394.0
166,34,1,990.0,372.0
166,34,2,1010.0,349.0
166,34,3,1034.0,370.0
166,29,0,1017.0,458.0
166,29,1,993.0,437.0
166,29,2,1014.0,414.0
166,29,3,1037.0,436.0
166,32,0,1146.0,524.0
166,32,1,1125.0,501.0
166,32,2,1147.0,480.0
166,32,3,1169.0,503.0
166,28,0,1083.0,523.0
166,28,1,1060.0,502.0
166,28,2,1081.0,479.0
166,28,3,1104.0,501.0
166,31,0,1210.0,590.0
166,31,1,1189.0,567.0
166,31,2,1212.0,546.0
166,31,3,1232.0,570.0
166,23,0,1019.0,522.0
166,23,1,996.0,501.0
166,23,2,1016.0,479.0
166,23,3,1040.0,501.0
166,36,0,1272.0,591.0
166,36,1,1253.0,568.0
166,36,2,1277.0,548.0
166,36,3,1296.0,571.0
166,19,0,956.0,522.0
166,19,1,933.0,501.0
166,19,2,953.0,479.0
166,19,3,976.0,500.0
166,27,0,1148.0,587.0
166,27,1,1125.0,567.0
166,27,2,1146.0,545.0
166,27,3,1169.0,567.0
166,18,0,1020.0,585.0
166,18,1,998.0,564.0
166,18,2,1018.0,542.0
166,18,3,1041.0,563.0
166,22,0,1084.0,585.0
166,22,1,1061.0,564.0
166,22,2,1082.0,543.0
166,22,3,1105.0,565.0
166,24,0,953.0,459.0
166,24,1,931.0,439.0
166,24,2,949.0,416.0
166,24,3,973.0,436.0
166,14,0,895.0,522.0
166,14,1,872.0,502.0
166,14,2,891.0,480.0
166,14,3,914.0,501.0
166,13,0,958.0,584.0
166,13,1,936.0,563.0
166,13,2,955.0,542.0
166,13,3,978.0,562.0
166,21,0,1145.0,648.0
166,21,1,1125.0,625.0
166,21,2,1146.0,606.0
166,21,3,1167.0,628.0
166,12,0,1021.0,645.0
166,12,1,999.0,624.0
166,12,2,1019.0,604.0
166,12,3,1042.0,624.0
166,26,0,1208.0,650.0
166,26,1,1187.0,628.0
166,26,2,1210.0,609.0
166,26,3,1229.0,631.0
166,17,0,1082.0,646.0
166,17,1,1062.0,624.0
166,17,2,1084.0,605.0
166,17,3,1104.0,627.0
166,30,0,1269.0,652.0
166,30,1,1250.0,630.0
166,30,2,1272.0,611.0
166,30,3,1291.0,633.0
166,11,0,1082.0,704.0
166,11,1,1061.0,684.0
166,11,2,1084.0,665.0
166,11,3,1104.0,685.0
166,8,0,961.0,643.0
166,8,1,939.0,622.0
166,8,2,959.0,602.0
166,8,3,980.0,623.0
166,35,0,1330.0,654.0
166,35,1,1312.0,632.0
166,35,2,1334.0,613.0
166,35,3,1352.0,635.0
166,9,0,898.0,583.0
166,9,1,877.0,563.0
166,9,2,894.0,542.0
166,9,3,917.0,562.0
166,16,0,1143.0,707.0
166,16,1,1123.0,686.0
166,16,2,1146.0,667.0
166,16,3,1164.0,688.0
166,20,0,1203.0,708.0
166,20,1,1185.0,688.0
166,20,2,1207.0,669.0
166,20,3,1226.0,690.0
166,25,0,1264.0,710.0
166,25,1,1246.0,689.0
166,25,2,1269.0,671.0
166,25,3,1286.0,692.0
166,7,0,1023.0,701.0
166,7,1,1001.0,682.0
166,7,2,1021.0,663.0
166,7,3,1042.0,683.0
166,4,0,842.0,581.0
166,4,1,821.0,562.0
166,4,2,837.0,541.0
166,4,3,859.0,562.0
166,3,0,903.0,640.0
166,3,1,882.0,620.0
166,3,2,899.0,601.0
166,3,3,921.0,621.0
166,2,0,964.0,698.0
166,2,1,943.0,679.0
166,2,2,961.0,660.0
166,2,3,983.0,680.0
166,10,0,1140.0,762.0
166,10,1,1122.0,742.0
166,10,2,1143.0,725.0
166,10,3,1162.0,744.0
166,6,0,1081.0,759.0
166,6,1,1062.0,739.0
166,6,2,1082.0,722.0
166,6,3,1102.0,742.0
166,15,0,1199.0,764.0
166,15,1,1182.0,745.0
166,15,2,1203.0,727.0
166,15,3,1221.0,748.0
166,1,0,1024.0,755.0
166,1,1,1003.0,736.0
166,1,2,1022.0,719.0
166,1,3,1043.0,739.0
166,0,0,1080.0,810.0
166,0,1,1062.0,791.0
166,0,2,1081.0,776.0
166,0,3,1100.0,795.0
166,5,0,1138.0,814.0
166,5,1,1120.0,796.0
166,5,2,1140.0,780.0
166,5,3,1158.0,799.0
167,35,0,1106.0,1105.0
167,35,1,1125.0,1070.0
167,35,2,1174.0,1077.0
167,35,3,1159.0,1115.0
167,25,0,969.0,1082.0
167,25,1,992.0,1053.0
167,25,2,1036.0,1059.0
167,25,3,1015.0,1089.0
167,30,0,1065.0,1049.0
167,30,1,1084.0,1023.0
167,30,2,1127.0,1026.0
167,30,3,1111.0,1054.0
167,15,0,853.0,1062.0
167,15,1,879.0,1036.0
167,15,2,916.0,1043.0
167,15,3,891.0,1070.0
167,36,0,1155.0,1014.0
167,36,1,1171.0,989.0
167,36,2,1213.0,991.0
167,36,3,1200.0,1018.0
167,20,0,944.0,1034.0
167,20,1,966.0,1009.0
167,20,2,1004.0,1013.0
167,20,3,983.0,1038.0
167,26,0,1031.0,1004.0
167,26,1,1050.0,981.0
167,26,2,1089.0,986.0
167,26,3,1073.0,1009.0
167,10,0,839.0,1014.0
167,10,1,862.0,993.0
167,10,2,897.0,1000.0
167,10,3,874.0,1022.0
167,5,0,754.0,1032.0
167,5,1,780.0,1011.0
167,5,2,812.0,1019.0
167,5,3,787.0,1041.0
167,16,0,923.0,992.0
167,16,1,943.0,971.0
167,16,2,978.0,975.0
167,16,3,958.0,997.0
167,31,0,1115.0,977.0
167,31,1,1129.0,956.0
167,31,2,1168.0,959.0
167,31,3,1156.0,978.0
167,21,0,1003.0,966.0
167,21,1,1020.0,947.0
167,21,2,1056.0,949.0
167,21,3,1041.0,969.0
167,6,0,827.0,974.0
167,6,1,849.0,956.0
167,6,2,880.0,961.0
167,6,3,858.0,980.0
167,27,0,1081.0,941.0
167,27,1,1095.0,922.0
167,27,2,1131.0,927.0
167,27,3,1119.0,944.0
167,11,0,905.0,955.0
167,11,1,925.0,936.0
167,11,2,955.0,941.0
167,11,3,937.0,959.0
167,32,0,1154.0,917.0
167,32,1,1165.0,900.0
167,32,2,1200.0,900.0
167,32,3,1190.0,919.0
167,17,0,980.0,933.0
167,17,1,996.0,917.0
167,17,2,1027.0,919.0
167,17,3,1012.0,936.0
167,38,0,1221.0,892.0
167,38,1,1229.0,876.0
167,38,2,1264.0,877.0
167,38,3,1258.0,894.0
167,1,0,818.0,941.0
167,1,1,840.0,925.0
167,1,2,866.0,928.0
167,1,3,846.0,945.0
167,33,0,1184.0,867.0
167,33,1,1193.0,852.0
167,33,2,1226.0,853.0
167,33,3,1218.0,868.0
167,39,0,1245.0,845.0
167,39,1,1252.0,831.0
167,39,2,1282.0,831.0
167,39,3,1277.0,845.0
167,29,0,1151.0,844.0
167,29,1,1160.0,832.0
167,29,2,1191.0,832.0
167,29,3,1182.0,845.0
167,2,0,875.0,895.0
167,2,1,892.0,882.0
167,2,2,919.0,884.0
167,2,3,903.0,898.0
167,7,0,889.0,922.0
167,7,1,906.0,908.0
167,7,2,935.0,910.0
167,7,3,919.0,926.0
167,12,0,959.0,902.0
167,12,1,974.0,888.0
167,12,2,1004.0,891.0
167,12,3,989.0,906.0
167,28,0,1120.0,888.0
167,28,1,1130.0,874.0
167,28,2,1164.0,875.0
167,28,3,1154.0,890.0
167,34,0,1208.0,825.0
167,34,1,1216.0,813.0
167,34,2,1245.0,812.0
167,34,3,1239.0,824.0
167,37,0,1193.0,948.0
167,37,1,1203.0,930.0
167,37,2,1242.0,929.0
167,37,3,1233.0,946.0
168,37,0,1268.0,575.0
168,37,1,1249.0,549.0
168,37,2,1274.0,530.0
168,37,3,1293.0,556.0
168,38,0,1211.0,500.0
168,38,1,1192.0,475.0
168,38,2,1217.0,456.0
168,38,3,1236.0,481.0
168,36,0,1321.0,649.0
168,36,1,1304.0,623.0
168,36,2,1329.0,605.0
168,36,3,1347.0,632.0
168,31,0,1258.0,639.0
168,31,1,1241.0,613.0
168,31,2,1265.0,595.0
168,31,3,1284.0,621.0
168,32,0,1203.0,565.0
168,32,1,1185.0,540.0
168,32,2,1210.0,522.0
168,32,3,1229.0,546.0
168,33,0,1148.0,493.0
168,33,1,1128.0,468.0
168,33,2,1153.0,449.0
168,33,3,1171.0,474.0
168,30,0,1310.0,711.0
168,30,1,1293.0,686.0
168,30,2,1318.0,669.0
168,30,3,1337.0,694.0
168,27,0,1196.0,629.0
168,27,1,1178.0,603.0
168,27,2,1202.0,586.0
168,27,3,1221.0,611.0
168,35,0,1372.0,722.0
168,35,1,1355.0,697.0
168,35,2,1382.0,680.0
168,35,3,1398.0,705.0
168,39,0,1153.0,427.0
168,39,1,1134.0,402.0
168,39,2,1158.0,384.0
168,39,3,1177.0,409.0
168,28,0,1141.0,556.0
168,28,1,1123.0,531.0
168,28,2,1146.0,513.0
168,28,3,1165.0,538.0
168,23,0,1080.0,547.0
168,23,1,1061.0,523.0
168,23,2,1084.0,504.0
168,23,3,1103.0,530.0
168,29,0,1085.0,485.0
168,29,1,1067.0,460.0
168,29,2,1088.0,441.0
168,29,3,1108.0,466.0
168,34,0,1089.0,421.0
168,34,1,1071.0,398.0
168,34,2,1094.0,378.0
168,34,3,1113.0,402.0
168,20,0,1239.0,761.0
168,20,1,1222.0,736.0
168,20,2,1246.0,719.0
168,20,3,1264.0,744.0
168,21,0,1188.0,690.0
168,21,1,1170.0,665.0
168,21,2,1194.0,648.0
168,21,3,1212.0,673.0
168,22,0,1134.0,618.0
168,22,1,1116.0,594.0
168,22,2,1140.0,576.0
168,22,3,1158.0,601.0
168,17,0,1127.0,680.0
168,17,1,1109.0,656.0
168,17,2,1133.0,638.0
168,17,3,1151.0,662.0
168,25,0,1299.0,771.0
168,25,1,1283.0,746.0
168,25,2,1308.0,730.0
168,25,3,1325.0,754.0
168,26,0,1249.0,700.0
168,26,1,1232.0,675.0
168,26,2,1257.0,659.0
168,26,3,1274.0,684.0
168,18,0,1073.0,609.0
168,18,1,1056.0,584.0
168,18,2,1078.0,567.0
168,18,3,1097.0,592.0
168,15,0,1228.0,818.0
168,15,1,1211.0,794.0
168,15,2,1235.0,778.0
168,15,3,1253.0,802.0
168,16,0,1178.0,749.0
168,16,1,1161.0,725.0
168,16,2,1185.0,709.0
168,16,3,1203.0,733.0
168,11,0,1118.0,738.0
168,11,1,1101.0,715.0
168,11,2,1124.0,698.0
168,11,3,1143.0,722.0
168,19,0,1019.0,540.0
168,19,1,1002.0,515.0
168,19,2,1024.0,498.0
168,19,3,1042.0,522.0
168,13,0,1014.0,601.0
168,13,1,997.0,576.0
168,13,2,1018.0,559.0
168,13,3,1037.0,583.0
168,24,0,1025.0,478.0
168,24,1,1007.0,454.0
168,24,2,1029.0,436.0
168,24,3,1047.0,460.0
168,10,0,1168.0,806.0
168,10,1,1152.0,783.0
168,10,2,1176.0,767.0
168,10,3,1193.0,791.0
168,14,0,962.0,533.0
168,14,1,944.0,509.0
168,14,2,965.0,491.0
168,14,3,983.0,514.0
168,8,0,1009.0,660.0
168,8,1,992.0,636.0
168,8,2,1012.0,619.0
168,8,3,1030.0,643.0
168,9,0,957.0,592.0
168,9,1,940.0,568.0
168,9,2,960.0,551.0
168,9,3,978.0,574.0
168,7,0,1060.0,727.0
168,7,1,1043.0,704.0
168,7,2,1065.0,688.0
168,7,3,1082.0,712.0
168,6,0,1110.0,794.0
168,6,1,1094.0,771.0
168,6,2,1116.0,756.0
168,6,3,1133.0,780.0
168,5,0,1159.0,860.0
168,5,1,1143.0,838.0
168,5,2,1166.0,824.0
168,5,3,1182.0,847.0
168,2,0,1003.0,715.0
168,2,1,987.0,693.0
168,2,2,1008.0,678.0
168,2,3,1025.0,701.0
168,1,0,1055.0,782.0
168,1,1,1038.0,759.0
168,1,2,1058.0,745.0
168,1,3,1076.0,768.0
168,3,0,954.0,649.0
168,3,1,937.0,626.0
168,3,2,956.0,610.0
168,3,3,973.0,634.0
168,0,0,1102.0,847.0
168,0,1,1087.0,825.0
168,0,2,1108.0,811.0
168,0,3,1125.0,834.0
168,4,0,904.0,583.0
168,4,1,888.0,560.0
168,4,2,906.0,544.0
168,4,3,923.0,566.0
168,12,0,1067.0,670.0
168,12,1,1049.0,646.0
168,12,2,1072.0,628.0
168,12,3,1090.0,653.0
169,25,0,1313.0,829.0
169,25,1,1304.0,798.0
169,25,2,1338.0,786.0
169,25,3,1347.0,817.0
169,15,0,1212.0,861.0
169,15,1,1206.0,830.0
169,15,2,1239.0,821.0
169,15,3,1246.0,852.0
169,30,0,1348.0,765.0
169,30,1,1339.0,736.0
169,30,2,1370.0,724.0
169,30,3,1381.0,753.0
169,5,0,1114.0,891.0
169,5,1,1109.0,861.0
169,5,2,1141.0,850.0
169,5,3,1146.0,881.0
169,20,0,1252.0,801.0
169,20,1,1245.0,773.0
169,20,2,1276.0,761.0
169,20,3,1284.0,790.0
169,10,0,1154.0,831.0
169,10,1,1150.0,803.0
169,10,2,1182.0,793.0
169,10,3,1187.0,822.0
169,26,0,1287.0,741.0
169,26,1,1279.0,714.0
169,26,2,1310.0,702.0
169,26,3,1319.0,729.0
169,16,0,1194.0,775.0
169,16,1,1188.0,748.0
169,16,2,1219.0,737.0
169,16,3,1226.0,764.0
169,36,0,1381.0,704.0
169,36,1,1371.0,678.0
169,36,2,1400.0,666.0
169,36,3,1412.0,692.0
169,6,0,1102.0,804.0
169,6,1,1099.0,777.0
169,6,2,1128.0,767.0
169,6,3,1133.0,794.0
169,21,0,1230.0,719.0
169,21,1,1223.0,694.0
169,21,2,1253.0,682.0
169,21,3,1261.0,707.0
169,11,0,1141.0,750.0
169,11,1,1136.0,724.0
169,11,2,1166.0,715.0
169,11,3,1171.0,740.0
169,1,0,1055.0,780.0
169,1,1,1053.0,754.0
169,1,2,1080.0,744.0
169,1,3,1083.0,770.0
169,17,0,1177.0,698.0
169,17,1,1171.0,674.0
169,17,2,1200.0,664.0
169,17,3,1206.0,687.0
169,7,0,1091.0,727.0
169,7,1,1088.0,703.0
169,7,2,1116.0,694.0
169,7,3,1120.0,717.0
169,37,0,1350.0,630.0
169,37,1,1342.0,609.0
169,37,2,1368.0,597.0
169,37,3,1378.0,618.0
169,22,0,1210.0,647.0
169,22,1,1204.0,625.0
169,22,2,1231.0,614.0
169,22,3,1238.0,635.0
169,2,0,1047.0,707.0
169,2,1,1044.0,685.0
169,2,2,1070.0,675.0
169,2,3,1073.0,697.0
169,13,0,1114.0,613.0
169,13,1,1110.0,594.0
169,13,2,1135.0,585.0
169,13,3,1140.0,603.0
169,3,0,1040.0,643.0
169,3,1,1038.0,625.0
169,3,2,1060.0,615.0
169,3,3,1064.0,633.0
169,0,0,1063.0,860.0
169,0,1,1060.0,832.0
169,0,2,1089.0,822.0
169,0,3,1093.0,851.0
169,8,0,1081.0,659.0
169,8,1,1077.0,639.0
169,8,2,1103.0,628.0
169,8,3,1107.0,648.0
169,9,0,1072.0,599.0
169,9,1,1069.0,581.0
169,9,2,1092.0,572.0
169,9,3,1096.0,588.0
169,12,0,1126.0,677.0
169,12,1,1122.0,655.0
169,12,2,1150.0,646.0
169,12,3,1155.0,667.0
169,18,0,1160.0,629.0
169,18,1,1155.0,610.0
169,18,2,1181.0,600.0
169,18,3,1187.0,620.0
169,23,0,1192.0,584.0
169,23,1,1186.0,566.0
169,23,2,1211.0,555.0
169,23,3,1216.0,573.0
169,27,0,1263.0,664.0
169,27,1,1255.0,640.0
169,27,2,1283.0,630.0
169,27,3,1292.0,652.0
169,31,0,1320.0,683.0
169,31,1,1311.0,659.0
169,31,2,1341.0,649.0
169,31,3,1350.0,673.0
169,32,0,1293.0,613.0
169,32,1,1285.0,592.0
169,32,2,1312.0,581.0
169,32,3,1321.0,602.0
169,35,0,1414.0,791.0
169,35,1,1403.0,760.0
169,35,2,1434.0,747.0
169,35,3,1447.0,779.0
170,38,0,1153.0,426.0
170,38,1,1143.0,398.0
170,38,2,1170.0,389.0
170,38,3,1180.0,419.0
170,39,0,1124.0,342.0
170,39,1,1114.0,313.0
170,39,2,1140.0,304.0
170,39,3,1150.0,333.0
170,33,0,1100.0,396.0
170,33,1,1091.0,368.0
170,33,2,1117.0,359.0
170,33,3,1127.0,388.0
170,37,0,1180.0,510.0
170,37,1,1171.0,481.0
170,37,2,1198.0,475.0
170,37,3,1205.0,504.0
170,32,0,1129.0,478.0
170,32,1,1120.0,449.0
170,32,2,1145.0,442.0
170,32,3,1155.0,470.0
170,36,0,1203.0,591.0
170,36,1,1195.0,564.0
170,36,2,1222.0,559.0
170,36,3,1230.0,587.0
170,34,0,1071.0,313.0
170,34,1,1062.0,286.0
170,34,2,1085.0,277.0
170,34,3,1096.0,304.0
170,29,0,1052.0,368.0
170,29,1,1041.0,340.0
170,29,2,1065.0,331.0
170,29,3,1075.0,358.0
170,28,0,1078.0,447.0
170,28,1,1070.0,420.0
170,28,2,1093.0,412.0
170,28,3,1103.0,440.0
170,31,0,1155.0,558.0
170,31,1,1146.0,531.0
170,31,2,1171.0,525.0
170,31,3,1179.0,553.0
170,27,0,1106.0,527.0
170,27,1,1097.0,499.0
170,27,2,1122.0,494.0
170,27,3,1130.0,521.0
170,30,0,1178.0,636.0
170,30,1,1170.0,610.0
170,30,2,1195.0,606.0
170,30,3,1202.0,632.0
170,23,0,1031.0,418.0
170,23,1,1022.0,392.0
170,23,2,1044.0,384.0
170,23,3,1054.0,411.0
170,24,0,1004.0,341.0
170,24,1,994.0,314.0
170,24,2,1015.0,305.0
170,24,3,1025.0,332.0
170,26,0,1130.0,603.0
170,26,1,1122.0,578.0
170,26,2,1146.0,573.0
170,26,3,1154.0,599.0
170,22,0,1058.0,495.0
170,22,1,1050.0,469.0
170,22,2,1072.0,463.0
170,22,3,1081.0,490.0
170,19,0,986.0,391.0
170,19,1,977.0,366.0
170,19,2,998.0,358.0
170,19,3,1007.0,383.0
170,18,0,1013.0,467.0
170,18,1,1004.0,441.0
170,18,2,1025.0,434.0
170,18,3,1035.0,460.0
170,21,0,1084.0,571.0
170,21,1,1076.0,546.0
170,21,2,1098.0,541.0
170,21,3,1106.0,568.0
170,14,0,940.0,366.0
170,14,1,931.0,342.0
170,14,2,951.0,332.0
170,14,3,961.0,358.0
170,13,0,967.0,439.0
170,13,1,959.0,415.0
170,13,2,980.0,407.0
170,13,3,989.0,432.0
170,25,0,1154.0,677.0
170,25,1,1146.0,653.0
170,25,2,1169.0,649.0
170,25,3,1177.0,673.0
170,17,0,1039.0,541.0
170,17,1,1031.0,516.0
170,17,2,1052.0,511.0
170,17,3,1060.0,537.0
170,12,0,994.0,512.0
170,12,1,986.0,489.0
170,12,2,1006.0,482.0
170,12,3,1015.0,506.0
170,16,0,1064.0,614.0
170,16,1,1056.0,590.0
170,16,2,1077.0,586.0
170,16,3,1085.0,610.0
170,9,0,924.0,413.0
170,9,1,916.0,390.0
170,9,2,935.0,383.0
170,9,3,944.0,406.0
170,8,0,951.0,485.0
170,8,1,943.0,461.0
170,8,2,962.0,455.0
170,8,3,970.0,480.0
170,10,0,1044.0,653.0
170,10,1,1037.0,631.0
170,10,2,1057.0,628.0
170,10,3,1064.0,651.0
170,4,0,885.0,389.0
170,4,1,876.0,367.0
170,4,2,893.0,358.0
170,4,3,902.0,382.0
170,3,0,911.0,459.0
170,3,1,903.0,435.0
170,3,2,920.0,429.0
170,3,3,928.0,453.0
170,2,0,937.0,527.0
170,2,1,929.0,505.0
170,2,2,947.0,500.0
170,2,3,955.0,523.0
170,1,0,962.0,595.0
170,1,1,955.0,574.0
170,1,2,972.0,570.0
170,1,3,980.0,592.0
170,5,0,1026.0,691.0
170,5,1,1019.0,669.0
170,5,2,1036.0,666.0
170,5,3,1045.0,688.0
170,11,0,1020.0,583.0
170,11,1,1012.0,560.0
170,11,2,1033.0,556.0
170,11,3,1040.0,580.0
170,20,0,1109.0,645.0
170,20,1,1101.0,621.0
170,20,2,1121.0,617.0
170,20,3,1130.0,642.0
170,35,0,1226.0,669.0
170,35,1,1218.0,644.0
170,35,2,1244.0,640.0
170,35,3,1251.0,666.0
171,35,0,1338.0,1114.0
171,35,1,1343.0,1076.0
171,35,2,1388.0,1080.0
171,35,3,1385.0,1119.0
171,25,0,1202.0,1101.0
171,25,1,1212.0,1065.0
171,25,2,1256.0,1069.0
171,25,3,1248.0,1105.0
171,15,0,1071.0,1084.0
171,15,1,1085.0,1051.0
171,15,2,1127.0,1057.0
171,15,3,1115.0,1091.0
171,20,0,1152.0,1045.0
171,20,1,1162.0,1013.0
171,20,2,1204.0,1016.0
171,20,3,1195.0,1048.0
171,30,0,1280.0,1056.0
171,30,1,1285.0,1024.0
171,30,2,1327.0,1025.0
171,30,3,1324.0,1058.0
171,5,0,950.0,1057.0
171,5,1,967.0,1027.0
171,5,2,1006.0,1035.0
171,5,3,991.0,1065.0
171,10,0,1032.0,1026.0
171,10,1,1046.0,997.0
171,10,2,1085.0,1004.0
171,10,3,1072.0,1034.0
171,36,0,1349.0,1012.0
171,36,1,1352.0,982.0
171,36,2,1391.0,982.0
171,36,3,1392.0,1013.0
171,16,0,1108.0,993.0
171,16,1,1119.0,965.0
171,16,2,1157.0,969.0
171,16,3,1148.0,997.0
171,6,0,997.0,975.0
171,6,1,1011.0,949.0
171,6,2,1047.0,956.0
171,6,3,1034.0,981.0
171,31,0,1294.0,968.0
171,31,1,1297.0,942.0
171,31,2,1336.0,943.0
171,31,3,1334.0,969.0
171,21,0,1180.0,958.0
171,21,1,1187.0,932.0
171,21,2,1225.0,934.0
171,21,3,1218.0,960.0
171,11,0,1070.0,945.0
171,11,1,1081.0,921.0
171,11,2,1115.0,926.0
171,11,3,1106.0,950.0
171,27,0,1245.0,924.0
171,27,1,1249.0,902.0
171,27,2,1286.0,904.0
171,27,3,1282.0,928.0
171,37,0,1355.0,932.0
171,37,1,1356.0,909.0
171,37,2,1393.0,908.0
171,37,3,1392.0,931.0
171,17,0,1137.0,916.0
171,17,1,1145.0,894.0
171,17,2,1180.0,896.0
171,17,3,1173.0,919.0
171,32,0,1305.0,894.0
171,32,1,1307.0,872.0
171,32,2,1342.0,873.0
171,32,3,1340.0,896.0
171,7,0,1036.0,904.0
171,7,1,1046.0,883.0
171,7,2,1078.0,886.0
171,7,3,1068.0,908.0
171,22,0,1200.0,886.0
171,22,1,1206.0,865.0
171,22,2,1240.0,866.0
171,22,3,1236.0,887.0
171,18,0,1160.0,851.0
171,18,1,1167.0,832.0
171,18,2,1199.0,834.0
171,18,3,1193.0,854.0
171,38,0,1360.0,864.0
171,38,1,1360.0,843.0
171,38,2,1392.0,845.0
171,38,3,1393.0,865.0
171,23,0,1217.0,826.0
171,23,1,1221.0,808.0
171,23,2,1252.0,809.0
171,23,3,1248.0,827.0
171,13,0,1124.0,819.0
171,13,1,1132.0,803.0
171,13,2,1161.0,804.0
171,13,3,1155.0,821.0
171,3,0,1036.0,813.0
171,3,1,1046.0,797.0
171,3,2,1074.0,799.0
171,3,3,1065.0,815.0
171,39,0,1360.0,805.0
171,39,1,1361.0,788.0
171,39,2,1390.0,789.0
171,39,3,1391.0,806.0
171,29,0,1269.0,801.0
171,29,1,1272.0,785.0
171,29,2,1301.0,786.0
171,29,3,1300.0,803.0
171,24,0,1229.0,775.0
171,24,1,1234.0,760.0
171,24,2,1262.0,761.0
171,24,3,1259.0,776.0
171,34,0,1317.0,778.0
171,34,1,1319.0,763.0
171,34,2,1347.0,763.0
171,34,3,1346.0,779.0
171,14,0,1145.0,770.0
171,14,1,1151.0,756.0
171,14,2,1178.0,758.0
171,14,3,1173.0,772.0
171,4,0,1063.0,765.0
171,4,1,1071.0,751.0
171,4,2,1097.0,752.0
171,4,3,1090.0,767.0
171,1,0,967.0,929.0
171,1,1,981.0,908.0
171,1,2,1013.0,912.0
171,1,3,1001.0,935.0
171,2,0,1005.0,866.0
171,2,1,1015.0,848.0
171,2,2,1046.0,851.0
171,2,3,1035.0,871.0
171,8,0,1066.0,843.0
171,8,1,1075.0,825.0
171,8,2,1105.0,827.0
171,8,3,1097.0,845.0
171,9,0,1092.0,791.0
171,9,1,1100.0,776.0
171,9,2,1128.0,778.0
171,9,3,1121.0,793.0
171,12,0,1100.0,877.0
171,12,1,1108.0,856.0
171,12,2,1141.0,860.0
171,12,3,1133.0,881.0
171,19,0,1179.0,796.0
171,19,1,1184.0,782.0
171,19,2,1213.0,782.0
171,19,3,1208.0,799.0
171,26,0,1227.0,1004.0
171,26,1,1233.0,976.0
171,26,2,1273.0,979.0
171,26,3,1268.0,1008.0
171,28,0,1259.0,858.0
171,28,1,1262.0,839.0
171,28,2,1295.0,840.0
171,28,3,1292.0,860.0
171,33,0,1311.0,831.0
171,33,1,1313.0,814.0
171,33,2,1345.0,814.0
171,33,3,1344.0,833.0
172,34,0,909.0,317.0
172,34,1,883.0,303.0
172,34,2,904.0,282.0
172,34,3,930.0,297.0
172,39,0,977.0,308.0
172,39,1,952.0,294.0
172,39,2,975.0,273.0
172,39,3,999.0,288.0
172,33,0,978.0,359.0
172,33,1,956.0,344.0
172,33,2,976.0,325.0
172,33,3,1000.0,338.0
172,29,0,915.0,364.0
172,29,1,890.0,351.0
172,29,2,910.0,333.0
172,29,3,935.0,347.0
172,38,0,1041.0,350.0
172,38,1,1021.0,336.0
172,38,2,1044.0,317.0
172,38,3,1064.0,331.0
172,24,0,851.0,371.0
172,24,1,825.0,359.0
172,24,2,843.0,341.0
172,24,3,869.0,354.0
172,19,0,859.0,416.0
172,19,1,836.0,405.0
172,19,2,853.0,386.0
172,19,3,877.0,398.0
172,14,0,800.0,425.0
172,14,1,775.0,415.0
172,14,2,789.0,398.0
172,14,3,815.0,408.0
172,23,0,921.0,406.0
172,23,1,898.0,395.0
172,23,2,916.0,379.0
172,23,3,939.0,391.0
172,32,0,1040.0,395.0
172,32,1,1021.0,382.0
172,32,2,1043.0,366.0
172,32,3,1061.0,379.0
172,28,0,982.0,400.0
172,28,1,960.0,389.0
172,28,2,979.0,373.0
172,28,3,1000.0,384.0
172,37,0,1099.0,387.0
172,37,1,1082.0,375.0
172,37,2,1104.0,359.0
172,37,3,1121.0,374.0
172,18,0,925.0,447.0
172,18,1,904.0,437.0
172,18,2,921.0,420.0
172,18,3,942.0,430.0
172,9,0,810.0,463.0
172,9,1,787.0,453.0
172,9,2,803.0,438.0
172,9,3,826.0,448.0
172,13,0,868.0,455.0
172,13,1,846.0,446.0
172,13,2,861.0,430.0
172,13,3,884.0,440.0
172,22,0,983.0,438.0
172,22,1,963.0,428.0
172,22,2,980.0,414.0
172,22,3,1001.0,424.0
172,4,0,754.0,469.0
172,4,1,731.0,460.0
172,4,2,744.0,446.0
172,4,3,768.0,455.0
172,27,0,1041.0,432.0
172,27,1,1021.0,422.0
172,27,2,1040.0,409.0
172,27,3,1059.0,419.0
172,21,0,1039.0,468.0
172,21,1,1021.0,459.0
172,21,2,1038.0,445.0
172,21,3,1056.0,454.0
172,17,0,985.0,475.0
172,17,1,966.0,467.0
172,17,2,982.0,452.0
172,17,3,1002.0,461.0
172,8,0,876.0,489.0
172,8,1,854.0,481.0
172,8,2,869.0,468.0
172,8,3,890.0,476.0
172,3,0,821.0,495.0
172,3,1,799.0,487.0
172,3,2,813.0,474.0
172,3,3,835.0,483.0
172,26,0,1092.0,462.0
172,26,1,1076.0,453.0
172,26,2,1094.0,440.0
172,26,3,1110.0,449.0
172,30,0,1145.0,457.0
172,30,1,1129.0,447.0
172,30,2,1149.0,435.0
172,30,3,1163.0,444.0
172,11,0,985.0,508.0
172,11,1,968.0,500.0
172,11,2,985.0,487.0
172,11,3,1002.0,496.0
172,2,0,881.0,520.0
172,2,1,862.0,512.0
172,2,2,876.0,500.0
172,2,3,896.0,507.0
172,10,0,1036.0,533.0
172,10,1,1020.0,525.0
172,10,2,1036.0,513.0
172,10,3,1052.0,521.0
172,1,0,937.0,543.0
172,1,1,920.0,535.0
172,1,2,934.0,525.0
172,1,3,951.0,532.0
172,5,0,1034.0,559.0
172,5,1,1020.0,553.0
172,5,2,1036.0,543.0
172,5,3,1050.0,550.0
172,0,0,988.0,564.0
172,0,1,972.0,558.0
172,0,2,986.0,548.0
172,0,3,1002.0,555.0
172,6,0,988.0,537.0
172,6,1,970.0,530.0
172,6,2,985.0,519.0
172,6,3,1003.0,527.0
172,7,0,934.0,514.0
172,7,1,915.0,506.0
172,7,2,931.0,494.0
172,7,3,949.0,502.0
172,12,0,930.0,483.0
172,12,1,910.0,474.0
172,12,2,925.0,460.0
172,12,3,946.0,468.0
172,15,0,1086.0,527.0
172,15,1,1071.0,520.0
172,15,2,1086.0,508.0
172,15,3,1101.0,515.0
172,20,0,1090.0,495.0
172,20,1,1074.0,488.0
172,20,2,1089.0,475.0
172,20,3,1105.0,483.0
172,31,0,1095.0,428.0
172,31,1,1080.0,417.0
172,31,2,1100.0,403.0
172,31,3,1115.0,414.0
172,35,0,1197.0,452.0
172,35,1,1183.0,445.0
172,35,2,1200.0,432.0
172,35,3,1215.0,440.0
172,36,0,1151.0,423.0
172,36,1,1135.0,412.0
172,36,2,1157.0,398.0
172,36,3,1171.0,410.0
173,15,0,1209.0,783.0
173,15,1,1199.0,745.0
173,15,2,1235.0,734.0
173,15,3,1246.0,771.0
173,10,0,1141.0,747.0
173,10,1,1130.0,710.0
173,10,2,1167.0,699.0
173,10,3,1178.0,735.0
173,20,0,1245.0,713.0
173,20,1,1233.0,677.0
173,20,2,1269.0,664.0
173,20,3,1281.0,701.0
173,25,0,1313.0,748.0
173,25,1,1302.0,711.0
173,25,2,1337.0,699.0
173,25,3,1349.0,736.0
173,5,0,1105.0,815.0
173,5,1,1094.0,779.0
173,5,2,1131.0,768.0
173,5,3,1141.0,805.0
173,0,0,1038.0,779.0
173,0,1,1028.0,743.0
173,0,2,1064.0,732.0
173,0,3,1075.0,768.0
173,30,0,1347.0,677.0
173,30,1,1335.0,641.0
173,30,2,1370.0,628.0
173,30,3,1382.0,665.0
173,16,0,1177.0,677.0
173,16,1,1165.0,641.0
173,16,2,1200.0,629.0
173,16,3,1213.0,665.0
173,26,0,1279.0,642.0
173,26,1,1267.0,606.0
173,26,2,1302.0,594.0
173,26,3,1314.0,631.0
173,6,0,1073.0,711.0
173,6,1,1063.0,675.0
173,6,2,1099.0,664.0
173,6,3,1109.0,700.0
173,21,0,1211.0,608.0
173,21,1,1199.0,573.0
173,21,2,1233.0,560.0
173,21,3,1246.0,596.0
173,11,0,1109.0,643.0
173,11,1,1097.0,608.0
173,11,2,1133.0,596.0
173,11,3,1144.0,631.0
173,35,0,1413.0,712.0
173,35,1,1403.0,675.0
173,35,2,1436.0,663.0
173,35,3,1447.0,699.0
173,1,0,1008.0,677.0
173,1,1,997.0,642.0
173,1,2,1032.0,630.0
173,1,3,1043.0,665.0
173,36,0,1380.0,607.0
173,36,1,1367.0,570.0
173,36,2,1400.0,559.0
173,36,3,1413.0,594.0
173,17,0,1143.0,575.0
173,17,1,1131.0,540.0
173,17,2,1165.0,528.0
173,17,3,1177.0,563.0
173,31,0,1312.0,573.0
173,31,1,1299.0,537.0
173,31,2,1332.0,526.0
173,31,3,1345.0,561.0
173,7,0,1042.0,609.0
173,7,1,1031.0,575.0
173,7,2,1065.0,563.0
173,7,3,1077.0,597.0
173,27,0,1243.0,539.0
173,27,1,1231.0,505.0
173,27,2,1264.0,494.0
173,27,3,1277.0,527.0
173,22,0,1175.0,507.0
173,22,1,1163.0,474.0
173,22,2,1195.0,462.0
173,22,3,1209.0,494.0
173,2,0,977.0,577.0
173,2,1,968.0,544.0
173,2,2,1001.0,532.0
173,2,3,1011.0,565.0
173,37,0,1342.0,504.0
173,37,1,1329.0,470.0
173,37,2,1360.0,459.0
173,37,3,1374.0,492.0
173,8,0,1011.0,512.0
173,8,1,1000.0,480.0
173,8,2,1033.0,468.0
173,8,3,1044.0,499.0
173,32,0,1273.0,472.0
173,32,1,1261.0,440.0
173,32,2,1292.0,428.0
173,32,3,1305.0,461.0
173,18,0,1108.0,477.0
173,18,1,1097.0,445.0
173,18,2,1129.0,434.0
173,18,3,1141.0,465.0
173,3,0,949.0,483.0
173,3,1,939.0,453.0
173,3,2,971.0,440.0
173,3,3,981.0,470.0
173,13,0,1043.0,447.0
173,13,1,1033.0,417.0
173,13,2,1065.0,406.0
173,13,3,1075.0,436.0
173,23,0,1139.0,412.0
173,23,1,1128.0,382.0
173,23,2,1158.0,371.0
173,23,3,1171.0,400.0
173,4,0,921.0,396.0
173,4,1,912.0,368.0
173,4,2,942.0,356.0
173,4,3,952.0,383.0
173,9,0,980.0,421.0
173,9,1,971.0,392.0
173,9,2,1002.0,380.0
173,9,3,1012.0,409.0
173,12,0,1075.0,542.0
173,12,1,1064.0,509.0
173,12,2,1098.0,497.0
173,12,3,1110.0,530.0
173,14,0,1011.0,360.0
173,14,1,1001.0,333.0
173,14,2,1032.0,322.0
173,14,3,1042.0,349.0
173,19,0,1074.0,385.0
173,19,1,1064.0,357.0
173,19,2,1094.0,345.0
173,19,3,1106.0,373.0
173,28,0,1206.0,441.0
173,28,1,1194.0,410.0
173,28,2,1226.0,400.0
173,28,3,1238.0,430.0
173,33,0,1234.0,378.0
173,33,1,1223.0,349.0
173,33,2,1252.0,339.0
173,33,3,1265.0,368.0
173,38,0,1302.0,407.0
173,38,1,1289.0,378.0
173,38,2,1319.0,367.0
173,38,3,1332.0,397.0
174,39,0,1006.0,395.0
174,39,1,979.0,379.0
174,39,2,996.0,353.0
174,39,3,1024.0,370.0
174,34,0,942.0,407.0
174,34,1,914.0,391.0
174,34,2,930.0,366.0
174,34,3,958.0,382.0
174,33,0,1017.0,455.0
174,33,1,992.0,440.0
174,33,2,1009.0,414.0
174,33,3,1035.0,430.0
174,38,0,1080.0,443.0
174,38,1,1055.0,427.0
174,38,2,1072.0,403.0
174,38,3,1098.0,419.0
174,29,0,954.0,465.0
174,29,1,928.0,449.0
174,29,2,944.0,426.0
174,29,3,971.0,441.0
174,24,0,893.0,475.0
174,24,1,866.0,460.0
174,24,2,881.0,437.0
174,24,3,908.0,452.0
174,32,0,1089.0,500.0
174,32,1,1064.0,485.0
174,32,2,1082.0,462.0
174,32,3,1106.0,477.0
174,19,0,907.0,531.0
174,19,1,882.0,517.0
174,19,2,896.0,493.0
174,19,3,922.0,507.0
174,28,0,1027.0,510.0
174,28,1,1003.0,495.0
174,28,2,1020.0,473.0
174,28,3,1045.0,488.0
174,37,0,1149.0,489.0
174,37,1,1125.0,474.0
174,37,2,1143.0,452.0
174,37,3,1167.0,468.0
174,23,0,967.0,519.0
174,23,1,942.0,505.0
174,23,2,957.0,483.0
174,23,3,983.0,497.0
174,14,0,849.0,542.0
174,14,1,822.0,528.0
174,14,2,836.0,506.0
174,14,3,862.0,520.0
174,18,0,978.0,572.0
174,18,1,954.0,558.0
174,18,2,970.0,536.0
174,18,3,994.0,550.0
174,31,0,1154.0,543.0
174,31,1,1132.0,528.0
174,31,2,1150.0,507.0
174,31,3,1172.0,522.0
174,13,0,920.0,583.0
174,13,1,896.0,569.0
174,13,2,910.0,548.0
174,13,3,935.0,561.0
174,22,0,1037.0,561.0
174,22,1,1013.0,547.0
174,22,2,1029.0,527.0
174,22,3,1053.0,540.0
174,27,0,1095.0,552.0
174,27,1,1073.0,538.0
174,27,2,1090.0,518.0
174,27,3,1113.0,532.0
174,9,0,863.0,592.0
174,9,1,839.0,579.0
174,9,2,852.0,559.0
174,9,3,877.0,572.0
174,17,0,1045.0,611.0
174,17,1,1024.0,599.0
174,17,2,1039.0,578.0
174,17,3,1062.0,591.0
174,12,0,988.0,621.0
174,12,1,966.0,608.0
174,12,2,981.0,588.0
174,12,3,1004.0,601.0
174,21,0,1102.0,601.0
174,21,1,1081.0,589.0
174,21,2,1097.0,568.0
174,21,3,1119.0,581.0
174,4,0,808.0,600.0
174,4,1,784.0,588.0
174,4,2,795.0,568.0
174,4,3,820.0,580.0
174,8,0,932.0,629.0
174,8,1,909.0,616.0
174,8,2,924.0,598.0
174,8,3,947.0,611.0
174,26,0,1159.0,591.0
174,26,1,1138.0,579.0
174,26,2,1154.0,560.0
174,26,3,1175.0,572.0
174,30,0,1214.0,582.0
174,30,1,1194.0,570.0
174,30,2,1211.0,551.0
174,30,3,1231.0,563.0
174,3,0,878.0,637.0
174,3,1,855.0,625.0
174,3,2,867.0,607.0
174,3,3,891.0,619.0
174,20,0,1162.0,638.0
174,20,1,1144.0,627.0
174,20,2,1160.0,608.0
174,20,3,1178.0,619.0
174,11,0,1054.0,656.0
174,11,1,1032.0,645.0
174,11,2,1047.0,627.0
174,11,3,1069.0,638.0
174,7,0,999.0,665.0
174,7,1,977.0,654.0
174,7,2,992.0,636.0
174,7,3,1014.0,648.0
174,35,0,1269.0,573.0
174,35,1,1250.0,562.0
174,35,2,1267.0,543.0
174,35,3,1286.0,555.0
174,2,0,944.0,673.0
174,2,1,922.0,661.0
174,2,2,936.0,644.0
174,2,3,958.0,655.0
174,25,0,1216.0,629.0
174,25,1,1197.0,618.0
174,25,2,1214.0,599.0
174,25,3,1232.0,610.0
174,10,0,1113.0,691.0
174,10,1,1093.0,680.0
174,10,2,1109.0,663.0
174,10,3,1129.0,674.0
174,15,0,1165.0,683.0
174,15,1,1147.0,672.0
174,15,2,1164.0,654.0
174,15,3,1182.0,665.0
174,6,0,1061.0,699.0
174,6,1,1040.0,688.0
174,6,2,1056.0,671.0
174,6,3,1075.0,682.0
174,1,0,1007.0,706.0
174,1,1,987.0,695.0
174,1,2,1002.0,679.0
174,1,3,1022.0,690.0
174,5,0,1119.0,730.0
174,5,1,1099.0,721.0
174,5,2,1114.0,706.0
174,5,3,1133.0,716.0
174,0,0,1066.0,738.0
174,0,1,1047.0,728.0
174,0,2,1062.0,713.0
174,0,3,1081.0,723.0
174,16,0,1108.0,647.0
174,16,1,1088.0,636.0
174,16,2,1103.0,617.0
174,16,3,1124.0,629.0
174,36,0,1211.0,534.0
174,36,1,1191.0,521.0
174,36,2,1208.0,499.0
174,36,3,1229.0,512.0
175,21,0,1507.0,593.0
175,21,1,1491.0,551.0
175,21,2,1531.0,534.0
175,21,3,1546.0,576.0
175,31,0,1615.0,546.0
175,31,1,1599.0,503.0
175,31,2,1637.0,486.0
175,31,3,1653.0,529.0
175,11,0,1395.0,638.0
175,11,1,1380.0,598.0
175,11,2,1420.0,581.0
175,11,3,1436.0,622.0
175,7,0,1319.0,603.0
175,7,1,1303.0,563.0
175,7,2,1342.0,547.0
175,7,3,1358.0,587.0
175,17,0,1428.0,557.0
175,17,1,1412.0,516.0
175,17,2,1452.0,499.0
175,17,3,1469.0,540.0
175,22,0,1459.0,474.0
175,22,1,1442.0,432.0
175,22,2,1480.0,415.0
175,22,3,1499.0,456.0
175,37,0,1644.0,461.0
175,37,1,1627.0,420.0
175,37,2,1666.0,402.0
175,37,3,1683.0,445.0
175,32,0,1567.0,426.0
175,32,1,1549.0,383.0
175,32,2,1586.0,366.0
175,32,3,1605.0,408.0
175,27,0,1538.0,509.0
175,27,1,1521.0,468.0
175,27,2,1560.0,450.0
175,27,3,1577.0,492.0
175,36,0,1689.0,583.0
175,36,1,1675.0,539.0
175,36,2,1713.0,523.0
175,36,3,1727.0,567.0
175,16,0,1472.0,674.0
175,16,1,1457.0,633.0
175,16,2,1497.0,616.0
175,16,3,1512.0,658.0
175,12,0,1349.0,523.0
175,12,1,1333.0,482.0
175,12,2,1371.0,465.0
175,12,3,1389.0,506.0
175,26,0,1583.0,629.0
175,26,1,1568.0,586.0
175,26,2,1607.0,570.0
175,26,3,1621.0,612.0
175,28,0,1488.0,391.0
175,28,1,1468.0,351.0
175,28,2,1506.0,333.0
175,28,3,1525.0,374.0
175,18,0,1379.0,441.0
175,18,1,1361.0,402.0
175,18,2,1398.0,383.0
175,18,3,1418.0,423.0
175,30,0,1654.0,665.0
175,30,1,1641.0,623.0
175,30,2,1680.0,607.0
175,30,3,1692.0,650.0
175,38,0,1592.0,342.0
175,38,1,1573.0,301.0
175,38,2,1608.0,284.0
175,38,3,1629.0,325.0
175,23,0,1406.0,359.0
175,23,1,1387.0,320.0
175,23,2,1424.0,302.0
175,23,3,1444.0,341.0
175,20,0,1546.0,709.0
175,20,1,1533.0,669.0
175,20,2,1573.0,653.0
175,20,3,1586.0,693.0
175,10,0,1435.0,751.0
175,10,1,1423.0,711.0
175,10,2,1462.0,697.0
175,10,3,1476.0,737.0
175,6,0,1362.0,715.0
175,6,1,1347.0,676.0
175,6,2,1387.0,661.0
175,6,3,1401.0,701.0
175,33,0,1512.0,309.0
175,33,1,1492.0,269.0
175,33,2,1528.0,253.0
175,33,3,1548.0,292.0
175,8,0,1272.0,491.0
175,8,1,1255.0,452.0
175,8,2,1291.0,434.0
175,8,3,1309.0,474.0
175,15,0,1509.0,788.0
175,15,1,1496.0,749.0
175,15,2,1536.0,733.0
175,15,3,1548.0,772.0
175,13,0,1299.0,410.0
175,13,1,1282.0,372.0
175,13,2,1319.0,354.0
175,13,3,1337.0,392.0
175,25,0,1617.0,744.0
175,25,1,1605.0,705.0
175,25,2,1644.0,688.0
175,25,3,1655.0,729.0
175,1,0,1288.0,680.0
175,1,1,1272.0,641.0
175,1,2,1311.0,626.0
175,1,3,1326.0,665.0
175,2,0,1243.0,569.0
175,2,1,1227.0,531.0
175,2,2,1264.0,514.0
175,2,3,1281.0,553.0
175,35,0,1723.0,701.0
175,35,1,1712.0,660.0
175,35,2,1750.0,644.0
175,35,3,1759.0,685.0
175,29,0,1430.0,277.0
175,29,1,1411.0,239.0
175,29,2,1446.0,223.0
175,29,3,1467.0,259.0
175,19,0,1325.0,329.0
175,19,1,1307.0,292.0
175,19,2,1342.0,274.0
175,19,3,1362.0,311.0
175,39,0,1533.0,229.0
175,39,1,1512.0,191.0
175,39,2,1546.0,175.0
175,39,3,1568.0,212.0
175,0,0,1327.0,787.0
175,0,1,1314.0,750.0
175,0,2,1353.0,737.0
175,0,3,1366.0,775.0
175,3,0,1196.0,461.0
175,3,1,1180.0,424.0
175,3,2,1214.0,406.0
175,3,3,1232.0,443.0
175,5,0,1399.0,822.0
175,5,1,1386.0,786.0
175,5,2,1426.0,773.0
175,5,3,1438.0,810.0
175,24,0,1349.0,250.0
175,24,1,1330.0,214.0
175,24,2,1365.0,197.0
175,24,3,1385.0,231.0
175,9,0,1222.0,382.0
175,9,1,1205.0,346.0
175,9,2,1239.0,327.0
175,9,3,1257.0,364.0
175,14,0,1247.0,304.0
175,14,1,1229.0,269.0
175,14,2,1263.0,250.0
175,14,3,1282.0,285.0
175,34,0,1452.0,199.0
175,34,1,1431.0,164.0
175,34,2,1464.0,147.0
175,34,3,1486.0,183.0
175,4,0,1148.0,358.0
175,4,1,1131.0,324.0
175,4,2,1164.0,305.0
175,4,3,1181.0,339.0
176,39,0,965.0,364.0
176,39,1,940.0,348.0
176,39,2,960.0,325.0
176,39,3,984.0,341.0
176,33,0,971.0,419.0
176,33,1,948.0,404.0
176,33,2,966.0,382.0
176,33,3,990.0,397.0
176,38,0,1034.0,412.0
176,38,1,1011.0,397.0
176,38,2,1030.0,375.0
176,38,3,1053.0,391.0
176,29,0,909.0,424.0
176,29,1,885.0,409.0
176,29,2,902.0,389.0
176,29,3,927.0,404.0
176,24,0,848.0,430.0
176,24,1,823.0,414.0
176,24,2,840.0,395.0
176,24,3,864.0,410.0
176,32,0,1036.0,463.0
176,32,1,1015.0,449.0
176,32,2,1034.0,429.0
176,32,3,1055.0,443.0
176,19,0,858.0,480.0
176,19,1,835.0,466.0
176,19,2,850.0,446.0
176,19,3,874.0,459.0
176,23,0,917.0,472.0
176,23,1,894.0,458.0
176,23,2,911.0,440.0
176,23,3,935.0,455.0
176,37,0,1096.0,456.0
176,37,1,1075.0,442.0
176,37,2,1094.0,424.0
176,37,3,1116.0,440.0
176,28,0,978.0,467.0
176,28,1,954.0,453.0
176,28,2,972.0,436.0
176,28,3,995.0,450.0
176,14,0,801.0,487.0
176,14,1,777.0,475.0
176,14,2,791.0,455.0
176,14,3,815.0,468.0
176,18,0,925.0,519.0
176,18,1,903.0,506.0
176,18,2,919.0,488.0
176,18,3,941.0,500.0
176,13,0,869.0,525.0
176,13,1,846.0,513.0
176,13,2,860.0,496.0
176,13,3,884.0,508.0
176,22,0,982.0,512.0
176,22,1,961.0,500.0
176,22,2,977.0,483.0
176,22,3,999.0,496.0
176,27,0,1039.0,507.0
176,27,1,1019.0,496.0
176,27,2,1037.0,478.0
176,27,3,1057.0,492.0
176,36,0,1150.0,499.0
176,36,1,1134.0,485.0
176,36,2,1155.0,470.0
176,36,3,1171.0,484.0
176,9,0,813.0,531.0
176,9,1,790.0,518.0
176,9,2,804.0,502.0
176,9,3,827.0,515.0
176,21,0,1041.0,550.0
176,21,1,1022.0,538.0
176,21,2,1039.0,522.0
176,21,3,1058.0,534.0
176,17,0,987.0,555.0
176,17,1,967.0,544.0
176,17,2,982.0,528.0
176,17,3,1003.0,540.0
176,4,0,759.0,535.0
176,4,1,736.0,523.0
176,4,2,748.0,508.0
176,4,3,771.0,519.0
176,8,0,878.0,566.0
176,8,1,857.0,555.0
176,8,2,871.0,540.0
176,8,3,892.0,551.0
176,11,0,991.0,594.0
176,11,1,972.0,585.0
176,11,2,987.0,570.0
176,11,3,1006.0,581.0
176,3,0,825.0,570.0
176,3,1,803.0,559.0
176,3,2,816.0,545.0
176,3,3,837.0,555.0
176,20,0,1094.0,585.0
176,20,1,1079.0,573.0
176,20,2,1097.0,560.0
176,20,3,1112.0,572.0
176,1,0,944.0,634.0
176,1,1,926.0,625.0
176,1,2,940.0,612.0
176,1,3,958.0,622.0
176,2,0,886.0,603.0
176,2,1,866.0,593.0
176,2,2,880.0,579.0
176,2,3,900.0,590.0
176,5,0,1047.0,660.0
176,5,1,1030.0,652.0
176,5,2,1045.0,640.0
176,5,3,1061.0,650.0
176,6,0,994.0,631.0
176,6,1,977.0,622.0
176,6,2,991.0,608.0
176,6,3,1009.0,618.0
176,7,0,938.0,599.0
176,7,1,919.0,588.0
176,7,2,933.0,575.0
176,7,3,952.0,585.0
176,10,0,1045.0,627.0
176,10,1,1028.0,618.0
176,10,2,1042.0,604.0
176,10,3,1060.0,613.0
176,12,0,932.0,561.0
176,12,1,911.0,550.0
176,12,2,926.0,534.0
176,12,3,947.0,545.0
176,16,0,1044.0,589.0
176,16,1,1025.0,579.0
176,16,2,1041.0,565.0
176,16,3,1059.0,575.0
176,25,0,1145.0,580.0
176,25,1,1131.0,569.0
176,25,2,1149.0,555.0
176,25,3,1163.0,567.0
176,30,0,1147.0,540.0
176,30,1,1132.0,529.0
176,30,2,1152.0,515.0
176,30,3,1167.0,527.0
176,31,0,1095.0,504.0
176,31,1,1077.0,490.0
176,31,2,1096.0,473.0
176,31,3,1114.0,489.0
176,34,0,901.0,371.0
176,34,1,874.0,355.0
176,34,2,893.0,333.0
176,34,3,919.0,350.0
176,35,0,1200.0,536.0
176,35,1,1187.0,525.0
176,35,2,1206.0,511.0
176,35,3,1221.0,523.0
177,25,0,1206.0,930.0
177,25,1,1209.0,904.0
177,25,2,1249.0,910.0
177,25,3,1247.0,935.0
177,15,0,1087.0,911.0
177,15,1,1094.0,887.0
177,15,2,1133.0,894.0
177,15,3,1128.0,919.0
177,5,0,971.0,885.0
177,5,1,982.0,862.0
177,5,2,1021.0,870.0
177,5,3,1011.0,892.0
177,20,0,1154.0,886.0
177,20,1,1158.0,864.0
177,20,2,1196.0,868.0
177,20,3,1193.0,891.0
177,10,0,1043.0,864.0
177,10,1,1051.0,843.0
177,10,2,1087.0,851.0
177,10,3,1081.0,872.0
177,30,0,1268.0,901.0
177,30,1,1267.0,880.0
177,30,2,1304.0,883.0
177,30,3,1306.0,905.0
177,36,0,1321.0,874.0
177,36,1,1319.0,854.0
177,36,2,1354.0,857.0
177,36,3,1357.0,878.0
177,26,0,1214.0,860.0
177,26,1,1216.0,841.0
177,26,2,1251.0,846.0
177,26,3,1251.0,866.0
177,16,0,1108.0,845.0
177,16,1,1113.0,826.0
177,16,2,1148.0,831.0
177,16,3,1144.0,851.0
177,6,0,1003.0,823.0
177,6,1,1011.0,806.0
177,6,2,1046.0,812.0
177,6,3,1039.0,830.0
177,21,0,1167.0,824.0
177,21,1,1170.0,806.0
177,21,2,1204.0,810.0
177,21,3,1202.0,828.0
177,31,0,1269.0,840.0
177,31,1,1267.0,823.0
177,31,2,1300.0,826.0
177,31,3,1302.0,843.0
177,1,0,968.0,789.0
177,1,1,977.0,774.0
177,1,2,1010.0,778.0
177,1,3,1001.0,794.0
177,27,0,1221.0,804.0
177,27,1,1221.0,789.0
177,27,2,1252.0,793.0
177,27,3,1253.0,809.0
177,33,0,1268.0,743.0
177,33,1,1268.0,730.0
177,33,2,1295.0,735.0
177,33,3,1296.0,748.0
177,3,0,1018.0,705.0
177,3,1,1024.0,695.0
177,3,2,1051.0,698.0
177,3,3,1046.0,708.0
177,0,0,935.0,841.0
177,0,1,947.0,822.0
177,0,2,982.0,829.0
177,0,3,972.0,848.0
177,2,0,995.0,743.0
177,2,1,1003.0,730.0
177,2,2,1032.0,734.0
177,2,3,1026.0,747.0
177,8,0,1050.0,729.0
177,8,1,1056.0,717.0
177,8,2,1084.0,721.0
177,8,3,1079.0,733.0
177,11,0,1066.0,806.0
177,11,1,1072.0,790.0
177,11,2,1106.0,796.0
177,11,3,1100.0,813.0
177,12,0,1085.0,757.0
177,12,1,1090.0,743.0
177,12,2,1119.0,750.0
177,12,3,1116.0,763.0
177,13,0,1100.0,717.0
177,13,1,1105.0,706.0
177,13,2,1132.0,711.0
177,13,3,1129.0,722.0
177,17,0,1123.0,790.0
177,17,1,1127.0,776.0
177,17,2,1159.0,780.0
177,17,3,1156.0,795.0
177,22,0,1177.0,774.0
177,22,1,1179.0,760.0
177,22,2,1209.0,762.0
177,22,3,1208.0,777.0
177,28,0,1224.0,757.0
177,28,1,1226.0,744.0
177,28,2,1254.0,748.0
177,28,3,1254.0,761.0
177,29,0,1228.0,718.0
177,29,1,1228.0,707.0
177,29,2,1253.0,710.0
177,29,3,1255.0,721.0
177,32,0,1268.0,787.0
177,32,1,1268.0,773.0
177,32,2,1298.0,777.0
177,32,3,1299.0,792.0
177,35,0,1325.0,946.0
177,35,1,1324.0,920.0
177,35,2,1361.0,924.0
177,35,3,1364.0,953.0
177,37,0,1316.0,819.0
177,37,1,1314.0,803.0
177,37,2,1346.0,806.0
177,37,3,1348.0,820.0
177,38,0,1312.0,771.0
177,38,1,1311.0,758.0
177,38,2,1338.0,762.0
177,38,3,1340.0,776.0
178,21,0,1325.0,631.0
178,21,1,1310.0,591.0
178,21,2,1348.0,576.0
178,21,3,1363.0,615.0
178,17,0,1250.0,597.0
178,17,1,1234.0,558.0
178,17,2,1272.0,543.0
178,17,3,1288.0,581.0
178,16,0,1292.0,708.0
178,16,1,1276.0,669.0
178,16,2,1315.0,654.0
178,16,3,1329.0,693.0
178,11,0,1216.0,673.0
178,11,1,1202.0,634.0
178,11,2,1240.0,620.0
178,11,3,1255.0,659.0
178,26,0,1398.0,665.0
178,26,1,1384.0,625.0
178,26,2,1421.0,610.0
178,26,3,1435.0,650.0
178,31,0,1430.0,587.0
178,31,1,1416.0,547.0
178,31,2,1453.0,533.0
178,31,3,1468.0,572.0
178,10,0,1255.0,782.0
178,10,1,1242.0,744.0
178,10,2,1281.0,730.0
178,10,3,1295.0,768.0
178,22,0,1281.0,519.0
178,22,1,1265.0,481.0
178,22,2,1302.0,465.0
178,22,3,1319.0,503.0
178,36,0,1503.0,622.0
178,36,1,1489.0,582.0
178,36,2,1526.0,567.0
178,36,3,1540.0,606.0
178,12,0,1173.0,563.0
178,12,1,1158.0,525.0
178,12,2,1196.0,510.0
178,12,3,1211.0,548.0
178,30,0,1468.0,699.0
178,30,1,1456.0,659.0
178,30,2,1493.0,645.0
178,30,3,1506.0,684.0
178,20,0,1363.0,741.0
178,20,1,1350.0,703.0
178,20,2,1389.0,688.0
178,20,3,1401.0,727.0
178,37,0,1461.0,509.0
178,37,1,1446.0,469.0
178,37,2,1482.0,455.0
178,37,3,1498.0,493.0
178,27,0,1358.0,553.0
178,27,1,1342.0,513.0
178,27,2,1378.0,499.0
178,27,3,1394.0,538.0
178,6,0,1182.0,747.0
178,6,1,1168.0,710.0
178,6,2,1207.0,696.0
178,6,3,1221.0,734.0
178,7,0,1141.0,639.0
178,7,1,1127.0,602.0
178,7,2,1164.0,587.0
178,7,3,1180.0,625.0
178,15,0,1327.0,816.0
178,15,1,1315.0,778.0
178,15,2,1354.0,764.0
178,15,3,1366.0,801.0
178,18,0,1205.0,487.0
178,18,1,1189.0,448.0
178,18,2,1226.0,434.0
178,18,3,1242.0,470.0
178,32,0,1387.0,475.0
178,32,1,1371.0,436.0
178,32,2,1406.0,421.0
178,32,3,1423.0,459.0
178,25,0,1433.0,774.0
178,25,1,1421.0,736.0
178,25,2,1458.0,721.0
178,25,3,1470.0,759.0
178,1,0,1110.0,713.0
178,1,1,1096.0,676.0
178,1,2,1133.0,662.0
178,1,3,1148.0,699.0
178,28,0,1311.0,441.0
178,28,1,1295.0,403.0
178,28,2,1330.0,389.0
178,28,3,1347.0,426.0
178,8,0,1099.0,532.0
178,8,1,1084.0,494.0
178,8,2,1119.0,479.0
178,8,3,1135.0,516.0
178,2,0,1069.0,607.0
178,2,1,1054.0,569.0
178,2,2,1090.0,555.0
178,2,3,1105.0,592.0
178,35,0,1536.0,732.0
178,35,1,1525.0,694.0
178,35,2,1562.0,679.0
178,35,3,1572.0,717.0
178,13,0,1128.0,455.0
178,13,1,1113.0,420.0
178,13,2,1148.0,403.0
178,13,3,1165.0,440.0
178,0,0,1149.0,817.0
178,0,1,1135.0,782.0
178,0,2,1173.0,768.0
178,0,3,1187.0,805.0
178,23,0,1234.0,409.0
178,23,1,1218.0,373.0
178,23,2,1253.0,358.0
178,23,3,1270.0,395.0
178,38,0,1414.0,397.0
178,38,1,1398.0,360.0
178,38,2,1432.0,346.0
178,38,3,1449.0,383.0
178,5,0,1221.0,851.0
178,5,1,1208.0,815.0
178,5,2,1246.0,803.0
178,5,3,1258.0,839.0
178,33,0,1338.0,365.0
178,33,1,1322.0,329.0
178,33,2,1356.0,315.0
178,33,3,1373.0,351.0
178,19,0,1158.0,380.0
178,19,1,1142.0,344.0
178,19,2,1177.0,330.0
178,19,3,1193.0,364.0
178,3,0,1026.0,501.0
178,3,1,1012.0,466.0
178,3,2,1046.0,450.0
178,3,3,1061.0,486.0
178,14,0,1083.0,353.0
178,14,1,1068.0,319.0
178,14,2,1102.0,304.0
178,14,3,1118.0,336.0
178,29,0,1262.0,334.0
178,29,1,1246.0,299.0
178,29,2,1279.0,286.0
178,29,3,1296.0,320.0
178,4,0,984.0,401.0
178,4,1,970.0,368.0
178,4,2,1003.0,352.0
178,4,3,1018.0,384.0
178,9,0,1055.0,427.0
178,9,1,1040.0,392.0
178,9,2,1074.0,376.0
178,9,3,1089.0,411.0
179,34,0,968.0,274.0
179,34,1,945.0,257.0
179,34,2,972.0,239.0
179,34,3,995.0,255.0
179,24,0,900.0,327.0
179,24,1,874.0,315.0
179,24,2,896.0,296.0
179,24,3,921.0,309.0
179,29,0,967.0,322.0
179,29,1,945.0,307.0
179,29,2,969.0,290.0
179,29,3,991.0,306.0
179,33,0,1033.0,317.0
179,33,1,1014.0,303.0
179,33,2,1039.0,284.0
179,33,3,1059.0,299.0
179,19,0,902.0,373.0
179,19,1,878.0,361.0
179,19,2,899.0,342.0
179,19,3,923.0,354.0
179,38,0,1099.0,311.0
179,38,1,1081.0,296.0
179,38,2,1107.0,278.0
179,38,3,1125.0,292.0
179,14,0,838.0,382.0
179,14,1,813.0,373.0
179,14,2,831.0,354.0
179,14,3,857.0,365.0
179,23,0,965.0,364.0
179,23,1,944.0,352.0
179,23,2,966.0,337.0
179,23,3,988.0,348.0
179,28,0,1030.0,359.0
179,28,1,1010.0,348.0
179,28,2,1032.0,332.0
179,28,3,1052.0,344.0
179,32,0,1091.0,355.0
179,32,1,1074.0,342.0
179,32,2,1098.0,326.0
179,32,3,1114.0,339.0
179,18,0,966.0,404.0
179,18,1,945.0,395.0
179,18,2,965.0,377.0
179,18,3,985.0,388.0
179,13,0,905.0,412.0
179,13,1,883.0,403.0
179,13,2,902.0,387.0
179,13,3,924.0,397.0
179,4,0,782.0,426.0
179,4,1,758.0,417.0
179,4,2,774.0,403.0
179,4,3,799.0,412.0
179,37,0,1150.0,349.0
179,37,1,1135.0,338.0
179,37,2,1160.0,322.0
179,37,3,1174.0,335.0
179,12,0,964.0,440.0
179,12,1,944.0,431.0
179,12,2,964.0,417.0
179,12,3,984.0,426.0
179,22,0,1025.0,396.0
179,22,1,1006.0,387.0
179,22,2,1027.0,372.0
179,22,3,1045.0,382.0
179,3,0,849.0,452.0
179,3,1,826.0,443.0
179,3,2,843.0,431.0
179,3,3,866.0,439.0
179,8,0,907.0,446.0
179,8,1,885.0,438.0
179,8,2,904.0,425.0
179,8,3,925.0,434.0
179,21,0,1075.0,426.0
179,21,1,1059.0,416.0
179,21,2,1080.0,403.0
179,21,3,1096.0,412.0
179,2,0,908.0,476.0
179,2,1,888.0,468.0
179,2,2,906.0,456.0
179,2,3,926.0,464.0
179,27,0,1084.0,391.0
179,27,1,1067.0,382.0
179,27,2,1088.0,369.0
179,27,3,1104.0,378.0
179,17,0,1021.0,432.0
179,17,1,1003.0,424.0
179,17,2,1022.0,410.0
179,17,3,1039.0,418.0
179,7,0,963.0,470.0
179,7,1,945.0,462.0
179,7,2,962.0,451.0
179,7,3,980.0,458.0
179,11,0,1018.0,463.0
179,11,1,1000.0,457.0
179,11,2,1018.0,444.0
179,11,3,1034.0,452.0
179,30,0,1182.0,416.0
179,30,1,1169.0,408.0
179,30,2,1189.0,396.0
179,30,3,1201.0,404.0
179,1,0,962.0,497.0
179,1,1,945.0,491.0
179,1,2,960.0,481.0
179,1,3,977.0,487.0
179,10,0,1062.0,488.0
179,10,1,1049.0,481.0
179,10,2,1066.0,469.0
179,10,3,1079.0,476.0
179,6,0,1013.0,493.0
179,6,1,997.0,486.0
179,6,2,1014.0,475.0
179,6,3,1029.0,481.0
179,9,0,843.0,420.0
179,9,1,820.0,411.0
179,9,2,838.0,396.0
179,9,3,862.0,405.0
179,16,0,1069.0,458.0
179,16,1,1053.0,450.0
179,16,2,1071.0,438.0
179,16,3,1087.0,446.0
179,20,0,1121.0,452.0
179,20,1,1106.0,444.0
179,20,2,1125.0,432.0
179,20,3,1140.0,440.0
179,25,0,1171.0,447.0
179,25,1,1158.0,440.0
179,25,2,1175.0,428.0
179,25,3,1189.0,436.0
179,26,0,1130.0,420.0
179,26,1,1115.0,412.0
179,26,2,1135.0,400.0
179,26,3,1149.0,408.0
179,31,0,1140.0,388.0
179,31,1,1125.0,378.0
179,31,2,1147.0,363.0
179,31,3,1162.0,375.0
179,36,0,1194.0,385.0
179,36,1,1181.0,374.0
179,36,2,1202.0,361.0
179,36,3,1216.0,371.0
179,39,0,1038.0,267.0
179,39,1,1018.0,252.0
179,39,2,1045.0,232.0
179,39,3,1066.0,249.0
180,35,0,1373.0,734.0
180,35,1,1358.0,706.0
180,35,2,1386.0,690.0
180,35,3,1401.0,717.0
180,36,0,1327.0,653.0
180,36,1,1311.0,625.0
180,36,2,1338.0,609.0
180,36,3,1354.0,636.0
180,30,0,1312.0,717.0
180,30,1,1295.0,690.0
180,30,2,1323.0,674.0
180,30,3,1338.0,701.0
180,31,0,1264.0,637.0
180,31,1,1248.0,611.0
180,31,2,1274.0,594.0
180,31,3,1291.0,621.0
180,26,0,1250.0,700.0
180,26,1,1235.0,672.0
180,26,2,1260.0,657.0
180,26,3,1277.0,684.0
180,25,0,1295.0,779.0
180,25,1,1280.0,752.0
180,25,2,1307.0,737.0
180,25,3,1322.0,764.0
180,37,0,1279.0,573.0
180,37,1,1262.0,547.0
180,37,2,1288.0,530.0
180,37,3,1304.0,557.0
180,20,0,1235.0,763.0
180,20,1,1220.0,735.0
180,20,2,1246.0,720.0
180,20,3,1261.0,746.0
180,27,0,1203.0,622.0
180,27,1,1188.0,595.0
180,27,2,1212.0,579.0
180,27,3,1229.0,606.0
180,32,0,1216.0,559.0
180,32,1,1200.0,532.0
180,32,2,1224.0,516.0
180,32,3,1241.0,543.0
180,21,0,1190.0,684.0
180,21,1,1175.0,658.0
180,21,2,1200.0,642.0
180,21,3,1216.0,669.0
180,15,0,1218.0,822.0
180,15,1,1203.0,796.0
180,15,2,1230.0,781.0
180,15,3,1244.0,808.0
180,16,0,1175.0,745.0
180,16,1,1160.0,718.0
180,16,2,1186.0,704.0
180,16,3,1201.0,730.0
180,38,0,1229.0,495.0
180,38,1,1213.0,469.0
180,38,2,1237.0,454.0
180,38,3,1254.0,479.0
180,17,0,1130.0,668.0
180,17,1,1115.0,643.0
180,17,2,1140.0,627.0
180,17,3,1155.0,654.0
180,10,0,1159.0,804.0
180,10,1,1145.0,778.0
180,10,2,1170.0,764.0
180,10,3,1185.0,790.0
180,22,0,1144.0,607.0
180,22,1,1129.0,582.0
180,22,2,1153.0,566.0
180,22,3,1169.0,591.0
180,33,0,1167.0,483.0
180,33,1,1152.0,458.0
180,33,2,1176.0,442.0
180,33,3,1192.0,467.0
180,11,0,1117.0,728.0
180,11,1,1102.0,702.0
180,11,2,1126.0,687.0
180,11,3,1141.0,714.0
180,28,0,1156.0,545.0
180,28,1,1141.0,520.0
180,28,2,1164.0,504.0
180,28,3,1180.0,529.0
180,12,0,1072.0,653.0
180,12,1,1058.0,628.0
180,12,2,1082.0,613.0
180,12,3,1097.0,638.0
180,18,0,1085.0,593.0
180,18,1,1071.0,568.0
180,18,2,1095.0,553.0
180,18,3,1110.0,578.0
180,39,0,1178.0,420.0
180,39,1,1163.0,396.0
180,39,2,1186.0,381.0
180,39,3,1202.0,405.0
180,23,0,1098.0,533.0
180,23,1,1084.0,508.0
180,23,2,1106.0,492.0
180,23,3,1121.0,518.0
180,6,0,1103.0,786.0
180,6,1,1089.0,760.0
180,6,2,1112.0,747.0
180,6,3,1127.0,772.0
180,5,0,1144.0,860.0
180,5,1,1130.0,835.0
180,5,2,1155.0,823.0
180,5,3,1169.0,848.0
180,29,0,1109.0,472.0
180,29,1,1094.0,448.0
180,29,2,1117.0,432.0
180,29,3,1132.0,456.0
180,7,0,1061.0,712.0
180,7,1,1047.0,686.0
180,7,2,1068.0,672.0
180,7,3,1084.0,697.0
180,19,0,1041.0,520.0
180,19,1,1028.0,497.0
180,19,2,1050.0,483.0
180,19,3,1064.0,506.0
180,34,0,1119.0,411.0
180,34,1,1105.0,388.0
180,34,2,1127.0,372.0
180,34,3,1142.0,395.0
180,13,0,1029.0,580.0
180,13,1,1016.0,556.0
180,13,2,1038.0,541.0
180,13,3,1052.0,566.0
180,8,0,1018.0,639.0
180,8,1,1005.0,614.0
180,8,2,1026.0,599.0
180,8,3,1040.0,624.0
180,0,0,1090.0,841.0
180,0,1,1075.0,817.0
180,0,2,1099.0,804.0
180,0,3,1112.0,830.0
180,1,0,1049.0,768.0
180,1,1,1035.0,744.0
180,1,2,1057.0,730.0
180,1,3,1071.0,756.0
180,24,0,1053.0,462.0
180,24,1,1039.0,439.0
180,24,2,1060.0,423.0
180,24,3,1075.0,447.0
180,2,0,1007.0,696.0
180,2,1,994.0,671.0
180,2,2,1016.0,658.0
180,2,3,1029.0,682.0
180,3,0,968.0,625.0
180,3,1,955.0,600.0
180,3,2,974.0,587.0
180,3,3,987.0,611.0
180,4,0,929.0,556.0
180,4,1,916.0,534.0
180,4,2,934.0,520.0
180,4,3,947.0,542.0
180,9,0,977.0,568.0
180,9,1,964.0,544.0
180,9,2,984.0,530.0
180,9,3,998.0,553.0
180,14,0,987.0,510.0
180,14,1,974.0,487.0
180,14,2,995.0,472.0
180,14,3,1009.0,495.0
181,10,0,1146.0,747.0
181,10,1,1135.0,709.0
181,10,2,1171.0,697.0
181,10,3,1184.0,734.0
181,16,0,1182.0,676.0
181,16,1,1169.0,639.0
181,16,2,1206.0,626.0
181,16,3,1218.0,663.0
181,25,0,1319.0,746.0
181,25,1,1307.0,709.0
181,25,2,1344.0,696.0
181,25,3,1355.0,733.0
181,20,0,1251.0,711.0
181,20,1,1239.0,674.0
181,20,2,1275.0,661.0
181,20,3,1287.0,699.0
181,15,0,1216.0,782.0
181,15,1,1204.0,745.0
181,15,2,1240.0,732.0
181,15,3,1252.0,769.0
181,5,0,1111.0,816.0
181,5,1,1099.0,779.0
181,5,2,1136.0,768.0
181,5,3,1148.0,804.0
181,6,0,1077.0,711.0
181,6,1,1065.0,675.0
181,6,2,1101.0,662.0
181,6,3,1114.0,699.0
181,11,0,1112.0,641.0
181,11,1,1099.0,605.0
181,11,2,1135.0,592.0
181,11,3,1148.0,629.0
181,0,0,1043.0,781.0
181,0,1,1031.0,744.0
181,0,2,1067.0,732.0
181,0,3,1079.0,769.0
181,21,0,1216.0,605.0
181,21,1,1203.0,568.0
181,21,2,1238.0,555.0
181,21,3,1251.0,592.0
181,30,0,1353.0,674.0
181,30,1,1341.0,637.0
181,30,2,1376.0,624.0
181,30,3,1388.0,662.0
181,1,0,1009.0,677.0
181,1,1,997.0,640.0
181,1,2,1033.0,628.0
181,1,3,1045.0,664.0
181,17,0,1145.0,571.0
181,17,1,1133.0,535.0
181,17,2,1168.0,522.0
181,17,3,1181.0,558.0
181,26,0,1285.0,639.0
181,26,1,1273.0,602.0
181,26,2,1308.0,590.0
181,26,3,1320.0,627.0
181,36,0,1386.0,603.0
181,36,1,1373.0,566.0
181,36,2,1407.0,553.0
181,36,3,1420.0,590.0
181,7,0,1042.0,607.0
181,7,1,1030.0,572.0
181,7,2,1066.0,559.0
181,7,3,1078.0,595.0
181,31,0,1317.0,568.0
181,31,1,1304.0,532.0
181,31,2,1338.0,519.0
181,31,3,1352.0,555.0
181,35,0,1419.0,709.0
181,35,1,1408.0,672.0
181,35,2,1442.0,659.0
181,35,3,1453.0,695.0
181,27,0,1248.0,534.0
181,27,1,1235.0,498.0
181,27,2,1269.0,486.0
181,27,3,1283.0,521.0
181,12,0,1075.0,537.0
181,12,1,1063.0,502.0
181,12,2,1098.0,490.0
181,12,3,1111.0,525.0
181,22,0,1178.0,501.0
181,22,1,1165.0,466.0
181,22,2,1199.0,453.0
181,22,3,1213.0,487.0
181,2,0,974.0,574.0
181,2,1,963.0,540.0
181,2,2,998.0,527.0
181,2,3,1010.0,561.0
181,8,0,1007.0,507.0
181,8,1,996.0,472.0
181,8,2,1030.0,459.0
181,8,3,1042.0,493.0
181,18,0,1108.0,469.0
181,18,1,1096.0,434.0
181,18,2,1130.0,423.0
181,18,3,1143.0,456.0
181,37,0,1347.0,497.0
181,37,1,1334.0,463.0
181,37,2,1366.0,450.0
181,37,3,1381.0,485.0
181,32,0,1278.0,464.0
181,32,1,1265.0,430.0
181,32,2,1297.0,418.0
181,32,3,1311.0,452.0
181,28,0,1209.0,432.0
181,28,1,1196.0,398.0
181,28,2,1228.0,387.0
181,28,3,1242.0,420.0
181,3,0,942.0,477.0
181,3,1,931.0,444.0
181,3,2,964.0,431.0
181,3,3,976.0,463.0
181,13,0,1039.0,438.0
181,13,1,1028.0,406.0
181,13,2,1062.0,394.0
181,13,3,1074.0,425.0
181,23,0,1139.0,401.0
181,23,1,1127.0,369.0
181,23,2,1159.0,357.0
181,23,3,1173.0,388.0
181,9,0,973.0,410.0
181,9,1,962.0,379.0
181,9,2,995.0,366.0
181,9,3,1006.0,398.0
181,38,0,1306.0,396.0
181,38,1,1293.0,364.0
181,38,2,1324.0,354.0
181,38,3,1338.0,385.0
181,33,0,1238.0,366.0
181,33,1,1224.0,334.0
181,33,2,1255.0,324.0
181,33,3,1269.0,355.0
181,14,0,1004.0,346.0
181,14,1,993.0,316.0
181,14,2,1025.0,304.0
181,14,3,1037.0,333.0
181,4,0,910.0,384.0
181,4,1,899.0,355.0
181,4,2,931.0,341.0
181,4,3,942.0,371.0
181,29,0,1168.0,335.0
181,29,1,1156.0,305.0
181,29,2,1186.0,295.0
181,29,3,1200.0,325.0
181,24,0,1101.0,309.0
181,24,1,1089.0,279.0
181,24,2,1119.0,268.0
181,24,3,1132.0,297.0
181,19,0,1071.0,372.0
181,19,1,1059.0,341.0
181,19,2,1090.0,329.0
181,19,3,1104.0,360.0
182,15,0,1090.0,881.0
182,15,1,1095.0,859.0
182,15,2,1135.0,867.0
182,15,3,1131.0,889.0
182,5,0,972.0,853.0
182,5,1,981.0,831.0
182,5,2,1019.0,839.0
182,5,3,1012.0,860.0
182,10,0,1043.0,833.0
182,10,1,1050.0,815.0
182,10,2,1088.0,824.0
182,10,3,1082.0,843.0
182,30,0,1271.0,875.0
182,30,1,1270.0,855.0
182,30,2,1307.0,860.0
182,30,3,1309.0,881.0
182,0,0,933.0,809.0
182,0,1,944.0,791.0
182,0,2,980.0,799.0
182,0,3,969.0,817.0
182,1,0,966.0,759.0
182,1,1,975.0,745.0
182,1,2,1007.0,750.0
182,1,3,999.0,765.0
182,6,0,1002.0,792.0
182,6,1,1010.0,777.0
182,6,2,1045.0,784.0
182,6,3,1038.0,801.0
182,11,0,1066.0,779.0
182,11,1,1070.0,764.0
182,11,2,1104.0,770.0
182,11,3,1100.0,786.0
182,16,0,1108.0,817.0
182,16,1,1113.0,799.0
182,16,2,1149.0,806.0
182,16,3,1145.0,824.0
182,17,0,1123.0,765.0
182,17,1,1126.0,751.0
182,17,2,1159.0,756.0
182,17,3,1156.0,770.0
182,20,0,1157.0,859.0
182,20,1,1159.0,839.0
182,20,2,1198.0,842.0
182,20,3,1196.0,863.0
182,21,0,1167.0,798.0
182,21,1,1169.0,784.0
182,21,2,1203.0,786.0
182,21,3,1203.0,802.0
182,25,0,1211.0,903.0
182,25,1,1213.0,878.0
182,25,2,1252.0,884.0
182,25,3,1252.0,908.0
182,26,0,1217.0,835.0
182,26,1,1218.0,816.0
182,26,2,1252.0,823.0
182,26,3,1253.0,841.0
182,35,0,1331.0,921.0
182,35,1,1329.0,896.0
182,35,2,1366.0,902.0
182,35,3,1370.0,928.0
182,36,0,1324.0,851.0
182,36,1,1321.0,833.0
182,36,2,1356.0,836.0
182,36,3,1359.0,856.0
183,25,0,1215.0,891.0
183,25,1,1216.0,867.0
183,25,2,1256.0,873.0
183,25,3,1256.0,896.0
183,15,0,1093.0,869.0
183,15,1,1099.0,848.0
183,15,2,1139.0,856.0
183,15,3,1134.0,879.0
183,5,0,975.0,841.0
183,5,1,985.0,820.0
183,5,2,1024.0,828.0
183,5,3,1015.0,849.0
183,20,0,1160.0,848.0
183,20,1,1163.0,828.0
183,20,2,1201.0,831.0
183,20,3,1200.0,852.0
183,30,0,1274.0,864.0
183,30,1,1273.0,845.0
183,30,2,1310.0,849.0
183,30,3,1313.0,870.0
183,10,0,1047.0,823.0
183,10,1,1054.0,804.0
183,10,2,1090.0,812.0
183,10,3,1086.0,831.0
183,0,0,937.0,799.0
183,0,1,948.0,781.0
183,0,2,984.0,789.0
183,0,3,974.0,806.0
183,1,0,970.0,749.0
183,1,1,978.0,736.0
183,1,2,1011.0,740.0
183,1,3,1003.0,755.0
183,6,0,1005.0,782.0
183,6,1,1014.0,767.0
183,6,2,1049.0,774.0
183,6,3,1042.0,790.0
183,17,0,1127.0,756.0
183,17,1,1129.0,742.0
183,17,2,1162.0,747.0
183,17,3,1159.0,761.0
183,26,0,1220.0,824.0
183,26,1,1221.0,806.0
183,26,2,1256.0,813.0
183,26,3,1257.0,830.0
183,35,0,1334.0,909.0
183,35,1,1332.0,886.0
183,35,2,1370.0,891.0
183,35,3,1373.0,917.0
183,36,0,1328.0,841.0
183,36,1,1325.0,822.0
183,36,2,1359.0,826.0
183,36,3,1363.0,845.0
184,35,0,1383.0,1081.0
184,35,1,1377.0,1048.0
184,35,2,1419.0,1039.0
184,35,3,1426.0,1073.0
184,25,0,1260.0,1105.0
184,25,1,1258.0,1072.0
184,25,2,1299.0,1064.0
184,25,3,1303.0,1097.0
184,15,0,1138.0,1122.0
184,15,1,1141.0,1090.0
184,15,2,1182.0,1086.0
184,15,3,1180.0,1119.0
184,5,0,1022.0,1130.0
184,5,1,1028.0,1099.0
184,5,2,1067.0,1096.0
184,5,3,1061.0,1127.0
184,30,0,1316.0,1047.0
184,30,1,1312.0,1018.0
184,30,2,1352.0,1009.0
184,30,3,1357.0,1037.0
184,20,0,1200.0,1069.0
184,20,1,1200.0,1039.0
184,20,2,1239.0,1032.0
184,20,3,1240.0,1061.0
184,10,0,1086.0,1082.0
184,10,1,1090.0,1053.0
184,10,2,1128.0,1049.0
184,10,3,1125.0,1079.0
184,36,0,1366.0,991.0
184,36,1,1361.0,964.0
184,36,2,1397.0,955.0
184,36,3,1404.0,982.0
184,26,0,1255.0,1015.0
184,26,1,1253.0,988.0
184,26,2,1291.0,982.0
184,26,3,1294.0,1008.0
184,16,0,1145.0,1034.0
184,16,1,1148.0,1007.0
184,16,2,1184.0,1001.0
184,16,3,1183.0,1029.0
184,0,0,978.0,1089.0
184,0,1,986.0,1061.0
184,0,2,1021.0,1059.0
184,0,3,1015.0,1087.0
184,6,0,1040.0,1045.0
184,6,1,1045.0,1019.0
184,6,2,1080.0,1015.0
184,6,3,1076.0,1042.0
184,31,0,1305.0,967.0
184,31,1,1302.0,942.0
184,31,2,1337.0,934.0
184,31,3,1342.0,957.0
184,21,0,1200.0,986.0
184,21,1,1200.0,961.0
184,21,2,1235.0,954.0
184,21,3,1236.0,979.0
184,11,0,1097.0,1001.0
184,11,1,1101.0,976.0
184,11,2,1134.0,972.0
184,11,3,1132.0,997.0
184,27,0,1250.0,940.0
184,27,1,1248.0,917.0
184,27,2,1282.0,912.0
184,27,3,1285.0,934.0
184,1,0,999.0,1013.0
184,1,1,1005.0,990.0
184,1,2,1037.0,985.0
184,1,3,1033.0,1009.0
184,17,0,1150.0,959.0
184,17,1,1152.0,936.0
184,17,2,1184.0,930.0
184,17,3,1184.0,953.0
184,37,0,1350.0,919.0
184,37,1,1346.0,898.0
184,37,2,1379.0,889.0
184,37,3,1384.0,908.0
184,7,0,1054.0,972.0
184,7,1,1057.0,950.0
184,7,2,1089.0,945.0
184,7,3,1086.0,968.0
184,32,0,1295.0,898.0
184,32,1,1292.0,877.0
184,32,2,1324.0,870.0
184,32,3,1328.0,891.0
184,12,0,1105.0,932.0
184,12,1,1108.0,911.0
184,12,2,1139.0,907.0
184,12,3,1137.0,928.0
184,22,0,1199.0,916.0
184,22,1,1199.0,896.0
184,22,2,1231.0,890.0
184,22,3,1231.0,910.0
184,2,0,1015.0,946.0
184,2,1,1020.0,925.0
184,2,2,1050.0,921.0
184,2,3,1046.0,941.0
184,18,0,1153.0,894.0
184,18,1,1154.0,875.0
184,18,2,1184.0,870.0
184,18,3,1185.0,889.0
184,28,0,1244.0,876.0
184,28,1,1243.0,858.0
184,28,2,1273.0,852.0
184,28,3,1276.0,870.0
184,38,0,1336.0,856.0
184,38,1,1332.0,838.0
184,38,2,1362.0,832.0
184,38,3,1367.0,850.0
184,8,0,1065.0,908.0
184,8,1,1068.0,889.0
184,8,2,1097.0,884.0
184,8,3,1095.0,903.0
184,33,0,1285.0,839.0
184,33,1,1282.0,821.0
184,33,2,1312.0,816.0
184,33,3,1314.0,833.0
184,23,0,1198.0,858.0
184,23,1,1198.0,840.0
184,23,2,1226.0,834.0
184,23,3,1228.0,851.0
184,13,0,1112.0,873.0
184,13,1,1113.0,856.0
184,13,2,1142.0,851.0
184,13,3,1141.0,868.0
184,39,0,1323.0,802.0
184,39,1,1319.0,786.0
184,39,2,1346.0,779.0
184,39,3,1351.0,796.0
184,3,0,1029.0,888.0
184,3,1,1035.0,870.0
184,3,2,1060.0,865.0
184,3,3,1056.0,883.0
184,29,0,1239.0,822.0
184,29,1,1237.0,806.0
184,29,2,1265.0,800.0
184,29,3,1267.0,816.0
184,19,0,1156.0,840.0
184,19,1,1156.0,824.0
184,19,2,1184.0,819.0
184,19,3,1184.0,835.0
184,24,0,1196.0,807.0
184,24,1,1196.0,793.0
184,24,2,1223.0,788.0
184,24,3,1222.0,802.0
184,14,0,1117.0,822.0
184,14,1,1118.0,807.0
184,14,2,1144.0,803.0
184,14,3,1143.0,818.0
184,4,0,1040.0,837.0
184,4,1,1043.0,823.0
184,4,2,1068.0,818.0
184,4,3,1066.0,832.0
184,9,0,1074.0,854.0
184,9,1,1077.0,838.0
184,9,2,1103.0,834.0
184,9,3,1101.0,849.0
185,25,0,1217.0,883.0
185,25,1,1219.0,860.0
185,25,2,1259.0,866.0
185,25,3,1259.0,888.0
185,15,0,1096.0,862.0
185,15,1,1102.0,841.0
185,15,2,1142.0,849.0
185,15,3,1137.0,871.0
185,5,0,978.0,833.0
185,5,1,988.0,814.0
185,5,2,1027.0,822.0
185,5,3,1017.0,843.0
185,20,0,1163.0,841.0
185,20,1,1166.0,821.0
185,20,2,1205.0,825.0
185,20,3,1203.0,844.0
185,10,0,1050.0,816.0
185,10,1,1056.0,799.0
185,10,2,1094.0,806.0
185,10,3,1089.0,825.0
185,0,0,940.0,792.0
185,0,1,951.0,775.0
185,0,2,987.0,782.0
185,0,3,978.0,799.0
185,1,0,973.0,743.0
185,1,1,981.0,730.0
185,1,2,1013.0,734.0
185,1,3,1006.0,749.0
185,6,0,1009.0,774.0
185,6,1,1016.0,761.0
185,6,2,1051.0,768.0
185,6,3,1045.0,784.0
185,16,0,1115.0,800.0
185,16,1,1119.0,783.0
185,16,2,1154.0,789.0
185,16,3,1152.0,806.0
185,26,0,1223.0,817.0
185,26,1,1224.0,799.0
185,26,2,1259.0,806.0
185,26,3,1259.0,823.0
185,30,0,1277.0,857.0
185,30,1,1276.0,838.0
185,30,2,1313.0,842.0
185,30,3,1316.0,862.0
185,35,0,1337.0,901.0
185,35,1,1335.0,877.0
185,35,2,1372.0,883.0
185,35,3,1375.0,909.0
186,35,0,1314.0,1117.0
186,35,1,1320.0,1079.0
186,35,2,1365.0,1084.0
186,35,3,1361.0,1123.0
186,25,0,1176.0,1100.0
186,25,1,1188.0,1065.0
186,25,2,1231.0,1070.0
186,25,3,1223.0,1106.0
186,15,0,1046.0,1082.0
186,15,1,1062.0,1049.0
186,15,2,1103.0,1056.0
186,15,3,1089.0,1090.0
186,20,0,1128.0,1044.0
186,20,1,1139.0,1013.0
186,20,2,1181.0,1016.0
186,20,3,1171.0,1048.0
186,30,0,1256.0,1057.0
186,30,1,1262.0,1027.0
186,30,2,1305.0,1028.0
186,30,3,1301.0,1060.0
186,5,0,926.0,1053.0
186,5,1,944.0,1023.0
186,5,2,983.0,1032.0
186,5,3,965.0,1062.0
186,10,0,1008.0,1023.0
186,10,1,1022.0,996.0
186,10,2,1062.0,1003.0
186,10,3,1048.0,1032.0
186,36,0,1329.0,1015.0
186,36,1,1331.0,985.0
186,36,2,1372.0,986.0
186,36,3,1371.0,1016.0
186,16,0,1085.0,991.0
186,16,1,1098.0,964.0
186,16,2,1135.0,968.0
186,16,3,1125.0,997.0
186,6,0,975.0,972.0
186,6,1,990.0,947.0
186,6,2,1025.0,954.0
186,6,3,1012.0,979.0
186,21,0,1158.0,958.0
186,21,1,1167.0,932.0
186,21,2,1204.0,935.0
186,21,3,1197.0,961.0
186,31,0,1273.0,970.0
186,31,1,1277.0,945.0
186,31,2,1316.0,946.0
186,31,3,1314.0,970.0
186,11,0,1049.0,944.0
186,11,1,1061.0,920.0
186,11,2,1095.0,926.0
186,11,3,1084.0,950.0
186,27,0,1226.0,926.0
186,27,1,1230.0,903.0
186,27,2,1266.0,905.0
186,27,3,1263.0,929.0
186,37,0,1336.0,935.0
186,37,1,1338.0,912.0
186,37,2,1374.0,911.0
186,37,3,1375.0,933.0
186,17,0,1117.0,916.0
186,17,1,1126.0,894.0
186,17,2,1161.0,896.0
186,17,3,1153.0,919.0
186,32,0,1286.0,896.0
186,32,1,1289.0,875.0
186,32,2,1324.0,876.0
186,32,3,1322.0,899.0
186,22,0,1182.0,887.0
186,22,1,1188.0,867.0
186,22,2,1223.0,868.0
186,22,3,1217.0,888.0
186,12,0,1081.0,876.0
186,12,1,1091.0,856.0
186,12,2,1123.0,860.0
186,12,3,1114.0,881.0
186,38,0,1343.0,867.0
186,38,1,1343.0,847.0
186,38,2,1375.0,848.0
186,38,3,1376.0,869.0
186,18,0,1143.0,851.0
186,18,1,1151.0,833.0
186,18,2,1181.0,837.0
186,18,3,1175.0,855.0
186,33,0,1296.0,834.0
186,33,1,1298.0,816.0
186,33,2,1329.0,818.0
186,33,3,1328.0,835.0
186,23,0,1201.0,828.0
186,23,1,1205.0,810.0
186,23,2,1236.0,811.0
186,23,3,1232.0,829.0
186,13,0,1107.0,820.0
186,13,1,1115.0,804.0
186,13,2,1145.0,805.0
186,13,3,1138.0,822.0
186,39,0,1346.0,809.0
186,39,1,1346.0,792.0
186,39,2,1376.0,793.0
186,39,3,1376.0,810.0
186,3,0,1020.0,812.0
186,3,1,1030.0,797.0
186,3,2,1058.0,799.0
186,3,3,1048.0,815.0
186,29,0,1254.0,804.0
186,29,1,1257.0,788.0
186,29,2,1286.0,789.0
186,29,3,1284.0,806.0
186,34,0,1303.0,782.0
186,34,1,1304.0,766.0
186,34,2,1333.0,766.0
186,34,3,1332.0,782.0
186,24,0,1215.0,777.0
186,24,1,1220.0,762.0
186,24,2,1248.0,764.0
186,24,3,1244.0,778.0
186,4,0,1049.0,766.0
186,4,1,1056.0,752.0
186,4,2,1083.0,754.0
186,4,3,1075.0,768.0
186,1,0,947.0,926.0
186,1,1,962.0,906.0
186,1,2,993.0,910.0
186,1,3,980.0,933.0
186,2,0,986.0,865.0
186,2,1,998.0,847.0
186,2,2,1028.0,850.0
186,2,3,1018.0,869.0
186,7,0,1015.0,902.0
186,7,1,1027.0,882.0
186,7,2,1060.0,886.0
186,7,3,1049.0,907.0
186,8,0,1049.0,843.0
186,8,1,1059.0,825.0
186,8,2,1088.0,827.0
186,8,3,1080.0,845.0
186,9,0,1077.0,792.0
186,9,1,1085.0,777.0
186,9,2,1112.0,779.0
186,9,3,1105.0,794.0
186,14,0,1130.0,772.0
186,14,1,1136.0,757.0
186,14,2,1164.0,759.0
186,14,3,1158.0,774.0
186,19,0,1163.0,797.0
186,19,1,1170.0,783.0
186,19,2,1198.0,784.0
186,19,3,1193.0,800.0
186,26,0,1204.0,1005.0
186,26,1,1212.0,976.0
186,26,2,1252.0,981.0
186,26,3,1245.0,1010.0
186,28,0,1242.0,860.0
186,28,1,1245.0,841.0
186,28,2,1278.0,842.0
186,28,3,1275.0,862.0
187,35,0,1192.0,1116.0
187,35,1,1205.0,1079.0
187,35,2,1251.0,1086.0
187,35,3,1241.0,1124.0
187,25,0,1056.0,1095.0
187,25,1,1073.0,1062.0
187,25,2,1116.0,1068.0
187,25,3,1101.0,1102.0
187,30,0,1142.0,1057.0
187,30,1,1155.0,1028.0
187,30,2,1198.0,1031.0
187,30,3,1187.0,1062.0
187,15,0,934.0,1073.0
187,15,1,953.0,1045.0
187,15,2,993.0,1051.0
187,15,3,974.0,1082.0
187,20,0,1019.0,1040.0
187,20,1,1036.0,1013.0
187,20,2,1075.0,1017.0
187,20,3,1060.0,1046.0
187,36,0,1222.0,1019.0
187,36,1,1231.0,992.0
187,36,2,1273.0,993.0
187,36,3,1267.0,1022.0
187,5,0,825.0,1043.0
187,5,1,846.0,1017.0
187,5,2,882.0,1027.0
187,5,3,861.0,1052.0
187,26,0,1100.0,1007.0
187,26,1,1112.0,982.0
187,26,2,1153.0,987.0
187,26,3,1142.0,1012.0
187,10,0,908.0,1018.0
187,10,1,926.0,995.0
187,10,2,963.0,1002.0
187,10,3,945.0,1028.0
187,16,0,987.0,993.0
187,16,1,1003.0,969.0
187,16,2,1040.0,973.0
187,16,3,1024.0,999.0
187,31,0,1175.0,977.0
187,31,1,1186.0,953.0
187,31,2,1224.0,955.0
187,31,3,1215.0,979.0
187,21,0,1063.0,964.0
187,21,1,1076.0,941.0
187,21,2,1113.0,944.0
187,21,3,1101.0,967.0
187,6,0,885.0,973.0
187,6,1,903.0,952.0
187,6,2,937.0,958.0
187,6,3,919.0,980.0
187,11,0,961.0,950.0
187,11,1,975.0,929.0
187,11,2,1008.0,934.0
187,11,3,994.0,955.0
187,37,0,1246.0,945.0
187,37,1,1251.0,924.0
187,37,2,1289.0,924.0
187,37,3,1285.0,944.0
187,27,0,1135.0,934.0
187,27,1,1145.0,914.0
187,27,2,1180.0,919.0
187,27,3,1172.0,939.0
187,32,0,1201.0,908.0
187,32,1,1209.0,889.0
187,32,2,1244.0,891.0
187,32,3,1237.0,912.0
187,17,0,1031.0,925.0
187,17,1,1044.0,906.0
187,17,2,1077.0,909.0
187,17,3,1065.0,929.0
187,1,0,867.0,934.0
187,1,1,883.0,916.0
187,1,2,914.0,919.0
187,1,3,897.0,939.0
187,7,0,936.0,912.0
187,7,1,951.0,894.0
187,7,2,982.0,898.0
187,7,3,967.0,917.0
187,22,0,1099.0,900.0
187,22,1,1109.0,882.0
187,22,2,1142.0,883.0
187,22,3,1133.0,902.0
187,28,0,1162.0,875.0
187,28,1,1170.0,858.0
187,28,2,1203.0,860.0
187,28,3,1195.0,878.0
187,2,0,915.0,879.0
187,2,1,930.0,863.0
187,2,2,958.0,867.0
187,2,3,944.0,883.0
187,23,0,1128.0,846.0
187,23,1,1136.0,831.0
187,23,2,1166.0,832.0
187,23,3,1159.0,847.0
187,33,0,1221.0,852.0
187,33,1,1227.0,836.0
187,33,2,1259.0,838.0
187,33,3,1254.0,854.0
187,9,0,1014.0,815.0
187,9,1,1025.0,802.0
187,9,2,1051.0,804.0
187,9,3,1042.0,816.0
187,12,0,1003.0,890.0
187,12,1,1015.0,872.0
187,12,2,1047.0,876.0
187,12,3,1034.0,894.0
187,13,0,1040.0,839.0
187,13,1,1049.0,826.0
187,13,2,1078.0,827.0
187,13,3,1068.0,842.0
187,18,0,1067.0,868.0
187,18,1,1077.0,852.0
187,18,2,1108.0,854.0
187,18,3,1099.0,871.0
187,19,0,1097.0,820.0
187,19,1,1105.0,807.0
187,19,2,1133.0,808.0
187,19,3,1126.0,822.0
187,24,0,1151.0,800.0
187,24,1,1158.0,788.0
187,24,2,1186.0,789.0
187,24,3,1180.0,801.0
187,29,0,1184.0,825.0
187,29,1,1191.0,810.0
187,29,2,1221.0,812.0
187,29,3,1216.0,826.0
187,34,0,1237.0,804.0
187,34,1,1242.0,790.0
187,34,2,1271.0,790.0
187,34,3,1267.0,805.0
187,38,0,1263.0,882.0
187,38,1,1267.0,864.0
187,38,2,1301.0,865.0
187,38,3,1298.0,884.0
188,34,0,988.0,272.0
188,34,1,967.0,256.0
188,34,2,994.0,237.0
188,34,3,1016.0,254.0
188,39,0,1061.0,266.0
188,39,1,1041.0,250.0
188,39,2,1070.0,231.0
188,39,3,1089.0,246.0
188,24,0,916.0,326.0
188,24,1,890.0,314.0
188,24,2,914.0,295.0
188,24,3,939.0,308.0
188,29,0,986.0,320.0
188,29,1,963.0,308.0
188,29,2,987.0,289.0
188,29,3,1010.0,303.0
188,33,0,1054.0,315.0
188,33,1,1033.0,303.0
188,33,2,1057.0,283.0
188,33,3,1078.0,296.0
188,14,0,850.0,382.0
188,14,1,824.0,372.0
188,14,2,845.0,353.0
188,14,3,870.0,364.0
188,19,0,914.0,372.0
188,19,1,892.0,360.0
188,19,2,915.0,341.0
188,19,3,937.0,353.0
188,38,0,1117.0,309.0
188,38,1,1100.0,295.0
188,38,2,1127.0,276.0
188,38,3,1143.0,290.0
188,23,0,981.0,362.0
188,23,1,959.0,351.0
188,23,2,983.0,335.0
188,23,3,1003.0,346.0
188,28,0,1044.0,357.0
188,28,1,1025.0,345.0
188,28,2,1050.0,330.0
188,28,3,1068.0,342.0
188,9,0,853.0,419.0
188,9,1,829.0,410.0
188,9,2,850.0,395.0
188,9,3,873.0,404.0
188,13,0,916.0,411.0
188,13,1,894.0,402.0
188,13,2,915.0,386.0
188,13,3,936.0,396.0
188,18,0,976.0,403.0
188,18,1,957.0,393.0
188,18,2,979.0,376.0
188,18,3,997.0,387.0
188,4,0,790.0,426.0
188,4,1,766.0,417.0
188,4,2,785.0,403.0
188,4,3,808.0,412.0
188,37,0,1164.0,346.0
188,37,1,1150.0,335.0
188,37,2,1174.0,319.0
188,37,3,1189.0,333.0
188,8,0,915.0,445.0
188,8,1,894.0,437.0
188,8,2,915.0,423.0
188,8,3,935.0,432.0
188,22,0,1036.0,394.0
188,22,1,1018.0,384.0
188,22,2,1041.0,370.0
188,22,3,1058.0,380.0
188,3,0,856.0,451.0
188,3,1,834.0,443.0
188,3,2,852.0,431.0
188,3,3,874.0,439.0
188,31,0,1151.0,385.0
188,31,1,1137.0,375.0
188,31,2,1160.0,360.0
188,31,3,1173.0,371.0
188,21,0,1084.0,423.0
188,21,1,1069.0,414.0
188,21,2,1091.0,400.0
188,21,3,1106.0,409.0
188,17,0,1031.0,429.0
188,17,1,1013.0,422.0
188,17,2,1033.0,407.0
188,17,3,1050.0,416.0
188,27,0,1095.0,388.0
188,27,1,1080.0,379.0
188,27,2,1102.0,366.0
188,27,3,1116.0,376.0
188,2,0,915.0,474.0
188,2,1,895.0,467.0
188,2,2,913.0,455.0
188,2,3,933.0,462.0
188,26,0,1139.0,416.0
188,26,1,1125.0,408.0
188,26,2,1145.0,396.0
188,26,3,1159.0,404.0
188,1,0,967.0,494.0
188,1,1,951.0,489.0
188,1,2,967.0,478.0
188,1,3,983.0,484.0
188,6,0,1018.0,489.0
188,6,1,1003.0,483.0
188,6,2,1020.0,471.0
188,6,3,1036.0,478.0
188,7,0,970.0,468.0
188,7,1,951.0,460.0
188,7,2,971.0,448.0
188,7,3,988.0,455.0
188,11,0,1024.0,461.0
188,11,1,1007.0,454.0
188,11,2,1027.0,441.0
188,11,3,1043.0,448.0
188,12,0,973.0,438.0
188,12,1,955.0,430.0
188,12,2,974.0,415.0
188,12,3,993.0,424.0
188,16,0,1076.0,454.0
188,16,1,1062.0,447.0
188,16,2,1081.0,434.0
188,16,3,1095.0,442.0
188,25,0,1176.0,442.0
188,25,1,1164.0,435.0
188,25,2,1183.0,423.0
188,25,3,1195.0,431.0
188,32,0,1107.0,352.0
188,32,1,1090.0,342.0
188,32,2,1113.0,324.0
188,32,3,1129.0,335.0
188,36,0,1206.0,380.0
188,36,1,1193.0,372.0
188,36,2,1215.0,357.0
188,36,3,1227.0,367.0
189,34,0,1026.0,275.0
189,34,1,1007.0,252.0
189,34,2,1032.0,238.0
189,34,3,1051.0,260.0
189,39,0,1092.0,284.0
189,39,1,1074.0,262.0
189,39,2,1102.0,246.0
189,39,3,1119.0,269.0
189,33,0,1082.0,337.0
189,33,1,1064.0,317.0
189,33,2,1090.0,301.0
189,33,3,1107.0,323.0
189,29,0,1018.0,327.0
189,29,1,1000.0,306.0
189,29,2,1024.0,292.0
189,29,3,1043.0,314.0
189,24,0,955.0,319.0
189,24,1,935.0,299.0
189,24,2,959.0,284.0
189,24,3,978.0,305.0
189,38,0,1144.0,345.0
189,38,1,1128.0,325.0
189,38,2,1154.0,310.0
189,38,3,1170.0,331.0
189,19,0,951.0,369.0
189,19,1,932.0,350.0
189,19,2,954.0,335.0
189,19,3,973.0,355.0
189,14,0,890.0,364.0
189,14,1,870.0,346.0
189,14,2,892.0,331.0
189,14,3,911.0,350.0
189,37,0,1189.0,401.0
189,37,1,1175.0,382.0
189,37,2,1200.0,370.0
189,37,3,1215.0,390.0
189,32,0,1131.0,393.0
189,32,1,1116.0,374.0
189,32,2,1140.0,361.0
189,32,3,1156.0,380.0
189,23,0,1011.0,375.0
189,23,1,994.0,356.0
189,23,2,1017.0,344.0
189,23,3,1035.0,363.0
189,28,0,1072.0,384.0
189,28,1,1056.0,365.0
189,28,2,1080.0,353.0
189,28,3,1096.0,373.0
189,18,0,1005.0,421.0
189,18,1,988.0,403.0
189,18,2,1011.0,390.0
189,18,3,1028.0,407.0
189,13,0,947.0,415.0
189,13,1,929.0,398.0
189,13,2,951.0,385.0
189,13,3,969.0,402.0
189,31,0,1176.0,445.0
189,31,1,1162.0,428.0
189,31,2,1185.0,416.0
189,31,3,1199.0,434.0
189,9,0,891.0,408.0
189,9,1,871.0,393.0
189,9,2,889.0,379.0
189,9,3,909.0,395.0
189,27,0,1119.0,435.0
189,27,1,1105.0,418.0
189,27,2,1128.0,408.0
189,27,3,1143.0,424.0
189,22,0,1062.0,426.0
189,22,1,1047.0,410.0
189,22,2,1070.0,399.0
189,22,3,1085.0,416.0
189,4,0,834.0,401.0
189,4,1,813.0,385.0
189,4,2,830.0,373.0
189,4,3,851.0,389.0
189,36,0,1229.0,453.0
189,36,1,1217.0,437.0
189,36,2,1242.0,426.0
189,36,3,1253.0,443.0
189,12,0,999.0,462.0
189,12,1,984.0,447.0
189,12,2,1004.0,435.0
189,12,3,1019.0,451.0
189,8,0,943.0,455.0
189,8,1,927.0,439.0
189,8,2,947.0,429.0
189,8,3,964.0,445.0
189,17,0,1054.0,468.0
189,17,1,1039.0,452.0
189,17,2,1061.0,441.0
189,17,3,1075.0,457.0
189,21,0,1109.0,475.0
189,21,1,1094.0,459.0
189,21,2,1117.0,449.0
189,21,3,1130.0,465.0
189,3,0,890.0,448.0
189,3,1,871.0,433.0
189,3,2,889.0,422.0
189,3,3,908.0,437.0
189,7,0,994.0,499.0
189,7,1,978.0,484.0
189,7,2,998.0,474.0
189,7,3,1014.0,489.0
189,2,0,941.0,492.0
189,2,1,924.0,477.0
189,2,2,944.0,467.0
189,2,3,960.0,482.0
189,26,0,1161.0,482.0
189,26,1,1149.0,467.0
189,26,2,1172.0,458.0
189,26,3,1184.0,472.0
189,11,0,1046.0,505.0
189,11,1,1031.0,491.0
189,11,2,1052.0,481.0
189,11,3,1066.0,496.0
189,30,0,1213.0,490.0
189,30,1,1202.0,475.0
189,30,2,1223.0,466.0
189,30,3,1236.0,481.0
189,16,0,1098.0,511.0
189,16,1,1086.0,497.0
189,16,2,1105.0,488.0
189,16,3,1118.0,502.0
189,35,0,1264.0,498.0
189,35,1,1253.0,484.0
189,35,2,1276.0,475.0
189,35,3,1286.0,490.0
189,20,0,1150.0,519.0
189,20,1,1137.0,504.0
189,20,2,1158.0,495.0
189,20,3,1170.0,509.0
189,6,0,1038.0,539.0
189,6,1,1025.0,526.0
189,6,2,1045.0,518.0
189,6,3,1057.0,531.0
189,10,0,1089.0,547.0
189,10,1,1076.0,533.0
189,10,2,1096.0,524.0
189,10,3,1108.0,538.0
189,1,0,988.0,532.0
189,1,1,974.0,519.0
189,1,2,993.0,511.0
189,1,3,1007.0,524.0
189,5,0,1080.0,577.0
189,5,1,1067.0,566.0
189,5,2,1085.0,558.0
189,5,3,1098.0,571.0
189,0,0,1032.0,570.0
189,0,1,1019.0,558.0
189,0,2,1036.0,551.0
189,0,3,1050.0,562.0
189,15,0,1138.0,553.0
189,15,1,1125.0,540.0
189,15,2,1146.0,531.0
189,15,3,1157.0,544.0
189,25,0,1199.0,526.0
189,25,1,1188.0,511.0
189,25,2,1210.0,503.0
189,25,3,1220.0,516.0
190,34,0,1024.0,276.0
190,34,1,1003.0,253.0
190,34,2,1029.0,237.0
190,34,3,1050.0,259.0
190,39,0,1091.0,281.0
190,39,1,1072.0,260.0
190,39,2,1100.0,243.0
190,39,3,1119.0,264.0
190,33,0,1082.0,334.0
190,33,1,1064.0,315.0
190,33,2,1089.0,298.0
190,33,3,1108.0,319.0
190,29,0,1017.0,327.0
190,29,1,998.0,307.0
190,29,2,1022.0,292.0
190,29,3,1042.0,313.0
190,38,0,1145.0,340.0
190,38,1,1129.0,320.0
190,38,2,1154.0,304.0
190,38,3,1171.0,325.0
190,24,0,955.0,321.0
190,24,1,932.0,303.0
190,24,2,953.0,287.0
190,24,3,976.0,305.0
190,19,0,951.0,372.0
190,19,1,930.0,354.0
190,19,2,953.0,338.0
190,19,3,972.0,357.0
190,14,0,889.0,369.0
190,14,1,868.0,353.0
190,14,2,886.0,337.0
190,14,3,909.0,354.0
190,23,0,1012.0,375.0
190,23,1,994.0,356.0
190,23,2,1017.0,344.0
190,23,3,1035.0,363.0
190,32,0,1134.0,388.0
190,32,1,1118.0,370.0
190,32,2,1142.0,356.0
190,32,3,1158.0,374.0
190,28,0,1073.0,381.0
190,28,1,1057.0,363.0
190,28,2,1081.0,351.0
190,28,3,1098.0,369.0
190,37,0,1193.0,393.0
190,37,1,1178.0,376.0
190,37,2,1204.0,363.0
190,37,3,1218.0,382.0
190,18,0,1007.0,421.0
190,18,1,989.0,404.0
190,18,2,1012.0,390.0
190,18,3,1029.0,406.0
190,13,0,948.0,417.0
190,13,1,929.0,400.0
190,13,2,951.0,388.0
190,13,3,969.0,404.0
190,9,0,890.0,413.0
190,9,1,869.0,397.0
190,9,2,888.0,384.0
190,9,3,909.0,400.0
190,22,0,1065.0,423.0
190,22,1,1049.0,407.0
190,22,2,1072.0,396.0
190,22,3,1088.0,412.0
190,8,0,946.0,457.0
190,8,1,927.0,442.0
190,8,2,948.0,431.0
190,8,3,967.0,446.0
190,12,0,1001.0,461.0
190,12,1,985.0,447.0
190,12,2,1006.0,434.0
190,12,3,1023.0,449.0
190,27,0,1124.0,430.0
190,27,1,1108.0,414.0
190,27,2,1132.0,403.0
190,27,3,1146.0,419.0
190,31,0,1179.0,436.0
190,31,1,1166.0,421.0
190,31,2,1190.0,409.0
190,31,3,1203.0,425.0
190,4,0,832.0,408.0
190,4,1,811.0,394.0
190,4,2,827.0,381.0
190,4,3,849.0,395.0
190,3,0,891.0,452.0
190,3,1,871.0,437.0
190,3,2,889.0,426.0
190,3,3,909.0,440.0
190,36,0,1234.0,443.0
190,36,1,1222.0,426.0
190,36,2,1246.0,416.0
190,36,3,1257.0,432.0
190,17,0,1057.0,464.0
190,17,1,1042.0,450.0
190,17,2,1064.0,438.0
190,17,3,1079.0,453.0
190,21,0,1113.0,469.0
190,21,1,1099.0,453.0
190,21,2,1121.0,443.0
190,21,3,1134.0,458.0
190,2,0,944.0,493.0
190,2,1,927.0,479.0
190,2,2,947.0,469.0
190,2,3,963.0,483.0
190,16,0,1103.0,505.0
190,16,1,1089.0,492.0
190,16,2,1110.0,482.0
190,16,3,1125.0,495.0
190,7,0,998.0,497.0
190,7,1,983.0,484.0
190,7,2,1001.0,474.0
190,7,3,1016.0,487.0
190,11,0,1050.0,501.0
190,11,1,1036.0,488.0
190,11,2,1056.0,477.0
190,11,3,1071.0,491.0
190,26,0,1167.0,474.0
190,26,1,1154.0,459.0
190,26,2,1176.0,450.0
190,26,3,1188.0,464.0
190,30,0,1219.0,479.0
190,30,1,1207.0,466.0
190,30,2,1230.0,456.0
190,30,3,1241.0,470.0
190,35,0,1269.0,485.0
190,35,1,1260.0,472.0
190,35,2,1281.0,463.0
190,35,3,1292.0,476.0
190,1,0,994.0,530.0
190,1,1,978.0,518.0
190,1,2,996.0,509.0
190,1,3,1012.0,522.0
190,6,0,1044.0,535.0
190,6,1,1030.0,523.0
190,6,2,1049.0,513.0
190,6,3,1063.0,527.0
190,15,0,1144.0,544.0
190,15,1,1131.0,532.0
190,15,2,1152.0,522.0
190,15,3,1164.0,534.0
190,10,0,1095.0,540.0
190,10,1,1081.0,528.0
190,10,2,1101.0,518.0
190,10,3,1114.0,531.0
190,5,0,1086.0,570.0
190,5,1,1074.0,559.0
190,5,2,1093.0,552.0
190,5,3,1105.0,563.0
190,0,0,1038.0,565.0
190,0,1,1025.0,554.0
190,0,2,1042.0,546.0
190,0,3,1057.0,558.0
190,20,0,1156.0,510.0
190,20,1,1142.0,496.0
190,20,2,1164.0,487.0
190,20,3,1176.0,500.0
190,25,0,1205.0,515.0
190,25,1,1194.0,501.0
190,25,2,1215.0,492.0
190,25,3,1226.0,504.0
191,34,0,1020.0,271.0
191,34,1,999.0,250.0
191,34,2,1026.0,232.0
191,34,3,1047.0,253.0
191,39,0,1089.0,271.0
191,39,1,1071.0,251.0
191,39,2,1099.0,234.0
191,39,3,1117.0,254.0
191,24,0,947.0,322.0
191,24,1,925.0,303.0
191,24,2,950.0,287.0
191,24,3,971.0,305.0
191,29,0,1013.0,322.0
191,29,1,994.0,304.0
191,29,2,1020.0,288.0
191,29,3,1040.0,306.0
191,33,0,1081.0,325.0
191,33,1,1062.0,307.0
191,33,2,1088.0,289.0
191,33,3,1106.0,307.0
191,38,0,1144.0,325.0
191,38,1,1128.0,306.0
191,38,2,1154.0,290.0
191,38,3,1170.0,308.0
191,19,0,944.0,371.0
191,19,1,924.0,355.0
191,19,2,948.0,338.0
191,19,3,967.0,355.0
191,14,0,882.0,374.0
191,14,1,859.0,361.0
191,14,2,879.0,342.0
191,14,3,902.0,357.0
191,23,0,1008.0,369.0
191,23,1,989.0,353.0
191,23,2,1014.0,339.0
191,23,3,1032.0,355.0
191,28,0,1071.0,370.0
191,28,1,1054.0,354.0
191,28,2,1080.0,341.0
191,28,3,1096.0,357.0
191,13,0,943.0,416.0
191,13,1,923.0,402.0
191,13,2,946.0,387.0
191,13,3,965.0,402.0
191,18,0,1003.0,414.0
191,18,1,985.0,400.0
191,18,2,1008.0,384.0
191,18,3,1026.0,399.0
191,32,0,1132.0,372.0
191,32,1,1117.0,356.0
191,32,2,1141.0,341.0
191,32,3,1156.0,357.0
191,9,0,883.0,417.0
191,9,1,861.0,404.0
191,9,2,880.0,390.0
191,9,3,902.0,402.0
191,37,0,1191.0,372.0
191,37,1,1177.0,356.0
191,37,2,1202.0,343.0
191,37,3,1215.0,360.0
191,4,0,822.0,417.0
191,4,1,799.0,405.0
191,4,2,817.0,391.0
191,4,3,840.0,404.0
191,8,0,942.0,455.0
191,8,1,922.0,442.0
191,8,2,944.0,430.0
191,8,3,963.0,442.0
191,22,0,1063.0,412.0
191,22,1,1046.0,398.0
191,22,2,1070.0,385.0
191,22,3,1085.0,399.0
191,12,0,999.0,454.0
191,12,1,982.0,443.0
191,12,2,1004.0,428.0
191,12,3,1020.0,440.0
191,27,0,1120.0,412.0
191,27,1,1106.0,400.0
191,27,2,1130.0,387.0
191,27,3,1144.0,401.0
191,3,0,884.0,455.0
191,3,1,864.0,443.0
191,3,2,881.0,431.0
191,3,3,903.0,442.0
191,21,0,1111.0,451.0
191,21,1,1095.0,438.0
191,21,2,1118.0,425.0
191,21,3,1132.0,438.0
191,17,0,1056.0,452.0
191,17,1,1040.0,439.0
191,17,2,1061.0,426.0
191,17,3,1076.0,439.0
191,36,0,1231.0,416.0
191,36,1,1219.0,402.0
191,36,2,1243.0,390.0
191,36,3,1253.0,404.0
191,26,0,1163.0,450.0
191,26,1,1151.0,438.0
191,26,2,1173.0,427.0
191,26,3,1185.0,439.0
191,30,0,1216.0,451.0
191,30,1,1204.0,440.0
191,30,2,1227.0,429.0
191,30,3,1237.0,440.0
191,16,0,1101.0,486.0
191,16,1,1088.0,476.0
191,16,2,1108.0,464.0
191,16,3,1120.0,474.0
191,1,0,991.0,520.0
191,1,1,975.0,511.0
191,1,2,993.0,500.0
191,1,3,1009.0,510.0
191,10,0,1095.0,519.0
191,10,1,1079.0,510.0
191,10,2,1097.0,499.0
191,10,3,1112.0,509.0
191,5,0,1086.0,548.0
191,5,1,1072.0,541.0
191,5,2,1089.0,531.0
191,5,3,1102.0,539.0
191,0,0,1036.0,549.0
191,0,1,1022.0,539.0
191,0,2,1040.0,531.0
191,0,3,1053.0,541.0
191,2,0,939.0,489.0
191,2,1,921.0,478.0
191,2,2,943.0,466.0
191,2,3,959.0,478.0
191,6,0,1042.0,520.0
191,6,1,1027.0,510.0
191,6,2,1046.0,499.0
191,6,3,1060.0,509.0
191,7,0,996.0,488.0
191,7,1,978.0,477.0
191,7,2,997.0,466.0
191,7,3,1014.0,476.0
191,11,0,1050.0,487.0
191,11,1,1033.0,477.0
191,11,2,1054.0,464.0
191,11,3,1069.0,476.0
191,15,0,1142.0,519.0
191,15,1,1130.0,510.0
191,15,2,1148.0,498.0
191,15,3,1161.0,508.0
191,20,0,1154.0,485.0
191,20,1,1140.0,475.0
191,20,2,1160.0,463.0
191,20,3,1172.0,473.0
191,31,0,1176.0,414.0
191,31,1,1164.0,401.0
191,31,2,1187.0,388.0
191,31,3,1200.0,402.0
191,35,0,1265.0,452.0
191,35,1,1255.0,442.0
191,35,2,1277.0,431.0
191,35,3,1286.0,442.0
192,35,0,1378.0,1057.0
192,35,1,1372.0,1025.0
192,35,2,1413.0,1020.0
192,35,3,1419.0,1052.0
192,25,0,1254.0,1071.0
192,25,1,1254.0,1039.0
192,25,2,1295.0,1035.0
192,25,3,1297.0,1066.0
192,15,0,1132.0,1079.0
192,15,1,1136.0,1049.0
192,15,2,1176.0,1047.0
192,15,3,1174.0,1078.0
192,5,0,1014.0,1078.0
192,5,1,1021.0,1048.0
192,5,2,1060.0,1049.0
192,5,3,1054.0,1078.0
192,20,0,1195.0,1031.0
192,20,1,1197.0,1003.0
192,20,2,1235.0,999.0
192,20,3,1234.0,1027.0
192,30,0,1311.0,1018.0
192,30,1,1309.0,991.0
192,30,2,1348.0,986.0
192,30,3,1352.0,1013.0
192,10,0,1080.0,1035.0
192,10,1,1085.0,1008.0
192,10,2,1123.0,1008.0
192,10,3,1120.0,1035.0
192,16,0,1142.0,994.0
192,16,1,1144.0,968.0
192,16,2,1181.0,966.0
192,16,3,1180.0,991.0
192,36,0,1363.0,969.0
192,36,1,1359.0,943.0
192,36,2,1395.0,938.0
192,36,3,1399.0,964.0
192,6,0,1034.0,996.0
192,6,1,1039.0,973.0
192,6,2,1075.0,971.0
192,6,3,1071.0,995.0
192,21,0,1197.0,951.0
192,21,1,1198.0,928.0
192,21,2,1234.0,924.0
192,21,3,1234.0,947.0
192,1,0,994.0,962.0
192,1,1,1001.0,940.0
192,1,2,1033.0,938.0
192,1,3,1027.0,961.0
192,17,0,1149.0,921.0
192,17,1,1150.0,900.0
192,17,2,1184.0,897.0
192,17,3,1183.0,918.0
192,27,0,1248.0,910.0
192,27,1,1248.0,889.0
192,27,2,1281.0,887.0
192,27,3,1283.0,908.0
192,37,0,1349.0,900.0
192,37,1,1345.0,879.0
192,37,2,1378.0,873.0
192,37,3,1383.0,892.0
192,7,0,1051.0,926.0
192,7,1,1055.0,906.0
192,7,2,1087.0,903.0
192,7,3,1083.0,924.0
192,22,0,1199.0,884.0
192,22,1,1199.0,865.0
192,22,2,1231.0,861.0
192,22,3,1231.0,880.0
192,38,0,1337.0,839.0
192,38,1,1333.0,820.0
192,38,2,1363.0,818.0
192,38,3,1367.0,836.0
192,18,0,1153.0,859.0
192,18,1,1156.0,841.0
192,18,2,1185.0,839.0
192,18,3,1184.0,857.0
192,33,0,1287.0,817.0
192,33,1,1285.0,800.0
192,33,2,1314.0,798.0
192,33,3,1317.0,814.0
192,23,0,1199.0,828.0
192,23,1,1199.0,812.0
192,23,2,1228.0,807.0
192,23,3,1228.0,824.0
192,24,0,1199.0,780.0
192,24,1,1199.0,766.0
192,24,2,1226.0,763.0
192,24,3,1226.0,776.0
192,2,0,1012.0,897.0
192,2,1,1017.0,879.0
192,2,2,1047.0,877.0
192,2,3,1043.0,896.0
192,3,0,1027.0,842.0
192,3,1,1032.0,827.0
192,3,2,1059.0,824.0
192,3,3,1056.0,839.0
192,8,0,1063.0,864.0
192,8,1,1068.0,847.0
192,8,2,1096.0,845.0
192,8,3,1093.0,863.0
192,9,0,1074.0,813.0
192,9,1,1078.0,798.0
192,9,2,1104.0,796.0
192,9,3,1102.0,811.0
192,12,0,1104.0,891.0
192,12,1,1106.0,872.0
192,12,2,1138.0,871.0
192,12,3,1137.0,889.0
192,13,0,1112.0,835.0
192,13,1,1114.0,819.0
192,13,2,1143.0,817.0
192,13,3,1142.0,833.0
192,14,0,1118.0,786.0
192,14,1,1120.0,773.0
192,14,2,1147.0,771.0
192,14,3,1146.0,784.0
192,26,0,1252.0,983.0
192,26,1,1252.0,957.0
192,26,2,1288.0,955.0
192,26,3,1290.0,980.0
192,28,0,1245.0,849.0
192,28,1,1244.0,832.0
192,28,2,1274.0,828.0
192,28,3,1276.0,846.0
192,29,0,1241.0,796.0
192,29,1,1240.0,782.0
192,29,2,1268.0,779.0
192,29,3,1269.0,794.0
192,31,0,1303.0,940.0
192,31,1,1301.0,917.0
192,31,2,1336.0,914.0
192,31,3,1338.0,936.0
192,32,0,1295.0,875.0
192,32,1,1292.0,855.0
192,32,2,1324.0,851.0
192,32,3,1327.0,871.0
192,34,0,1279.0,768.0
192,34,1,1277.0,755.0
192,34,2,1304.0,751.0
192,34,3,1307.0,764.0
193,25,0,1196.0,927.0
193,25,1,1200.0,901.0
193,25,2,1239.0,907.0
193,25,3,1237.0,933.0
193,15,0,1077.0,905.0
193,15,1,1084.0,882.0
193,15,2,1124.0,890.0
193,15,3,1118.0,914.0
193,5,0,962.0,877.0
193,5,1,973.0,854.0
193,5,2,1012.0,863.0
193,5,3,1000.0,885.0
193,20,0,1145.0,882.0
193,20,1,1150.0,860.0
193,20,2,1187.0,864.0
193,20,3,1184.0,887.0
193,30,0,1258.0,899.0
193,30,1,1258.0,878.0
193,30,2,1296.0,882.0
193,30,3,1297.0,903.0
193,10,0,1034.0,857.0
193,10,1,1041.0,838.0
193,10,2,1078.0,845.0
193,10,3,1072.0,866.0
193,36,0,1314.0,873.0
193,36,1,1312.0,853.0
193,36,2,1346.0,857.0
193,36,3,1348.0,878.0
193,26,0,1206.0,857.0
193,26,1,1208.0,837.0
193,26,2,1243.0,844.0
193,26,3,1242.0,864.0
193,16,0,1100.0,840.0
193,16,1,1105.0,820.0
193,16,2,1139.0,826.0
193,16,3,1135.0,847.0
193,6,0,996.0,813.0
193,6,1,1004.0,799.0
193,6,2,1038.0,806.0
193,6,3,1030.0,823.0
193,21,0,1159.0,820.0
193,21,1,1162.0,803.0
193,21,2,1195.0,806.0
193,21,3,1194.0,825.0
193,17,0,1117.0,786.0
193,17,1,1121.0,770.0
193,17,2,1152.0,775.0
193,17,3,1149.0,791.0
193,37,0,1309.0,818.0
193,37,1,1307.0,804.0
193,37,2,1338.0,805.0
193,37,3,1342.0,819.0
193,22,0,1171.0,770.0
193,22,1,1172.0,757.0
193,22,2,1203.0,759.0
193,22,3,1202.0,772.0
193,0,0,926.0,833.0
193,0,1,938.0,814.0
193,0,2,974.0,821.0
193,0,3,963.0,840.0
193,1,0,961.0,781.0
193,1,1,970.0,766.0
193,1,2,1003.0,770.0
193,1,3,993.0,787.0
193,2,0,989.0,735.0
193,2,1,998.0,722.0
193,2,2,1026.0,727.0
193,2,3,1019.0,740.0
193,3,0,1013.0,698.0
193,3,1,1020.0,687.0
193,3,2,1046.0,691.0
193,3,3,1040.0,701.0
193,7,0,1022.0,764.0
193,7,1,1029.0,751.0
193,7,2,1060.0,756.0
193,7,3,1054.0,771.0
193,11,0,1058.0,800.0
193,11,1,1064.0,785.0
193,11,2,1097.0,790.0
193,11,3,1093.0,807.0
193,12,0,1079.0,751.0
193,12,1,1084.0,738.0
193,12,2,1114.0,745.0
193,12,3,1110.0,758.0
193,13,0,1095.0,710.0
193,13,1,1100.0,701.0
193,13,2,1127.0,706.0
193,13,3,1123.0,717.0
193,27,0,1214.0,801.0
193,27,1,1215.0,784.0
193,27,2,1246.0,790.0
193,27,3,1246.0,807.0
193,28,0,1219.0,754.0
193,28,1,1220.0,741.0
193,28,2,1248.0,745.0
193,28,3,1248.0,759.0
193,31,0,1260.0,837.0
193,31,1,1261.0,819.0
193,31,2,1294.0,825.0
193,31,3,1295.0,842.0
193,32,0,1262.0,785.0
193,32,1,1262.0,771.0
193,32,2,1292.0,775.0
193,32,3,1292.0,791.0
193,33,0,1264.0,741.0
193,33,1,1263.0,728.0
193,33,2,1290.0,733.0
193,33,3,1291.0,746.0
193,35,0,1315.0,945.0
193,35,1,1314.0,919.0
193,35,2,1352.0,925.0
193,35,3,1354.0,953.0
193,38,0,1307.0,770.0
193,38,1,1305.0,756.0
193,38,2,1332.0,761.0
193,38,3,1334.0,775.0
194,39,0,1086.0,310.0
194,39,1,1071.0,285.0
194,39,2,1097.0,274.0
194,39,3,1113.0,298.0
194,34,0,1025.0,292.0
194,34,1,1009.0,268.0
194,34,2,1033.0,256.0
194,34,3,1050.0,281.0
194,38,0,1130.0,379.0
194,38,1,1116.0,356.0
194,38,2,1142.0,344.0
194,38,3,1156.0,368.0
194,33,0,1071.0,361.0
194,33,1,1057.0,338.0
194,33,2,1083.0,327.0
194,33,3,1097.0,350.0
194,29,0,1013.0,342.0
194,29,1,998.0,319.0
194,29,2,1021.0,308.0
194,29,3,1037.0,332.0
194,24,0,956.0,324.0
194,24,1,941.0,302.0
194,24,2,963.0,291.0
194,24,3,978.0,315.0
194,32,0,1113.0,425.0
194,32,1,1101.0,403.0
194,32,2,1125.0,394.0
194,32,3,1138.0,416.0
194,37,0,1169.0,442.0
194,37,1,1157.0,421.0
194,37,2,1182.0,412.0
194,37,3,1194.0,435.0
194,19,0,948.0,373.0
194,19,1,933.0,351.0
194,19,2,954.0,340.0
194,19,3,970.0,362.0
194,28,0,1059.0,406.0
194,28,1,1045.0,386.0
194,28,2,1068.0,377.0
194,28,3,1081.0,398.0
194,23,0,1003.0,388.0
194,23,1,989.0,366.0
194,23,2,1011.0,358.0
194,23,3,1026.0,380.0
194,14,0,892.0,357.0
194,14,1,878.0,337.0
194,14,2,897.0,326.0
194,14,3,913.0,347.0
194,18,0,993.0,432.0
194,18,1,979.0,412.0
194,18,2,1001.0,403.0
194,18,3,1015.0,423.0
194,31,0,1152.0,485.0
194,31,1,1140.0,466.0
194,31,2,1164.0,457.0
194,31,3,1175.0,477.0
194,36,0,1204.0,503.0
194,36,1,1193.0,484.0
194,36,2,1218.0,476.0
194,36,3,1228.0,495.0
194,22,0,1046.0,448.0
194,22,1,1033.0,428.0
194,22,2,1056.0,421.0
194,22,3,1068.0,441.0
194,13,0,940.0,417.0
194,13,1,926.0,397.0
194,13,2,946.0,388.0
194,13,3,961.0,408.0
194,27,0,1100.0,467.0
194,27,1,1087.0,447.0
194,27,2,1110.0,440.0
194,27,3,1122.0,459.0
194,9,0,887.0,401.0
194,9,1,873.0,382.0
194,9,2,892.0,373.0
194,9,3,907.0,393.0
194,17,0,1035.0,488.0
194,17,1,1022.0,470.0
194,17,2,1043.0,462.0
194,17,3,1056.0,480.0
194,4,0,838.0,386.0
194,4,1,822.0,367.0
194,4,2,840.0,358.0
194,4,3,855.0,378.0
194,21,0,1085.0,504.0
194,21,1,1074.0,486.0
194,21,2,1095.0,479.0
194,21,3,1107.0,498.0
194,8,0,933.0,457.0
194,8,1,919.0,439.0
194,8,2,938.0,431.0
194,8,3,952.0,450.0
194,26,0,1136.0,521.0
194,26,1,1125.0,504.0
194,26,2,1147.0,498.0
194,26,3,1158.0,515.0
194,30,0,1186.0,539.0
194,30,1,1176.0,522.0
194,30,2,1199.0,516.0
194,30,3,1208.0,533.0
194,3,0,884.0,441.0
194,3,1,870.0,422.0
194,3,2,887.0,415.0
194,3,3,902.0,433.0
194,11,0,1024.0,525.0
194,11,1,1012.0,508.0
194,11,2,1032.0,501.0
194,11,3,1044.0,519.0
194,20,0,1122.0,557.0
194,20,1,1111.0,540.0
194,20,2,1132.0,534.0
194,20,3,1142.0,550.0
194,25,0,1169.0,573.0
194,25,1,1160.0,556.0
194,25,2,1181.0,551.0
194,25,3,1190.0,567.0
194,10,0,1060.0,575.0
194,10,1,1050.0,559.0
194,10,2,1069.0,553.0
194,10,3,1080.0,569.0
194,1,0,968.0,543.0
194,1,1,956.0,527.0
194,1,2,973.0,522.0
194,1,3,985.0,538.0
194,5,0,1050.0,606.0
194,5,1,1039.0,592.0
194,5,2,1057.0,587.0
194,5,3,1067.0,602.0
194,0,0,1005.0,590.0
194,0,1,994.0,575.0
194,0,2,1011.0,571.0
194,0,3,1022.0,585.0
194,2,0,927.0,493.0
194,2,1,914.0,476.0
194,2,2,931.0,469.0
194,2,3,945.0,487.0
194,6,0,1014.0,559.0
194,6,1,1002.0,543.0
194,6,2,1021.0,537.0
194,6,3,1032.0,554.0
194,12,0,984.0,473.0
194,12,1,970.0,455.0
194,12,2,991.0,446.0
194,12,3,1004.0,465.0
194,16,0,1073.0,540.0
194,16,1,1061.0,524.0
194,16,2,1081.0,517.0
194,16,3,1093.0,535.0
194,35,0,1235.0,556.0
194,35,1,1226.0,540.0
194,35,2,1249.0,534.0
194,35,3,1257.0,551.0
195,22,0,1468.0,471.0
195,22,1,1450.0,430.0
195,22,2,1490.0,412.0
195,22,3,1508.0,453.0
195,27,0,1548.0,506.0
195,27,1,1531.0,464.0
195,27,2,1570.0,446.0
195,27,3,1587.0,489.0
195,17,0,1439.0,555.0
195,17,1,1421.0,513.0
195,17,2,1461.0,496.0
195,17,3,1478.0,538.0
195,31,0,1625.0,542.0
195,31,1,1609.0,499.0
195,31,2,1648.0,482.0
195,31,3,1664.0,525.0
195,16,0,1483.0,673.0
195,16,1,1467.0,631.0
195,16,2,1507.0,614.0
195,16,3,1523.0,656.0
195,11,0,1405.0,637.0
195,11,1,1389.0,596.0
195,11,2,1430.0,579.0
195,11,3,1446.0,620.0
195,21,0,1516.0,590.0
195,21,1,1501.0,548.0
195,21,2,1541.0,531.0
195,21,3,1556.0,574.0
195,37,0,1655.0,457.0
195,37,1,1637.0,414.0
195,37,2,1675.0,397.0
195,37,3,1693.0,440.0
195,36,0,1699.0,579.0
195,36,1,1685.0,537.0
195,36,2,1724.0,519.0
195,36,3,1738.0,563.0
195,12,0,1359.0,521.0
195,12,1,1341.0,480.0
195,12,2,1380.0,462.0
195,12,3,1398.0,503.0
195,26,0,1592.0,626.0
195,26,1,1578.0,584.0
195,26,2,1617.0,567.0
195,26,3,1632.0,609.0
195,32,0,1576.0,421.0
195,32,1,1558.0,379.0
195,32,2,1595.0,362.0
195,32,3,1614.0,404.0
195,7,0,1328.0,602.0
195,7,1,1311.0,562.0
195,7,2,1350.0,544.0
195,7,3,1367.0,586.0
195,20,0,1556.0,708.0
195,20,1,1544.0,667.0
195,20,2,1583.0,650.0
195,20,3,1597.0,692.0
195,18,0,1387.0,438.0
195,18,1,1370.0,397.0
195,18,2,1407.0,380.0
195,18,3,1426.0,420.0
195,30,0,1666.0,663.0
195,30,1,1653.0,620.0
195,30,2,1691.0,604.0
195,30,3,1704.0,647.0
195,38,0,1601.0,337.0
195,38,1,1581.0,297.0
195,38,2,1617.0,279.0
195,38,3,1638.0,320.0
195,10,0,1446.0,751.0
195,10,1,1432.0,711.0
195,10,2,1473.0,696.0
195,10,3,1486.0,737.0
195,23,0,1414.0,355.0
195,23,1,1395.0,316.0
195,23,2,1432.0,298.0
195,23,3,1452.0,337.0
195,6,0,1372.0,715.0
195,6,1,1356.0,675.0
195,6,2,1396.0,660.0
195,6,3,1411.0,700.0
195,15,0,1519.0,788.0
195,15,1,1507.0,748.0
195,15,2,1547.0,732.0
195,15,3,1559.0,772.0
195,33,0,1521.0,305.0
195,33,1,1500.0,265.0
195,33,2,1535.0,248.0
195,33,3,1556.0,288.0
195,25,0,1628.0,743.0
195,25,1,1617.0,703.0
195,25,2,1655.0,686.0
195,25,3,1667.0,727.0
195,1,0,1296.0,679.0
195,1,1,1281.0,640.0
195,1,2,1320.0,625.0
195,1,3,1335.0,665.0
195,2,0,1251.0,568.0
195,2,1,1235.0,529.0
195,2,2,1272.0,512.0
195,2,3,1289.0,552.0
195,8,0,1280.0,489.0
195,8,1,1263.0,450.0
195,8,2,1300.0,432.0
195,8,3,1317.0,471.0
195,13,0,1307.0,407.0
195,13,1,1290.0,368.0
195,13,2,1326.0,351.0
195,13,3,1345.0,389.0
195,35,0,1735.0,699.0
195,35,1,1723.0,658.0
195,35,2,1762.0,642.0
195,35,3,1771.0,682.0
195,19,0,1333.0,326.0
195,19,1,1314.0,289.0
195,19,2,1349.0,270.0
195,19,3,1370.0,307.0
195,0,0,1337.0,788.0
195,0,1,1323.0,750.0
195,0,2,1361.0,736.0
195,0,3,1376.0,775.0
195,29,0,1438.0,273.0
195,29,1,1418.0,236.0
195,29,2,1454.0,219.0
195,29,3,1474.0,256.0
195,39,0,1541.0,224.0
195,39,1,1519.0,187.0
195,39,2,1553.0,170.0
195,39,3,1576.0,207.0
195,5,0,1409.0,823.0
195,5,1,1396.0,786.0
195,5,2,1436.0,773.0
195,5,3,1448.0,811.0
195,3,0,1204.0,459.0
195,3,1,1187.0,422.0
195,3,2,1222.0,404.0
195,3,3,1239.0,442.0
195,9,0,1230.0,380.0
195,9,1,1212.0,343.0
195,9,2,1247.0,325.0
195,9,3,1265.0,361.0
195,24,0,1357.0,246.0
195,24,1,1337.0,210.0
195,24,2,1372.0,193.0
195,24,3,1392.0,228.0
195,34,0,1460.0,195.0
195,34,1,1438.0,159.0
195,34,2,1472.0,143.0
195,34,3,1493.0,179.0
195,14,0,1254.0,301.0
195,14,1,1236.0,265.0
195,14,2,1270.0,247.0
195,14,3,1289.0,281.0
195,4,0,1154.0,355.0
195,4,1,1138.0,321.0
195,4,2,1171.0,303.0
195,4,3,1188.0,337.0
196,34,0,975.0,413.0
196,34,1,948.0,394.0
196,34,2,966.0,369.0
196,34,3,994.0,387.0
196,39,0,1042.0,403.0
196,39,1,1015.0,385.0
196,39,2,1034.0,359.0
196,39,3,1061.0,377.0
196,33,0,1051.0,466.0
196,33,1,1025.0,448.0
196,33,2,1044.0,423.0
196,33,3,1070.0,441.0
196,38,0,1115.0,457.0
196,38,1,1090.0,439.0
196,38,2,1110.0,413.0
196,38,3,1134.0,431.0
196,29,0,986.0,474.0
196,29,1,959.0,456.0
196,29,2,978.0,432.0
196,29,3,1004.0,450.0
196,24,0,922.0,483.0
196,24,1,896.0,466.0
196,24,2,913.0,441.0
196,24,3,940.0,458.0
196,28,0,1059.0,525.0
196,28,1,1034.0,508.0
196,28,2,1053.0,484.0
196,28,3,1078.0,503.0
196,19,0,934.0,542.0
196,19,1,908.0,525.0
196,19,2,925.0,501.0
196,19,3,951.0,518.0
196,23,0,997.0,532.0
196,23,1,971.0,516.0
196,23,2,989.0,492.0
196,23,3,1015.0,510.0
196,32,0,1122.0,517.0
196,32,1,1097.0,500.0
196,32,2,1117.0,476.0
196,32,3,1140.0,493.0
196,37,0,1183.0,508.0
196,37,1,1160.0,491.0
196,37,2,1179.0,468.0
196,37,3,1203.0,486.0
196,14,0,873.0,551.0
196,14,1,847.0,536.0
196,14,2,863.0,512.0
196,14,3,889.0,528.0
196,18,0,1006.0,589.0
196,18,1,981.0,573.0
196,18,2,998.0,550.0
196,18,3,1023.0,565.0
196,13,0,945.0,598.0
196,13,1,920.0,582.0
196,13,2,937.0,560.0
196,13,3,963.0,576.0
196,22,0,1066.0,580.0
196,22,1,1042.0,564.0
196,22,2,1061.0,542.0
196,22,3,1085.0,558.0
196,27,0,1126.0,573.0
196,27,1,1104.0,557.0
196,27,2,1123.0,535.0
196,27,3,1146.0,552.0
196,31,0,1188.0,565.0
196,31,1,1165.0,550.0
196,31,2,1184.0,527.0
196,31,3,1206.0,544.0
196,9,0,886.0,605.0
196,9,1,861.0,590.0
196,9,2,876.0,568.0
196,9,3,902.0,584.0
196,36,0,1246.0,558.0
196,36,1,1225.0,543.0
196,36,2,1244.0,520.0
196,36,3,1265.0,536.0
196,12,0,1014.0,642.0
196,12,1,990.0,627.0
196,12,2,1007.0,606.0
196,12,3,1031.0,621.0
196,17,0,1072.0,634.0
196,17,1,1050.0,619.0
196,17,2,1068.0,597.0
196,17,3,1090.0,612.0
196,21,0,1132.0,625.0
196,21,1,1109.0,610.0
196,21,2,1128.0,589.0
196,21,3,1150.0,604.0
196,4,0,828.0,612.0
196,4,1,803.0,596.0
196,4,2,817.0,576.0
196,4,3,843.0,591.0
196,8,0,955.0,649.0
196,8,1,931.0,634.0
196,8,2,948.0,614.0
196,8,3,972.0,629.0
196,26,0,1189.0,618.0
196,26,1,1168.0,603.0
196,26,2,1187.0,582.0
196,26,3,1208.0,597.0
196,3,0,898.0,655.0
196,3,1,874.0,640.0
196,3,2,889.0,621.0
196,3,3,913.0,636.0
196,11,0,1079.0,683.0
196,11,1,1057.0,670.0
196,11,2,1074.0,650.0
196,11,3,1097.0,664.0
196,7,0,1021.0,691.0
196,7,1,999.0,677.0
196,7,2,1015.0,658.0
196,7,3,1039.0,672.0
196,16,0,1136.0,676.0
196,16,1,1115.0,662.0
196,16,2,1133.0,642.0
196,16,3,1154.0,656.0
196,20,0,1192.0,668.0
196,20,1,1171.0,654.0
196,20,2,1189.0,635.0
196,20,3,1210.0,649.0
196,30,0,1247.0,610.0
196,30,1,1227.0,596.0
196,30,2,1245.0,576.0
196,30,3,1265.0,590.0
196,2,0,965.0,696.0
196,2,1,942.0,683.0
196,2,2,958.0,664.0
196,2,3,981.0,678.0
196,35,0,1301.0,603.0
196,35,1,1283.0,588.0
196,35,2,1303.0,569.0
196,35,3,1321.0,584.0
196,25,0,1246.0,661.0
196,25,1,1228.0,646.0
196,25,2,1247.0,627.0
196,25,3,1265.0,642.0
196,6,0,1084.0,730.0
196,6,1,1063.0,717.0
196,6,2,1079.0,699.0
196,6,3,1101.0,712.0
196,10,0,1139.0,724.0
196,10,1,1119.0,711.0
196,10,2,1136.0,692.0
196,10,3,1156.0,705.0
196,15,0,1194.0,716.0
196,15,1,1174.0,703.0
196,15,2,1192.0,684.0
196,15,3,1211.0,698.0
196,1,0,1029.0,735.0
196,1,1,1007.0,722.0
196,1,2,1023.0,705.0
196,1,3,1045.0,718.0
196,0,0,1089.0,772.0
196,0,1,1068.0,760.0
196,0,2,1085.0,744.0
196,0,3,1105.0,756.0
196,5,0,1142.0,766.0
196,5,1,1122.0,755.0
196,5,2,1139.0,738.0
196,5,3,1159.0,751.0
197,16,0,1511.0,657.0
197,16,1,1496.0,615.0
197,16,2,1536.0,597.0
197,16,3,1552.0,641.0
197,26,0,1623.0,609.0
197,26,1,1608.0,565.0
197,26,2,1647.0,548.0
197,26,3,1662.0,592.0
197,10,0,1475.0,739.0
197,10,1,1461.0,698.0
197,10,2,1502.0,682.0
197,10,3,1516.0,724.0
197,21,0,1545.0,573.0
197,21,1,1529.0,529.0
197,21,2,1568.0,511.0
197,21,3,1585.0,555.0
197,11,0,1433.0,622.0
197,11,1,1416.0,580.0
197,11,2,1457.0,562.0
197,11,3,1474.0,604.0
197,27,0,1576.0,487.0
197,27,1,1558.0,443.0
197,27,2,1596.0,425.0
197,27,3,1615.0,468.0
197,37,0,1682.0,436.0
197,37,1,1663.0,393.0
197,37,2,1700.0,374.0
197,37,3,1721.0,417.0
197,22,0,1495.0,452.0
197,22,1,1475.0,410.0
197,22,2,1514.0,391.0
197,22,3,1534.0,433.0
197,31,0,1655.0,523.0
197,31,1,1637.0,480.0
197,31,2,1676.0,461.0
197,31,3,1693.0,505.0
197,17,0,1465.0,537.0
197,17,1,1447.0,496.0
197,17,2,1487.0,477.0
197,17,3,1505.0,520.0
197,36,0,1731.0,560.0
197,36,1,1715.0,515.0
197,36,2,1754.0,498.0
197,36,3,1769.0,542.0
197,20,0,1588.0,694.0
197,20,1,1574.0,651.0
197,20,2,1614.0,634.0
197,20,3,1628.0,677.0
197,7,0,1354.0,587.0
197,7,1,1337.0,545.0
197,7,2,1376.0,527.0
197,7,3,1393.0,570.0
197,12,0,1384.0,503.0
197,12,1,1366.0,462.0
197,12,2,1406.0,444.0
197,12,3,1424.0,484.0
197,32,0,1602.0,400.0
197,32,1,1582.0,359.0
197,32,2,1620.0,340.0
197,32,3,1640.0,382.0
197,30,0,1698.0,646.0
197,30,1,1683.0,603.0
197,30,2,1722.0,585.0
197,30,3,1736.0,629.0
197,15,0,1551.0,777.0
197,15,1,1538.0,735.0
197,15,2,1578.0,718.0
197,15,3,1591.0,760.0
197,6,0,1399.0,702.0
197,6,1,1383.0,662.0
197,6,2,1424.0,645.0
197,6,3,1439.0,687.0
197,18,0,1412.0,419.0
197,18,1,1393.0,380.0
197,18,2,1431.0,360.0
197,18,3,1451.0,400.0
197,25,0,1661.0,730.0
197,25,1,1649.0,688.0
197,25,2,1688.0,671.0
197,25,3,1700.0,713.0
197,1,0,1322.0,666.0
197,1,1,1306.0,626.0
197,1,2,1346.0,610.0
197,1,3,1362.0,650.0
197,28,0,1521.0,366.0
197,28,1,1501.0,326.0
197,28,2,1538.0,308.0
197,28,3,1558.0,349.0
197,38,0,1625.0,315.0
197,38,1,1604.0,275.0
197,38,2,1639.0,257.0
197,38,3,1662.0,297.0
197,8,0,1304.0,472.0
197,8,1,1286.0,433.0
197,8,2,1324.0,414.0
197,8,3,1342.0,453.0
197,23,0,1438.0,335.0
197,23,1,1418.0,296.0
197,23,2,1455.0,278.0
197,23,3,1476.0,316.0
197,35,0,1768.0,683.0
197,35,1,1756.0,640.0
197,35,2,1794.0,623.0
197,35,3,1805.0,665.0
197,2,0,1275.0,553.0
197,2,1,1259.0,514.0
197,2,2,1297.0,496.0
197,2,3,1314.0,536.0
197,0,0,1364.0,779.0
197,0,1,1350.0,739.0
197,0,2,1390.0,725.0
197,0,3,1404.0,764.0
197,33,0,1544.0,284.0
197,33,1,1522.0,244.0
197,33,2,1557.0,227.0
197,33,3,1579.0,266.0
197,13,0,1331.0,389.0
197,13,1,1312.0,352.0
197,13,2,1349.0,332.0
197,13,3,1368.0,371.0
197,5,0,1438.0,815.0
197,5,1,1425.0,775.0
197,5,2,1465.0,762.0
197,5,3,1478.0,801.0
197,19,0,1355.0,307.0
197,19,1,1336.0,271.0
197,19,2,1372.0,252.0
197,19,3,1392.0,288.0
197,29,0,1460.0,253.0
197,29,1,1439.0,217.0
197,29,2,1474.0,199.0
197,29,3,1496.0,236.0
197,3,0,1227.0,443.0
197,3,1,1210.0,406.0
197,3,2,1245.0,387.0
197,3,3,1263.0,424.0
197,9,0,1252.0,363.0
197,9,1,1234.0,327.0
197,9,2,1268.0,307.0
197,9,3,1287.0,344.0
197,39,0,1562.0,203.0
197,39,1,1540.0,166.0
197,39,2,1573.0,150.0
197,39,3,1596.0,186.0
197,24,0,1377.0,227.0
197,24,1,1358.0,192.0
197,24,2,1391.0,174.0
197,24,3,1413.0,208.0
197,14,0,1275.0,283.0
197,14,1,1257.0,248.0
197,14,2,1291.0,230.0
197,14,3,1310.0,264.0
197,34,0,1479.0,175.0
197,34,1,1458.0,140.0
197,34,2,1491.0,124.0
197,34,3,1513.0,159.0
197,4,0,1176.0,339.0
197,4,1,1159.0,306.0
197,4,2,1193.0,287.0
197,4,3,1210.0,320.0
198,35,0,1445.0,1060.0
198,35,1,1444.0,1026.0
198,35,2,1488.0,1025.0
198,35,3,1491.0,1060.0
198,25,0,1309.0,1059.0
198,25,1,1313.0,1026.0
198,25,2,1358.0,1026.0
198,25,3,1356.0,1058.0
198,15,0,1177.0,1055.0
198,15,1,1186.0,1024.0
198,15,2,1229.0,1026.0
198,15,3,1222.0,1057.0
198,5,0,1051.0,1038.0
198,5,1,1065.0,1010.0
198,5,2,1106.0,1015.0
198,5,3,1094.0,1043.0
198,20,0,1252.0,1013.0
198,20,1,1259.0,984.0
198,20,2,1301.0,984.0
198,20,3,1296.0,1012.0
198,30,0,1379.0,1012.0
198,30,1,1381.0,984.0
198,30,2,1424.0,983.0
198,30,3,1424.0,1011.0
198,10,0,1130.0,1005.0
198,10,1,1140.0,979.0
198,10,2,1181.0,982.0
198,10,3,1172.0,1009.0
198,36,0,1442.0,967.0
198,36,1,1442.0,943.0
198,36,2,1481.0,941.0
198,36,3,1483.0,966.0
198,16,0,1203.0,971.0
198,16,1,1209.0,946.0
198,16,2,1249.0,946.0
198,16,3,1243.0,971.0
198,26,0,1321.0,971.0
198,26,1,1324.0,946.0
198,26,2,1364.0,947.0
198,26,3,1362.0,972.0
198,0,0,1016.0,991.0
198,0,1,1030.0,967.0
198,0,2,1067.0,971.0
198,0,3,1055.0,995.0
198,6,0,1089.0,961.0
198,6,1,1101.0,939.0
198,6,2,1138.0,942.0
198,6,3,1128.0,965.0
198,21,0,1269.0,934.0
198,21,1,1273.0,912.0
198,21,2,1311.0,911.0
198,21,3,1308.0,934.0
198,31,0,1382.0,935.0
198,31,1,1383.0,912.0
198,31,2,1421.0,912.0
198,31,3,1422.0,932.0
198,11,0,1159.0,932.0
198,11,1,1167.0,910.0
198,11,2,1202.0,911.0
198,11,3,1196.0,934.0
198,1,0,1055.0,926.0
198,1,1,1066.0,906.0
198,1,2,1100.0,906.0
198,1,3,1091.0,927.0
198,27,0,1330.0,901.0
198,27,1,1331.0,880.0
198,27,2,1367.0,881.0
198,27,3,1366.0,902.0
198,17,0,1223.0,902.0
198,17,1,1228.0,882.0
198,17,2,1263.0,881.0
198,17,3,1259.0,901.0
198,7,0,1120.0,898.0
198,7,1,1129.0,879.0
198,7,2,1162.0,880.0
198,7,3,1155.0,899.0
198,32,0,1383.0,870.0
198,32,1,1384.0,852.0
198,32,2,1418.0,851.0
198,32,3,1418.0,871.0
198,22,0,1281.0,872.0
198,22,1,1286.0,853.0
198,22,2,1319.0,852.0
198,22,3,1316.0,871.0
198,12,0,1181.0,870.0
198,12,1,1188.0,852.0
198,12,2,1221.0,854.0
198,12,3,1216.0,871.0
198,2,0,1086.0,867.0
198,2,1,1095.0,851.0
198,2,2,1127.0,852.0
198,2,3,1119.0,869.0
198,38,0,1433.0,841.0
198,38,1,1431.0,824.0
198,38,2,1463.0,824.0
198,38,3,1466.0,841.0
198,18,0,1239.0,844.0
198,18,1,1242.0,829.0
198,18,2,1273.0,828.0
198,18,3,1271.0,844.0
198,28,0,1335.0,843.0
198,28,1,1336.0,827.0
198,28,2,1369.0,827.0
198,28,3,1368.0,843.0
198,8,0,1144.0,843.0
198,8,1,1152.0,827.0
198,8,2,1182.0,827.0
198,8,3,1176.0,843.0
198,23,0,1290.0,819.0
198,23,1,1293.0,804.0
198,23,2,1324.0,803.0
198,23,3,1323.0,818.0
198,33,0,1384.0,818.0
198,33,1,1383.0,802.0
198,33,2,1414.0,801.0
198,33,3,1415.0,817.0
198,3,0,1112.0,819.0
198,3,1,1119.0,806.0
198,3,2,1147.0,806.0
198,3,3,1142.0,819.0
198,13,0,1200.0,819.0
198,13,1,1206.0,805.0
198,13,2,1234.0,804.0
198,13,3,1230.0,819.0
198,29,0,1339.0,794.0
198,29,1,1340.0,781.0
198,29,2,1369.0,781.0
198,29,3,1367.0,795.0
198,34,0,1382.0,772.0
198,34,1,1382.0,760.0
198,34,2,1410.0,757.0
198,34,3,1410.0,771.0
198,24,0,1298.0,775.0
198,24,1,1300.0,762.0
198,24,2,1328.0,762.0
198,24,3,1326.0,774.0
198,4,0,1134.0,777.0
198,4,1,1140.0,765.0
198,4,2,1166.0,765.0
198,4,3,1161.0,777.0
198,9,0,1165.0,798.0
198,9,1,1171.0,784.0
198,9,2,1198.0,784.0
198,9,3,1194.0,798.0
198,19,0,1250.0,797.0
198,19,1,1254.0,784.0
198,19,2,1283.0,782.0
198,19,3,1280.0,797.0
198,37,0,1437.0,900.0
198,37,1,1436.0,880.0
198,37,2,1472.0,878.0
198,37,3,1474.0,895.0
198,39,0,1427.0,792.0
198,39,1,1426.0,777.0
198,39,2,1455.0,776.0
198,39,3,1457.0,791.0
199,39,0,1094.0,325.0
199,39,1,1079.0,299.0
199,39,2,1105.0,288.0
199,39,3,1120.0,314.0
199,38,0,1135.0,398.0
199,38,1,1122.0,373.0
199,38,2,1148.0,363.0
199,38,3,1162.0,388.0
199,34,0,1034.0,304.0
199,34,1,1020.0,278.0
199,34,2,1043.0,267.0
199,34,3,1059.0,294.0
199,33,0,1078.0,377.0
199,33,1,1064.0,352.0
199,33,2,1090.0,342.0
199,33,3,1103.0,367.0
199,29,0,1022.0,356.0
199,29,1,1008.0,331.0
199,29,2,1031.0,321.0
199,29,3,1045.0,346.0
199,32,0,1119.0,447.0
199,32,1,1105.0,423.0
199,32,2,1130.0,414.0
199,32,3,1143.0,437.0
199,37,0,1173.0,468.0
199,37,1,1161.0,445.0
199,37,2,1187.0,437.0
199,37,3,1198.0,462.0
199,28,0,1064.0,425.0
199,28,1,1051.0,401.0
199,28,2,1074.0,393.0
199,28,3,1087.0,417.0
199,19,0,957.0,385.0
199,19,1,943.0,362.0
199,19,2,965.0,352.0
199,19,3,979.0,374.0
199,24,0,968.0,335.0
199,24,1,954.0,311.0
199,24,2,974.0,301.0
199,24,3,989.0,325.0
199,23,0,1010.0,403.0
199,23,1,997.0,380.0
199,23,2,1019.0,372.0
199,23,3,1032.0,396.0
199,31,0,1155.0,513.0
199,31,1,1143.0,491.0
199,31,2,1167.0,483.0
199,31,3,1178.0,506.0
199,27,0,1102.0,491.0
199,27,1,1090.0,469.0
199,27,2,1114.0,462.0
199,27,3,1125.0,484.0
199,36,0,1206.0,534.0
199,36,1,1197.0,513.0
199,36,2,1220.0,507.0
199,36,3,1230.0,529.0
199,18,0,999.0,449.0
199,18,1,986.0,427.0
199,18,2,1008.0,419.0
199,18,3,1021.0,440.0
199,14,0,905.0,366.0
199,14,1,891.0,344.0
199,14,2,911.0,334.0
199,14,3,925.0,357.0
199,22,0,1051.0,469.0
199,22,1,1038.0,447.0
199,22,2,1060.0,440.0
199,22,3,1072.0,462.0
199,13,0,948.0,430.0
199,13,1,935.0,409.0
199,13,2,955.0,400.0
199,13,3,968.0,423.0
199,17,0,1038.0,510.0
199,17,1,1026.0,490.0
199,17,2,1047.0,483.0
199,17,3,1059.0,504.0
199,21,0,1088.0,531.0
199,21,1,1077.0,510.0
199,21,2,1098.0,505.0
199,21,3,1110.0,525.0
199,30,0,1188.0,574.0
199,30,1,1177.0,555.0
199,30,2,1200.0,548.0
199,30,3,1210.0,568.0
199,26,0,1137.0,552.0
199,26,1,1127.0,532.0
199,26,2,1150.0,527.0
199,26,3,1160.0,546.0
199,9,0,897.0,411.0
199,9,1,885.0,390.0
199,9,2,903.0,382.0
199,9,3,917.0,403.0
199,8,0,940.0,472.0
199,8,1,927.0,452.0
199,8,2,945.0,445.0
199,8,3,958.0,465.0
199,4,0,851.0,393.0
199,4,1,838.0,372.0
199,4,2,853.0,364.0
199,4,3,868.0,385.0
199,20,0,1122.0,589.0
199,20,1,1112.0,570.0
199,20,2,1133.0,565.0
199,20,3,1143.0,584.0
199,25,0,1170.0,609.0
199,25,1,1161.0,592.0
199,25,2,1182.0,587.0
199,25,3,1191.0,604.0
199,11,0,1026.0,548.0
199,11,1,1015.0,531.0
199,11,2,1035.0,525.0
199,11,3,1045.0,543.0
199,3,0,893.0,453.0
199,3,1,880.0,433.0
199,3,2,897.0,427.0
199,3,3,909.0,446.0
199,10,0,1060.0,605.0
199,10,1,1050.0,587.0
199,10,2,1070.0,582.0
199,10,3,1080.0,600.0
199,1,0,970.0,566.0
199,1,1,959.0,548.0
199,1,2,976.0,543.0
199,1,3,987.0,561.0
199,5,0,1048.0,638.0
199,5,1,1038.0,622.0
199,5,2,1056.0,617.0
199,5,3,1066.0,635.0
199,2,0,932.0,510.0
199,2,1,920.0,492.0
199,2,2,937.0,485.0
199,2,3,950.0,505.0
199,6,0,1014.0,585.0
199,6,1,1004.0,567.0
199,6,2,1023.0,562.0
199,6,3,1033.0,581.0
199,12,0,988.0,491.0
199,12,1,976.0,471.0
199,12,2,996.0,463.0
199,12,3,1009.0,484.0
199,15,0,1106.0,624.0
199,15,1,1097.0,607.0
199,15,2,1118.0,602.0
199,15,3,1127.0,619.0
199,16,0,1074.0,568.0
199,16,1,1063.0,550.0
199,16,2,1084.0,544.0
199,16,3,1094.0,563.0
199,35,0,1237.0,595.0
199,35,1,1228.0,576.0
199,35,2,1252.0,571.0
199,35,3,1260.0,590.0
200,25,0,1344.0,1010.0
200,25,1,1348.0,982.0
200,25,2,1394.0,980.0
200,25,3,1391.0,1008.0
200,5,0,1076.0,999.0
200,5,1,1090.0,975.0
200,5,2,1132.0,979.0
200,5,3,1119.0,1003.0
200,20,0,1284.0,972.0
200,20,1,1289.0,949.0
200,20,2,1333.0,947.0
200,20,3,1329.0,969.0
200,30,0,1415.0,966.0
200,30,1,1415.0,944.0
200,30,2,1459.0,940.0
200,30,3,1460.0,963.0
200,10,0,1157.0,968.0
200,10,1,1168.0,947.0
200,10,2,1209.0,950.0
200,10,3,1200.0,972.0
200,16,0,1232.0,938.0
200,16,1,1240.0,917.0
200,16,2,1279.0,917.0
200,16,3,1273.0,937.0
200,6,0,1116.0,933.0
200,6,1,1127.0,915.0
200,6,2,1164.0,916.0
200,6,3,1156.0,935.0
200,11,0,1187.0,906.0
200,11,1,1194.0,889.0
200,11,2,1231.0,889.0
200,11,3,1225.0,907.0
200,27,0,1360.0,875.0
200,27,1,1361.0,858.0
200,27,2,1397.0,858.0
200,27,3,1397.0,874.0
200,17,0,1252.0,879.0
200,17,1,1257.0,864.0
200,17,2,1291.0,862.0
200,17,3,1287.0,878.0
200,22,0,1311.0,853.0
200,22,1,1313.0,838.0
200,22,2,1347.0,836.0
200,22,3,1345.0,850.0
200,33,0,1412.0,805.0
200,33,1,1411.0,792.0
200,33,2,1443.0,791.0
200,33,3,1444.0,803.0
200,23,0,1319.0,809.0
200,23,1,1322.0,797.0
200,23,2,1352.0,795.0
200,23,3,1350.0,807.0
200,1,0,1081.0,904.0
200,1,1,1092.0,888.0
200,1,2,1126.0,887.0
200,1,3,1117.0,904.0
200,2,0,1113.0,855.0
200,2,1,1122.0,842.0
200,2,2,1153.0,842.0
200,2,3,1144.0,856.0
200,7,0,1147.0,879.0
200,7,1,1156.0,864.0
200,7,2,1189.0,864.0
200,7,3,1181.0,880.0
200,8,0,1172.0,834.0
200,8,1,1180.0,821.0
200,8,2,1210.0,820.0
200,8,3,1203.0,832.0
200,9,0,1193.0,797.0
200,9,1,1199.0,786.0
200,9,2,1226.0,785.0
200,9,3,1220.0,796.0
200,12,0,1209.0,855.0
200,12,1,1215.0,840.0
200,12,2,1249.0,840.0
200,12,3,1242.0,855.0
200,13,0,1227.0,812.0
200,13,1,1232.0,802.0
200,13,2,1262.0,800.0
200,13,3,1257.0,812.0
200,14,0,1241.0,778.0
200,14,1,1246.0,768.0
200,14,2,1273.0,768.0
200,14,3,1270.0,777.0
200,15,0,1206.0,1009.0
200,15,1,1216.0,985.0
200,15,2,1260.0,986.0
200,15,3,1252.0,1013.0
200,18,0,1266.0,831.0
200,18,1,1271.0,818.0
200,18,2,1302.0,818.0
200,18,3,1299.0,831.0
200,19,0,1278.0,793.0
200,19,1,1284.0,782.0
200,19,2,1310.0,781.0
200,19,3,1307.0,792.0
200,21,0,1299.0,905.0
200,21,1,1305.0,886.0
200,21,2,1341.0,885.0
200,21,3,1338.0,903.0
200,26,0,1353.0,933.0
200,26,1,1356.0,913.0
200,26,2,1397.0,913.0
200,26,3,1396.0,932.0
200,28,0,1364.0,827.0
200,28,1,1365.0,814.0
200,28,2,1397.0,813.0
200,28,3,1397.0,826.0
200,29,0,1367.0,788.0
200,29,1,1367.0,779.0
200,29,2,1397.0,776.0
200,29,3,1397.0,786.0
200,32,0,1413.0,848.0
200,32,1,1413.0,834.0
200,32,2,1448.0,832.0
200,32,3,1449.0,847.0
200,35,0,1486.0,1005.0
200,35,1,1483.0,976.0
200,35,2,1530.0,974.0
200,35,3,1533.0,1005.0
200,38,0,1462.0,821.0
200,38,1,1462.0,808.0
200,38,2,1493.0,808.0
200,38,3,1495.0,821.0
201,35,0,1395.0,770.0
201,35,1,1383.0,740.0
201,35,2,1412.0,726.0
201,35,3,1425.0,757.0
201,25,0,1307.0,810.0
201,25,1,1295.0,780.0
201,25,2,1325.0,767.0
201,25,3,1337.0,797.0
201,30,0,1333.0,746.0
201,30,1,1321.0,716.0
201,30,2,1349.0,702.0
201,30,3,1362.0,732.0
201,15,0,1219.0,847.0
201,15,1,1209.0,818.0
201,15,2,1238.0,805.0
201,15,3,1249.0,836.0
201,20,0,1247.0,785.0
201,20,1,1236.0,756.0
201,20,2,1265.0,743.0
201,20,3,1276.0,772.0
201,36,0,1357.0,681.0
201,36,1,1344.0,653.0
201,36,2,1373.0,639.0
201,36,3,1385.0,667.0
201,26,0,1272.0,722.0
201,26,1,1261.0,693.0
201,26,2,1289.0,680.0
201,26,3,1301.0,708.0
201,10,0,1162.0,821.0
201,10,1,1153.0,791.0
201,10,2,1181.0,780.0
201,10,3,1191.0,809.0
201,16,0,1189.0,760.0
201,16,1,1179.0,732.0
201,16,2,1207.0,720.0
201,16,3,1217.0,748.0
201,5,0,1136.0,880.0
201,5,1,1127.0,851.0
201,5,2,1154.0,840.0
201,5,3,1164.0,869.0
201,21,0,1214.0,699.0
201,21,1,1204.0,672.0
201,21,2,1231.0,659.0
201,21,3,1242.0,686.0
201,11,0,1134.0,737.0
201,11,1,1124.0,709.0
201,11,2,1150.0,697.0
201,11,3,1160.0,725.0
201,6,0,1108.0,795.0
201,6,1,1099.0,768.0
201,6,2,1126.0,756.0
201,6,3,1135.0,784.0
201,0,0,1084.0,853.0
201,0,1,1075.0,825.0
201,0,2,1101.0,815.0
201,0,3,1109.0,843.0
201,17,0,1158.0,677.0
201,17,1,1148.0,651.0
201,17,2,1174.0,639.0
201,17,3,1185.0,664.0
201,22,0,1182.0,619.0
201,22,1,1172.0,594.0
201,22,2,1196.0,581.0
201,22,3,1207.0,605.0
201,1,0,1058.0,771.0
201,1,1,1049.0,745.0
201,1,2,1074.0,733.0
201,1,3,1083.0,760.0
201,7,0,1081.0,714.0
201,7,1,1072.0,688.0
201,7,2,1097.0,676.0
201,7,3,1106.0,702.0
201,2,0,1032.0,693.0
201,2,1,1024.0,668.0
201,2,2,1047.0,656.0
201,2,3,1056.0,681.0
201,23,0,1149.0,544.0
201,23,1,1140.0,521.0
201,23,2,1164.0,509.0
201,23,3,1174.0,531.0
201,8,0,1054.0,637.0
201,8,1,1046.0,613.0
201,8,2,1069.0,601.0
201,8,3,1078.0,625.0
201,13,0,1076.0,582.0
201,13,1,1068.0,559.0
201,13,2,1091.0,547.0
201,13,3,1101.0,569.0
201,3,0,1008.0,620.0
201,3,1,1001.0,597.0
201,3,2,1022.0,585.0
201,3,3,1030.0,608.0
201,4,0,986.0,552.0
201,4,1,979.0,532.0
201,4,2,999.0,520.0
201,4,3,1006.0,540.0
201,9,0,1029.0,566.0
201,9,1,1021.0,544.0
201,9,2,1042.0,532.0
201,9,3,1051.0,554.0
201,12,0,1104.0,656.0
201,12,1,1095.0,631.0
201,12,2,1120.0,619.0
201,12,3,1130.0,644.0
201,18,0,1127.0,600.0
201,18,1,1118.0,576.0
201,18,2,1143.0,564.0
201,18,3,1153.0,588.0
201,24,0,1120.0,476.0
201,24,1,1111.0,455.0
201,24,2,1133.0,443.0
201,24,3,1142.0,463.0
201,27,0,1237.0,638.0
201,27,1,1226.0,612.0
201,27,2,1252.0,599.0
201,27,3,1264.0,624.0
201,28,0,1203.0,560.0
201,28,1,1193.0,536.0
201,28,2,1217.0,523.0
201,28,3,1227.0,546.0
201,29,0,1170.0,488.0
201,29,1,1160.0,467.0
201,29,2,1183.0,454.0
201,29,3,1193.0,475.0
201,31,0,1296.0,659.0
201,31,1,1284.0,631.0
201,31,2,1311.0,619.0
201,31,3,1324.0,645.0
201,32,0,1259.0,577.0
201,32,1,1248.0,552.0
201,32,2,1274.0,540.0
201,32,3,1285.0,565.0
201,33,0,1223.0,502.0
201,33,1,1212.0,479.0
201,33,2,1237.0,467.0
201,33,3,1248.0,489.0
201,37,0,1319.0,597.0
201,37,1,1307.0,571.0
201,37,2,1333.0,558.0
201,37,3,1345.0,583.0
202,15,0,1081.0,899.0
202,15,1,1088.0,875.0
202,15,2,1128.0,885.0
202,15,3,1121.0,909.0
202,35,0,1320.0,941.0
202,35,1,1319.0,914.0
202,35,2,1356.0,920.0
202,35,3,1359.0,948.0
202,25,0,1201.0,922.0
202,25,1,1204.0,896.0
202,25,2,1243.0,902.0
202,25,3,1242.0,927.0
202,5,0,964.0,870.0
202,5,1,975.0,848.0
202,5,2,1014.0,856.0
202,5,3,1004.0,879.0
202,10,0,1036.0,851.0
202,10,1,1044.0,831.0
202,10,2,1082.0,840.0
202,10,3,1075.0,860.0
202,20,0,1149.0,877.0
202,20,1,1152.0,856.0
202,20,2,1190.0,859.0
202,20,3,1188.0,882.0
202,30,0,1262.0,894.0
202,30,1,1262.0,873.0
202,30,2,1300.0,878.0
202,30,3,1301.0,900.0
202,0,0,928.0,826.0
202,0,1,940.0,807.0
202,0,2,975.0,815.0
202,0,3,964.0,834.0
202,16,0,1101.0,834.0
202,16,1,1107.0,816.0
202,16,2,1143.0,822.0
202,16,3,1139.0,840.0
202,26,0,1209.0,852.0
202,26,1,1212.0,832.0
202,26,2,1246.0,840.0
202,26,3,1246.0,859.0
202,6,0,997.0,808.0
202,6,1,1005.0,793.0
202,6,2,1040.0,800.0
202,6,3,1032.0,818.0
202,21,0,1161.0,815.0
202,21,1,1165.0,798.0
202,21,2,1199.0,802.0
202,21,3,1197.0,820.0
202,11,0,1060.0,795.0
202,11,1,1067.0,778.0
202,11,2,1100.0,786.0
202,11,3,1095.0,803.0
202,1,0,962.0,775.0
202,1,1,972.0,760.0
202,1,2,1004.0,765.0
202,1,3,994.0,781.0
202,7,0,1023.0,760.0
202,7,1,1031.0,746.0
202,7,2,1061.0,752.0
202,7,3,1055.0,767.0
202,17,0,1118.0,781.0
202,17,1,1122.0,767.0
202,17,2,1154.0,771.0
202,17,3,1152.0,785.0
202,22,0,1173.0,766.0
202,22,1,1174.0,752.0
202,22,2,1205.0,756.0
202,22,3,1203.0,770.0
202,2,0,990.0,730.0
202,2,1,997.0,718.0
202,2,2,1027.0,723.0
202,2,3,1021.0,735.0
202,3,0,1014.0,694.0
202,3,1,1019.0,684.0
202,3,2,1046.0,687.0
202,3,3,1041.0,697.0
202,12,0,1080.0,747.0
202,12,1,1085.0,734.0
202,12,2,1114.0,741.0
202,12,3,1111.0,754.0
202,13,0,1096.0,707.0
202,13,1,1100.0,698.0
202,13,2,1128.0,703.0
202,13,3,1123.0,714.0
202,18,0,1132.0,737.0
202,18,1,1135.0,724.0
202,18,2,1164.0,730.0
202,18,3,1162.0,742.0
202,24,0,1186.0,691.0
202,24,1,1187.0,682.0
202,24,2,1213.0,685.0
202,24,3,1212.0,694.0
202,27,0,1216.0,797.0
202,27,1,1217.0,781.0
202,27,2,1248.0,787.0
202,27,3,1248.0,803.0
202,28,0,1221.0,751.0
202,28,1,1221.0,738.0
202,28,2,1249.0,742.0
202,28,3,1250.0,756.0
202,29,0,1226.0,713.0
202,29,1,1224.0,703.0
202,29,2,1251.0,706.0
202,29,3,1251.0,716.0
202,31,0,1264.0,834.0
202,31,1,1263.0,816.0
202,31,2,1296.0,821.0
202,31,3,1298.0,838.0
202,32,0,1264.0,782.0
202,32,1,1264.0,768.0
202,32,2,1293.0,772.0
202,32,3,1294.0,788.0
202,33,0,1264.0,738.0
202,33,1,1264.0,726.0
202,33,2,1290.0,731.0
202,33,3,1292.0,743.0
202,36,0,1316.0,869.0
202,36,1,1315.0,850.0
202,36,2,1348.0,853.0
202,36,3,1352.0,874.0
202,37,0,1311.0,815.0
202,37,1,1310.0,799.0
202,37,2,1341.0,803.0
202,37,3,1343.0,816.0
202,38,0,1307.0,767.0
202,38,1,1306.0,754.0
202,38,2,1334.0,759.0
202,38,3,1336.0,773.0
203,25,0,1210.0,935.0
203,25,1,1213.0,909.0
203,25,2,1253.0,914.0
203,25,3,1252.0,939.0
203,5,0,975.0,891.0
203,5,1,986.0,869.0
203,5,2,1024.0,877.0
203,5,3,1015.0,899.0
203,20,0,1157.0,891.0
203,20,1,1161.0,870.0
203,20,2,1199.0,873.0
203,20,3,1197.0,895.0
203,10,0,1046.0,870.0
203,10,1,1053.0,850.0
203,10,2,1090.0,857.0
203,10,3,1085.0,877.0
203,30,0,1272.0,905.0
203,30,1,1271.0,884.0
203,30,2,1308.0,887.0
203,30,3,1310.0,908.0
203,16,0,1111.0,851.0
203,16,1,1116.0,831.0
203,16,2,1151.0,836.0
203,16,3,1147.0,856.0
203,36,0,1324.0,877.0
203,36,1,1323.0,857.0
203,36,2,1357.0,860.0
203,36,3,1360.0,881.0
203,21,0,1170.0,828.0
203,21,1,1173.0,811.0
203,21,2,1206.0,815.0
203,21,3,1205.0,831.0
203,31,0,1271.0,843.0
203,31,1,1271.0,826.0
203,31,2,1304.0,829.0
203,31,3,1305.0,847.0
203,1,0,972.0,796.0
203,1,1,980.0,780.0
203,1,2,1011.0,784.0
203,1,3,1003.0,800.0
203,27,0,1223.0,808.0
203,27,1,1224.0,792.0
203,27,2,1256.0,797.0
203,27,3,1256.0,813.0
203,17,0,1127.0,796.0
203,17,1,1130.0,780.0
203,17,2,1162.0,784.0
203,17,3,1159.0,799.0
203,0,0,938.0,848.0
203,0,1,950.0,829.0
203,0,2,984.0,836.0
203,0,3,974.0,855.0
203,2,0,997.0,749.0
203,2,1,1005.0,736.0
203,2,2,1034.0,741.0
203,2,3,1028.0,753.0
203,6,0,1006.0,829.0
203,6,1,1015.0,812.0
203,6,2,1048.0,818.0
203,6,3,1041.0,836.0
203,7,0,1031.0,778.0
203,7,1,1038.0,764.0
203,7,2,1068.0,769.0
203,7,3,1063.0,784.0
203,11,0,1069.0,812.0
203,11,1,1074.0,797.0
203,11,2,1108.0,801.0
203,11,3,1103.0,819.0
203,12,0,1087.0,763.0
203,12,1,1092.0,749.0
203,12,2,1122.0,755.0
203,12,3,1118.0,769.0
203,13,0,1102.0,722.0
203,13,1,1106.0,711.0
203,13,2,1132.0,715.0
203,13,3,1130.0,727.0
203,15,0,1091.0,917.0
203,15,1,1097.0,894.0
203,15,2,1137.0,900.0
203,15,3,1132.0,924.0
203,22,0,1179.0,778.0
203,22,1,1181.0,764.0
203,22,2,1211.0,767.0
203,22,3,1210.0,781.0
203,26,0,1218.0,865.0
203,26,1,1219.0,845.0
203,26,2,1253.0,850.0
203,26,3,1254.0,870.0
203,28,0,1228.0,761.0
203,28,1,1227.0,748.0
203,28,2,1256.0,752.0
203,28,3,1256.0,765.0
203,29,0,1230.0,721.0
203,29,1,1230.0,710.0
203,29,2,1256.0,714.0
203,29,3,1256.0,725.0
203,32,0,1271.0,791.0
203,32,1,1270.0,776.0
203,32,2,1300.0,780.0
203,32,3,1302.0,795.0
203,33,0,1271.0,747.0
203,33,1,1270.0,734.0
203,33,2,1297.0,738.0
203,33,3,1298.0,751.0
203,34,0,1270.0,709.0
203,34,1,1269.0,699.0
203,34,2,1294.0,701.0
203,34,3,1295.0,711.0
203,35,0,1329.0,949.0
203,35,1,1328.0,923.0
203,35,2,1365.0,927.0
203,35,3,1368.0,956.0
203,37,0,1319.0,822.0
203,37,1,1317.0,806.0
203,37,2,1348.0,808.0
203,37,3,1351.0,822.0
203,38,0,1315.0,774.0
203,38,1,1313.0,760.0
203,38,2,1340.0,764.0
203,38,3,1343.0,778.0
204,21,0,1470.0,605.0
204,21,1,1456.0,564.0
204,21,2,1495.0,548.0
204,21,3,1510.0,589.0
204,7,0,1287.0,615.0
204,7,1,1270.0,576.0
204,7,2,1309.0,560.0
204,7,3,1324.0,600.0
204,17,0,1393.0,570.0
204,17,1,1378.0,530.0
204,17,2,1417.0,513.0
204,17,3,1434.0,553.0
204,37,0,1609.0,478.0
204,37,1,1592.0,436.0
204,37,2,1629.0,419.0
204,37,3,1647.0,460.0
204,31,0,1578.0,560.0
204,31,1,1563.0,518.0
204,31,2,1600.0,501.0
204,31,3,1616.0,544.0
204,27,0,1502.0,524.0
204,27,1,1487.0,483.0
204,27,2,1525.0,466.0
204,27,3,1541.0,508.0
204,22,0,1425.0,489.0
204,22,1,1408.0,449.0
204,22,2,1447.0,432.0
204,22,3,1464.0,472.0
204,32,0,1532.0,442.0
204,32,1,1515.0,400.0
204,32,2,1552.0,384.0
204,32,3,1570.0,424.0
204,36,0,1651.0,596.0
204,36,1,1637.0,554.0
204,36,2,1675.0,538.0
204,36,3,1689.0,580.0
204,11,0,1361.0,649.0
204,11,1,1346.0,610.0
204,11,2,1386.0,594.0
204,11,3,1401.0,634.0
204,28,0,1455.0,408.0
204,28,1,1436.0,367.0
204,28,2,1472.0,350.0
204,28,3,1491.0,391.0
204,16,0,1436.0,684.0
204,16,1,1422.0,644.0
204,16,2,1461.0,628.0
204,16,3,1475.0,669.0
204,12,0,1316.0,536.0
204,12,1,1301.0,496.0
204,12,2,1339.0,480.0
204,12,3,1355.0,520.0
204,26,0,1544.0,640.0
204,26,1,1531.0,600.0
204,26,2,1569.0,583.0
204,26,3,1583.0,624.0
204,18,0,1346.0,456.0
204,18,1,1329.0,417.0
204,18,2,1367.0,400.0
204,18,3,1384.0,439.0
204,20,0,1509.0,719.0
204,20,1,1496.0,680.0
204,20,2,1536.0,664.0
204,20,3,1548.0,704.0
204,38,0,1558.0,360.0
204,38,1,1540.0,320.0
204,38,2,1576.0,304.0
204,38,3,1595.0,343.0
204,30,0,1616.0,676.0
204,30,1,1603.0,636.0
204,30,2,1642.0,620.0
204,30,3,1654.0,660.0
204,23,0,1374.0,375.0
204,23,1,1356.0,337.0
204,23,2,1393.0,320.0
204,23,3,1412.0,357.0
204,10,0,1400.0,760.0
204,10,1,1387.0,722.0
204,10,2,1427.0,707.0
204,10,3,1440.0,746.0
204,33,0,1480.0,327.0
204,33,1,1461.0,287.0
204,33,2,1496.0,272.0
204,33,3,1515.0,311.0
204,8,0,1240.0,504.0
204,8,1,1224.0,466.0
204,8,2,1260.0,449.0
204,8,3,1277.0,488.0
204,6,0,1328.0,724.0
204,6,1,1314.0,685.0
204,6,2,1351.0,671.0
204,6,3,1366.0,711.0
204,1,0,1254.0,689.0
204,1,1,1240.0,651.0
204,1,2,1278.0,637.0
204,1,3,1293.0,675.0
204,15,0,1472.0,795.0
204,15,1,1460.0,757.0
204,15,2,1499.0,742.0
204,15,3,1511.0,780.0
204,2,0,1211.0,581.0
204,2,1,1196.0,543.0
204,2,2,1232.0,527.0
204,2,3,1249.0,565.0
204,13,0,1268.0,425.0
204,13,1,1252.0,387.0
204,13,2,1287.0,370.0
204,13,3,1305.0,408.0
204,25,0,1579.0,753.0
204,25,1,1568.0,714.0
204,25,2,1606.0,699.0
204,25,3,1617.0,738.0
204,35,0,1683.0,711.0
204,35,1,1673.0,671.0
204,35,2,1711.0,656.0
204,35,3,1720.0,695.0
204,19,0,1295.0,346.0
204,19,1,1277.0,309.0
204,19,2,1312.0,291.0
204,19,3,1331.0,328.0
204,29,0,1400.0,295.0
204,29,1,1381.0,258.0
204,29,2,1416.0,242.0
204,29,3,1435.0,279.0
204,0,0,1294.0,794.0
204,0,1,1280.0,759.0
204,0,2,1319.0,745.0
204,0,3,1332.0,782.0
204,9,0,1192.0,397.0
204,9,1,1176.0,361.0
204,9,2,1210.0,343.0
204,9,3,1227.0,380.0
204,24,0,1319.0,267.0
204,24,1,1301.0,232.0
204,24,2,1335.0,215.0
204,24,3,1355.0,250.0
204,5,0,1365.0,829.0
204,5,1,1352.0,792.0
204,5,2,1391.0,781.0
204,5,3,1402.0,818.0
204,3,0,1167.0,475.0
204,3,1,1151.0,438.0
204,3,2,1185.0,421.0
204,3,3,1201.0,458.0
204,34,0,1422.0,218.0
204,34,1,1402.0,183.0
204,34,2,1436.0,167.0
204,34,3,1456.0,202.0
204,14,0,1217.0,319.0
204,14,1,1200.0,285.0
204,14,2,1234.0,267.0
204,14,3,1252.0,302.0
204,4,0,1119.0,371.0
204,4,1,1104.0,337.0
204,4,2,1136.0,320.0
204,4,3,1152.0,354.0
205,35,0,1152.0,1122.0
205,35,1,1165.0,1085.0
205,35,2,1214.0,1091.0
205,35,3,1202.0,1130.0
205,25,0,1015.0,1100.0
205,25,1,1034.0,1069.0
205,25,2,1078.0,1074.0
205,25,3,1061.0,1107.0
205,30,0,1105.0,1062.0
205,30,1,1120.0,1035.0
205,30,2,1163.0,1038.0
205,30,3,1151.0,1068.0
205,15,0,896.0,1080.0
205,15,1,918.0,1052.0
205,15,2,956.0,1058.0
205,15,3,936.0,1088.0
205,36,0,1189.0,1026.0
205,36,1,1199.0,998.0
205,36,2,1242.0,999.0
205,36,3,1234.0,1028.0
205,20,0,983.0,1049.0
205,20,1,1002.0,1021.0
205,20,2,1040.0,1025.0
205,20,3,1023.0,1053.0
205,26,0,1066.0,1015.0
205,26,1,1080.0,990.0
205,26,2,1120.0,995.0
205,26,3,1107.0,1020.0
205,5,0,791.0,1050.0
205,5,1,814.0,1026.0
205,5,2,848.0,1034.0
205,5,3,825.0,1060.0
205,10,0,874.0,1028.0
205,10,1,895.0,1004.0
205,10,2,930.0,1011.0
205,10,3,911.0,1036.0
205,16,0,955.0,1003.0
205,16,1,973.0,979.0
205,16,2,1008.0,983.0
205,16,3,992.0,1007.0
205,31,0,1144.0,984.0
205,31,1,1156.0,961.0
205,31,2,1194.0,963.0
205,31,3,1185.0,986.0
205,21,0,1032.0,973.0
205,21,1,1047.0,951.0
205,21,2,1083.0,954.0
205,21,3,1069.0,977.0
205,0,0,779.0,1004.0
205,0,1,801.0,983.0
205,0,2,832.0,990.0
205,0,3,811.0,1011.0
205,6,0,856.0,984.0
205,6,1,876.0,963.0
205,6,2,908.0,969.0
205,6,3,889.0,990.0
205,37,0,1217.0,954.0
205,37,1,1225.0,932.0
205,37,2,1263.0,932.0
205,37,3,1256.0,951.0
205,27,0,1106.0,945.0
205,27,1,1117.0,924.0
205,27,2,1153.0,928.0
205,27,3,1143.0,949.0
205,11,0,931.0,961.0
205,11,1,947.0,941.0
205,11,2,980.0,945.0
205,11,3,965.0,966.0
205,32,0,1174.0,919.0
205,32,1,1183.0,900.0
205,32,2,1219.0,900.0
205,32,3,1212.0,921.0
205,17,0,1004.0,937.0
205,17,1,1017.0,918.0
205,17,2,1051.0,920.0
205,17,3,1037.0,940.0
205,1,0,841.0,947.0
205,1,1,859.0,929.0
205,1,2,889.0,932.0
205,1,3,870.0,951.0
205,22,0,1073.0,912.0
205,22,1,1084.0,894.0
205,22,2,1117.0,895.0
205,22,3,1107.0,913.0
205,38,0,1238.0,891.0
205,38,1,1246.0,873.0
205,38,2,1279.0,875.0
205,38,3,1273.0,894.0
205,7,0,911.0,925.0
205,7,1,926.0,908.0
205,7,2,956.0,911.0
205,7,3,941.0,929.0
205,12,0,978.0,903.0
205,12,1,991.0,886.0
205,12,2,1022.0,889.0
205,12,3,1010.0,907.0
205,28,0,1138.0,887.0
205,28,1,1147.0,870.0
205,28,2,1179.0,872.0
205,28,3,1172.0,889.0
205,18,0,1044.0,882.0
205,18,1,1054.0,866.0
205,18,2,1085.0,868.0
205,18,3,1075.0,884.0
205,33,0,1199.0,864.0
205,33,1,1206.0,847.0
205,33,2,1237.0,848.0
205,33,3,1231.0,865.0
205,2,0,893.0,894.0
205,2,1,908.0,878.0
205,2,2,935.0,882.0
205,2,3,920.0,898.0
205,23,0,1105.0,860.0
205,23,1,1114.0,845.0
205,23,2,1144.0,845.0
205,23,3,1137.0,860.0
205,8,0,956.0,874.0
205,8,1,969.0,860.0
205,8,2,997.0,862.0
205,8,3,985.0,876.0
205,13,0,1018.0,854.0
205,13,1,1028.0,841.0
205,13,2,1056.0,842.0
205,13,3,1047.0,856.0
205,29,0,1164.0,837.0
205,29,1,1170.0,824.0
205,29,2,1200.0,825.0
205,29,3,1194.0,839.0
205,19,0,1076.0,835.0
205,19,1,1085.0,822.0
205,19,2,1114.0,822.0
205,19,3,1105.0,836.0
205,3,0,937.0,850.0
205,3,1,951.0,836.0
205,3,2,975.0,838.0
205,3,3,964.0,851.0
205,24,0,1132.0,815.0
205,24,1,1139.0,803.0
205,24,2,1167.0,803.0
205,24,3,1161.0,815.0
205,4,0,975.0,810.0
205,4,1,987.0,798.0
205,4,2,1010.0,799.0
205,4,3,1000.0,811.0
205,9,0,996.0,831.0
205,9,1,1006.0,819.0
205,9,2,1031.0,820.0
205,9,3,1021.0,833.0
205,14,0,1050.0,813.0
205,14,1,1060.0,801.0
205,14,2,1086.0,801.0
205,14,3,1077.0,814.0
205,34,0,1218.0,817.0
205,34,1,1224.0,803.0
205,34,2,1252.0,802.0
205,34,3,1247.0,817.0
205,39,0,1255.0,840.0
205,39,1,1260.0,824.0
205,39,2,1291.0,824.0
205,39,3,1287.0,840.0
206,16,0,1266.0,702.0
206,16,1,1252.0,664.0
206,16,2,1291.0,649.0
206,16,3,1305.0,688.0
206,21,0,1300.0,626.0
206,21,1,1286.0,587.0
206,21,2,1323.0,572.0
206,21,3,1338.0,612.0
206,11,0,1193.0,669.0
206,11,1,1178.0,630.0
206,11,2,1217.0,616.0
206,11,3,1231.0,654.0
206,17,0,1225.0,592.0
206,17,1,1211.0,553.0
206,17,2,1248.0,539.0
206,17,3,1264.0,577.0
206,10,0,1232.0,777.0
206,10,1,1218.0,739.0
206,10,2,1257.0,725.0
206,10,3,1270.0,764.0
206,26,0,1373.0,660.0
206,26,1,1360.0,621.0
206,26,2,1396.0,606.0
206,26,3,1411.0,645.0
206,36,0,1478.0,618.0
206,36,1,1464.0,579.0
206,36,2,1501.0,564.0
206,36,3,1515.0,603.0
206,30,0,1443.0,694.0
206,30,1,1431.0,655.0
206,30,2,1469.0,641.0
206,30,3,1481.0,680.0
206,12,0,1150.0,559.0
206,12,1,1135.0,521.0
206,12,2,1172.0,506.0
206,12,3,1188.0,543.0
206,31,0,1406.0,583.0
206,31,1,1392.0,544.0
206,31,2,1427.0,529.0
206,31,3,1443.0,569.0
206,20,0,1339.0,736.0
206,20,1,1326.0,698.0
206,20,2,1364.0,683.0
206,20,3,1377.0,721.0
206,27,0,1333.0,549.0
206,27,1,1318.0,510.0
206,27,2,1354.0,496.0
206,27,3,1370.0,534.0
206,6,0,1159.0,742.0
206,6,1,1145.0,704.0
206,6,2,1183.0,691.0
206,6,3,1197.0,729.0
206,7,0,1119.0,635.0
206,7,1,1104.0,597.0
206,7,2,1140.0,582.0
206,7,3,1156.0,620.0
206,22,0,1258.0,515.0
206,22,1,1242.0,477.0
206,22,2,1279.0,462.0
206,22,3,1294.0,500.0
206,15,0,1304.0,811.0
206,15,1,1291.0,773.0
206,15,2,1329.0,759.0
206,15,3,1341.0,797.0
206,18,0,1182.0,483.0
206,18,1,1166.0,445.0
206,18,2,1202.0,430.0
206,18,3,1218.0,467.0
206,37,0,1437.0,505.0
206,37,1,1422.0,467.0
206,37,2,1457.0,452.0
206,37,3,1473.0,491.0
206,1,0,1087.0,708.0
206,1,1,1072.0,671.0
206,1,2,1109.0,657.0
206,1,3,1124.0,695.0
206,25,0,1409.0,769.0
206,25,1,1397.0,731.0
206,25,2,1435.0,717.0
206,25,3,1446.0,754.0
206,32,0,1362.0,471.0
206,32,1,1347.0,433.0
206,32,2,1382.0,419.0
206,32,3,1398.0,457.0
206,8,0,1075.0,527.0
206,8,1,1061.0,490.0
206,8,2,1096.0,475.0
206,8,3,1112.0,512.0
206,2,0,1046.0,602.0
206,2,1,1031.0,565.0
206,2,2,1067.0,550.0
206,2,3,1082.0,587.0
206,0,0,1126.0,812.0
206,0,1,1112.0,776.0
206,0,2,1149.0,763.0
206,0,3,1164.0,800.0
206,5,0,1197.0,846.0
206,5,1,1183.0,810.0
206,5,2,1222.0,798.0
206,5,3,1235.0,834.0
206,28,0,1287.0,438.0
206,28,1,1271.0,402.0
206,28,2,1307.0,387.0
206,28,3,1323.0,424.0
206,23,0,1211.0,407.0
206,23,1,1195.0,371.0
206,23,2,1231.0,356.0
206,23,3,1247.0,392.0
206,35,0,1513.0,728.0
206,35,1,1500.0,690.0
206,35,2,1537.0,675.0
206,35,3,1547.0,713.0
206,13,0,1105.0,451.0
206,13,1,1091.0,416.0
206,13,2,1126.0,400.0
206,13,3,1142.0,436.0
206,38,0,1391.0,395.0
206,38,1,1375.0,358.0
206,38,2,1409.0,345.0
206,38,3,1425.0,381.0
206,3,0,1003.0,497.0
206,3,1,990.0,462.0
206,3,2,1024.0,446.0
206,3,3,1039.0,481.0
206,33,0,1316.0,364.0
206,33,1,1299.0,327.0
206,33,2,1333.0,314.0
206,33,3,1349.0,350.0
206,19,0,1135.0,374.0
206,19,1,1126.0,344.0
206,19,2,1154.0,330.0
206,19,3,1168.0,361.0
206,29,0,1239.0,332.0
206,29,1,1223.0,298.0
206,29,2,1256.0,284.0
206,29,3,1273.0,319.0
206,14,0,1061.0,350.0
206,14,1,1047.0,316.0
206,14,2,1080.0,301.0
206,14,3,1096.0,334.0
206,24,0,1163.0,304.0
206,24,1,1148.0,271.0
206,24,2,1181.0,257.0
206,24,3,1197.0,290.0
206,4,0,962.0,397.0
206,4,1,949.0,364.0
206,4,2,981.0,348.0
206,4,3,996.0,381.0
206,34,0,1265.0,261.0
206,34,1,1249.0,228.0
206,34,2,1280.0,215.0
206,34,3,1298.0,247.0
206,9,0,1032.0,423.0
206,9,1,1018.0,389.0
206,9,2,1052.0,373.0
206,9,3,1067.0,408.0
207,34,0,1025.0,276.0
207,34,1,1005.0,254.0
207,34,2,1031.0,238.0
207,34,3,1051.0,261.0
207,39,0,1092.0,283.0
207,39,1,1074.0,261.0
207,39,2,1101.0,245.0
207,39,3,1119.0,268.0
207,29,0,1018.0,328.0
207,29,1,999.0,308.0
207,29,2,1024.0,293.0
207,29,3,1043.0,314.0
207,38,0,1145.0,344.0
207,38,1,1129.0,323.0
207,38,2,1154.0,308.0
207,38,3,1171.0,329.0
207,33,0,1082.0,336.0
207,33,1,1065.0,316.0
207,33,2,1091.0,301.0
207,33,3,1108.0,321.0
207,24,0,954.0,320.0
207,24,1,935.0,300.0
207,24,2,957.0,285.0
207,24,3,978.0,306.0
207,19,0,951.0,370.0
207,19,1,932.0,351.0
207,19,2,955.0,337.0
207,19,3,973.0,356.0
207,23,0,1012.0,375.0
207,23,1,994.0,357.0
207,23,2,1017.0,344.0
207,23,3,1036.0,363.0
207,14,0,891.0,366.0
207,14,1,870.0,349.0
207,14,2,890.0,333.0
207,14,3,911.0,351.0
207,28,0,1073.0,383.0
207,28,1,1056.0,365.0
207,28,2,1080.0,352.0
207,28,3,1097.0,372.0
207,32,0,1133.0,392.0
207,32,1,1117.0,373.0
207,32,2,1142.0,360.0
207,32,3,1157.0,379.0
207,37,0,1191.0,398.0
207,37,1,1177.0,380.0
207,37,2,1202.0,368.0
207,37,3,1216.0,388.0
207,18,0,1007.0,421.0
207,18,1,989.0,404.0
207,18,2,1011.0,390.0
207,18,3,1028.0,408.0
207,13,0,949.0,416.0
207,13,1,930.0,399.0
207,13,2,951.0,386.0
207,13,3,969.0,404.0
207,22,0,1065.0,426.0
207,22,1,1048.0,409.0
207,22,2,1072.0,398.0
207,22,3,1087.0,415.0
207,9,0,891.0,410.0
207,9,1,871.0,394.0
207,9,2,890.0,381.0
207,9,3,910.0,397.0
207,12,0,1001.0,462.0
207,12,1,986.0,447.0
207,12,2,1006.0,435.0
207,12,3,1021.0,450.0
207,4,0,833.0,404.0
207,4,1,813.0,388.0
207,4,2,830.0,376.0
207,4,3,851.0,391.0
207,31,0,1177.0,442.0
207,31,1,1164.0,425.0
207,31,2,1187.0,414.0
207,31,3,1200.0,431.0
207,27,0,1121.0,433.0
207,27,1,1107.0,417.0
207,27,2,1129.0,406.0
207,27,3,1144.0,423.0
207,21,0,1112.0,473.0
207,21,1,1096.0,457.0
207,21,2,1119.0,446.0
207,21,3,1133.0,462.0
207,36,0,1231.0,449.0
207,36,1,1219.0,434.0
207,36,2,1243.0,422.0
207,36,3,1255.0,439.0
207,17,0,1056.0,467.0
207,17,1,1041.0,451.0
207,17,2,1063.0,440.0
207,17,3,1077.0,456.0
207,8,0,946.0,456.0
207,8,1,928.0,440.0
207,8,2,948.0,430.0
207,8,3,965.0,446.0
207,3,0,892.0,449.0
207,3,1,872.0,435.0
207,3,2,889.0,424.0
207,3,3,909.0,438.0
207,26,0,1164.0,479.0
207,26,1,1151.0,465.0
207,26,2,1174.0,455.0
207,26,3,1186.0,469.0
207,30,0,1216.0,486.0
207,30,1,1204.0,472.0
207,30,2,1227.0,463.0
207,30,3,1239.0,476.0
207,2,0,943.0,492.0
207,2,1,927.0,477.0
207,2,2,946.0,468.0
207,2,3,962.0,482.0
207,11,0,1048.0,503.0
207,11,1,1034.0,490.0
207,11,2,1055.0,480.0
207,11,3,1069.0,494.0
207,20,0,1152.0,515.0
207,20,1,1139.0,502.0
207,20,2,1161.0,492.0
207,20,3,1173.0,506.0
207,10,0,1091.0,544.0
207,10,1,1078.0,531.0
207,10,2,1098.0,522.0
207,10,3,1112.0,535.0
207,1,0,992.0,531.0
207,1,1,976.0,519.0
207,1,2,995.0,510.0
207,1,3,1010.0,523.0
207,25,0,1201.0,521.0
207,25,1,1191.0,508.0
207,25,2,1212.0,499.0
207,25,3,1223.0,512.0
207,6,0,1041.0,537.0
207,6,1,1028.0,525.0
207,6,2,1047.0,516.0
207,6,3,1060.0,529.0
207,5,0,1083.0,574.0
207,5,1,1070.0,563.0
207,5,2,1089.0,556.0
207,5,3,1101.0,568.0
207,0,0,1035.0,568.0
207,0,1,1022.0,556.0
207,0,2,1040.0,549.0
207,0,3,1054.0,561.0
207,7,0,996.0,498.0
207,7,1,980.0,484.0
207,7,2,999.0,474.0
207,7,3,1015.0,489.0
207,15,0,1141.0,550.0
207,15,1,1129.0,537.0
207,15,2,1149.0,528.0
207,15,3,1161.0,540.0
207,16,0,1100.0,509.0
207,16,1,1087.0,496.0
207,16,2,1108.0,486.0
207,16,3,1121.0,500.0
207,35,0,1266.0,493.0
207,35,1,1256.0,480.0
207,35,2,1278.0,471.0
207,35,3,1288.0,485.0
208,34,0,972.0,271.0
208,34,1,950.0,254.0
208,34,2,977.0,236.0
208,34,3,1000.0,252.0
208,39,0,1044.0,265.0
208,39,1,1024.0,248.0
208,39,2,1052.0,230.0
208,39,3,1072.0,245.0
208,24,0,903.0,325.0
208,24,1,878.0,313.0
208,24,2,899.0,294.0
208,24,3,925.0,307.0
208,33,0,1038.0,315.0
208,33,1,1018.0,301.0
208,33,2,1045.0,282.0
208,33,3,1064.0,297.0
208,29,0,970.0,319.0
208,29,1,950.0,305.0
208,29,2,974.0,288.0
208,29,3,995.0,303.0
208,14,0,841.0,380.0
208,14,1,815.0,370.0
208,14,2,835.0,351.0
208,14,3,860.0,362.0
208,19,0,904.0,371.0
208,19,1,882.0,360.0
208,19,2,902.0,340.0
208,19,3,926.0,352.0
208,38,0,1104.0,309.0
208,38,1,1086.0,294.0
208,38,2,1112.0,276.0
208,38,3,1129.0,291.0
208,23,0,970.0,361.0
208,23,1,948.0,350.0
208,23,2,971.0,334.0
208,23,3,992.0,346.0
208,28,0,1033.0,357.0
208,28,1,1014.0,346.0
208,28,2,1036.0,330.0
208,28,3,1056.0,342.0
208,18,0,967.0,403.0
208,18,1,947.0,392.0
208,18,2,968.0,375.0
208,18,3,988.0,386.0
208,13,0,906.0,411.0
208,13,1,885.0,401.0
208,13,2,905.0,385.0
208,13,3,927.0,395.0
208,32,0,1094.0,353.0
208,32,1,1078.0,340.0
208,32,2,1102.0,324.0
208,32,3,1118.0,337.0
208,9,0,845.0,418.0
208,9,1,822.0,408.0
208,9,2,842.0,393.0
208,9,3,864.0,402.0
208,4,0,783.0,424.0
208,4,1,760.0,415.0
208,4,2,776.0,401.0
208,4,3,801.0,410.0
208,37,0,1154.0,347.0
208,37,1,1139.0,336.0
208,37,2,1164.0,320.0
208,37,3,1177.0,335.0
208,22,0,1028.0,394.0
208,22,1,1009.0,385.0
208,22,2,1030.0,370.0
208,22,3,1048.0,380.0
208,8,0,909.0,444.0
208,8,1,887.0,436.0
208,8,2,906.0,423.0
208,8,3,927.0,432.0
208,12,0,967.0,438.0
208,12,1,948.0,429.0
208,12,2,966.0,415.0
208,12,3,984.0,424.0
208,3,0,851.0,450.0
208,3,1,829.0,442.0
208,3,2,846.0,429.0
208,3,3,867.0,438.0
208,17,0,1022.0,431.0
208,17,1,1005.0,422.0
208,17,2,1024.0,408.0
208,17,3,1042.0,417.0
208,31,0,1143.0,386.0
208,31,1,1128.0,377.0
208,31,2,1149.0,362.0
208,31,3,1164.0,372.0
208,2,0,909.0,475.0
208,2,1,890.0,467.0
208,2,2,907.0,454.0
208,2,3,927.0,462.0
208,21,0,1078.0,424.0
208,21,1,1062.0,415.0
208,21,2,1081.0,402.0
208,21,3,1098.0,410.0
208,11,0,1018.0,462.0
208,11,1,1001.0,455.0
208,11,2,1020.0,443.0
208,11,3,1037.0,450.0
208,26,0,1133.0,418.0
208,26,1,1117.0,410.0
208,26,2,1137.0,398.0
208,26,3,1152.0,406.0
208,16,0,1071.0,456.0
208,16,1,1055.0,448.0
208,16,2,1074.0,436.0
208,16,3,1089.0,444.0
208,30,0,1184.0,414.0
208,30,1,1171.0,406.0
208,30,2,1192.0,394.0
208,30,3,1203.0,402.0
208,1,0,962.0,496.0
208,1,1,946.0,489.0
208,1,2,962.0,479.0
208,1,3,979.0,486.0
208,25,0,1171.0,446.0
208,25,1,1159.0,438.0
208,25,2,1178.0,426.0
208,25,3,1190.0,434.0
208,6,0,1014.0,491.0
208,6,1,998.0,484.0
208,6,2,1015.0,473.0
208,6,3,1031.0,480.0
208,7,0,965.0,468.0
208,7,1,945.0,460.0
208,7,2,964.0,449.0
208,7,3,983.0,456.0
208,10,0,1065.0,486.0
208,10,1,1050.0,479.0
208,10,2,1066.0,468.0
208,10,3,1081.0,475.0
208,20,0,1121.0,451.0
208,20,1,1108.0,443.0
208,20,2,1126.0,431.0
208,20,3,1140.0,438.0
208,27,0,1087.0,389.0
208,27,1,1070.0,381.0
208,27,2,1091.0,367.0
208,27,3,1108.0,377.0
208,36,0,1196.0,383.0
208,36,1,1183.0,372.0
208,36,2,1206.0,359.0
208,36,3,1219.0,370.0
209,25,0,1204.0,929.0
209,25,1,1207.0,904.0
209,25,2,1247.0,909.0
209,25,3,1245.0,935.0
209,15,0,1086.0,910.0
209,15,1,1092.0,886.0
209,15,2,1132.0,894.0
209,15,3,1126.0,918.0
209,5,0,970.0,883.0
209,5,1,981.0,860.0
209,5,2,1019.0,868.0
209,5,3,1009.0,891.0
209,20,0,1152.0,885.0
209,20,1,1156.0,863.0
209,20,2,1194.0,867.0
209,20,3,1191.0,890.0
209,10,0,1041.0,862.0
209,10,1,1049.0,842.0
209,10,2,1086.0,850.0
209,10,3,1079.0,871.0
209,30,0,1265.0,900.0
209,30,1,1265.0,879.0
209,30,2,1302.0,883.0
209,30,3,1304.0,904.0
209,0,0,934.0,838.0
209,0,1,945.0,820.0
209,0,2,980.0,827.0
209,0,3,970.0,847.0
209,16,0,1107.0,844.0
209,16,1,1111.0,824.0
209,16,2,1147.0,830.0
209,16,3,1142.0,850.0
209,36,0,1319.0,874.0
209,36,1,1317.0,854.0
209,36,2,1352.0,857.0
209,36,3,1355.0,878.0
209,26,0,1214.0,860.0
209,26,1,1215.0,840.0
209,26,2,1250.0,846.0
209,26,3,1249.0,866.0
209,6,0,1002.0,820.0
209,6,1,1011.0,804.0
209,6,2,1045.0,811.0
209,6,3,1036.0,829.0
209,21,0,1165.0,823.0
209,21,1,1168.0,805.0
209,21,2,1202.0,809.0
209,21,3,1200.0,827.0
209,11,0,1065.0,805.0
209,11,1,1071.0,788.0
209,11,2,1103.0,794.0
209,11,3,1099.0,812.0
209,1,0,967.0,787.0
209,1,1,976.0,772.0
209,1,2,1008.0,776.0
209,1,3,1000.0,792.0
209,27,0,1219.0,803.0
209,27,1,1220.0,787.0
209,27,2,1252.0,792.0
209,27,3,1251.0,808.0
209,17,0,1122.0,789.0
209,17,1,1126.0,774.0
209,17,2,1157.0,778.0
209,17,3,1155.0,793.0
209,37,0,1314.0,819.0
209,37,1,1313.0,803.0
209,37,2,1344.0,805.0
209,37,3,1347.0,819.0
209,22,0,1175.0,772.0
209,22,1,1177.0,759.0
209,22,2,1208.0,761.0
209,22,3,1207.0,776.0
209,32,0,1267.0,787.0
209,32,1,1267.0,772.0
209,32,2,1297.0,776.0
209,32,3,1297.0,791.0
209,2,0,994.0,741.0
209,2,1,1002.0,728.0
209,2,2,1031.0,732.0
209,2,3,1024.0,746.0
209,3,0,1017.0,703.0
209,3,1,1024.0,692.0
209,3,2,1050.0,695.0
209,3,3,1045.0,706.0
209,7,0,1027.0,770.0
209,7,1,1035.0,756.0
209,7,2,1066.0,761.0
209,7,3,1060.0,776.0
209,12,0,1085.0,756.0
209,12,1,1088.0,743.0
209,12,2,1119.0,748.0
209,12,3,1115.0,762.0
209,13,0,1100.0,713.0
209,13,1,1104.0,705.0
209,13,2,1131.0,710.0
209,13,3,1127.0,721.0
209,18,0,1136.0,743.0
209,18,1,1138.0,731.0
209,18,2,1168.0,736.0
209,18,3,1165.0,748.0
209,31,0,1266.0,839.0
209,31,1,1266.0,821.0
209,31,2,1299.0,826.0
209,31,3,1301.0,842.0
209,33,0,1267.0,742.0
209,33,1,1267.0,730.0
209,33,2,1294.0,734.0
209,33,3,1295.0,747.0
209,35,0,1323.0,946.0
209,35,1,1321.0,920.0
209,35,2,1359.0,924.0
209,35,3,1362.0,952.0
210,34,0,1022.0,278.0
210,34,1,1001.0,258.0
210,34,2,1028.0,240.0
210,34,3,1050.0,259.0
210,39,0,1091.0,275.0
210,39,1,1073.0,257.0
210,39,2,1102.0,239.0
210,39,3,1119.0,258.0
210,24,0,946.0,329.0
210,24,1,925.0,312.0
210,24,2,951.0,296.0
210,24,3,972.0,312.0
210,29,0,1013.0,327.0
210,29,1,995.0,311.0
210,29,2,1021.0,294.0
210,29,3,1041.0,311.0
210,33,0,1081.0,327.0
210,33,1,1063.0,311.0
210,33,2,1090.0,293.0
210,33,3,1107.0,309.0
210,14,0,880.0,383.0
210,14,1,857.0,370.0
210,14,2,878.0,352.0
210,14,3,902.0,366.0
210,19,0,943.0,377.0
210,19,1,923.0,364.0
210,19,2,947.0,345.0
210,19,3,967.0,360.0
210,38,0,1144.0,325.0
210,38,1,1128.0,308.0
210,38,2,1154.0,291.0
210,38,3,1170.0,307.0
210,23,0,1007.0,372.0
210,23,1,989.0,357.0
210,23,2,1014.0,343.0
210,23,3,1032.0,358.0
210,32,0,1131.0,370.0
210,32,1,1115.0,356.0
210,32,2,1141.0,340.0
210,32,3,1155.0,354.0
210,13,0,943.0,419.0
210,13,1,922.0,407.0
210,13,2,944.0,392.0
210,13,3,964.0,404.0
210,4,0,818.0,427.0
210,4,1,796.0,415.0
210,4,2,815.0,401.0
210,4,3,838.0,413.0
210,18,0,1002.0,415.0
210,18,1,984.0,402.0
210,18,2,1006.0,386.0
210,18,3,1024.0,399.0
210,28,0,1070.0,370.0
210,28,1,1055.0,356.0
210,28,2,1079.0,343.0
210,28,3,1094.0,357.0
210,22,0,1061.0,410.0
210,22,1,1044.0,398.0
210,22,2,1067.0,384.0
210,22,3,1085.0,396.0
210,37,0,1188.0,367.0
210,37,1,1175.0,353.0
210,37,2,1199.0,339.0
210,37,3,1213.0,354.0
210,3,0,882.0,458.0
210,3,1,860.0,448.0
210,3,2,879.0,436.0
210,3,3,901.0,446.0
210,8,0,940.0,456.0
210,8,1,921.0,446.0
210,8,2,941.0,432.0
210,8,3,960.0,443.0
210,27,0,1119.0,408.0
210,27,1,1104.0,397.0
210,27,2,1126.0,384.0
210,27,3,1141.0,395.0
210,17,0,1053.0,448.0
210,17,1,1037.0,438.0
210,17,2,1057.0,424.0
210,17,3,1074.0,434.0
210,2,0,938.0,488.0
210,2,1,919.0,479.0
210,2,2,938.0,466.0
210,2,3,957.0,476.0
210,21,0,1108.0,444.0
210,21,1,1093.0,434.0
210,21,2,1115.0,420.0
210,21,3,1129.0,431.0
210,7,0,992.0,485.0
210,7,1,975.0,476.0
210,7,2,994.0,464.0
210,7,3,1011.0,473.0
210,26,0,1160.0,441.0
210,26,1,1147.0,432.0
210,26,2,1169.0,419.0
210,26,3,1181.0,429.0
210,1,0,987.0,514.0
210,1,1,971.0,506.0
210,1,2,990.0,496.0
210,1,3,1005.0,504.0
210,10,0,1089.0,509.0
210,10,1,1075.0,501.0
210,10,2,1092.0,490.0
210,10,3,1106.0,498.0
210,0,0,1032.0,539.0
210,0,1,1018.0,532.0
210,0,2,1034.0,523.0
210,0,3,1049.0,530.0
210,6,0,1038.0,512.0
210,6,1,1023.0,504.0
210,6,2,1043.0,492.0
210,6,3,1056.0,501.0
210,9,0,882.0,423.0
210,9,1,859.0,412.0
210,9,2,879.0,397.0
210,9,3,901.0,408.0
210,11,0,1046.0,481.0
210,11,1,1030.0,473.0
210,11,2,1050.0,460.0
210,11,3,1065.0,469.0
210,12,0,997.0,453.0
210,12,1,979.0,442.0
210,12,2,1000.0,428.0
210,12,3,1018.0,439.0
210,20,0,1148.0,475.0
210,20,1,1136.0,467.0
210,20,2,1155.0,454.0
210,20,3,1167.0,463.0
210,31,0,1172.0,407.0
210,31,1,1161.0,396.0
210,31,2,1184.0,382.0
210,31,3,1196.0,395.0
210,35,0,1259.0,438.0
210,35,1,1249.0,430.0
210,35,2,1270.0,419.0
210,35,3,1279.0,428.0
210,36,0,1226.0,407.0
210,36,1,1215.0,394.0
210,36,2,1237.0,382.0
210,36,3,1249.0,394.0
211,39,0,1059.0,391.0
211,39,1,1032.0,370.0
211,39,2,1053.0,345.0
211,39,3,1080.0,366.0
211,34,0,990.0,397.0
211,34,1,964.0,376.0
211,34,2,985.0,350.0
211,34,3,1011.0,371.0
211,33,0,1064.0,456.0
211,33,1,1038.0,436.0
211,33,2,1060.0,411.0
211,33,3,1084.0,431.0
211,29,0,997.0,460.0
211,29,1,971.0,440.0
211,29,2,992.0,416.0
211,29,3,1018.0,437.0
211,38,0,1129.0,451.0
211,38,1,1105.0,431.0
211,38,2,1126.0,406.0
211,38,3,1150.0,426.0
211,24,0,932.0,465.0
211,24,1,906.0,447.0
211,24,2,925.0,422.0
211,24,3,951.0,441.0
211,19,0,940.0,527.0
211,19,1,914.0,509.0
211,19,2,933.0,485.0
211,19,3,959.0,504.0
211,23,0,1004.0,521.0
211,23,1,979.0,503.0
211,23,2,998.0,479.0
211,23,3,1024.0,499.0
211,37,0,1194.0,509.0
211,37,1,1172.0,489.0
211,37,2,1194.0,466.0
211,37,3,1216.0,488.0
211,14,0,875.0,534.0
211,14,1,850.0,515.0
211,14,2,868.0,492.0
211,14,3,894.0,510.0
211,28,0,1068.0,517.0
211,28,1,1043.0,498.0
211,28,2,1063.0,476.0
211,28,3,1088.0,494.0
211,32,0,1132.0,513.0
211,32,1,1108.0,494.0
211,32,2,1129.0,471.0
211,32,3,1152.0,490.0
211,9,0,884.0,591.0
211,9,1,860.0,573.0
211,9,2,878.0,550.0
211,9,3,903.0,569.0
211,18,0,1008.0,581.0
211,18,1,985.0,563.0
211,18,2,1004.0,540.0
211,18,3,1028.0,558.0
211,13,0,947.0,586.0
211,13,1,922.0,568.0
211,13,2,941.0,546.0
211,13,3,965.0,563.0
211,22,0,1071.0,575.0
211,22,1,1048.0,557.0
211,22,2,1068.0,536.0
211,22,3,1092.0,554.0
211,27,0,1134.0,571.0
211,27,1,1111.0,554.0
211,27,2,1132.0,532.0
211,27,3,1155.0,551.0
211,31,0,1195.0,568.0
211,31,1,1174.0,551.0
211,31,2,1194.0,527.0
211,31,3,1215.0,546.0
211,12,0,1013.0,637.0
211,12,1,991.0,620.0
211,12,2,1010.0,598.0
211,12,3,1033.0,615.0
211,36,0,1254.0,564.0
211,36,1,1235.0,544.0
211,36,2,1257.0,524.0
211,36,3,1276.0,543.0
211,17,0,1075.0,631.0
211,17,1,1052.0,615.0
211,17,2,1072.0,593.0
211,17,3,1094.0,610.0
211,8,0,953.0,640.0
211,8,1,929.0,623.0
211,8,2,948.0,603.0
211,8,3,972.0,621.0
211,21,0,1135.0,627.0
211,21,1,1113.0,610.0
211,21,2,1133.0,589.0
211,21,3,1155.0,606.0
211,4,0,825.0,594.0
211,4,1,801.0,576.0
211,4,2,817.0,556.0
211,4,3,842.0,573.0
211,26,0,1193.0,622.0
211,26,1,1173.0,606.0
211,26,2,1194.0,585.0
211,26,3,1215.0,602.0
211,3,0,895.0,643.0
211,3,1,870.0,626.0
211,3,2,887.0,607.0
211,3,3,911.0,624.0
211,11,0,1077.0,684.0
211,11,1,1055.0,668.0
211,11,2,1075.0,648.0
211,11,3,1096.0,664.0
211,2,0,959.0,691.0
211,2,1,937.0,675.0
211,2,2,955.0,656.0
211,2,3,978.0,672.0
211,30,0,1251.0,618.0
211,30,1,1233.0,601.0
211,30,2,1255.0,582.0
211,30,3,1273.0,599.0
211,20,0,1192.0,675.0
211,20,1,1173.0,659.0
211,20,2,1194.0,639.0
211,20,3,1213.0,656.0
211,7,0,1019.0,687.0
211,7,1,996.0,672.0
211,7,2,1014.0,653.0
211,7,3,1037.0,669.0
211,16,0,1136.0,679.0
211,16,1,1115.0,664.0
211,16,2,1134.0,644.0
211,16,3,1155.0,660.0
211,6,0,1079.0,733.0
211,6,1,1058.0,718.0
211,6,2,1077.0,700.0
211,6,3,1098.0,715.0
211,25,0,1249.0,670.0
211,25,1,1231.0,654.0
211,25,2,1251.0,635.0
211,25,3,1269.0,651.0
211,10,0,1136.0,729.0
211,10,1,1116.0,715.0
211,10,2,1135.0,696.0
211,10,3,1155.0,711.0
211,1,0,1022.0,735.0
211,1,1,1001.0,720.0
211,1,2,1020.0,703.0
211,1,3,1040.0,718.0
211,15,0,1191.0,725.0
211,15,1,1173.0,710.0
211,15,2,1193.0,692.0
211,15,3,1211.0,707.0
211,5,0,1136.0,774.0
211,5,1,1116.0,761.0
211,5,2,1135.0,744.0
211,5,3,1154.0,758.0
211,0,0,1080.0,777.0
211,0,1,1061.0,763.0
211,0,2,1080.0,747.0
211,0,3,1099.0,762.0
211,35,0,1307.0,614.0
211,35,1,1291.0,597.0
211,35,2,1313.0,579.0
211,35,3,1328.0,597.0
212,35,0,1379.0,1073.0
212,35,1,1373.0,1040.0
212,35,2,1414.0,1032.0
212,35,3,1421.0,1066.0
212,25,0,1256.0,1094.0
212,25,1,1255.0,1061.0
212,25,2,1296.0,1054.0
212,25,3,1298.0,1087.0
212,15,0,1135.0,1109.0
212,15,1,1138.0,1077.0
212,15,2,1178.0,1073.0
212,15,3,1177.0,1106.0
212,5,0,1018.0,1114.0
212,5,1,1025.0,1083.0
212,5,2,1063.0,1081.0
212,5,3,1058.0,1112.0
212,20,0,1196.0,1056.0
212,20,1,1197.0,1026.0
212,20,2,1236.0,1020.0
212,20,3,1236.0,1050.0
212,30,0,1312.0,1037.0
212,30,1,1309.0,1008.0
212,30,2,1348.0,1000.0
212,30,3,1352.0,1030.0
212,10,0,1082.0,1066.0
212,10,1,1087.0,1038.0
212,10,2,1125.0,1036.0
212,10,3,1122.0,1065.0
212,36,0,1363.0,983.0
212,36,1,1357.0,956.0
212,36,2,1394.0,948.0
212,36,3,1401.0,974.0
212,26,0,1252.0,1004.0
212,26,1,1250.0,977.0
212,26,2,1288.0,972.0
212,26,3,1289.0,999.0
212,16,0,1142.0,1020.0
212,16,1,1145.0,993.0
212,16,2,1181.0,989.0
212,16,3,1180.0,1016.0
212,6,0,1036.0,1029.0
212,6,1,1042.0,1003.0
212,6,2,1077.0,1000.0
212,6,3,1072.0,1027.0
212,21,0,1197.0,974.0
212,21,1,1197.0,949.0
212,21,2,1232.0,943.0
212,21,3,1234.0,967.0
212,31,0,1302.0,956.0
212,31,1,1299.0,932.0
212,31,2,1334.0,925.0
212,31,3,1338.0,949.0
212,11,0,1094.0,987.0
212,11,1,1097.0,962.0
212,11,2,1132.0,959.0
212,11,3,1130.0,983.0
212,27,0,1247.0,929.0
212,27,1,1245.0,906.0
212,27,2,1279.0,901.0
212,27,3,1281.0,924.0
212,1,0,996.0,996.0
212,1,1,1002.0,973.0
212,1,2,1034.0,969.0
212,1,3,1029.0,993.0
212,17,0,1148.0,945.0
212,17,1,1149.0,923.0
212,17,2,1182.0,917.0
212,17,3,1182.0,940.0
212,37,0,1348.0,911.0
212,37,1,1343.0,890.0
212,37,2,1376.0,881.0
212,37,3,1382.0,900.0
212,7,0,1051.0,956.0
212,7,1,1055.0,934.0
212,7,2,1087.0,930.0
212,7,3,1083.0,953.0
212,32,0,1293.0,888.0
212,32,1,1290.0,867.0
212,32,2,1321.0,860.0
212,32,3,1325.0,882.0
212,22,0,1197.0,904.0
212,22,1,1198.0,883.0
212,22,2,1229.0,878.0
212,22,3,1230.0,898.0
212,12,0,1103.0,916.0
212,12,1,1106.0,896.0
212,12,2,1136.0,893.0
212,12,3,1134.0,914.0
212,2,0,1012.0,929.0
212,2,1,1017.0,908.0
212,2,2,1047.0,905.0
212,2,3,1043.0,925.0
212,28,0,1242.0,865.0
212,28,1,1241.0,846.0
212,28,2,1271.0,841.0
212,28,3,1273.0,860.0
212,18,0,1151.0,881.0
212,18,1,1152.0,862.0
212,18,2,1182.0,857.0
212,18,3,1182.0,876.0
212,38,0,1334.0,847.0
212,38,1,1330.0,829.0
212,38,2,1360.0,824.0
212,38,3,1365.0,842.0
212,33,0,1283.0,828.0
212,33,1,1281.0,810.0
212,33,2,1310.0,805.0
212,33,3,1314.0,823.0
212,23,0,1196.0,845.0
212,23,1,1196.0,828.0
212,23,2,1225.0,822.0
212,23,3,1226.0,839.0
212,13,0,1109.0,858.0
212,13,1,1112.0,841.0
212,13,2,1140.0,837.0
212,13,3,1139.0,854.0
212,29,0,1237.0,810.0
212,29,1,1236.0,794.0
212,29,2,1263.0,789.0
212,29,3,1266.0,805.0
212,24,0,1195.0,794.0
212,24,1,1194.0,780.0
212,24,2,1221.0,775.0
212,24,3,1221.0,789.0
212,4,0,1038.0,821.0
212,4,1,1041.0,806.0
212,4,2,1066.0,801.0
212,4,3,1063.0,816.0
212,3,0,1026.0,871.0
212,3,1,1030.0,854.0
212,3,2,1057.0,849.0
212,3,3,1054.0,866.0
212,8,0,1062.0,892.0
212,8,1,1066.0,873.0
212,8,2,1095.0,870.0
212,8,3,1092.0,888.0
212,9,0,1072.0,837.0
212,9,1,1074.0,822.0
212,9,2,1101.0,818.0
212,9,3,1099.0,834.0
212,14,0,1115.0,807.0
212,14,1,1116.0,792.0
212,14,2,1143.0,789.0
212,14,3,1142.0,803.0
212,19,0,1154.0,826.0
212,19,1,1155.0,810.0
212,19,2,1182.0,805.0
212,19,3,1181.0,822.0
212,34,0,1275.0,778.0
212,34,1,1272.0,763.0
212,34,2,1299.0,758.0
212,34,3,1302.0,771.0
212,39,0,1321.0,792.0
212,39,1,1317.0,776.0
212,39,2,1345.0,771.0
212,39,3,1349.0,787.0
213,35,0,1453.0,1049.0
213,35,1,1452.0,1016.0
213,35,2,1497.0,1015.0
213,35,3,1500.0,1049.0
213,25,0,1316.0,1050.0
213,25,1,1320.0,1018.0
213,25,2,1366.0,1018.0
213,25,3,1364.0,1048.0
213,15,0,1183.0,1048.0
213,15,1,1191.0,1019.0
213,15,2,1235.0,1019.0
213,15,3,1228.0,1050.0
213,5,0,1056.0,1032.0
213,5,1,1070.0,1005.0
213,5,2,1112.0,1010.0
213,5,3,1099.0,1037.0
213,20,0,1258.0,1006.0
213,20,1,1265.0,978.0
213,20,2,1307.0,978.0
213,20,3,1302.0,1005.0
213,30,0,1386.0,1003.0
213,30,1,1388.0,977.0
213,30,2,1430.0,975.0
213,30,3,1431.0,1002.0
213,10,0,1135.0,998.0
213,10,1,1146.0,974.0
213,10,2,1186.0,977.0
213,10,3,1177.0,1004.0
213,16,0,1208.0,966.0
213,16,1,1215.0,942.0
213,16,2,1255.0,942.0
213,16,3,1249.0,966.0
213,26,0,1328.0,965.0
213,26,1,1330.0,941.0
213,26,2,1370.0,941.0
213,26,3,1370.0,963.0
213,6,0,1095.0,959.0
213,6,1,1106.0,936.0
213,6,2,1143.0,939.0
213,6,3,1132.0,961.0
213,31,0,1388.0,929.0
213,31,1,1389.0,908.0
213,31,2,1427.0,906.0
213,31,3,1428.0,927.0
213,21,0,1275.0,930.0
213,21,1,1280.0,908.0
213,21,2,1317.0,908.0
213,21,3,1314.0,929.0
213,11,0,1164.0,928.0
213,11,1,1172.0,908.0
213,11,2,1209.0,910.0
213,11,3,1202.0,930.0
213,1,0,1059.0,924.0
213,1,1,1071.0,904.0
213,1,2,1105.0,905.0
213,1,3,1095.0,925.0
213,17,0,1228.0,899.0
213,17,1,1233.0,880.0
213,17,2,1269.0,880.0
213,17,3,1264.0,899.0
213,27,0,1336.0,897.0
213,27,1,1337.0,878.0
213,27,2,1372.0,878.0
213,27,3,1372.0,897.0
213,7,0,1125.0,896.0
213,7,1,1135.0,878.0
213,7,2,1167.0,879.0
213,7,3,1160.0,898.0
213,32,0,1389.0,868.0
213,32,1,1389.0,850.0
213,32,2,1423.0,848.0
213,32,3,1424.0,867.0
213,22,0,1287.0,870.0
213,22,1,1290.0,852.0
213,22,2,1324.0,850.0
213,22,3,1322.0,868.0
213,12,0,1187.0,868.0
213,12,1,1193.0,852.0
213,12,2,1226.0,853.0
213,12,3,1221.0,870.0
213,2,0,1091.0,868.0
213,2,1,1101.0,852.0
213,2,2,1131.0,852.0
213,2,3,1124.0,869.0
213,18,0,1245.0,844.0
213,18,1,1248.0,828.0
213,18,2,1279.0,829.0
213,18,3,1276.0,844.0
213,8,0,1149.0,844.0
213,8,1,1157.0,829.0
213,8,2,1187.0,828.0
213,8,3,1181.0,843.0
213,33,0,1388.0,816.0
213,33,1,1389.0,801.0
213,33,2,1419.0,801.0
213,33,3,1420.0,815.0
213,23,0,1296.0,819.0
213,23,1,1298.0,805.0
213,23,2,1329.0,803.0
213,23,3,1327.0,817.0
213,13,0,1205.0,821.0
213,13,1,1210.0,807.0
213,13,2,1239.0,806.0
213,13,3,1236.0,820.0
213,39,0,1432.0,791.0
213,39,1,1431.0,777.0
213,39,2,1460.0,776.0
213,39,3,1463.0,790.0
213,24,0,1302.0,777.0
213,24,1,1304.0,765.0
213,24,2,1332.0,764.0
213,24,3,1332.0,775.0
213,4,0,1138.0,781.0
213,4,1,1146.0,769.0
213,4,2,1171.0,769.0
213,4,3,1166.0,781.0
213,9,0,1169.0,800.0
213,9,1,1175.0,788.0
213,9,2,1204.0,787.0
213,9,3,1199.0,800.0
213,14,0,1219.0,780.0
213,14,1,1224.0,767.0
213,14,2,1250.0,767.0
213,14,3,1248.0,779.0
213,19,0,1255.0,799.0
213,19,1,1259.0,786.0
213,19,2,1288.0,784.0
213,19,3,1285.0,798.0
213,28,0,1340.0,841.0
213,28,1,1341.0,826.0
213,28,2,1374.0,826.0
213,28,3,1373.0,841.0
213,29,0,1343.0,794.0
213,29,1,1344.0,782.0
213,29,2,1374.0,781.0
213,29,3,1372.0,795.0
213,36,0,1449.0,960.0
213,36,1,1447.0,936.0
213,36,2,1488.0,934.0
213,36,3,1490.0,958.0
213,37,0,1443.0,894.0
213,37,1,1441.0,876.0
213,37,2,1477.0,872.0
213,37,3,1480.0,889.0
213,38,0,1437.0,838.0
213,38,1,1436.0,822.0
213,38,2,1468.0,821.0
213,38,3,1471.0,838.0
214,25,0,1217.0,947.0
214,25,1,1219.0,922.0
214,25,2,1259.0,926.0
214,25,3,1258.0,951.0
214,15,0,1098.0,932.0
214,15,1,1103.0,908.0
214,15,2,1143.0,914.0
214,15,3,1138.0,938.0
214,5,0,981.0,908.0
214,5,1,991.0,885.0
214,5,2,1029.0,892.0
214,5,3,1020.0,915.0
214,30,0,1277.0,915.0
214,30,1,1277.0,894.0
214,30,2,1314.0,896.0
214,30,3,1316.0,919.0
214,10,0,1052.0,885.0
214,10,1,1059.0,864.0
214,10,2,1096.0,871.0
214,10,3,1090.0,892.0
214,36,0,1331.0,886.0
214,36,1,1328.0,867.0
214,36,2,1364.0,868.0
214,36,3,1367.0,888.0
214,31,0,1277.0,853.0
214,31,1,1276.0,835.0
214,31,2,1309.0,838.0
214,31,3,1311.0,855.0
214,1,0,975.0,810.0
214,1,1,984.0,794.0
214,1,2,1015.0,798.0
214,1,3,1008.0,814.0
214,17,0,1131.0,807.0
214,17,1,1134.0,791.0
214,17,2,1165.0,794.0
214,17,3,1163.0,810.0
214,37,0,1325.0,830.0
214,37,1,1322.0,814.0
214,37,2,1352.0,815.0
214,37,3,1357.0,830.0
214,32,0,1276.0,799.0
214,32,1,1275.0,784.0
214,32,2,1304.0,787.0
214,32,3,1306.0,803.0
214,0,0,943.0,864.0
214,0,1,954.0,845.0
214,0,2,989.0,851.0
214,0,3,979.0,871.0
214,6,0,1011.0,843.0
214,6,1,1019.0,826.0
214,6,2,1053.0,832.0
214,6,3,1046.0,850.0
214,7,0,1035.0,790.0
214,7,1,1042.0,776.0
214,7,2,1073.0,780.0
214,7,3,1067.0,795.0
214,11,0,1074.0,825.0
214,11,1,1079.0,808.0
214,11,2,1112.0,813.0
214,11,3,1108.0,830.0
214,13,0,1107.0,732.0
214,13,1,1109.0,721.0
214,13,2,1137.0,724.0
214,13,3,1134.0,735.0
214,16,0,1116.0,863.0
214,16,1,1120.0,845.0
214,16,2,1156.0,848.0
214,16,3,1153.0,867.0
214,20,0,1163.0,904.0
214,20,1,1167.0,882.0
214,20,2,1205.0,885.0
214,20,3,1203.0,907.0
214,21,0,1175.0,840.0
214,21,1,1177.0,822.0
214,21,2,1212.0,826.0
214,21,3,1210.0,843.0
214,22,0,1183.0,788.0
214,22,1,1185.0,774.0
214,22,2,1216.0,776.0
214,22,3,1215.0,790.0
214,23,0,1190.0,744.0
214,23,1,1191.0,733.0
214,23,2,1219.0,734.0
214,23,3,1218.0,746.0
214,26,0,1224.0,876.0
214,26,1,1225.0,856.0
214,26,2,1260.0,861.0
214,26,3,1260.0,881.0
214,28,0,1233.0,770.0
214,28,1,1232.0,756.0
214,28,2,1260.0,759.0
214,28,3,1261.0,773.0
214,33,0,1274.0,753.0
214,33,1,1274.0,740.0
214,33,2,1301.0,744.0
214,33,3,1302.0,757.0
214,35,0,1336.0,960.0
214,35,1,1334.0,934.0
214,35,2,1373.0,937.0
214,35,3,1375.0,966.0
214,38,0,1319.0,780.0
214,38,1,1317.0,766.0
214,38,2,1345.0,770.0
214,38,3,1348.0,784.0
215,39,0,1091.0,286.0
215,39,1,1073.0,264.0
215,39,2,1100.0,248.0
215,39,3,1118.0,271.0
215,34,0,1025.0,276.0
215,34,1,1007.0,252.0
215,34,2,1032.0,238.0
215,34,3,1051.0,262.0
215,33,0,1080.0,339.0
215,33,1,1063.0,317.0
215,33,2,1088.0,303.0
215,33,3,1105.0,324.0
215,29,0,1016.0,327.0
215,29,1,999.0,306.0
215,29,2,1024.0,293.0
215,29,3,1042.0,314.0
215,38,0,1141.0,348.0
215,38,1,1125.0,328.0
215,38,2,1151.0,313.0
215,38,3,1167.0,334.0
215,24,0,954.0,317.0
215,24,1,936.0,296.0
215,24,2,959.0,283.0
215,24,3,978.0,304.0
215,19,0,949.0,367.0
215,19,1,931.0,348.0
215,19,2,954.0,334.0
215,19,3,972.0,353.0
215,32,0,1127.0,396.0
215,32,1,1112.0,376.0
215,32,2,1137.0,364.0
215,32,3,1152.0,383.0
215,23,0,1009.0,375.0
215,23,1,992.0,356.0
215,23,2,1016.0,344.0
215,23,3,1032.0,364.0
215,14,0,889.0,360.0
215,14,1,871.0,341.0
215,14,2,892.0,328.0
215,14,3,911.0,347.0
215,28,0,1069.0,385.0
215,28,1,1053.0,366.0
215,28,2,1078.0,355.0
215,28,3,1093.0,374.0
215,37,0,1185.0,405.0
215,37,1,1171.0,386.0
215,37,2,1197.0,375.0
215,37,3,1210.0,395.0
215,13,0,945.0,413.0
215,13,1,927.0,396.0
215,13,2,948.0,382.0
215,13,3,967.0,400.0
215,18,0,1002.0,420.0
215,18,1,986.0,402.0
215,18,2,1008.0,390.0
215,18,3,1024.0,408.0
215,22,0,1059.0,427.0
215,22,1,1043.0,410.0
215,22,2,1067.0,400.0
215,22,3,1082.0,417.0
215,9,0,888.0,405.0
215,9,1,870.0,387.0
215,9,2,890.0,376.0
215,9,3,908.0,393.0
215,12,0,995.0,461.0
215,12,1,979.0,446.0
215,12,2,1000.0,433.0
215,12,3,1017.0,450.0
215,27,0,1116.0,438.0
215,27,1,1101.0,420.0
215,27,2,1125.0,411.0
215,27,3,1138.0,428.0
215,31,0,1170.0,448.0
215,31,1,1157.0,431.0
215,31,2,1180.0,420.0
215,31,3,1193.0,439.0
215,36,0,1224.0,459.0
215,36,1,1212.0,441.0
215,36,2,1235.0,431.0
215,36,3,1247.0,448.0
215,4,0,833.0,396.0
215,4,1,814.0,380.0
215,4,2,830.0,368.0
215,4,3,851.0,385.0
215,8,0,941.0,453.0
215,8,1,924.0,437.0
215,8,2,944.0,426.0
215,8,3,961.0,443.0
215,21,0,1104.0,477.0
215,21,1,1089.0,460.0
215,21,2,1112.0,450.0
215,21,3,1125.0,467.0
215,3,0,886.0,444.0
215,3,1,869.0,428.0
215,3,2,888.0,418.0
215,3,3,906.0,434.0
215,17,0,1049.0,468.0
215,17,1,1035.0,452.0
215,17,2,1057.0,442.0
215,17,3,1071.0,458.0
215,2,0,936.0,489.0
215,2,1,921.0,474.0
215,2,2,940.0,465.0
215,2,3,956.0,480.0
215,30,0,1208.0,495.0
215,30,1,1196.0,479.0
215,30,2,1219.0,472.0
215,30,3,1230.0,487.0
215,7,0,990.0,498.0
215,7,1,974.0,483.0
215,7,2,994.0,474.0
215,7,3,1009.0,488.0
215,11,0,1040.0,505.0
215,11,1,1027.0,492.0
215,11,2,1048.0,482.0
215,11,3,1062.0,496.0
215,26,0,1155.0,485.0
215,26,1,1144.0,470.0
215,26,2,1166.0,462.0
215,26,3,1178.0,476.0
215,16,0,1092.0,513.0
215,16,1,1079.0,499.0
215,16,2,1100.0,490.0
215,16,3,1113.0,504.0
215,20,0,1143.0,521.0
215,20,1,1132.0,507.0
215,20,2,1152.0,499.0
215,20,3,1163.0,513.0
215,25,0,1192.0,530.0
215,25,1,1181.0,516.0
215,25,2,1203.0,507.0
215,25,3,1213.0,522.0
215,10,0,1082.0,548.0
215,10,1,1069.0,534.0
215,10,2,1090.0,526.0
215,10,3,1102.0,539.0
215,6,0,1032.0,539.0
215,6,1,1020.0,527.0
215,6,2,1039.0,518.0
215,6,3,1051.0,532.0
215,1,0,983.0,531.0
215,1,1,969.0,518.0
215,1,2,987.0,510.0
215,1,3,1002.0,523.0
215,5,0,1072.0,578.0
215,5,1,1060.0,567.0
215,5,2,1080.0,560.0
215,5,3,1092.0,572.0
215,15,0,1131.0,556.0
215,15,1,1119.0,542.0
215,15,2,1139.0,534.0
215,15,3,1151.0,547.0
215,35,0,1257.0,504.0
215,35,1,1247.0,490.0
215,35,2,1270.0,482.0
215,35,3,1279.0,496.0
216,35,0,1392.0,1083.0
216,35,1,1386.0,1051.0
216,35,2,1427.0,1041.0
216,35,3,1435.0,1074.0
216,25,0,1269.0,1110.0
216,25,1,1267.0,1078.0
216,25,2,1308.0,1069.0
216,25,3,1312.0,1101.0
216,15,0,1149.0,1130.0
216,15,1,1151.0,1099.0
216,15,2,1192.0,1094.0
216,15,3,1190.0,1126.0
216,5,0,1033.0,1140.0
216,5,1,1039.0,1109.0
216,5,2,1077.0,1106.0
216,5,3,1071.0,1137.0
216,20,0,1209.0,1077.0
216,20,1,1210.0,1047.0
216,20,2,1248.0,1039.0
216,20,3,1249.0,1068.0
216,30,0,1324.0,1051.0
216,30,1,1321.0,1024.0
216,30,2,1360.0,1014.0
216,30,3,1365.0,1042.0
216,10,0,1096.0,1091.0
216,10,1,1100.0,1063.0
216,10,2,1138.0,1059.0
216,10,3,1135.0,1088.0
216,36,0,1374.0,996.0
216,36,1,1368.0,971.0
216,36,2,1405.0,960.0
216,36,3,1412.0,986.0
216,16,0,1155.0,1044.0
216,16,1,1158.0,1017.0
216,16,2,1193.0,1011.0
216,16,3,1193.0,1038.0
216,0,0,990.0,1102.0
216,0,1,997.0,1074.0
216,0,2,1032.0,1071.0
216,0,3,1026.0,1098.0
216,26,0,1264.0,1023.0
216,26,1,1263.0,996.0
216,26,2,1299.0,990.0
216,26,3,1302.0,1015.0
216,6,0,1050.0,1057.0
216,6,1,1055.0,1032.0
216,6,2,1090.0,1027.0
216,6,3,1086.0,1053.0
216,21,0,1209.0,996.0
216,21,1,1210.0,971.0
216,21,2,1244.0,964.0
216,21,3,1245.0,988.0
216,31,0,1314.0,974.0
216,31,1,1310.0,950.0
216,31,2,1345.0,942.0
216,31,3,1349.0,964.0
216,11,0,1107.0,1013.0
216,11,1,1110.0,989.0
216,11,2,1144.0,984.0
216,11,3,1142.0,1008.0
216,1,0,1010.0,1027.0
216,1,1,1016.0,1004.0
216,1,2,1048.0,999.0
216,1,3,1042.0,1023.0
216,27,0,1258.0,949.0
216,27,1,1257.0,928.0
216,27,2,1290.0,921.0
216,27,3,1293.0,943.0
216,17,0,1160.0,971.0
216,17,1,1161.0,949.0
216,17,2,1193.0,942.0
216,17,3,1194.0,964.0
216,37,0,1358.0,927.0
216,37,1,1353.0,906.0
216,37,2,1386.0,896.0
216,37,3,1391.0,914.0
216,7,0,1064.0,986.0
216,7,1,1069.0,964.0
216,7,2,1099.0,959.0
216,7,3,1096.0,981.0
216,32,0,1303.0,907.0
216,32,1,1300.0,887.0
216,32,2,1331.0,880.0
216,32,3,1336.0,900.0
216,22,0,1208.0,929.0
216,22,1,1209.0,908.0
216,22,2,1239.0,901.0
216,22,3,1240.0,921.0
216,12,0,1115.0,946.0
216,12,1,1118.0,925.0
216,12,2,1148.0,921.0
216,12,3,1146.0,941.0
216,2,0,1026.0,961.0
216,2,1,1030.0,942.0
216,2,2,1060.0,937.0
216,2,3,1056.0,957.0
216,38,0,1343.0,866.0
216,38,1,1339.0,848.0
216,38,2,1369.0,842.0
216,38,3,1374.0,859.0
216,18,0,1163.0,908.0
216,18,1,1163.0,890.0
216,18,2,1193.0,884.0
216,18,3,1193.0,903.0
216,28,0,1252.0,887.0
216,28,1,1251.0,870.0
216,28,2,1281.0,864.0
216,28,3,1283.0,882.0
216,8,0,1075.0,924.0
216,8,1,1078.0,906.0
216,8,2,1107.0,900.0
216,8,3,1104.0,918.0
216,33,0,1293.0,851.0
216,33,1,1290.0,834.0
216,33,2,1319.0,828.0
216,33,3,1322.0,844.0
216,23,0,1207.0,872.0
216,23,1,1206.0,855.0
216,23,2,1235.0,848.0
216,23,3,1236.0,864.0
216,13,0,1121.0,888.0
216,13,1,1123.0,872.0
216,13,2,1151.0,866.0
216,13,3,1150.0,883.0
216,39,0,1330.0,814.0
216,39,1,1326.0,799.0
216,39,2,1353.0,792.0
216,39,3,1357.0,807.0
216,3,0,1039.0,905.0
216,3,1,1043.0,888.0
216,3,2,1070.0,883.0
216,3,3,1067.0,899.0
216,19,0,1164.0,855.0
216,19,1,1165.0,840.0
216,19,2,1192.0,834.0
216,19,3,1192.0,850.0
216,9,0,1084.0,871.0
216,9,1,1086.0,856.0
216,9,2,1113.0,850.0
216,9,3,1111.0,866.0
216,34,0,1283.0,802.0
216,34,1,1282.0,788.0
216,34,2,1307.0,781.0
216,34,3,1310.0,795.0
216,14,0,1126.0,840.0
216,14,1,1128.0,825.0
216,14,2,1153.0,820.0
216,14,3,1152.0,835.0
216,24,0,1204.0,822.0
216,24,1,1205.0,808.0
216,24,2,1231.0,803.0
216,24,3,1231.0,816.0
216,4,0,1051.0,856.0
216,4,1,1054.0,842.0
216,4,2,1078.0,836.0
216,4,3,1074.0,851.0
216,29,0,1247.0,836.0
216,29,1,1245.0,821.0
216,29,2,1273.0,815.0
216,29,3,1274.0,830.0
217,10,0,1179.0,937.0
217,10,1,1189.0,920.0
217,10,2,1231.0,921.0
217,10,3,1223.0,939.0
217,17,0,1273.0,863.0
217,17,1,1279.0,850.0
217,17,2,1315.0,847.0
217,17,3,1311.0,860.0
217,33,0,1434.0,798.0
217,33,1,1433.0,788.0
217,33,2,1464.0,786.0
217,33,3,1466.0,795.0
217,11,0,1208.0,887.0
217,11,1,1215.0,872.0
217,11,2,1252.0,871.0
217,11,3,1245.0,886.0
217,12,0,1230.0,844.0
217,12,1,1237.0,832.0
217,12,2,1269.0,832.0
217,12,3,1264.0,843.0
217,16,0,1255.0,911.0
217,16,1,1261.0,894.0
217,16,2,1302.0,892.0
217,16,3,1297.0,908.0
217,18,0,1287.0,824.0
217,18,1,1292.0,814.0
217,18,2,1323.0,812.0
217,18,3,1320.0,823.0
217,20,0,1309.0,936.0
217,20,1,1314.0,917.0
217,20,2,1358.0,913.0
217,20,3,1354.0,932.0
217,21,0,1323.0,881.0
217,21,1,1328.0,866.0
217,21,2,1365.0,864.0
217,21,3,1362.0,878.0
217,22,0,1332.0,839.0
217,22,1,1335.0,828.0
217,22,2,1369.0,824.0
217,22,3,1367.0,836.0
217,28,0,1386.0,817.0
217,28,1,1388.0,807.0
217,28,2,1419.0,805.0
217,28,3,1420.0,815.0
217,32,0,1437.0,832.0
217,32,1,1438.0,820.0
217,32,2,1471.0,818.0
217,32,3,1472.0,829.0
217,38,0,1485.0,809.0
217,38,1,1483.0,800.0
217,38,2,1515.0,797.0
217,38,3,1519.0,807.0
218,35,0,1395.0,1096.0
218,35,1,1397.0,1060.0
218,35,2,1441.0,1061.0
218,35,3,1441.0,1099.0
218,25,0,1262.0,1089.0
218,25,1,1268.0,1053.0
218,25,2,1312.0,1055.0
218,25,3,1308.0,1090.0
218,15,0,1131.0,1076.0
218,15,1,1142.0,1045.0
218,15,2,1185.0,1048.0
218,15,3,1176.0,1082.0
218,5,0,1009.0,1055.0
218,5,1,1024.0,1025.0
218,5,2,1064.0,1031.0
218,5,3,1050.0,1062.0
218,30,0,1334.0,1041.0
218,30,1,1338.0,1011.0
218,30,2,1380.0,1011.0
218,30,3,1378.0,1043.0
218,20,0,1209.0,1036.0
218,20,1,1216.0,1005.0
218,20,2,1257.0,1005.0
218,20,3,1252.0,1037.0
218,10,0,1088.0,1021.0
218,10,1,1100.0,993.0
218,10,2,1140.0,999.0
218,10,3,1129.0,1028.0
218,36,0,1400.0,996.0
218,36,1,1401.0,968.0
218,36,2,1440.0,967.0
218,36,3,1442.0,995.0
218,26,0,1280.0,993.0
218,26,1,1284.0,965.0
218,26,2,1324.0,968.0
218,26,3,1321.0,995.0
218,16,0,1162.0,987.0
218,16,1,1171.0,959.0
218,16,2,1209.0,962.0
218,16,3,1201.0,990.0
218,0,0,976.0,1003.0
218,0,1,991.0,976.0
218,0,2,1027.0,982.0
218,0,3,1013.0,1009.0
218,6,0,1050.0,972.0
218,6,1,1062.0,948.0
218,6,2,1099.0,952.0
218,6,3,1087.0,978.0
218,31,0,1343.0,956.0
218,31,1,1345.0,930.0
218,31,2,1383.0,931.0
218,31,3,1382.0,955.0
218,21,0,1230.0,950.0
218,21,1,1236.0,925.0
218,21,2,1273.0,926.0
218,21,3,1269.0,951.0
218,11,0,1120.0,942.0
218,11,1,1129.0,918.0
218,11,2,1165.0,921.0
218,11,3,1158.0,945.0
218,1,0,1017.0,930.0
218,1,1,1031.0,908.0
218,1,2,1063.0,911.0
218,1,3,1052.0,934.0
218,27,0,1292.0,915.0
218,27,1,1296.0,892.0
218,27,2,1331.0,894.0
218,27,3,1329.0,917.0
218,37,0,1400.0,919.0
218,37,1,1400.0,897.0
218,37,2,1437.0,896.0
218,37,3,1438.0,916.0
218,17,0,1186.0,911.0
218,17,1,1192.0,889.0
218,17,2,1227.0,890.0
218,17,3,1222.0,912.0
218,22,0,1246.0,880.0
218,22,1,1250.0,859.0
218,22,2,1284.0,859.0
218,22,3,1281.0,880.0
218,32,0,1349.0,884.0
218,32,1,1350.0,863.0
218,32,2,1384.0,863.0
218,32,3,1383.0,885.0
218,2,0,1051.0,866.0
218,2,1,1061.0,848.0
218,2,2,1090.0,851.0
218,2,3,1082.0,870.0
218,38,0,1400.0,853.0
218,38,1,1399.0,834.0
218,38,2,1431.0,834.0
218,38,3,1433.0,854.0
218,18,0,1206.0,847.0
218,18,1,1209.0,829.0
218,18,2,1240.0,830.0
218,18,3,1237.0,848.0
218,8,0,1111.0,840.0
218,8,1,1119.0,824.0
218,8,2,1148.0,826.0
218,8,3,1141.0,843.0
218,33,0,1351.0,823.0
218,33,1,1352.0,805.0
218,33,2,1383.0,806.0
218,33,3,1383.0,824.0
218,23,0,1258.0,821.0
218,23,1,1261.0,804.0
218,23,2,1292.0,803.0
218,23,3,1290.0,821.0
218,13,0,1167.0,817.0
218,13,1,1173.0,801.0
218,13,2,1202.0,801.0
218,13,3,1197.0,818.0
218,3,0,1079.0,813.0
218,3,1,1088.0,797.0
218,3,2,1115.0,799.0
218,3,3,1108.0,814.0
218,29,0,1308.0,795.0
218,29,1,1310.0,779.0
218,29,2,1339.0,780.0
218,29,3,1338.0,796.0
218,4,0,1102.0,766.0
218,4,1,1109.0,752.0
218,4,2,1136.0,752.0
218,4,3,1129.0,767.0
218,24,0,1269.0,771.0
218,24,1,1270.0,756.0
218,24,2,1299.0,756.0
218,24,3,1297.0,770.0
218,34,0,1353.0,770.0
218,34,1,1355.0,756.0
218,34,2,1383.0,757.0
218,34,3,1382.0,771.0
218,14,0,1184.0,768.0
218,14,1,1189.0,754.0
218,14,2,1215.0,755.0
218,14,3,1211.0,770.0
218,7,0,1083.0,902.0
218,7,1,1094.0,881.0
218,7,2,1126.0,883.0
218,7,3,1118.0,905.0
218,9,0,1133.0,791.0
218,9,1,1139.0,776.0
218,9,2,1167.0,776.0
218,9,3,1161.0,792.0
218,12,0,1145.0,874.0
218,12,1,1153.0,854.0
218,12,2,1186.0,856.0
218,12,3,1180.0,876.0
218,19,0,1221.0,794.0
218,19,1,1223.0,778.0
218,19,2,1252.0,778.0
218,19,3,1249.0,794.0
218,28,0,1301.0,850.0
218,28,1,1304.0,831.0
218,28,2,1336.0,832.0
218,28,3,1335.0,851.0
218,39,0,1398.0,796.0
218,39,1,1397.0,780.0
218,39,2,1426.0,779.0
218,39,3,1428.0,796.0
219,34,0,921.0,389.0
219,34,1,894.0,373.0
219,34,2,911.0,349.0
219,34,3,938.0,365.0
219,39,0,985.0,379.0
219,39,1,959.0,363.0
219,39,2,977.0,339.0
219,39,3,1003.0,355.0
219,33,0,994.0,437.0
219,33,1,969.0,421.0
219,33,2,987.0,398.0
219,33,3,1012.0,414.0
219,38,0,1056.0,428.0
219,38,1,1033.0,412.0
219,38,2,1051.0,389.0
219,38,3,1075.0,405.0
219,29,0,932.0,445.0
219,29,1,906.0,429.0
219,29,2,923.0,408.0
219,29,3,949.0,424.0
219,24,0,871.0,453.0
219,24,1,845.0,438.0
219,24,2,860.0,417.0
219,24,3,886.0,432.0
219,19,0,883.0,506.0
219,19,1,858.0,492.0
219,19,2,874.0,470.0
219,19,3,898.0,484.0
219,32,0,1063.0,482.0
219,32,1,1040.0,468.0
219,32,2,1057.0,446.0
219,32,3,1080.0,460.0
219,23,0,942.0,497.0
219,23,1,918.0,482.0
219,23,2,935.0,462.0
219,23,3,959.0,477.0
219,37,0,1123.0,473.0
219,37,1,1100.0,459.0
219,37,2,1119.0,438.0
219,37,3,1141.0,454.0
219,28,0,1003.0,489.0
219,28,1,979.0,475.0
219,28,2,996.0,455.0
219,28,3,1020.0,470.0
219,14,0,824.0,515.0
219,14,1,800.0,502.0
219,14,2,813.0,482.0
219,14,3,838.0,496.0
219,18,0,951.0,547.0
219,18,1,929.0,534.0
219,18,2,945.0,513.0
219,18,3,968.0,527.0
219,22,0,1009.0,538.0
219,22,1,987.0,524.0
219,22,2,1003.0,506.0
219,22,3,1026.0,519.0
219,27,0,1068.0,530.0
219,27,1,1047.0,518.0
219,27,2,1063.0,500.0
219,27,3,1084.0,513.0
219,31,0,1126.0,524.0
219,31,1,1105.0,512.0
219,31,2,1123.0,491.0
219,31,3,1143.0,505.0
219,13,0,895.0,555.0
219,13,1,872.0,543.0
219,13,2,886.0,523.0
219,13,3,910.0,537.0
219,36,0,1181.0,517.0
219,36,1,1163.0,504.0
219,36,2,1183.0,485.0
219,36,3,1200.0,500.0
219,9,0,838.0,563.0
219,9,1,816.0,551.0
219,9,2,829.0,532.0
219,9,3,851.0,545.0
219,17,0,1016.0,585.0
219,17,1,995.0,572.0
219,17,2,1011.0,554.0
219,17,3,1032.0,566.0
219,21,0,1072.0,577.0
219,21,1,1052.0,565.0
219,21,2,1068.0,547.0
219,21,3,1089.0,560.0
219,4,0,784.0,569.0
219,4,1,760.0,557.0
219,4,2,771.0,540.0
219,4,3,796.0,552.0
219,8,0,905.0,600.0
219,8,1,884.0,588.0
219,8,2,898.0,571.0
219,8,3,920.0,584.0
219,30,0,1180.0,563.0
219,30,1,1164.0,550.0
219,30,2,1183.0,534.0
219,30,3,1199.0,548.0
219,2,0,914.0,641.0
219,2,1,895.0,630.0
219,2,2,908.0,614.0
219,2,3,929.0,625.0
219,3,0,851.0,606.0
219,3,1,829.0,594.0
219,3,2,842.0,578.0
219,3,3,864.0,590.0
219,7,0,968.0,635.0
219,7,1,949.0,624.0
219,7,2,963.0,608.0
219,7,3,983.0,619.0
219,10,0,1080.0,662.0
219,10,1,1062.0,652.0
219,10,2,1077.0,636.0
219,10,3,1095.0,646.0
219,11,0,1023.0,627.0
219,11,1,1003.0,618.0
219,11,2,1017.0,601.0
219,11,3,1037.0,611.0
219,12,0,960.0,593.0
219,12,1,939.0,581.0
219,12,2,953.0,563.0
219,12,3,976.0,575.0
219,16,0,1076.0,621.0
219,16,1,1057.0,610.0
219,16,2,1073.0,593.0
219,16,3,1092.0,604.0
219,20,0,1129.0,614.0
219,20,1,1111.0,602.0
219,20,2,1127.0,586.0
219,20,3,1146.0,597.0
219,25,0,1183.0,607.0
219,25,1,1165.0,596.0
219,25,2,1181.0,579.0
219,25,3,1199.0,591.0
219,26,0,1127.0,570.0
219,26,1,1108.0,557.0
219,26,2,1125.0,541.0
219,26,3,1144.0,552.0
219,35,0,1234.0,556.0
219,35,1,1219.0,544.0
219,35,2,1239.0,528.0
219,35,3,1254.0,541.0
220,11,0,1126.0,639.0
220,11,1,1113.0,601.0
220,11,2,1151.0,588.0
220,11,3,1164.0,625.0
220,20,0,1268.0,709.0
220,20,1,1255.0,671.0
220,20,2,1293.0,658.0
220,20,3,1305.0,696.0
220,6,0,1092.0,711.0
220,6,1,1079.0,672.0
220,6,2,1116.0,660.0
220,6,3,1129.0,697.0
220,16,0,1198.0,674.0
220,16,1,1185.0,635.0
220,16,2,1222.0,623.0
220,16,3,1235.0,660.0
220,10,0,1162.0,746.0
220,10,1,1150.0,708.0
220,10,2,1186.0,695.0
220,10,3,1200.0,733.0
220,21,0,1232.0,601.0
220,21,1,1219.0,563.0
220,21,2,1256.0,550.0
220,21,3,1269.0,588.0
220,17,0,1160.0,566.0
220,17,1,1147.0,528.0
220,17,2,1184.0,515.0
220,17,3,1197.0,552.0
220,26,0,1302.0,636.0
220,26,1,1290.0,598.0
220,26,2,1326.0,585.0
220,26,3,1339.0,623.0
220,1,0,1021.0,675.0
220,1,1,1008.0,638.0
220,1,2,1045.0,625.0
220,1,3,1058.0,663.0
220,7,0,1055.0,604.0
220,7,1,1042.0,567.0
220,7,2,1078.0,553.0
220,7,3,1092.0,590.0
220,0,0,1057.0,780.0
220,0,1,1044.0,743.0
220,0,2,1080.0,731.0
220,0,3,1095.0,768.0
220,15,0,1232.0,781.0
220,15,1,1220.0,743.0
220,15,2,1257.0,730.0
220,15,3,1268.0,768.0
220,30,0,1371.0,672.0
220,30,1,1359.0,634.0
220,30,2,1396.0,621.0
220,30,3,1407.0,659.0
220,5,0,1126.0,815.0
220,5,1,1114.0,778.0
220,5,2,1151.0,766.0
220,5,3,1164.0,803.0
220,12,0,1089.0,532.0
220,12,1,1075.0,495.0
220,12,2,1112.0,482.0
220,12,3,1125.0,518.0
220,22,0,1193.0,493.0
220,22,1,1180.0,456.0
220,22,2,1216.0,443.0
220,22,3,1230.0,479.0
220,36,0,1405.0,599.0
220,36,1,1393.0,560.0
220,36,2,1428.0,548.0
220,36,3,1441.0,585.0
220,18,0,1121.0,460.0
220,18,1,1107.0,424.0
220,18,2,1143.0,410.0
220,18,3,1157.0,447.0
220,25,0,1335.0,743.0
220,25,1,1325.0,706.0
220,25,2,1361.0,693.0
220,25,3,1372.0,731.0
220,27,0,1266.0,528.0
220,27,1,1252.0,490.0
220,27,2,1288.0,478.0
220,27,3,1301.0,515.0
220,31,0,1336.0,563.0
220,31,1,1323.0,525.0
220,31,2,1358.0,513.0
220,31,3,1372.0,550.0
220,2,0,984.0,570.0
220,2,1,972.0,534.0
220,2,2,1007.0,520.0
220,2,3,1021.0,556.0
220,8,0,1017.0,499.0
220,8,1,1004.0,463.0
220,8,2,1040.0,450.0
220,8,3,1053.0,485.0
220,37,0,1368.0,490.0
220,37,1,1354.0,453.0
220,37,2,1388.0,441.0
220,37,3,1402.0,478.0
220,35,0,1436.0,706.0
220,35,1,1427.0,669.0
220,35,2,1462.0,656.0
220,35,3,1471.0,693.0
220,32,0,1296.0,455.0
220,32,1,1283.0,419.0
220,32,2,1316.0,406.0
220,32,3,1331.0,443.0
220,13,0,1049.0,428.0
220,13,1,1036.0,394.0
220,13,2,1071.0,380.0
220,13,3,1085.0,415.0
220,3,0,948.0,468.0
220,3,1,936.0,433.0
220,3,2,970.0,419.0
220,3,3,983.0,454.0
220,28,0,1225.0,421.0
220,28,1,1211.0,386.0
220,28,2,1246.0,374.0
220,28,3,1260.0,408.0
220,23,0,1153.0,389.0
220,23,1,1139.0,354.0
220,23,2,1174.0,342.0
220,23,3,1188.0,375.0
220,9,0,979.0,398.0
220,9,1,967.0,364.0
220,9,2,1001.0,351.0
220,9,3,1014.0,384.0
220,38,0,1327.0,385.0
220,38,1,1312.0,350.0
220,38,2,1344.0,338.0
220,38,3,1359.0,373.0
220,19,0,1081.0,358.0
220,19,1,1068.0,325.0
220,19,2,1102.0,312.0
220,19,3,1116.0,344.0
220,14,0,1011.0,330.0
220,14,1,998.0,297.0
220,14,2,1031.0,284.0
220,14,3,1045.0,316.0
220,33,0,1254.0,351.0
220,33,1,1241.0,317.0
220,33,2,1273.0,306.0
220,33,3,1288.0,339.0
220,4,0,912.0,371.0
220,4,1,901.0,338.0
220,4,2,934.0,324.0
220,4,3,946.0,357.0
220,24,0,1111.0,290.0
220,24,1,1098.0,259.0
220,24,2,1131.0,247.0
220,24,3,1144.0,277.0
220,34,0,1211.0,253.0
220,34,1,1198.0,223.0
220,34,2,1227.0,212.0
220,34,3,1243.0,242.0
220,29,0,1183.0,319.0
220,29,1,1169.0,287.0
220,29,2,1202.0,276.0
220,29,3,1216.0,308.0
221,34,0,1019.0,264.0
221,34,1,997.0,242.0
221,34,2,1023.0,224.0
221,34,3,1045.0,247.0
221,39,0,1089.0,267.0
221,39,1,1069.0,246.0
221,39,2,1096.0,228.0
221,39,3,1116.0,249.0
221,33,0,1080.0,321.0
221,33,1,1060.0,302.0
221,33,2,1086.0,284.0
221,33,3,1105.0,304.0
221,24,0,946.0,313.0
221,24,1,924.0,294.0
221,24,2,949.0,278.0
221,24,3,970.0,297.0
221,29,0,1012.0,316.0
221,29,1,993.0,297.0
221,29,2,1018.0,281.0
221,29,3,1038.0,301.0
221,38,0,1144.0,323.0
221,38,1,1127.0,305.0
221,38,2,1153.0,288.0
221,38,3,1169.0,307.0
221,19,0,944.0,364.0
221,19,1,923.0,347.0
221,19,2,947.0,330.0
221,19,3,967.0,347.0
221,14,0,881.0,364.0
221,14,1,858.0,348.0
221,14,2,879.0,331.0
221,14,3,902.0,347.0
221,23,0,1007.0,364.0
221,23,1,988.0,347.0
221,23,2,1013.0,333.0
221,23,3,1031.0,351.0
221,28,0,1071.0,368.0
221,28,1,1053.0,350.0
221,28,2,1078.0,337.0
221,28,3,1095.0,355.0
221,32,0,1132.0,372.0
221,32,1,1116.0,355.0
221,32,2,1141.0,340.0
221,32,3,1156.0,357.0
221,37,0,1191.0,374.0
221,37,1,1176.0,358.0
221,37,2,1202.0,344.0
221,37,3,1216.0,362.0
221,18,0,1003.0,410.0
221,18,1,985.0,394.0
221,18,2,1007.0,379.0
221,18,3,1025.0,395.0
221,13,0,942.0,409.0
221,13,1,923.0,394.0
221,13,2,945.0,380.0
221,13,3,964.0,396.0
221,9,0,883.0,408.0
221,9,1,861.0,394.0
221,9,2,879.0,380.0
221,9,3,902.0,393.0
221,4,0,822.0,406.0
221,4,1,800.0,392.0
221,4,2,818.0,378.0
221,4,3,840.0,393.0
221,22,0,1062.0,410.0
221,22,1,1046.0,394.0
221,22,2,1070.0,383.0
221,22,3,1085.0,398.0
221,12,0,998.0,451.0
221,12,1,981.0,438.0
221,12,2,1003.0,424.0
221,12,3,1019.0,438.0
221,8,0,941.0,449.0
221,8,1,922.0,435.0
221,8,2,942.0,423.0
221,8,3,962.0,437.0
221,31,0,1178.0,418.0
221,31,1,1164.0,403.0
221,31,2,1187.0,390.0
221,31,3,1201.0,406.0
221,27,0,1120.0,413.0
221,27,1,1106.0,398.0
221,27,2,1130.0,387.0
221,27,3,1144.0,402.0
221,3,0,884.0,447.0
221,3,1,864.0,433.0
221,3,2,883.0,421.0
221,3,3,903.0,434.0
221,21,0,1111.0,453.0
221,21,1,1095.0,438.0
221,21,2,1117.0,426.0
221,21,3,1132.0,441.0
221,17,0,1054.0,451.0
221,17,1,1039.0,438.0
221,17,2,1061.0,425.0
221,17,3,1076.0,439.0
221,36,0,1232.0,421.0
221,36,1,1220.0,407.0
221,36,2,1245.0,395.0
221,36,3,1256.0,409.0
221,2,0,940.0,485.0
221,2,1,921.0,472.0
221,2,2,942.0,461.0
221,2,3,959.0,474.0
221,16,0,1101.0,489.0
221,16,1,1089.0,477.0
221,16,2,1108.0,466.0
221,16,3,1121.0,478.0
221,26,0,1165.0,455.0
221,26,1,1152.0,441.0
221,26,2,1174.0,431.0
221,26,3,1186.0,444.0
221,30,0,1217.0,458.0
221,30,1,1205.0,446.0
221,30,2,1228.0,435.0
221,30,3,1239.0,448.0
221,11,0,1050.0,487.0
221,11,1,1033.0,477.0
221,11,2,1052.0,465.0
221,11,3,1068.0,476.0
221,6,0,1042.0,521.0
221,6,1,1027.0,511.0
221,6,2,1047.0,500.0
221,6,3,1061.0,512.0
221,1,0,989.0,519.0
221,1,1,975.0,508.0
221,1,2,994.0,499.0
221,1,3,1008.0,510.0
221,10,0,1093.0,524.0
221,10,1,1079.0,512.0
221,10,2,1099.0,502.0
221,10,3,1112.0,513.0
221,25,0,1203.0,493.0
221,25,1,1193.0,481.0
221,25,2,1213.0,471.0
221,25,3,1224.0,482.0
221,5,0,1084.0,553.0
221,5,1,1071.0,544.0
221,5,2,1090.0,535.0
221,5,3,1103.0,545.0
221,0,0,1035.0,551.0
221,0,1,1022.0,541.0
221,0,2,1040.0,533.0
221,0,3,1054.0,543.0
221,7,0,993.0,486.0
221,7,1,978.0,473.0
221,7,2,999.0,464.0
221,7,3,1013.0,474.0
221,15,0,1144.0,525.0
221,15,1,1130.0,515.0
221,15,2,1149.0,504.0
221,15,3,1162.0,514.0
221,20,0,1154.0,491.0
221,20,1,1140.0,479.0
221,20,2,1162.0,469.0
221,20,3,1174.0,480.0
221,35,0,1267.0,461.0
221,35,1,1258.0,450.0
221,35,2,1280.0,440.0
221,35,3,1289.0,453.0
222,34,0,949.0,288.0
222,34,1,924.0,273.0
222,34,2,948.0,252.0
222,34,3,973.0,267.0
222,39,0,1018.0,280.0
222,39,1,996.0,265.0
222,39,2,1023.0,245.0
222,39,3,1044.0,260.0
222,24,0,883.0,341.0
222,24,1,857.0,329.0
222,24,2,879.0,310.0
222,24,3,903.0,324.0
222,29,0,950.0,335.0
222,29,1,926.0,322.0
222,29,2,948.0,304.0
222,29,3,972.0,317.0
222,33,0,1015.0,330.0
222,33,1,995.0,315.0
222,33,2,1018.0,296.0
222,33,3,1039.0,311.0
222,38,0,1079.0,322.0
222,38,1,1061.0,308.0
222,38,2,1087.0,290.0
222,38,3,1105.0,304.0
222,19,0,887.0,387.0
222,19,1,863.0,375.0
222,19,2,883.0,356.0
222,19,3,907.0,368.0
222,14,0,824.0,396.0
222,14,1,799.0,386.0
222,14,2,816.0,368.0
222,14,3,842.0,379.0
222,23,0,950.0,377.0
222,23,1,928.0,366.0
222,23,2,949.0,350.0
222,23,3,971.0,361.0
222,28,0,1014.0,371.0
222,28,1,993.0,361.0
222,28,2,1014.0,345.0
222,28,3,1035.0,357.0
222,32,0,1074.0,367.0
222,32,1,1056.0,354.0
222,32,2,1080.0,338.0
222,32,3,1096.0,351.0
222,18,0,952.0,417.0
222,18,1,932.0,408.0
222,18,2,949.0,391.0
222,18,3,969.0,401.0
222,9,0,832.0,433.0
222,9,1,807.0,424.0
222,9,2,824.0,410.0
222,9,3,849.0,419.0
222,13,0,891.0,426.0
222,13,1,869.0,416.0
222,13,2,887.0,401.0
222,13,3,910.0,411.0
222,37,0,1132.0,360.0
222,37,1,1117.0,348.0
222,37,2,1140.0,333.0
222,37,3,1156.0,347.0
222,22,0,1010.0,409.0
222,22,1,990.0,399.0
222,22,2,1011.0,385.0
222,22,3,1030.0,395.0
222,4,0,771.0,440.0
222,4,1,748.0,431.0
222,4,2,763.0,417.0
222,4,3,787.0,426.0
222,31,0,1124.0,400.0
222,31,1,1109.0,390.0
222,31,2,1131.0,374.0
222,31,3,1146.0,386.0
222,12,0,952.0,453.0
222,12,1,932.0,445.0
222,12,2,950.0,430.0
222,12,3,970.0,439.0
222,8,0,896.0,459.0
222,8,1,874.0,451.0
222,8,2,892.0,438.0
222,8,3,913.0,447.0
222,27,0,1068.0,404.0
222,27,1,1051.0,394.0
222,27,2,1071.0,381.0
222,27,3,1089.0,391.0
222,3,0,838.0,466.0
222,3,1,816.0,458.0
222,3,2,832.0,445.0
222,3,3,854.0,453.0
222,21,0,1062.0,439.0
222,21,1,1046.0,429.0
222,21,2,1064.0,416.0
222,21,3,1082.0,425.0
222,17,0,1008.0,445.0
222,17,1,990.0,437.0
222,17,2,1008.0,423.0
222,17,3,1026.0,431.0
222,2,0,897.0,490.0
222,2,1,878.0,482.0
222,2,2,894.0,470.0
222,2,3,915.0,478.0
222,26,0,1117.0,432.0
222,26,1,1101.0,424.0
222,26,2,1119.0,412.0
222,26,3,1135.0,420.0
222,10,0,1053.0,501.0
222,10,1,1038.0,494.0
222,10,2,1054.0,482.0
222,10,3,1070.0,490.0
222,30,0,1170.0,427.0
222,30,1,1155.0,419.0
222,30,2,1173.0,408.0
222,30,3,1187.0,415.0
222,20,0,1108.0,465.0
222,20,1,1095.0,458.0
222,20,2,1112.0,445.0
222,20,3,1126.0,453.0
222,0,0,1000.0,532.0
222,0,1,985.0,526.0
222,0,2,1001.0,516.0
222,0,3,1016.0,523.0
222,1,0,952.0,511.0
222,1,1,935.0,504.0
222,1,2,951.0,494.0
222,1,3,968.0,501.0
222,6,0,1003.0,506.0
222,6,1,987.0,499.0
222,6,2,1003.0,488.0
222,6,3,1019.0,495.0
222,7,0,953.0,483.0
222,7,1,934.0,476.0
222,7,2,951.0,464.0
222,7,3,968.0,471.0
222,11,0,1005.0,477.0
222,11,1,989.0,470.0
222,11,2,1007.0,457.0
222,11,3,1022.0,465.0
222,35,0,1220.0,423.0
222,35,1,1207.0,416.0
222,35,2,1226.0,405.0
222,35,3,1239.0,413.0
222,36,0,1180.0,395.0
222,36,1,1166.0,386.0
222,36,2,1188.0,371.0
222,36,3,1200.0,381.0
223,35,0,1378.0,1063.0
223,35,1,1373.0,1030.0
223,35,2,1413.0,1025.0
223,35,3,1419.0,1058.0
223,25,0,1255.0,1079.0
223,25,1,1254.0,1046.0
223,25,2,1295.0,1042.0
223,25,3,1296.0,1074.0
223,15,0,1133.0,1089.0
223,15,1,1136.0,1058.0
223,15,2,1177.0,1056.0
223,15,3,1175.0,1087.0
223,5,0,1016.0,1090.0
223,5,1,1021.0,1060.0
223,5,2,1061.0,1059.0
223,5,3,1055.0,1089.0
223,20,0,1195.0,1039.0
223,20,1,1196.0,1011.0
223,20,2,1235.0,1005.0
223,20,3,1235.0,1035.0
223,30,0,1311.0,1025.0
223,30,1,1309.0,997.0
223,30,2,1348.0,991.0
223,30,3,1352.0,1019.0
223,10,0,1081.0,1045.0
223,10,1,1086.0,1017.0
223,10,2,1124.0,1016.0
223,10,3,1119.0,1045.0
223,36,0,1363.0,974.0
223,36,1,1358.0,948.0
223,36,2,1394.0,941.0
223,36,3,1401.0,967.0
223,0,0,972.0,1047.0
223,0,1,979.0,1020.0
223,0,2,1015.0,1019.0
223,0,3,1009.0,1046.0
223,16,0,1142.0,1002.0
223,16,1,1144.0,976.0
223,16,2,1181.0,973.0
223,16,3,1180.0,999.0
223,26,0,1252.0,990.0
223,26,1,1251.0,964.0
223,26,2,1288.0,961.0
223,26,3,1289.0,987.0
223,6,0,1035.0,1006.0
223,6,1,1041.0,981.0
223,6,2,1076.0,980.0
223,6,3,1071.0,1005.0
223,21,0,1197.0,958.0
223,21,1,1198.0,934.0
223,21,2,1234.0,931.0
223,21,3,1234.0,954.0
223,11,0,1094.0,967.0
223,11,1,1097.0,943.0
223,11,2,1132.0,941.0
223,11,3,1129.0,965.0
223,31,0,1303.0,946.0
223,31,1,1301.0,922.0
223,31,2,1335.0,917.0
223,31,3,1339.0,940.0
223,1,0,994.0,972.0
223,1,1,1001.0,950.0
223,1,2,1033.0,947.0
223,1,3,1027.0,971.0
223,27,0,1248.0,916.0
223,27,1,1247.0,894.0
223,27,2,1281.0,892.0
223,27,3,1283.0,913.0
223,17,0,1148.0,928.0
223,17,1,1150.0,907.0
223,17,2,1183.0,903.0
223,17,3,1182.0,925.0
223,37,0,1349.0,903.0
223,37,1,1345.0,883.0
223,37,2,1378.0,876.0
223,37,3,1383.0,895.0
223,22,0,1198.0,890.0
223,22,1,1200.0,870.0
223,22,2,1231.0,866.0
223,22,3,1231.0,886.0
223,32,0,1294.0,878.0
223,32,1,1293.0,858.0
223,32,2,1324.0,854.0
223,32,3,1326.0,875.0
223,2,0,1012.0,906.0
223,2,1,1017.0,887.0
223,2,2,1047.0,885.0
223,2,3,1043.0,904.0
223,28,0,1245.0,855.0
223,28,1,1243.0,836.0
223,28,2,1274.0,832.0
223,28,3,1276.0,850.0
223,38,0,1336.0,841.0
223,38,1,1332.0,823.0
223,38,2,1362.0,819.0
223,38,3,1367.0,838.0
223,18,0,1153.0,865.0
223,18,1,1154.0,847.0
223,18,2,1184.0,844.0
223,18,3,1184.0,863.0
223,33,0,1286.0,821.0
223,33,1,1284.0,803.0
223,33,2,1313.0,800.0
223,33,3,1316.0,817.0
223,23,0,1199.0,833.0
223,23,1,1199.0,816.0
223,23,2,1228.0,812.0
223,23,3,1228.0,828.0
223,13,0,1111.0,841.0
223,13,1,1114.0,825.0
223,13,2,1142.0,822.0
223,13,3,1141.0,839.0
223,3,0,1027.0,850.0
223,3,1,1032.0,834.0
223,3,2,1059.0,832.0
223,3,3,1055.0,847.0
223,29,0,1240.0,801.0
223,29,1,1240.0,785.0
223,29,2,1267.0,782.0
223,29,3,1268.0,797.0
223,4,0,1040.0,802.0
223,4,1,1044.0,788.0
223,4,2,1069.0,785.0
223,4,3,1065.0,799.0
223,7,0,1050.0,934.0
223,7,1,1055.0,914.0
223,7,2,1087.0,911.0
223,7,3,1083.0,933.0
223,8,0,1063.0,873.0
223,8,1,1067.0,855.0
223,8,2,1096.0,852.0
223,8,3,1093.0,870.0
223,12,0,1103.0,898.0
223,12,1,1106.0,879.0
223,12,2,1138.0,877.0
223,12,3,1136.0,897.0
223,14,0,1117.0,792.0
223,14,1,1119.0,778.0
223,14,2,1146.0,776.0
223,14,3,1145.0,790.0
223,24,0,1198.0,784.0
223,24,1,1198.0,769.0
223,24,2,1225.0,766.0
223,24,3,1225.0,780.0
223,34,0,1278.0,771.0
223,34,1,1277.0,757.0
223,34,2,1303.0,752.0
223,34,3,1306.0,766.0
223,39,0,1324.0,787.0
223,39,1,1321.0,772.0
223,39,2,1348.0,768.0
223,39,3,1353.0,784.0
224,35,0,1378.0,1069.0
224,35,1,1373.0,1036.0
224,35,2,1414.0,1030.0
224,35,3,1420.0,1064.0
224,25,0,1255.0,1087.0
224,25,1,1255.0,1054.0
224,25,2,1296.0,1049.0
224,25,3,1298.0,1081.0
224,15,0,1134.0,1099.0
224,15,1,1138.0,1067.0
224,15,2,1178.0,1065.0
224,15,3,1176.0,1097.0
224,5,0,1017.0,1102.0
224,5,1,1023.0,1071.0
224,5,2,1062.0,1070.0
224,5,3,1057.0,1100.0
224,20,0,1196.0,1049.0
224,20,1,1197.0,1019.0
224,20,2,1236.0,1013.0
224,20,3,1236.0,1043.0
224,30,0,1312.0,1032.0
224,30,1,1310.0,1003.0
224,30,2,1348.0,996.0
224,30,3,1352.0,1026.0
224,10,0,1082.0,1056.0
224,10,1,1087.0,1027.0
224,10,2,1125.0,1026.0
224,10,3,1121.0,1055.0
224,36,0,1364.0,980.0
224,36,1,1358.0,953.0
224,36,2,1394.0,945.0
224,36,3,1401.0,972.0
224,0,0,974.0,1059.0
224,0,1,980.0,1033.0
224,0,2,1016.0,1031.0
224,0,3,1010.0,1057.0
224,16,0,1142.0,1011.0
224,16,1,1146.0,984.0
224,16,2,1181.0,981.0
224,16,3,1180.0,1008.0
224,26,0,1252.0,997.0
224,26,1,1251.0,971.0
224,26,2,1288.0,967.0
224,26,3,1290.0,993.0
224,6,0,1036.0,1017.0
224,6,1,1041.0,992.0
224,6,2,1077.0,990.0
224,6,3,1071.0,1016.0
224,21,0,1198.0,966.0
224,21,1,1198.0,942.0
224,21,2,1233.0,936.0
224,21,3,1234.0,961.0
224,11,0,1094.0,976.0
224,11,1,1097.0,952.0
224,11,2,1132.0,949.0
224,11,3,1129.0,974.0
224,31,0,1303.0,952.0
224,31,1,1300.0,928.0
224,31,2,1335.0,922.0
224,31,3,1338.0,946.0
224,1,0,995.0,984.0
224,1,1,1001.0,960.0
224,1,2,1034.0,957.0
224,1,3,1028.0,981.0
224,27,0,1248.0,922.0
224,27,1,1247.0,900.0
224,27,2,1281.0,896.0
224,27,3,1283.0,919.0
224,17,0,1148.0,936.0
224,17,1,1150.0,914.0
224,17,2,1183.0,910.0
224,17,3,1183.0,932.0
224,37,0,1349.0,908.0
224,37,1,1344.0,887.0
224,37,2,1377.0,879.0
224,37,3,1382.0,899.0
224,7,0,1051.0,945.0
224,7,1,1056.0,923.0
224,7,2,1087.0,920.0
224,7,3,1084.0,942.0
224,22,0,1198.0,897.0
224,22,1,1198.0,877.0
224,22,2,1230.0,871.0
224,22,3,1231.0,892.0
224,32,0,1294.0,883.0
224,32,1,1292.0,863.0
224,32,2,1323.0,858.0
224,32,3,1327.0,878.0
224,12,0,1103.0,906.0
224,12,1,1106.0,887.0
224,12,2,1138.0,885.0
224,12,3,1136.0,905.0
224,38,0,1336.0,845.0
224,38,1,1331.0,826.0
224,38,2,1362.0,822.0
224,38,3,1367.0,841.0
224,2,0,1012.0,916.0
224,2,1,1018.0,897.0
224,2,2,1047.0,893.0
224,2,3,1043.0,914.0
224,18,0,1152.0,873.0
224,18,1,1153.0,854.0
224,18,2,1184.0,850.0
224,18,3,1184.0,869.0
224,28,0,1243.0,858.0
224,28,1,1242.0,841.0
224,28,2,1273.0,836.0
224,28,3,1275.0,855.0
224,33,0,1285.0,824.0
224,33,1,1283.0,807.0
224,33,2,1312.0,803.0
224,33,3,1316.0,820.0
224,23,0,1198.0,839.0
224,23,1,1198.0,821.0
224,23,2,1227.0,817.0
224,23,3,1228.0,833.0
224,13,0,1111.0,849.0
224,13,1,1113.0,832.0
224,13,2,1142.0,829.0
224,13,3,1140.0,846.0
224,3,0,1027.0,860.0
224,3,1,1032.0,843.0
224,3,2,1058.0,839.0
224,3,3,1055.0,855.0
224,29,0,1239.0,804.0
224,29,1,1238.0,790.0
224,29,2,1266.0,787.0
224,29,3,1267.0,801.0
224,19,0,1155.0,818.0
224,19,1,1156.0,803.0
224,19,2,1184.0,799.0
224,19,3,1183.0,815.0
224,24,0,1197.0,788.0
224,24,1,1196.0,774.0
224,24,2,1223.0,769.0
224,24,3,1224.0,784.0
224,4,0,1039.0,810.0
224,4,1,1043.0,795.0
224,4,2,1068.0,792.0
224,4,3,1065.0,806.0
224,8,0,1063.0,882.0
224,8,1,1066.0,863.0
224,8,2,1096.0,860.0
224,8,3,1093.0,878.0
224,9,0,1073.0,828.0
224,9,1,1076.0,812.0
224,9,2,1103.0,809.0
224,9,3,1100.0,825.0
224,14,0,1116.0,799.0
224,14,1,1118.0,784.0
224,14,2,1144.0,781.0
224,14,3,1143.0,796.0
224,34,0,1277.0,774.0
224,34,1,1276.0,759.0
224,34,2,1302.0,755.0
224,34,3,1304.0,769.0
224,39,0,1323.0,790.0
224,39,1,1319.0,774.0
224,39,2,1347.0,769.0
224,39,3,1352.0,786.0
225,35,0,1261.0,1117.0
225,35,1,1269.0,1080.0
225,35,2,1315.0,1086.0
225,35,3,1308.0,1125.0
225,25,0,1123.0,1097.0
225,25,1,1137.0,1062.0
225,25,2,1180.0,1068.0
225,25,3,1169.0,1104.0
225,30,0,1206.0,1056.0
225,30,1,1214.0,1027.0
225,30,2,1258.0,1029.0
225,30,3,1251.0,1061.0
225,5,0,879.0,1045.0
225,5,1,898.0,1016.0
225,5,2,935.0,1025.0
225,5,3,917.0,1054.0
225,36,0,1282.0,1016.0
225,36,1,1287.0,986.0
225,36,2,1328.0,988.0
225,36,3,1325.0,1018.0
225,10,0,962.0,1018.0
225,10,1,978.0,990.0
225,10,2,1016.0,998.0
225,10,3,1000.0,1027.0
225,26,0,1158.0,1004.0
225,26,1,1168.0,975.0
225,26,2,1207.0,981.0
225,26,3,1199.0,1009.0
225,16,0,1041.0,988.0
225,16,1,1054.0,962.0
225,16,2,1092.0,967.0
225,16,3,1079.0,994.0
225,0,0,856.0,991.0
225,0,1,875.0,966.0
225,0,2,909.0,974.0
225,0,3,890.0,999.0
225,31,0,1230.0,971.0
225,31,1,1236.0,946.0
225,31,2,1276.0,948.0
225,31,3,1271.0,973.0
225,21,0,1115.0,957.0
225,21,1,1125.0,932.0
225,21,2,1163.0,936.0
225,21,3,1154.0,961.0
225,6,0,933.0,965.0
225,6,1,949.0,943.0
225,6,2,984.0,950.0
225,6,3,969.0,974.0
225,11,0,1007.0,941.0
225,11,1,1021.0,918.0
225,11,2,1055.0,924.0
225,11,3,1043.0,947.0
225,27,0,1184.0,926.0
225,27,1,1192.0,903.0
225,27,2,1228.0,908.0
225,27,3,1222.0,931.0
225,37,0,1296.0,938.0
225,37,1,1300.0,915.0
225,37,2,1336.0,915.0
225,37,3,1334.0,937.0
225,1,0,908.0,924.0
225,1,1,924.0,903.0
225,1,2,955.0,907.0
225,1,3,941.0,929.0
225,32,0,1248.0,899.0
225,32,1,1252.0,879.0
225,32,2,1288.0,879.0
225,32,3,1284.0,902.0
225,17,0,1078.0,913.0
225,17,1,1088.0,894.0
225,17,2,1123.0,898.0
225,17,3,1113.0,919.0
225,22,0,1143.0,888.0
225,22,1,1152.0,868.0
225,22,2,1186.0,870.0
225,22,3,1178.0,891.0
225,38,0,1307.0,871.0
225,38,1,1309.0,851.0
225,38,2,1342.0,853.0
225,38,3,1341.0,873.0
225,28,0,1205.0,862.0
225,28,1,1211.0,844.0
225,28,2,1244.0,846.0
225,28,3,1239.0,865.0
225,18,0,1108.0,853.0
225,18,1,1116.0,835.0
225,18,2,1148.0,838.0
225,18,3,1140.0,857.0
225,2,0,952.0,863.0
225,2,1,965.0,846.0
225,2,2,995.0,850.0
225,2,3,983.0,868.0
225,33,0,1262.0,838.0
225,33,1,1265.0,820.0
225,33,2,1297.0,822.0
225,33,3,1295.0,841.0
225,8,0,1015.0,842.0
225,8,1,1026.0,826.0
225,8,2,1055.0,828.0
225,8,3,1046.0,845.0
225,23,0,1167.0,830.0
225,23,1,1173.0,814.0
225,23,2,1204.0,815.0
225,23,3,1199.0,832.0
225,13,0,1075.0,821.0
225,13,1,1085.0,806.0
225,13,2,1114.0,808.0
225,13,3,1105.0,824.0
225,29,0,1222.0,808.0
225,29,1,1226.0,792.0
225,29,2,1256.0,794.0
225,29,3,1253.0,810.0
225,3,0,990.0,813.0
225,3,1,1000.0,798.0
225,3,2,1028.0,801.0
225,3,3,1017.0,816.0
225,34,0,1272.0,787.0
225,34,1,1275.0,773.0
225,34,2,1304.0,772.0
225,34,3,1302.0,788.0
225,4,0,1021.0,768.0
225,4,1,1030.0,755.0
225,4,2,1056.0,757.0
225,4,3,1047.0,771.0
225,7,0,977.0,900.0
225,7,1,992.0,880.0
225,7,2,1023.0,884.0
225,7,3,1010.0,905.0
225,9,0,1047.0,794.0
225,9,1,1055.0,780.0
225,9,2,1083.0,782.0
225,9,3,1074.0,797.0
225,12,0,1045.0,874.0
225,12,1,1055.0,857.0
225,12,2,1087.0,861.0
225,12,3,1077.0,881.0
225,14,0,1101.0,775.0
225,14,1,1108.0,761.0
225,14,2,1136.0,763.0
225,14,3,1129.0,777.0
225,15,0,995.0,1076.0
225,15,1,1012.0,1044.0
225,15,2,1053.0,1052.0
225,15,3,1038.0,1084.0
225,19,0,1132.0,801.0
225,19,1,1139.0,787.0
225,19,2,1168.0,788.0
225,19,3,1162.0,803.0
225,20,0,1079.0,1040.0
225,20,1,1093.0,1010.0
225,20,2,1133.0,1014.0
225,20,3,1122.0,1045.0
225,24,0,1185.0,781.0
225,24,1,1191.0,768.0
225,24,2,1219.0,769.0
225,24,3,1214.0,783.0
225,39,0,1315.0,814.0
225,39,1,1316.0,797.0
225,39,2,1346.0,798.0
225,39,3,1345.0,815.0
226,35,0,1374.0,740.0
226,35,1,1360.0,711.0
226,35,2,1388.0,696.0
226,35,3,1403.0,724.0
226,36,0,1330.0,657.0
226,36,1,1315.0,628.0
226,36,2,1341.0,612.0
226,36,3,1357.0,641.0
226,30,0,1312.0,721.0
226,30,1,1298.0,693.0
226,30,2,1324.0,677.0
226,30,3,1340.0,706.0
226,25,0,1294.0,784.0
226,25,1,1280.0,756.0
226,25,2,1307.0,741.0
226,25,3,1321.0,770.0
226,20,0,1234.0,765.0
226,20,1,1220.0,737.0
226,20,2,1246.0,722.0
226,20,3,1261.0,750.0
226,26,0,1251.0,702.0
226,26,1,1237.0,674.0
226,26,2,1262.0,659.0
226,26,3,1278.0,687.0
226,31,0,1268.0,639.0
226,31,1,1253.0,611.0
226,31,2,1279.0,596.0
226,31,3,1294.0,624.0
226,15,0,1215.0,826.0
226,15,1,1201.0,798.0
226,15,2,1228.0,784.0
226,15,3,1242.0,812.0
226,21,0,1191.0,684.0
226,21,1,1178.0,657.0
226,21,2,1203.0,642.0
226,21,3,1218.0,669.0
226,27,0,1207.0,622.0
226,27,1,1193.0,595.0
226,27,2,1218.0,580.0
226,27,3,1233.0,607.0
226,37,0,1284.0,575.0
226,37,1,1269.0,548.0
226,37,2,1295.0,533.0
226,37,3,1309.0,559.0
226,32,0,1222.0,559.0
226,32,1,1207.0,533.0
226,32,2,1233.0,518.0
226,32,3,1248.0,544.0
226,16,0,1174.0,745.0
226,16,1,1160.0,719.0
226,16,2,1186.0,704.0
226,16,3,1200.0,732.0
226,10,0,1156.0,805.0
226,10,1,1143.0,778.0
226,10,2,1169.0,765.0
226,10,3,1183.0,792.0
226,17,0,1134.0,667.0
226,17,1,1120.0,640.0
226,17,2,1144.0,626.0
226,17,3,1159.0,652.0
226,22,0,1149.0,606.0
226,22,1,1135.0,580.0
226,22,2,1159.0,565.0
226,22,3,1174.0,591.0
226,11,0,1117.0,727.0
226,11,1,1104.0,700.0
226,11,2,1128.0,686.0
226,11,3,1142.0,713.0
226,38,0,1237.0,496.0
226,38,1,1222.0,471.0
226,38,2,1246.0,456.0
226,38,3,1262.0,481.0
226,6,0,1100.0,785.0
226,6,1,1088.0,758.0
226,6,2,1112.0,745.0
226,6,3,1125.0,772.0
226,33,0,1177.0,483.0
226,33,1,1163.0,458.0
226,33,2,1187.0,444.0
226,33,3,1201.0,468.0
226,28,0,1164.0,544.0
226,28,1,1150.0,519.0
226,28,2,1172.0,504.0
226,28,3,1187.0,528.0
226,5,0,1139.0,862.0
226,5,1,1126.0,836.0
226,5,2,1151.0,824.0
226,5,3,1164.0,851.0
226,18,0,1092.0,591.0
226,18,1,1079.0,566.0
226,18,2,1102.0,551.0
226,18,3,1117.0,576.0
226,12,0,1077.0,650.0
226,12,1,1064.0,624.0
226,12,2,1088.0,610.0
226,12,3,1101.0,636.0
226,7,0,1062.0,709.0
226,7,1,1049.0,684.0
226,7,2,1072.0,669.0
226,7,3,1086.0,694.0
226,0,0,1085.0,841.0
226,0,1,1073.0,815.0
226,0,2,1096.0,804.0
226,0,3,1108.0,830.0
226,23,0,1107.0,531.0
226,23,1,1094.0,507.0
226,23,2,1117.0,492.0
226,23,3,1130.0,516.0
226,13,0,1037.0,576.0
226,13,1,1025.0,552.0
226,13,2,1048.0,538.0
226,13,3,1061.0,562.0
226,29,0,1120.0,471.0
226,29,1,1107.0,448.0
226,29,2,1128.0,432.0
226,29,3,1143.0,456.0
226,1,0,1048.0,765.0
226,1,1,1035.0,740.0
226,1,2,1058.0,727.0
226,1,3,1070.0,753.0
226,8,0,1023.0,634.0
226,8,1,1011.0,610.0
226,8,2,1033.0,596.0
226,8,3,1046.0,620.0
226,2,0,1010.0,691.0
226,2,1,998.0,666.0
226,2,2,1020.0,653.0
226,2,3,1032.0,678.0
226,3,0,974.0,619.0
226,3,1,963.0,595.0
226,3,2,983.0,582.0
226,3,3,994.0,606.0
226,4,0,940.0,551.0
226,4,1,930.0,528.0
226,4,2,948.0,515.0
226,4,3,959.0,536.0
226,9,0,987.0,563.0
226,9,1,975.0,540.0
226,9,2,996.0,525.0
226,9,3,1007.0,549.0
226,14,0,999.0,506.0
226,14,1,988.0,483.0
226,14,2,1008.0,469.0
226,14,3,1021.0,492.0
226,19,0,1052.0,518.0
226,19,1,1039.0,495.0
226,19,2,1061.0,480.0
226,19,3,1075.0,504.0
226,24,0,1067.0,461.0
226,24,1,1053.0,439.0
226,24,2,1075.0,423.0
226,24,3,1088.0,446.0
226,34,0,1133.0,412.0
226,34,1,1119.0,390.0
226,34,2,1142.0,375.0
226,34,3,1155.0,396.0
227,25,0,1226.0,967.0
227,25,1,1228.0,941.0
227,25,2,1268.0,944.0
227,25,3,1268.0,970.0
227,35,0,1347.0,976.0
227,35,1,1344.0,949.0
227,35,2,1382.0,951.0
227,35,3,1386.0,980.0
227,5,0,988.0,934.0
227,5,1,997.0,911.0
227,5,2,1036.0,917.0
227,5,3,1028.0,940.0
227,20,0,1172.0,925.0
227,20,1,1175.0,902.0
227,20,2,1212.0,903.0
227,20,3,1211.0,927.0
227,30,0,1287.0,933.0
227,30,1,1285.0,910.0
227,30,2,1323.0,912.0
227,30,3,1325.0,935.0
227,10,0,1059.0,908.0
227,10,1,1065.0,887.0
227,10,2,1102.0,893.0
227,10,3,1097.0,914.0
227,16,0,1124.0,884.0
227,16,1,1127.0,864.0
227,16,2,1162.0,867.0
227,16,3,1160.0,888.0
227,15,0,1106.0,955.0
227,15,1,1111.0,930.0
227,15,2,1150.0,935.0
227,15,3,1147.0,960.0
227,17,0,1136.0,825.0
227,17,1,1139.0,810.0
227,17,2,1171.0,811.0
227,17,3,1170.0,827.0
227,21,0,1182.0,858.0
227,21,1,1183.0,840.0
227,21,2,1218.0,841.0
227,21,3,1217.0,860.0
227,26,0,1231.0,893.0
227,26,1,1232.0,873.0
227,26,2,1268.0,877.0
227,26,3,1268.0,897.0
228,35,0,1143.0,726.0
228,35,1,1144.0,692.0
228,35,2,1174.0,688.0
228,35,3,1174.0,724.0
228,36,0,1147.0,628.0
228,36,1,1149.0,596.0
228,36,2,1176.0,590.0
228,36,3,1176.0,623.0
228,30,0,1102.0,681.0
228,30,1,1104.0,650.0
228,30,2,1132.0,645.0
228,30,3,1130.0,678.0
228,25,0,1058.0,733.0
228,25,1,1059.0,701.0
228,25,2,1087.0,698.0
228,25,3,1084.0,731.0
228,26,0,1065.0,640.0
228,26,1,1067.0,610.0
228,26,2,1093.0,606.0
228,26,3,1091.0,637.0
228,31,0,1108.0,589.0
228,31,1,1110.0,561.0
228,31,2,1136.0,556.0
228,31,3,1135.0,584.0
228,37,0,1152.0,538.0
228,37,1,1153.0,510.0
228,37,2,1180.0,503.0
228,37,3,1178.0,531.0
228,27,0,1071.0,554.0
228,27,1,1072.0,527.0
228,27,2,1098.0,521.0
228,27,3,1097.0,549.0
228,21,0,1030.0,603.0
228,21,1,1032.0,575.0
228,21,2,1057.0,570.0
228,21,3,1055.0,599.0
228,16,0,991.0,650.0
228,16,1,993.0,624.0
228,16,2,1016.0,619.0
228,16,3,1014.0,647.0
228,22,0,1037.0,522.0
228,22,1,1039.0,497.0
228,22,2,1063.0,490.0
228,22,3,1061.0,516.0
228,10,0,951.0,697.0
228,10,1,954.0,669.0
228,10,2,976.0,666.0
228,10,3,973.0,694.0
228,17,0,998.0,569.0
228,17,1,1001.0,544.0
228,17,2,1024.0,537.0
228,17,3,1022.0,563.0
228,28,0,1076.0,475.0
228,28,1,1078.0,450.0
228,28,2,1101.0,444.0
228,28,3,1101.0,468.0
228,11,0,961.0,615.0
228,11,1,963.0,589.0
228,11,2,986.0,584.0
228,11,3,983.0,611.0
228,23,0,1043.0,447.0
228,23,1,1045.0,426.0
228,23,2,1067.0,418.0
228,23,3,1066.0,440.0
228,1,0,899.0,625.0
228,1,1,902.0,601.0
228,1,2,921.0,596.0
228,1,3,918.0,621.0
228,2,0,909.0,552.0
228,2,1,912.0,529.0
228,2,2,931.0,525.0
228,2,3,929.0,547.0
228,7,0,933.0,582.0
228,7,1,937.0,558.0
228,7,2,957.0,553.0
228,7,3,954.0,578.0
228,12,0,969.0,538.0
228,12,1,972.0,513.0
228,12,2,993.0,508.0
228,12,3,991.0,533.0
228,15,0,980.0,737.0
228,15,1,984.0,707.0
228,15,2,1007.0,705.0
228,15,3,1005.0,736.0
228,18,0,1005.0,493.0
228,18,1,1009.0,469.0
228,18,2,1031.0,464.0
228,18,3,1029.0,487.0
228,20,0,1023.0,690.0
228,20,1,1026.0,660.0
228,20,2,1049.0,656.0
228,20,3,1048.0,687.0
228,32,0,1112.0,505.0
228,32,1,1113.0,479.0
228,32,2,1140.0,472.0
228,32,3,1139.0,499.0
228,33,0,1115.0,428.0
228,33,1,1115.0,404.0
228,33,2,1140.0,397.0
228,33,3,1141.0,420.0
229,39,0,1063.0,389.0
229,39,1,1036.0,368.0
229,39,2,1058.0,343.0
229,39,3,1084.0,364.0
229,34,0,994.0,394.0
229,34,1,968.0,374.0
229,34,2,988.0,348.0
229,34,3,1015.0,369.0
229,38,0,1133.0,450.0
229,38,1,1108.0,429.0
229,38,2,1130.0,405.0
229,38,3,1154.0,426.0
229,29,0,1000.0,458.0
229,29,1,975.0,439.0
229,29,2,995.0,414.0
229,29,3,1021.0,435.0
229,33,0,1066.0,455.0
229,33,1,1042.0,435.0
229,33,2,1062.0,410.0
229,33,3,1087.0,430.0
229,24,0,934.0,463.0
229,24,1,909.0,443.0
229,24,2,928.0,419.0
229,24,3,954.0,439.0
229,19,0,941.0,525.0
229,19,1,916.0,506.0
229,19,2,935.0,482.0
229,19,3,961.0,502.0
229,23,0,1005.0,520.0
229,23,1,981.0,500.0
229,23,2,1001.0,477.0
229,23,3,1026.0,497.0
229,28,0,1070.0,517.0
229,28,1,1046.0,497.0
229,28,2,1067.0,474.0
229,28,3,1091.0,494.0
229,14,0,878.0,530.0
229,14,1,851.0,511.0
229,14,2,871.0,488.0
229,14,3,896.0,507.0
229,18,0,1010.0,580.0
229,18,1,986.0,561.0
229,18,2,1007.0,538.0
229,18,3,1031.0,557.0
229,37,0,1196.0,509.0
229,37,1,1175.0,490.0
229,37,2,1198.0,467.0
229,37,3,1220.0,488.0
229,32,0,1135.0,513.0
229,32,1,1111.0,494.0
229,32,2,1132.0,471.0
229,32,3,1155.0,490.0
229,13,0,948.0,584.0
229,13,1,923.0,566.0
229,13,2,942.0,544.0
229,13,3,967.0,562.0
229,22,0,1073.0,575.0
229,22,1,1050.0,557.0
229,22,2,1070.0,535.0
229,22,3,1094.0,554.0
229,27,0,1136.0,572.0
229,27,1,1114.0,554.0
229,27,2,1135.0,532.0
229,27,3,1157.0,552.0
229,9,0,886.0,588.0
229,9,1,862.0,570.0
229,9,2,879.0,548.0
229,9,3,904.0,566.0
229,31,0,1198.0,569.0
229,31,1,1176.0,551.0
229,31,2,1196.0,529.0
229,31,3,1218.0,547.0
229,12,0,1015.0,636.0
229,12,1,992.0,619.0
229,12,2,1011.0,597.0
229,12,3,1034.0,615.0
229,17,0,1076.0,632.0
229,17,1,1053.0,614.0
229,17,2,1074.0,593.0
229,17,3,1095.0,610.0
229,21,0,1136.0,628.0
229,21,1,1115.0,611.0
229,21,2,1135.0,589.0
229,21,3,1157.0,607.0
229,36,0,1257.0,566.0
229,36,1,1238.0,546.0
229,36,2,1260.0,526.0
229,36,3,1279.0,546.0
229,4,0,826.0,591.0
229,4,1,802.0,573.0
229,4,2,818.0,552.0
229,4,3,843.0,570.0
229,8,0,955.0,639.0
229,8,1,930.0,621.0
229,8,2,949.0,602.0
229,8,3,973.0,620.0
229,26,0,1195.0,624.0
229,26,1,1175.0,607.0
229,26,2,1197.0,587.0
229,26,3,1217.0,604.0
229,3,0,895.0,641.0
229,3,1,871.0,625.0
229,3,2,888.0,605.0
229,3,3,912.0,622.0
229,2,0,959.0,691.0
229,2,1,937.0,674.0
229,2,2,955.0,655.0
229,2,3,978.0,672.0
229,11,0,1078.0,685.0
229,11,1,1056.0,669.0
229,11,2,1076.0,649.0
229,11,3,1097.0,666.0
229,16,0,1135.0,681.0
229,16,1,1116.0,664.0
229,16,2,1136.0,645.0
229,16,3,1157.0,662.0
229,30,0,1254.0,621.0
229,30,1,1235.0,604.0
229,30,2,1258.0,585.0
229,30,3,1275.0,602.0
229,7,0,1019.0,688.0
229,7,1,997.0,672.0
229,7,2,1015.0,653.0
229,7,3,1037.0,669.0
229,20,0,1193.0,677.0
229,20,1,1175.0,660.0
229,20,2,1196.0,642.0
229,20,3,1215.0,658.0
229,10,0,1136.0,732.0
229,10,1,1116.0,716.0
229,10,2,1137.0,698.0
229,10,3,1156.0,714.0
229,25,0,1251.0,674.0
229,25,1,1233.0,658.0
229,25,2,1253.0,638.0
229,25,3,1271.0,655.0
229,6,0,1079.0,735.0
229,6,1,1059.0,719.0
229,6,2,1078.0,701.0
229,6,3,1098.0,716.0
229,35,0,1310.0,617.0
229,35,1,1294.0,600.0
229,35,2,1316.0,582.0
229,35,3,1332.0,599.0
229,1,0,1022.0,736.0
229,1,1,1001.0,721.0
229,1,2,1019.0,704.0
229,1,3,1041.0,719.0
229,15,0,1191.0,728.0
229,15,1,1174.0,712.0
229,15,2,1195.0,695.0
229,15,3,1212.0,710.0
229,0,0,1081.0,779.0
229,0,1,1061.0,766.0
229,0,2,1078.0,750.0
229,0,3,1099.0,764.0
229,5,0,1134.0,777.0
229,5,1,1117.0,763.0
229,5,2,1136.0,747.0
229,5,3,1154.0,762.0
230,35,0,1115.0,1109.0
230,35,1,1132.0,1074.0
230,35,2,1182.0,1081.0
230,35,3,1167.0,1119.0
230,25,0,978.0,1087.0
230,25,1,1000.0,1057.0
230,25,2,1044.0,1063.0
230,25,3,1023.0,1094.0
230,30,0,1072.0,1052.0
230,30,1,1090.0,1026.0
230,30,2,1134.0,1029.0
230,30,3,1119.0,1057.0
230,15,0,861.0,1066.0
230,15,1,886.0,1040.0
230,15,2,923.0,1047.0
230,15,3,900.0,1074.0
230,36,0,1161.0,1017.0
230,36,1,1174.0,992.0
230,36,2,1218.0,993.0
230,36,3,1206.0,1021.0
230,20,0,951.0,1038.0
230,20,1,972.0,1012.0
230,20,2,1011.0,1016.0
230,20,3,991.0,1042.0
230,26,0,1038.0,1007.0
230,26,1,1056.0,983.0
230,26,2,1095.0,989.0
230,26,3,1079.0,1012.0
230,10,0,845.0,1017.0
230,10,1,868.0,995.0
230,10,2,903.0,1002.0
230,10,3,880.0,1025.0
230,5,0,760.0,1036.0
230,5,1,786.0,1014.0
230,5,2,818.0,1023.0
230,5,3,793.0,1045.0
230,16,0,928.0,994.0
230,16,1,948.0,973.0
230,16,2,983.0,977.0
230,16,3,964.0,999.0
230,31,0,1120.0,979.0
230,31,1,1135.0,957.0
230,31,2,1173.0,960.0
230,31,3,1160.0,981.0
230,21,0,1009.0,968.0
230,21,1,1025.0,948.0
230,21,2,1061.0,950.0
230,21,3,1045.0,971.0
230,27,0,1085.0,942.0
230,27,1,1098.0,923.0
230,27,2,1135.0,926.0
230,27,3,1122.0,946.0
230,0,0,754.0,993.0
230,0,1,778.0,974.0
230,0,2,807.0,981.0
230,0,3,784.0,1000.0
230,6,0,832.0,976.0
230,6,1,854.0,957.0
230,6,2,884.0,963.0
230,6,3,864.0,982.0
230,37,0,1197.0,950.0
230,37,1,1207.0,931.0
230,37,2,1245.0,930.0
230,37,3,1236.0,948.0
230,11,0,909.0,956.0
230,11,1,928.0,937.0
230,11,2,959.0,942.0
230,11,3,941.0,961.0
230,1,0,821.0,942.0
230,1,1,841.0,926.0
230,1,2,870.0,929.0
230,1,3,850.0,946.0
230,17,0,984.0,934.0
230,17,1,1000.0,917.0
230,17,2,1031.0,919.0
230,17,3,1016.0,937.0
230,7,0,892.0,923.0
230,7,1,910.0,907.0
230,7,2,939.0,910.0
230,7,3,922.0,927.0
230,12,0,962.0,903.0
230,12,1,978.0,887.0
230,12,2,1007.0,890.0
230,12,3,993.0,906.0
230,33,0,1186.0,867.0
230,33,1,1194.0,851.0
230,33,2,1227.0,852.0
230,33,3,1220.0,867.0
230,2,0,878.0,894.0
230,2,1,895.0,880.0
230,2,2,922.0,883.0
230,2,3,905.0,898.0
230,29,0,1153.0,842.0
230,29,1,1161.0,830.0
230,29,2,1192.0,831.0
230,29,3,1184.0,844.0
230,34,0,1210.0,823.0
230,34,1,1216.0,811.0
230,34,2,1245.0,809.0
230,34,3,1240.0,823.0
230,22,0,1056.0,911.0
230,22,1,1068.0,895.0
230,22,2,1101.0,896.0
230,22,3,1089.0,912.0
230,28,0,1123.0,888.0
230,28,1,1133.0,873.0
230,28,2,1166.0,874.0
230,28,3,1157.0,890.0
230,32,0,1157.0,918.0
230,32,1,1167.0,900.0
230,32,2,1204.0,901.0
230,32,3,1194.0,920.0
230,38,0,1224.0,892.0
230,38,1,1232.0,875.0
230,38,2,1267.0,877.0
230,38,3,1261.0,894.0
230,39,0,1245.0,844.0
230,39,1,1251.0,830.0
230,39,2,1283.0,830.0
230,39,3,1278.0,844.0
231,15,0,1560.0,760.0
231,15,1,1547.0,714.0
231,15,2,1589.0,699.0
231,15,3,1603.0,744.0
231,25,0,1679.0,714.0
231,25,1,1664.0,668.0
231,25,2,1704.0,651.0
231,25,3,1720.0,697.0
231,35,0,1792.0,665.0
231,35,1,1776.0,619.0
231,35,2,1815.0,601.0
231,35,3,1831.0,648.0
231,20,0,1600.0,674.0
231,20,1,1584.0,630.0
231,20,2,1625.0,613.0
231,20,3,1641.0,657.0
231,30,0,1713.0,625.0
231,30,1,1696.0,582.0
231,30,2,1736.0,564.0
231,30,3,1754.0,608.0
231,10,0,1482.0,719.0
231,10,1,1468.0,676.0
231,10,2,1509.0,659.0
231,10,3,1524.0,703.0
231,5,0,1441.0,802.0
231,5,1,1429.0,759.0
231,5,2,1470.0,743.0
231,5,3,1484.0,787.0
231,36,0,1743.0,537.0
231,36,1,1724.0,495.0
231,36,2,1761.0,477.0
231,36,3,1781.0,520.0
231,26,0,1634.0,587.0
231,26,1,1617.0,544.0
231,26,2,1655.0,528.0
231,26,3,1673.0,570.0
231,16,0,1520.0,634.0
231,16,1,1505.0,592.0
231,16,2,1545.0,576.0
231,16,3,1560.0,618.0
231,0,0,1369.0,761.0
231,0,1,1355.0,719.0
231,0,2,1396.0,704.0
231,0,3,1408.0,747.0
231,6,0,1406.0,680.0
231,6,1,1393.0,638.0
231,6,2,1431.0,622.0
231,6,3,1446.0,664.0
231,21,0,1554.0,551.0
231,21,1,1538.0,510.0
231,21,2,1575.0,494.0
231,21,3,1593.0,534.0
231,11,0,1441.0,598.0
231,11,1,1428.0,558.0
231,11,2,1466.0,542.0
231,11,3,1481.0,582.0
231,31,0,1664.0,503.0
231,31,1,1645.0,462.0
231,31,2,1681.0,446.0
231,31,3,1700.0,486.0
231,1,0,1333.0,644.0
231,1,1,1321.0,604.0
231,1,2,1358.0,589.0
231,1,3,1371.0,628.0
231,17,0,1475.0,517.0
231,17,1,1460.0,480.0
231,17,2,1496.0,464.0
231,17,3,1513.0,500.0
231,27,0,1584.0,469.0
231,27,1,1567.0,431.0
231,27,2,1601.0,416.0
231,27,3,1620.0,453.0
231,7,0,1367.0,565.0
231,7,1,1354.0,528.0
231,7,2,1390.0,512.0
231,7,3,1404.0,549.0
231,37,0,1687.0,420.0
231,37,1,1669.0,384.0
231,37,2,1701.0,366.0
231,37,3,1722.0,403.0
231,22,0,1505.0,439.0
231,22,1,1489.0,404.0
231,22,2,1523.0,388.0
231,22,3,1540.0,423.0
231,32,0,1608.0,391.0
231,32,1,1591.0,357.0
231,32,2,1623.0,341.0
231,32,3,1642.0,375.0
231,2,0,1296.0,535.0
231,2,1,1285.0,501.0
231,2,2,1319.0,485.0
231,2,3,1332.0,518.0
231,18,0,1428.0,411.0
231,18,1,1414.0,380.0
231,18,2,1447.0,364.0
231,18,3,1462.0,396.0
231,13,0,1356.0,388.0
231,13,1,1344.0,359.0
231,13,2,1375.0,343.0
231,13,3,1389.0,371.0
231,3,0,1261.0,437.0
231,3,1,1251.0,408.0
231,3,2,1281.0,393.0
231,3,3,1292.0,422.0
231,8,0,1328.0,461.0
231,8,1,1315.0,429.0
231,8,2,1348.0,413.0
231,8,3,1361.0,444.0
231,12,0,1399.0,487.0
231,12,1,1385.0,452.0
231,12,2,1420.0,436.0
231,12,3,1435.0,471.0
232,25,0,1647.0,725.0
232,25,1,1630.0,687.0
232,25,2,1671.0,666.0
232,25,3,1690.0,703.0
232,15,0,1521.0,787.0
232,15,1,1508.0,749.0
232,15,2,1550.0,729.0
232,15,3,1564.0,768.0
232,5,0,1398.0,842.0
232,5,1,1390.0,805.0
232,5,2,1431.0,788.0
232,5,3,1441.0,826.0
232,20,0,1562.0,701.0
232,20,1,1548.0,668.0
232,20,2,1587.0,646.0
232,20,3,1603.0,681.0
232,30,0,1680.0,637.0
232,30,1,1662.0,605.0
232,30,2,1701.0,584.0
232,30,3,1720.0,617.0
232,10,0,1444.0,760.0
232,10,1,1435.0,725.0
232,10,2,1474.0,706.0
232,10,3,1485.0,741.0
232,26,0,1597.0,620.0
232,26,1,1582.0,590.0
232,26,2,1618.0,569.0
232,26,3,1636.0,599.0
232,16,0,1485.0,680.0
232,16,1,1474.0,649.0
232,16,2,1512.0,630.0
232,16,3,1524.0,661.0
232,6,0,1375.0,735.0
232,6,1,1368.0,703.0
232,6,2,1405.0,686.0
232,6,3,1413.0,719.0
232,31,0,1627.0,545.0
232,31,1,1610.0,518.0
232,31,2,1644.0,498.0
232,31,3,1662.0,524.0
232,21,0,1521.0,605.0
232,21,1,1509.0,578.0
232,21,2,1544.0,558.0
232,21,3,1558.0,586.0
232,11,0,1417.0,662.0
232,11,1,1408.0,632.0
232,11,2,1442.0,615.0
232,11,3,1452.0,644.0
232,1,0,1315.0,713.0
232,1,1,1309.0,684.0
232,1,2,1342.0,667.0
232,1,3,1349.0,696.0
232,27,0,1552.0,535.0
232,27,1,1539.0,511.0
232,27,2,1572.0,492.0
232,27,3,1586.0,516.0
232,37,0,1651.0,475.0
232,37,1,1634.0,452.0
232,37,2,1665.0,432.0
232,37,3,1683.0,453.0
232,17,0,1453.0,593.0
232,17,1,1443.0,568.0
232,17,2,1476.0,549.0
232,17,3,1487.0,574.0
232,7,0,1354.0,645.0
232,7,1,1347.0,619.0
232,7,2,1380.0,602.0
232,7,3,1387.0,628.0
232,22,0,1485.0,528.0
232,22,1,1475.0,505.0
232,22,2,1505.0,487.0
232,22,3,1517.0,509.0
232,8,0,1334.0,571.0
232,8,1,1329.0,549.0
232,8,2,1357.0,533.0
232,8,3,1363.0,554.0
232,13,0,1367.0,514.0
232,13,1,1361.0,496.0
232,13,2,1388.0,479.0
232,13,3,1396.0,497.0
232,23,0,1453.0,464.0
232,23,1,1444.0,446.0
232,23,2,1471.0,429.0
232,23,3,1480.0,446.0
232,3,0,1285.0,563.0
232,3,1,1281.0,543.0
232,3,2,1307.0,528.0
232,3,3,1312.0,546.0
232,2,0,1298.0,631.0
232,2,1,1293.0,607.0
232,2,2,1324.0,591.0
232,2,3,1329.0,615.0
232,12,0,1390.0,580.0
232,12,1,1383.0,556.0
232,12,2,1413.0,540.0
232,12,3,1422.0,564.0
232,18,0,1423.0,520.0
232,18,1,1415.0,500.0
232,18,2,1444.0,483.0
232,18,3,1453.0,504.0
232,32,0,1578.0,470.0
232,32,1,1565.0,450.0
232,32,2,1594.0,430.0
232,32,3,1610.0,451.0
232,36,0,1707.0,556.0
232,36,1,1688.0,527.0
232,36,2,1723.0,507.0
232,36,3,1744.0,536.0
233,34,0,904.0,324.0
233,34,1,878.0,309.0
233,34,2,898.0,289.0
233,34,3,924.0,303.0
233,39,0,972.0,314.0
233,39,1,947.0,301.0
233,39,2,967.0,280.0
233,39,3,993.0,294.0
233,29,0,910.0,371.0
233,29,1,886.0,357.0
233,29,2,905.0,340.0
233,29,3,930.0,353.0
233,38,0,1039.0,355.0
233,38,1,1016.0,343.0
233,38,2,1036.0,323.0
233,38,3,1059.0,336.0
233,33,0,974.0,364.0
233,33,1,952.0,351.0
233,33,2,971.0,331.0
233,33,3,994.0,344.0
233,24,0,847.0,377.0
233,24,1,822.0,365.0
233,24,2,839.0,347.0
233,24,3,865.0,360.0
233,32,0,1035.0,400.0
233,32,1,1017.0,387.0
233,32,2,1037.0,371.0
233,32,3,1057.0,383.0
233,14,0,796.0,431.0
233,14,1,773.0,421.0
233,14,2,787.0,404.0
233,14,3,811.0,414.0
233,23,0,918.0,411.0
233,23,1,894.0,401.0
233,23,2,911.0,385.0
233,23,3,935.0,396.0
233,37,0,1094.0,392.0
233,37,1,1077.0,380.0
233,37,2,1100.0,365.0
233,37,3,1117.0,378.0
233,28,0,978.0,405.0
233,28,1,956.0,395.0
233,28,2,974.0,379.0
233,28,3,996.0,390.0
233,18,0,922.0,452.0
233,18,1,901.0,442.0
233,18,2,918.0,425.0
233,18,3,939.0,435.0
233,9,0,808.0,468.0
233,9,1,784.0,458.0
233,9,2,799.0,444.0
233,9,3,823.0,453.0
233,13,0,866.0,460.0
233,13,1,843.0,451.0
233,13,2,859.0,435.0
233,13,3,881.0,445.0
233,12,0,927.0,488.0
233,12,1,906.0,479.0
233,12,2,923.0,464.0
233,12,3,944.0,473.0
233,22,0,980.0,443.0
233,22,1,959.0,433.0
233,22,2,976.0,419.0
233,22,3,997.0,429.0
233,31,0,1092.0,433.0
233,31,1,1075.0,422.0
233,31,2,1095.0,407.0
233,31,3,1112.0,419.0
233,4,0,752.0,474.0
233,4,1,729.0,465.0
233,4,2,742.0,452.0
233,4,3,766.0,460.0
233,27,0,1037.0,437.0
233,27,1,1018.0,428.0
233,27,2,1036.0,414.0
233,27,3,1055.0,424.0
233,8,0,873.0,494.0
233,8,1,851.0,486.0
233,8,2,867.0,472.0
233,8,3,888.0,481.0
233,21,0,1037.0,472.0
233,21,1,1018.0,463.0
233,21,2,1035.0,450.0
233,21,3,1052.0,459.0
233,36,0,1149.0,427.0
233,36,1,1131.0,417.0
233,36,2,1150.0,403.0
233,36,3,1167.0,413.0
233,17,0,981.0,480.0
233,17,1,963.0,472.0
233,17,2,979.0,457.0
233,17,3,998.0,466.0
233,26,0,1088.0,467.0
233,26,1,1072.0,458.0
233,26,2,1091.0,444.0
233,26,3,1107.0,454.0
233,3,0,819.0,500.0
233,3,1,797.0,492.0
233,3,2,811.0,479.0
233,3,3,832.0,487.0
233,2,0,879.0,525.0
233,2,1,860.0,516.0
233,2,2,875.0,504.0
233,2,3,894.0,512.0
233,11,0,983.0,512.0
233,11,1,966.0,505.0
233,11,2,981.0,492.0
233,11,3,999.0,500.0
233,30,0,1142.0,461.0
233,30,1,1126.0,453.0
233,30,2,1144.0,440.0
233,30,3,1160.0,449.0
233,10,0,1034.0,537.0
233,10,1,1018.0,529.0
233,10,2,1033.0,518.0
233,10,3,1050.0,525.0
233,5,0,1033.0,564.0
233,5,1,1019.0,558.0
233,5,2,1032.0,548.0
233,5,3,1048.0,554.0
233,1,0,936.0,546.0
233,1,1,918.0,540.0
233,1,2,932.0,530.0
233,1,3,950.0,537.0
233,6,0,985.0,542.0
233,6,1,968.0,535.0
233,6,2,984.0,523.0
233,6,3,1000.0,531.0
233,7,0,932.0,518.0
233,7,1,913.0,510.0
233,7,2,927.0,499.0
233,7,3,946.0,506.0
233,19,0,857.0,421.0
233,19,1,832.0,410.0
233,19,2,849.0,392.0
233,19,3,873.0,403.0
233,20,0,1086.0,500.0
233,20,1,1070.0,492.0
233,20,2,1087.0,479.0
233,20,3,1103.0,488.0
233,25,0,1137.0,494.0
233,25,1,1121.0,486.0
233,25,2,1138.0,474.0
233,25,3,1152.0,482.0
233,35,0,1193.0,456.0
233,35,1,1178.0,448.0
233,35,2,1198.0,436.0
233,35,3,1211.0,445.0
234,38,0,1154.0,429.0
234,38,1,1145.0,399.0
234,38,2,1172.0,391.0
234,38,3,1181.0,422.0
234,39,0,1129.0,343.0
234,39,1,1120.0,313.0
234,39,2,1146.0,305.0
234,39,3,1155.0,334.0
234,37,0,1176.0,514.0
234,37,1,1170.0,484.0
234,37,2,1196.0,479.0
234,37,3,1202.0,510.0
234,33,0,1104.0,397.0
234,33,1,1095.0,367.0
234,33,2,1121.0,360.0
234,33,3,1129.0,389.0
234,32,0,1127.0,480.0
234,32,1,1119.0,451.0
234,32,2,1145.0,445.0
234,32,3,1153.0,474.0
234,36,0,1197.0,599.0
234,36,1,1190.0,570.0
234,36,2,1216.0,566.0
234,36,3,1224.0,595.0
234,34,0,1078.0,313.0
234,34,1,1070.0,285.0
234,34,2,1094.0,276.0
234,34,3,1103.0,304.0
234,31,0,1149.0,563.0
234,31,1,1142.0,534.0
234,31,2,1167.0,530.0
234,31,3,1174.0,559.0
234,28,0,1079.0,448.0
234,28,1,1071.0,420.0
234,28,2,1096.0,413.0
234,28,3,1104.0,441.0
234,29,0,1054.0,366.0
234,29,1,1047.0,338.0
234,29,2,1071.0,330.0
234,29,3,1079.0,358.0
234,27,0,1101.0,529.0
234,27,1,1094.0,501.0
234,27,2,1119.0,496.0
234,27,3,1126.0,524.0
234,35,0,1216.0,680.0
234,35,1,1210.0,653.0
234,35,2,1236.0,650.0
234,35,3,1242.0,678.0
234,30,0,1169.0,644.0
234,30,1,1162.0,617.0
234,30,2,1188.0,614.0
234,30,3,1194.0,641.0
234,26,0,1123.0,609.0
234,26,1,1116.0,582.0
234,26,2,1140.0,578.0
234,26,3,1146.0,606.0
234,23,0,1032.0,417.0
234,23,1,1025.0,390.0
234,23,2,1047.0,383.0
234,23,3,1055.0,411.0
234,22,0,1056.0,497.0
234,22,1,1048.0,470.0
234,22,2,1071.0,464.0
234,22,3,1078.0,491.0
234,24,0,1008.0,338.0
234,24,1,1001.0,312.0
234,24,2,1023.0,303.0
234,24,3,1031.0,329.0
234,21,0,1077.0,575.0
234,21,1,1071.0,548.0
234,21,2,1093.0,544.0
234,21,3,1100.0,572.0
234,18,0,1012.0,466.0
234,18,1,1004.0,438.0
234,18,2,1026.0,433.0
234,18,3,1033.0,460.0
234,25,0,1143.0,686.0
234,25,1,1136.0,661.0
234,25,2,1160.0,658.0
234,25,3,1166.0,684.0
234,12,0,991.0,512.0
234,12,1,983.0,486.0
234,12,2,1005.0,480.0
234,12,3,1012.0,507.0
234,19,0,988.0,388.0
234,19,1,981.0,362.0
234,19,2,1002.0,355.0
234,19,3,1010.0,381.0
234,17,0,1034.0,543.0
234,17,1,1027.0,516.0
234,17,2,1048.0,512.0
234,17,3,1055.0,539.0
234,13,0,969.0,437.0
234,13,1,962.0,411.0
234,13,2,982.0,404.0
234,13,3,990.0,430.0
234,9,0,927.0,409.0
234,9,1,920.0,385.0
234,9,2,939.0,378.0
234,9,3,947.0,402.0
234,8,0,949.0,482.0
234,8,1,942.0,458.0
234,8,2,962.0,451.0
234,8,3,969.0,477.0
234,10,0,1035.0,659.0
234,10,1,1027.0,635.0
234,10,2,1046.0,632.0
234,10,3,1053.0,656.0
234,3,0,911.0,455.0
234,3,1,904.0,430.0
234,3,2,921.0,425.0
234,3,3,929.0,448.0
234,4,0,889.0,384.0
234,4,1,882.0,360.0
234,4,2,899.0,353.0
234,4,3,906.0,377.0
234,2,0,932.0,525.0
234,2,1,925.0,503.0
234,2,2,944.0,497.0
234,2,3,951.0,521.0
234,7,0,971.0,555.0
234,7,1,965.0,531.0
234,7,2,984.0,527.0
234,7,3,991.0,551.0
234,11,0,1013.0,585.0
234,11,1,1006.0,561.0
234,11,2,1026.0,557.0
234,11,3,1033.0,583.0
234,14,0,946.0,362.0
234,14,1,938.0,337.0
234,14,2,959.0,329.0
234,14,3,966.0,354.0
234,15,0,1075.0,691.0
234,15,1,1068.0,669.0
234,15,2,1089.0,665.0
234,15,3,1096.0,690.0
234,16,0,1055.0,618.0
234,16,1,1048.0,593.0
234,16,2,1069.0,589.0
234,16,3,1076.0,615.0
234,20,0,1098.0,651.0
234,20,1,1092.0,626.0
234,20,2,1115.0,624.0
234,20,3,1121.0,648.0
235,35,0,1379.0,1073.0
235,35,1,1373.0,1040.0
235,35,2,1414.0,1032.0
235,35,3,1420.0,1067.0
235,25,0,1255.0,1092.0
235,25,1,1255.0,1059.0
235,25,2,1296.0,1053.0
235,25,3,1298.0,1086.0
235,15,0,1135.0,1106.0
235,15,1,1137.0,1074.0
235,15,2,1178.0,1071.0
235,15,3,1177.0,1103.0
235,5,0,1018.0,1110.0
235,5,1,1024.0,1079.0
235,5,2,1063.0,1078.0
235,5,3,1057.0,1109.0
235,20,0,1196.0,1054.0
235,20,1,1197.0,1024.0
235,20,2,1236.0,1018.0
235,20,3,1235.0,1049.0
235,30,0,1311.0,1037.0
235,30,1,1310.0,1007.0
235,30,2,1348.0,1000.0
235,30,3,1352.0,1029.0
235,10,0,1082.0,1063.0
235,10,1,1088.0,1034.0
235,10,2,1125.0,1032.0
235,10,3,1122.0,1062.0
235,36,0,1363.0,982.0
235,36,1,1357.0,956.0
235,36,2,1394.0,947.0
235,36,3,1401.0,974.0
235,26,0,1252.0,1002.0
235,26,1,1250.0,975.0
235,26,2,1288.0,971.0
235,26,3,1290.0,997.0
235,0,0,975.0,1068.0
235,0,1,982.0,1040.0
235,0,2,1018.0,1039.0
235,0,3,1010.0,1067.0
235,16,0,1142.0,1017.0
235,16,1,1146.0,990.0
235,16,2,1181.0,986.0
235,16,3,1180.0,1014.0
235,6,0,1036.0,1025.0
235,6,1,1042.0,999.0
235,6,2,1077.0,997.0
235,6,3,1073.0,1023.0
235,21,0,1197.0,971.0
235,21,1,1198.0,946.0
235,21,2,1233.0,941.0
235,21,3,1234.0,965.0
235,11,0,1094.0,983.0
235,11,1,1098.0,958.0
235,11,2,1132.0,955.0
235,11,3,1130.0,980.0
235,31,0,1302.0,955.0
235,31,1,1300.0,931.0
235,31,2,1335.0,925.0
235,31,3,1339.0,948.0
235,27,0,1247.0,927.0
235,27,1,1246.0,904.0
235,27,2,1280.0,899.0
235,27,3,1282.0,922.0
235,1,0,996.0,992.0
235,1,1,1002.0,968.0
235,1,2,1034.0,965.0
235,1,3,1029.0,989.0
235,17,0,1148.0,942.0
235,17,1,1149.0,920.0
235,17,2,1182.0,915.0
235,17,3,1182.0,937.0
235,7,0,1051.0,952.0
235,7,1,1055.0,930.0
235,7,2,1087.0,926.0
235,7,3,1084.0,949.0
235,37,0,1349.0,910.0
235,37,1,1344.0,888.0
235,37,2,1376.0,880.0
235,37,3,1382.0,900.0
235,32,0,1293.0,886.0
235,32,1,1290.0,866.0
235,32,2,1322.0,860.0
235,32,3,1326.0,881.0
235,22,0,1197.0,901.0
235,22,1,1198.0,881.0
235,22,2,1229.0,875.0
235,22,3,1230.0,896.0
235,12,0,1103.0,913.0
235,12,1,1105.0,892.0
235,12,2,1137.0,890.0
235,12,3,1135.0,910.0
235,2,0,1012.0,924.0
235,2,1,1017.0,904.0
235,2,2,1047.0,900.0
235,2,3,1043.0,921.0
235,18,0,1151.0,879.0
235,18,1,1153.0,858.0
235,18,2,1183.0,854.0
235,18,3,1181.0,874.0
235,28,0,1243.0,862.0
235,28,1,1242.0,844.0
235,28,2,1272.0,840.0
235,28,3,1273.0,858.0
235,8,0,1063.0,888.0
235,8,1,1066.0,869.0
235,8,2,1094.0,866.0
235,8,3,1092.0,884.0
235,38,0,1335.0,846.0
235,38,1,1331.0,828.0
235,38,2,1361.0,824.0
235,38,3,1365.0,842.0
235,33,0,1284.0,827.0
235,33,1,1282.0,809.0
235,33,2,1311.0,804.0
235,33,3,1314.0,822.0
235,23,0,1197.0,843.0
235,23,1,1196.0,825.0
235,23,2,1225.0,820.0
235,23,3,1226.0,837.0
235,13,0,1110.0,854.0
235,13,1,1112.0,837.0
235,13,2,1141.0,833.0
235,13,3,1140.0,850.0
235,3,0,1026.0,866.0
235,3,1,1031.0,849.0
235,3,2,1057.0,845.0
235,3,3,1054.0,862.0
235,19,0,1154.0,823.0
235,19,1,1155.0,807.0
235,19,2,1183.0,802.0
235,19,3,1182.0,819.0
235,14,0,1115.0,803.0
235,14,1,1117.0,788.0
235,14,2,1143.0,785.0
235,14,3,1143.0,800.0
235,24,0,1195.0,791.0
235,24,1,1195.0,777.0
235,24,2,1222.0,772.0
235,24,3,1222.0,787.0
235,4,0,1038.0,816.0
235,4,1,1042.0,801.0
235,4,2,1067.0,797.0
235,4,3,1063.0,812.0
235,9,0,1072.0,834.0
235,9,1,1076.0,817.0
235,9,2,1102.0,814.0
235,9,3,1100.0,830.0
235,29,0,1238.0,808.0
235,29,1,1237.0,792.0
235,29,2,1264.0,787.0
235,29,3,1266.0,803.0
235,34,0,1276.0,776.0
235,34,1,1274.0,761.0
235,34,2,1300.0,756.0
235,34,3,1303.0,770.0
235,39,0,1322.0,792.0
235,39,1,1318.0,775.0
235,39,2,1346.0,771.0
235,39,3,1350.0,786.0
236,35,0,1376.0,1105.0
236,35,1,1379.0,1068.0
236,35,2,1423.0,1069.0
236,35,3,1422.0,1108.0
236,25,0,1241.0,1095.0
236,25,1,1249.0,1059.0
236,25,2,1293.0,1062.0
236,25,3,1287.0,1098.0
236,15,0,1111.0,1082.0
236,15,1,1122.0,1050.0
236,15,2,1166.0,1055.0
236,15,3,1155.0,1088.0
236,20,0,1189.0,1041.0
236,20,1,1197.0,1010.0
236,20,2,1239.0,1011.0
236,20,3,1233.0,1042.0
236,5,0,989.0,1059.0
236,5,1,1005.0,1028.0
236,5,2,1044.0,1036.0
236,5,3,1030.0,1066.0
236,30,0,1315.0,1048.0
236,30,1,1319.0,1018.0
236,30,2,1362.0,1018.0
236,30,3,1360.0,1049.0
236,10,0,1069.0,1026.0
236,10,1,1081.0,997.0
236,10,2,1120.0,1002.0
236,10,3,1109.0,1033.0
236,36,0,1382.0,1003.0
236,36,1,1384.0,974.0
236,36,2,1424.0,975.0
236,36,3,1424.0,1004.0
236,16,0,1143.0,991.0
236,16,1,1153.0,963.0
236,16,2,1191.0,966.0
236,16,3,1182.0,995.0
236,31,0,1326.0,962.0
236,31,1,1328.0,936.0
236,31,2,1366.0,936.0
236,31,3,1365.0,962.0
236,21,0,1212.0,955.0
236,21,1,1218.0,929.0
236,21,2,1255.0,930.0
236,21,3,1251.0,956.0
236,27,0,1275.0,920.0
236,27,1,1279.0,896.0
236,27,2,1315.0,899.0
236,27,3,1312.0,923.0
236,1,0,1000.0,931.0
236,1,1,1012.0,911.0
236,1,2,1044.0,914.0
236,1,3,1033.0,937.0
236,37,0,1384.0,925.0
236,37,1,1385.0,902.0
236,37,2,1421.0,901.0
236,37,3,1422.0,922.0
236,17,0,1168.0,915.0
236,17,1,1175.0,893.0
236,17,2,1210.0,893.0
236,17,3,1204.0,916.0
236,7,0,1066.0,905.0
236,7,1,1076.0,884.0
236,7,2,1109.0,886.0
236,7,3,1099.0,909.0
236,32,0,1333.0,889.0
236,32,1,1334.0,868.0
236,32,2,1368.0,867.0
236,32,3,1368.0,890.0
236,22,0,1230.0,884.0
236,22,1,1234.0,863.0
236,22,2,1268.0,863.0
236,22,3,1265.0,883.0
236,28,0,1287.0,854.0
236,28,1,1289.0,835.0
236,28,2,1320.0,836.0
236,28,3,1319.0,854.0
236,2,0,1034.0,869.0
236,2,1,1044.0,850.0
236,2,2,1075.0,852.0
236,2,3,1065.0,872.0
236,18,0,1187.0,850.0
236,18,1,1194.0,831.0
236,18,2,1226.0,833.0
236,18,3,1220.0,852.0
236,38,0,1385.0,857.0
236,38,1,1385.0,838.0
236,38,2,1417.0,838.0
236,38,3,1418.0,859.0
236,23,0,1243.0,824.0
236,23,1,1247.0,806.0
236,23,2,1277.0,806.0
236,23,3,1275.0,824.0
236,33,0,1338.0,827.0
236,33,1,1338.0,808.0
236,33,2,1368.0,809.0
236,33,3,1369.0,827.0
236,13,0,1151.0,818.0
236,13,1,1157.0,803.0
236,13,2,1187.0,804.0
236,13,3,1181.0,821.0
236,29,0,1293.0,798.0
236,29,1,1296.0,781.0
236,29,2,1325.0,783.0
236,29,3,1324.0,799.0
236,3,0,1064.0,815.0
236,3,1,1072.0,798.0
236,3,2,1100.0,800.0
236,3,3,1093.0,816.0
236,24,0,1254.0,773.0
236,24,1,1256.0,758.0
236,24,2,1285.0,758.0
236,24,3,1283.0,772.0
236,4,0,1088.0,767.0
236,4,1,1094.0,753.0
236,4,2,1120.0,753.0
236,4,3,1114.0,768.0
236,6,0,1031.0,976.0
236,6,1,1044.0,951.0
236,6,2,1080.0,955.0
236,6,3,1069.0,981.0
236,8,0,1094.0,843.0
236,8,1,1102.0,826.0
236,8,2,1132.0,827.0
236,8,3,1126.0,845.0
236,9,0,1117.0,792.0
236,9,1,1124.0,777.0
236,9,2,1152.0,778.0
236,9,3,1145.0,794.0
236,11,0,1102.0,945.0
236,11,1,1112.0,921.0
236,11,2,1148.0,925.0
236,11,3,1139.0,949.0
236,12,0,1129.0,875.0
236,12,1,1137.0,856.0
236,12,2,1169.0,859.0
236,12,3,1163.0,879.0
236,19,0,1204.0,795.0
236,19,1,1209.0,780.0
236,19,2,1237.0,780.0
236,19,3,1233.0,797.0
236,26,0,1261.0,999.0
236,26,1,1266.0,971.0
236,26,2,1306.0,973.0
236,26,3,1303.0,1001.0
236,34,0,1340.0,774.0
236,34,1,1340.0,760.0
236,34,2,1369.0,758.0
236,34,3,1370.0,772.0
236,39,0,1384.0,800.0
236,39,1,1384.0,783.0
236,39,2,1412.0,783.0
236,39,3,1415.0,800.0
237,39,0,1024.0,404.0
237,39,1,997.0,387.0
237,39,2,1016.0,360.0
237,39,3,1042.0,377.0
237,34,0,959.0,416.0
237,34,1,931.0,398.0
237,34,2,948.0,373.0
237,34,3,976.0,390.0
237,33,0,1035.0,465.0
237,33,1,1009.0,448.0
237,33,2,1027.0,423.0
237,33,3,1053.0,439.0
237,38,0,1098.0,454.0
237,38,1,1073.0,437.0
237,38,2,1091.0,412.0
237,38,3,1117.0,428.0
237,29,0,971.0,475.0
237,29,1,945.0,458.0
237,29,2,962.0,434.0
237,29,3,989.0,451.0
237,24,0,909.0,485.0
237,24,1,882.0,469.0
237,24,2,898.0,445.0
237,24,3,925.0,461.0
237,19,0,923.0,542.0
237,19,1,897.0,527.0
237,19,2,913.0,502.0
237,19,3,939.0,518.0
237,32,0,1106.0,512.0
237,32,1,1082.0,496.0
237,32,2,1101.0,472.0
237,32,3,1125.0,488.0
237,23,0,984.0,531.0
237,23,1,958.0,515.0
237,23,2,975.0,492.0
237,23,3,1001.0,508.0
237,37,0,1167.0,501.0
237,37,1,1144.0,486.0
237,37,2,1163.0,462.0
237,37,3,1187.0,479.0
237,28,0,1045.0,521.0
237,28,1,1020.0,506.0
237,28,2,1038.0,483.0
237,28,3,1063.0,499.0
237,14,0,863.0,553.0
237,14,1,836.0,538.0
237,14,2,852.0,515.0
237,14,3,878.0,530.0
237,18,0,995.0,585.0
237,18,1,970.0,570.0
237,18,2,987.0,547.0
237,18,3,1011.0,562.0
237,27,0,1113.0,565.0
237,27,1,1090.0,551.0
237,27,2,1108.0,529.0
237,27,3,1132.0,544.0
237,22,0,1053.0,574.0
237,22,1,1030.0,560.0
237,22,2,1047.0,538.0
237,22,3,1071.0,552.0
237,13,0,936.0,595.0
237,13,1,911.0,581.0
237,13,2,926.0,559.0
237,13,3,951.0,573.0
237,31,0,1172.0,557.0
237,31,1,1150.0,541.0
237,31,2,1168.0,520.0
237,31,3,1190.0,534.0
237,9,0,877.0,605.0
237,9,1,853.0,591.0
237,9,2,868.0,569.0
237,9,3,893.0,584.0
237,36,0,1231.0,547.0
237,36,1,1209.0,532.0
237,36,2,1229.0,510.0
237,36,3,1249.0,525.0
237,12,0,1005.0,635.0
237,12,1,981.0,622.0
237,12,2,997.0,601.0
237,12,3,1021.0,614.0
237,17,0,1062.0,625.0
237,17,1,1040.0,612.0
237,17,2,1057.0,590.0
237,17,3,1079.0,604.0
237,4,0,821.0,612.0
237,4,1,797.0,599.0
237,4,2,810.0,578.0
237,4,3,835.0,592.0
237,26,0,1176.0,606.0
237,26,1,1155.0,592.0
237,26,2,1174.0,572.0
237,26,3,1194.0,586.0
237,21,0,1120.0,615.0
237,21,1,1098.0,602.0
237,21,2,1115.0,581.0
237,21,3,1136.0,594.0
237,8,0,948.0,643.0
237,8,1,924.0,631.0
237,8,2,939.0,611.0
237,8,3,963.0,624.0
237,3,0,892.0,651.0
237,3,1,868.0,638.0
237,3,2,882.0,619.0
237,3,3,906.0,632.0
237,7,0,1014.0,681.0
237,7,1,991.0,668.0
237,7,2,1007.0,650.0
237,7,3,1030.0,663.0
237,30,0,1232.0,597.0
237,30,1,1213.0,584.0
237,30,2,1231.0,564.0
237,30,3,1250.0,577.0
237,11,0,1070.0,672.0
237,11,1,1048.0,660.0
237,11,2,1064.0,641.0
237,11,3,1086.0,653.0
237,2,0,959.0,689.0
237,2,1,936.0,676.0
237,2,2,951.0,658.0
237,2,3,974.0,671.0
237,16,0,1125.0,663.0
237,16,1,1104.0,651.0
237,16,2,1120.0,632.0
237,16,3,1142.0,644.0
237,20,0,1180.0,654.0
237,20,1,1160.0,642.0
237,20,2,1176.0,623.0
237,20,3,1197.0,635.0
237,25,0,1235.0,645.0
237,25,1,1215.0,632.0
237,25,2,1233.0,613.0
237,25,3,1251.0,626.0
237,35,0,1287.0,588.0
237,35,1,1269.0,575.0
237,35,2,1288.0,556.0
237,35,3,1305.0,570.0
237,6,0,1076.0,716.0
237,6,1,1055.0,704.0
237,6,2,1072.0,687.0
237,6,3,1092.0,698.0
237,10,0,1130.0,709.0
237,10,1,1110.0,697.0
237,10,2,1126.0,679.0
237,10,3,1146.0,690.0
237,15,0,1183.0,700.0
237,15,1,1164.0,688.0
237,15,2,1181.0,670.0
237,15,3,1200.0,682.0
237,1,0,1022.0,723.0
237,1,1,1001.0,712.0
237,1,2,1016.0,695.0
237,1,3,1038.0,707.0
237,0,0,1082.0,756.0
237,0,1,1062.0,745.0
237,0,2,1077.0,730.0
237,0,3,1097.0,740.0
237,5,0,1134.0,749.0
237,5,1,1115.0,739.0
237,5,2,1131.0,723.0
237,5,3,1150.0,733.0
238,10,0,1244.0,870.0
238,10,1,1224.0,836.0
238,10,2,1265.0,823.0
238,10,3,1286.0,856.0
238,1,0,1061.0,811.0
238,1,1,1049.0,781.0
238,1,2,1091.0,769.0
238,1,3,1105.0,800.0
238,16,0,1277.0,802.0
238,16,1,1256.0,772.0
238,16,2,1294.0,762.0
238,16,3,1314.0,790.0
238,7,0,1104.0,751.0
238,7,1,1091.0,725.0
238,7,2,1130.0,716.0
238,7,3,1144.0,741.0
238,21,0,1302.0,742.0
238,21,1,1283.0,717.0
238,21,2,1318.0,706.0
238,21,3,1338.0,730.0
238,17,0,1219.0,721.0
238,17,1,1203.0,698.0
238,17,2,1239.0,688.0
238,17,3,1255.0,711.0
238,2,0,1025.0,725.0
238,2,1,1018.0,703.0
238,2,2,1056.0,696.0
238,2,3,1065.0,718.0
238,5,0,1205.0,949.0
238,5,1,1185.0,910.0
238,5,2,1230.0,896.0
238,5,3,1250.0,935.0
238,6,0,1149.0,840.0
238,6,1,1133.0,808.0
238,6,2,1175.0,796.0
238,6,3,1193.0,828.0
238,11,0,1188.0,776.0
238,11,1,1171.0,748.0
238,11,2,1210.0,738.0
238,11,3,1227.0,765.0
238,20,0,1368.0,829.0
238,20,1,1345.0,797.0
238,20,2,1381.0,784.0
238,20,3,1404.0,814.0
238,26,0,1388.0,763.0
238,26,1,1366.0,736.0
238,26,2,1400.0,725.0
238,26,3,1421.0,750.0
239,39,0,1086.0,303.0
239,39,1,1069.0,279.0
239,39,2,1096.0,267.0
239,39,3,1112.0,291.0
239,34,0,1023.0,286.0
239,34,1,1007.0,262.0
239,34,2,1032.0,251.0
239,34,3,1049.0,274.0
239,33,0,1071.0,353.0
239,33,1,1057.0,330.0
239,33,2,1082.0,319.0
239,33,3,1097.0,342.0
239,38,0,1131.0,370.0
239,38,1,1117.0,347.0
239,38,2,1142.0,335.0
239,38,3,1156.0,359.0
239,29,0,1014.0,336.0
239,29,1,998.0,313.0
239,29,2,1020.0,302.0
239,29,3,1037.0,325.0
239,24,0,955.0,319.0
239,24,1,940.0,297.0
239,24,2,961.0,286.0
239,24,3,978.0,308.0
239,32,0,1115.0,415.0
239,32,1,1102.0,394.0
239,32,2,1127.0,385.0
239,32,3,1140.0,405.0
239,19,0,948.0,367.0
239,19,1,932.0,346.0
239,19,2,954.0,335.0
239,19,3,970.0,356.0
239,37,0,1171.0,431.0
239,37,1,1159.0,410.0
239,37,2,1184.0,402.0
239,37,3,1196.0,424.0
239,23,0,1005.0,382.0
239,23,1,989.0,360.0
239,23,2,1010.0,351.0
239,23,3,1026.0,373.0
239,28,0,1059.0,398.0
239,28,1,1046.0,377.0
239,28,2,1069.0,369.0
239,28,3,1083.0,390.0
239,14,0,893.0,354.0
239,14,1,877.0,334.0
239,14,2,896.0,322.0
239,14,3,913.0,343.0
239,18,0,995.0,425.0
239,18,1,980.0,406.0
239,18,2,1002.0,396.0
239,18,3,1016.0,416.0
239,31,0,1155.0,474.0
239,31,1,1143.0,454.0
239,31,2,1166.0,446.0
239,31,3,1178.0,466.0
239,13,0,941.0,411.0
239,13,1,926.0,392.0
239,13,2,947.0,383.0
239,13,3,962.0,402.0
239,36,0,1207.0,490.0
239,36,1,1196.0,471.0
239,36,2,1220.0,464.0
239,36,3,1231.0,483.0
239,27,0,1101.0,456.0
239,27,1,1089.0,437.0
239,27,2,1112.0,430.0
239,27,3,1124.0,449.0
239,22,0,1048.0,439.0
239,22,1,1035.0,420.0
239,22,2,1056.0,412.0
239,22,3,1070.0,432.0
239,9,0,888.0,397.0
239,9,1,873.0,378.0
239,9,2,892.0,369.0
239,9,3,907.0,389.0
239,17,0,1038.0,479.0
239,17,1,1025.0,461.0
239,17,2,1045.0,453.0
239,17,3,1058.0,472.0
239,21,0,1089.0,494.0
239,21,1,1077.0,476.0
239,21,2,1098.0,469.0
239,21,3,1110.0,487.0
239,8,0,936.0,451.0
239,8,1,921.0,432.0
239,8,2,940.0,425.0
239,8,3,954.0,443.0
239,26,0,1140.0,510.0
239,26,1,1128.0,493.0
239,26,2,1149.0,486.0
239,26,3,1161.0,503.0
239,4,0,840.0,382.0
239,4,1,822.0,365.0
239,4,2,838.0,355.0
239,4,3,855.0,373.0
239,3,0,886.0,436.0
239,3,1,871.0,418.0
239,3,2,888.0,410.0
239,3,3,903.0,429.0
239,30,0,1189.0,525.0
239,30,1,1179.0,509.0
239,30,2,1201.0,503.0
239,30,3,1211.0,520.0
239,20,0,1126.0,545.0
239,20,1,1115.0,528.0
239,20,2,1136.0,522.0
239,20,3,1146.0,538.0
239,2,0,930.0,486.0
239,2,1,917.0,470.0
239,2,2,934.0,463.0
239,2,3,948.0,479.0
239,25,0,1173.0,559.0
239,25,1,1164.0,545.0
239,25,2,1185.0,538.0
239,25,3,1194.0,553.0
239,10,0,1066.0,564.0
239,10,1,1054.0,548.0
239,10,2,1073.0,542.0
239,10,3,1085.0,558.0
239,1,0,972.0,534.0
239,1,1,960.0,519.0
239,1,2,976.0,513.0
239,1,3,990.0,529.0
239,5,0,1055.0,594.0
239,5,1,1044.0,580.0
239,5,2,1061.0,575.0
239,5,3,1072.0,590.0
239,0,0,1010.0,579.0
239,0,1,999.0,565.0
239,0,2,1015.0,560.0
239,0,3,1028.0,575.0
239,6,0,1018.0,549.0
239,6,1,1007.0,533.0
239,6,2,1024.0,527.0
239,6,3,1037.0,543.0
239,7,0,979.0,501.0
239,7,1,966.0,484.0
239,7,2,984.0,478.0
239,7,3,997.0,494.0
239,11,0,1027.0,515.0
239,11,1,1015.0,500.0
239,11,2,1035.0,492.0
239,11,3,1048.0,509.0
239,12,0,986.0,465.0
239,12,1,972.0,448.0
239,12,2,992.0,439.0
239,12,3,1007.0,457.0
239,15,0,1112.0,578.0
239,15,1,1102.0,563.0
239,15,2,1121.0,556.0
239,15,3,1132.0,572.0
239,16,0,1077.0,530.0
239,16,1,1065.0,514.0
239,16,2,1086.0,507.0
239,16,3,1097.0,523.0
239,35,0,1239.0,542.0
239,35,1,1229.0,526.0
239,35,2,1252.0,520.0
239,35,3,1261.0,537.0
240,5,0,1108.0,844.0
240,5,1,1098.0,808.0
240,5,2,1135.0,796.0
240,5,3,1146.0,832.0
240,15,0,1216.0,810.0
240,15,1,1205.0,773.0
240,15,2,1242.0,762.0
240,15,3,1253.0,798.0
240,25,0,1322.0,773.0
240,25,1,1310.0,736.0
240,25,2,1345.0,723.0
240,25,3,1358.0,760.0
240,10,0,1146.0,774.0
240,10,1,1136.0,738.0
240,10,2,1172.0,727.0
240,10,3,1183.0,762.0
240,0,0,1042.0,808.0
240,0,1,1032.0,772.0
240,0,2,1068.0,761.0
240,0,3,1078.0,797.0
240,20,0,1252.0,739.0
240,20,1,1240.0,704.0
240,20,2,1275.0,691.0
240,20,3,1288.0,726.0
240,30,0,1355.0,701.0
240,30,1,1342.0,665.0
240,30,2,1376.0,653.0
240,30,3,1390.0,688.0
240,35,0,1424.0,734.0
240,35,1,1412.0,698.0
240,35,2,1445.0,686.0
240,35,3,1458.0,722.0
240,16,0,1183.0,705.0
240,16,1,1171.0,671.0
240,16,2,1206.0,659.0
240,16,3,1218.0,693.0
240,6,0,1080.0,740.0
240,6,1,1069.0,705.0
240,6,2,1104.0,694.0
240,6,3,1115.0,727.0
240,26,0,1285.0,668.0
240,26,1,1273.0,634.0
240,26,2,1307.0,622.0
240,26,3,1319.0,656.0
240,36,0,1385.0,630.0
240,36,1,1371.0,597.0
240,36,2,1404.0,584.0
240,36,3,1418.0,617.0
240,21,0,1216.0,637.0
240,21,1,1205.0,604.0
240,21,2,1238.0,592.0
240,21,3,1251.0,624.0
240,11,0,1115.0,672.0
240,11,1,1105.0,640.0
240,11,2,1139.0,628.0
240,11,3,1150.0,661.0
240,1,0,1015.0,706.0
240,1,1,1006.0,673.0
240,1,2,1040.0,662.0
240,1,3,1049.0,695.0
240,31,0,1316.0,600.0
240,31,1,1303.0,568.0
240,31,2,1335.0,556.0
240,31,3,1348.0,587.0
240,7,0,1050.0,641.0
240,7,1,1041.0,610.0
240,7,2,1075.0,599.0
240,7,3,1084.0,630.0
240,17,0,1149.0,607.0
240,17,1,1139.0,576.0
240,17,2,1171.0,564.0
240,17,3,1183.0,594.0
240,22,0,1181.0,543.0
240,22,1,1170.0,514.0
240,22,2,1201.0,502.0
240,22,3,1213.0,531.0
240,3,0,965.0,526.0
240,3,1,957.0,500.0
240,3,2,988.0,488.0
240,3,3,995.0,515.0
240,13,0,1055.0,492.0
240,13,1,1047.0,466.0
240,13,2,1077.0,454.0
240,13,3,1086.0,479.0
240,4,0,943.0,448.0
240,4,1,936.0,424.0
240,4,2,964.0,413.0
240,4,3,972.0,437.0
240,2,0,989.0,612.0
240,2,1,981.0,582.0
240,2,2,1013.0,571.0
240,2,3,1021.0,601.0
240,8,0,1023.0,551.0
240,8,1,1014.0,522.0
240,8,2,1045.0,511.0
240,8,3,1054.0,539.0
240,9,0,997.0,469.0
240,9,1,989.0,445.0
240,9,2,1019.0,433.0
240,9,3,1027.0,458.0
240,12,0,1084.0,577.0
240,12,1,1075.0,548.0
240,12,2,1107.0,537.0
240,12,3,1117.0,566.0
240,14,0,1028.0,415.0
240,14,1,1020.0,391.0
240,14,2,1049.0,381.0
240,14,3,1057.0,404.0
240,19,0,1086.0,435.0
240,19,1,1077.0,411.0
240,19,2,1106.0,400.0
240,19,3,1116.0,424.0
240,23,0,1147.0,457.0
240,23,1,1137.0,432.0
240,23,2,1166.0,421.0
240,23,3,1177.0,446.0
240,24,0,1115.0,382.0
240,24,1,1106.0,359.0
240,24,2,1134.0,349.0
240,24,3,1143.0,371.0
240,27,0,1248.0,571.0
240,27,1,1236.0,540.0
240,27,2,1267.0,528.0
240,27,3,1280.0,559.0
240,32,0,1276.0,507.0
240,32,1,1264.0,479.0
240,32,2,1294.0,467.0
240,32,3,1307.0,495.0
240,37,0,1344.0,533.0
240,37,1,1331.0,504.0
240,37,2,1361.0,493.0
240,37,3,1375.0,521.0
241,34,0,1021.0,276.0
241,34,1,1000.0,257.0
241,34,2,1027.0,238.0
241,34,3,1049.0,258.0
241,39,0,1091.0,275.0
241,39,1,1072.0,256.0
241,39,2,1101.0,238.0
241,39,3,1119.0,256.0
241,24,0,946.0,327.0
241,24,1,925.0,311.0
241,24,2,951.0,294.0
241,24,3,972.0,311.0
241,29,0,1014.0,326.0
241,29,1,995.0,310.0
241,29,2,1021.0,293.0
241,29,3,1041.0,310.0
241,33,0,1081.0,327.0
241,33,1,1063.0,310.0
241,33,2,1090.0,292.0
241,33,3,1107.0,309.0
241,19,0,944.0,376.0
241,19,1,923.0,362.0
241,19,2,948.0,344.0
241,19,3,967.0,359.0
241,38,0,1144.0,325.0
241,38,1,1128.0,309.0
241,38,2,1154.0,291.0
241,38,3,1170.0,308.0
241,14,0,882.0,381.0
241,14,1,858.0,368.0
241,14,2,878.0,350.0
241,14,3,902.0,363.0
241,23,0,1008.0,372.0
241,23,1,990.0,356.0
241,23,2,1013.0,342.0
241,23,3,1032.0,358.0
241,28,0,1071.0,371.0
241,28,1,1054.0,357.0
241,28,2,1079.0,342.0
241,28,3,1096.0,357.0
241,32,0,1131.0,371.0
241,32,1,1116.0,357.0
241,32,2,1141.0,341.0
241,32,3,1156.0,355.0
241,18,0,1002.0,415.0
241,18,1,985.0,402.0
241,18,2,1007.0,386.0
241,18,3,1025.0,400.0
241,4,0,820.0,425.0
241,4,1,798.0,413.0
241,4,2,816.0,398.0
241,4,3,839.0,410.0
241,13,0,944.0,419.0
241,13,1,924.0,408.0
241,13,2,943.0,392.0
241,13,3,965.0,404.0
241,9,0,883.0,422.0
241,9,1,861.0,411.0
241,9,2,879.0,396.0
241,9,3,902.0,407.0
241,37,0,1189.0,369.0
241,37,1,1176.0,354.0
241,37,2,1201.0,341.0
241,37,3,1214.0,357.0
241,3,0,884.0,458.0
241,3,1,861.0,447.0
241,3,2,882.0,435.0
241,3,3,903.0,446.0
241,22,0,1063.0,411.0
241,22,1,1046.0,399.0
241,22,2,1069.0,385.0
241,22,3,1085.0,398.0
241,8,0,942.0,456.0
241,8,1,922.0,445.0
241,8,2,941.0,433.0
241,8,3,961.0,444.0
241,27,0,1119.0,410.0
241,27,1,1105.0,398.0
241,27,2,1129.0,386.0
241,27,3,1143.0,398.0
241,21,0,1110.0,447.0
241,21,1,1094.0,436.0
241,21,2,1117.0,422.0
241,21,3,1130.0,433.0
241,17,0,1055.0,450.0
241,17,1,1039.0,440.0
241,17,2,1060.0,425.0
241,17,3,1075.0,437.0
241,7,0,994.0,487.0
241,7,1,976.0,477.0
241,7,2,997.0,465.0
241,7,3,1013.0,475.0
241,11,0,1047.0,484.0
241,11,1,1032.0,475.0
241,11,2,1052.0,462.0
241,11,3,1067.0,472.0
241,1,0,990.0,517.0
241,1,1,973.0,509.0
241,1,2,992.0,498.0
241,1,3,1007.0,507.0
241,0,0,1034.0,543.0
241,0,1,1020.0,535.0
241,0,2,1037.0,526.0
241,0,3,1051.0,534.0
241,2,0,940.0,489.0
241,2,1,921.0,480.0
241,2,2,940.0,467.0
241,2,3,958.0,477.0
241,6,0,1041.0,515.0
241,6,1,1025.0,506.0
241,6,2,1043.0,496.0
241,6,3,1059.0,504.0
241,10,0,1092.0,513.0
241,10,1,1077.0,505.0
241,10,2,1096.0,493.0
241,10,3,1109.0,502.0
241,12,0,999.0,454.0
241,12,1,980.0,443.0
241,12,2,1002.0,428.0
241,12,3,1019.0,440.0
241,16,0,1100.0,481.0
241,16,1,1086.0,472.0
241,16,2,1104.0,460.0
241,16,3,1118.0,469.0
241,26,0,1162.0,445.0
241,26,1,1149.0,434.0
241,26,2,1169.0,423.0
241,26,3,1183.0,433.0
241,31,0,1174.0,410.0
241,31,1,1162.0,399.0
241,31,2,1186.0,385.0
241,31,3,1197.0,399.0
241,36,0,1228.0,410.0
241,36,1,1217.0,397.0
241,36,2,1240.0,385.0
241,36,3,1251.0,397.0
242,25,0,1241.0,842.0
242,25,1,1242.0,819.0
242,25,2,1281.0,821.0
242,25,3,1282.0,844.0
242,15,0,1123.0,831.0
242,15,1,1128.0,809.0
242,15,2,1167.0,814.0
242,15,3,1163.0,836.0
242,5,0,1007.0,814.0
242,5,1,1017.0,792.0
242,5,2,1054.0,797.0
242,5,3,1047.0,818.0
242,20,0,1187.0,805.0
242,20,1,1189.0,785.0
242,20,2,1226.0,785.0
242,20,3,1225.0,806.0
242,10,0,1076.0,790.0
242,10,1,1082.0,771.0
242,10,2,1119.0,776.0
242,10,3,1114.0,795.0
242,6,0,1034.0,754.0
242,6,1,1042.0,738.0
242,6,2,1075.0,743.0
242,6,3,1069.0,759.0
242,21,0,1195.0,746.0
242,21,1,1196.0,731.0
242,21,2,1229.0,731.0
242,21,3,1229.0,747.0
242,1,0,997.0,726.0
242,1,1,1006.0,711.0
242,1,2,1036.0,713.0
242,1,3,1029.0,728.0
242,0,0,969.0,777.0
242,0,1,979.0,758.0
242,0,2,1013.0,762.0
242,0,3,1005.0,780.0
242,2,0,1021.0,681.0
242,2,1,1027.0,670.0
242,2,2,1055.0,671.0
242,2,3,1050.0,684.0
242,3,0,1039.0,645.0
242,3,1,1045.0,636.0
242,3,2,1072.0,637.0
242,3,3,1067.0,647.0
242,7,0,1055.0,706.0
242,7,1,1061.0,693.0
242,7,2,1092.0,696.0
242,7,3,1087.0,710.0
242,11,0,1095.0,736.0
242,11,1,1099.0,720.0
242,11,2,1131.0,724.0
242,11,3,1128.0,740.0
242,16,0,1138.0,769.0
242,16,1,1142.0,751.0
242,16,2,1176.0,754.0
242,16,3,1174.0,772.0
242,17,0,1150.0,718.0
242,17,1,1153.0,704.0
242,17,2,1183.0,706.0
242,17,3,1182.0,719.0
242,30,0,1299.0,811.0
242,30,1,1298.0,793.0
242,30,2,1334.0,794.0
242,30,3,1336.0,814.0
243,15,0,1083.0,896.0
243,15,1,1091.0,872.0
243,15,2,1130.0,881.0
243,15,3,1124.0,906.0
243,25,0,1205.0,919.0
243,25,1,1207.0,893.0
243,25,2,1247.0,899.0
243,25,3,1246.0,924.0
243,5,0,966.0,867.0
243,5,1,977.0,845.0
243,5,2,1016.0,853.0
243,5,3,1007.0,876.0
243,20,0,1151.0,873.0
243,20,1,1155.0,851.0
243,20,2,1193.0,855.0
243,20,3,1191.0,878.0
243,10,0,1039.0,847.0
243,10,1,1046.0,828.0
243,10,2,1084.0,836.0
243,10,3,1078.0,856.0
243,30,0,1265.0,890.0
243,30,1,1265.0,869.0
243,30,2,1303.0,874.0
243,30,3,1304.0,895.0
243,36,0,1319.0,864.0
243,36,1,1318.0,845.0
243,36,2,1352.0,849.0
243,36,3,1354.0,869.0
243,16,0,1105.0,830.0
243,16,1,1109.0,812.0
243,16,2,1144.0,817.0
243,16,3,1141.0,837.0
243,6,0,999.0,805.0
243,6,1,1007.0,788.0
243,6,2,1042.0,795.0
243,6,3,1035.0,813.0
243,21,0,1164.0,810.0
243,21,1,1167.0,792.0
243,21,2,1201.0,797.0
243,21,3,1199.0,815.0
243,17,0,1120.0,775.0
243,17,1,1124.0,761.0
243,17,2,1154.0,765.0
243,17,3,1153.0,780.0
243,0,0,929.0,823.0
243,0,1,942.0,803.0
243,0,2,977.0,812.0
243,0,3,967.0,830.0
243,1,0,963.0,769.0
243,1,1,972.0,755.0
243,1,2,1005.0,760.0
243,1,3,996.0,776.0
243,3,0,1013.0,686.0
243,3,1,1019.0,676.0
243,3,2,1047.0,680.0
243,3,3,1041.0,690.0
243,7,0,1024.0,754.0
243,7,1,1031.0,740.0
243,7,2,1063.0,746.0
243,7,3,1057.0,761.0
243,8,0,1046.0,711.0
243,8,1,1052.0,699.0
243,8,2,1080.0,705.0
243,8,3,1075.0,716.0
243,11,0,1063.0,790.0
243,11,1,1068.0,773.0
243,11,2,1101.0,780.0
243,11,3,1097.0,797.0
243,12,0,1082.0,741.0
243,12,1,1086.0,727.0
243,12,2,1115.0,734.0
243,12,3,1112.0,748.0
243,18,0,1134.0,730.0
243,18,1,1136.0,717.0
243,18,2,1164.0,723.0
243,18,3,1163.0,735.0
243,26,0,1213.0,848.0
243,26,1,1214.0,828.0
243,26,2,1248.0,835.0
243,26,3,1249.0,854.0
243,27,0,1218.0,791.0
243,27,1,1219.0,775.0
243,27,2,1250.0,781.0
243,27,3,1250.0,797.0
243,28,0,1223.0,744.0
243,28,1,1223.0,731.0
243,28,2,1252.0,736.0
243,28,3,1252.0,748.0
243,32,0,1266.0,776.0
243,32,1,1265.0,762.0
243,32,2,1295.0,766.0
243,32,3,1296.0,781.0
243,33,0,1265.0,731.0
243,33,1,1265.0,718.0
243,33,2,1292.0,724.0
243,33,3,1293.0,736.0
243,35,0,1323.0,937.0
243,35,1,1322.0,911.0
243,35,2,1360.0,917.0
243,35,3,1362.0,945.0
243,37,0,1314.0,809.0
243,37,1,1312.0,794.0
243,37,2,1343.0,797.0
243,37,3,1346.0,811.0
244,10,0,1154.0,746.0
244,10,1,1143.0,709.0
244,10,2,1180.0,696.0
244,10,3,1193.0,734.0
244,16,0,1191.0,675.0
244,16,1,1178.0,636.0
244,16,2,1215.0,624.0
244,16,3,1227.0,662.0
244,17,0,1153.0,568.0
244,17,1,1140.0,531.0
244,17,2,1176.0,517.0
244,17,3,1190.0,555.0
244,11,0,1120.0,640.0
244,11,1,1107.0,602.0
244,11,2,1143.0,589.0
244,11,3,1157.0,626.0
244,21,0,1224.0,602.0
244,21,1,1212.0,565.0
244,21,2,1248.0,551.0
244,21,3,1261.0,590.0
244,6,0,1085.0,711.0
244,6,1,1072.0,674.0
244,6,2,1109.0,661.0
244,6,3,1122.0,699.0
244,20,0,1260.0,709.0
244,20,1,1248.0,672.0
244,20,2,1285.0,659.0
244,20,3,1297.0,697.0
244,30,0,1364.0,673.0
244,30,1,1351.0,635.0
244,30,2,1387.0,622.0
244,30,3,1399.0,660.0
244,0,0,1051.0,781.0
244,0,1,1038.0,744.0
244,0,2,1075.0,732.0
244,0,3,1088.0,768.0
244,26,0,1294.0,637.0
244,26,1,1282.0,600.0
244,26,2,1318.0,587.0
244,26,3,1331.0,624.0
244,25,0,1328.0,744.0
244,25,1,1317.0,707.0
244,25,2,1354.0,694.0
244,25,3,1364.0,732.0
244,5,0,1119.0,815.0
244,5,1,1107.0,779.0
244,5,2,1145.0,767.0
244,5,3,1156.0,804.0
244,15,0,1225.0,781.0
244,15,1,1213.0,744.0
244,15,2,1250.0,731.0
244,15,3,1261.0,768.0
244,1,0,1015.0,676.0
244,1,1,1003.0,639.0
244,1,2,1039.0,626.0
244,1,3,1051.0,664.0
244,7,0,1048.0,605.0
244,7,1,1036.0,568.0
244,7,2,1072.0,556.0
244,7,3,1085.0,593.0
244,12,0,1082.0,534.0
244,12,1,1069.0,498.0
244,12,2,1104.0,484.0
244,12,3,1119.0,520.0
244,27,0,1258.0,530.0
244,27,1,1244.0,493.0
244,27,2,1279.0,480.0
244,27,3,1293.0,517.0
244,31,0,1328.0,565.0
244,31,1,1315.0,527.0
244,31,2,1350.0,515.0
244,31,3,1363.0,552.0
244,2,0,979.0,572.0
244,2,1,967.0,536.0
244,2,2,1002.0,522.0
244,2,3,1015.0,559.0
244,36,0,1397.0,600.0
244,36,1,1384.0,563.0
244,36,2,1419.0,550.0
244,36,3,1432.0,587.0
244,22,0,1186.0,495.0
244,22,1,1173.0,459.0
244,22,2,1208.0,446.0
244,22,3,1222.0,482.0
244,18,0,1115.0,463.0
244,18,1,1101.0,428.0
244,18,2,1136.0,414.0
244,18,3,1150.0,450.0
244,8,0,1011.0,501.0
244,8,1,999.0,466.0
244,8,2,1034.0,453.0
244,8,3,1047.0,488.0
244,37,0,1360.0,493.0
244,37,1,1346.0,456.0
244,37,2,1379.0,444.0
244,37,3,1394.0,479.0
244,35,0,1429.0,707.0
244,35,1,1418.0,671.0
244,35,2,1453.0,657.0
244,35,3,1463.0,693.0
244,32,0,1288.0,458.0
244,32,1,1275.0,422.0
244,32,2,1308.0,410.0
244,32,3,1322.0,446.0
244,13,0,1043.0,431.0
244,13,1,1031.0,398.0
244,13,2,1066.0,384.0
244,13,3,1079.0,418.0
244,23,0,1146.0,393.0
244,23,1,1132.0,359.0
244,23,2,1166.0,346.0
244,23,3,1180.0,380.0
244,3,0,943.0,471.0
244,3,1,932.0,437.0
244,3,2,966.0,423.0
244,3,3,978.0,457.0
244,9,0,975.0,402.0
244,9,1,963.0,369.0
244,9,2,997.0,356.0
244,9,3,1009.0,389.0
244,19,0,1076.0,363.0
244,19,1,1063.0,330.0
244,19,2,1096.0,317.0
244,19,3,1109.0,350.0
244,38,0,1317.0,388.0
244,38,1,1304.0,354.0
244,38,2,1336.0,343.0
244,38,3,1350.0,377.0
244,14,0,1006.0,335.0
244,14,1,994.0,303.0
244,14,2,1027.0,290.0
244,14,3,1040.0,321.0
244,4,0,909.0,375.0
244,4,1,898.0,343.0
244,4,2,930.0,329.0
244,4,3,942.0,361.0
244,29,0,1175.0,324.0
244,29,1,1162.0,293.0
244,29,2,1194.0,281.0
244,29,3,1209.0,312.0
244,24,0,1106.0,296.0
244,24,1,1093.0,265.0
244,24,2,1125.0,253.0
244,24,3,1138.0,283.0
244,28,0,1218.0,425.0
244,28,1,1204.0,390.0
244,28,2,1238.0,378.0
244,28,3,1252.0,412.0
244,33,0,1247.0,356.0
244,33,1,1233.0,322.0
244,33,2,1265.0,312.0
244,33,3,1279.0,345.0
245,39,0,1012.0,399.0
245,39,1,985.0,383.0
245,39,2,1003.0,356.0
245,39,3,1030.0,374.0
245,34,0,948.0,411.0
245,34,1,919.0,394.0
245,34,2,936.0,370.0
245,34,3,964.0,386.0
245,33,0,1024.0,459.0
245,33,1,998.0,444.0
245,33,2,1015.0,418.0
245,33,3,1041.0,434.0
245,38,0,1087.0,447.0
245,38,1,1061.0,431.0
245,38,2,1079.0,406.0
245,38,3,1104.0,422.0
245,29,0,961.0,469.0
245,29,1,934.0,454.0
245,29,2,950.0,430.0
245,29,3,977.0,446.0
245,24,0,898.0,481.0
245,24,1,872.0,465.0
245,24,2,888.0,441.0
245,24,3,914.0,457.0
245,19,0,912.0,537.0
245,19,1,887.0,522.0
245,19,2,902.0,498.0
245,19,3,928.0,512.0
245,14,0,853.0,549.0
245,14,1,827.0,534.0
245,14,2,841.0,511.0
245,14,3,868.0,525.0
245,32,0,1094.0,505.0
245,32,1,1071.0,490.0
245,32,2,1088.0,466.0
245,32,3,1112.0,480.0
245,37,0,1155.0,493.0
245,37,1,1132.0,479.0
245,37,2,1150.0,455.0
245,37,3,1174.0,472.0
245,28,0,1034.0,514.0
245,28,1,1009.0,500.0
245,28,2,1026.0,477.0
245,28,3,1051.0,492.0
245,23,0,973.0,524.0
245,23,1,948.0,510.0
245,23,2,964.0,487.0
245,23,3,989.0,502.0
245,13,0,926.0,589.0
245,13,1,901.0,575.0
245,13,2,916.0,553.0
245,13,3,942.0,567.0
245,18,0,985.0,577.0
245,18,1,960.0,564.0
245,18,2,976.0,541.0
245,18,3,1000.0,555.0
245,22,0,1043.0,566.0
245,22,1,1019.0,552.0
245,22,2,1036.0,531.0
245,22,3,1060.0,545.0
245,27,0,1102.0,557.0
245,27,1,1079.0,543.0
245,27,2,1097.0,522.0
245,27,3,1120.0,536.0
245,36,0,1218.0,538.0
245,36,1,1197.0,524.0
245,36,2,1216.0,502.0
245,36,3,1236.0,516.0
245,12,0,995.0,626.0
245,12,1,973.0,614.0
245,12,2,987.0,594.0
245,12,3,1010.0,607.0
245,9,0,869.0,598.0
245,9,1,844.0,585.0
245,9,2,858.0,564.0
245,9,3,883.0,578.0
245,31,0,1161.0,547.0
245,31,1,1139.0,534.0
245,31,2,1156.0,512.0
245,31,3,1178.0,526.0
245,17,0,1052.0,616.0
245,17,1,1029.0,603.0
245,17,2,1045.0,583.0
245,17,3,1069.0,596.0
245,21,0,1108.0,606.0
245,21,1,1087.0,593.0
245,21,2,1103.0,573.0
245,21,3,1126.0,586.0
245,4,0,813.0,606.0
245,4,1,788.0,593.0
245,4,2,800.0,574.0
245,4,3,826.0,587.0
245,26,0,1165.0,596.0
245,26,1,1144.0,584.0
245,26,2,1161.0,564.0
245,26,3,1182.0,576.0
245,8,0,939.0,635.0
245,8,1,915.0,623.0
245,8,2,930.0,604.0
245,8,3,953.0,617.0
245,3,0,883.0,644.0
245,3,1,860.0,632.0
245,3,2,873.0,613.0
245,3,3,897.0,626.0
245,30,0,1220.0,587.0
245,30,1,1201.0,574.0
245,30,2,1218.0,555.0
245,30,3,1238.0,568.0
245,16,0,1114.0,653.0
245,16,1,1094.0,641.0
245,16,2,1111.0,622.0
245,16,3,1131.0,634.0
245,7,0,1005.0,671.0
245,7,1,983.0,660.0
245,7,2,999.0,641.0
245,7,3,1020.0,653.0
245,11,0,1060.0,662.0
245,11,1,1038.0,651.0
245,11,2,1054.0,632.0
245,11,3,1075.0,644.0
245,20,0,1169.0,643.0
245,20,1,1149.0,632.0
245,20,2,1166.0,613.0
245,20,3,1186.0,624.0
245,2,0,951.0,679.0
245,2,1,928.0,668.0
245,2,2,942.0,650.0
245,2,3,965.0,662.0
245,25,0,1223.0,634.0
245,25,1,1204.0,623.0
245,25,2,1221.0,603.0
245,25,3,1239.0,615.0
245,10,0,1120.0,697.0
245,10,1,1100.0,686.0
245,10,2,1116.0,668.0
245,10,3,1136.0,680.0
245,6,0,1067.0,705.0
245,6,1,1046.0,694.0
245,6,2,1062.0,677.0
245,6,3,1082.0,688.0
245,15,0,1173.0,688.0
245,15,1,1154.0,678.0
245,15,2,1170.0,659.0
245,15,3,1188.0,670.0
245,1,0,1014.0,712.0
245,1,1,993.0,702.0
245,1,2,1008.0,685.0
245,1,3,1028.0,696.0
245,5,0,1124.0,737.0
245,5,1,1106.0,728.0
245,5,2,1120.0,712.0
245,5,3,1140.0,722.0
245,0,0,1073.0,744.0
245,0,1,1053.0,734.0
245,0,2,1068.0,719.0
245,0,3,1088.0,729.0
245,35,0,1273.0,577.0
245,35,1,1256.0,565.0
245,35,2,1276.0,546.0
245,35,3,1293.0,559.0
