image_idx,corner_id,x,y
0,0,1187.6036376953125,470.99639892578125
0,1,1180.3095703125,512.8773193359375
0,2,1173.0584716796875,552.896484375
0,3,1165.562255859375,592.1613159179688
0,4,1158.2794189453125,629.83203125
0,5,1150.8150634765625,666.2257080078125
0,6,1143.338623046875,700.82958984375
0,7,1136.1748046875,733.9644775390625
0,8,1129.05712890625,765.3303833007812
0,9,1144.711181640625,462.4940185546875
0,10,1138.3515625,503.8482971191406
0,11,1131.8533935546875,544.0571899414062
0,12,1125.0872802734375,583.0731201171875
0,13,1118.4796142578125,621.35888671875
0,14,1111.846435546875,657.6485595703125
0,15,1105.2867431640625,691.9962768554688
0,16,1099.23681640625,724.9512329101562
0,17,1093.0428466796875,756.2734375
0,18,1102.618408203125,454.273681640625
0,19,1096.884765625,495.3110656738281
0,20,1090.9554443359375,535.5313720703125
0,21,1085.013916015625,574.4553833007812
0,22,1079.25732421875,612.1409912109375
0,23,1073.610595703125,648.3427124023438
0,24,1067.749755859375,683.1771850585938
0,25,1062.409423828125,716.3389282226562
0,26,1057.0823974609375,747.4638671875
0,27,1060.9510498046875,446.3777770996094
0,28,1055.6490478515625,487.4837646484375
0,29,1050.5789794921875,527.6131591796875
0,30,1045.409423828125,566.114990234375
0,31,1040.5362548828125,603.656982421875
0,32,1035.561767578125,639.6552734375
0,33,1030.8984375,674.2603149414062
0,34,1025.9964599609375,707.327392578125
0,35,1021.5827026367188,738.9841918945312
0,36,1019.1470947265625,439.73974609375
0,37,1014.8735961914062,480.0823669433594
0,38,1010.526123046875,519.8744506835938
0,39,1006.2127075195312,558.227294921875
0,40,1001.8685913085938,595.7550048828125
0,41,997.8462524414062,631.3865356445312
0,42,993.8987426757812,665.6710815429688
0,43,990.0318603515625,698.801025390625
0,44,986.4298095703125,730.1650390625
0,45,979.0966186523438,433.2370910644531
0,46,975.6211547851562,473.1934509277344
0,47,972.078857421875,512.3217163085938
0,48,968.188720703125,550.5503540039062
0,49,964.7977905273438,587.49658203125
0,50,961.526611328125,622.85302734375
0,51,958.5270385742188,657.0595092773438
0,52,955.6062622070312,689.6654052734375
0,53,952.8462524414062,720.6533203125
0,54,939.6475219726562,427.8311767578125
0,55,936.4434204101562,467.2134094238281
0,56,933.6978759765625,505.8227233886719
0,57,931.2374877929688,543.0127563476562
0,58,928.4000854492188,579.8109130859375
0,59,925.693115234375,615.2014770507812
0,60,923.4107666015625,648.5392456054688
0,61,921.2870483398438,681.154541015625
0,62,918.9395141601562,712.4683837890625
1,2,1060.20654296875,677.561767578125
1,3,1052.55029296875,703.1192016601562
1,4,1044.3057861328125,730.8776245117188
1,5,1035.4237060546875,760.0154418945312
1,6,1025.9439697265625,790.7882080078125
1,7,1015.93603515625,824.0999145507812
1,8,1004.7171020507812,858.80517578125
1,11,1024.8131103515625,675.5787963867188
1,12,1015.9198608398438,700.79248046875
1,13,1006.7086181640625,727.4716796875
1,14,996.6073608398438,755.755615234375
1,15,986.1731567382812,786.7340698242188
1,16,974.8997192382812,819.5238037109375
1,17,962.884033203125,853.9046630859375
1,20,989.7958984375,673.7573852539062
1,21,980.2744750976562,698.0059814453125
1,22,969.8674926757812,724.9561767578125
1,23,958.9965209960938,753.0913696289062
1,24,947.3524780273438,782.478271484375
1,25,934.962890625,814.2269287109375
1,26,922.0795288085938,848.1253662109375
1,29,956.043212890625,671.0554809570312
1,30,945.1746826171875,695.234619140625
1,31,934.2646484375,721.5399169921875
1,32,922.2872314453125,749.4125366210938
1,33,909.9276123046875,778.3287353515625
1,34,896.345947265625,809.3916625976562
1,35,882.676513671875,841.6354370117188
1,38,922.4931030273438,669.2281494140625
1,39,911.3370361328125,692.1942749023438
1,40,899.0881958007812,717.5120849609375
1,41,886.3687133789062,744.8623046875
1,42,872.9888916015625,773.0609741210938
1,43,858.9644165039062,803.4285278320312
1,44,844.1734619140625,835.2254028320312
1,45,912.9553833007812,623.5624389648438
1,46,902.1934204101562,644.6292724609375
1,47,890.9247436523438,666.9191284179688
1,48,878.7119140625,690.0172729492188
1,49,865.9219970703125,714.9922485351562
1,50,852.4857177734375,741.5386962890625
1,51,838.4887084960938,769.406982421875
1,52,823.7368774414062,799.0193481445312
1,53,808.6945190429688,830.1455078125
1,54,882.2012329101562,621.7384033203125
1,55,871.9803466796875,641.5797119140625
1,56,859.60205078125,663.978759765625
1,57,847.1405639648438,687.4453735351562
1,58,833.6600341796875,712.066650390625
1,59,819.5668334960938,737.3195190429688
1,60,804.9324951171875,765.0760498046875
1,61,789.9862060546875,793.7150268554688
1,62,773.423095703125,823.3896484375
2,0,1040.751708984375,701.610107421875
2,1,1033.8843994140625,726.7924194335938
2,2,1026.5950927734375,753.1032104492188
2,3,1019.210693359375,780.2194213867188
2,4,1011.4239501953125,808.7470092773438
2,5,1003.1223754882812,838.0907592773438
2,6,994.73046875,868.3118896484375
2,7,985.7134399414062,899.9118041992188
2,8,976.1443481445312,932.3994750976562
2,9,1013.0772094726562,688.8790893554688
2,10,1005.6041259765625,714.0974731445312
2,11,997.8438720703125,740.05322265625
2,12,989.682861328125,767.087158203125
2,13,981.3419189453125,795.1444091796875
2,14,972.5884399414062,824.4725341796875
2,15,963.0736083984375,855.0108642578125
2,16,953.1066284179688,886.8353271484375
2,17,942.8644409179688,919.406494140625
2,18,984.8823852539062,676.2896728515625
2,19,976.7034912109375,701.0189208984375
2,20,968.4279174804688,726.60302734375
2,21,959.8155517578125,753.5092163085938
2,22,950.3614501953125,781.9151000976562
2,23,940.7678833007812,811.0888671875
2,24,930.9519653320312,841.2096557617188
2,25,920.3848266601562,873.0283203125
2,26,909.203125,905.7536010742188
2,27,956.2921142578125,663.0546264648438
2,28,947.862548828125,687.3562622070312
2,29,938.71923828125,712.9667358398438
2,30,929.314208984375,739.6813354492188
2,31,919.3121337890625,767.9271240234375
2,32,908.888671875,797.0703735351562
2,33,898.23876953125,827.2137451171875
2,34,887.0553588867188,858.7376708984375
2,35,875.4386596679688,891.1891479492188
2,36,927.822509765625,649.165771484375
2,37,918.3509521484375,673.4503173828125
2,38,908.5911865234375,699.001220703125
2,39,898.5931396484375,725.2361450195312
2,40,887.966064453125,753.086181640625
2,41,876.761962890625,782.0986328125
2,42,865.2777099609375,812.3663940429688
2,43,853.1774291992188,843.73095703125
2,44,840.9854125976562,876.12646484375
2,45,898.9346923828125,635.3831787109375
2,46,889.0240478515625,659.768798828125
2,47,878.4285278320312,685.0532836914062
2,48,867.7366943359375,711.0396728515625
2,49,856.3008422851562,738.8229370117188
2,50,844.281494140625,767.7908935546875
2,51,832.0979614257812,797.6710815429688
2,52,819.2366943359375,828.8777465820312
2,53,806.058349609375,861.3091430664062
2,54,870.5631103515625,621.1100463867188
2,55,859.8902587890625,644.92626953125
2,56,848.5078735351562,670.0831909179688
2,57,836.600830078125,696.5484619140625
2,58,824.4420166015625,723.9724731445312
2,59,811.92431640625,752.3125610351562
2,60,798.7634887695312,782.2343139648438
2,61,785.0707397460938,813.379638671875
2,62,771.4644775390625,845.2315063476562
3,0,933.4169921875,880.6875
3,1,956.0774536132812,851.0924072265625
3,2,978.5418701171875,821.748046875
3,3,999.7074584960938,792.3856811523438
3,4,1020.6865844726562,763.7804565429688
3,5,1040.75,735.1724243164062
3,6,1060.42236328125,707.7805786132812
3,7,1079.39794921875,680.9654541015625
3,8,1097.7122802734375,655.2266845703125
3,9,961.0857543945312,897.875
3,10,984.10888671875,867.1474609375
3,11,1006.4127197265625,836.7532348632812
3,12,1027.8516845703125,806.3806762695312
3,13,1048.752197265625,776.0548706054688
3,14,1069.01318359375,746.7172241210938
3,15,1088.6873779296875,718.6051635742188
3,16,1107.9381103515625,691.1914672851562
3,17,1125.8763427734375,664.5543212890625
3,18,990.7281494140625,915.97216796875
3,19,1013.6318969726562,884.06591796875
3,20,1035.822265625,852.120849609375
3,21,1057.366455078125,820.5177001953125
3,22,1078.498046875,789.736572265625
3,23,1098.8768310546875,759.5835571289062
3,24,1118.3900146484375,730.0861206054688
3,25,1137.1798095703125,701.69921875
3,26,1155.6793212890625,674.3107299804688
3,27,1021.1114501953125,934.2687377929688
3,28,1044.10986328125,900.9182739257812
3,29,1066.5977783203125,867.8994140625
3,30,1088.277099609375,835.3754272460938
3,31,1109.5894775390625,803.3536987304688
3,32,1129.8792724609375,772.4918823242188
3,33,1149.5753173828125,742.1814575195312
3,34,1168.1083984375,712.4492797851562
3,35,1185.8497314453125,684.1327514648438
3,36,1052.759765625,952.7416381835938
3,37,1076.1712646484375,918.3136596679688
3,38,1099.0089111328125,884.4447631835938
3,39,1120.7093505859375,850.681884765625
3,40,1142.0906982421875,817.3380126953125
3,41,1162.23681640625,785.31884765625
3,42,1181.74267578125,754.2274169921875
3,43,1200.3013916015625,723.7689208984375
3,44,1217.93701171875,694.255615234375
3,45,1085.9581298828125,971.88134765625
3,46,1109.6961669921875,936.3953857421875
3,47,1132.5855712890625,901.3929443359375
3,48,1154.4027099609375,866.55224609375
3,49,1175.6854248046875,832.3313598632812
3,50,1195.9918212890625,799.3456420898438
3,51,1215.14501953125,767.1001586914062
3,52,1233.4591064453125,735.8234252929688
3,53,1250.77685546875,705.6895751953125
3,54,1120.0347900390625,990.726318359375
3,55,1143.9906005859375,954.1390380859375
3,56,1167.1669921875,917.9743041992188
3,57,1189.448486328125,882.640869140625
3,58,1210.599365234375,847.503173828125
3,59,1230.6361083984375,813.04443359375
3,60,1249.9161376953125,780.0798950195312
3,61,1267.779052734375,747.78271484375
3,62,1284.531982421875,716.125
4,0,834.9694213867188,563.7023315429688
4,1,861.05859375,591.208251953125
4,2,887.1292724609375,618.9794921875
4,3,913.4751586914062,646.0997314453125
4,4,939.787109375,673.1763916015625
4,5,966.190673828125,699.8754272460938
4,6,992.0414428710938,726.2415161132812
4,7,1017.4577026367188,752.2318725585938
4,8,1042.5225830078125,777.7178955078125
4,9,811.1168212890625,584.339111328125
4,10,837.8335571289062,612.6651611328125
4,11,864.8060302734375,640.96533203125
4,12,892.11669921875,668.5960083007812
4,13,919.9692993164062,696.1427612304688
4,14,946.9984741210938,723.2760620117188
4,15,973.4956665039062,750.427978515625
4,16,999.3868408203125,777.206787109375
4,17,1025.2545166015625,803.0138549804688
4,18,785.794921875,606.8226928710938
4,19,813.384521484375,635.627685546875
4,20,841.6749877929688,663.8883056640625
4,21,869.723388671875,692.3530883789062
4,22,897.9964599609375,720.7747192382812
4,23,925.9584350585938,748.68359375
4,24,953.7215576171875,776.001220703125
4,25,980.848388671875,803.0316772460938
4,26,1007.17431640625,829.4091796875
4,27,759.6914672851562,629.7381591796875
4,28,788.2735595703125,659.0166625976562
4,29,817.2521362304688,688.2050170898438
4,30,846.3228759765625,717.2454833984375
4,31,875.3795776367188,746.4839477539062
4,32,904.1012573242188,775.0267944335938
4,33,932.7385864257812,802.862548828125
4,34,960.8449096679688,830.3565673828125
4,35,988.5991821289062,856.8558959960938
4,36,732.8764038085938,653.20947265625
4,37,762.1115112304688,683.7220458984375
4,38,791.7294921875,713.8884887695312
4,39,821.7136840820312,743.6859130859375
4,40,851.807373046875,773.3770141601562
4,41,881.4723510742188,802.4591674804688
4,42,910.908447265625,830.9515991210938
4,43,940.15869140625,858.9240112304688
4,44,968.6017456054688,885.9780883789062
4,45,704.950927734375,678.2687377929688
4,46,734.8682861328125,709.46435546875
4,47,765.080810546875,740.6848754882812
4,48,795.8804931640625,771.1895141601562
4,49,826.8323364257812,801.5426025390625
4,50,857.3612670898438,831.3572998046875
4,51,887.8751220703125,860.2346801757812
4,52,917.90966796875,888.5198364257812
4,53,947.0232543945312,915.9808349609375
4,54,676.0704956054688,703.946044921875
4,55,706.974853515625,735.949951171875
4,56,738.1719970703125,768.0310668945312
4,57,769.2727661132812,799.8174438476562
4,58,800.91455078125,830.956298828125
4,59,832.7989501953125,861.14892578125
4,60,863.9111328125,890.746337890625
4,61,894.8884887695312,919.43505859375
4,62,925.6353759765625,947.1146850585938
5,1,1059.981689453125,675.4988403320312
5,2,1053.1195068359375,701.3499145507812
5,3,1046.0164794921875,727.9060668945312
5,4,1037.885009765625,756.46630859375
5,5,1029.8505859375,786.318359375
5,6,1020.8787231445312,817.6793212890625
5,7,1011.21728515625,851.2947998046875
5,8,1001.232421875,886.2220458984375
5,10,1025.876953125,671.7896118164062
5,11,1018.2607421875,696.9524536132812
5,12,1009.8764038085938,722.9187622070312
5,13,1001.1847534179688,750.7490234375
5,14,991.9171142578125,779.8953857421875
5,15,982.0096435546875,811.1921997070312
5,16,971.31396484375,844.3804321289062
5,17,960.3291015625,878.9537963867188
5,19,992.5739135742188,667.9403686523438
5,20,983.7427368164062,692.2293701171875
5,21,974.7167358398438,717.886474609375
5,22,964.83740234375,745.479736328125
5,23,954.6725463867188,774.382568359375
5,24,943.6123046875,804.580322265625
5,25,932.2134399414062,837.0233764648438
5,26,920.2142333984375,871.01513671875
5,28,959.4196166992188,663.8941650390625
5,29,950.190673828125,687.3423461914062
5,30,939.9116821289062,712.5795288085938
5,31,929.3425903320312,739.7818603515625
5,32,918.1580810546875,768.4411010742188
5,33,906.4860229492188,798.1824951171875
5,34,894.1461791992188,829.6832275390625
5,35,881.0829467773438,862.4779052734375
5,37,926.9730224609375,659.1622924804688
5,38,916.80029296875,682.7734375
5,39,905.90869140625,707.1442260742188
5,40,894.3628540039062,733.7132568359375
5,41,882.4799194335938,761.4777221679688
5,42,869.859375,790.7744750976562
5,43,856.5626831054688,821.6151123046875
5,44,842.8504028320312,853.8344116210938
5,46,895.604248046875,655.1328735351562
5,47,884.5498046875,678.2467651367188
5,48,873.1226196289062,702.4794311523438
5,49,860.8145141601562,728.2727661132812
5,50,848.1244506835938,755.749267578125
5,51,834.9122314453125,784.4432983398438
5,52,821.068115234375,814.743408203125
5,53,806.7708740234375,846.5633544921875
5,54,875.80126953125,628.08642578125
5,55,864.7230224609375,649.905029296875
5,56,852.8442993164062,672.8985595703125
5,57,840.97216796875,697.4225463867188
5,58,828.071044921875,722.9441528320312
5,59,814.65380859375,749.2470703125
5,60,800.7455444335938,777.6773681640625
5,61,786.3289794921875,807.2228393554688
5,62,771.0372924804688,837.5933837890625
6,2,1057.17529296875,686.8697509765625
6,3,1049.707275390625,712.9974365234375
6,4,1041.703125,741.2770385742188
6,5,1032.903564453125,770.6609497070312
6,6,1023.8050537109375,801.6153564453125
6,7,1014.0007934570312,835.00048828125
6,8,1003.2258911132812,870.0279541015625
6,11,1022.040771484375,683.8388061523438
6,12,1013.3057250976562,709.318115234375
6,13,1004.1972045898438,736.688232421875
6,14,994.611328125,765.1697998046875
6,15,984.3058471679688,796.3739013671875
6,16,973.2897338867188,829.4989013671875
6,17,961.8491821289062,863.7384643554688
6,20,986.8388061523438,680.8854370117188
6,21,977.854248046875,705.738525390625
6,22,967.694580078125,732.744873046875
6,23,956.9235229492188,761.2271728515625
6,24,945.5569458007812,790.909423828125
6,25,933.7135009765625,823.01904296875
6,26,921.0805053710938,857.052490234375
6,29,953.0646362304688,677.2810668945312
6,30,942.8084106445312,701.79248046875
6,31,931.8983764648438,728.2442626953125
6,32,920.2432250976562,756.6117553710938
6,33,908.0592041015625,785.7803344726562
6,34,895.0763549804688,816.973388671875
6,35,881.712646484375,849.548583984375
6,38,919.9859008789062,673.8450317382812
6,39,908.8292846679688,697.72998046875
6,40,896.8073120117188,723.3511352539062
6,41,884.4038696289062,750.8322143554688
6,42,871.4266967773438,779.8201293945312
6,43,857.6053466796875,810.1651000976562
6,44,843.21923828125,841.9603881835938
6,46,898.962890625,647.9630126953125
6,47,887.9278564453125,670.7149047851562
6,48,875.9031982421875,694.3792114257812
6,49,863.3843994140625,719.441650390625
6,50,850.2021484375,746.52685546875
6,51,836.68310546875,774.6641235351562
6,52,822.1356811523438,804.3792114257812
6,53,807.3660888671875,835.961181640625
6,54,879.754150390625,623.0328369140625
6,55,868.2925415039062,643.9498291015625
6,56,856.3472290039062,666.7244873046875
6,57,844.0565795898438,690.6174926757812
6,58,830.6028442382812,715.5234375
6,59,816.9907836914062,741.185791015625
6,60,802.538818359375,769.2423706054688
6,61,787.7642211914062,798.2698974609375
6,62,771.941162109375,828.1912231445312
7,0,1282.9722900390625,498.70263671875
7,1,1272.5418701171875,543.5264892578125
7,2,1262.1856689453125,587.2295532226562
7,3,1250.877197265625,629.7166748046875
7,4,1239.751953125,671.062255859375
7,5,1228.0272216796875,710.7305908203125
7,6,1216.6807861328125,748.6904907226562
7,7,1205.2625732421875,785.0721435546875
7,8,1194.3870849609375,819.4946899414062
7,9,1247.4847412109375,486.15582275390625
7,10,1238.0545654296875,529.6738891601562
7,11,1228.1993408203125,572.0870971679688
7,12,1217.542236328125,613.4047241210938
7,13,1206.637939453125,653.9674682617188
7,14,1195.94580078125,692.787353515625
7,15,1185.7437744140625,729.9119262695312
7,16,1175.9833984375,765.5547485351562
7,17,1166.1053466796875,799.656005859375
7,18,1214.788818359375,474.7774963378906
7,19,1205.7093505859375,516.7024536132812
7,20,1195.758544921875,557.7987060546875
7,21,1186.0411376953125,598.23583984375
7,22,1176.3924560546875,637.48046875
7,23,1166.507568359375,675.3841552734375
7,24,1156.832275390625,712.033447265625
7,25,1147.233642578125,747.2117309570312
7,26,1138.5802001953125,780.74951171875
7,27,1183.0919189453125,464.1435852050781
7,28,1174.2178955078125,504.9744873046875
7,29,1165.1064453125,544.866943359375
7,30,1156.05029296875,583.861572265625
7,31,1147.3487548828125,622.3442993164062
7,32,1138.48193359375,659.32470703125
7,33,1129.4632568359375,694.9067993164062
7,34,1120.7640380859375,729.6508178710938
7,35,1112.1170654296875,762.6762084960938
7,36,1152.0946044921875,454.3605041503906
7,37,1144.3055419921875,493.85418701171875
7,38,1136.08935546875,532.6825561523438
7,39,1127.6392822265625,570.6586303710938
7,40,1119.234375,608.0650634765625
7,41,1111.0755615234375,644.0391845703125
7,42,1103.129150390625,679.0478515625
7,43,1095.181396484375,712.8234252929688
7,44,1087.4630126953125,745.3829345703125
7,45,1124.1492919921875,445.4983825683594
7,46,1116.8863525390625,483.5387268066406
7,47,1109.44482421875,521.3046875
7,48,1101.653564453125,558.4287109375
7,49,1093.8587646484375,594.7125854492188
7,50,1086.818359375,629.7553100585938
7,51,1079.2337646484375,663.7091064453125
7,52,1072.242919921875,697.0125122070312
7,53,1065.4075927734375,728.65234375
7,54,1096.3399658203125,437.1329650878906
7,55,1089.5634765625,474.363037109375
7,56,1082.89013671875,510.9549560546875
7,57,1076.6961669921875,546.7278442382812
7,58,1069.6859130859375,582.0604248046875
7,59,1062.4232177734375,616.1963500976562
7,60,1056.201171875,649.5808715820312
7,61,1049.457275390625,681.9781494140625
7,62,1042.5550537109375,713.3770141601562
8,0,855.1648559570312,875.1884765625
8,1,883.0104370117188,844.5648193359375
8,2,909.7061767578125,815.28466796875
8,3,934.8135986328125,786.4063110351562
8,4,959.0595092773438,759.0760498046875
8,5,981.9208374023438,732.69287109375
8,6,1003.5811157226562,707.6884155273438
8,7,1023.9852905273438,684.4114990234375
8,8,1043.309326171875,662.2891235351562
8,9,891.7446899414062,899.4863891601562
8,10,919.080322265625,867.9230346679688
8,11,945.2451782226562,837.110595703125
8,12,970.0623779296875,807.1242065429688
8,13,993.7940063476562,778.0119018554688
8,14,1016.0982666015625,750.4935302734375
8,15,1037.0029296875,725.238525390625
8,16,1056.9234619140625,701.1428833007812
8,17,1075.3194580078125,678.2424926757812
8,18,929.7633056640625,925.1006469726562
8,19,956.4647827148438,891.703857421875
8,20,982.2420043945312,859.142333984375
8,21,1006.2557373046875,828.072998046875
8,22,1029.4427490234375,798.37841796875
8,23,1050.998291015625,770.1170654296875
8,24,1071.3118896484375,743.1852416992188
8,25,1090.4754638671875,718.022216796875
8,26,1108.25830078125,694.3447265625
8,27,968.7109985351562,950.1588134765625
8,28,995.1364135742188,915.1231079101562
8,29,1020.150390625,881.4598388671875
8,30,1043.643310546875,849.1694946289062
8,31,1065.9951171875,818.435791015625
8,32,1086.723876953125,789.5143432617188
8,33,1106.4354248046875,761.8172607421875
8,34,1124.833251953125,735.3937377929688
8,35,1141.660888671875,710.6072998046875
8,36,1009.4146118164062,974.8226928710938
8,37,1035.114501953125,938.7389526367188
8,38,1059.3582763671875,904.1597900390625
8,39,1082.14501953125,870.7090454101562
8,40,1103.6993408203125,838.6058349609375
8,41,1123.763427734375,808.5525512695312
8,42,1142.38134765625,780.0966796875
8,43,1159.839599609375,752.9453125
8,44,1176.2567138671875,727.1690063476562
8,45,1050.565185546875,999.4165649414062
8,46,1075.589111328125,962.3792724609375
8,47,1098.9051513671875,926.6992797851562
8,48,1120.86865234375,892.2608032226562
8,49,1141.4473876953125,859.414794921875
8,50,1160.6103515625,828.4612426757812
8,51,1178.41796875,798.9473876953125
8,52,1195.0216064453125,770.9658813476562
8,53,1210.20751953125,744.80419921875
8,54,1092.9422607421875,1023.2555541992188
8,55,1117.0374755859375,985.0092163085938
8,56,1139.5687255859375,948.1986083984375
8,57,1160.282470703125,913.4573974609375
8,58,1179.9739990234375,879.7266845703125
8,59,1198.318359375,847.3648681640625
8,60,1215.1021728515625,817.3462524414062
8,61,1230.7781982421875,788.5415649414062
8,62,1245.393798828125,761.01513671875
9,0,848.7587890625,600.6104125976562
9,1,881.2394409179688,622.9638671875
9,2,914.019287109375,645.501708984375
9,3,947.0202026367188,667.9503173828125
9,4,980.16650390625,690.5131225585938
9,5,1013.48828125,712.7666015625
9,6,1046.1251220703125,734.8277587890625
9,7,1078.751220703125,756.9342651367188
9,8,1110.7513427734375,778.4578857421875
9,9,825.9777221679688,631.7526245117188
9,10,858.6484985351562,654.4141235351562
9,11,891.8521118164062,677.1783447265625
9,12,925.1746215820312,699.9312133789062
9,13,959.0733642578125,722.62158203125
9,14,992.6680908203125,745.1219482421875
9,15,1025.95361328125,767.6201171875
9,16,1058.603759765625,789.7047729492188
9,17,1091.1031494140625,811.1389770507812
9,18,802.5598754882812,663.90966796875
9,19,835.5301513671875,686.7866821289062
9,20,869.0156860351562,709.6403198242188
9,21,902.846923828125,732.6270751953125
9,22,936.9639892578125,755.7295532226562
9,23,970.9854125976562,778.4564819335938
9,24,1004.7532348632812,800.9815063476562
9,25,1038.278076171875,823.1157836914062
9,26,1070.91845703125,844.9180297851562
9,27,778.9096069335938,696.1549682617188
9,28,812.2857666015625,719.4733276367188
9,29,845.927734375,742.70947265625
9,30,880.1347045898438,765.9716796875
9,31,914.5496826171875,789.3715209960938
9,32,948.9410400390625,812.3309326171875
9,33,983.0264892578125,834.8505859375
9,34,1016.9738159179688,857.1417236328125
9,35,1050.3709716796875,878.9430541992188
9,36,754.978759765625,728.78955078125
9,37,788.366943359375,752.639404296875
9,38,822.35302734375,776.3469848632812
9,39,856.923583984375,799.9530029296875
9,40,891.7667846679688,823.5128173828125
9,41,926.4409790039062,846.6956176757812
9,42,960.9091186523438,869.2136840820312
9,43,995.4563598632812,891.6895751953125
9,44,1029.1458740234375,913.343994140625
9,45,730.9713134765625,761.9337158203125
9,46,764.609375,786.0559692382812
9,47,798.9526977539062,810.1195068359375
9,48,833.6774291992188,833.9906616210938
9,49,868.6661987304688,857.8350219726562
9,50,903.5271606445312,881.0123901367188
9,51,938.6614379882812,903.8592529296875
9,52,973.1820068359375,926.1815795898438
9,53,1007.3443603515625,947.7662963867188
9,54,706.8243408203125,795.068603515625
9,55,740.82275390625,819.80517578125
9,56,775.3604736328125,844.0570678710938
9,57,810.132568359375,868.2540893554688
9,58,845.471923828125,892.2835083007812
9,59,880.7208862304688,915.7796020507812
9,60,915.8171997070312,938.4940185546875
9,61,950.6781616210938,960.8587646484375
9,62,985.6272583007812,982.3969116210938
10,0,793.2005615234375,548.7869262695312
10,1,813.20556640625,573.7297973632812
10,2,833.1537475585938,598.698486328125
10,3,853.6214599609375,623.0143432617188
10,4,873.6963500976562,647.13427734375
10,5,893.8915405273438,670.4871826171875
10,6,913.6616821289062,693.340087890625
10,7,932.8729858398438,716.4889526367188
10,8,952.1405029296875,738.0850219726562
10,9,776.1006469726562,564.2740478515625
10,10,796.791015625,590.1486206054688
10,11,817.6633911132812,615.3875732421875
10,12,838.8636474609375,640.0059204101562
10,13,860.1949462890625,664.490966796875
10,14,881.1849365234375,688.2604370117188
10,15,901.3223876953125,711.9993286132812
10,16,921.014404296875,735.2445678710938
10,17,940.5394287109375,757.9903564453125
10,18,757.5196533203125,581.3042602539062
10,19,779.4821166992188,607.44140625
10,20,801.50048828125,632.9481201171875
10,21,823.4253540039062,658.0361938476562
10,22,845.2789916992188,683.2332763671875
10,23,866.8267822265625,707.6818237304688
10,24,888.2051391601562,731.7545166015625
10,25,908.970458984375,755.1738891601562
10,26,928.9381713867188,778.46630859375
10,27,738.7213745117188,598.6301879882812
10,28,761.7486572265625,625.07861328125
10,29,784.75341796875,651.33056640625
10,30,807.423095703125,677.2794799804688
10,31,830.1057739257812,702.9953002929688
10,32,852.1854248046875,728.0382690429688
10,33,874.2251586914062,752.3505859375
10,34,895.9815063476562,776.1837158203125
10,35,916.940185546875,799.3873291015625
10,36,720.0010986328125,616.5146484375
10,37,743.345458984375,643.8277587890625
10,38,766.8758544921875,671.0667724609375
10,39,790.7157592773438,697.4610595703125
10,40,814.052734375,723.712890625
10,41,837.16455078125,749.1808471679688
10,42,859.9730834960938,774.0336303710938
10,43,882.2543334960938,798.4396362304688
10,44,904.1067504882812,822.0758056640625
10,45,699.7117919921875,635.5839233398438
10,46,724.0196533203125,663.938232421875
10,47,748.2627563476562,691.7416381835938
10,48,772.722412109375,718.84130859375
10,49,797.017822265625,745.533447265625
10,50,820.9331665039062,771.742919921875
10,51,844.5979614257812,797.009765625
10,52,867.7567749023438,821.8197631835938
10,53,890.0846557617188,845.7636108398438
10,54,679.281494140625,655.4061889648438
10,55,704.6485595703125,684.3560791015625
10,56,729.9840087890625,712.9468383789062
10,57,754.5118408203125,741.00048828125
10,58,779.4429931640625,768.74658203125
10,59,804.7312622070312,795.0924072265625
10,60,828.7664184570312,821.0538330078125
10,61,852.514404296875,846.0919799804688
10,62,876.5238647460938,870.2378540039062
11,0,850.2667236328125,599.064453125
11,1,882.818115234375,621.328369140625
11,2,915.7180786132812,643.9581909179688
11,3,948.6912231445312,666.2420043945312
11,4,981.9403076171875,688.7818603515625
11,5,1015.0858154296875,710.9276123046875
11,6,1047.875244140625,733.01806640625
11,7,1080.3177490234375,754.94384765625
11,8,1112.257080078125,776.3223266601562
11,9,827.4334106445312,630.145263671875
11,10,860.2550048828125,652.8560791015625
11,11,893.640869140625,675.6770629882812
11,12,927.130126953125,698.2178344726562
11,13,960.95849609375,720.8590087890625
11,14,994.6152954101562,743.2528686523438
11,15,1027.8795166015625,765.5716552734375
11,16,1060.4892578125,787.7421875
11,17,1092.980712890625,809.20263671875
11,18,804.1572265625,662.251220703125
11,19,837.245849609375,685.0418090820312
11,20,870.95068359375,707.9788818359375
11,21,904.87548828125,730.9624633789062
11,22,939.0284423828125,753.9758911132812
11,23,973.0813598632812,776.67724609375
11,24,1006.8615112304688,799.0183715820312
11,25,1040.3914794921875,821.0765380859375
11,26,1073.136962890625,842.7532958984375
11,27,780.6931762695312,694.56640625
11,28,814.0694580078125,717.8141479492188
11,29,848.02490234375,740.9871215820312
11,30,882.1129760742188,764.2146606445312
11,31,916.736328125,787.5816650390625
11,32,951.2462768554688,810.5750122070312
11,33,985.4776611328125,832.97119140625
11,34,1019.4573364257812,855.1570434570312
11,35,1052.915283203125,876.797607421875
11,36,756.5618896484375,727.2196044921875
11,37,790.2783813476562,751.0670776367188
11,38,824.5044555664062,774.831787109375
11,39,859.1282348632812,798.2448120117188
11,40,894.0640869140625,821.8204345703125
11,41,928.9408569335938,844.965087890625
11,42,963.4453125,867.5245361328125
11,43,998.1470947265625,889.9102172851562
11,44,1032.004150390625,911.5291748046875
11,45,732.7802124023438,760.3060302734375
11,46,766.6390991210938,784.5416870117188
11,47,801.061767578125,808.6657104492188
11,48,835.8477172851562,832.3379516601562
11,49,871.1018676757812,856.2073974609375
11,50,906.1489868164062,879.4485473632812
11,51,941.1661987304688,902.1765747070312
11,52,976.0219116210938,924.4053955078125
11,53,1010.3184814453125,945.965576171875
11,54,708.2640991210938,793.8515014648438
11,55,742.7286376953125,818.19287109375
11,56,777.32177734375,842.6966552734375
11,57,812.3270263671875,866.90771484375
11,58,847.8403930664062,890.8080444335938
11,59,883.3876342773438,914.2938232421875
11,60,918.6622924804688,937.0169677734375
11,61,953.8261108398438,959.35595703125
11,62,988.7080688476562,980.9533081054688
12,0,991.7947998046875,458.0353698730469
12,1,1000.6455078125,493.9659423828125
12,2,1009.0362548828125,529.8641357421875
12,3,1018.1947021484375,565.7192993164062
12,4,1026.783447265625,601.322998046875
12,5,1035.633056640625,636.9174194335938
12,6,1044.0848388671875,671.2318115234375
12,7,1052.1968994140625,705.6361694335938
12,8,1060.1995849609375,739.03759765625
12,9,960.4193725585938,464.9140319824219
12,10,969.3312377929688,501.5653991699219
12,11,978.3453369140625,538.1306762695312
12,12,987.8299560546875,574.694091796875
12,13,997.466796875,611.112548828125
12,14,1006.635009765625,647.0127563476562
12,15,1015.3296508789062,682.4345703125
12,16,1023.3758544921875,717.4407958984375
12,17,1031.9393310546875,751.5364990234375
12,18,927.107421875,472.196044921875
12,19,936.5913696289062,509.5955505371094
12,20,946.3870849609375,546.8876342773438
12,21,956.1482543945312,584.0489501953125
12,22,965.8248901367188,621.4093017578125
12,23,975.4346313476562,657.9583740234375
12,24,984.8106079101562,694.001953125
12,25,993.9531860351562,729.6504516601562
12,26,1002.318115234375,764.3247680664062
12,27,892.8253173828125,480.05224609375
12,28,903.0865478515625,518.1182861328125
12,29,913.1240844726562,556.0787963867188
12,30,923.1878051757812,594.1016235351562
12,31,933.20947265625,632.0955200195312
12,32,942.9577026367188,669.4353637695312
12,33,952.9430541992188,706.30859375
12,34,962.6336059570312,742.244873046875
12,35,971.9584350585938,777.754638671875
12,36,857.8912353515625,488.0873718261719
12,37,867.8256225585938,526.8698120117188
12,38,878.2947387695312,565.90234375
12,39,888.851806640625,604.548828125
12,40,899.4010620117188,643.3568115234375
12,41,909.7367553710938,681.408447265625
12,42,919.8894653320312,718.8803100585938
12,43,930.036376953125,755.6633911132812
12,44,939.8614501953125,791.5447998046875
12,45,821.4984741210938,496.7454528808594
12,46,831.7695922851562,536.4344482421875
12,47,842.225341796875,576.1011352539062
12,48,853.101318359375,615.4656372070312
12,49,864.0015258789062,655.0668334960938
12,50,874.7107543945312,693.73681640625
12,51,885.387939453125,731.75048828125
12,52,895.99853515625,769.0341796875
12,53,906.2347412109375,805.19970703125
12,54,784.2918090820312,505.6906433105469
12,55,794.964599609375,546.1979370117188
12,56,805.7012329101562,586.7578735351562
12,57,816.2777709960938,626.9794921875
12,58,827.5352172851562,667.1851196289062
12,59,838.93310546875,706.4609375
12,60,849.9847412109375,744.9889526367188
12,61,860.9608154296875,782.879638671875
12,62,872.3909912109375,819.7696533203125
13,22,919.4207153320312,721.3597412109375
13,25,1010.5421752929688,753.9473876953125
13,31,898.7827758789062,739.2545776367188
13,34,992.0607299804688,774.6202392578125
13,35,1024.7218017578125,787.0360717773438
13,41,909.3781127929688,769.94677734375
13,42,940.5911254882812,783.057861328125
13,43,972.9727172851562,795.912109375
13,44,1006.9119262695312,809.164306640625
13,50,888.5934448242188,791.5411987304688
13,51,920.5037841796875,804.5865478515625
13,52,953.578125,818.7530517578125
13,53,987.9234008789062,832.8185424804688
13,58,835.916015625,799.19482421875
13,59,866.2836303710938,812.80419921875
13,60,898.6945190429688,827.3401489257812
13,61,932.430419921875,842.3352661132812
13,62,967.2860717773438,857.0162353515625
14,0,801.995361328125,583.062255859375
14,1,825.2109985351562,601.3164672851562
14,2,848.8418579101562,620.0755615234375
14,3,873.092529296875,638.3878173828125
14,4,897.8981323242188,657.09326171875
14,5,922.9307861328125,675.631103515625
14,6,948.0902709960938,694.3218994140625
14,7,973.3316650390625,713.3662719726562
14,8,998.8480224609375,732.1751098632812
14,9,783.0355224609375,599.1144409179688
14,10,806.4138793945312,618.1119995117188
14,11,830.7667236328125,637.0089721679688
14,12,855.4912109375,655.9130859375
14,13,880.9775390625,674.7283325195312
14,14,906.58642578125,693.8327026367188
14,15,932.1477661132812,713.2144775390625
14,16,957.7849731445312,733.067626953125
14,17,983.8489379882812,752.4221801757812
14,18,762.896484375,616.6746826171875
14,19,787.0493774414062,635.8775634765625
14,20,811.8865966796875,654.8988647460938
14,21,836.9840698242188,674.0830688476562
14,22,862.7315673828125,693.863525390625
14,23,888.8159790039062,713.4669799804688
14,24,915.1928100585938,733.1901245117188
14,25,941.6835327148438,753.2103881835938
14,26,968.1006469726562,773.382568359375
14,27,742.4796142578125,634.5391235351562
14,28,766.9507446289062,653.6773681640625
14,29,792.0537109375,673.2128295898438
14,30,817.8389282226562,693.1936645507812
14,31,844.0146484375,713.6041259765625
14,32,870.5849609375,734.0703735351562
14,33,897.3751220703125,754.2242431640625
14,34,924.5872192382812,774.8292846679688
14,35,952.009765625,795.211669921875
14,36,721.1807250976562,652.2886352539062
14,37,746.0282592773438,672.3124389648438
14,38,771.6235961914062,692.8836669921875
14,39,797.670654296875,713.1385498046875
14,40,824.56201171875,734.0679931640625
14,41,851.5150146484375,754.9498901367188
14,42,878.9681396484375,775.9977416992188
14,43,906.9376220703125,797.1156616210938
14,44,934.8224487304688,818.1340942382812
14,45,699.15966796875,670.9089965820312
14,46,724.3492431640625,691.9489135742188
14,47,750.2937622070312,712.9170532226562
14,48,776.8355712890625,734.14990234375
14,49,804.0677490234375,755.6376953125
14,50,831.5868530273438,777.3539428710938
14,51,859.6934814453125,798.9147338867188
14,52,888.046142578125,820.6322021484375
14,53,916.4386596679688,842.229736328125
14,54,676.6370849609375,689.6875
14,55,702.0769653320312,710.9810180664062
14,56,728.594482421875,732.8032836914062
14,57,755.2969360351562,755.5077514648438
14,58,782.9702758789062,777.9602661132812
14,59,811.03466796875,799.99267578125
14,60,839.684814453125,822.2986450195312
14,61,868.6006469726562,844.8827514648438
14,62,898.0198974609375,866.7549438476562
15,0,826.592529296875,926.96630859375
15,1,846.217041015625,888.4187622070312
15,2,865.835693359375,850.2647705078125
15,3,884.8650512695312,812.1184692382812
15,4,903.8145141601562,774.598876953125
15,5,922.24658203125,737.6278076171875
15,6,940.26025390625,701.5725708007812
15,7,957.9682006835938,666.4908447265625
15,8,975.06494140625,632.5183715820312
15,9,865.1530151367188,946.1967163085938
15,10,884.7796020507812,907.2040405273438
15,11,904.1514892578125,868.2576904296875
15,12,923.0065307617188,829.642578125
15,13,941.74853515625,791.0523071289062
15,14,959.929931640625,753.3720703125
15,15,977.637939453125,716.823974609375
15,16,995.0681762695312,681.3507080078125
15,17,1011.669189453125,646.8197631835938
15,18,904.9920654296875,965.3733520507812
15,19,924.327880859375,925.9718017578125
15,20,943.3798217773438,886.3624877929688
15,21,962.0208740234375,847.0980224609375
15,22,980.6580200195312,808.1212158203125
15,23,998.5452270507812,769.9461669921875
15,24,1015.9327392578125,732.5338134765625
15,25,1032.8133544921875,696.102294921875
15,26,1049.0333251953125,661.2164916992188
15,27,945.3264770507812,984.5805053710938
15,28,964.4607543945312,944.346923828125
15,29,983.2918701171875,904.2870483398438
15,30,1001.9362182617188,864.5543212890625
15,31,1020.0751953125,825.0064086914062
15,32,1037.7918701171875,786.3485107421875
15,33,1054.7923583984375,748.514892578125
15,34,1071.24755859375,711.4306640625
15,35,1086.7581787109375,675.52294921875
15,36,986.2342529296875,1003.2547607421875
15,37,1005.434326171875,962.6832275390625
15,38,1024.26513671875,922.1936645507812
15,39,1042.5225830078125,881.896484375
15,40,1060.4100341796875,841.8333740234375
15,41,1077.6820068359375,802.4801025390625
15,42,1094.2093505859375,764.1641235351562
15,43,1110.171630859375,726.6102905273438
15,44,1125.440185546875,690.322998046875
15,45,1027.5457763671875,1021.5673828125
15,46,1046.67578125,980.7763671875
15,47,1065.0867919921875,939.8959350585938
15,48,1083.203125,899.0950317382812
15,49,1100.7230224609375,858.6287841796875
15,50,1117.5777587890625,818.94091796875
15,51,1133.5777587890625,780.0714721679688
15,52,1149.127197265625,742.11474609375
15,53,1163.5433349609375,705.4346923828125
15,54,1069.3343505859375,1039.489501953125
15,55,1088.0985107421875,998.2052612304688
15,56,1106.531982421875,956.8588256835938
15,57,1124.2083740234375,915.9645385742188
15,58,1141.3690185546875,875.08447265625
15,59,1157.8194580078125,834.8175659179688
15,60,1173.364990234375,795.7299194335938
15,61,1188.193115234375,757.3941650390625
15,62,1202.34326171875,719.914306640625
16,0,1033.302734375,711.8873901367188
16,1,1025.885498046875,736.499755859375
16,2,1017.9034423828125,762.2572021484375
16,3,1010.0332641601562,788.56982421875
16,4,1001.5684204101562,816.489013671875
16,5,993.0090942382812,844.991943359375
16,6,983.8804931640625,874.376708984375
16,7,974.157470703125,905.0066528320312
16,8,964.1245727539062,936.4229125976562
16,9,1008.2802734375,697.0782470703125
16,10,1000.2667846679688,721.868896484375
16,11,992.0443725585938,747.4205932617188
16,12,983.4080200195312,773.8286743164062
16,13,974.4528198242188,801.33984375
16,14,965.37939453125,829.94970703125
16,15,955.3113403320312,859.6842041015625
16,16,944.7783203125,890.4478759765625
16,17,934.156494140625,922.1610107421875
16,18,982.30859375,682.2327270507812
16,19,973.8685302734375,706.5433959960938
16,20,965.3141479492188,731.955322265625
16,21,955.974365234375,758.1947631835938
16,22,946.3220825195312,786.0737915039062
16,23,936.30712890625,814.7859497070312
16,24,925.9961547851562,844.2501220703125
16,25,914.9979858398438,875.1541137695312
16,26,903.351806640625,907.0447387695312
16,27,956.3407592773438,666.8562622070312
16,28,947.5881958007812,690.8546752929688
16,29,938.1306762695312,716.0206909179688
16,30,928.2604370117188,742.4080810546875
16,31,917.9327392578125,770.1587524414062
16,32,907.0537109375,798.8585205078125
16,33,895.9277954101562,828.4645385742188
16,34,884.2245483398438,859.3019409179688
16,35,872.2890014648438,891.2228393554688
16,36,930.22802734375,650.5467529296875
16,37,920.508056640625,674.738037109375
16,38,910.3741455078125,699.7315673828125
16,39,900.14404296875,725.79931640625
16,40,888.9935302734375,753.267333984375
16,41,877.3311767578125,782.0586547851562
16,42,865.3402709960938,811.5462646484375
16,43,853.0007934570312,842.5590209960938
16,44,840.091552734375,874.520263671875
16,45,903.7228393554688,634.3812255859375
16,46,893.2188720703125,658.4085693359375
16,47,882.3960571289062,683.166259765625
16,48,871.1292114257812,709.1976928710938
16,49,859.3340454101562,736.488037109375
16,50,846.8917236328125,765.1962890625
16,51,834.24462890625,794.8790893554688
16,52,820.8486938476562,825.7269897460938
16,53,807.0433349609375,857.91650390625
16,54,877.1519775390625,617.47705078125
16,55,866.0509643554688,641.0162963867188
16,56,854.451171875,665.8854370117188
16,57,842.0196533203125,692.1309204101562
16,58,829.3430786132812,719.3112182617188
16,59,816.4849243164062,747.5094604492188
16,60,802.6724853515625,777.2012329101562
16,61,788.6337280273438,808.0079956054688
16,62,774.3553466796875,839.8465576171875
17,6,1081.8748779296875,686.0533447265625
17,7,1103.6756591796875,703.0507202148438
17,8,1127.3851318359375,721.4098510742188
17,14,1030.1640625,680.79833984375
17,15,1050.03564453125,698.0084228515625
17,16,1071.9061279296875,716.4202270507812
17,17,1094.8900146484375,735.2119750976562
17,22,979.8509521484375,677.6695556640625
17,23,997.2722778320312,693.4796142578125
17,24,1017.466064453125,710.641357421875
17,25,1038.80615234375,729.293212890625
17,26,1060.6983642578125,749.8434448242188
17,30,931.1342163085938,672.977294921875
17,31,947.154296875,688.9100952148438
17,32,964.80859375,706.0557250976562
17,33,983.1380004882812,723.732666015625
17,34,1003.5713500976562,743.2518920898438
17,35,1024.8634033203125,763.9291381835938
17,38,884.36572265625,669.1617431640625
17,39,897.7444458007812,683.5018920898438
17,40,913.8902587890625,700.1847534179688
17,41,929.6533813476562,717.6643676757812
17,42,947.9478759765625,736.6557006835938
17,43,966.6629028320312,756.7568359375
17,44,987.4906005859375,778.5610961914062
17,46,839.7439575195312,665.2606201171875
17,47,852.0013427734375,680.1749267578125
17,48,865.3213500976562,695.6397705078125
17,49,879.625,712.4081420898438
17,50,894.88818359375,730.907470703125
17,51,911.3727416992188,750.2003173828125
17,52,929.4793090820312,771.5999145507812
17,53,948.5592041015625,794.4163208007812
17,55,807.8175048828125,674.0057983398438
17,56,818.8511352539062,689.68408203125
17,57,831.0365600585938,706.8928833007812
17,58,844.3368530273438,724.8967895507812
17,59,858.3826293945312,743.2371826171875
17,60,874.0274047851562,764.111572265625
17,61,890.7806396484375,786.072265625
17,62,908.666748046875,809.289306640625
18,0,847.658203125,602.2442626953125
18,1,879.8969116210938,624.8447265625
18,2,912.4321899414062,647.69384765625
18,3,945.202880859375,670.221923828125
18,4,978.0823364257812,692.9660034179688
18,5,1011.1068725585938,715.2982788085938
18,6,1043.6044921875,737.6465454101562
18,7,1075.826416015625,759.8340454101562
18,8,1107.5828857421875,781.4833984375
18,9,824.5189819335938,633.2401123046875
18,10,857.0829467773438,656.1135864257812
18,11,890.0392456054688,679.1629028320312
18,12,923.1088256835938,701.9032592773438
18,13,956.8424072265625,724.8475341796875
18,14,990.165283203125,747.485595703125
18,15,1023.0663452148438,770.1238403320312
18,16,1055.658935546875,792.5194702148438
18,17,1087.8544921875,814.2578735351562
18,18,801.0574340820312,664.947509765625
18,19,833.8543701171875,688.14697265625
18,20,867.046142578125,711.1575927734375
18,21,900.591552734375,734.2842407226562
18,22,934.4559326171875,757.5473022460938
18,23,968.0963745117188,780.629638671875
18,24,1001.859130859375,803.2031860351562
18,25,1034.97802734375,825.7026977539062
18,26,1067.4931640625,847.4996948242188
18,27,777.2952270507812,696.9443969726562
18,28,810.24951171875,720.4581909179688
18,29,843.8450317382812,744.0339965820312
18,30,877.7854614257812,767.5256958007812
18,31,911.938720703125,790.9525146484375
18,32,945.96826171875,814.1430053710938
18,33,980.0123901367188,836.9407348632812
18,34,1013.6215209960938,859.3927001953125
18,35,1046.7657470703125,881.3578491210938
18,36,753.0001220703125,729.34619140625
18,37,786.440185546875,753.327392578125
18,38,820.2718505859375,777.4521484375
18,39,854.2730712890625,801.1168823242188
18,40,888.9168701171875,824.9576416015625
18,41,923.4014282226562,848.2750244140625
18,42,957.6369018554688,871.0897216796875
18,43,991.94287109375,893.7181396484375
18,44,1025.3873291015625,915.5917358398438
18,45,728.9926147460938,762.1826782226562
18,46,762.464111328125,786.5294189453125
18,47,796.349365234375,810.8775024414062
18,48,830.839111328125,834.8787231445312
18,49,865.6900634765625,858.908935546875
18,50,900.3204956054688,882.3126220703125
18,51,935.0759887695312,905.467041015625
18,52,969.4744262695312,927.98095703125
18,53,1003.4436645507812,949.7791137695312
18,54,704.6754760742188,795.1907348632812
18,55,738.4085083007812,819.9813232421875
18,56,772.575439453125,844.5853271484375
18,57,807.0338134765625,868.9673461914062
18,58,842.2952270507812,893.2606201171875
18,59,877.3773803710938,916.869384765625
18,60,912.0964965820312,939.887939453125
18,61,946.8609619140625,962.3521118164062
18,62,981.4610595703125,984.15576171875
19,0,797.86328125,860.6366577148438
19,1,820.5057373046875,838.2058715820312
19,2,842.037353515625,816.8753051757812
19,3,862.8150634765625,795.63427734375
19,4,882.7437744140625,775.4913940429688
19,5,902.04345703125,755.5982055664062
19,9,825.83056640625,878.7059936523438
19,10,848.2007446289062,855.6326293945312
19,11,869.3662109375,833.473876953125
19,12,889.951171875,811.3142700195312
19,13,909.7333374023438,789.8072509765625
19,14,928.4892578125,769.3658447265625
19,15,946.5499267578125,750.3823852539062
19,18,854.8291015625,898.1331787109375
19,19,876.715576171875,873.9505615234375
19,20,897.5873413085938,850.0645141601562
19,21,917.9326782226562,827.3075561523438
19,22,937.1917724609375,805.603515625
19,23,955.8541259765625,784.3195190429688
19,24,973.9266967773438,764.075927734375
19,25,990.308349609375,745.3848266601562
19,27,884.6307373046875,917.0286254882812
19,28,906.3577880859375,891.5374145507812
19,29,927.0383911132812,867.0599365234375
19,30,946.8636474609375,843.6000366210938
19,31,965.9706420898438,820.8634033203125
19,32,983.9006958007812,799.3095703125
19,33,1001.1012573242188,778.7438354492188
19,34,1017.8514404296875,758.8143310546875
19,35,1032.7838134765625,739.7386474609375
19,36,915.7769165039062,935.6891479492188
19,37,937.0183715820312,909.5739135742188
19,38,957.2830810546875,884.140625
19,39,976.6835327148438,859.8309326171875
19,40,995.1766357421875,836.192626953125
19,41,1012.8175659179688,814.2113647460938
19,42,1029.7872314453125,792.8961181640625
19,43,1045.469970703125,772.4668579101562
19,44,1060.214599609375,752.864990234375
19,45,947.4778442382812,954.774169921875
19,46,968.2384033203125,927.7797241210938
19,47,988.0835571289062,901.7584228515625
19,48,1006.8723754882812,876.4785766601562
19,49,1025.0711669921875,852.4371948242188
19,50,1042.10595703125,829.236083984375
19,51,1058.254150390625,807.58837890625
19,52,1073.47412109375,786.17431640625
19,53,1087.897216796875,766.2984619140625
19,54,980.1842041015625,973.275146484375
19,55,1000.6177978515625,945.323974609375
19,56,1019.9108276367188,918.2864379882812
19,57,1037.9932861328125,892.89306640625
19,58,1055.24951171875,868.0673217773438
19,59,1072.0540771484375,844.0911865234375
19,60,1087.7567138671875,821.6326904296875
19,61,1102.30078125,799.766357421875
19,62,1116.5709228515625,778.5801391601562
20,0,1222.7724609375,481.65142822265625
20,1,1213.1217041015625,522.9132690429688
20,2,1203.871337890625,562.64501953125
20,3,1194.1649169921875,601.224609375
20,4,1184.6270751953125,637.9345092773438
20,5,1174.9639892578125,673.4148559570312
20,6,1165.49560546875,707.0997314453125
20,7,1156.4649658203125,739.2105712890625
20,8,1147.695068359375,769.2305908203125
20,9,1183.28369140625,467.75396728515625
20,10,1175.114990234375,508.5013122558594
20,11,1166.42822265625,547.9230346679688
20,12,1157.425537109375,586.0206298828125
20,13,1148.521240234375,623.0830688476562
20,14,1139.850341796875,658.1317749023438
20,15,1131.5338134765625,691.4942016601562
20,16,1123.815673828125,723.1429443359375
20,17,1115.9368896484375,753.2222900390625
20,18,1145.8779296875,454.7275390625
20,19,1138.15234375,494.8074645996094
20,20,1129.8994140625,533.8661499023438
20,21,1121.9542236328125,571.4586791992188
20,22,1114.1243896484375,607.9386596679688
20,23,1106.4169921875,642.7263793945312
20,24,1098.64404296875,676.03955078125
20,25,1091.4927978515625,707.9481201171875
20,26,1084.780517578125,737.7246704101562
20,27,1109.1199951171875,442.7595520019531
20,28,1101.9053955078125,482.2733154296875
20,29,1094.617919921875,520.7354736328125
20,30,1087.460205078125,557.795166015625
20,31,1080.579833984375,593.6876831054688
20,32,1073.7742919921875,627.9867553710938
20,33,1067.0233154296875,661.1072387695312
20,34,1060.5045166015625,692.712158203125
20,35,1054.2425537109375,722.8111572265625
20,36,1073.02880859375,431.72930908203125
20,37,1066.647705078125,470.56243896484375
20,38,1060.3465576171875,508.2442321777344
20,39,1053.63232421875,544.8724365234375
20,40,1047.584228515625,580.2691040039062
20,41,1041.7352294921875,614.3915405273438
20,42,1035.8438720703125,646.917236328125
20,43,1030.372314453125,678.2064208984375
20,44,1024.87939453125,707.7984619140625
20,45,1039.0391845703125,421.5132751464844
20,46,1033.6632080078125,459.30230712890625
20,47,1028.0714111328125,496.43701171875
20,48,1022.2220458984375,532.3327026367188
20,49,1016.7616577148438,567.236572265625
20,50,1011.759765625,600.708251953125
20,51,1006.6460571289062,633.0154418945312
20,52,1001.9022216796875,663.8048706054688
20,53,997.2656860351562,693.0601806640625
20,54,1005.7505493164062,412.18804931640625
20,55,1000.3939819335938,449.4189453125
20,56,995.9284057617188,485.6206359863281
20,57,991.6642456054688,520.6998901367188
20,58,987.01611328125,554.9874877929688
20,59,982.0716552734375,588.0054931640625
20,60,978.1041259765625,619.6702880859375
20,61,973.8707885742188,650.2145385742188
20,62,969.5908203125,679.7693481445312
21,0,1045.200439453125,687.82470703125
21,1,1038.98583984375,712.5300903320312
21,2,1032.2236328125,738.6696166992188
21,3,1025.38623046875,765.5626831054688
21,4,1017.9071655273438,794.4359741210938
21,5,1010.4135131835938,824.1199340820312
21,6,1002.0840454101562,854.7567749023438
21,7,993.4544677734375,887.1560668945312
21,8,984.2562255859375,920.6944580078125
21,9,1014.9511108398438,677.648681640625
21,10,1007.947021484375,702.4219970703125
21,11,1000.7049560546875,728.293701171875
21,12,992.9415893554688,755.1632690429688
21,13,984.8842163085938,783.4080200195312
21,14,976.3368530273438,812.6613159179688
21,15,967.274658203125,843.6741333007812
21,16,957.6640625,876.0684204101562
21,17,947.8784790039062,909.2192993164062
21,18,984.3173828125,668.0903930664062
21,19,976.8635864257812,692.5247802734375
21,20,968.666015625,717.759033203125
21,21,960.3328247070312,744.4883422851562
21,22,951.3226318359375,772.6144409179688
21,23,942.0565795898438,801.8500366210938
21,24,932.1138305664062,832.169189453125
21,25,921.9647216796875,864.095947265625
21,26,911.0868530273438,897.4495849609375
21,27,954.0082397460938,658.2105102539062
21,28,945.5672607421875,682.2196655273438
21,29,936.7078247070312,707.1380004882812
21,30,927.6829833984375,733.4570922851562
21,31,918.0119018554688,761.4351196289062
21,32,907.709716796875,790.4496459960938
21,33,897.1370849609375,820.61279296875
21,34,886.0491333007812,852.1328735351562
21,35,874.8055419921875,884.7923583984375
21,36,923.6321411132812,647.9990844726562
21,37,914.4600830078125,671.5469970703125
21,38,904.860107421875,696.3724365234375
21,39,894.9567260742188,722.202392578125
21,40,884.3372192382812,749.7249755859375
21,41,873.4613647460938,778.256591796875
21,42,862.0863647460938,808.1793212890625
21,43,850.3261108398438,839.3814086914062
21,44,838.0797729492188,871.9258422851562
21,45,893.3885498046875,637.951171875
21,46,883.6334838867188,661.171630859375
21,47,873.227294921875,685.9315185546875
21,48,862.5594482421875,711.3560180664062
21,49,851.2977905273438,738.39453125
21,50,839.6653442382812,766.7421264648438
21,51,827.4639282226562,796.3410034179688
21,52,814.8084716796875,827.3837890625
21,53,802.0079345703125,859.5082397460938
21,54,863.5240478515625,627.020263671875
21,55,853.0048828125,650.2523803710938
21,56,841.9671630859375,674.5311889648438
21,57,830.439697265625,700.305419921875
21,58,818.330810546875,727.0257568359375
21,59,806.0625610351562,754.6796875
21,60,793.1925048828125,784.1497192382812
21,61,779.8407592773438,814.4818115234375
21,62,766.173095703125,845.8164672851562
22,0,953.9439086914062,472.25164794921875
22,1,967.1680297851562,505.2037658691406
22,2,980.2919311523438,538.4315185546875
22,3,993.9978637695312,571.5902099609375
22,4,1007.5593872070312,605.0916137695312
22,5,1021.6146240234375,638.2276000976562
22,6,1035.029296875,671.324951171875
22,7,1048.38037109375,704.1755981445312
22,8,1061.5499267578125,736.561767578125
22,9,925.8660278320312,480.4912109375
22,10,939.34814453125,514.236328125
22,11,953.277099609375,548.0728149414062
22,12,967.40478515625,582.0699462890625
22,13,981.8609008789062,616.1660766601562
22,14,996.1097412109375,650.24609375
22,15,1009.9072265625,684.293701171875
22,16,1023.212158203125,718.0531005859375
22,17,1036.8525390625,751.1838989257812
22,18,895.7861938476562,489.64984130859375
22,19,909.8576049804688,523.9860229492188
22,20,924.458740234375,558.3739013671875
22,21,939.132568359375,593.2252197265625
22,22,953.8678588867188,628.3685913085938
22,23,968.3353881835938,663.270751953125
22,24,982.8776245117188,697.841796875
22,25,997.1874389648438,732.3313598632812
22,26,1010.849609375,766.3963012695312
22,27,865.0760498046875,498.6455078125
22,28,879.6353759765625,534.0039672851562
22,29,894.5661010742188,569.2879638671875
22,30,909.5137939453125,605.0510864257812
22,31,924.4526977539062,641.0530395507812
22,32,939.5675659179688,676.869873046875
22,33,954.4885864257812,712.2252807617188
22,34,969.203857421875,747.6043090820312
22,35,983.8955078125,782.1866455078125
22,36,833.3333740234375,508.1153564453125
22,37,847.948486328125,544.47265625
22,38,863.015869140625,580.9370727539062
22,39,878.4434814453125,617.270751953125
22,40,894.0704345703125,654.406982421875
22,41,909.438720703125,691.011962890625
22,42,924.7047119140625,727.4647827148438
22,43,940.0167846679688,763.6192016601562
22,44,955.13671875,798.9865112304688
22,45,800.07373046875,518.2831420898438
22,46,814.8984375,555.5982666015625
22,47,830.144287109375,592.9967651367188
22,48,845.8593139648438,630.5380249023438
22,49,861.686279296875,668.4177856445312
22,50,877.462158203125,705.9647827148438
22,51,893.3080444335938,743.0979614257812
22,52,909.0099487304688,780.0422973632812
22,53,924.4155883789062,816.1492919921875
22,54,765.9307250976562,528.5784912109375
22,55,781.171875,566.8310546875
22,56,796.6907958984375,605.38671875
22,57,811.9773559570312,644.2078247070312
22,58,828.111328125,682.9923706054688
22,59,844.5868530273438,721.3475341796875
22,60,860.6956787109375,759.527587890625
22,61,876.9202270507812,797.1238403320312
22,62,893.5553588867188,834.0701293945312
23,0,849.5108032226562,600.071044921875
23,1,882.084716796875,622.4081420898438
23,2,914.8955688476562,645.0554809570312
23,3,948.0592651367188,667.3705444335938
23,4,981.248046875,689.8787231445312
23,5,1014.4552612304688,711.9970092773438
23,6,1047.197021484375,734.0922241210938
23,7,1079.743408203125,756.0242309570312
23,8,1111.6966552734375,777.4478759765625
23,9,826.7306518554688,631.2146606445312
23,10,859.4756469726562,653.9443969726562
23,11,892.7625122070312,676.711181640625
23,12,926.1835327148438,699.31689453125
23,13,960.110595703125,721.9623413085938
23,14,993.7606811523438,744.3524780273438
23,15,1026.9903564453125,766.8544311523438
23,16,1059.7425537109375,788.8330688476562
23,17,1092.2274169921875,810.3465576171875
23,18,803.3895874023438,663.4191284179688
23,19,836.5134887695312,686.1616821289062
23,20,870.0384521484375,709.0946044921875
23,21,903.9376831054688,732.0982666015625
23,22,938.130859375,755.1106567382812
23,23,972.1676025390625,777.8684692382812
23,24,1005.9280395507812,800.1820068359375
23,25,1039.49267578125,822.3017578125
23,26,1072.1580810546875,843.9873657226562
23,27,779.90869140625,695.7396850585938
23,28,813.2092895507812,718.881103515625
23,29,847.0333251953125,742.189208984375
23,30,881.1786499023438,765.4207763671875
23,31,915.7254028320312,788.686767578125
23,32,950.2198486328125,811.7232666015625
23,33,984.4650268554688,834.16943359375
23,34,1018.3340454101562,856.3771362304688
23,35,1051.9290771484375,878.1083984375
23,36,755.8370971679688,728.2898559570312
23,37,789.3821411132812,752.1893310546875
23,38,823.5972290039062,775.9681396484375
23,39,858.091064453125,799.3817138671875
23,40,893.009765625,822.8732299804688
23,41,927.90576171875,846.1344604492188
23,42,962.2940063476562,868.64404296875
23,43,996.9459838867188,891.0105590820312
23,44,1030.7919921875,912.7221069335938
23,45,731.9608154296875,761.3912353515625
23,46,765.8532104492188,785.7911987304688
23,47,800.0821533203125,809.7568969726562
23,48,834.8043212890625,833.4421997070312
23,49,870.0414428710938,857.1959228515625
23,50,904.9956665039062,880.5193481445312
23,51,940.12841796875,903.2300415039062
23,52,974.736083984375,925.6257934570312
23,53,1008.9834594726562,947.1710815429688
23,54,707.6494140625,794.815673828125
23,55,741.8157348632812,819.26806640625
23,56,776.3211669921875,843.7449340820312
23,57,811.2894287109375,867.9030151367188
23,58,846.72021484375,891.9180297851562
23,59,882.2279663085938,915.296142578125
23,60,917.3941650390625,938.1268920898438
23,61,952.4075317382812,960.3792724609375
23,62,987.2366943359375,981.9663696289062
24,0,899.4346313476562,475.8390197753906
24,1,912.98291015625,504.79498291015625
24,2,926.1143188476562,533.8748779296875
24,3,940.0325317382812,562.4345092773438
24,4,953.7261352539062,591.260009765625
24,5,967.3828735351562,619.7255249023438
24,6,980.7280883789062,647.8049926757812
24,7,994.052001953125,675.6798095703125
24,8,1007.2457885742188,703.1023559570312
24,9,874.94775390625,486.4198913574219
24,10,888.630126953125,515.8453979492188
24,11,902.6536254882812,545.540771484375
24,12,916.8865356445312,574.6392211914062
24,13,931.4935913085938,603.9993896484375
24,14,945.5901489257812,632.7999877929688
24,15,959.2984008789062,661.6298217773438
24,16,972.522216796875,690.04638671875
24,17,986.07568359375,718.0462036132812
24,18,848.9334716796875,497.7649841308594
24,19,863.4783325195312,527.7708740234375
24,20,878.1807250976562,557.6124877929688
24,21,892.8426513671875,587.4888916015625
24,22,907.739501953125,617.518798828125
24,23,922.1691284179688,647.0145874023438
24,24,936.6499633789062,676.1482543945312
24,25,950.7484130859375,705.1097412109375
24,26,964.267333984375,733.4815673828125
24,27,822.7427368164062,509.3139953613281
24,28,837.8170776367188,539.8727416992188
24,29,852.8170776367188,570.2730712890625
24,30,867.9690551757812,600.8695068359375
24,31,883.08056640625,631.3703002929688
24,32,897.986572265625,661.5438232421875
24,33,912.7383422851562,691.3931884765625
24,34,927.6664428710938,720.7650756835938
24,35,942.042724609375,749.6160278320312
24,36,796.0615234375,521.0689697265625
24,37,811.0899658203125,552.5468139648438
24,38,826.28515625,583.9188842773438
24,39,842.095458984375,614.9880981445312
24,40,857.689208984375,646.0426635742188
24,41,873.0748291015625,676.895263671875
24,42,888.3283081054688,707.1193237304688
24,43,903.5720825195312,737.135986328125
24,44,918.49951171875,766.4649658203125
24,45,768.1998291015625,533.6414794921875
24,46,783.5469360351562,565.7836303710938
24,47,798.9849243164062,597.8065795898438
24,48,814.8665161132812,629.6298217773438
24,49,830.9022216796875,661.4044799804688
24,50,846.8043823242188,692.5457153320312
24,51,862.5484008789062,723.526611328125
24,52,878.3399658203125,753.9775390625
24,53,893.6615600585938,783.7894897460938
24,54,739.5391235351562,546.5416259765625
24,55,755.5457763671875,579.2327270507812
24,56,771.548583984375,612.0140991210938
24,57,787.1804809570312,644.8018798828125
24,58,803.526123046875,677.1541137695312
24,59,820.1098022460938,709.0739135742188
24,60,836.0239868164062,740.577392578125
24,61,852.286865234375,771.4419555664062
24,62,868.6868896484375,801.7294921875
25,0,809.5022583007812,930.1488647460938
25,1,828.380126953125,907.82470703125
25,2,846.5963745117188,885.9290161132812
25,3,864.0222778320312,864.2537841796875
25,4,880.9441528320312,843.6192626953125
25,9,836.0914306640625,946.072265625
25,10,854.4618530273438,923.150390625
25,11,872.5072631835938,900.5901489257812
25,12,889.3958740234375,878.3153076171875
25,13,906.311767578125,856.4635620117188
25,18,863.3045654296875,962.6940307617188
25,19,881.5341186523438,938.9321899414062
25,20,898.9962158203125,915.2654418945312
25,21,915.9028930664062,892.338134765625
25,22,932.7029418945312,870.233642578125
25,23,948.080078125,848.869873046875
25,24,963.0468139648438,828.0582885742188
25,27,891.2931518554688,978.8384399414062
25,28,909.1107177734375,954.1190185546875
25,29,926.3048095703125,929.8773803710938
25,30,942.9025268554688,906.38916015625
25,31,958.9774780273438,883.6915283203125
25,32,974.4710693359375,862.1974487304688
25,33,989.2189331054688,840.9053955078125
25,36,920.0381469726562,994.7835693359375
25,37,937.627197265625,969.3724365234375
25,38,954.3882446289062,944.7213134765625
25,39,970.7728881835938,920.8092651367188
25,40,986.2545776367188,897.2313842773438
25,41,1001.2301635742188,874.9558715820312
25,42,1015.9332275390625,853.2070922851562
25,43,1029.62939453125,832.5924072265625
25,44,1042.5179443359375,812.4573974609375
25,45,949.2182006835938,1010.7478637695312
25,46,966.3224487304688,984.8450927734375
25,47,982.6657104492188,959.6023559570312
25,48,998.5846557617188,935.0362548828125
25,49,1013.9342651367188,911.1251831054688
25,50,1028.388427734375,888.407958984375
25,51,1042.228271484375,866.2665405273438
25,52,1056.001953125,844.7733764648438
25,53,1068.1182861328125,824.2942504882812
25,54,979.0091552734375,1026.2855224609375
25,55,995.9378662109375,999.6865844726562
25,56,1011.8267211914062,973.8972778320312
25,57,1027.129638671875,949.0651245117188
25,58,1042.0506591796875,924.7108764648438
25,59,1056.1103515625,901.0671997070312
25,60,1069.61474609375,878.8485717773438
25,61,1082.32373046875,856.7276611328125
25,62,1094.7386474609375,835.5546875
26,0,1091.07568359375,460.4781188964844
26,1,1089.257568359375,500.72027587890625
26,2,1086.96728515625,539.8480834960938
26,3,1085.021484375,578.5927124023438
26,4,1082.8748779296875,615.9912719726562
26,5,1080.7767333984375,652.4964599609375
26,6,1078.6962890625,687.6343383789062
26,7,1076.3961181640625,721.3764038085938
26,8,1073.7386474609375,753.7396850585938
26,9,1051.0987548828125,460.8047790527344
26,10,1049.7769775390625,501.284912109375
26,11,1048.3297119140625,541.0604248046875
26,12,1046.9910888671875,579.9844970703125
26,13,1045.7138671875,618.3236083984375
26,14,1044.0919189453125,655.160400390625
26,15,1042.568603515625,690.6471557617188
26,16,1040.6920166015625,724.3777465820312
26,17,1038.9498291015625,757.1864624023438
26,18,1010.120361328125,460.9105529785156
26,19,1009.3753051757812,501.8748779296875
26,20,1008.5119018554688,542.4249877929688
26,21,1007.8818969726562,581.7543334960938
26,22,1006.8870849609375,620.2760620117188
26,23,1006.1384887695312,657.365234375
26,24,1005.2843627929688,693.4253540039062
26,25,1004.2542114257812,727.90673828125
26,26,1003.1098022460938,760.664306640625
26,27,968.2658081054688,461.6429748535156
26,28,968.4284057617188,503.4348449707031
26,29,968.0858154296875,543.9049072265625
26,30,967.871337890625,583.829833984375
26,31,967.524658203125,622.6578369140625
26,32,967.5265502929688,659.9432983398438
26,33,967.3475341796875,695.93212890625
26,34,967.0270385742188,730.899169921875
26,35,966.8594970703125,763.9865112304688
26,36,926.18994140625,463.1820068359375
26,37,926.2556762695312,504.8793640136719
26,38,926.5859375,545.9028930664062
26,39,927.2222290039062,586.0049438476562
26,40,927.7493896484375,625.32861328125
26,41,928.306640625,662.7988891601562
26,42,928.4622802734375,699.1017456054688
26,43,929.163818359375,733.8541259765625
26,44,929.5030517578125,767.2553100585938
26,45,883.1549072265625,464.60076904296875
26,46,883.9309692382812,506.7283020019531
26,47,885.0023193359375,547.779052734375
26,48,886.03955078125,588.2455444335938
26,49,887.4075317382812,627.5128173828125
26,50,888.4608154296875,665.2731323242188
26,51,889.8220825195312,701.43994140625
26,52,890.9861450195312,736.6341552734375
26,53,892.1439208984375,769.7515258789062
26,54,840.2179565429688,467.0312194824219
26,55,841.5957641601562,509.3257751464844
26,56,843.216064453125,550.74462890625
26,57,844.77783203125,590.5538330078125
26,58,846.7321166992188,630.1842041015625
26,59,848.6469116210938,668.0543212890625
26,60,850.562255859375,704.4656982421875
26,61,852.67138671875,739.199462890625
26,62,854.6884765625,773.3518676757812
27,0,1299.165771484375,507.21514892578125
27,1,1287.4288330078125,550.8939819335938
27,2,1275.6085205078125,593.6526489257812
27,3,1262.9185791015625,635.1644897460938
27,4,1250.248046875,675.7379760742188
27,5,1237.3060302734375,714.6571044921875
27,6,1224.4932861328125,752.0460205078125
27,7,1212.000732421875,787.7365112304688
27,8,1199.737060546875,821.8441772460938
27,9,1263.5693359375,493.894775390625
27,10,1252.7032470703125,536.320556640625
27,11,1241.5736083984375,577.9389038085938
27,12,1229.4906005859375,618.5049438476562
27,13,1217.0889892578125,658.1695556640625
27,14,1205.0289306640625,696.470947265625
27,15,1193.5987548828125,733.1249389648438
27,16,1182.2916259765625,768.1722412109375
27,17,1170.9971923828125,801.836181640625
27,18,1230.4278564453125,481.77093505859375
27,19,1219.958740234375,522.8750610351562
27,20,1208.6824951171875,563.3678588867188
27,21,1197.6678466796875,602.7738037109375
27,22,1186.47314453125,641.470458984375
27,23,1175.57373046875,678.6605224609375
27,24,1164.140380859375,714.826171875
27,25,1153.19580078125,749.6240234375
27,26,1143.217041015625,782.86376953125
27,27,1198.223388671875,470.34722900390625
27,28,1187.9974365234375,510.3899841308594
27,29,1177.81396484375,549.6616821289062
27,30,1167.23388671875,588.162353515625
27,31,1156.9881591796875,625.740966796875
27,32,1146.7606201171875,662.2637939453125
27,33,1136.474365234375,697.64306640625
27,34,1126.3096923828125,731.8247680664062
27,35,1116.3773193359375,764.5195922851562
27,36,1166.806396484375,459.9265441894531
27,37,1157.4482421875,498.52752685546875
27,38,1147.995849609375,536.7931518554688
27,39,1138.027099609375,574.258544921875
27,40,1128.295166015625,611.0445556640625
27,41,1118.701904296875,646.74609375
27,42,1109.4998779296875,681.2735595703125
27,43,1100.20263671875,714.6513671875
27,44,1091.31005859375,747.1021728515625
27,45,1137.97705078125,450.23101806640625
27,46,1129.436767578125,487.9743347167969
27,47,1120.65087890625,525.0757446289062
27,48,1111.242431640625,561.335205078125
27,49,1102.39794921875,597.3330078125
27,50,1093.7122802734375,631.9515991210938
27,51,1084.9183349609375,665.6893310546875
27,52,1076.6630859375,698.653076171875
27,53,1068.7000732421875,730.2347412109375
27,54,1109.6907958984375,441.0267028808594
27,55,1101.2686767578125,477.7325439453125
27,56,1093.37744140625,513.9019775390625
27,57,1085.6170654296875,549.099609375
27,58,1077.36328125,584.12548828125
27,59,1068.87451171875,618.2485961914062
27,60,1061.1429443359375,651.2344970703125
27,61,1053.2432861328125,683.3159790039062
27,62,1045.1632080078125,714.3905029296875
28,0,1072.4678955078125,456.19061279296875
28,1,1072.6514892578125,496.3441467285156
28,2,1072.3358154296875,535.1612548828125
28,3,1072.037353515625,573.7987060546875
28,4,1071.6361083984375,610.9591064453125
28,5,1071.440185546875,647.552978515625
28,6,1070.991455078125,682.6184692382812
28,7,1070.2423095703125,716.7310180664062
28,8,1069.53759765625,749.4281005859375
28,9,1033.44970703125,458.4516906738281
28,10,1033.87646484375,498.5194091796875
28,11,1034.2803955078125,538.3629150390625
28,12,1034.705322265625,577.0512084960938
28,13,1035.261474609375,615.4117431640625
28,14,1035.3602294921875,652.1272583007812
28,15,1035.447509765625,687.6948852539062
28,16,1035.1844482421875,721.6339111328125
28,17,1035.23046875,754.4771118164062
28,18,993.319580078125,460.5046691894531
28,19,994.0450439453125,501.23748779296875
28,20,995.2445678710938,541.48876953125
28,21,996.401611328125,580.630859375
28,22,997.006591796875,619.110595703125
28,23,998.2444458007812,656.0657348632812
28,24,999.1143188476562,692.3639526367188
28,25,999.5936889648438,726.9017944335938
28,26,999.9396362304688,759.9232177734375
28,27,952.0260009765625,463.02789306640625
28,28,953.7962646484375,504.4237060546875
28,29,955.4454956054688,545.020263671875
28,30,956.8810424804688,584.7012329101562
28,31,958.5860595703125,623.4859008789062
28,32,960.1461791992188,660.7950439453125
28,33,961.5755004882812,696.8322143554688
28,34,962.8389892578125,731.8900146484375
28,35,964.1573486328125,765.3173828125
28,36,910.3612670898438,466.220458984375
28,37,912.4102172851562,507.9348449707031
28,38,914.6327514648438,548.9114990234375
28,39,916.93017578125,588.846923828125
28,40,919.1900024414062,628.0964965820312
28,41,921.2215576171875,665.8762817382812
28,42,923.2752685546875,702.0435180664062
28,43,925.4187622070312,737.1600341796875
28,44,927.3140258789062,770.8391723632812
28,45,868.1217651367188,469.7466125488281
28,46,870.60693359375,511.621826171875
28,47,873.39501953125,552.8692626953125
28,48,876.3858032226562,593.1867065429688
28,49,879.2310180664062,632.43701171875
28,50,881.91650390625,670.1149291992188
28,51,884.9617309570312,706.5203857421875
28,52,887.6368408203125,741.80126953125
28,53,890.21923828125,775.3048095703125
28,54,825.7705078125,474.01068115234375
28,55,828.7843017578125,516.0498657226562
28,56,832.0804443359375,557.611572265625
28,57,835.3155517578125,597.4464721679688
28,58,838.8857421875,637.1085205078125
28,59,842.4563598632812,675.174072265625
28,60,845.7825317382812,711.7931518554688
28,61,849.4365234375,746.602783203125
28,62,853.0121459960938,780.96240234375
29,0,751.311767578125,540.4508666992188
29,1,764.1212158203125,573.2098999023438
29,2,776.5635986328125,605.0286865234375
29,3,789.9606323242188,636.6107788085938
29,4,803.1892700195312,667.3922119140625
29,5,816.5669555664062,697.8322143554688
29,6,829.7921752929688,727.2127685546875
29,7,842.3905639648438,755.9346313476562
29,8,855.0873413085938,784.0221557617188
29,9,726.4843139648438,553.3436279296875
29,10,739.7716064453125,586.66064453125
29,11,753.439208984375,619.3905029296875
29,12,767.5700073242188,651.496826171875
29,13,782.0448608398438,683.185546875
29,14,796.1839599609375,714.0552978515625
29,15,809.570068359375,744.0892333984375
29,16,822.5910034179688,773.3153076171875
29,17,835.8818359375,801.5075073242188
29,18,699.88818359375,566.9544067382812
29,19,714.2650146484375,601.1135864257812
29,20,729.2548828125,634.3905639648438
29,21,743.9954833984375,667.3053588867188
29,22,758.8634033203125,699.8094482421875
29,23,773.5443115234375,731.2538452148438
29,24,788.2027587890625,761.8414306640625
29,25,802.2772827148438,791.6292114257812
29,26,815.948486328125,820.642578125
29,27,672.563232421875,581.2830810546875
29,28,688.07373046875,616.070068359375
29,29,703.7374267578125,650.6268310546875
29,30,719.6301879882812,684.1563110351562
29,31,734.9176025390625,717.2823486328125
29,32,750.3156127929688,749.32861328125
29,33,765.533203125,780.4824829101562
29,34,780.6519775390625,810.7918090820312
29,35,795.3416748046875,839.9573974609375
29,36,644.9962768554688,596.244384765625
29,37,660.7858276367188,632.32177734375
29,38,677.0111694335938,667.4154052734375
29,39,693.6583251953125,701.9517822265625
29,40,710.1676635742188,735.83740234375
29,41,726.264892578125,768.6928100585938
29,42,742.3507690429688,800.4297485351562
29,43,758.1192016601562,831.1404418945312
29,44,773.6463012695312,860.8598022460938
29,45,615.7418823242188,612.4588623046875
29,46,632.3722534179688,649.0695190429688
29,47,649.2802734375,685.4237670898438
29,48,666.531982421875,720.7166137695312
29,49,683.7935180664062,755.1932373046875
29,50,700.8193359375,788.4423828125
29,51,717.6907958984375,820.919921875
29,52,734.3557739257812,852.0897216796875
29,53,750.30859375,882.038330078125
29,54,586.0208129882812,629.1893920898438
29,55,603.6297607421875,666.9951171875
29,56,621.48974609375,704.18115234375
29,57,638.7557983398438,740.2476806640625
29,58,656.6876831054688,775.6029663085938
29,59,674.947265625,809.6368408203125
29,60,692.2507934570312,842.4671020507812
29,61,709.7188720703125,873.99755859375
29,62,727.3676147460938,904.6436767578125
30,0,782.8118286132812,799.9848022460938
30,1,808.3274536132812,774.0662231445312
30,2,832.864013671875,749.0111083984375
30,3,856.6040649414062,724.3768920898438
30,4,879.3416137695312,700.8125610351562
30,5,901.0105590820312,678.1223754882812
30,6,921.6867065429688,656.5848999023438
30,7,941.661376953125,636.1121215820312
30,8,960.506103515625,616.5950317382812
30,9,813.4071655273438,819.8215942382812
30,10,838.8036499023438,792.9957885742188
30,11,863.3287963867188,766.751953125
30,12,886.4490966796875,741.0562133789062
30,13,909.1239624023438,716.104736328125
30,14,930.5797119140625,692.3676147460938
30,15,950.9151611328125,670.4927978515625
30,16,970.5452270507812,649.8006591796875
30,17,988.7822875976562,629.3745727539062
30,18,845.8898315429688,840.9542236328125
30,19,870.8934326171875,812.5430297851562
30,20,895.012451171875,784.6660766601562
30,21,917.9716186523438,758.1002197265625
30,22,940.1947631835938,732.6865234375
30,23,961.076171875,708.2650146484375
30,24,981.2394409179688,685.0280151367188
30,25,1000.2258911132812,663.219482421875
30,26,1018.3720092773438,642.6884155273438
30,27,879.4503173828125,861.7996826171875
30,28,904.1817016601562,831.8867797851562
30,29,927.9273071289062,803.0087890625
30,30,950.5578002929688,775.4545288085938
30,31,972.2184448242188,749.07421875
30,32,992.7857666015625,724.1983032226562
30,33,1012.3394165039062,700.3292236328125
30,34,1030.895263671875,677.685302734375
30,35,1048.26318359375,655.9127197265625
30,36,914.4310302734375,882.2849731445312
30,37,938.8081665039062,851.638916015625
30,38,962.2277221679688,821.9724731445312
30,39,984.336669921875,793.1676635742188
30,40,1005.6641235351562,765.7625732421875
30,41,1025.6370849609375,739.8341674804688
30,42,1044.451904296875,715.223388671875
30,43,1062.509765625,691.833984375
30,44,1079.4798583984375,669.4313354492188
30,45,950.451416015625,903.3230590820312
30,46,974.4314575195312,871.6516723632812
30,47,997.1889038085938,841.0020141601562
30,48,1018.95947265625,811.3975219726562
30,49,1039.5938720703125,783.0596923828125
30,50,1058.9820556640625,756.5559692382812
30,51,1077.1865234375,731.0657958984375
30,52,1094.4302978515625,706.93017578125
30,53,1110.556640625,684.0883178710938
30,54,987.766357421875,923.737060546875
30,55,1011.2816772460938,890.8370971679688
30,56,1033.4703369140625,859.1746215820312
30,57,1054.42626953125,829.6659545898438
30,58,1074.3602294921875,800.6359252929688
30,59,1093.1646728515625,772.6433715820312
30,60,1110.7930908203125,746.8058471679688
30,61,1127.2828369140625,721.8628540039062
30,62,1142.9984130859375,697.8015747070312
31,0,794.162841796875,836.901123046875
31,1,817.9874877929688,815.1795043945312
31,2,840.8139038085938,794.2665405273438
31,3,862.40087890625,773.3484497070312
31,4,883.228759765625,753.6783447265625
31,5,903.546875,734.5823974609375
31,9,822.8709106445312,856.2437744140625
31,10,846.5153198242188,833.7015991210938
31,11,868.9230346679688,811.6366577148438
31,12,890.4462890625,789.8400268554688
31,13,911.0460205078125,768.8320922851562
31,14,930.96728515625,748.9429931640625
31,18,852.8499755859375,876.7409057617188
31,19,875.9724731445312,852.8705444335938
31,20,898.2388916015625,829.0097045898438
31,21,919.2828979492188,806.6836547851562
31,22,939.1552124023438,785.2424926757812
31,23,958.6209106445312,764.71484375
31,26,1010.9568481445312,709.1082763671875
31,27,883.821044921875,896.9757080078125
31,28,906.510498046875,871.4191284179688
31,29,928.1911010742188,847.0209350585938
31,30,949.0303955078125,823.8787231445312
31,31,968.7695922851562,801.42529296875
31,32,986.9898071289062,780.3911743164062
31,33,1005.1312866210938,760.1795043945312
31,34,1021.982666015625,740.9509887695312
31,35,1037.863037109375,722.3975830078125
31,36,916.1392211914062,916.6104125976562
31,37,938.326171875,890.4718017578125
31,38,959.84326171875,865.2056884765625
31,39,979.7874145507812,840.9718017578125
31,40,999.1665649414062,817.8329467773438
31,41,1017.2152709960938,795.9296875
31,42,1034.457275390625,774.969482421875
31,43,1050.6162109375,755.1860961914062
31,44,1066.1015625,736.124755859375
31,45,948.9668579101562,936.7379150390625
31,46,970.82421875,909.7713623046875
31,47,991.3916015625,883.5838012695312
31,48,1011.01220703125,858.5039672851562
31,49,1029.691162109375,834.69677734375
31,50,1047.17333984375,812.0053100585938
31,51,1063.80712890625,790.505126953125
31,52,1079.397705078125,769.8303833007812
31,53,1094.033203125,750.4989624023438
31,54,982.9696044921875,956.230224609375
31,55,1004.2135620117188,928.04638671875
31,56,1024.34716796875,901.0942993164062
31,57,1043.153564453125,875.9220581054688
31,58,1061.2161865234375,851.3031005859375
31,59,1078.15966796875,827.5679931640625
31,60,1094.0994873046875,805.234375
31,61,1108.9039306640625,784.1561279296875
31,62,1123.564453125,763.4802856445312
32,0,916.0267333984375,456.7119445800781
32,1,926.4526977539062,487.80340576171875
32,2,936.6590576171875,518.3889770507812
32,3,947.3264770507812,548.42724609375
32,4,957.5357055664062,578.044677734375
32,5,967.936279296875,606.9605712890625
32,6,977.8706665039062,635.1244506835938
32,7,987.383544921875,662.6490478515625
32,8,996.735595703125,689.1334838867188
32,9,891.8978881835938,468.5865173339844
32,10,902.8693237304688,500.09906005859375
32,11,913.9736328125,531.298828125
32,12,925.1396484375,562.1572265625
32,13,936.390380859375,592.1188354492188
32,14,947.4342651367188,621.1776123046875
32,15,957.5891723632812,650.1893310546875
32,16,967.0836791992188,678.057373046875
32,17,977.0321655273438,704.8982543945312
32,18,866.0517578125,480.9493408203125
32,19,878.1293334960938,513.3572998046875
32,20,890.265869140625,545.1151123046875
32,21,902.0006713867188,576.135986328125
32,22,913.4810791015625,606.8550415039062
32,23,924.987548828125,636.8386840820312
32,24,936.0510864257812,665.9336547851562
32,25,946.67822265625,694.0446166992188
32,26,956.4926147460938,721.3984985351562
32,27,840.0581665039062,494.0935363769531
32,28,852.717529296875,527.017578125
32,29,865.6204223632812,559.446533203125
32,30,878.0545654296875,591.245361328125
32,31,890.0301513671875,622.4526977539062
32,32,901.9918212890625,652.6948852539062
32,33,913.4658203125,682.3010864257812
32,34,924.9175415039062,710.9483642578125
32,35,935.9448852539062,738.5321655273438
32,36,813.803466796875,507.86846923828125
32,37,826.638916015625,541.3965454101562
32,38,839.7540893554688,574.77587890625
32,39,852.9473266601562,607.0445556640625
32,40,865.88671875,639.0675659179688
32,41,878.2957763671875,669.6571044921875
32,42,890.4198608398438,699.6495361328125
32,43,902.3685913085938,728.6533203125
32,44,913.9686279296875,756.7252807617188
32,45,785.916015625,522.4390869140625
32,46,799.4541015625,556.8057861328125
32,47,812.9193115234375,590.6048583984375
32,48,826.52734375,623.3909912109375
32,49,840.1009521484375,655.8829345703125
32,50,853.1114501953125,687.09765625
32,51,866.0889282226562,717.4066772460938
32,52,878.6497192382812,746.7640991210938
32,53,890.5516357421875,774.8738403320312
32,54,757.5180053710938,537.8748779296875
32,55,772.0426025390625,572.9807739257812
32,56,786.290283203125,607.28857421875
32,57,799.8565063476562,640.9736938476562
32,58,813.8377685546875,673.7981567382812
32,59,827.873779296875,705.403564453125
32,60,840.986572265625,736.1214599609375
32,61,854.2587890625,765.6856079101562
32,62,867.534423828125,794.3267822265625
33,0,1237.133544921875,484.76220703125
33,1,1226.0411376953125,526.0198364257812
33,2,1215.3675537109375,565.7196655273438
33,3,1204.186767578125,604.32861328125
33,4,1193.2178955078125,641.1725463867188
33,5,1182.0362548828125,676.8546752929688
33,6,1171.3433837890625,710.7221069335938
33,7,1160.87158203125,742.9269409179688
33,8,1150.80078125,773.31689453125
33,9,1199.26318359375,469.93359375
33,10,1189.3922119140625,510.4117736816406
33,11,1179.38916015625,549.723876953125
33,12,1168.887451171875,587.6661376953125
33,13,1158.4136962890625,624.6703491210938
33,14,1148.22314453125,659.78662109375
33,15,1138.53955078125,693.211669921875
33,16,1129.5316162109375,725.1092529296875
33,17,1120.3990478515625,755.6240234375
33,18,1163.490966796875,455.8554992675781
33,19,1154.210693359375,495.53521728515625
33,20,1144.271728515625,534.3168334960938
33,21,1134.9117431640625,571.7932739257812
33,22,1125.61474609375,608.092529296875
33,23,1116.3402099609375,642.928466796875
33,24,1107.347900390625,676.3107299804688
33,25,1098.5804443359375,708.271484375
33,26,1090.601318359375,738.3014526367188
33,27,1128.3548583984375,442.78350830078125
33,28,1119.5101318359375,481.9440002441406
33,29,1110.6290283203125,519.901123046875
33,30,1101.843017578125,556.6014404296875
33,31,1093.4830322265625,592.5580444335938
33,32,1085.3603515625,626.9052124023438
33,33,1077.0452880859375,659.7322998046875
33,34,1069.2513427734375,691.6801147460938
33,35,1061.4666748046875,721.8060302734375
33,36,1093.76904296875,430.68798828125
33,37,1085.9781494140625,468.9898681640625
33,38,1078.0721435546875,506.2769775390625
33,39,1070.0640869140625,542.7028198242188
33,40,1062.11376953125,577.9637451171875
33,41,1054.73779296875,611.7803955078125
33,42,1047.5362548828125,644.3468017578125
33,43,1040.45556640625,675.7526245117188
33,44,1033.8133544921875,705.5745849609375
33,45,1061.668212890625,419.4388732910156
33,46,1054.4588623046875,456.9371032714844
33,47,1047.463134765625,493.5535583496094
33,48,1040.1649169921875,528.9903564453125
33,49,1032.9287109375,563.8886108398438
33,50,1026.5838623046875,597.0370483398438
33,51,1019.970703125,629.1079711914062
33,52,1013.82666015625,660.138671875
33,53,1008.1847534179688,689.7045288085938
33,54,1029.8641357421875,409.0495910644531
33,55,1023.2001953125,445.95806884765625
33,56,1016.9754028320312,481.6147766113281
33,57,1011.0821533203125,516.2109375
33,58,1005.0717163085938,550.4487915039062
33,59,998.4218139648438,583.3194580078125
33,60,993.0746459960938,614.8502807617188
33,61,987.2648315429688,645.2492065429688
33,62,981.6531982421875,674.9159545898438
34,0,851.9480590820312,596.7737426757812
34,1,884.095703125,619.5221557617188
34,2,916.4148559570312,642.609619140625
34,3,949.0675048828125,665.1193237304688
34,4,981.8878173828125,688.0546875
34,5,1014.6151733398438,710.4244995117188
34,6,1046.80615234375,732.8109130859375
34,7,1078.7454833984375,755.056640625
34,8,1110.04736328125,776.7702026367188
34,9,828.9774169921875,626.96728515625
34,10,861.3456420898438,650.1224365234375
34,11,894.3645629882812,673.2962646484375
34,12,927.4027099609375,696.2492065429688
34,13,961.013671875,719.194580078125
34,14,994.1882934570312,742.0813598632812
34,15,1027.01708984375,764.8322143554688
34,16,1059.1705322265625,787.2156982421875
34,17,1091.119140625,809.0700073242188
34,18,805.2832641601562,658.3396606445312
34,19,838.22314453125,681.741455078125
34,20,871.6956787109375,704.9249877929688
34,21,905.1236572265625,728.368408203125
34,22,939.0145263671875,751.7548828125
34,23,972.6883544921875,774.9434814453125
34,24,1006.2847290039062,797.640869140625
34,25,1039.289794921875,820.1993408203125
34,26,1071.6641845703125,842.1847534179688
34,27,781.2836303710938,690.0616455078125
34,28,814.5438842773438,713.5642700195312
34,29,848.3256225585938,737.4124755859375
34,30,882.377685546875,761.1290283203125
34,31,916.7012939453125,784.9332275390625
34,32,950.874267578125,808.2044677734375
34,33,984.7532958984375,831.2556762695312
34,34,1018.40380859375,853.6849365234375
34,35,1051.6883544921875,875.8203125
34,36,756.90771484375,722.0425415039062
34,37,790.5436401367188,746.42919921875
34,38,824.4771118164062,770.7560424804688
34,39,859.02685546875,794.6759643554688
34,40,893.8055419921875,818.5738525390625
34,41,928.5007934570312,842.2716064453125
34,42,962.7889404296875,865.3565063476562
34,43,997.1691284179688,888.1620483398438
34,44,1030.80419921875,910.1484985351562
34,45,732.189697265625,754.9061279296875
34,46,766.2628784179688,779.6217041015625
34,47,800.706787109375,804.1732177734375
34,48,835.332275390625,828.5369873046875
34,49,870.5161743164062,852.9400024414062
34,50,905.5535888671875,876.6075439453125
34,51,940.5462646484375,899.8993530273438
34,52,975.0928344726562,922.6588745117188
34,53,1009.1229248046875,944.650634765625
34,54,707.6398315429688,787.9547729492188
34,55,741.8623046875,812.9652099609375
34,56,776.342529296875,838.0797119140625
34,57,811.5242309570312,862.9319458007812
34,58,846.947021484375,887.4533081054688
34,59,882.5157470703125,911.511474609375
34,60,917.6168823242188,934.7798461914062
34,61,952.6744995117188,957.6627807617188
34,62,987.6036376953125,979.5852661132812
35,0,978.692626953125,461.8981018066406
35,1,989.195556640625,496.9711608886719
35,2,999.3908081054688,532.0506591796875
35,3,1010.0252685546875,567.1730346679688
35,4,1020.2015380859375,602.0430908203125
35,5,1030.830322265625,636.7908935546875
35,6,1041.17236328125,670.9324951171875
35,7,1051.0963134765625,705.0203247070312
35,8,1060.73095703125,738.0466918945312
35,9,948.3563842773438,469.4376220703125
35,10,958.9304809570312,505.2421875
35,11,969.7642211914062,541.0663452148438
35,12,980.7691040039062,576.8195190429688
35,13,992.076416015625,612.47119140625
35,14,1002.9109497070312,647.95849609375
35,15,1013.4443359375,682.9706420898438
35,16,1023.3275146484375,717.4677124023438
35,17,1033.615234375,751.2958984375
35,18,915.9351806640625,477.7467956542969
35,19,927.193603515625,514.1489868164062
35,20,938.8096313476562,550.5706787109375
35,21,950.0554809570312,586.988037109375
35,22,961.6107177734375,623.725341796875
35,23,972.7987060546875,659.7571411132812
35,24,984.0261840820312,695.3201904296875
35,25,994.8765258789062,730.744140625
35,26,1005.0244140625,765.3613891601562
35,27,882.83984375,486.2508544921875
35,28,894.4747924804688,523.409912109375
35,29,906.3214721679688,560.6361083984375
35,30,918.1937255859375,597.8358154296875
35,31,929.9796752929688,635.2310180664062
35,32,941.537109375,672.1002197265625
35,33,953.2052001953125,708.4495239257812
35,34,964.545654296875,744.3560791015625
35,35,975.6863403320312,779.5275268554688
35,36,848.9707641601562,495.068115234375
35,37,860.6650390625,533.0301513671875
35,38,872.4534301757812,571.2122192382812
35,39,884.8797607421875,609.12548828125
35,40,897.1566772460938,647.3812255859375
35,41,909.20556640625,685.0570068359375
35,42,921.0474243164062,722.2161254882812
35,43,932.9269409179688,758.7118530273438
35,44,944.4840698242188,794.5375366210938
35,45,813.6004638671875,504.54266357421875
35,46,825.40625,543.331298828125
35,47,837.6266479492188,582.2323608398438
35,48,850.101806640625,621.1331176757812
35,49,862.6620483398438,660.0735473632812
35,50,875.0006713867188,698.426513671875
35,51,887.5604858398438,736.1526489257812
35,52,899.9625854492188,773.2106323242188
35,53,911.8255004882812,809.4945068359375
35,54,777.4830322265625,514.1692504882812
35,55,789.6270141601562,553.8110961914062
35,56,802.0493774414062,593.7734985351562
35,57,814.216796875,633.557861328125
35,58,827.1505126953125,673.26611328125
35,59,840.2220458984375,712.263427734375
35,60,852.9315795898438,750.6380615234375
35,61,865.7682495117188,788.4585571289062
35,62,878.7692260742188,825.2694702148438
36,0,1213.42822265625,485.3424987792969
36,1,1203.5562744140625,525.9036865234375
36,2,1193.6092529296875,565.2295532226562
36,3,1183.3427734375,603.2451171875
36,4,1173.4700927734375,639.7633666992188
36,5,1163.6910400390625,674.8736572265625
36,6,1153.9002685546875,707.9835815429688
36,7,1144.5123291015625,739.7025756835938
36,8,1135.431640625,769.6276245117188
36,9,1172.905517578125,471.94635009765625
36,10,1163.8258056640625,512.16650390625
36,11,1154.8250732421875,551.323486328125
36,12,1145.49658203125,589.1505737304688
36,13,1136.093017578125,625.951416015625
36,14,1127.1806640625,660.8529052734375
36,15,1118.561767578125,693.9907836914062
36,16,1110.427734375,725.2801513671875
36,17,1102.3424072265625,755.2296142578125
36,18,1133.584228515625,459.1818542480469
36,19,1125.25439453125,499.1688537597656
36,20,1116.7491455078125,538.124755859375
36,21,1108.5540771484375,575.4854736328125
36,22,1100.1317138671875,611.979736328125
36,23,1092.21923828125,646.4591064453125
36,24,1084.1099853515625,679.8126220703125
36,25,1076.5382080078125,711.5339965820312
36,26,1069.5609130859375,741.235595703125
36,27,1095.08056640625,447.4181213378906
36,28,1087.3583984375,487.02099609375
36,29,1079.5865478515625,525.509765625
36,30,1071.99072265625,562.5765991210938
36,31,1064.7864990234375,598.6740112304688
36,32,1057.671142578125,632.9818115234375
36,33,1050.6544189453125,665.9683227539062
36,34,1043.793212890625,697.544921875
36,35,1037.0570068359375,727.6715698242188
36,36,1056.9088134765625,436.6810302734375
36,37,1050.1669921875,475.51287841796875
36,38,1043.387451171875,513.3629150390625
36,39,1036.40478515625,550.3168334960938
36,40,1029.74072265625,586.0386962890625
36,41,1023.2963256835938,620.1115112304688
36,42,1017.3984985351562,652.740966796875
36,43,1011.447998046875,684.1021118164062
36,44,1005.8530883789062,714.0653076171875
36,45,1020.6764526367188,426.4062805175781
36,46,1014.6781616210938,464.7012023925781
36,47,1008.697021484375,502.070556640625
36,48,1002.7171630859375,538.4334716796875
36,49,996.8285522460938,573.6776123046875
36,50,991.3775024414062,607.2256469726562
36,51,986.0499267578125,639.7013549804688
36,52,981.1790161132812,670.7005615234375
36,53,976.4624633789062,700.1875610351562
36,54,984.819580078125,417.0915832519531
36,55,979.3890991210938,454.9586181640625
36,56,974.2677001953125,491.5241394042969
36,57,969.6061401367188,527.03173828125
36,58,964.6759033203125,561.822021484375
36,59,959.5357666015625,595.2967529296875
36,60,955.2316284179688,627.2747192382812
36,61,951.0363159179688,657.9440307617188
36,62,946.4072875976562,687.8897094726562
37,0,855.1383666992188,594.1497192382812
37,1,886.00732421875,618.20556640625
37,2,916.8242797851562,642.454833984375
37,3,948.1364135742188,666.170654296875
37,4,979.3887329101562,690.1271362304688
37,5,1010.7946166992188,713.7320556640625
37,6,1041.5623779296875,737.0613403320312
37,7,1072.0799560546875,760.285400390625
37,8,1102.078369140625,782.9432983398438
37,9,831.4558715820312,621.986328125
37,10,862.7678833007812,646.40185546875
37,11,894.4260864257812,670.8960571289062
37,12,926.2632446289062,695.0150146484375
37,13,958.6278686523438,719.228515625
37,14,990.5767211914062,743.068603515625
37,15,1022.00634765625,767.0112915039062
37,16,1052.916748046875,790.6179809570312
37,17,1083.62646484375,813.4921264648438
37,18,806.9970092773438,651.1377563476562
37,19,838.7578735351562,675.8312377929688
37,20,871.1837158203125,700.3612060546875
37,21,903.6340942382812,724.9234008789062
37,22,936.425537109375,749.7925415039062
37,23,968.985107421875,774.065673828125
37,24,1001.3516845703125,798.1218872070312
37,25,1033.2293701171875,821.8717651367188
37,26,1064.2989501953125,845.0767211914062
37,27,782.0078125,680.6881103515625
37,28,814.3436279296875,705.74853515625
37,29,847.2703857421875,730.9441528320312
37,30,880.2728271484375,755.9154052734375
37,31,913.8486328125,781.0609741210938
37,32,946.7637329101562,805.9323120117188
37,33,979.7582397460938,830.2500610351562
37,34,1012.4393920898438,854.0490112304688
37,35,1044.529052734375,877.2694702148438
37,36,756.34814453125,710.7864379882812
37,37,789.1874389648438,736.7383422851562
37,38,822.5393676757812,762.4511108398438
37,39,856.3050537109375,787.9168701171875
37,40,890.3640747070312,813.4887084960938
37,41,923.9996948242188,838.6292114257812
37,42,957.5197143554688,863.0830688476562
37,43,990.9470825195312,887.3270263671875
37,44,1023.7974243164062,910.572265625
37,45,730.4852905273438,741.8383178710938
37,46,763.8001708984375,768.1293334960938
37,47,797.4121704101562,794.520751953125
37,48,831.581298828125,820.4896240234375
37,49,866.0677490234375,846.6302490234375
37,50,900.318359375,871.8800048828125
37,51,934.62744140625,896.7799072265625
37,52,968.670654296875,921.0382080078125
37,53,1001.8899536132812,944.6240844726562
37,54,703.9534912109375,773.3881225585938
37,55,737.6483764648438,800.242919921875
37,56,772.0111083984375,827.1112060546875
37,57,806.5610961914062,853.7785034179688
37,58,841.60595703125,880.1717529296875
37,59,876.6782836914062,905.8500366210938
37,60,911.1111450195312,930.99169921875
37,61,945.7352294921875,955.3898315429688
37,62,980.0472412109375,979.0014038085938
38,0,850.8875122070312,597.9573364257812
38,1,883.3301391601562,620.3812255859375
38,2,916.038818359375,643.0
38,3,948.9158325195312,665.4462280273438
38,4,981.9176635742188,688.1361694335938
38,5,1015.0187377929688,710.327392578125
38,6,1047.52001953125,732.4430541992188
38,7,1079.8599853515625,754.459228515625
38,8,1111.5538330078125,775.8658447265625
38,9,827.966552734375,628.7052612304688
38,10,860.7550659179688,651.4706420898438
38,11,893.999755859375,674.367431640625
38,12,927.306884765625,697.062744140625
38,13,961.0848388671875,719.8447265625
38,14,994.6265258789062,742.3018798828125
38,15,1027.5941162109375,764.7379150390625
38,16,1060.13720703125,786.9713745117188
38,17,1092.461669921875,808.6292114257812
38,18,804.7063598632812,660.4428100585938
38,19,837.839111328125,683.51953125
38,20,871.3630981445312,706.4412231445312
38,21,905.0521240234375,729.412353515625
38,22,939.2319946289062,752.660400390625
38,23,973.0029296875,775.5487670898438
38,24,1006.8032836914062,797.9026489257812
38,25,1040.150634765625,820.1614379882812
38,26,1072.781982421875,841.9449462890625
38,27,781.080078125,692.5897216796875
38,28,814.4247436523438,715.86865234375
38,29,848.2735595703125,739.2391967773438
38,30,882.426025390625,762.643310546875
38,31,916.9801025390625,786.1190795898438
38,32,951.19873046875,809.085205078125
38,33,985.4049072265625,831.7958984375
38,34,1019.3696899414062,854.1494750976562
38,35,1052.7601318359375,875.8250122070312
38,36,756.829833984375,724.99755859375
38,37,790.5655517578125,749.0236206054688
38,38,824.7575073242188,772.896728515625
38,39,859.2744750976562,796.5118408203125
38,40,894.1527099609375,820.092529296875
38,41,928.989013671875,843.4835205078125
38,42,963.5750732421875,866.1882934570312
38,43,998.070556640625,888.7315673828125
38,44,1031.8544921875,910.3258666992188
38,45,732.8287353515625,757.9722900390625
38,46,766.7575073242188,782.4375610351562
38,47,801.1062622070312,806.6856689453125
38,48,835.9048461914062,830.4915771484375
38,49,871.2027587890625,854.599853515625
38,50,906.2476806640625,877.9987182617188
38,51,941.3649291992188,900.8328857421875
38,52,976.093994140625,923.3053588867188
38,53,1010.2677001953125,944.8720092773438
38,54,708.3681030273438,791.3851928710938
38,55,742.6896362304688,815.992431640625
38,56,777.290283203125,840.6913452148438
38,57,812.2777099609375,865.0230712890625
38,58,847.8912963867188,889.2669677734375
38,59,883.493408203125,912.8031005859375
38,60,918.7002563476562,935.8568725585938
38,61,953.7772827148438,958.2167358398438
38,62,988.7268676757812,979.891357421875
39,0,977.0906372070312,947.1390991210938
39,1,993.3745727539062,915.2863159179688
39,2,1009.3795166015625,883.6901245117188
39,3,1024.3388671875,851.9597778320312
39,4,1039.3865966796875,820.6791381835938
39,5,1053.4957275390625,789.7431030273438
39,6,1067.3162841796875,759.4862060546875
39,7,1080.9788818359375,729.9834594726562
39,8,1093.9119873046875,701.1453857421875
39,9,1004.804443359375,958.8286743164062
39,10,1021.1032104492188,926.1434326171875
39,11,1037.05810546875,893.1396484375
39,12,1052.2633056640625,860.4207763671875
39,13,1066.621337890625,827.7355346679688
39,14,1080.7095947265625,795.8744506835938
39,15,1094.90771484375,764.9290771484375
39,16,1108.684326171875,734.9779663085938
39,17,1121.6314697265625,705.1380615234375
39,18,1034.384521484375,971.1290283203125
39,19,1050.5743408203125,937.0791015625
39,20,1066.126953125,902.7706298828125
39,21,1081.1982421875,869.0569458007812
39,22,1096.2413330078125,835.4268798828125
39,23,1110.3536376953125,802.929443359375
39,24,1124.0560302734375,770.8701782226562
39,25,1137.4691162109375,739.3231811523438
39,26,1150.4818115234375,709.39892578125
39,27,1064.6973876953125,983.4201049804688
39,28,1080.913330078125,947.9527587890625
39,29,1096.6192626953125,912.945068359375
39,30,1111.7591552734375,877.9790649414062
39,31,1126.6693115234375,843.469970703125
39,32,1140.9208984375,809.77587890625
39,33,1154.6165771484375,776.8797607421875
39,34,1167.9342041015625,744.3316040039062
39,35,1180.08544921875,713.1519775390625
39,36,1096.0826416015625,995.5203857421875
39,37,1112.6143798828125,959.2622680664062
39,38,1128.624755859375,923.0865478515625
39,39,1143.8004150390625,887.0336303710938
39,40,1158.65771484375,851.2841186523438
39,41,1172.75,816.6011352539062
39,42,1186.3245849609375,782.4183349609375
39,43,1199.187744140625,749.3308715820312
39,44,1211.4892578125,717.1914672851562
39,45,1129.0635986328125,1008.1854858398438
39,46,1145.901123046875,970.7173461914062
39,47,1162.01611328125,933.6420288085938
39,48,1177.4364013671875,896.3893432617188
39,49,1192.11376953125,859.7028198242188
39,50,1206.280517578125,823.9899291992188
39,51,1219.5919189453125,789.0579223632812
39,52,1232.2283935546875,754.7809448242188
39,53,1244.254150390625,721.93603515625
39,54,1163.0181884765625,1020.5709838867188
39,55,1179.812255859375,981.8275146484375
39,56,1196.1959228515625,943.534423828125
39,57,1211.9888916015625,905.8271484375
39,58,1226.98681640625,868.1024780273438
39,59,1240.456787109375,831.0860595703125
39,60,1253.9698486328125,795.1586303710938
39,61,1266.0718994140625,760.1749267578125
39,62,1277.832275390625,725.5994873046875
40,0,901.3660888671875,470.7734069824219
40,1,914.3278198242188,500.166015625
40,2,927.143798828125,529.7195434570312
40,3,940.4078979492188,558.7383422851562
40,4,953.6709594726562,587.9131469726562
40,5,966.7183227539062,616.27392578125
40,6,979.3590087890625,644.565185546875
40,7,992.0167846679688,672.3134765625
40,8,1004.3825073242188,699.57373046875
40,9,876.9035034179688,481.7698669433594
40,10,890.17138671875,511.82452392578125
40,11,903.8795776367188,541.657470703125
40,12,917.6012573242188,571.170166015625
40,13,931.5578002929688,600.7935791015625
40,14,945.1697998046875,629.8895874023438
40,15,958.1031494140625,658.7425537109375
40,16,970.8992309570312,686.9098510742188
40,17,983.715576171875,714.8094482421875
40,18,850.85888671875,493.3828125
40,19,864.990478515625,523.940185546875
40,20,879.5479736328125,554.2438354492188
40,21,893.7098388671875,584.4730834960938
40,22,907.8082885742188,614.7030029296875
40,23,921.7843017578125,644.3004150390625
40,24,935.8500366210938,673.3358154296875
40,25,949.1920166015625,702.192138671875
40,26,962.0435791015625,730.656005859375
40,27,824.6435546875,505.4222717285156
40,28,839.4757080078125,536.4449462890625
40,29,854.070556640625,567.3971557617188
40,30,868.856689453125,598.1838989257812
40,31,883.3882446289062,628.8982543945312
40,32,897.8902587890625,659.1796264648438
40,33,912.0641479492188,689.0068969726562
40,34,926.19384765625,718.2347412109375
40,35,940.0465698242188,746.9281616210938
40,36,798.0036010742188,517.7330932617188
40,37,812.6982421875,549.6473388671875
40,38,827.8070678710938,581.3294067382812
40,39,842.963134765625,612.6912231445312
40,40,858.1626586914062,644.087890625
40,41,873.0769653320312,674.8744506835938
40,42,887.917236328125,705.0665893554688
40,43,902.4534301757812,734.9273681640625
40,44,916.7616577148438,763.9382934570312
40,45,770.025634765625,530.7664184570312
40,46,785.2113037109375,563.2715454101562
40,47,800.4465942382812,595.7724609375
40,48,816.0502319335938,627.875
40,49,831.7468872070312,659.8453369140625
40,50,847.0103149414062,691.0548095703125
40,51,862.3008422851562,721.7913208007812
40,52,877.5853271484375,752.1152954101562
40,53,892.1580200195312,781.5035400390625
40,54,741.4613647460938,544.2400512695312
40,55,757.2384643554688,577.563720703125
40,56,773.0699462890625,610.6111450195312
40,57,788.3486938476562,643.5471801757812
40,58,804.342529296875,676.0966186523438
40,59,820.5228271484375,707.9555053710938
40,60,836.2230224609375,739.22705078125
40,61,851.8969116210938,769.9147338867188
40,62,867.8850708007812,799.732666015625
41,0,790.174560546875,562.4889526367188
41,1,812.2714233398438,583.9461669921875
41,2,834.792236328125,605.2935791015625
41,3,857.6806030273438,626.4073486328125
41,4,880.4813842773438,647.6423950195312
41,5,903.5909423828125,668.2935180664062
41,6,926.4080810546875,688.7938232421875
41,7,949.122802734375,709.447509765625
41,8,971.7272338867188,729.7794799804688
41,9,772.05224609375,578.9158935546875
41,10,794.7222290039062,600.9144287109375
41,11,817.9775390625,622.833984375
41,12,841.524169921875,644.11865234375
41,13,865.3851928710938,665.4588012695312
41,14,889.130859375,686.624755859375
41,15,912.313720703125,708.0263061523438
41,16,935.5343627929688,729.12060546875
41,17,958.4561157226562,749.8367919921875
41,18,752.8784790039062,596.8726196289062
41,19,776.3574829101562,619.0802001953125
41,20,800.4113159179688,640.88330078125
41,21,824.535888671875,662.804931640625
41,22,849.021240234375,684.8991088867188
41,23,873.179443359375,706.679443359375
41,24,897.651123046875,727.9544677734375
41,25,921.5389404296875,749.49658203125
41,26,944.9208984375,770.7415771484375
41,27,733.1823120117188,615.1566162109375
41,28,757.613525390625,637.4714965820312
41,29,782.3499755859375,660.1195678710938
41,30,807.111572265625,682.3359985351562
41,31,832.159912109375,704.9180908203125
41,32,857.0492553710938,727.1450805664062
41,33,881.8750610351562,749.19482421875
41,34,906.6611938476562,770.8859252929688
41,35,930.9957275390625,792.2902221679688
41,36,713.2503051757812,633.578857421875
41,37,738.142578125,656.8578491210938
41,38,763.3197021484375,680.0758666992188
41,39,788.8909912109375,702.9405517578125
41,40,814.7347412109375,726.0194702148438
41,41,840.2178955078125,748.604248046875
41,42,865.7240600585938,771.1986694335938
41,43,891.1365356445312,793.2929077148438
41,44,916.2662963867188,815.075439453125
41,45,692.2415771484375,653.2021484375
41,46,717.7870483398438,677.1775512695312
41,47,743.6339721679688,701.1087646484375
41,48,769.9371337890625,724.4774169921875
41,49,796.2092895507812,748.1403198242188
41,50,822.2124633789062,771.3017578125
41,51,848.5387573242188,794.2411499023438
41,52,874.6494140625,816.7843627929688
41,53,900.5226440429688,839.0686645507812
41,54,671.0973510742188,673.1690673828125
41,55,697.2692260742188,697.6239013671875
41,56,723.8367309570312,722.0308837890625
41,57,750.1544189453125,746.8190307617188
41,58,777.0446166992188,771.0868530273438
41,59,804.2193603515625,794.6224365234375
41,60,830.9804077148438,818.291748046875
41,61,857.7869873046875,841.2615966796875
41,62,884.7198486328125,863.5717163085938
42,0,871.1321411132812,999.3252563476562
42,1,884.3203125,976.935791015625
42,2,897.2877807617188,954.5429077148438
42,3,909.8314208984375,932.34130859375
42,4,922.2137451171875,910.5938110351562
42,7,958.0337524414062,847.380859375
42,9,894.8418579101562,1011.138916015625
42,10,907.9324340820312,988.343017578125
42,11,920.5117797851562,965.7429809570312
42,12,933.0971069335938,943.0693969726562
42,13,945.3760986328125,920.6930541992188
42,16,980.2607421875,856.8659057617188
42,17,991.677001953125,836.3054809570312
42,18,919.1843872070312,1023.0653686523438
42,19,932.1091918945312,999.7782592773438
42,20,944.569580078125,976.5632934570312
42,21,956.8148193359375,953.8751831054688
42,22,968.8104248046875,931.30078125
42,23,980.7452392578125,909.1116943359375
42,24,992.0845336914062,887.2774658203125
42,25,1003.4970092773438,866.2431030273438
42,26,1014.3358154296875,845.4509887695312
42,27,943.8982543945312,1034.7921142578125
42,28,956.3693237304688,1011.119873046875
42,29,968.8265991210938,987.6263427734375
42,30,981.08984375,964.2651977539062
42,31,992.846923828125,941.4364013671875
42,32,1004.3247680664062,919.1720581054688
42,33,1015.773193359375,896.8258666992188
42,34,1026.6353759765625,875.3809204101562
42,35,1037.32275390625,854.2578125
42,36,968.87646484375,1046.1539306640625
42,37,981.4415893554688,1022.326904296875
42,38,993.5835571289062,998.57177734375
42,39,1005.5762329101562,974.7525634765625
42,40,1017.2124633789062,951.6744384765625
42,41,1028.6881103515625,928.9360961914062
42,42,1039.8778076171875,906.3534545898438
42,43,1050.352783203125,884.64013671875
42,44,1060.541259765625,863.3455200195312
42,45,994.2213134765625,1057.6065673828125
42,46,1006.3844604492188,1033.441650390625
42,47,1018.4642944335938,1009.2911376953125
42,48,1030.3035888671875,985.4495849609375
42,49,1041.9803466796875,961.8603515625
42,50,1053.0252685546875,938.8283081054688
42,51,1063.7352294921875,916.216796875
42,52,1074.38134765625,894.015869140625
42,53,1084.18896484375,872.310302734375
42,54,1019.8283081054688,1068.4039306640625
42,55,1031.9893798828125,1043.9439697265625
42,56,1043.9677734375,1019.781982421875
42,57,1055.3338623046875,995.9048461914062
42,58,1066.5545654296875,972.0631103515625
42,59,1077.6158447265625,948.4163818359375
42,60,1088.2109375,925.9547119140625
42,61,1098.4130859375,903.4301147460938
42,62,1108.2939453125,881.2171020507812
43,0,838.2887573242188,949.651123046875
43,1,861.0549926757812,912.9027709960938
43,2,883.04150390625,877.4513549804688
43,3,904.0415649414062,842.6022338867188
43,4,924.2459716796875,809.2154541015625
43,5,943.6211547851562,776.8721313476562
43,6,962.0396118164062,746.0743408203125
43,7,979.505859375,716.9923095703125
43,8,996.1256713867188,689.4740600585938
43,9,878.77001953125,970.8551635742188
43,10,900.8534545898438,933.3599853515625
43,11,922.1500854492188,896.7367553710938
43,12,942.5722045898438,861.1083984375
43,13,962.169677734375,826.2105102539062
43,14,980.8822021484375,793.1460571289062
43,15,998.3834228515625,761.9518432617188
43,16,1015.1954345703125,732.298828125
43,17,1030.78271484375,704.0540771484375
43,18,920.072265625,992.4310302734375
43,19,941.5935668945312,953.7972412109375
43,20,962.18505859375,915.8342895507812
43,21,981.9022216796875,879.4235229492188
43,22,1000.7379150390625,844.0880126953125
43,23,1018.570068359375,810.4632568359375
43,24,1035.436767578125,778.048583984375
43,25,1051.4471435546875,747.3043212890625
43,26,1066.293212890625,718.4608764648438
43,27,962.2015380859375,1013.1416015625
43,28,983.0076293945312,973.5574951171875
43,29,1002.9989013671875,934.8167114257812
43,30,1021.951171875,897.6034545898438
43,31,1039.9796142578125,861.6279907226562
43,32,1056.890869140625,827.2493896484375
43,33,1072.8345947265625,794.3652954101562
43,34,1088.057373046875,762.927001953125
43,35,1102.0142822265625,732.9530029296875
43,36,1005.3361206054688,1033.1519775390625
43,37,1025.4320068359375,992.9041137695312
43,38,1044.5435791015625,953.72314453125
43,39,1062.6287841796875,915.606689453125
43,40,1079.872314453125,878.59619140625
43,41,1095.98583984375,843.7117919921875
43,42,1111.0418701171875,810.267578125
43,43,1125.204833984375,778.117919921875
43,44,1138.483642578125,747.6785278320312
43,45,1048.468017578125,1052.6845703125
43,46,1067.66650390625,1011.846923828125
43,47,1085.785400390625,972.0514526367188
43,48,1103.1146240234375,933.3590087890625
43,49,1119.325927734375,895.9226684570312
43,50,1134.572509765625,860.420654296875
43,51,1148.744873046875,826.2659301757812
43,52,1162.063720703125,793.751220703125
43,53,1174.1824951171875,762.8989868164062
43,54,1092.0673828125,1071.2762451171875
43,55,1110.4580078125,1029.7552490234375
43,56,1127.9183349609375,989.3541870117188
43,57,1144.02197265625,950.59521484375
43,58,1159.3060302734375,912.743896484375
43,59,1173.6246337890625,876.240478515625
43,60,1186.763671875,841.8659057617188
43,61,1199.1461181640625,808.563720703125
43,62,1210.85693359375,776.6791381835938
44,0,836.3220825195312,960.9109497070312
44,1,854.5650634765625,921.3846435546875
44,2,872.59375,882.12890625
44,3,890.3334350585938,842.6306762695312
44,4,908.21630859375,803.6865844726562
44,5,925.5411376953125,764.9222412109375
44,6,942.5508422851562,727.40087890625
44,7,959.1289672851562,690.22802734375
44,8,975.3912963867188,654.3257446289062
44,9,876.5047607421875,979.088623046875
44,10,894.5848388671875,939.42822265625
44,11,912.4229125976562,899.4043579101562
44,12,930.0595703125,859.7255249023438
44,13,947.4347534179688,819.796875
44,14,964.5850830078125,780.6884155273438
44,15,981.2952880859375,742.3867797851562
44,16,997.6024780273438,705.138916015625
44,17,1013.0604248046875,668.7430419921875
44,18,917.2913208007812,997.1923217773438
44,19,935.1599731445312,957.0690307617188
44,20,952.9329833984375,916.80078125
44,21,970.2796020507812,876.4813232421875
44,22,987.599609375,836.3378295898438
44,23,1004.3023071289062,796.8922119140625
44,24,1020.731201171875,757.9774780273438
44,25,1036.4561767578125,719.912353515625
44,26,1051.7701416015625,683.1254272460938
44,27,958.6039428710938,1014.7413330078125
44,28,976.2354125976562,974.3382568359375
44,29,993.8219604492188,933.633056640625
44,30,1011.0291748046875,893.0740356445312
44,31,1028.0546875,852.4434814453125
44,32,1044.45166015625,812.7192993164062
44,33,1060.331787109375,773.455078125
44,34,1075.8692626953125,734.8999633789062
44,35,1090.5198974609375,697.4384155273438
44,36,1000.2723999023438,1032.035888671875
44,37,1017.8939819335938,991.3245849609375
44,38,1035.379638671875,950.4552612304688
44,39,1052.3642578125,909.4718627929688
44,40,1069.13037109375,868.5609741210938
44,41,1085.2249755859375,828.3135375976562
44,42,1100.6790771484375,788.79443359375
44,43,1115.4903564453125,749.8298950195312
44,44,1129.892822265625,711.9978637695312
44,45,1041.629638671875,1048.4078369140625
44,46,1059.3367919921875,1007.6510620117188
44,47,1076.542236328125,966.60888671875
44,48,1093.3504638671875,925.3570556640625
44,49,1109.684326171875,884.3492431640625
44,50,1125.3436279296875,843.9421997070312
44,51,1140.333984375,803.9833374023438
44,52,1154.9190673828125,764.8981323242188
44,53,1168.4034423828125,726.7980346679688
44,54,1083.6033935546875,1064.7850341796875
44,55,1101.01416015625,1023.6712036132812
44,56,1118.0543212890625,982.2750244140625
44,57,1134.3377685546875,941.0724487304688
44,58,1150.34521484375,899.7305297851562
44,59,1165.798095703125,858.933837890625
44,60,1180.2662353515625,818.9243774414062
44,61,1194.17041015625,779.527587890625
44,62,1207.45361328125,740.8883666992188
45,0,779.427490234375,797.7888793945312
45,1,805.7576293945312,774.6387939453125
45,2,830.73681640625,752.4901123046875
45,3,854.3929443359375,730.51953125
45,4,877.0371704101562,709.841552734375
45,5,898.77197265625,689.5720825195312
45,6,919.5225830078125,670.328369140625
45,7,939.1699829101562,652.8878173828125
45,9,809.8147583007812,816.9196166992188
45,10,835.6878051757812,792.8175659179688
45,11,860.1079711914062,769.2339477539062
45,12,883.6231689453125,746.5433349609375
45,13,906.2298583984375,724.1507568359375
45,14,927.8308715820312,703.0286865234375
45,15,947.7406005859375,683.8276977539062
45,16,967.1388549804688,665.4322509765625
45,18,841.224365234375,837.4736328125
45,19,866.8875732421875,811.8602294921875
45,20,891.00732421875,786.3079223632812
45,21,914.2708129882812,762.7149047851562
45,22,936.3099365234375,739.885009765625
45,23,957.1875,718.1922607421875
45,24,977.1546630859375,697.8292236328125
45,25,996.0519409179688,678.3833618164062
45,27,874.1082763671875,857.5786743164062
45,28,899.1189575195312,830.2194213867188
45,29,923.264892578125,804.0692138671875
45,30,946.0950317382812,779.0604248046875
45,31,967.7872924804688,755.534423828125
45,32,987.9698486328125,733.1677856445312
45,33,1007.4662475585938,712.020263671875
45,34,1026.0919189453125,691.4990234375
45,36,908.6646118164062,877.5764770507812
45,37,933.551513671875,849.2655029296875
45,38,956.941650390625,822.1328735351562
45,39,979.1469116210938,796.1229248046875
45,40,1000.2674560546875,771.199462890625
45,41,1020.2726440429688,748.2512817382812
45,42,1039.0845947265625,726.0886840820312
45,43,1056.5018310546875,705.3735961914062
45,45,944.244384765625,898.0025024414062
45,46,968.4451904296875,868.7544555664062
45,47,991.4906005859375,840.6553955078125
45,48,1013.1375122070312,813.7363891601562
45,49,1033.63232421875,788.10791015625
45,50,1052.8709716796875,764.1705322265625
45,51,1070.814453125,741.279541015625
45,52,1087.867431640625,719.633544921875
45,53,1103.8380126953125,699.4462890625
45,54,981.326416015625,917.7598266601562
45,55,1004.95654296875,887.2420654296875
45,56,1027.2225341796875,858.2078247070312
45,57,1048.20458984375,831.1283569335938
45,58,1067.919921875,804.7001342773438
45,59,1086.5029296875,779.4479370117188
45,60,1103.683837890625,756.1484375
45,61,1120.0787353515625,733.8848266601562
45,62,1135.1629638671875,712.13427734375
46,0,811.8253784179688,526.6478271484375
46,1,825.308349609375,554.8328247070312
46,2,838.766357421875,581.9532470703125
46,3,852.3566284179688,608.5070190429688
46,4,865.7630615234375,633.9871215820312
46,5,878.8662109375,658.8778686523438
46,6,891.70068359375,682.8640747070312
46,7,903.6807861328125,705.7305908203125
46,9,790.064453125,545.14892578125
46,10,804.4459228515625,573.4783935546875
46,11,818.8507690429688,601.17578125
46,12,833.2803344726562,627.9305419921875
46,13,847.7406616210938,653.8652954101562
46,14,861.39697265625,678.9284057617188
46,15,874.5875244140625,702.634033203125
46,16,887.156982421875,726.0330810546875
46,17,899.6448364257812,747.9718017578125
46,18,767.0531616210938,564.62158203125
46,19,782.45458984375,593.5203857421875
46,20,797.9779663085938,621.35107421875
46,21,813.3798828125,648.2354736328125
46,22,828.3473510742188,674.2800903320312
46,23,842.8040771484375,699.3988037109375
46,24,857.0105590820312,723.7537231445312
46,25,870.2919921875,746.6340942382812
46,26,883.0413208007812,768.5924682617188
46,27,743.3922119140625,585.3179321289062
46,28,760.3075561523438,614.2744750976562
46,29,776.908447265625,642.410400390625
46,30,793.0574340820312,669.5380249023438
46,31,808.6526489257812,695.8150634765625
46,32,823.8213500976562,720.7266845703125
46,33,838.3265991210938,744.9434814453125
46,34,852.7199096679688,768.2405395507812
46,35,866.3541259765625,790.1644287109375
46,36,719.8324584960938,606.9466552734375
46,37,737.3748168945312,636.2763671875
46,38,754.8610229492188,664.4231567382812
46,39,771.9090576171875,691.777099609375
46,40,788.5392456054688,718.2826538085938
46,41,804.3247680664062,743.3076782226562
46,42,819.7726440429688,767.2744750976562
46,43,834.37451171875,790.4859008789062
46,44,848.8311767578125,812.4713134765625
46,45,695.5014038085938,629.2343139648438
46,46,713.8555297851562,658.8981323242188
46,47,732.0342407226562,687.3561401367188
46,48,749.9264526367188,714.954345703125
46,49,767.2335205078125,741.2115478515625
46,50,783.8225708007812,766.3564453125
46,51,799.9556884765625,790.3265991210938
46,52,815.459716796875,813.5401000976562
46,53,830.3348388671875,835.3030395507812
46,54,671.1871948242188,652.8521118164062
46,55,690.6504516601562,682.70703125
46,56,709.71337890625,711.4511108398438
46,57,727.8053588867188,738.8468017578125
46,58,745.8702392578125,765.1258544921875
46,59,763.5123291015625,790.4004516601562
46,60,780.2193603515625,814.408935546875
46,61,796.375732421875,837.132568359375
46,62,812.474365234375,858.8828735351562
47,4,992.6956787109375,744.83447265625
47,5,1015.947265625,731.357666015625
47,6,1041.5980224609375,719.0003051757812
47,7,1069.099609375,704.7406616210938
47,8,1097.1807861328125,689.86767578125
47,13,986.8303833007812,773.7891235351562
47,14,1010.0874633789062,762.7923583984375
47,15,1036.3134765625,750.16796875
47,16,1064.60107421875,737.4035034179688
47,17,1093.729736328125,722.8385620117188
47,22,980.1466674804688,806.7359008789062
47,23,1004.8201904296875,795.674560546875
47,24,1030.79296875,783.8875122070312
47,25,1059.100341796875,771.2058715820312
47,26,1089.6025390625,758.2418212890625
47,31,974.0985107421875,839.1559448242188
47,32,998.4485473632812,829.9642944335938
47,33,1024.8936767578125,819.0848999023438
47,34,1053.9107666015625,807.25830078125
47,35,1084.5303955078125,794.675537109375
47,40,965.2213745117188,874.3916625976562
47,41,990.93017578125,865.2967529296875
47,42,1018.2337646484375,855.7753295898438
47,43,1047.4891357421875,845.1217651367188
47,44,1079.08740234375,833.7078857421875
47,49,958.07568359375,910.0277099609375
47,50,984.082763671875,902.7575073242188
47,51,1011.8482055664062,894.0818481445312
47,52,1041.9046630859375,885.0234375
47,53,1074.3394775390625,875.1156616210938
47,58,949.7322387695312,947.265625
47,59,975.5836181640625,940.7488403320312
47,60,1004.1027221679688,934.0381469726562
47,61,1034.61669921875,926.0834350585938
47,62,1067.00439453125,917.2916870117188
48,0,819.2467041015625,914.0302734375
48,1,840.0399780273438,876.2412109375
48,2,860.6636962890625,839.08203125
48,3,880.7681884765625,801.8486328125
48,4,900.730712890625,765.3171997070312
48,5,920.0595092773438,729.3887329101562
48,6,939.0040283203125,694.6766357421875
48,7,957.3651123046875,660.8321533203125
48,8,975.1917114257812,628.1117553710938
48,9,857.2664794921875,934.2827758789062
48,10,877.9281616210938,895.9614868164062
48,11,898.3466186523438,857.7415771484375
48,12,918.3905639648438,819.953857421875
48,13,937.8659057617188,782.3446044921875
48,14,956.9403686523438,745.778076171875
48,15,975.656005859375,710.3633422851562
48,16,993.811279296875,676.22509765625
48,17,1011.03173828125,642.8642578125
48,18,896.6093139648438,954.4083862304688
48,19,916.8986206054688,915.5009155273438
48,20,937.015869140625,876.6343994140625
48,21,956.7452392578125,838.1485595703125
48,22,976.176025390625,800.1210327148438
48,23,994.9060668945312,763.0479125976562
48,24,1013.1218872070312,726.5733032226562
48,25,1030.71923828125,691.52001953125
48,26,1047.5582275390625,657.8173217773438
48,27,936.29052734375,974.5084838867188
48,28,956.5712890625,934.8113403320312
48,29,976.4457397460938,895.34228515625
48,30,995.9270629882812,856.3947143554688
48,31,1014.9619140625,817.6655883789062
48,32,1033.4693603515625,780.0892333984375
48,33,1051.123046875,743.2796020507812
48,34,1068.3878173828125,707.2994995117188
48,35,1084.6224365234375,672.783203125
48,36,976.86669921875,994.2146606445312
48,37,997.034912109375,954.0922241210938
48,38,1016.8961181640625,914.1986694335938
48,39,1035.95556640625,874.5270385742188
48,40,1054.8111572265625,835.2335205078125
48,41,1072.761962890625,796.9286499023438
48,42,1090.13134765625,759.5919799804688
48,43,1106.651611328125,723.0972290039062
48,44,1122.48974609375,688.0298461914062
48,45,1017.7767333984375,1013.5418090820312
48,46,1037.8348388671875,973.0174560546875
48,47,1057.2447509765625,932.6320190429688
48,48,1076.1771240234375,892.5753784179688
48,49,1094.503173828125,852.8848266601562
48,50,1112.132080078125,814.076171875
48,51,1128.9017333984375,776.1719360351562
48,52,1144.947509765625,739.3069458007812
48,53,1159.9400634765625,703.7769165039062
48,54,1059.269775390625,1032.357421875
48,55,1078.9560546875,991.5614013671875
48,56,1098.2607421875,950.672607421875
48,57,1116.7994384765625,910.3451538085938
48,58,1134.7669677734375,870.1533203125
48,59,1151.7796630859375,830.7759399414062
48,60,1168.0150146484375,792.6817016601562
48,61,1183.4737548828125,755.222900390625
48,62,1198.1871337890625,718.9154052734375
49,0,833.9359130859375,941.9346923828125
49,1,852.6091918945312,902.8621215820312
49,2,871.1730346679688,864.0155029296875
49,3,889.3665161132812,825.1328735351562
49,4,907.4948120117188,786.69384765625
49,5,925.21923828125,748.8006591796875
49,6,942.63916015625,711.7738037109375
49,7,959.7064208984375,675.6376342773438
49,8,976.0303955078125,640.5357055664062
49,9,873.16552734375,960.4714965820312
49,10,891.8720703125,921.0447387695312
49,11,910.2557373046875,881.3837890625
49,12,928.1897583007812,842.081298828125
49,13,946.1529541015625,802.8554077148438
49,14,963.60791015625,764.2562255859375
49,15,980.80322265625,726.72021484375
49,16,997.4220581054688,690.3391723632812
49,17,1013.3892211914062,654.6085205078125
49,18,913.4601440429688,978.9874267578125
49,19,931.9215698242188,939.0089111328125
49,20,950.1527709960938,898.924560546875
49,21,968.001708984375,859.0673217773438
49,22,985.86962890625,819.242919921875
49,23,1002.8723754882812,780.34814453125
49,24,1019.6181640625,742.1239624023438
49,25,1035.850830078125,704.67333984375
49,26,1051.4359130859375,668.8176879882812
49,27,954.3483276367188,997.171875
49,28,972.6610107421875,956.7389526367188
49,29,990.5993041992188,916.2086181640625
49,30,1008.478515625,875.881103515625
49,31,1025.841064453125,835.6181030273438
49,32,1042.6666259765625,796.2412719726562
49,33,1059.0283203125,757.5562744140625
49,34,1074.810546875,719.5482788085938
49,35,1089.793212890625,682.7658081054688
49,36,995.8458251953125,1015.145263671875
49,37,1014.134033203125,974.3148193359375
49,38,1031.9969482421875,933.4694213867188
49,39,1049.4595947265625,892.6329956054688
49,40,1066.695556640625,851.8486938476562
49,41,1083.123779296875,811.9338989257812
49,42,1099.087890625,772.8583374023438
49,43,1114.372802734375,734.318359375
49,44,1128.9346923828125,697.0293579101562
49,45,1037.2767333984375,1032.2535400390625
49,46,1055.506591796875,991.480712890625
49,47,1073.332763671875,950.1941528320312
49,48,1090.550048828125,909.023681640625
49,49,1107.3084716796875,868.0350952148438
49,50,1123.46630859375,827.7145385742188
49,51,1138.84130859375,788.1456909179688
49,52,1153.7498779296875,749.253662109375
49,53,1167.5645751953125,711.849609375
49,54,1079.3297119140625,1049.315185546875
49,55,1097.230712890625,1007.9773559570312
49,56,1114.8760986328125,966.4688110351562
49,57,1131.8363037109375,925.1693115234375
49,58,1148.2113037109375,883.9325561523438
49,59,1163.9459228515625,843.0501098632812
49,60,1178.9415283203125,803.2900390625
49,61,1193.0462646484375,764.1860961914062
49,62,1206.75146484375,725.826171875
50,2,955.9698486328125,601.08447265625
50,3,979.6353759765625,614.1951904296875
50,4,1005.10595703125,627.9728393554688
50,5,1031.400146484375,642.18408203125
50,6,1059.1123046875,657.327392578125
50,7,1087.9886474609375,673.3357543945312
50,8,1118.675537109375,690.2529907226562
50,9,887.2994384765625,593.4415283203125
50,10,908.75341796875,606.5018310546875
50,11,930.4483642578125,620.0706787109375
50,12,954.8626708984375,633.5346069335938
50,13,979.2625122070312,647.8556518554688
50,14,1005.8218383789062,662.743896484375
50,15,1033.6942138671875,678.9363403320312
50,16,1062.7425537109375,696.56689453125
50,17,1093.070068359375,714.1766357421875
50,18,862.48681640625,612.707275390625
50,19,882.9462280273438,625.9898071289062
50,20,905.3333129882812,639.3648681640625
50,21,928.6286010742188,653.6485595703125
50,22,953.4305419921875,669.0610961914062
50,23,979.4541625976562,685.0631103515625
50,24,1006.72705078125,701.9328002929688
50,25,1035.72314453125,719.8452758789062
50,26,1066.226318359375,739.2333984375
50,27,836.0269165039062,631.38623046875
50,28,857.0969848632812,644.9328002929688
50,29,878.420166015625,659.1925048828125
50,30,901.5541381835938,674.3720092773438
50,31,926.0928344726562,690.7006225585938
50,32,951.860107421875,707.8665161132812
50,33,978.8505859375,725.7724609375
50,34,1007.828857421875,744.71435546875
50,35,1038.1405029296875,764.5150756835938
50,36,809.7705078125,649.829833984375
50,37,829.8040771484375,664.5957641601562
50,38,851.1151733398438,679.9627075195312
50,39,873.28857421875,695.7428588867188
50,40,897.331787109375,712.7642822265625
50,41,922.5374145507812,730.6390991210938
50,42,949.4862060546875,749.8941040039062
50,43,978.0551147460938,770.1077270507812
50,44,1008.2640991210938,791.039794921875
50,45,782.7232666015625,668.9428100585938
50,46,802.0563354492188,684.5748901367188
50,47,822.8919677734375,700.9017333984375
50,48,844.8015747070312,717.9358520507812
50,49,868.1339721679688,736.0210571289062
50,50,893.1409912109375,755.1146240234375
50,51,919.6825561523438,775.2597045898438
50,52,947.819580078125,796.5787963867188
50,53,977.794921875,819.1011962890625
50,54,754.3512573242188,687.6268310546875
50,55,773.134521484375,703.705810546875
50,56,793.4906616210938,721.1888427734375
50,57,815.2389526367188,740.0728149414062
50,58,838.154541015625,759.5982055664062
50,59,862.266845703125,779.1970825195312
50,60,888.452392578125,800.8045043945312
50,61,916.1658935546875,823.432861328125
50,62,945.4568481445312,846.5869750976562
51,0,1029.222412109375,716.29296875
51,1,1021.721923828125,740.36181640625
51,2,1013.8634643554688,765.7175903320312
51,3,1006.171630859375,791.6051635742188
51,4,997.6276245117188,818.7506103515625
51,5,989.03662109375,846.7637939453125
51,6,980.0665893554688,875.53857421875
51,7,970.3775024414062,905.6532592773438
51,8,960.4176025390625,936.3543701171875
51,9,1006.0986328125,700.58837890625
51,10,998.037353515625,724.6509399414062
51,11,989.857421875,749.9576416015625
51,12,981.3150024414062,775.7921142578125
51,13,972.6802368164062,803.0579833984375
51,14,963.626708984375,830.800048828125
51,15,953.7276000976562,860.1102294921875
51,16,943.0303955078125,890.4173583984375
51,17,932.41552734375,921.59619140625
51,18,981.9270629882812,684.5716552734375
51,19,973.4525756835938,708.454833984375
51,20,965.0335693359375,733.3544921875
51,21,955.9906005859375,759.3365478515625
51,22,946.243408203125,786.7089233398438
51,23,936.3396606445312,814.8500366210938
51,24,926.1636352539062,843.956787109375
51,25,915.2217407226562,874.2454833984375
51,26,903.58203125,905.895263671875
51,27,957.7832641601562,668.10400390625
51,28,948.9270629882812,691.6082153320312
51,29,939.6868896484375,716.3519287109375
51,30,930.0535888671875,742.2962646484375
51,31,919.7406616210938,769.647705078125
51,32,908.878173828125,797.962890625
51,33,897.9154052734375,827.0985107421875
51,34,886.2728271484375,857.6968994140625
51,35,874.3307495117188,889.2308349609375
51,36,933.3120727539062,650.5357666015625
51,37,923.6968383789062,674.216796875
51,38,913.798828125,698.9581298828125
51,39,903.5594482421875,724.6334838867188
51,40,892.4486083984375,751.7111206054688
51,41,881.0674438476562,780.0045166015625
51,42,869.0845947265625,809.3681030273438
51,43,856.6890258789062,840.013916015625
51,44,843.9470825195312,871.7830200195312
51,45,908.227294921875,633.0993041992188
51,46,897.9385375976562,656.5987548828125
51,47,887.1826782226562,681.0150146484375
51,48,876.1321411132812,706.8020629882812
51,49,864.3685302734375,733.78271484375
51,50,852.121826171875,762.10791015625
51,51,839.2734375,791.4100341796875
51,52,826.0950317382812,822.150146484375
51,53,812.2158813476562,853.9559326171875
51,54,883.4638671875,614.5228271484375
51,55,872.439208984375,637.8896484375
51,56,860.8460693359375,662.3566284179688
51,57,848.4848022460938,688.240478515625
51,58,835.9598999023438,715.181884765625
51,59,823.1525268554688,743.0899047851562
51,60,809.250244140625,772.562255859375
51,61,795.1002807617188,803.2312622070312
51,62,780.9356689453125,834.949462890625
52,0,1105.511962890625,464.00469970703125
52,1,1102.227294921875,504.6170654296875
52,2,1098.731201171875,543.866943359375
52,3,1095.5694580078125,582.6109008789062
52,4,1091.85595703125,620.0586547851562
52,5,1088.6298828125,656.7158203125
52,6,1085.036376953125,691.904541015625
52,7,1081.41552734375,725.9462280273438
52,8,1078.007080078125,758.1112060546875
52,9,1065.03125,462.8333740234375
52,10,1062.2183837890625,503.44525146484375
52,11,1059.48828125,543.5009155273438
52,12,1056.660400390625,582.525146484375
52,13,1053.96044921875,621.1891479492188
52,14,1051.214599609375,657.9874877929688
52,15,1048.404052734375,693.3815307617188
52,16,1045.136962890625,726.921875
52,17,1042.548095703125,759.7230224609375
52,18,1023.420654296875,461.47894287109375
52,19,1021.1373291015625,502.7022399902344
52,20,1019.0888671875,543.3635864257812
52,21,1017.1712036132812,582.7610473632812
52,22,1014.89794921875,621.2377319335938
52,23,1012.8945922851562,658.3264770507812
52,24,1010.7196655273438,694.398193359375
52,25,1008.5315551757812,728.951904296875
52,26,1006.2478637695312,761.559814453125
52,27,981.0442504882812,460.7043151855469
52,28,979.7249145507812,502.3832702636719
52,29,978.2957153320312,543.2723388671875
52,30,976.8399047851562,583.2387084960938
52,31,975.2184448242188,621.9885864257812
52,32,973.7039184570312,659.4412231445312
52,33,972.407958984375,695.4580688476562
52,34,970.9867553710938,730.24853515625
52,35,969.5211791992188,763.3239135742188
52,36,938.4254150390625,460.6353454589844
52,37,937.306640625,502.4917297363281
52,38,936.368408203125,543.6656494140625
52,39,935.6336669921875,583.8501586914062
52,40,934.8749389648438,623.1119995117188
52,41,934.2227783203125,660.6148071289062
52,42,933.2774047851562,696.739013671875
52,43,932.6841430664062,731.5964965820312
52,44,931.8784790039062,764.8994750976562
52,45,895.3150634765625,460.5440673828125
52,46,894.9161376953125,502.9468994140625
52,47,894.47802734375,543.94921875
52,48,894.2724609375,584.3817138671875
52,49,894.2850341796875,623.5902709960938
52,50,894.1532592773438,661.2670288085938
52,51,894.3549194335938,697.406982421875
52,52,894.264892578125,732.5042724609375
52,53,894.4114990234375,765.6057739257812
52,54,852.017333984375,461.4720153808594
52,55,852.070068359375,503.7010192871094
52,56,852.3672485351562,545.2283325195312
52,57,852.7523193359375,585.0364379882812
52,58,853.350341796875,624.5379638671875
52,59,854.0921020507812,662.52587890625
52,60,854.83837890625,698.801513671875
52,61,855.8772583007812,733.4144287109375
52,62,856.7047729492188,767.5108642578125
53,0,778.8573608398438,538.7382202148438
53,1,797.4133911132812,565.1737670898438
53,2,815.3018798828125,591.0140991210938
53,3,833.4974365234375,615.8833618164062
53,4,850.8898315429688,639.923583984375
53,5,868.3705444335938,663.29150390625
53,6,885.1387939453125,686.015380859375
53,7,901.2036743164062,707.5714721679688
53,8,916.7750244140625,728.498291015625
53,9,757.092529296875,560.8643188476562
53,10,776.2117309570312,587.4564208984375
53,11,795.188232421875,613.3309326171875
53,12,814.1776123046875,638.2344360351562
53,13,832.9744873046875,662.623291015625
53,14,851.0006103515625,685.8790893554688
53,15,868.2271118164062,708.348876953125
53,16,884.6638793945312,730.07275390625
53,17,900.7393188476562,750.8106079101562
53,18,734.0773315429688,583.9752807617188
53,19,754.3142700195312,610.65576171875
53,20,774.5205078125,636.6209716796875
53,21,794.311767578125,661.672119140625
53,22,813.5433349609375,685.8588256835938
53,23,832.1665649414062,709.1170654296875
53,24,850.282470703125,731.6633911132812
53,25,867.8501586914062,753.2097778320312
53,26,884.3113403320312,774.019287109375
53,27,710.8838500976562,608.00927734375
53,28,732.376953125,634.6787719726562
53,29,753.6322631835938,660.7857666015625
53,30,773.9610595703125,685.7877807617188
53,31,794.0045166015625,710.144287109375
53,32,813.2193603515625,733.2980346679688
53,33,832.033447265625,755.8143310546875
53,34,850.18798828125,776.9835815429688
53,35,867.78955078125,797.7017211914062
53,36,687.7765502929688,632.9196166992188
53,37,709.8736572265625,659.9275512695312
53,38,731.7839965820312,685.8428955078125
53,39,753.19287109375,710.9808959960938
53,40,774.0931396484375,735.2257690429688
53,41,794.1622924804688,758.2973022460938
53,42,813.443359375,780.4829711914062
53,43,832.2822875976562,801.965087890625
53,44,850.322021484375,822.2786865234375
53,45,663.9617309570312,658.8011474609375
53,46,686.9336547851562,685.7674560546875
53,47,709.5316162109375,711.5899658203125
53,48,731.8872680664062,736.6585083007812
53,49,753.3113403320312,760.8814086914062
53,50,773.9964599609375,783.858642578125
53,51,794.1881103515625,805.9281005859375
53,52,813.8839111328125,826.9468994140625
53,53,832.3263549804688,846.792724609375
53,54,640.3834838867188,685.5217895507812
53,55,664.45947265625,712.5511474609375
53,56,687.9895629882812,738.383056640625
53,57,710.1981201171875,763.21875
53,58,732.5503540039062,787.1817626953125
53,59,754.2490234375,810.1893920898438
53,60,774.9439086914062,831.9080810546875
53,61,795.042236328125,852.7684326171875
53,62,814.752197265625,872.600830078125
54,0,1302.4345703125,507.2523498535156
54,1,1290.5244140625,550.8497314453125
54,2,1278.438720703125,593.3486938476562
54,3,1265.7662353515625,634.9248657226562
54,4,1252.9254150390625,675.357421875
54,5,1239.7998046875,714.238037109375
54,6,1226.72412109375,751.6534423828125
54,7,1214.0985107421875,787.5843505859375
54,8,1201.6455078125,821.6663818359375
54,9,1266.610595703125,494.0119934082031
54,10,1255.7117919921875,536.32421875
54,11,1244.1920166015625,577.8267211914062
54,12,1232.0048828125,618.2471923828125
54,13,1219.658447265625,657.8387451171875
54,14,1207.266845703125,696.1194458007812
54,15,1195.568359375,732.7767944335938
54,16,1184.172607421875,767.9683227539062
54,17,1172.63232421875,801.7522583007812
54,18,1233.40869140625,481.9264221191406
54,19,1222.7025146484375,522.8839111328125
54,20,1211.302978515625,563.1292114257812
54,21,1200.04736328125,602.6249389648438
54,22,1188.757568359375,641.2565307617188
54,23,1177.550048828125,678.5849609375
54,24,1166.004638671875,714.6621704101562
54,25,1154.8770751953125,749.4042358398438
54,26,1144.72314453125,782.7394409179688
54,27,1201.0384521484375,470.4765930175781
54,28,1190.5347900390625,510.31512451171875
54,29,1180.19140625,549.4887084960938
54,30,1169.433349609375,587.8709716796875
54,31,1158.915283203125,625.7463989257812
54,32,1148.6038818359375,662.1011962890625
54,33,1138.052734375,697.349609375
54,34,1127.7813720703125,731.6787719726562
54,35,1117.89013671875,764.3701782226562
54,36,1169.3179931640625,459.8504943847656
54,37,1159.7156982421875,498.48553466796875
54,38,1150.0394287109375,536.8269653320312
54,39,1140.0145263671875,574.0364379882812
54,40,1130.1085205078125,611.0545043945312
54,41,1120.460205078125,646.7327880859375
54,42,1111.0509033203125,681.206298828125
54,43,1101.547119140625,714.75341796875
54,44,1092.335693359375,747.0640258789062
54,45,1140.4556884765625,450.1648254394531
54,46,1131.50634765625,487.8754577636719
54,47,1122.4415283203125,524.992919921875
54,48,1113.0509033203125,561.2948608398438
54,49,1103.725830078125,597.1514892578125
54,50,1095.11279296875,632.0591430664062
54,51,1086.3726806640625,665.9049072265625
54,52,1077.7281494140625,698.6808471679688
54,53,1069.2984619140625,730.1902465820312
54,54,1111.77880859375,441.0826110839844
54,55,1103.208984375,477.5584411621094
54,56,1095.0697021484375,513.79248046875
54,57,1087.0706787109375,549.214111328125
54,58,1078.7413330078125,584.1771850585938
54,59,1069.85888671875,618.1886596679688
54,60,1062.1387939453125,651.1613159179688
54,61,1054.196533203125,683.3596801757812
54,62,1045.737548828125,714.5868530273438
55,0,918.1102294921875,503.5871887207031
55,1,936.1471557617188,532.0794677734375
55,2,954.2020874023438,561.625732421875
55,3,973.134033203125,590.8040161132812
55,4,991.9390258789062,620.7416381835938
55,5,1011.3860473632812,650.2835083007812
55,6,1030.6309814453125,680.2166137695312
55,7,1049.888916015625,710.5133056640625
55,8,1068.860107421875,740.551513671875
55,9,893.877197265625,511.8293762207031
55,10,911.7967529296875,541.3187866210938
55,11,930.7247314453125,571.3717041015625
55,12,950.1810913085938,601.404052734375
55,13,970.1638793945312,631.7965087890625
55,14,989.9955444335938,662.4935913085938
55,15,1009.8053588867188,693.4568481445312
55,16,1029.0628662109375,724.8217163085938
55,17,1048.608642578125,755.8789672851562
55,18,867.2743530273438,521.1653442382812
55,19,886.2454223632812,551.240478515625
55,20,905.9971313476562,581.6563110351562
55,21,925.9053955078125,612.4339599609375
55,22,946.077392578125,644.2849731445312
55,23,966.4112548828125,675.9845581054688
55,24,986.9706420898438,707.7175903320312
55,25,1007.334228515625,739.8682250976562
55,26,1027.1785888671875,771.9917602539062
55,27,840.4054565429688,530.3331298828125
55,28,859.7218627929688,561.1739501953125
55,29,879.9348754882812,592.7127075195312
55,30,900.0562744140625,624.5072021484375
55,31,920.854248046875,657.42236328125
55,32,941.6451416015625,690.1224365234375
55,33,962.5992431640625,722.9527587890625
55,34,983.7122192382812,756.0419311523438
55,35,1004.7254028320312,788.9236450195312
55,36,812.23388671875,539.5157470703125
55,37,831.74609375,571.7021484375
55,38,851.9520874023438,604.2848510742188
55,39,872.9193115234375,637.3074951171875
55,40,894.1502685546875,670.9047241210938
55,41,915.4747314453125,704.7998046875
55,42,937.0396118164062,738.8800048828125
55,43,958.64892578125,773.1506958007812
55,44,980.1755981445312,807.0150756835938
55,45,782.373046875,549.5274658203125
55,46,802.2445678710938,582.8212890625
55,47,822.5773315429688,616.721435546875
55,48,843.84375,650.8634033203125
55,49,865.5728149414062,685.7896118164062
55,50,887.2799072265625,720.7874145507812
55,51,909.439453125,755.9634399414062
55,52,931.68359375,791.2132568359375
55,53,953.6485595703125,826.4015502929688
55,54,751.6494750976562,559.577392578125
55,55,771.9467163085938,593.850341796875
55,56,792.5965576171875,628.9017944335938
55,57,813.375,664.9986572265625
55,58,835.4142456054688,701.1358642578125
55,59,858.1602783203125,737.2179565429688
55,60,880.4736328125,773.799560546875
55,61,903.2753295898438,810.276611328125
55,62,926.7064208984375,846.0912475585938
56,0,1119.046875,469.27288818359375
56,1,1114.45361328125,510.09619140625
56,2,1109.389892578125,549.3989868164062
56,3,1104.6484375,588.3728637695312
56,4,1099.8970947265625,625.9481201171875
56,5,1095.134765625,662.3549194335938
56,6,1090.399169921875,697.13232421875
56,7,1085.413330078125,730.9398803710938
56,8,1080.7042236328125,762.8339233398438
56,9,1077.583984375,466.2767028808594
56,10,1073.2869873046875,507.0992126464844
56,11,1069.257568359375,547.357177734375
56,12,1065.1697998046875,586.5526123046875
56,13,1061.1162109375,624.8767700195312
56,14,1057.0123291015625,661.633056640625
56,15,1052.933349609375,696.6760864257812
56,16,1048.6370849609375,729.98974609375
56,17,1044.8299560546875,762.3980102539062
56,18,1035.1610107421875,463.33489990234375
56,19,1031.665283203125,504.5924987792969
56,20,1028.2469482421875,545.2686157226562
56,21,1024.841796875,584.7265625
56,22,1021.2594604492188,623.1954956054688
56,23,1018.0591430664062,660.1371459960938
56,24,1014.7017822265625,695.829345703125
56,25,1011.2730102539062,729.91455078125
56,26,1007.9512329101562,762.1299438476562
56,27,992.1888427734375,460.8840637207031
56,28,989.6600952148438,502.8241271972656
56,29,986.8089599609375,543.6284790039062
56,30,983.98583984375,583.1747436523438
56,31,981.1710815429688,621.9100952148438
56,32,978.5452880859375,658.9910278320312
56,33,976.0538940429688,694.706298828125
56,34,973.3333740234375,729.1956787109375
56,35,971.001708984375,761.8575439453125
56,36,949.2169799804688,459.25396728515625
56,37,946.7591552734375,500.96978759765625
56,38,944.4723510742188,541.8760375976562
56,39,942.5958862304688,581.9680786132812
56,40,940.4937133789062,621.0894165039062
56,41,938.470703125,658.1798706054688
56,42,936.6994018554688,693.9149169921875
56,43,934.9945068359375,728.5021362304688
56,44,933.1302490234375,761.2059326171875
56,45,905.7365112304688,457.3670654296875
56,46,903.95556640625,499.5247497558594
56,47,902.8346557617188,540.14013671875
56,48,901.1613159179688,580.6056518554688
56,49,899.8071899414062,619.5296630859375
56,50,898.7354736328125,656.8435668945312
56,51,897.7542114257812,692.5806884765625
56,52,896.8074340820312,727.1432495117188
56,53,896.05615234375,759.5615844726562
56,54,862.0274047851562,456.5387878417969
56,55,861.1156616210938,498.8092956542969
56,56,860.2067260742188,539.8577880859375
56,57,859.553955078125,579.4038696289062
56,58,859.002197265625,618.4174194335938
56,59,858.6945190429688,656.0210571289062
56,60,858.410400390625,691.7137451171875
56,61,858.3566284179688,725.9118041992188
56,62,858.0648193359375,759.5361938476562
57,0,917.5791625976562,456.7183837890625
57,1,928.0059814453125,487.8265380859375
57,2,938.1058349609375,518.5515747070312
57,3,948.5107421875,548.5675659179688
57,4,958.5426635742188,578.0490112304688
57,5,968.662841796875,606.9470825195312
57,6,978.309814453125,634.6842651367188
57,7,987.6970825195312,662.13427734375
57,8,996.9967651367188,688.03515625
57,9,893.785888671875,468.8341064453125
57,10,904.5692138671875,500.5875244140625
57,11,915.4736938476562,531.8616943359375
57,12,926.6492919921875,562.3984375
57,13,937.6565551757812,592.6014404296875
57,14,948.5132446289062,621.7141723632812
57,15,958.2378540039062,650.1506958007812
57,16,967.8392944335938,677.87548828125
57,17,977.3763427734375,704.643798828125
57,18,868.0350341796875,481.7347106933594
57,19,879.88037109375,514.0126953125
57,20,891.8685302734375,545.9268798828125
57,21,903.550537109375,577.1212158203125
57,22,914.7568359375,607.6783447265625
57,23,926.09765625,637.3255615234375
57,24,937.0772094726562,666.269287109375
57,25,947.5130004882812,694.2459716796875
57,26,957.2035522460938,721.4895629882812
57,27,842.0731201171875,495.42999267578125
57,28,854.7496948242188,528.5394287109375
57,29,867.2892456054688,560.7615966796875
57,30,879.744140625,592.728271484375
57,31,891.7877807617188,623.8822021484375
57,32,903.2135620117188,653.8523559570312
57,33,914.7618408203125,683.1808471679688
57,34,926.0125122070312,711.6829833984375
57,35,936.7351684570312,738.9116821289062
57,36,815.769287109375,509.8047180175781
57,37,828.6851806640625,543.4834594726562
57,38,841.6991577148438,576.8054809570312
57,39,854.7769775390625,609.029541015625
57,40,867.6170043945312,640.577880859375
57,41,879.9595947265625,671.2235107421875
57,42,891.9398803710938,700.9423828125
57,43,903.6624755859375,729.6422729492188
57,44,914.9127807617188,757.3292846679688
57,45,787.9719848632812,525.02490234375
57,46,801.704833984375,559.3921508789062
57,47,815.1119995117188,593.0643920898438
57,48,828.582275390625,625.95263671875
57,49,842.0853881835938,658.1912841796875
57,50,854.975341796875,689.0674438476562
57,51,867.8341064453125,719.0993041992188
57,52,880.1437377929688,748.1044311523438
57,53,891.916748046875,775.9177856445312
57,54,759.7813110351562,540.9269409179688
57,55,774.1927490234375,576.056640625
57,56,788.658203125,610.431396484375
57,57,801.9986572265625,643.9910278320312
57,58,815.9605712890625,676.5695190429688
57,59,829.9280395507812,707.959228515625
57,60,843.035400390625,738.203857421875
57,61,856.1373291015625,767.4623413085938
57,62,869.12646484375,795.8009033203125
58,0,853.3011474609375,995.218505859375
58,1,870.2190551757812,955.0339965820312
58,2,886.8399658203125,915.288818359375
58,3,902.9483032226562,875.5555419921875
58,4,919.1910400390625,836.3412475585938
58,5,934.65576171875,798.013427734375
58,6,949.9528198242188,760.5140380859375
58,7,964.654541015625,724.1097412109375
58,8,978.92529296875,688.7506103515625
58,9,894.6202392578125,1011.7843627929688
58,10,911.0291137695312,971.1097412109375
58,11,927.4172973632812,930.6080932617188
58,12,943.4017944335938,890.4910278320312
58,13,958.9207763671875,850.4229736328125
58,14,974.1376953125,811.5440063476562
58,15,988.8463134765625,773.6378173828125
58,16,1003.1473388671875,736.860595703125
58,17,1016.7970581054688,701.0733032226562
58,18,936.5337524414062,1027.64501953125
58,19,952.72119140625,986.9315185546875
58,20,968.7160034179688,945.9222412109375
58,21,984.2274169921875,905.0936889648438
58,22,999.6026611328125,864.7892456054688
58,23,1014.2362670898438,825.2742309570312
58,24,1028.60302734375,786.7619018554688
58,25,1042.1793212890625,749.3239135742188
58,26,1055.294189453125,713.0621337890625
58,27,978.9149780273438,1043.618408203125
58,28,994.8615112304688,1002.1669311523438
58,29,1010.4904174804688,960.6490478515625
58,30,1025.7674560546875,919.6598510742188
58,31,1040.509033203125,878.74853515625
58,32,1054.829345703125,838.9810180664062
58,33,1068.449951171875,799.9964599609375
58,34,1081.6605224609375,761.92822265625
58,35,1093.989013671875,725.1612548828125
58,36,1021.901611328125,1058.581787109375
58,37,1037.6646728515625,1016.9187622070312
58,38,1052.925048828125,975.2465209960938
58,39,1067.7442626953125,933.7425537109375
58,40,1082.165283203125,892.3833618164062
58,41,1095.8419189453125,852.1409301757812
58,42,1109.0587158203125,812.7845458984375
58,43,1121.5767822265625,774.3584594726562
58,44,1133.4200439453125,737.255615234375
58,45,1064.572021484375,1073.025634765625
58,46,1080.1063232421875,1031.0831298828125
58,47,1094.9786376953125,989.17626953125
58,48,1109.5528564453125,947.4542236328125
58,49,1123.3408203125,905.8897705078125
58,50,1136.5714111328125,865.3786010742188
58,51,1149.06884765625,825.6904907226562
58,52,1161.0445556640625,786.9619750976562
58,53,1171.90625,749.5003662109375
58,54,1107.8409423828125,1086.992431640625
58,55,1122.8746337890625,1044.76220703125
58,56,1137.513916015625,1002.4150390625
58,57,1151.3524169921875,960.6414184570312
58,58,1164.817626953125,918.9235229492188
58,59,1177.4722900390625,878.0653076171875
58,60,1189.426513671875,838.1776733398438
58,61,1200.504150390625,799.1824951171875
58,62,1211.19775390625,761.0923461914062
59,0,1303.270751953125,500.2427062988281
59,1,1291.4920654296875,543.5034790039062
59,2,1279.6925048828125,585.703125
59,3,1267.038818359375,627.0250854492188
59,4,1254.5447998046875,667.3610229492188
59,5,1241.51904296875,706.1455688476562
59,6,1228.7471923828125,743.4515991210938
59,7,1216.1053466796875,779.3887939453125
59,8,1203.7816162109375,813.638427734375
59,9,1266.813232421875,487.2129821777344
59,10,1256.08740234375,529.2202758789062
59,11,1244.8006591796875,570.5691528320312
59,12,1232.6968994140625,610.8678588867188
59,13,1220.6514892578125,650.295166015625
59,14,1208.3284912109375,688.5841674804688
59,15,1196.8397216796875,725.1902465820312
59,16,1185.6136474609375,760.3431396484375
59,17,1174.1434326171875,794.3226928710938
59,18,1232.986328125,475.3171691894531
59,19,1222.48583984375,516.0849609375
59,20,1211.3095703125,556.3096923828125
59,21,1200.142822265625,595.6437377929688
59,22,1189.1314697265625,634.17724609375
59,23,1178.044921875,671.429931640625
59,24,1166.5225830078125,707.5653686523438
59,25,1155.777099609375,742.4032592773438
59,26,1145.50341796875,775.7071533203125
59,27,1200.0257568359375,464.09783935546875
59,28,1189.7901611328125,503.91961669921875
59,29,1179.2066650390625,542.932373046875
59,30,1168.87158203125,581.3397216796875
59,31,1158.565673828125,619.0084838867188
59,32,1148.3603515625,655.35888671875
59,33,1137.9893798828125,690.8104248046875
59,34,1127.7391357421875,725.1714477539062
59,35,1117.8011474609375,758.0279541015625
59,36,1167.6324462890625,453.605224609375
59,37,1158.095947265625,492.4037170410156
59,38,1148.74169921875,530.4896240234375
59,39,1138.896484375,567.9282836914062
59,40,1129.02880859375,604.8269653320312
59,41,1119.4959716796875,640.280029296875
59,42,1110.080322265625,675.0016479492188
59,43,1100.6190185546875,708.787109375
59,44,1091.794677734375,741.0352172851562
59,45,1138.007080078125,444.222900390625
59,46,1129.27294921875,481.7186279296875
59,47,1120.34375,518.942138671875
59,48,1111.0841064453125,555.2132568359375
59,49,1101.90234375,591.1857299804688
59,50,1093.3299560546875,626.0339965820312
59,51,1084.701904296875,659.8896484375
59,52,1075.9736328125,692.7832641601562
59,53,1067.8270263671875,724.3926391601562
59,54,1108.8458251953125,435.2608337402344
59,55,1100.43505859375,471.80352783203125
59,56,1092.172607421875,507.840576171875
59,57,1084.4998779296875,543.4298095703125
59,58,1076.04833984375,578.4149780273438
59,59,1067.3253173828125,612.4046630859375
59,60,1059.69873046875,645.5615234375
59,61,1051.77685546875,677.9113159179688
59,62,1043.529052734375,709.3335571289062
60,0,729.8543090820312,544.8624877929688
60,1,744.1582641601562,576.6824951171875
60,2,758.3225708007812,607.9429931640625
60,3,773.1852416992188,638.7673950195312
60,4,787.8790893554688,669.0497436523438
60,5,802.6826782226562,698.6019287109375
60,6,817.1328735351562,727.5625610351562
60,7,831.3543090820312,755.9194946289062
60,8,845.5330200195312,783.3552856445312
60,9,702.5568237304688,559.442138671875
60,10,717.330078125,591.7761840820312
60,11,732.334228515625,623.5616455078125
60,12,747.9249877929688,654.9849243164062
60,13,763.6887817382812,685.859130859375
60,14,779.0397338867188,715.9751586914062
60,15,794.0176391601562,745.2276611328125
60,16,808.603271484375,774.046630859375
60,17,823.2228393554688,801.7955322265625
60,18,673.5345458984375,574.7968139648438
60,19,689.3146362304688,607.67919921875
60,20,705.5445556640625,639.9931640625
60,21,721.6619262695312,671.9857788085938
60,22,737.8053588867188,703.2581176757812
60,23,753.7429809570312,733.870361328125
60,24,769.8088989257812,763.46044921875
60,25,785.2246704101562,792.6402587890625
60,26,800.226318359375,820.87939453125
60,27,644.1596069335938,590.840087890625
60,28,660.8449096679688,624.1632080078125
60,29,677.7461547851562,657.1343383789062
60,30,694.5300903320312,689.5607299804688
60,31,711.2095947265625,721.6031494140625
60,32,727.8734741210938,752.6170043945312
60,33,744.4193725585938,782.7134399414062
60,34,760.8787841796875,812.1024780273438
60,35,776.787841796875,840.2432861328125
60,36,614.4888305664062,607.5980834960938
60,37,631.5177001953125,641.5962524414062
60,38,648.7865600585938,675.2080078125
60,39,666.3310546875,708.1587524414062
60,40,684.0224609375,740.61572265625
60,41,701.3023071289062,772.1611938476562
60,42,718.4011840820312,802.6318359375
60,43,735.4804077148438,832.3405151367188
60,44,752.23876953125,860.977294921875
60,45,583.7344970703125,624.9878540039062
60,46,601.2913208007812,659.630859375
60,47,619.1151733398438,693.8638305664062
60,48,637.3566284179688,727.265869140625
60,49,655.652587890625,760.24560546875
60,50,673.5679321289062,792.1412353515625
60,51,691.5819091796875,822.9105224609375
60,52,709.3334350585938,852.8616943359375
60,53,726.6793212890625,881.8436279296875
60,54,552.6270751953125,642.9585571289062
60,55,570.91259765625,678.4639892578125
60,56,589.556884765625,713.1856079101562
60,57,607.8436889648438,747.1974487304688
60,58,626.7034301757812,780.633544921875
60,59,645.7673950195312,812.8824462890625
60,60,664.1842651367188,844.0882568359375
60,61,682.6747436523438,874.275634765625
60,62,701.2042846679688,903.6275634765625
61,0,833.0361328125,674.5216064453125
61,1,861.7177124023438,679.9512329101562
61,2,891.146728515625,685.6476440429688
61,3,921.6672973632812,690.885009765625
61,4,953.4916381835938,696.761474609375
61,5,986.1502075195312,702.1646728515625
61,6,1020.0623779296875,707.9876098632812
61,7,1055.3988037109375,714.1663818359375
61,8,1091.3162841796875,720.327880859375
61,9,819.511474609375,702.3575439453125
61,10,848.0081787109375,708.5095825195312
61,11,877.7056274414062,714.412353515625
61,12,908.2022094726562,720.5280151367188
61,13,940.2098388671875,726.4707641601562
61,14,973.4197387695312,732.7203369140625
61,15,1008.0265502929688,739.3796997070312
61,16,1043.9044189453125,746.6904907226562
61,17,1080.4981689453125,753.376220703125
61,18,805.85986328125,731.5376586914062
61,19,833.9887084960938,738.0836791992188
61,20,863.6294555664062,744.4501953125
61,21,894.3165283203125,751.2069091796875
61,22,926.9864501953125,758.0874633789062
61,23,960.5514526367188,765.193603515625
61,24,995.238525390625,772.3063354492188
61,25,1031.6270751953125,779.915283203125
61,26,1068.916259765625,787.7156372070312
61,27,791.0196533203125,760.8495483398438
61,28,819.296875,768.0029296875
61,29,848.951171875,775.1966552734375
61,30,880.0086669921875,782.648193359375
61,31,912.942138671875,790.4376220703125
61,32,946.9308471679688,798.5321655273438
61,33,982.122802734375,806.3355102539062
61,34,1018.5534057617188,814.6602783203125
61,35,1056.6661376953125,822.8606567382812
61,36,775.117431640625,790.2352905273438
61,37,803.8115234375,798.485107421875
61,38,834.0552978515625,806.9915161132812
61,39,865.0931396484375,814.9057006835938
61,40,898.1355590820312,823.61328125
61,41,932.2965087890625,832.4383544921875
61,42,968.07080078125,841.3733520507812
61,43,1005.226318359375,850.297119140625
61,44,1043.6629638671875,859.5955200195312
61,45,759.4925537109375,820.4859619140625
61,46,788.4814453125,829.8069458007812
61,47,818.7470703125,839.1780395507812
61,48,850.1326904296875,848.3199462890625
61,49,883.3512573242188,857.9725341796875
61,50,918.0020751953125,867.70361328125
61,51,953.9044189453125,877.401123046875
61,52,991.2468872070312,887.5284423828125
61,53,1030.299072265625,897.6276245117188
61,54,742.9140014648438,851.017333984375
61,55,771.628662109375,860.7744750976562
61,56,802.1893310546875,871.169921875
61,57,834.4107666015625,882.1266479492188
61,58,868.0035400390625,892.8388061523438
61,59,902.512939453125,903.3377685546875
61,60,938.9097900390625,914.2614135742188
61,61,976.8731079101562,925.1847534179688
61,62,1015.927978515625,935.9158325195312
62,0,836.1497802734375,611.6369018554688
62,1,867.0328979492188,631.2254638671875
62,2,898.4635620117188,651.1837768554688
62,3,930.748046875,671.0748901367188
62,4,963.4888916015625,691.3005981445312
62,5,996.3583984375,711.4850463867188
62,6,1029.365234375,731.85693359375
62,7,1062.6256103515625,752.218017578125
62,8,1095.6923828125,772.5623779296875
62,9,814.5776977539062,640.77392578125
62,10,845.6509399414062,660.7477416992188
62,11,877.5010375976562,681.036865234375
62,12,909.8330078125,701.2689819335938
62,13,942.982666015625,721.7960205078125
62,14,976.2337036132812,742.3699340820312
62,15,1009.8577880859375,763.2020874023438
62,16,1043.254150390625,784.3265380859375
62,17,1076.78369140625,804.9884033203125
62,18,792.5784301757812,670.8899536132812
62,19,823.8096923828125,691.137451171875
62,20,855.7792358398438,711.6913452148438
62,21,888.3670654296875,732.2959594726562
62,22,921.902099609375,753.5903930664062
62,23,955.5013427734375,774.7678833007812
62,24,989.36669921875,795.8518676757812
62,25,1023.5398559570312,816.9327392578125
62,26,1057.2947998046875,838.0955200195312
62,27,770.0757446289062,701.0608520507812
62,28,801.4006958007812,721.913818359375
62,29,833.6290283203125,742.8379516601562
62,30,866.3931884765625,764.1627807617188
62,31,900.1674194335938,785.884521484375
62,32,934.1592407226562,807.5194702148438
62,33,968.406005859375,829.0142822265625
62,34,1002.953369140625,850.4189453125
62,35,1037.4229736328125,871.6397705078125
62,36,746.8999633789062,731.447998046875
62,37,778.5391845703125,753.138916015625
62,38,810.9287719726562,774.88427734375
62,39,843.9804077148438,796.7249755859375
62,40,877.9063110351562,818.6620483398438
62,41,912.2261352539062,840.8441162109375
62,42,946.8035888671875,862.7037353515625
62,43,981.8087768554688,884.5490112304688
62,44,1016.5189819335938,905.9105834960938
62,45,723.9666748046875,762.6854248046875
62,46,755.6614379882812,784.6104736328125
62,47,788.1605834960938,807.0135498046875
62,48,821.392333984375,829.38037109375
62,49,855.5442504882812,852.1054077148438
62,50,889.9938354492188,874.4088134765625
62,51,924.8956298828125,896.6607666015625
62,52,960.0960083007812,918.7525634765625
62,53,995.257568359375,940.5949096679688
62,54,700.36962890625,793.7291259765625
62,55,732.1251220703125,816.5264892578125
62,56,764.8599853515625,839.19775390625
62,57,798.4125366210938,862.6126098632812
62,58,832.72900390625,885.6106567382812
62,59,867.4287109375,908.535400390625
62,60,902.583740234375,931.077392578125
62,61,937.9666137695312,953.4864501953125
62,62,973.65380859375,975.2859497070312
63,0,1047.001708984375,682.8133544921875
63,1,1040.7242431640625,707.5958251953125
63,2,1034.3092041015625,733.567138671875
63,3,1027.5020751953125,760.2401123046875
63,4,1020.121337890625,789.1971435546875
63,5,1012.36181640625,818.89892578125
63,6,1004.197021484375,849.8348388671875
63,7,995.486083984375,882.4942016601562
63,8,986.2369995117188,916.1707153320312
63,9,1015.840576171875,674.5361328125
63,10,1008.7623291015625,699.2568969726562
63,11,1001.56982421875,724.8221435546875
63,12,993.8807373046875,751.7266235351562
63,13,985.9193115234375,779.6806030273438
63,14,977.2048950195312,808.799560546875
63,15,968.1919555664062,840.0103149414062
63,16,958.3900146484375,872.5453491210938
63,17,948.5228271484375,906.0709838867188
63,18,984.3389282226562,666.9387817382812
63,19,976.8456420898438,691.0658569335938
63,20,968.7965698242188,716.1216430664062
63,21,960.3406372070312,742.6400756835938
63,22,951.326904296875,770.5923461914062
63,23,941.9972534179688,799.8136596679688
63,24,932.1297607421875,830.020751953125
63,25,921.7500610351562,862.0435791015625
63,26,910.7242431640625,895.2208251953125
63,27,953.637939453125,658.8406372070312
63,28,945.1181640625,682.5
63,29,936.4130859375,707.244873046875
63,30,926.83837890625,733.3623046875
63,31,917.15283203125,761.0654907226562
63,32,906.8892822265625,790.0798950195312
63,33,896.3847045898438,819.9937744140625
63,34,885.0491333007812,851.407470703125
63,35,873.52294921875,884.0404663085938
63,36,922.5800170898438,650.7249755859375
63,37,913.3028564453125,673.9478759765625
63,38,903.7457275390625,698.4640502929688
63,39,893.8600463867188,723.9526977539062
63,40,883.1796875,751.000244140625
63,41,872.3756713867188,779.4462890625
63,42,860.642822265625,809.3212280273438
63,43,848.8086547851562,840.2766723632812
63,44,836.3998413085938,872.3601684570312
63,45,892.1173706054688,642.5293579101562
63,46,882.2673950195312,665.6552734375
63,47,872.0615234375,689.8295288085938
63,48,861.1035766601562,715.0194702148438
63,49,849.93994140625,741.6561279296875
63,50,838.1466064453125,769.984375
63,51,826.15234375,799.1182861328125
63,52,813.2650146484375,829.9013061523438
63,53,800.388916015625,861.821044921875
63,54,862.0625,633.9423828125
63,55,851.5307006835938,656.3828735351562
63,56,840.4163818359375,680.4144897460938
63,57,829.0377197265625,705.984375
63,58,817.0626220703125,732.4346923828125
63,59,804.6044311523438,759.5791015625
63,60,791.7950439453125,788.568603515625
63,61,778.3573608398438,818.7615966796875
63,62,764.6553344726562,849.7501831054688
64,0,807.7119750976562,924.593017578125
64,1,826.9268798828125,902.0638427734375
64,2,845.369140625,880.2845458984375
64,3,863.2271728515625,858.7263793945312
64,4,880.8442993164062,838.0441284179688
64,5,897.1809692382812,817.706787109375
64,6,913.19873046875,798.08251953125
64,9,834.3568115234375,940.9270629882812
64,10,853.0880737304688,918.104248046875
64,11,871.5078735351562,895.497802734375
64,12,889.0863037109375,873.25390625
64,13,906.1707153320312,851.5435180664062
64,14,922.2608642578125,830.7359008789062
64,15,938.261962890625,810.9630126953125
64,18,861.882080078125,958.1497802734375
64,19,880.4273071289062,934.2495727539062
64,20,898.384521484375,910.7279663085938
64,21,915.621337890625,887.9610595703125
64,22,932.3844604492188,865.7548217773438
64,23,948.2418823242188,844.5192260742188
64,24,963.6785888671875,823.8807983398438
64,25,978.392333984375,804.2755737304688
64,27,890.0367431640625,974.9246215820312
64,28,908.3358764648438,950.0455932617188
64,29,925.97216796875,925.9059448242188
64,30,942.8385009765625,902.2735595703125
64,31,959.0009155273438,879.7933349609375
64,32,974.8441162109375,858.2191162109375
64,33,989.5562133789062,836.9525146484375
64,34,1004.3143920898438,816.654296875
64,35,1017.7842407226562,797.0864868164062
64,36,918.979736328125,991.385986328125
64,37,936.920654296875,965.9768676757812
64,38,954.114990234375,941.1103515625
64,39,970.7080688476562,917.2511596679688
64,40,986.7035522460938,893.878662109375
64,41,1001.861083984375,871.6227416992188
64,42,1016.5516967773438,850.0859375
64,43,1030.5167236328125,829.4293823242188
64,44,1043.8175048828125,809.1917114257812
64,45,948.395751953125,1007.7311401367188
64,46,965.8792114257812,981.8126831054688
64,47,982.619384765625,956.6698608398438
64,48,998.8993530273438,932.0227661132812
64,49,1014.2236328125,908.146240234375
64,50,1028.8345947265625,885.7763671875
64,51,1042.9814453125,863.2883911132812
64,52,1056.7568359375,842.2366333007812
64,53,1069.299560546875,821.752197265625
64,54,978.431884765625,1023.8580322265625
64,55,995.47314453125,997.0158081054688
64,56,1011.9583740234375,971.1600341796875
64,57,1027.4686279296875,946.4183349609375
64,58,1042.440673828125,922.2421264648438
64,59,1056.8824462890625,898.6760864257812
64,60,1070.6065673828125,876.2494506835938
64,61,1083.4365234375,854.2974243164062
64,62,1096.19677734375,833.0188598632812
65,17,1050.558349609375,776.7115478515625
65,26,1038.3006591796875,787.3753662109375
65,32,931.2425537109375,729.0460815429688
65,33,961.8704223632812,751.8516235351562
65,34,993.4815673828125,775.0829467773438
65,35,1025.395263671875,798.7296752929688
65,39,852.1996459960938,690.6341552734375
65,40,882.3444213867188,714.0452880859375
65,41,913.2713623046875,737.3197631835938
65,42,945.0794677734375,761.8475341796875
65,43,977.8270263671875,786.258056640625
65,44,1011.04833984375,811.1194458007812
65,48,830.3719482421875,698.965087890625
65,49,861.3911743164062,723.01513671875
65,50,893.486572265625,748.0669555664062
65,51,926.4036865234375,773.258544921875
65,52,960.3526611328125,799.1671142578125
65,53,994.6174926757812,825.8671264648438
65,55,747.163818359375,656.6238403320312
65,56,777.3851318359375,680.9906616210938
65,57,807.783935546875,706.8870849609375
65,58,839.283935546875,732.6470336914062
65,59,872.5857543945312,758.1483764648438
65,60,906.3624267578125,785.2749633789062
65,61,941.5929565429688,812.8592529296875
65,62,977.8388061523438,839.712158203125
66,0,826.9452514648438,957.6934814453125
66,1,844.0087280273438,934.6904907226562
66,2,860.3289794921875,912.060302734375
66,3,876.1416015625,889.6929931640625
66,4,890.9853515625,867.9921875
66,5,906.2402954101562,846.4185791015625
66,6,920.6782836914062,825.958740234375
66,7,934.78173828125,805.88525390625
66,9,852.9055786132812,971.759033203125
66,10,869.4174194335938,948.317138671875
66,11,885.7297973632812,924.8134155273438
66,12,900.9381713867188,902.101806640625
66,13,916.295654296875,879.2763671875
66,14,930.886962890625,857.52197265625
66,15,945.2706909179688,836.625732421875
66,16,958.8534545898438,816.4025268554688
66,17,971.9246215820312,796.4088134765625
66,18,879.3707885742188,986.4208984375
66,19,895.807373046875,961.9920043945312
66,20,911.5956420898438,937.8855590820312
66,21,926.9003295898438,914.3898315429688
66,22,942.0001831054688,891.2213134765625
66,23,956.1697387695312,869.2021484375
66,24,969.9603271484375,847.34423828125
66,25,983.64501953125,826.7688598632812
66,26,996.6161499023438,806.5252685546875
66,27,906.7157592773438,1000.48095703125
66,28,922.4674072265625,975.4055786132812
66,29,938.0738525390625,950.7343139648438
66,30,953.255615234375,926.6339721679688
66,31,967.9268188476562,903.2100830078125
66,32,982.0742797851562,880.7096557617188
66,33,995.5763549804688,858.499755859375
66,34,1008.1680297851562,836.971435546875
66,35,1021.1653442382812,816.4151000976562
66,36,934.3219604492188,1014.2012329101562
66,37,950.1453247070312,988.8054809570312
66,38,965.3330688476562,963.7813720703125
66,39,980.2308349609375,939.0840454101562
66,40,994.4218139648438,915.0181884765625
66,41,1008.3528442382812,892.0122680664062
66,42,1021.68310546875,869.5349731445312
66,43,1034.3916015625,847.879638671875
66,44,1046.70703125,826.4857788085938
66,45,962.8298950195312,1028.2166748046875
66,46,978.1184692382812,1002.127685546875
66,47,993.1104125976562,976.6277465820312
66,48,1007.6187744140625,951.565673828125
66,49,1021.5753173828125,927.0089721679688
66,50,1034.8936767578125,903.6635131835938
66,51,1047.830322265625,880.5844116210938
66,52,1060.451416015625,858.394775390625
66,53,1071.9140625,836.9175415039062
66,54,991.6935424804688,1041.5474853515625
66,55,1006.7457885742188,1015.009521484375
66,56,1021.3763427734375,988.5696411132812
66,57,1035.341796875,963.9091186523438
66,58,1049.0787353515625,938.9537963867188
66,59,1062.084716796875,914.8087158203125
66,60,1074.294677734375,891.8757934570312
66,61,1086.39599609375,868.8240966796875
66,62,1098.162109375,846.6074829101562
67,0,909.2041625976562,496.8710021972656
67,1,925.5227661132812,520.4974365234375
67,2,941.8215942382812,544.9505615234375
67,3,958.9890747070312,569.2543334960938
67,4,976.7792358398438,594.9386596679688
67,5,994.9253540039062,620.5103759765625
67,6,1013.1106567382812,646.7715454101562
67,7,1031.731689453125,673.783203125
67,8,1050.4385986328125,701.0167846679688
67,9,883.9902954101562,504.9780578613281
67,10,900.01904296875,529.2569580078125
67,11,916.8095703125,553.9983520507812
67,12,933.99658203125,578.9130249023438
67,13,952.1536254882812,604.7722778320312
67,14,970.3045654296875,630.9572143554688
67,15,988.653564453125,658.1826171875
67,16,1007.2116088867188,686.1321411132812
67,17,1026.248291015625,714.1329345703125
67,18,857.4168090820312,514.17822265625
67,19,873.7798461914062,538.61572265625
67,20,890.5643920898438,563.2218017578125
67,21,907.8678588867188,588.8433227539062
67,22,925.9092407226562,615.4979858398438
67,23,944.1181640625,642.5916748046875
67,24,962.8449096679688,670.14697265625
67,25,981.953857421875,698.7107543945312
67,26,1000.9140014648438,727.7791748046875
67,27,830.4078979492188,523.0177001953125
67,28,846.4072265625,547.5430908203125
67,29,863.3387451171875,572.9714965820312
67,30,880.7010498046875,599.2537841796875
67,31,898.5266723632812,626.4274291992188
67,32,917.0173950195312,654.5254516601562
67,33,935.7380981445312,682.8529663085938
67,34,955.0928344726562,712.0281982421875
67,35,974.788818359375,741.4612426757812
67,36,802.135498046875,531.3304443359375
67,37,818.2632446289062,556.9374389648438
67,38,834.9642944335938,583.1427001953125
67,39,852.3678588867188,610.008544921875
67,40,870.4140625,637.8397216796875
67,41,888.8087768554688,666.4995727539062
67,42,907.6760864257812,695.8259887695312
67,43,926.9854736328125,725.79541015625
67,44,946.7711791992188,756.153076171875
67,45,773.54296875,540.4146118164062
67,46,789.27685546875,566.8477172851562
67,47,805.9541015625,593.9557495117188
67,48,822.9527587890625,621.4139404296875
67,49,841.0038452148438,650.087646484375
67,50,859.2162475585938,679.56787109375
67,51,878.317626953125,709.353759765625
67,52,897.7459106445312,740.2679443359375
67,53,917.5604248046875,771.7091674804688
67,54,743.9114379882812,549.2718505859375
67,55,759.6188354492188,576.12939453125
67,56,775.9034423828125,603.8414916992188
67,57,792.6287841796875,632.9413452148438
67,58,810.2988891601562,662.52490234375
67,59,828.935302734375,692.4397583007812
67,60,847.775634765625,723.56298828125
67,61,867.181396484375,755.1046752929688
67,62,887.6568603515625,786.9375610351562
68,0,828.745361328125,642.2069702148438
68,1,857.969970703125,654.7657470703125
68,2,888.2837524414062,667.927978515625
68,3,919.3589477539062,680.5960693359375
68,4,951.4946899414062,693.9678955078125
68,5,984.2538452148438,707.0882568359375
68,6,1017.8850708007812,720.8429565429688
68,7,1052.1953125,734.9047241210938
68,8,1086.9918212890625,749.03173828125
68,9,810.7535400390625,669.253173828125
68,10,840.0814819335938,682.3619995117188
68,11,870.4909057617188,695.7862548828125
68,12,901.765625,709.0177001953125
68,13,934.1415405273438,722.6087036132812
68,14,967.4143676757812,736.5595703125
68,15,1001.5213012695312,750.9954833984375
68,16,1036.4205322265625,765.972412109375
68,17,1071.79833984375,780.6190795898438
68,18,792.297119140625,697.43701171875
68,19,821.6798095703125,710.8237915039062
68,20,852.0330810546875,724.37744140625
68,21,883.5949096679688,738.4078369140625
68,22,916.4103393554688,753.068115234375
68,23,950.12744140625,767.7924194335938
68,24,984.4063110351562,782.5662841796875
68,25,1019.9397583007812,797.8618774414062
68,26,1055.8555908203125,813.5006103515625
68,27,773.1580200195312,725.6370849609375
68,28,802.4946899414062,739.5647583007812
68,29,833.1703491210938,754.0463256835938
68,30,864.9869995117188,768.683837890625
68,31,898.0098876953125,784.0311889648438
68,32,931.9703979492188,799.5205688476562
68,33,966.776611328125,815.1018676757812
68,34,1002.4953002929688,830.95458984375
68,35,1039.028076171875,846.8663940429688
68,36,753.0407104492188,753.90673828125
68,37,782.8326416015625,769.028076171875
68,38,813.6931762695312,784.4110107421875
68,39,845.474609375,799.9321899414062
68,40,878.78466796875,815.7705078125
68,41,912.9598388671875,831.9793701171875
68,42,948.234130859375,848.4284057617188
68,43,984.432373046875,865.1152954101562
68,44,1021.35693359375,881.6163330078125
68,45,733.0289916992188,782.9470825195312
68,46,762.8748779296875,799.0101928710938
68,47,793.9510498046875,815.2114868164062
68,48,826.0304565429688,831.6578369140625
68,49,859.5343017578125,848.4384765625
68,50,893.9852294921875,865.5120239257812
68,51,929.3720703125,882.5231323242188
68,52,965.993896484375,899.9369506835938
68,53,1003.283935546875,917.2286376953125
68,54,712.1324462890625,812.324951171875
68,55,741.9306640625,828.9541015625
68,56,773.1682739257812,846.1165161132812
68,57,805.6539306640625,863.9949340820312
68,58,839.4791259765625,881.7221069335938
68,59,874.0792846679688,899.2307739257812
68,60,909.8397216796875,917.3140258789062
68,61,946.6441650390625,935.3233032226562
68,62,984.3372802734375,953.184326171875
69,0,917.946533203125,458.49267578125
69,1,928.2404174804688,489.6757507324219
69,2,938.4095458984375,520.4584350585938
69,3,948.867431640625,550.2060546875
69,4,958.59228515625,579.654541015625
69,5,968.809326171875,608.144775390625
69,6,978.322021484375,635.7308959960938
69,7,987.6234130859375,662.7916259765625
69,8,996.8411254882812,688.6114501953125
69,9,894.1123657226562,471.51043701171875
69,10,904.96923828125,503.1571044921875
69,11,915.9299926757812,534.4389038085938
69,12,927.017822265625,565.0321655273438
69,13,938.140380859375,595.0240478515625
69,14,948.8784790039062,623.8681030273438
69,15,958.6429443359375,651.9365844726562
69,16,967.9776000976562,679.20361328125
69,17,977.5392456054688,705.4898071289062
69,18,868.3997802734375,485.2152404785156
69,19,880.3672485351562,517.5995483398438
69,20,892.5775756835938,549.4366455078125
69,21,904.2491455078125,580.5433349609375
69,22,915.601806640625,610.7648315429688
69,23,926.8433837890625,640.2220458984375
69,24,937.6832885742188,668.79052734375
69,25,948.0333251953125,696.313232421875
69,26,957.7282104492188,723.0360717773438
69,27,842.5479125976562,499.7489318847656
69,28,855.5428466796875,532.7930908203125
69,29,868.175537109375,565.1836547851562
69,30,880.548583984375,596.7545166015625
69,31,892.7192993164062,627.7496337890625
69,32,904.3633422851562,657.1912841796875
69,33,915.7841186523438,686.2511596679688
69,34,926.9066162109375,713.9397583007812
69,35,937.5986938476562,740.9541625976562
69,36,816.5390014648438,515.0242309570312
69,37,829.6826782226562,548.84912109375
69,38,842.7713012695312,582.0306396484375
69,39,856.0364379882812,613.9793701171875
69,40,868.8096923828125,645.2842407226562
69,41,881.35888671875,675.5322875976562
69,42,893.115478515625,704.7635498046875
69,43,904.8231201171875,732.8150634765625
69,44,916.1110229492188,760.0307006835938
69,45,788.9395751953125,531.32275390625
69,46,802.5507202148438,565.7015380859375
69,47,816.3847045898438,599.2259521484375
69,48,830.1129760742188,631.9487915039062
69,49,843.7611083984375,663.6848754882812
69,50,856.6430053710938,694.1602783203125
69,51,869.3677978515625,723.5859375
69,52,881.8164672851562,751.9730834960938
69,53,893.5164184570312,779.1376953125
69,54,760.7905883789062,548.4111938476562
69,55,775.7298583984375,583.50927734375
69,56,790.167724609375,617.7423095703125
69,57,803.930908203125,650.8246459960938
69,58,817.9437866210938,682.909912109375
69,59,831.974365234375,713.878173828125
69,60,845.028564453125,743.6598510742188
69,61,858.167236328125,772.037353515625
69,62,871.1499633789062,799.8256225585938
70,0,925.9848022460938,875.572265625
70,1,944.2600708007812,850.9135131835938
70,2,962.9973754882812,826.1131591796875
70,3,981.5399169921875,800.3214721679688
70,4,1000.4575805664062,774.0191040039062
70,5,1019.2493286132812,747.4966430664062
70,6,1038.2364501953125,720.55712890625
70,7,1057.534912109375,693.3829956054688
70,8,1076.496826171875,665.7747192382812
70,9,946.3128662109375,896.17333984375
70,10,965.16015625,871.4010009765625
70,11,984.2133178710938,846.01611328125
70,12,1003.0198364257812,820.0840454101562
70,13,1022.1775512695312,793.11328125
70,14,1041.503662109375,766.2230224609375
70,15,1061.1195068359375,738.8165283203125
70,16,1081.1756591796875,711.1556396484375
70,17,1100.644287109375,683.0581665039062
70,18,967.9286499023438,917.3225708007812
70,19,987.02197265625,892.3857421875
70,20,1006.0604248046875,866.6300048828125
70,21,1025.43603515625,840.255859375
70,22,1045.280029296875,813.22802734375
70,23,1065.2066650390625,785.8240356445312
70,24,1085.0936279296875,757.8982543945312
70,25,1105.29931640625,729.672119140625
70,26,1125.64794921875,701.2224731445312
70,27,989.6688842773438,939.072509765625
70,28,1008.95361328125,913.8094482421875
70,29,1028.5660400390625,887.9629516601562
70,30,1048.54833984375,861.2454223632812
70,31,1068.974853515625,833.8417358398438
70,32,1089.5670166015625,805.9810180664062
70,33,1109.9971923828125,777.6270141601562
70,34,1130.69775390625,748.8828125
70,35,1151.1204833984375,719.7214965820312
70,36,1011.3948364257812,961.4598388671875
70,37,1031.6585693359375,935.967041015625
70,38,1052.04248046875,909.8558349609375
70,39,1072.380615234375,882.911865234375
70,40,1093.341064453125,855.1087646484375
70,41,1114.329345703125,826.9383544921875
70,42,1135.6390380859375,798.136474609375
70,43,1156.671630859375,768.8648071289062
70,44,1177.7381591796875,739.0961303710938
70,45,1034.091796875,984.1610717773438
70,46,1054.880615234375,958.6196899414062
70,47,1076.022216796875,932.1034545898438
70,48,1097.0723876953125,904.9261474609375
70,49,1118.7347412109375,876.8110961914062
70,50,1140.3187255859375,848.253662109375
70,51,1161.9405517578125,819.0357666015625
70,52,1183.7528076171875,789.3956909179688
70,53,1205.1531982421875,759.2548828125
70,54,1056.7445068359375,1007.5494995117188
70,55,1078.07373046875,981.837890625
70,56,1099.97119140625,955.1417236328125
70,57,1122.2115478515625,927.7877197265625
70,58,1144.5184326171875,899.1510620117188
70,59,1166.5701904296875,870.239990234375
70,60,1188.9423828125,840.7539672851562
70,61,1211.104736328125,810.5859985351562
70,62,1232.903564453125,779.8899536132812
71,0,1295.083251953125,504.896240234375
71,1,1283.73876953125,548.7479858398438
71,2,1272.1220703125,591.7228393554688
71,3,1259.668212890625,633.5130004882812
71,4,1247.6729736328125,674.2184448242188
71,5,1234.9520263671875,713.3168334960938
71,6,1222.51904296875,750.87744140625
71,7,1210.240234375,786.7073364257812
71,8,1198.6236572265625,821.0311279296875
71,9,1259.249267578125,491.7305908203125
71,10,1248.987060546875,534.4041748046875
71,11,1238.08544921875,576.2020874023438
71,12,1226.278564453125,616.9630126953125
71,13,1214.335693359375,656.9033203125
71,14,1202.7974853515625,695.1500854492188
71,15,1191.486572265625,731.9654541015625
71,16,1180.745361328125,767.1441650390625
71,17,1169.9532470703125,800.908935546875
71,18,1226.2698974609375,479.7041015625
71,19,1216.288818359375,521.0866088867188
71,20,1205.2821044921875,561.5177612304688
71,21,1194.672607421875,601.4461669921875
71,22,1183.92041015625,640.1775512695312
71,23,1173.0018310546875,677.5424194335938
71,24,1162.281494140625,713.8628540039062
71,25,1151.89404296875,748.6882934570312
71,26,1142.1357421875,781.9522094726562
71,27,1194.334228515625,468.7527770996094
71,28,1184.39794921875,508.704345703125
71,29,1174.2769775390625,548.2421875
71,30,1164.3079833984375,586.7855834960938
71,31,1154.4368896484375,624.7293090820312
71,32,1144.5550537109375,661.2483520507812
71,33,1134.5775146484375,696.7799682617188
71,34,1125.0537109375,731.0116577148438
71,35,1115.1771240234375,763.783935546875
71,36,1163.0101318359375,458.19744873046875
71,37,1153.9749755859375,497.08447265625
71,38,1144.8582763671875,535.5446166992188
71,39,1135.2532958984375,573.0457763671875
71,40,1125.904052734375,610.1007690429688
71,41,1116.83740234375,645.8248901367188
71,42,1107.870849609375,680.68505859375
71,43,1099.0986328125,714.04931640625
71,44,1090.4256591796875,746.3834228515625
71,45,1134.4049072265625,448.798095703125
71,46,1126.08203125,486.64520263671875
71,47,1117.618408203125,523.8121337890625
71,48,1108.7332763671875,560.361083984375
71,49,1100.085693359375,596.4241333007812
71,50,1091.9344482421875,631.2426147460938
71,51,1083.66552734375,664.8966674804688
71,52,1075.59033203125,697.96044921875
71,53,1067.817626953125,729.4692993164062
71,54,1106.0748291015625,440.0266418457031
71,55,1098.1787109375,476.6305847167969
71,56,1090.4803466796875,512.9270629882812
71,57,1083.2945556640625,548.487548828125
71,58,1075.2943115234375,583.479248046875
71,59,1066.9302978515625,617.5613403320312
71,60,1059.88134765625,650.5714111328125
71,61,1052.38427734375,682.9003295898438
71,62,1044.5072021484375,714.00927734375
72,0,842.7103271484375,607.3863525390625
72,1,874.1437377929688,629.0144653320312
72,2,905.967041015625,650.82177734375
72,3,938.1495361328125,672.3157958984375
72,4,970.713134765625,694.4132690429688
72,5,1003.2634887695312,716.0458984375
72,6,1035.6165771484375,737.8124389648438
72,7,1068.0654296875,759.3931274414062
72,8,1099.8773193359375,780.7251586914062
72,9,820.2308349609375,637.4522094726562
72,10,851.9381103515625,659.3997192382812
72,11,884.0330200195312,681.41943359375
72,12,916.4395751953125,703.38671875
72,13,949.4979858398438,725.5108642578125
72,14,982.3582763671875,747.4279174804688
72,15,1015.2069091796875,769.64794921875
72,16,1047.891357421875,791.5552368164062
72,17,1080.2598876953125,813.0941162109375
72,18,797.3624267578125,668.3409423828125
72,19,829.1802978515625,690.5357666015625
72,20,861.4788818359375,712.6582641601562
72,21,894.1829223632812,735.0955810546875
72,22,927.6414794921875,757.7021484375
72,23,960.79345703125,780.0736083984375
72,24,994.0983276367188,802.1761474609375
72,25,1027.3756103515625,824.2466430664062
72,26,1060.045166015625,845.9144287109375
72,27,774.1817016601562,699.3810424804688
72,28,806.1550903320312,721.873046875
72,29,838.6720581054688,744.5829467773438
72,30,871.7496948242188,767.256591796875
72,31,905.2190551757812,790.232177734375
72,32,938.9175415039062,812.9364624023438
72,33,972.4666748046875,835.2235717773438
72,34,1006.13330078125,857.4843139648438
72,35,1039.3675537109375,879.2122802734375
72,36,750.4639892578125,730.7574462890625
72,37,782.7225341796875,753.8992309570312
72,38,815.263916015625,777.0205078125
72,39,848.65576171875,800.107666015625
72,40,882.5643310546875,823.354736328125
72,41,916.5316162109375,846.2828369140625
72,42,950.2798461914062,868.8050537109375
72,43,984.4188232421875,891.321533203125
72,44,1018.0686645507812,913.0698852539062
72,45,726.9041137695312,762.3402099609375
72,46,759.2501831054688,786.1049194335938
72,47,792.2145385742188,809.578125
72,48,825.475341796875,833.05517578125
72,49,859.6419677734375,856.6123046875
72,50,893.8446655273438,879.8408813476562
72,51,928.0872802734375,902.6406860351562
72,52,962.26318359375,924.9708251953125
72,53,996.1263427734375,946.875
72,54,702.9703369140625,794.6344604492188
72,55,735.3082885742188,818.3699340820312
72,56,768.4450073242188,842.2191162109375
72,57,802.2560424804688,866.4535522460938
72,58,836.3394775390625,890.1383056640625
72,59,870.9346313476562,913.6238403320312
72,60,905.2313232421875,936.4644165039062
72,61,939.7966918945312,958.9574584960938
72,62,974.1918334960938,980.794921875
73,0,798.4876098632812,878.2640380859375
73,1,820.07958984375,856.0128173828125
73,2,840.7987670898438,834.4326171875
73,9,825.9530029296875,895.4060668945312
73,10,847.0197143554688,872.5015869140625
73,11,867.710693359375,850.0867919921875
73,18,854.4071655273438,913.7528686523438
73,19,875.419677734375,889.7076416015625
73,20,895.5505981445312,865.6163330078125
73,21,914.866943359375,842.9253540039062
73,22,933.6146240234375,820.9219970703125
73,23,951.4244995117188,799.8724975585938
73,24,968.5296020507812,779.2117309570312
73,27,883.8262329101562,931.4991455078125
73,28,904.6172485351562,906.1520385742188
73,29,924.2990112304688,881.4953002929688
73,30,943.1130981445312,858.0314331054688
73,31,961.6173706054688,835.3257446289062
73,32,978.8265380859375,814.0660400390625
73,33,995.424560546875,792.9191284179688
73,36,914.1820678710938,948.9586791992188
73,37,934.4549560546875,923.0369873046875
73,38,954.010009765625,897.798095703125
73,39,972.6134033203125,873.3623046875
73,40,990.74169921875,850.0267333984375
73,41,1007.3734130859375,827.6699829101562
73,42,1023.5078125,806.1155395507812
73,43,1038.9061279296875,785.515869140625
73,44,1053.518798828125,765.8616333007812
73,45,945.347412109375,966.809326171875
73,46,965.188232421875,940.0630493164062
73,47,984.1973266601562,914.0860595703125
73,48,1002.2528686523438,888.9884643554688
73,49,1019.7850341796875,864.9048461914062
73,50,1036.348876953125,842.0765991210938
73,51,1052.0255126953125,820.0380249023438
73,52,1066.8455810546875,798.41943359375
73,53,1080.885986328125,778.5720825195312
73,54,977.3812866210938,984.1130981445312
73,55,996.9983520507812,956.44873046875
73,56,1015.309326171875,929.7899780273438
73,57,1032.9996337890625,904.4133911132812
73,58,1049.7308349609375,879.514892578125
73,59,1065.843505859375,855.6966552734375
73,60,1080.7008056640625,833.09814453125
73,61,1095.1136474609375,811.01123046875
73,62,1109.150634765625,790.0067749023438
74,0,1294.0465087890625,496.8373107910156
74,1,1282.864990234375,539.6453857421875
74,2,1271.614990234375,581.2677612304688
74,3,1259.7945556640625,622.1285400390625
74,4,1247.7967529296875,661.76953125
74,5,1235.3326416015625,700.0354614257812
74,6,1223.30859375,736.7353515625
74,7,1211.364990234375,771.9924926757812
74,8,1199.840576171875,805.5814208984375
74,9,1257.2333984375,483.72296142578125
74,10,1246.993896484375,525.5514526367188
74,11,1236.264404296875,566.336181640625
74,12,1224.8759765625,606.2598266601562
74,13,1213.25830078125,645.23681640625
74,14,1201.902099609375,682.9378662109375
74,15,1190.8604736328125,719.0491333007812
74,16,1180.21728515625,753.6315307617188
74,17,1169.564208984375,786.7597045898438
74,18,1222.591064453125,471.67718505859375
74,19,1212.5247802734375,512.2053833007812
74,20,1202.0009765625,552.0602416992188
74,21,1191.6268310546875,591.20849609375
74,22,1181.069580078125,629.4183349609375
74,23,1170.455322265625,666.3116455078125
74,24,1160.0101318359375,701.9277954101562
74,25,1149.79638671875,736.237060546875
74,26,1140.142333984375,769.0531616210938
74,27,1188.611083984375,460.41094970703125
74,28,1179.156494140625,499.8653869628906
74,29,1169.262939453125,538.874267578125
74,30,1159.54296875,576.9976196289062
74,31,1149.9173583984375,614.4815673828125
74,32,1140.1689453125,650.6288452148438
74,33,1130.6551513671875,685.5763549804688
74,34,1121.08251953125,719.4806518554688
74,35,1111.8206787109375,752.0975341796875
74,36,1155.728759765625,449.9029541015625
74,37,1146.699462890625,488.32940673828125
74,38,1137.89306640625,526.3466186523438
74,39,1128.84375,563.6746826171875
74,40,1119.53857421875,600.3485717773438
74,41,1110.5653076171875,635.63427734375
74,42,1101.9417724609375,670.0274658203125
74,43,1093.105712890625,703.2030029296875
74,44,1084.7662353515625,735.3272705078125
74,45,1125.19189453125,440.101318359375
74,46,1116.9781494140625,477.604248046875
74,47,1108.7139892578125,514.8722534179688
74,48,1100.04443359375,551.01318359375
74,49,1091.384033203125,586.9376831054688
74,50,1083.4979248046875,621.6244506835938
74,51,1075.3505859375,654.9917602539062
74,52,1067.5257568359375,687.8814086914062
74,53,1060.090576171875,719.2012939453125
74,54,1095.015869140625,431.0389404296875
74,55,1087.00390625,467.6641540527344
74,56,1079.6707763671875,503.8332824707031
74,57,1072.5367431640625,539.272705078125
74,58,1064.677978515625,574.237060546875
74,59,1056.7398681640625,608.3225708007812
74,60,1049.674072265625,641.0062866210938
74,61,1042.3282470703125,673.0206909179688
74,62,1034.8165283203125,704.3017578125
75,0,839.139892578125,610.1880493164062
75,1,870.2919921875,630.7579345703125
75,2,902.0496826171875,651.6412353515625
75,3,934.2603759765625,672.2798461914062
75,4,966.8905639648438,693.3534545898438
75,5,999.7781982421875,714.1561889648438
75,6,1032.3455810546875,735.2764892578125
75,7,1065.2061767578125,756.2996826171875
75,8,1097.721923828125,777.0196533203125
75,9,817.1879272460938,639.6896362304688
75,10,848.5631713867188,660.6608276367188
75,11,880.5899047851562,681.7986450195312
75,12,913.00146484375,702.9197387695312
75,13,946.0751342773438,724.148681640625
75,14,979.28955078125,745.46435546875
75,15,1012.4573974609375,766.9801025390625
75,16,1045.510986328125,788.4059448242188
75,17,1078.5283203125,809.4473876953125
75,18,794.9007568359375,670.2335815429688
75,19,826.3026123046875,691.4450073242188
75,20,858.5894165039062,712.6975708007812
75,21,891.2561645507812,734.3128662109375
75,22,924.7123413085938,756.0743408203125
75,23,958.1092529296875,777.888671875
75,24,991.8673706054688,799.4327392578125
75,25,1025.4967041015625,820.9682006835938
75,26,1058.79248046875,842.3938598632812
75,27,772.0426025390625,700.8268432617188
75,28,803.7056274414062,722.3853759765625
75,29,836.0758666992188,744.28271484375
75,30,869.1060180664062,766.2816772460938
75,31,902.7470092773438,788.5531005859375
75,32,936.5772094726562,810.7413330078125
75,33,970.5060424804688,832.6517944335938
75,34,1004.530029296875,854.4535522460938
75,35,1038.5416259765625,875.9501342773438
75,36,748.5633544921875,731.606201171875
75,37,780.6824951171875,754.0211181640625
75,38,813.3087158203125,776.5809326171875
75,39,846.300048828125,798.94775390625
75,40,880.3472900390625,821.6112060546875
75,41,914.4153442382812,844.059326171875
75,42,948.708984375,866.3303833007812
75,43,983.3443603515625,888.4171752929688
75,44,1017.5785522460938,910.0546875
75,45,725.5304565429688,762.97802734375
75,46,757.6105346679688,786.0478515625
75,47,790.1045532226562,809.01220703125
75,48,823.6280517578125,831.8355102539062
75,49,857.7515258789062,854.9135131835938
75,50,892.0220336914062,877.7218627929688
75,51,926.7728271484375,900.1917114257812
75,52,961.5254516601562,922.4114990234375
75,53,996.0097045898438,944.234619140625
75,54,701.7147827148438,794.6135864257812
75,55,733.816650390625,818.0030517578125
75,56,766.8095092773438,841.2255249023438
75,57,800.3403930664062,865.0234985351562
75,58,834.8583984375,888.5985107421875
75,59,869.4559936523438,911.5880737304688
75,60,904.1331787109375,934.3319091796875
75,61,939.1414794921875,956.8751220703125
75,62,974.2481689453125,978.6553955078125
76,0,893.2138061523438,480.8434143066406
76,1,907.301513671875,508.4004211425781
76,2,921.2354125976562,536.5936889648438
76,3,935.81396484375,564.4614868164062
76,4,950.3427124023438,592.7728271484375
76,5,965.3311767578125,620.6647338867188
76,6,979.8760375976562,648.7703247070312
76,7,994.2745971679688,676.7568969726562
76,8,1008.8683471679688,704.43408203125
76,9,868.1106567382812,490.60308837890625
76,10,882.3278198242188,519.0391235351562
76,11,896.9669799804688,547.3511352539062
76,12,912.0736083984375,575.7942504882812
76,13,927.4127807617188,604.5344848632812
76,14,942.5174560546875,632.9144287109375
76,15,957.2489624023438,661.772216796875
76,16,971.742431640625,690.4000244140625
76,17,986.6713256835938,718.8208618164062
76,18,842.055908203125,501.14764404296875
76,19,856.678955078125,529.9608154296875
76,20,871.7921142578125,558.6840209960938
76,21,887.1072387695312,587.6680908203125
76,22,902.4631958007812,617.1183471679688
76,23,918.0079345703125,646.3518676757812
76,24,933.33935546875,675.268798828125
76,25,948.4658813476562,704.6048583984375
76,26,963.3817749023438,733.4255981445312
76,27,815.2611694335938,511.9564514160156
76,28,830.4056396484375,541.0641479492188
76,29,845.761474609375,570.3402099609375
76,30,861.3335571289062,600.0442504882812
76,31,877.0402221679688,630.063720703125
76,32,892.6439819335938,659.9546508789062
76,33,908.2857666015625,689.6787719726562
76,34,924.1284790039062,719.3628540039062
76,35,939.7755737304688,748.8035888671875
76,36,788.0018310546875,522.6647338867188
76,37,803.05712890625,552.4304809570312
76,38,818.5126953125,582.9022216796875
76,39,834.4728393554688,612.9869995117188
76,40,850.4971923828125,643.5276489257812
76,41,866.6710205078125,674.0770263671875
76,42,882.5171508789062,704.3567504882812
76,43,898.9223022460938,734.702392578125
76,44,914.844970703125,764.6944580078125
76,45,759.7811279296875,534.0894165039062
76,46,774.98828125,564.6888427734375
76,47,790.6112670898438,595.6368408203125
76,48,806.7101440429688,626.52001953125
76,49,822.9927978515625,657.8394165039062
76,50,839.3292236328125,688.8901977539062
76,51,855.8466796875,719.80322265625
76,52,872.27685546875,750.6919555664062
76,53,888.6259765625,781.1777954101562
76,54,730.8991088867188,545.6106567382812
76,55,746.4345092773438,576.846923828125
76,56,762.2955322265625,608.410888671875
76,57,778.021240234375,640.5595703125
76,58,794.5731201171875,672.4653930664062
76,59,811.5573120117188,703.9711303710938
76,60,828.1325073242188,735.7583618164062
76,61,844.9859619140625,767.0245971679688
76,62,862.2096557617188,798.0
77,0,855.6298217773438,588.5645751953125
77,1,885.1259765625,613.8314208984375
77,2,914.6647338867188,639.265625
77,3,944.6846313476562,664.197021484375
77,4,974.4817504882812,689.1609497070312
77,5,1004.4472045898438,713.7465209960938
77,6,1033.7449951171875,738.1095581054688
77,7,1062.77587890625,762.2999267578125
77,8,1091.0684814453125,785.8291015625
77,9,831.3412475585938,614.7528686523438
77,10,861.5531616210938,640.5463256835938
77,11,892.0054321289062,666.2577514648438
77,12,922.6307983398438,691.6148071289062
77,13,953.6924438476562,716.870849609375
77,14,984.12158203125,741.8551025390625
77,15,1014.16943359375,766.7579956054688
77,16,1043.502197265625,791.2542114257812
77,17,1072.6795654296875,815.0416870117188
77,18,806.209716796875,642.4219360351562
77,19,837.0962524414062,668.3968505859375
77,20,868.3193969726562,694.3617553710938
77,21,899.718994140625,720.1192016601562
77,22,931.1583862304688,746.0921630859375
77,23,962.3570556640625,771.551025390625
77,24,993.3463745117188,796.4869995117188
77,25,1023.777587890625,821.1841430664062
77,26,1053.3353271484375,845.2081298828125
77,27,780.6773071289062,670.6106567382812
77,28,812.0870361328125,697.0073852539062
77,29,843.96044921875,723.4506225585938
77,30,875.9805908203125,749.7848510742188
77,31,908.1712036132812,776.08056640625
77,32,939.9129638671875,801.98291015625
77,33,971.5692138671875,827.2645874023438
77,34,1002.8960571289062,852.2645874023438
77,35,1033.5343017578125,876.3841552734375
77,36,754.3037109375,699.267822265625
77,37,786.319580078125,726.4814453125
77,38,818.6192626953125,753.8154296875
77,39,851.2843017578125,780.5537719726562
77,40,884.2691650390625,807.1634521484375
77,41,916.8985595703125,833.4754638671875
77,42,949.0903930664062,859.0944213867188
77,43,981.2294921875,884.2905883789062
77,44,1012.608642578125,908.7298583984375
77,45,727.4828491210938,729.2091674804688
77,46,759.956298828125,756.8797607421875
77,47,792.8312377929688,784.6572875976562
77,48,826.0286254882812,812.0616455078125
77,49,859.74072265625,839.1243896484375
77,50,892.7359008789062,865.67236328125
77,51,925.8599243164062,891.6268920898438
77,52,958.520751953125,916.9036254882812
77,53,990.4251708984375,941.4036254882812
77,54,700.0582275390625,759.5657958984375
77,55,733.0870971679688,787.9135131835938
77,56,766.6229248046875,816.3045654296875
77,57,800.2431640625,844.4320068359375
77,58,834.1530151367188,872.0693359375
77,59,868.2574462890625,898.8851318359375
77,60,901.7599487304688,925.05224609375
77,61,935.244140625,950.4323120117188
77,62,968.4535522460938,974.9225463867188
78,5,1061.649169921875,622.8499145507812
78,6,1084.0904541015625,640.7088623046875
78,7,1108.7283935546875,660.2501220703125
78,8,1134.4693603515625,680.2933959960938
78,14,1032.168212890625,636.12451171875
78,15,1055.3126220703125,654.9924926757812
78,16,1079.6717529296875,675.787841796875
78,17,1105.1024169921875,696.871826171875
78,22,981.0028076171875,632.9452514648438
78,23,1003.1521606445312,651.085693359375
78,24,1025.1126708984375,670.5833129882812
78,25,1049.25830078125,691.2276611328125
78,26,1074.3712158203125,713.880126953125
78,30,930.5537719726562,628.7228393554688
78,31,950.36767578125,646.7591552734375
78,32,971.2941284179688,666.2965087890625
78,33,993.8847045898438,686.5442504882812
78,34,1017.2355346679688,708.0699462890625
78,35,1042.1717529296875,730.9246215820312
78,39,898.7593383789062,641.9502563476562
78,40,918.6477661132812,660.9719848632812
78,41,938.912353515625,680.8810424804688
78,42,960.5008544921875,702.3018188476562
78,43,983.7987060546875,724.91552734375
78,44,1008.1865234375,748.9172973632812
78,48,867.6038208007812,656.8919067382812
78,49,886.134765625,676.15380859375
78,50,905.7366333007812,697.2706909179688
78,51,926.866455078125,719.0960083007812
78,52,949.1587524414062,743.0950317382812
78,53,972.9498291015625,768.3230590820312
78,57,834.8255004882812,671.1556396484375
78,58,852.5598754882812,691.99755859375
78,59,871.0520629882812,712.9331665039062
78,60,891.4525756835938,736.5335693359375
78,61,913.1110229492188,760.9766235351562
78,62,936.2285766601562,786.7559814453125
79,0,1044.824462890625,689.5054931640625
79,1,1038.5501708984375,714.8068237304688
79,2,1031.7510986328125,740.861083984375
79,3,1024.8758544921875,768.0714111328125
79,4,1017.2918701171875,796.9279174804688
79,5,1009.4761352539062,826.4547729492188
79,6,1001.30859375,857.2056274414062
79,7,992.5867919921875,889.5194702148438
79,8,983.410400390625,922.802001953125
79,9,1014.9633178710938,679.1375732421875
79,10,1007.8665771484375,704.0677490234375
79,11,1000.48193359375,729.9691772460938
79,12,992.77197265625,756.9227294921875
79,13,984.655517578125,785.2832641601562
79,14,976.0953979492188,814.545654296875
79,15,966.9208984375,845.512939453125
79,16,957.3657836914062,877.9886474609375
79,17,947.462646484375,910.9967041015625
79,18,984.7532958984375,668.9201049804688
79,19,976.9772338867188,693.2977905273438
79,20,969.0570678710938,718.8208618164062
79,21,960.559814453125,745.6160278320312
79,22,951.5654907226562,773.9964599609375
79,23,942.199951171875,803.1810913085938
79,24,932.3980102539062,833.6095581054688
79,25,922.2193603515625,865.4852905273438
79,26,911.2943115234375,898.60595703125
79,27,954.5772705078125,658.2062377929688
79,28,946.1728515625,682.1904907226562
79,29,937.4463500976562,707.4072875976562
79,30,928.1961669921875,734.1044311523438
79,31,918.4796142578125,762.0200805664062
79,32,908.278076171875,791.2605590820312
79,33,897.760986328125,821.3616943359375
79,34,886.636474609375,852.8599853515625
79,35,875.1931762695312,885.7662963867188
79,36,924.3637084960938,647.290283203125
79,37,915.179931640625,670.9712524414062
79,38,905.73681640625,696.2044677734375
79,39,895.833984375,722.0401611328125
79,40,885.2623901367188,749.6681518554688
79,41,874.3282470703125,778.3800659179688
79,42,862.9554443359375,808.3156127929688
79,43,851.085205078125,839.7938842773438
79,44,838.9688110351562,872.1546020507812
79,45,894.4518432617188,636.345458984375
79,46,884.5482177734375,659.9039306640625
79,47,874.2988891601562,684.8561401367188
79,48,863.6639404296875,710.4822387695312
79,49,852.4095458984375,737.6220703125
79,50,840.6005249023438,766.466796875
79,51,828.5330200195312,796.0427856445312
79,52,815.949462890625,827.0821533203125
79,53,802.8331298828125,859.3703002929688
79,54,864.7498168945312,624.867919921875
79,55,854.1528930664062,648.107177734375
79,56,843.1541748046875,672.6348266601562
79,57,831.6488647460938,698.6842651367188
79,58,819.6589965820312,725.6531982421875
79,59,807.1831665039062,753.4405517578125
79,60,794.3016357421875,783.1080932617188
79,61,780.8712768554688,813.8303833007812
79,62,767.2232055664062,845.212646484375
80,2,1064.1585693359375,670.7235107421875
80,3,1056.4481201171875,695.6767578125
80,4,1047.9532470703125,723.3750610351562
80,5,1039.0870361328125,752.1731567382812
80,6,1029.19580078125,782.8108520507812
80,7,1018.9569702148438,816.1882934570312
80,8,1007.7877807617188,851.1697998046875
80,11,1028.830810546875,669.6184692382812
80,12,1019.3517456054688,694.795166015625
80,13,1010.10791015625,721.20068359375
80,14,1000.0050659179688,749.353515625
80,15,989.2734375,779.9671630859375
80,16,977.8594970703125,812.7283935546875
80,17,965.802001953125,847.026123046875
80,20,993.7820434570312,668.5006103515625
80,21,984.021728515625,693.1982421875
80,22,973.5429077148438,719.9547119140625
80,23,962.5321655273438,747.5703125
80,24,950.3070068359375,777.2801513671875
80,25,937.9613647460938,808.8047485351562
80,26,924.7191162109375,842.6676025390625
80,29,959.9204711914062,667.7147216796875
80,30,948.9204711914062,691.7136840820312
80,31,937.9091186523438,717.8562622070312
80,32,925.9151611328125,745.4681396484375
80,33,913.2901000976562,774.0377197265625
80,34,899.3555297851562,804.9719848632812
80,35,885.278564453125,837.16015625
80,38,926.65087890625,667.1754150390625
80,39,915.2620239257812,689.8860473632812
80,40,902.6575317382812,715.2744140625
80,41,890.209228515625,741.8395385742188
80,42,876.274658203125,770.0228271484375
80,43,862.118896484375,800.2459716796875
80,44,847.1903686523438,831.93505859375
80,45,917.7025146484375,622.9060668945312
80,46,906.8098754882812,643.9198608398438
80,47,895.2691040039062,665.9284057617188
80,48,882.5463256835938,689.1838989257812
80,49,869.87353515625,713.4639892578125
80,50,856.1909790039062,739.9340209960938
80,51,842.269775390625,767.4310913085938
80,52,827.1971435546875,796.83935546875
80,53,811.8797607421875,827.9661254882812
80,54,887.2030029296875,622.2488403320312
80,55,876.3488159179688,642.0126953125
80,56,864.0357666015625,664.0090942382812
80,57,851.705810546875,687.4210815429688
80,58,838.2473754882812,711.6041259765625
80,59,823.6749267578125,736.8707885742188
80,60,809.040771484375,764.3837890625
80,61,793.6051025390625,792.9148559570312
80,62,777.1934814453125,822.351806640625
81,2,857.3514404296875,627.6151733398438
81,3,882.448486328125,644.3895874023438
81,4,907.455322265625,661.8993530273438
81,5,933.8355102539062,678.88330078125
81,6,959.6815795898438,696.315185546875
81,7,985.9307250976562,714.2271118164062
81,8,1012.7718505859375,732.1177978515625
81,10,814.5557861328125,626.785400390625
81,11,839.0556640625,644.1670532226562
81,12,864.4781494140625,661.4978637695312
81,13,890.4833984375,679.0012817382812
81,14,916.9537963867188,696.7194213867188
81,15,943.3851318359375,714.9552612304688
81,16,970.3230590820312,733.7697143554688
81,17,997.658203125,752.1182861328125
81,19,794.9396362304688,643.9437866210938
81,20,820.15673828125,661.49609375
81,21,845.993408203125,679.3124389648438
81,22,872.4434204101562,697.7603759765625
81,23,899.0619506835938,716.2313232421875
81,24,926.3370361328125,734.7213745117188
81,25,954.21240234375,753.6873779296875
81,26,981.879150390625,772.985107421875
81,28,774.9691162109375,661.3775634765625
81,29,800.2845458984375,679.5419921875
81,30,826.4808959960938,698.0783081054688
81,31,853.3746948242188,717.0504760742188
81,32,880.698486328125,736.2118530273438
81,33,908.4679565429688,755.2853393554688
81,34,936.7039794921875,774.8383178710938
81,35,965.4201049804688,794.56591796875
81,36,728.9149780273438,661.1329345703125
81,37,753.98388671875,679.557373046875
81,38,779.6181640625,698.6286010742188
81,39,806.1168823242188,717.5203857421875
81,40,833.6563110351562,737.0596923828125
81,41,861.2456665039062,756.9030151367188
81,42,889.7836303710938,776.9467163085938
81,43,918.752685546875,797.078369140625
81,44,947.8902587890625,817.2252807617188
81,45,706.8560180664062,679.2125854492188
81,46,732.1544189453125,698.4993286132812
81,47,758.3531494140625,718.4234619140625
81,48,785.08837890625,738.1651000976562
81,49,812.9443359375,758.2968139648438
81,50,841.1322021484375,778.9677124023438
81,51,870.115478515625,799.5772705078125
81,52,899.626220703125,820.4275512695312
81,53,929.2360229492188,841.4200439453125
81,54,683.7509155273438,697.281005859375
81,55,709.622314453125,717.1393432617188
81,56,735.9212036132812,737.8369750976562
81,57,763.1209716796875,759.0656127929688
81,58,791.3424072265625,780.39892578125
81,59,820.104248046875,801.1544189453125
81,60,849.5299682617188,822.9735717773438
81,61,879.5254516601562,844.6643676757812
81,62,910.1813354492188,865.9432983398438
82,0,832.3756713867188,668.4388427734375
82,1,861.095703125,675.264892578125
82,2,891.0042114257812,682.7471313476562
82,3,921.7676391601562,689.615966796875
82,4,953.861083984375,696.8529052734375
82,5,986.7091064453125,703.7931518554688
82,6,1020.6397705078125,711.365966796875
82,7,1055.89208984375,719.2374877929688
82,8,1091.7183837890625,727.1233520507812
82,9,817.9662475585938,696.1817016601562
82,10,846.762939453125,703.7720947265625
82,11,876.592529296875,711.3336791992188
82,12,907.5307006835938,718.793212890625
82,13,939.7498168945312,726.3296508789062
82,14,973.13525390625,734.13427734375
82,15,1007.8131103515625,742.49658203125
82,16,1043.5677490234375,751.404541015625
82,17,1080.15576171875,759.8825073242188
82,18,803.2156372070312,725.3614501953125
82,19,832.000732421875,733.1409301757812
82,20,861.7841186523438,741.0220947265625
82,21,892.9331665039062,749.0410766601562
82,22,925.7207641601562,757.820556640625
82,23,959.450927734375,766.4864501953125
82,24,994.2437744140625,775.1553344726562
82,25,1030.3837890625,784.28759765625
82,26,1067.770751953125,793.8616943359375
82,27,787.682373046875,754.27001953125
82,28,816.3937377929688,762.9314575195312
82,29,846.4427490234375,771.6255493164062
82,30,877.8014526367188,780.4716186523438
82,31,910.8829956054688,789.8362426757812
82,32,944.8983154296875,799.40087890625
82,33,980.0960693359375,808.9368896484375
82,34,1016.867431640625,818.8019409179688
82,35,1054.5435791015625,828.5767211914062
82,36,771.0018310546875,783.5681762695312
82,37,800.2027587890625,793.2530517578125
82,38,830.6226806640625,803.0647583007812
82,39,861.9795532226562,812.567138671875
82,40,895.1995849609375,822.63525390625
82,41,929.6144409179688,832.9668579101562
82,42,965.2947387695312,843.60546875
82,43,1002.3572998046875,854.1046752929688
82,44,1040.5904541015625,864.9410400390625
82,45,754.4788208007812,813.693115234375
82,46,783.9310913085938,824.1295776367188
82,47,814.4963989257812,834.9241333007812
82,48,846.2410888671875,845.5365600585938
82,49,879.5593872070312,856.6458129882812
82,50,914.2749633789062,867.9873046875
82,51,950.2130737304688,879.19384765625
82,52,987.81005859375,890.7686157226562
82,53,1026.4384765625,902.4876098632812
82,54,737.1204223632812,843.8853149414062
82,55,766.1998291015625,855.0635375976562
82,56,797.1148681640625,866.7025146484375
82,57,829.6478881835938,879.02294921875
82,58,863.408447265625,891.2285766601562
82,59,898.0471801757812,903.1932373046875
82,60,934.4354858398438,915.7364501953125
82,61,972.24560546875,928.0391235351562
82,62,1011.1410522460938,940.2438354492188
83,0,798.4855346679688,868.713134765625
83,1,820.5684204101562,846.6102294921875
83,2,841.95166015625,825.2696533203125
83,3,862.115966796875,804.1673583984375
83,4,881.273193359375,784.04541015625
83,5,900.5238037109375,764.2890625
83,6,919.3135375976562,745.1677856445312
83,9,826.3078002929688,886.4794311523438
83,10,848.02197265625,863.5775146484375
83,11,868.9674072265625,841.5018310546875
83,12,889.0701293945312,819.7579956054688
83,13,908.3504638671875,798.1256713867188
83,14,927.0053100585938,777.9268798828125
83,15,944.4743041992188,758.74560546875
83,18,854.9559936523438,905.2918701171875
83,19,876.387939453125,881.2864990234375
83,20,896.9799194335938,857.8175048828125
83,21,916.6680297851562,834.9774780273438
83,22,935.87939453125,813.1190185546875
83,23,953.8837890625,792.3212890625
83,24,971.4984130859375,772.075439453125
83,25,987.6380004882812,753.3032836914062
83,27,884.7445068359375,923.8638916015625
83,28,905.8870849609375,898.60888671875
83,29,926.0255126953125,874.0911865234375
83,30,945.2572021484375,850.5972900390625
83,31,964.04150390625,828.2391967773438
83,32,981.7645263671875,807.032470703125
83,33,998.4315185546875,786.1463012695312
83,34,1014.8231811523438,766.330810546875
83,35,1029.8787841796875,747.4500122070312
83,36,915.2395629882812,941.8555908203125
83,37,936.226318359375,915.9766845703125
83,38,956.0843505859375,890.8926391601562
83,39,975.0086059570312,866.656494140625
83,40,993.1329345703125,843.4693603515625
83,41,1010.3823852539062,821.3475952148438
83,42,1027.009033203125,800.083251953125
83,43,1042.32861328125,779.7817993164062
83,44,1057.1265869140625,760.0560913085938
83,45,946.8441772460938,960.4031982421875
83,46,967.064208984375,933.805908203125
83,47,986.4268798828125,907.8353271484375
83,48,1004.9217529296875,882.7134399414062
83,49,1022.705810546875,858.9788818359375
83,50,1039.0318603515625,836.1101684570312
83,51,1055.1832275390625,814.4009399414062
83,52,1070.4600830078125,792.9738159179688
83,53,1084.4613037109375,773.3052978515625
83,54,979.1699829101562,978.3724975585938
83,55,999.1165161132812,950.726806640625
83,56,1017.935302734375,923.99072265625
83,57,1035.6834716796875,898.6771850585938
83,58,1052.9259033203125,874.1469116210938
83,59,1069.081787109375,850.2904052734375
83,60,1084.2625732421875,828.0455932617188
83,61,1098.6400146484375,806.13623046875
83,62,1112.509033203125,785.1129150390625
84,2,972.9326171875,855.4249877929688
84,3,989.650146484375,828.6189575195312
84,4,1006.9886474609375,801.6838989257812
84,5,1023.907958984375,773.9818115234375
84,6,1041.1553955078125,746.3378295898438
84,7,1058.4827880859375,718.3561401367188
84,8,1075.7078857421875,689.8653564453125
84,10,977.3717041015625,900.2326049804688
84,11,994.873046875,873.9190673828125
84,12,1011.997314453125,846.8494873046875
84,13,1029.32861328125,818.987548828125
84,14,1046.7232666015625,790.9771118164062
84,15,1064.6192626953125,762.6415405273438
84,16,1082.7203369140625,733.9990844726562
84,17,1100.314453125,704.9868774414062
84,19,999.9891357421875,919.555419921875
84,20,1017.3787231445312,892.714599609375
84,21,1035.058349609375,865.127197265625
84,22,1053.099853515625,837.0418701171875
84,23,1071.155517578125,808.4078369140625
84,24,1089.153564453125,779.7020874023438
84,25,1107.5179443359375,750.3589477539062
84,26,1125.8603515625,721.0409545898438
84,28,1022.8720703125,939.3748779296875
84,29,1040.7601318359375,912.3080444335938
84,30,1058.984619140625,884.3282470703125
84,31,1077.53125,855.7279052734375
84,32,1096.3389892578125,826.7627563476562
84,33,1114.82177734375,797.2850341796875
84,34,1133.5242919921875,767.3081665039062
84,35,1151.8857421875,737.18408203125
84,39,1083.7708740234375,903.9605712890625
84,40,1102.82470703125,875.0346069335938
84,41,1122.0057373046875,845.5037841796875
84,42,1140.9989013671875,815.6168823242188
84,43,1160.2310791015625,785.0730590820312
84,44,1179.1326904296875,754.3056030273438
84,48,1109.3746337890625,924.2985229492188
84,49,1129.0819091796875,894.769775390625
84,50,1148.8541259765625,864.8685302734375
84,51,1168.41552734375,834.4077758789062
84,52,1188.073974609375,803.3181762695312
84,53,1207.53271484375,772.081298828125
84,55,1094.9384765625,1002.2013549804688
84,56,1114.98388671875,973.8318481445312
84,57,1135.588134765625,944.9426879882812
84,58,1156.0081787109375,915.07080078125
84,59,1176.041259765625,884.6519775390625
84,60,1196.413818359375,853.760498046875
84,61,1216.668701171875,822.1796264648438
84,62,1236.12646484375,790.1353759765625
85,0,1058.5994873046875,667.132568359375
85,1,1052.5859375,692.0877685546875
85,2,1045.86572265625,718.1133422851562
85,3,1038.9862060546875,745.5784301757812
85,4,1031.6834716796875,774.7618408203125
85,5,1023.9263305664062,805.1008911132812
85,6,1015.6173095703125,836.6202392578125
85,7,1006.7078247070312,870.5529174804688
85,8,997.1859741210938,905.1600341796875
85,9,1026.0933837890625,662.233154296875
85,10,1018.8794555664062,687.033935546875
85,11,1011.7920532226562,712.8300170898438
85,12,1003.9412841796875,739.6861572265625
85,13,995.581298828125,768.070068359375
85,14,986.8413696289062,797.7418823242188
85,15,977.6937255859375,829.519775390625
85,16,967.7796630859375,862.85693359375
85,17,957.5828247070312,897.3019409179688
85,18,993.7183837890625,657.7888793945312
85,19,986.14794921875,681.7318115234375
85,20,977.72509765625,706.9609375
85,21,969.0648193359375,733.5802612304688
85,22,959.9569091796875,761.8876342773438
85,23,950.4523315429688,791.3094482421875
85,24,940.0697021484375,822.134033203125
85,25,929.5921630859375,854.7554931640625
85,26,918.3419189453125,888.78515625
85,27,961.89990234375,652.9297485351562
85,28,953.2709350585938,676.4884643554688
85,29,944.4113159179688,701.1597900390625
85,30,934.756591796875,727.3782348632812
85,31,924.7686157226562,755.1649780273438
85,32,914.3557739257812,784.3320922851562
85,33,903.497314453125,814.6175537109375
85,34,891.8912963867188,846.1702270507812
85,35,880.004638671875,879.7117919921875
85,36,930.116943359375,647.8506469726562
85,37,921.0654907226562,670.9906616210938
85,38,911.07861328125,695.2877807617188
85,39,901.0070190429688,720.8714599609375
85,40,890.1569213867188,748.004150390625
85,41,879.070556640625,776.5609741210938
85,42,867.2677001953125,806.5443725585938
85,43,854.980224609375,837.7695922851562
85,44,842.2079467773438,870.3635864257812
85,45,899.77685546875,642.7445068359375
85,46,889.6510620117188,665.8668212890625
85,47,879.1361694335938,689.7556762695312
85,48,868.150634765625,714.9846801757812
85,49,856.6646728515625,741.5647583007812
85,50,844.7144775390625,769.8985595703125
85,51,832.4638671875,799.1428833007812
85,52,819.5817260742188,829.992919921875
85,53,806.2158203125,862.1341552734375
85,54,869.0037231445312,637.1949462890625
85,55,858.6751098632812,659.6409912109375
85,56,847.6255493164062,683.5781860351562
85,57,836.169677734375,709.0321044921875
85,58,824.01953125,735.1404418945312
85,59,811.3727416992188,762.3269653320312
85,60,798.3448486328125,791.35498046875
85,61,784.794677734375,821.54296875
85,62,770.7470092773438,852.4647827148438
86,0,933.0155029296875,821.4347534179688
86,1,950.876220703125,798.4887084960938
86,2,969.2555541992188,775.0036010742188
86,3,987.6787719726562,750.5829467773438
86,4,1006.6385498046875,725.5406494140625
86,5,1025.4310302734375,699.8547973632812
86,6,1044.6767578125,673.9122314453125
86,7,1064.279541015625,647.314208984375
86,8,1084.2379150390625,620.2998657226562
86,9,950.3568115234375,843.0391845703125
86,10,968.9600830078125,819.9693603515625
86,11,987.82763671875,796.1093139648438
86,12,1006.4176025390625,771.5003051757812
86,13,1025.624267578125,746.02978515625
86,14,1044.9742431640625,720.1622314453125
86,15,1065.1156005859375,693.6303100585938
86,16,1085.85400390625,666.8761596679688
86,17,1106.0732421875,639.4015502929688
86,18,969.0300903320312,865.1765747070312
86,19,987.9804077148438,841.970458984375
86,20,1006.4169311523438,818.1224365234375
86,21,1025.917724609375,793.3726806640625
86,22,1045.9569091796875,767.7567138671875
86,23,1066.1002197265625,741.448486328125
86,24,1086.4588623046875,714.5037841796875
86,25,1107.531494140625,687.115478515625
86,26,1128.8072509765625,659.3116455078125
86,27,987.6921997070312,888.1981811523438
86,28,1006.6368408203125,864.97412109375
86,29,1026.10400390625,840.8057861328125
86,30,1046.0401611328125,815.9368896484375
86,31,1066.732666015625,790.0820922851562
86,32,1087.725341796875,763.4363403320312
86,33,1108.893798828125,736.27685546875
86,34,1130.3221435546875,708.289794921875
86,35,1151.988037109375,679.9287109375
86,36,1006.0557250976562,912.1260375976562
86,37,1026.0150146484375,888.7476196289062
86,38,1046.37841796875,864.4407348632812
86,39,1066.9742431640625,839.1737060546875
86,40,1088.1248779296875,813.154052734375
86,41,1109.8116455078125,786.2463989257812
86,42,1131.684326171875,758.8375854492188
86,43,1153.955078125,730.4933471679688
86,44,1176.2908935546875,701.497314453125
86,45,1025.2467041015625,936.5645141601562
86,46,1046.041259765625,912.9879760742188
86,47,1067.202880859375,888.5464477539062
86,48,1088.5089111328125,863.3248901367188
86,49,1110.5455322265625,836.8884887695312
86,50,1132.9586181640625,809.976318359375
86,51,1155.6259765625,782.1622314453125
86,52,1178.6397705078125,753.4596557617188
86,53,1201.8819580078125,724.2722778320312
86,54,1044.3187255859375,961.654052734375
86,55,1065.615478515625,938.2034301757812
86,56,1087.6395263671875,913.6397705078125
86,57,1110.6141357421875,888.1746215820312
86,58,1133.543212890625,861.7041625976562
86,59,1156.30908203125,834.4544677734375
86,60,1179.9708251953125,806.2941284179688
86,61,1203.7283935546875,777.2571411132812
86,62,1227.3753662109375,747.6301879882812
87,0,1013.6284790039062,452.5897216796875
87,1,1019.7987060546875,490.0324401855469
87,2,1025.54150390625,527.0844116210938
87,3,1032.242431640625,564.02392578125
87,4,1037.921630859375,600.5958251953125
87,5,1044.29443359375,636.7429809570312
87,6,1050.0894775390625,671.852783203125
87,7,1055.608642578125,706.5010375976562
87,8,1060.9884033203125,739.9080810546875
87,9,979.6763305664062,458.79974365234375
87,10,986.2071533203125,496.6632995605469
87,11,992.910888671875,534.36279296875
87,12,999.44140625,572.0011596679688
87,13,1006.5584106445312,609.3530883789062
87,14,1013.1337890625,646.0187377929688
87,15,1019.1229858398438,681.965576171875
87,16,1024.8077392578125,716.8705444335938
87,17,1030.470458984375,750.9127807617188
87,18,944.1339111328125,465.01116943359375
87,19,951.2041015625,503.7126159667969
87,20,958.6534423828125,542.2681274414062
87,21,965.84814453125,580.2785034179688
87,22,972.8618774414062,618.5009765625
87,23,979.7491455078125,655.4974365234375
87,24,986.7612915039062,692.057861328125
87,25,993.156005859375,727.656494140625
87,26,999.0173950195312,762.1065673828125
87,27,907.81396484375,471.9213562011719
87,28,915.4581909179688,511.29803466796875
87,29,923.2733154296875,550.4552612304688
87,30,930.752197265625,589.3612670898438
87,31,938.13720703125,628.027587890625
87,32,945.4075927734375,665.66748046875
87,33,952.7918701171875,702.5564575195312
87,34,959.9232788085938,738.8502807617188
87,35,966.7593383789062,773.625
87,36,870.5894775390625,479.2237548828125
87,37,878.3425903320312,519.1057739257812
87,38,886.2781982421875,559.1516723632812
87,39,894.4808349609375,598.6853637695312
87,40,902.62109375,637.887939453125
87,41,910.2379760742188,676.2306518554688
87,42,917.9247436523438,713.5925903320312
87,43,925.5655517578125,750.2676391601562
87,44,932.9432983398438,785.6897583007812
87,45,832.2545776367188,486.8423767089844
87,46,840.3237915039062,527.6646728515625
87,47,848.4410400390625,568.093017578125
87,48,857.1251220703125,608.2332153320312
87,49,865.4622192382812,648.0332641601562
87,50,873.6935424804688,686.8255004882812
87,51,881.9713134765625,724.5137329101562
87,52,890.0199584960938,761.6459350585938
87,53,897.873291015625,797.0468139648438
87,54,793.4383544921875,495.1249084472656
87,55,801.7295532226562,536.4224853515625
87,56,810.342041015625,577.716796875
87,57,818.4948120117188,618.1272583007812
87,58,827.3163452148438,658.634033203125
87,59,836.2801513671875,697.88671875
87,60,845.0999145507812,736.129638671875
87,61,853.7822265625,772.9970092773438
87,62,862.5133056640625,809.7040405273438
88,0,758.811279296875,536.4214477539062
88,1,771.5093994140625,568.7720336914062
88,2,784.04443359375,600.869873046875
88,3,797.0922241210938,632.1411743164062
88,4,810.0800170898438,662.95068359375
88,5,823.2098999023438,693.0535888671875
88,6,836.1588134765625,722.2835083007812
88,7,848.4774169921875,750.6568603515625
88,8,861.0660400390625,778.2556762695312
88,9,734.712646484375,549.21728515625
88,10,747.8157958984375,582.5714111328125
88,11,761.2891235351562,615.1597900390625
88,12,775.2191772460938,647.0511474609375
88,13,789.3948364257812,678.6563720703125
88,14,803.2127685546875,709.173828125
88,15,816.4401245117188,739.0328979492188
88,16,829.2476806640625,768.11279296875
88,17,842.3080444335938,796.1752319335938
88,18,708.3756103515625,562.9472045898438
88,19,722.7230834960938,596.9844970703125
88,20,737.4156494140625,630.4609375
88,21,752.0665283203125,663.049560546875
88,22,766.72119140625,695.3003540039062
88,23,781.0221557617188,726.6220703125
88,24,795.6430053710938,757.0941772460938
88,25,809.3545532226562,786.6361694335938
88,26,822.830322265625,815.090576171875
88,27,681.6467895507812,577.4568481445312
88,28,697.03662109375,612.1670532226562
88,29,712.4590454101562,646.5523071289062
88,30,728.0814819335938,680.0673217773438
88,31,743.3644409179688,712.9356689453125
88,32,758.4186401367188,744.7522583007812
88,33,773.4384155273438,775.84375
88,34,788.3391723632812,805.9320068359375
88,35,802.6865844726562,834.6879272460938
88,36,654.3966064453125,592.5289916992188
88,37,670.287353515625,628.508056640625
88,38,686.3073120117188,663.6089477539062
88,39,702.7025146484375,697.9323120117188
88,40,719.021240234375,731.7149658203125
88,41,734.9676513671875,764.1378173828125
88,42,750.79638671875,795.876953125
88,43,766.2896728515625,826.220947265625
88,44,781.4718627929688,855.731201171875
88,45,625.6196899414062,608.9059448242188
88,46,642.2313232421875,645.5911865234375
88,47,658.93310546875,681.6163940429688
88,48,676.0482788085938,716.7332763671875
88,49,693.1314697265625,751.1673583984375
88,50,709.8255615234375,784.3275146484375
88,51,726.5166015625,816.2998046875
88,52,742.8645629882812,847.11669921875
88,53,758.6008911132812,876.896484375
88,54,596.2647094726562,625.8369750976562
88,55,613.9786376953125,663.4284057617188
88,56,631.6346435546875,700.56396484375
88,57,648.7686767578125,736.606201171875
88,58,666.5549926757812,771.7015991210938
88,59,684.5966796875,805.3839721679688
88,60,701.77099609375,837.959716796875
88,61,718.9197998046875,869.3973999023438
88,62,736.2219848632812,899.5440063476562
89,0,856.98095703125,1002.282470703125
89,1,874.1419677734375,961.7183227539062
89,2,890.8153686523438,921.83544921875
89,3,907.08837890625,882.29541015625
89,4,922.9217529296875,843.7910766601562
89,5,938.2713012695312,806.1310424804688
89,6,953.0076904296875,769.9149169921875
89,7,967.2757568359375,734.8320922851562
89,8,980.9033813476562,701.2260131835938
89,9,899.0747680664062,1018.36181640625
89,10,915.8588256835938,977.3833618164062
89,11,932.1162719726562,936.5426025390625
89,12,947.8637084960938,896.3831787109375
89,13,963.1775512695312,856.880859375
89,14,977.7821655273438,818.5422973632812
89,15,992.001708984375,781.8802490234375
89,16,1005.6932983398438,746.5033569335938
89,17,1018.520263671875,712.2040405273438
89,18,942.2320556640625,1034.3988037109375
89,19,958.4306030273438,992.7102661132812
89,20,974.1618041992188,951.1632080078125
89,21,989.26806640625,910.3806762695312
89,22,1004.0846557617188,870.3051147460938
89,23,1018.2565307617188,831.63037109375
89,24,1031.73095703125,794.1135864257812
89,25,1044.514404296875,757.7671508789062
89,26,1056.8504638671875,723.29541015625
89,27,985.9247436523438,1049.775146484375
89,28,1001.5891723632812,1007.39599609375
89,29,1016.8582153320312,965.3272705078125
89,30,1031.46435546875,924.1879272460938
89,31,1045.627197265625,883.5175170898438
89,32,1059.0391845703125,844.3406982421875
89,33,1071.7686767578125,806.3434448242188
89,34,1084.0303955078125,769.4414672851562
89,35,1095.187255859375,734.1102294921875
89,36,1030.156494140625,1064.3070068359375
89,37,1045.4188232421875,1021.5838012695312
89,38,1060.19384765625,979.1101684570312
89,39,1074.22607421875,937.3551635742188
89,40,1087.83203125,896.2139892578125
89,41,1100.4595947265625,856.5097045898438
89,42,1112.3720703125,818.034912109375
89,43,1123.8636474609375,780.6589965820312
89,44,1134.4976806640625,744.8931884765625
89,45,1074.4063720703125,1078.26953125
89,46,1089.167724609375,1035.107177734375
89,47,1103.303466796875,992.4498901367188
89,48,1116.8643798828125,950.3238525390625
89,49,1129.71337890625,908.8609008789062
89,50,1141.6075439453125,868.8121948242188
89,51,1152.788818359375,829.9781494140625
89,52,1163.364501953125,792.3421630859375
89,53,1173.1182861328125,756.287841796875
89,54,1119.0980224609375,1091.19921875
89,55,1133.3345947265625,1047.9188232421875
89,56,1146.8729248046875,1004.776611328125
89,57,1159.5748291015625,962.6717529296875
89,58,1171.6148681640625,920.8148803710938
89,59,1183.0145263671875,880.4639892578125
89,60,1193.3455810546875,841.2672119140625
89,61,1202.9901123046875,803.3822631835938
89,62,1212.1558837890625,766.5152587890625
90,0,779.7694702148438,525.031982421875
90,1,793.3702392578125,555.1304931640625
90,2,806.9801025390625,584.432373046875
90,3,820.7164306640625,612.9596557617188
90,4,834.2860717773438,640.800537109375
90,5,847.7805786132812,667.753662109375
90,6,860.8627319335938,693.848876953125
90,7,873.5067749023438,719.1192626953125
90,8,886.0426025390625,742.58544921875
90,9,755.6185913085938,541.9990844726562
90,10,770.1032104492188,572.616943359375
90,11,784.5393676757812,602.2218017578125
90,12,799.18408203125,631.2393798828125
90,13,814.0048217773438,659.3987426757812
90,14,828.2801513671875,686.7229614257812
90,15,841.654296875,713.1328735351562
90,16,854.7459106445312,738.4716186523438
90,17,867.5234985351562,762.9171142578125
90,18,729.98681640625,559.8753051757812
90,19,745.6748657226562,590.886962890625
90,20,761.4702758789062,621.0552368164062
90,21,776.9603271484375,650.1178588867188
90,22,792.0474853515625,678.9380493164062
90,23,806.7833862304688,706.4164428710938
90,24,821.5812377929688,732.9179077148438
90,25,835.3373413085938,758.6395263671875
90,26,848.5865478515625,783.1958618164062
90,27,703.93505859375,578.7723999023438
90,28,720.8834228515625,610.19140625
90,29,737.3887329101562,640.88623046875
90,30,753.82666015625,670.4825439453125
90,31,769.753662109375,699.3317260742188
90,32,785.240478515625,726.8624267578125
90,33,800.2621459960938,753.7974243164062
90,34,815.267822265625,779.3048706054688
90,35,829.3873901367188,804.0598754882812
90,36,678.0037231445312,598.5101318359375
90,37,695.3700561523438,630.557861328125
90,38,712.5321655273438,661.6261596679688
90,39,729.822265625,691.5658569335938
90,40,746.7931518554688,720.7208251953125
90,41,763.0015258789062,748.712158203125
90,42,778.8598022460938,775.5657958984375
90,43,794.370849609375,801.3072509765625
90,44,809.45556640625,826.1148681640625
90,45,650.8128662109375,619.34375
90,46,668.8873901367188,651.5984497070312
90,47,687.0333251953125,683.04833984375
90,48,704.968505859375,713.2783203125
90,49,722.6641845703125,742.7632446289062
90,50,739.713623046875,770.6962890625
90,51,756.3826293945312,797.70849609375
90,52,772.83935546875,823.674560546875
90,54,623.4361572265625,640.989990234375
90,55,642.7567138671875,673.9554443359375
90,56,661.6265869140625,705.5958251953125
90,57,679.8407592773438,736.1085205078125
90,58,698.1630859375,765.7222290039062
90,59,716.3384399414062,793.9122314453125
90,60,733.5812377929688,820.5900268554688
90,61,750.6854858398438,846.838623046875
91,0,846.4779052734375,606.0189819335938
91,1,878.1294555664062,628.5200805664062
91,2,910.1505126953125,651.3003540039062
91,3,942.3984375,673.91455078125
91,4,974.933837890625,696.625732421875
91,5,1007.269287109375,719.0023193359375
91,6,1039.2640380859375,741.28662109375
91,7,1071.0994873046875,763.5324096679688
91,8,1102.2874755859375,785.275146484375
91,9,823.4124755859375,636.4542236328125
91,10,855.39697265625,659.3602294921875
91,11,887.758544921875,682.2816162109375
91,12,920.2859497070312,705.0545043945312
91,13,953.4059448242188,728.0339965820312
91,14,986.123291015625,750.714111328125
91,15,1018.6216430664062,773.3182983398438
91,16,1050.7476806640625,795.7034301757812
91,17,1082.4915771484375,817.5728149414062
91,18,799.9417114257812,667.7579345703125
91,19,832.0744018554688,690.8551025390625
91,20,864.8075561523438,713.8147583007812
91,21,897.7354125976562,736.9449462890625
91,22,931.0979614257812,760.3735961914062
91,23,964.1953125,783.2949829101562
91,24,997.2763061523438,806.037841796875
91,25,1029.9581298828125,828.481201171875
91,26,1061.97314453125,850.3334350585938
91,27,776.1746826171875,699.1908569335938
91,28,808.6145629882812,722.667236328125
91,29,841.4539184570312,746.19140625
91,30,874.6650390625,769.52001953125
91,31,908.3473510742188,793.1450805664062
91,32,941.8720092773438,816.2807006835938
91,33,975.2972412109375,839.0654296875
91,34,1008.531005859375,861.6090698242188
91,35,1041.283203125,883.6314086914062
91,36,752.0824584960938,730.9238891601562
91,37,784.542236328125,754.9933471679688
91,38,817.7425537109375,778.7329711914062
91,39,851.4301147460938,802.580078125
91,40,885.3690795898438,826.404296875
91,41,919.1556396484375,849.8866577148438
91,42,952.8467407226562,872.7368774414062
91,43,986.6991577148438,895.3383178710938
91,44,1019.7918701171875,917.2799072265625
91,45,728.0037841796875,763.0465698242188
91,46,760.7343139648438,787.3526000976562
91,47,794.1900024414062,811.7620849609375
91,48,827.95654296875,835.8482666015625
91,49,862.1494750976562,859.782958984375
91,50,896.1935424804688,883.3798828125
91,51,930.37255859375,906.4615478515625
91,52,964.1928100585938,928.8578491210938
91,53,997.6375122070312,950.8084716796875
91,54,703.6888427734375,795.7064819335938
91,55,736.7797241210938,820.1697998046875
91,56,770.3018798828125,844.7447509765625
91,57,804.0704345703125,869.1393432617188
91,58,838.6102905273438,893.469482421875
91,59,873.0372924804688,917.115966796875
91,60,907.2965087890625,940.2943725585938
91,61,941.5036010742188,962.8011474609375
91,62,975.50927734375,984.6954345703125
92,0,915.827392578125,498.2104187011719
92,1,932.3475341796875,521.7540893554688
92,2,949.4187622070312,546.1608276367188
92,3,967.19921875,570.4464111328125
92,4,985.3936767578125,595.8868408203125
92,5,1004.186767578125,621.2482299804688
92,6,1022.9239501953125,647.7698974609375
92,7,1042.1614990234375,674.8091430664062
92,8,1061.637451171875,702.101806640625
92,9,890.2464599609375,507.1118469238281
92,10,906.5847778320312,531.2801513671875
92,11,923.89892578125,555.9360961914062
92,12,941.7088623046875,580.8154296875
92,13,960.1754760742188,606.4190063476562
92,14,978.9895629882812,632.6381225585938
92,15,997.9588623046875,659.8493041992188
92,16,1017.0775756835938,687.9100952148438
92,17,1036.9228515625,715.909912109375
92,18,863.2670288085938,517.1682739257812
92,19,879.7689819335938,541.2679443359375
92,20,897.099609375,566.0198974609375
92,21,914.9842529296875,591.5623168945312
92,22,933.5031127929688,618.18994140625
92,23,952.3080444335938,645.1732788085938
92,24,971.6759033203125,672.7496337890625
92,25,991.1625366210938,701.2076416015625
92,26,1010.887451171875,730.293701171875
92,27,835.583740234375,526.6721801757812
92,28,852.2399291992188,551.2272338867188
92,29,869.5250854492188,576.5036010742188
92,30,887.3756103515625,602.6932983398438
92,31,905.776123046875,630.0325927734375
92,32,924.7532348632812,657.9741821289062
92,33,943.99072265625,686.2005004882812
92,34,963.7666625976562,715.3212280273438
92,35,984.0918579101562,744.9248046875
92,36,807.377685546875,536.0982055664062
92,37,823.8182373046875,561.4974365234375
92,38,840.8814086914062,587.6591186523438
92,39,858.6326293945312,614.2408447265625
92,40,877.1531372070312,642.1461181640625
92,41,895.9935302734375,670.7017211914062
92,42,915.2042236328125,700.017822265625
92,43,935.244384765625,730.0277099609375
92,44,955.61376953125,760.4528198242188
92,45,778.2738647460938,546.0767822265625
92,46,794.257568359375,572.2371215820312
92,47,811.2427978515625,599.0405883789062
92,48,828.9098510742188,626.7078857421875
92,49,847.1808471679688,655.205078125
92,50,866.02001953125,684.5892333984375
92,51,885.4566650390625,714.574462890625
92,52,905.3916625976562,745.3582153320312
92,53,925.7431030273438,776.7145385742188
92,54,748.284423828125,555.81103515625
92,55,764.2247314453125,582.3863525390625
92,56,780.9230346679688,610.1062622070312
92,57,798.0987548828125,639.0250854492188
92,58,816.2845458984375,668.66650390625
92,59,835.174560546875,698.3648681640625
92,60,854.2654418945312,729.4390869140625
92,61,874.4229125976562,761.1332397460938
92,62,895.2391357421875,792.8689575195312
93,0,920.3804931640625,500.2510986328125
93,1,937.37890625,523.7457275390625
93,2,954.5260009765625,547.8495483398438
93,3,972.548828125,571.9878540039062
93,4,991.0958862304688,597.2607421875
93,5,1010.093994140625,622.7153930664062
93,6,1029.2236328125,648.9625244140625
93,7,1048.8123779296875,675.8171997070312
93,8,1068.669921875,703.0451049804688
93,9,894.9844970703125,508.9760437011719
93,10,911.7420043945312,532.9818725585938
93,11,929.06640625,557.42138671875
93,12,947.1925048828125,582.2508544921875
93,13,966.1376342773438,607.7208251953125
93,14,985.2863159179688,633.7939453125
93,15,1004.5585327148438,660.9098510742188
93,16,1024.109130859375,688.8226928710938
93,17,1044.091064453125,716.9279174804688
93,18,868.0792846679688,518.838134765625
93,19,885.023681640625,542.80859375
93,20,902.6455688476562,567.2645874023438
93,21,920.8741455078125,592.7960815429688
93,22,939.6731567382812,619.323486328125
93,23,958.739990234375,646.168212890625
93,24,978.317626953125,673.6980590820312
93,25,998.1952514648438,702.1541137695312
93,26,1018.4215698242188,731.1862182617188
93,27,840.4888916015625,528.1466674804688
93,28,857.6339111328125,552.5260620117188
93,29,875.2251586914062,577.8739624023438
93,30,893.3244018554688,603.7723388671875
93,31,912.1600341796875,631.0015869140625
93,32,931.2550659179688,658.8156127929688
93,33,950.9596557617188,686.908447265625
93,34,971.1815185546875,716.17578125
93,35,991.8344116210938,745.7376098632812
93,36,812.6264038085938,537.2333984375
93,37,829.1521606445312,562.569580078125
93,38,846.46142578125,588.6409912109375
93,39,864.674072265625,615.0855102539062
93,40,883.4212646484375,642.9202880859375
93,41,902.8023681640625,671.2626342773438
93,42,922.3729248046875,700.61474609375
93,43,942.8150024414062,730.5150146484375
93,44,963.6270751953125,761.0925903320312
93,45,783.2683715820312,546.9534912109375
93,46,799.835693359375,573.09814453125
93,47,817.0144653320312,599.9886474609375
93,48,834.872314453125,627.363037109375
93,49,853.74365234375,655.8968505859375
93,50,872.781005859375,685.2169799804688
93,51,892.7168579101562,715.1254272460938
93,52,913.1326293945312,746.0225219726562
93,53,933.9210815429688,777.3784790039062
93,54,753.390380859375,556.4017333984375
93,55,769.6776733398438,582.9112548828125
93,56,786.7341918945312,610.825439453125
93,57,804.2451782226562,639.5973510742188
93,58,822.7364501953125,669.0921020507812
93,59,842.078125,698.892822265625
93,60,861.7376098632812,730.0227661132812
93,61,882.1364135742188,761.669921875
93,62,903.3173828125,793.6055908203125
94,0,1158.588134765625,467.78985595703125
94,1,1151.07373046875,508.2397766113281
94,2,1143.74609375,547.607421875
94,3,1136.3299560546875,586.1307983398438
94,4,1128.877197265625,622.917236328125
94,5,1121.7408447265625,659.1954956054688
94,6,1114.6317138671875,693.4976196289062
94,7,1107.494384765625,726.3718872070312
94,8,1100.5992431640625,757.8425903320312
94,9,1116.4727783203125,461.2479248046875
94,10,1109.662109375,501.8069763183594
94,11,1103.0526123046875,541.5416870117188
94,12,1096.3341064453125,580.238525390625
94,13,1089.8797607421875,618.1425170898438
94,14,1083.21044921875,654.2149658203125
94,15,1076.744873046875,688.8956909179688
94,16,1070.3416748046875,721.55126953125
94,17,1064.332275390625,753.267578125
94,18,1074.0523681640625,454.72576904296875
94,19,1067.9820556640625,495.58367919921875
94,20,1061.951904296875,535.8345947265625
94,21,1056.1724853515625,574.6161499023438
94,22,1050.08447265625,612.413818359375
94,23,1044.310302734375,648.7989501953125
94,24,1038.5352783203125,683.8748168945312
94,25,1033.0799560546875,717.33349609375
94,26,1027.6221923828125,748.658447265625
94,27,1031.41796875,448.5399475097656
94,28,1025.989013671875,489.9618225097656
94,29,1020.665771484375,530.227783203125
94,30,1015.35595703125,569.0687866210938
94,31,1010.2941284179688,607.1173706054688
94,32,1005.1681518554688,643.4522705078125
94,33,1000.3421630859375,678.4476318359375
94,34,995.5178833007812,712.059326171875
94,35,991.0247802734375,744.105224609375
94,36,988.3497314453125,443.725830078125
94,37,983.65771484375,484.61993408203125
94,38,978.95751953125,524.8297729492188
94,39,974.4382934570312,563.9953002929688
94,40,969.957275390625,602.3673095703125
94,41,965.705810546875,638.724853515625
94,42,961.7698974609375,673.781982421875
94,43,957.7970581054688,707.2510986328125
94,44,953.8211669921875,739.276611328125
94,45,945.8142700195312,438.42828369140625
94,46,941.6831665039062,479.4599914550781
94,47,937.744384765625,519.5974731445312
94,48,933.8436279296875,558.9278564453125
94,49,930.224609375,596.9725341796875
94,50,926.886962890625,633.1287231445312
94,51,923.4993896484375,668.1900024414062
94,52,920.4497680664062,701.7748413085938
94,53,917.6617431640625,733.5504150390625
94,54,903.2396240234375,434.2260437011719
94,55,899.8777465820312,475.26678466796875
94,56,896.5663452148438,515.4096069335938
94,57,893.5479736328125,553.9140625
94,58,890.8461303710938,591.9901733398438
94,59,887.8931274414062,628.529541015625
94,60,885.5814208984375,663.19189453125
94,61,883.2850341796875,696.7648315429688
94,62,881.0276489257812,729.1452026367188
95,0,912.419677734375,508.0245666503906
95,1,930.9973754882812,536.171142578125
95,2,949.9163208007812,564.7803344726562
95,3,969.549072265625,593.2307739257812
95,4,989.2031860351562,622.5880126953125
95,5,1009.4290161132812,651.6738891601562
95,6,1029.453857421875,680.9340209960938
95,7,1049.518310546875,710.7486572265625
95,8,1069.4295654296875,740.3109741210938
95,9,888.5755615234375,516.21533203125
95,10,907.3432006835938,545.129638671875
95,11,926.9328002929688,574.4277954101562
95,12,947.0064697265625,603.8228759765625
95,13,967.8696899414062,633.6551513671875
95,14,988.5084838867188,663.5389404296875
95,15,1009.02001953125,694.1126708984375
95,16,1029.2138671875,724.9800415039062
95,17,1049.8707275390625,755.6054077148438
95,18,862.5865478515625,525.4100952148438
95,19,882.1784057617188,554.8817138671875
95,20,902.4462890625,584.5252685546875
95,21,923.191162109375,614.9176635742188
95,22,944.1764526367188,645.9769287109375
95,23,965.3602294921875,676.9257202148438
95,24,986.8618774414062,708.1786499023438
95,25,1008.1807250976562,739.9627075195312
95,26,1028.841552734375,771.7805786132812
95,27,836.01123046875,534.616943359375
95,28,856.1261596679688,564.6181640625
95,29,876.9951171875,595.3480834960938
95,30,897.983154296875,626.6324462890625
95,31,919.4903564453125,658.8413696289062
95,32,941.0665283203125,691.036865234375
95,33,963.007568359375,723.3607788085938
95,34,985.0037231445312,756.0613403320312
95,35,1007.044189453125,788.4530029296875
95,36,808.3739013671875,543.5553588867188
95,37,828.649658203125,574.85986328125
95,38,849.4041137695312,606.88134765625
95,39,871.2337646484375,639.05126953125
95,40,893.2487182617188,672.2560424804688
95,41,915.641357421875,705.700439453125
95,42,937.8922119140625,739.2702026367188
95,43,960.55419921875,773.0726318359375
95,44,983.2656860351562,806.7232055664062
95,45,778.952392578125,553.4638671875
95,46,799.4368286132812,586.0548095703125
95,47,820.601806640625,619.1468505859375
95,48,842.5291748046875,652.6380004882812
95,49,865.2001953125,687.006103515625
95,50,887.8355102539062,721.64990234375
95,51,910.9041137695312,756.252197265625
95,52,934.114501953125,791.2389526367188
95,53,957.1875610351562,826.0840454101562
95,54,748.5907592773438,563.0757446289062
95,55,769.5866088867188,596.62939453125
95,56,790.9160766601562,631.129638671875
95,57,812.5658569335938,666.647216796875
95,58,835.469482421875,702.4478759765625
95,59,859.0275268554688,737.9483642578125
95,60,882.4400634765625,774.1304321289062
95,61,906.3456420898438,810.2991943359375
95,62,930.8287353515625,845.9158935546875
96,0,734.0294189453125,544.9706420898438
96,1,747.7422485351562,577.0272216796875
96,2,761.4121704101562,608.5059814453125
96,3,775.7296752929688,639.4751586914062
96,4,789.8212890625,670.125244140625
96,5,804.0626831054688,699.6019287109375
96,6,818.0933227539062,728.8409423828125
96,7,831.7767944335938,757.0177612304688
96,8,845.2526245117188,784.5492553710938
96,9,706.8519897460938,559.0969848632812
96,10,721.2401123046875,591.8519897460938
96,11,735.8648071289062,623.94140625
96,12,750.8363647460938,655.3367309570312
96,13,766.0797119140625,686.482177734375
96,14,781.1004028320312,716.5580444335938
96,15,795.34716796875,746.1514282226562
96,16,809.4969482421875,775.0332641601562
96,17,823.5618286132812,802.7875366210938
96,18,678.3893432617188,574.203369140625
96,19,693.6441650390625,607.3814697265625
96,20,709.4266357421875,640.0132446289062
96,21,725.0176391601562,672.0379028320312
96,22,740.6045532226562,703.8707275390625
96,23,756.1190795898438,734.5504150390625
96,24,771.6763916015625,764.4340209960938
96,25,786.6524658203125,793.6312866210938
96,26,801.0025634765625,821.9049682617188
96,27,649.209228515625,589.972900390625
96,28,665.6025390625,623.7804565429688
96,29,681.9619140625,657.1046752929688
96,30,698.365234375,689.6198120117188
96,31,714.5377197265625,721.9437866210938
96,32,730.6976318359375,753.1389770507812
96,33,746.656982421875,783.4024047851562
96,34,762.6127319335938,812.876708984375
96,35,778.1105346679688,841.285400390625
96,36,619.9658203125,606.2841186523438
96,37,636.345703125,640.9328002929688
96,38,653.2794189453125,674.8811645507812
96,39,670.4371337890625,708.1470947265625
96,40,687.7935791015625,740.8187255859375
96,41,704.6689453125,772.6112060546875
96,42,721.240478515625,803.2888793945312
96,43,737.9130249023438,833.1168823242188
96,44,754.0753784179688,861.8734741210938
96,45,589.2063598632812,623.48046875
96,46,606.4918823242188,658.7379150390625
96,47,623.9308471679688,693.4036254882812
96,48,641.8517456054688,727.2123413085938
96,49,659.606689453125,760.3536987304688
96,50,677.1500854492188,792.4579467773438
96,51,694.6936645507812,823.556640625
96,52,712.0120849609375,853.7312622070312
96,53,728.7623291015625,882.6424560546875
96,54,558.151123046875,641.3602294921875
96,55,576.2921752929688,677.3851928710938
96,56,594.5557250976562,712.7722778320312
96,57,612.3577270507812,747.2015991210938
96,58,630.9609375,780.8070068359375
96,59,649.5947265625,813.35888671875
96,60,667.658203125,844.8436889648438
96,61,685.6762084960938,875.2488403320312
96,62,703.837646484375,904.6136474609375
97,0,897.251953125,479.3009948730469
97,1,910.8430786132812,507.9205322265625
97,2,924.1382446289062,536.7662353515625
97,3,938.199951171875,565.23486328125
97,4,952.0463256835938,593.9590454101562
97,5,966.0843505859375,622.0753173828125
97,6,979.6033325195312,650.211669921875
97,7,993.1179809570312,678.2164306640625
97,8,1006.6535034179688,705.8333740234375
97,9,872.1560668945312,489.7659912109375
97,10,885.8670043945312,518.974365234375
97,11,900.017578125,548.099365234375
97,12,914.388427734375,577.18359375
97,13,928.9994506835938,606.3241577148438
97,14,943.2784423828125,635.0879516601562
97,15,957.2379150390625,663.9688720703125
97,16,970.7879638671875,692.3209838867188
97,17,984.5421752929688,720.6636962890625
97,18,845.8245239257812,501.0566101074219
97,19,860.042236328125,530.7730102539062
97,20,874.8809814453125,560.1593627929688
97,21,889.5858154296875,589.6103515625
97,22,904.2257080078125,619.6141357421875
97,23,918.8701171875,648.9411010742188
97,24,933.4795532226562,678.112060546875
97,25,947.9102783203125,707.1732177734375
97,26,961.7985229492188,735.6124877929688
97,27,818.9109497070312,512.4514770507812
97,28,833.887939453125,542.5369262695312
97,29,848.84619140625,572.6404418945312
97,30,863.895263671875,602.8790893554688
97,31,878.9673461914062,633.1881103515625
97,32,894.0267333984375,663.2020874023438
97,33,908.8258056640625,692.968505859375
97,34,923.8128051757812,722.5020141601562
97,35,938.3941650390625,751.4378662109375
97,36,791.8859252929688,524.0450439453125
97,37,806.4634399414062,554.8842163085938
97,38,821.6906127929688,585.8226928710938
97,39,837.1507568359375,616.6010131835938
97,40,852.6492919921875,647.3833618164062
97,41,868.142822265625,678.0521240234375
97,42,883.4590454101562,708.3035278320312
97,43,898.8143920898438,738.44091796875
97,44,913.9729614257812,767.8482055664062
97,45,763.4104614257812,536.2817993164062
97,46,778.4603271484375,567.8314208984375
97,47,793.853271484375,599.3677368164062
97,48,809.6630249023438,630.8899536132812
97,49,825.44580078125,662.3291625976562
97,50,841.1762084960938,693.4844970703125
97,51,856.9696655273438,724.2391357421875
97,52,872.7318115234375,754.7923583984375
97,53,888.0719604492188,784.7085571289062
97,54,734.417724609375,548.8699340820312
97,55,749.997314453125,580.9384155273438
97,56,765.6682739257812,613.2098388671875
97,57,781.0354614257812,645.6517944335938
97,58,797.2791137695312,677.7764282226562
97,59,813.7752075195312,709.3533325195312
97,60,829.8028564453125,740.6128540039062
97,61,845.9241333007812,771.6671752929688
97,62,862.3787231445312,801.8931884765625
98,0,764.1422729492188,533.7449951171875
98,1,776.5537109375,565.9190673828125
98,2,788.99072265625,597.8203735351562
98,3,801.9443359375,628.8785400390625
98,4,814.72314453125,659.4312744140625
98,5,827.7545166015625,689.1671752929688
98,6,840.3067016601562,718.3443603515625
98,7,852.421142578125,746.4059448242188
98,8,864.7940673828125,773.9491577148438
98,9,740.005126953125,546.8365478515625
98,10,752.9776000976562,580.0292358398438
98,11,766.3162841796875,612.4468994140625
98,12,780.208740234375,644.088134765625
98,13,794.003662109375,675.421142578125
98,14,807.6611328125,705.8038330078125
98,15,820.6450805664062,735.21337890625
98,16,833.2001953125,763.7747192382812
98,17,845.9942016601562,791.7092895507812
98,18,714.0015869140625,560.9777221679688
98,19,728.1282348632812,594.7378540039062
98,20,742.60595703125,627.8555297851562
98,21,757.1382446289062,660.4241943359375
98,22,771.7235107421875,692.2727661132812
98,23,785.85107421875,723.2291259765625
98,24,799.9879150390625,753.114013671875
98,25,813.5737915039062,782.4693603515625
98,26,826.7277221679688,810.6821899414062
98,27,687.2738037109375,575.8186645507812
98,28,702.5733642578125,610.3587036132812
98,29,717.9269409179688,644.3483276367188
98,30,733.2100219726562,677.461181640625
98,31,748.4710083007812,710.2294311523438
98,32,763.3135375976562,741.7894287109375
98,33,778.04638671875,772.2470703125
98,34,792.8240356445312,802.037353515625
98,35,806.7532348632812,830.2306518554688
98,36,660.342529296875,591.374755859375
98,37,676.0836791992188,627.0391845703125
98,38,691.84521484375,661.834716796875
98,39,708.198486328125,695.7945556640625
98,40,724.3197021484375,729.0989379882812
98,41,740.0962524414062,761.1786499023438
98,42,755.568603515625,792.3580322265625
98,43,770.7846069335938,822.2875366210938
98,44,785.8704223632812,851.24169921875
98,45,631.6964111328125,607.9375610351562
98,46,648.2445068359375,644.421875
98,47,664.8826293945312,680.1114501953125
98,48,681.9558715820312,714.7520751953125
98,49,698.7155151367188,748.8076782226562
98,50,715.236328125,781.6195678710938
98,51,731.6774291992188,812.9883422851562
98,52,747.7406616210938,843.423583984375
98,53,763.0662231445312,872.5537109375
98,54,602.8900756835938,625.427001953125
98,55,620.32177734375,662.9736328125
98,56,637.944091796875,699.41015625
98,57,654.779052734375,734.9915161132812
98,58,672.4034423828125,769.5664672851562
98,59,690.1690063476562,802.9152221679688
98,60,707.088134765625,834.8873901367188
98,61,723.9876098632812,865.6437377929688
98,62,740.9933471679688,895.2495727539062
99,0,832.1370239257812,659.622802734375
99,1,861.1397705078125,668.7447509765625
99,2,891.1951293945312,678.2521362304688
99,3,922.150390625,687.376708984375
99,4,954.3681030273438,697.1573486328125
99,5,987.4386596679688,706.4320678710938
99,6,1021.2398071289062,716.4685668945312
99,7,1056.1107177734375,726.6431274414062
99,8,1091.78076171875,737.1134643554688
99,9,816.198486328125,686.8442993164062
99,10,845.2920532226562,696.59619140625
99,11,875.6406860351562,706.409423828125
99,12,906.67333984375,716.1448364257812
99,13,939.1997680664062,726.1100463867188
99,14,972.5093383789062,736.2022094726562
99,15,1006.9666748046875,746.9795532226562
99,16,1042.4468994140625,758.3966064453125
99,17,1078.7349853515625,769.2207641601562
99,18,800.1077270507812,715.4478149414062
99,19,829.0016479492188,725.4624633789062
99,20,859.2559814453125,735.52880859375
99,21,890.6795043945312,746.04736328125
99,22,923.6408081054688,756.8033447265625
99,23,957.2879028320312,768.0421752929688
99,24,992.151123046875,779.0193481445312
99,25,1028.0062255859375,790.3274536132812
99,26,1064.974853515625,802.6700439453125
99,27,783.034423828125,744.0254516601562
99,28,812.0526733398438,754.6076049804688
99,29,842.447021484375,765.4969482421875
99,30,874.1346435546875,776.6209716796875
99,31,907.2774658203125,788.3349609375
99,32,941.3831176757812,800.2808227539062
99,33,976.6804809570312,812.24462890625
99,34,1013.1207885742188,824.4376831054688
99,35,1050.3607177734375,836.6281127929688
99,36,764.9681396484375,772.6923828125
99,37,794.3009643554688,784.3931274414062
99,38,825.2128295898438,796.4110107421875
99,39,856.9151000976562,808.3504028320312
99,40,890.1575317382812,820.7012329101562
99,41,924.646240234375,833.2376098632812
99,42,960.3904418945312,846.1170654296875
99,43,997.1768798828125,859.0635986328125
99,44,1035.14892578125,872.2109985351562
99,45,746.8743896484375,802.261474609375
99,46,776.63134765625,814.9330444335938
99,47,807.5401000976562,827.9049072265625
99,48,839.5927124023438,840.7011108398438
99,49,873.0902709960938,854.0525512695312
99,50,907.9603881835938,867.4981689453125
99,51,943.8330688476562,880.974609375
99,52,980.9697265625,894.8890991210938
99,53,1019.4215698242188,908.8472290039062
99,54,728.1544799804688,831.89794921875
99,55,757.7335815429688,845.162841796875
99,56,788.8033447265625,859.0862426757812
99,57,821.4535522460938,873.6826782226562
99,58,855.30615234375,887.9553833007812
99,59,890.1144409179688,902.0296630859375
99,60,926.42578125,916.739501953125
99,61,964.0465698242188,931.5313110351562
99,62,1002.5863037109375,945.8201293945312
100,0,922.8008422851562,501.1032409667969
100,1,939.8895263671875,524.166748046875
100,2,957.2767944335938,547.995849609375
100,3,975.71044921875,572.0048217773438
100,4,994.4115600585938,596.8649291992188
100,5,1013.6871337890625,622.0989990234375
100,6,1033.258544921875,648.0540771484375
100,7,1053.2593994140625,674.8169555664062
100,8,1073.373046875,701.9437866210938
100,9,897.2474975585938,509.7356872558594
100,10,914.2359619140625,533.3544921875
100,11,932.05029296875,557.3223266601562
100,12,950.2492065429688,581.9462890625
100,13,969.457275390625,607.0140991210938
100,14,988.89013671875,632.8423461914062
100,15,1008.4131469726562,659.8784790039062
100,16,1028.4237060546875,687.6708984375
100,17,1048.9727783203125,715.5647583007812
100,18,870.4442749023438,519.214599609375
100,19,887.5389404296875,542.959716796875
100,20,905.4959716796875,567.1912841796875
100,21,923.819091796875,592.3626708984375
100,22,942.9320068359375,618.5978393554688
100,23,962.3535766601562,645.1370849609375
100,24,982.3045043945312,672.4235229492188
100,25,1002.7271728515625,700.7738647460938
100,26,1023.2041015625,729.77294921875
100,27,842.8535766601562,528.6524047851562
100,28,860.1371459960938,552.5174560546875
100,29,877.953125,577.3970336914062
100,30,896.2542114257812,603.1053466796875
100,31,915.3734130859375,630.091552734375
100,32,934.855224609375,657.632080078125
100,33,954.8897094726562,685.7490844726562
100,34,975.591064453125,714.8399047851562
100,35,996.5086059570312,744.1171264648438
100,36,814.7698974609375,537.2977905273438
100,37,831.640869140625,562.3995971679688
100,38,849.2161865234375,588.1004638671875
100,39,867.6179809570312,614.2820434570312
100,40,886.7057495117188,641.88134765625
100,41,906.1834106445312,670.06689453125
100,42,926.3403930664062,699.2257080078125
100,43,946.9999389648438,729.0736083984375
100,44,968.2752685546875,759.462646484375
100,45,785.5655517578125,546.96923828125
100,46,802.170654296875,572.7360229492188
100,47,819.6668090820312,599.1227416992188
100,48,837.7085571289062,626.3287353515625
100,49,856.6808471679688,654.6493530273438
100,50,876.2650756835938,683.7185668945312
100,51,896.3721923828125,713.5819091796875
100,52,917.1694946289062,744.3950805664062
100,53,938.375,775.8153686523438
100,54,755.5197143554688,556.2401123046875
100,55,772.1438598632812,582.5700073242188
100,56,789.1668701171875,609.8759765625
100,57,806.9227294921875,638.4188842773438
100,58,825.711669921875,667.7836303710938
100,59,845.2083740234375,697.264892578125
100,60,865.1934204101562,728.3485107421875
100,61,886.0562744140625,760.0515747070312
100,62,907.8286743164062,791.9136962890625
101,0,899.9481811523438,473.7679443359375
101,1,913.290771484375,502.79669189453125
101,2,926.3274536132812,531.8720092773438
101,3,940.046875,560.7413330078125
101,4,953.5911254882812,589.7928466796875
101,5,967.0929565429688,618.101806640625
101,6,980.0830078125,646.2320556640625
101,7,993.2039184570312,674.2229614257812
101,8,1006.1295776367188,701.69140625
101,9,875.5787353515625,484.3565979003906
101,10,889.1766967773438,514.1021728515625
101,11,903.0263671875,543.8511352539062
101,12,917.1016235351562,573.1337280273438
101,13,931.4710693359375,602.4872436523438
101,14,945.4779663085938,631.5509033203125
101,15,958.87255859375,660.215576171875
101,16,972.1043701171875,688.825927734375
101,17,985.223388671875,716.458251953125
101,18,849.661865234375,495.8951721191406
101,19,864.0179443359375,525.9942016601562
101,20,878.6923217773438,556.0001220703125
101,21,893.2337036132812,586.0977172851562
101,22,907.7393798828125,616.127685546875
101,23,922.1234130859375,645.64208984375
101,24,936.2799682617188,674.9706420898438
101,25,950.2770385742188,703.877197265625
101,26,963.6298828125,732.1470336914062
101,27,823.5020141601562,507.5094909667969
101,28,838.2322998046875,538.2348022460938
101,29,853.3922729492188,568.9446411132812
101,30,868.2573852539062,599.5180053710938
101,31,883.253662109375,630.38623046875
101,32,898.0280151367188,660.5281982421875
101,33,912.7376098632812,690.2509765625
101,34,927.2433471679688,719.6198120117188
101,35,941.51806640625,748.4395141601562
101,36,796.9000244140625,519.5145263671875
101,37,811.8507080078125,551.1310424804688
101,38,826.9196166992188,582.7049560546875
101,39,842.5966186523438,613.8780517578125
101,40,858.1114501953125,645.0123291015625
101,41,873.3893432617188,675.9174194335938
101,42,888.3370971679688,706.1282348632812
101,43,903.5245971679688,736.2353515625
101,44,918.2042236328125,765.357421875
101,45,768.938720703125,532.218017578125
101,46,784.1827392578125,564.59716796875
101,47,799.797607421875,596.7686767578125
101,48,815.555419921875,628.5734252929688
101,49,831.5194091796875,660.4486083984375
101,50,847.183349609375,691.9487915039062
101,51,862.8868408203125,722.6154174804688
101,52,878.4185180664062,753.0465698242188
101,53,893.5344848632812,782.7305908203125
101,54,740.3900756835938,545.4014282226562
101,55,756.3533935546875,578.2230834960938
101,56,772.3365478515625,611.2348022460938
101,57,787.9309692382812,644.05615234375
101,58,804.1384887695312,676.7337036132812
101,59,820.5890502929688,708.5355834960938
101,60,836.6177368164062,739.8793334960938
101,61,852.5918579101562,770.792236328125
101,62,868.8055419921875,800.8726806640625
102,2,950.7785034179688,626.9255981445312
102,3,974.534423828125,637.8596801757812
102,4,1000.6842651367188,648.9542846679688
102,5,1027.4871826171875,660.7122192382812
102,6,1055.819580078125,673.125732421875
102,7,1085.457763671875,686.4142456054688
102,8,1116.882568359375,700.1839599609375
102,9,883.6560668945312,627.8170776367188
102,10,905.6082763671875,638.8599243164062
102,11,928.2166748046875,650.137939453125
102,12,952.23193359375,661.2716674804688
102,13,977.6741333007812,673.0481567382812
102,14,1004.1215209960938,685.6278686523438
102,15,1032.3228759765625,699.211669921875
102,16,1062.4251708984375,714.0677490234375
102,17,1093.5750732421875,728.8076782226562
102,19,882.822998046875,662.431640625
102,20,905.384033203125,673.8034057617188
102,21,928.986083984375,685.9314575195312
102,22,954.101806640625,698.9249877929688
102,23,980.5753784179688,712.4200439453125
102,24,1008.2764892578125,726.7061767578125
102,25,1037.8214111328125,742.0050048828125
102,26,1069.101806640625,758.4425048828125
102,28,859.8584594726562,685.7853393554688
102,29,881.4276123046875,697.9172973632812
102,30,904.7349243164062,710.9043579101562
102,31,929.6610107421875,724.822509765625
102,32,955.7799072265625,739.6531982421875
102,33,983.3236083984375,755.00634765625
102,34,1012.637939453125,771.2088012695312
102,35,1043.615478515625,788.1386108398438
102,36,815.2926635742188,696.4872436523438
102,37,835.7587280273438,709.3558349609375
102,38,857.2247924804688,722.9205322265625
102,39,879.7838134765625,736.5895385742188
102,40,904.1119384765625,751.4238891601562
102,41,929.7781982421875,766.9793090820312
102,42,957.1513061523438,783.6676025390625
102,43,986.1325073242188,801.0292358398438
102,44,1016.96728515625,819.2778930664062
102,45,791.5675048828125,719.5280151367188
102,46,811.414794921875,733.7045288085938
102,47,832.6880493164062,748.0186157226562
102,48,854.7161865234375,762.8088989257812
102,49,878.6822509765625,778.728271484375
102,50,904.00048828125,795.5682373046875
102,51,930.6483764648438,813.0706176757812
102,52,959.401611328125,831.8062744140625
102,53,989.9154052734375,851.31494140625
102,55,785.9619140625,756.9661254882812
102,56,806.5240478515625,772.2369384765625
102,57,828.95166015625,789.1605224609375
102,58,852.269287109375,806.23779296875
102,59,876.8146362304688,823.838623046875
102,60,903.4302978515625,842.7869873046875
102,61,931.5496215820312,862.6964111328125
102,62,961.1397094726562,883.0958251953125
103,0,1051.072265625,453.18670654296875
103,1,1053.0989990234375,492.4295959472656
103,2,1054.9068603515625,530.8511962890625
103,3,1057.32568359375,568.9120483398438
103,4,1058.8692626953125,606.1571044921875
103,5,1060.93505859375,642.6259765625
103,6,1062.552734375,677.8527221679688
103,7,1063.856201171875,712.4246215820312
103,8,1065.0498046875,745.3634643554688
103,9,1013.5744018554688,456.9446105957031
103,10,1016.0582885742188,496.6378173828125
103,11,1018.7175903320312,535.775146484375
103,12,1021.25537109375,574.2739868164062
103,13,1023.9270629882812,612.4861450195312
103,14,1026.3759765625,649.317138671875
103,15,1028.38671875,684.9052734375
103,16,1030.1717529296875,719.2633666992188
103,17,1032.0257568359375,752.5610961914062
103,18,974.7886962890625,461.0351867675781
103,19,977.725341796875,501.0652160644531
103,20,981.0353393554688,541.01611328125
103,21,984.1206665039062,579.9878540039062
103,22,987.0283203125,618.46142578125
103,23,990.144775390625,655.5300903320312
103,24,992.9549560546875,691.8621826171875
103,25,995.6825561523438,726.7269897460938
103,26,997.5578002929688,760.4461669921875
103,27,934.862548828125,465.2625427246094
103,28,938.881103515625,506.2560729980469
103,29,942.417236328125,546.4639282226562
103,30,945.9869995117188,585.9373168945312
103,31,949.659423828125,624.7758178710938
103,32,953.037841796875,662.3865966796875
103,33,956.7451782226562,698.6060180664062
103,34,959.758056640625,734.25634765625
103,35,962.947509765625,768.2335205078125
103,36,894.519287109375,470.28631591796875
103,37,898.564697265625,511.7029113769531
103,38,902.7290649414062,552.36279296875
103,39,907.070068359375,592.3621826171875
103,40,911.2726440429688,631.693603515625
103,41,915.3547973632812,669.5298461914062
103,42,919.2005615234375,706.2603149414062
103,43,923.1322631835938,741.9954833984375
103,44,926.905029296875,776.03564453125
103,45,853.3736572265625,475.7124328613281
103,46,857.7655639648438,517.4517822265625
103,47,862.4696655273438,558.4301147460938
103,48,867.2847290039062,598.8430786132812
103,49,872.0510864257812,638.2844848632812
103,50,876.8297119140625,676.4954223632812
103,51,881.3583374023438,713.332763671875
103,52,885.8666381835938,749.155517578125
103,53,890.1923828125,783.0247192382812
103,54,811.9759521484375,481.84783935546875
103,55,816.8504028320312,523.775390625
103,56,821.978759765625,565.2566528320312
103,57,826.962646484375,605.378662109375
103,58,832.4379272460938,645.3095092773438
103,59,837.83837890625,683.9298095703125
103,60,843.1060180664062,720.8572387695312
103,61,848.061279296875,756.5446166992188
103,62,853.2843017578125,791.4462890625
104,0,755.1919555664062,527.8201293945312
104,1,768.95068359375,558.942626953125
104,2,782.1480102539062,589.4619750976562
104,3,796.2047119140625,619.4237670898438
104,4,809.7232666015625,648.8233032226562
104,5,823.5455322265625,677.387939453125
104,6,836.6856689453125,705.2053833007812
104,7,849.8167114257812,732.31201171875
104,8,862.4725952148438,758.4674072265625
104,9,728.39453125,543.0591430664062
104,10,742.368896484375,574.5399780273438
104,11,756.8695678710938,605.555908203125
104,12,771.5177612304688,635.9839477539062
104,13,786.1194458007812,665.8966064453125
104,14,800.6425170898438,694.7495727539062
104,15,814.164794921875,723.009033203125
104,16,827.6005859375,750.1292724609375
104,17,840.7979736328125,776.7055053710938
104,18,700.0408935546875,558.9027709960938
104,19,715.15576171875,591.0191650390625
104,20,730.5331420898438,622.5751953125
104,21,745.8587646484375,653.2338256835938
104,22,760.8833618164062,683.55859375
104,23,775.9063110351562,712.87890625
104,24,790.6942749023438,741.3217163085938
104,25,804.9262084960938,768.991943359375
104,26,818.7234497070312,795.6436157226562
104,27,671.3504028320312,575.8067626953125
104,28,687.3482666015625,608.2042236328125
104,29,703.4276123046875,640.1661987304688
104,30,719.468017578125,671.3666381835938
104,31,735.255126953125,702.0857543945312
104,32,750.7469482421875,731.6598510742188
104,33,766.0671997070312,760.4015502929688
104,34,781.2100830078125,788.0865478515625
104,35,795.9241333007812,815.0130004882812
104,36,642.288330078125,593.0974731445312
104,37,658.8193969726562,626.280029296875
104,38,675.4068603515625,658.755615234375
104,39,692.2125854492188,690.2975463867188
104,40,708.89453125,721.326904296875
104,41,725.095947265625,751.3164672851562
104,42,741.0562744140625,780.3242797851562
104,43,756.869384765625,808.3944702148438
104,44,772.256103515625,835.2037353515625
104,45,612.2275390625,611.2935180664062
104,46,629.4861450195312,644.8761596679688
104,47,646.8241577148438,677.844970703125
104,48,664.126708984375,709.8694458007812
104,49,681.4334106445312,741.1353149414062
104,50,698.3515014648438,771.227783203125
104,51,715.10595703125,800.4503784179688
104,52,731.5274047851562,828.7339477539062
104,53,747.4125366210938,855.4833984375
104,54,582.1689453125,630.2786254882812
104,55,600.1507568359375,664.3460693359375
104,56,618.0565185546875,697.8291625976562
104,57,635.7301025390625,730.1376953125
104,58,653.58251953125,761.7206420898438
104,59,671.5489501953125,792.1862182617188
104,60,688.8712768554688,821.452880859375
104,61,705.9337158203125,849.7860107421875
104,62,723.1319580078125,877.05322265625
105,0,962.9413452148438,945.299072265625
105,1,977.7918090820312,917.9566040039062
105,2,992.8359375,890.0081787109375
105,3,1007.1570434570312,861.7705688476562
105,4,1022.11572265625,832.7808227539062
105,5,1036.6005859375,803.5316772460938
105,6,1051.1842041015625,774.1719360351562
105,7,1065.8951416015625,744.635498046875
105,8,1080.2476806640625,714.9398803710938
105,9,985.4857788085938,961.8001098632812
105,10,1000.7762451171875,933.8690185546875
105,11,1016.1033935546875,905.4470825195312
105,12,1030.8837890625,876.5457763671875
105,13,1045.744384765625,846.9226684570312
105,14,1060.3958740234375,817.2171020507812
105,15,1075.5941162109375,787.1275024414062
105,16,1090.962646484375,757.0364990234375
105,17,1105.7451171875,726.760009765625
105,19,1024.97607421875,950.5862426757812
105,20,1040.0762939453125,921.5030517578125
105,21,1055.2596435546875,892.0052490234375
105,22,1070.8343505859375,861.900390625
105,23,1086.2130126953125,831.3867797851562
105,24,1101.35595703125,800.7030029296875
105,25,1116.67919921875,769.7288208007812
105,26,1132.0897216796875,738.9049682617188
105,28,1049.2293701171875,967.5591430664062
105,29,1065.1011962890625,938.048583984375
105,30,1080.846923828125,907.976318359375
105,31,1096.6669921875,877.3344116210938
105,32,1112.684326171875,846.1807861328125
105,33,1128.228759765625,814.8285522460938
105,34,1143.96240234375,782.9819946289062
105,35,1159.1666259765625,751.14208984375
105,36,1058.419677734375,1014.3941040039062
105,37,1074.827392578125,985.3201904296875
105,38,1091.13720703125,955.2107543945312
105,39,1107.2626953125,924.5437622070312
105,40,1123.591552734375,893.073486328125
105,41,1139.8782958984375,861.3598022460938
105,42,1156.0550537109375,829.3446044921875
105,43,1172.015380859375,796.90771484375
105,44,1187.7713623046875,764.2672119140625
105,45,1084.071044921875,1032.59423828125
105,46,1101.1456298828125,1003.08349609375
105,47,1117.9918212890625,972.6982421875
105,48,1134.819091796875,941.533447265625
105,49,1151.712890625,909.4412841796875
105,50,1168.5362548828125,877.1381225585938
105,51,1185.0281982421875,844.3260498046875
105,52,1201.4781494140625,811.1732177734375
105,53,1217.5955810546875,778.0094604492188
105,55,1127.5767822265625,1021.6793212890625
105,56,1145.135498046875,990.5631103515625
105,57,1163.1177978515625,958.836669921875
105,58,1180.622314453125,926.2337036132812
105,59,1197.6112060546875,893.2717895507812
105,60,1214.897705078125,859.8255004882812
105,61,1231.6798095703125,825.90966796875
105,62,1247.850341796875,791.7902221679688
106,0,744.2796020507812,542.92626953125
106,1,757.2086791992188,575.3521728515625
106,2,769.97900390625,607.311767578125
106,3,783.510986328125,638.845947265625
106,4,796.7239379882812,669.72314453125
106,5,810.173095703125,699.8666381835938
106,6,823.539306640625,729.2952270507812
106,7,836.3370971679688,757.9415893554688
106,8,849.0184936523438,785.9888916015625
106,9,718.514404296875,555.9360961914062
106,10,732.1517333984375,589.248779296875
106,11,745.8234252929688,621.9910278320312
106,12,760.061767578125,653.981201171875
106,13,774.412841796875,685.7069091796875
106,14,788.7694091796875,716.2467651367188
106,15,802.2255249023438,746.2969360351562
106,16,815.5364990234375,775.599365234375
106,17,828.9205932617188,803.6710205078125
106,18,691.0344848632812,570.1377563476562
106,19,705.3388671875,604.1158447265625
106,20,720.4248046875,637.3335571289062
106,21,735.371337890625,670.1329956054688
106,22,750.2540283203125,702.4935302734375
106,23,765.1119384765625,733.8265380859375
106,24,779.80126953125,764.393798828125
106,25,794.0262451171875,793.9669799804688
106,26,807.8768310546875,822.5700073242188
106,27,662.9072875976562,584.891357421875
106,28,678.353759765625,619.5421752929688
106,29,694.15234375,653.7136840820312
106,30,709.87060546875,687.167724609375
106,31,725.3941040039062,720.0760498046875
106,32,740.8201293945312,752.0401611328125
106,33,756.1384887695312,782.962890625
106,34,771.372314453125,813.067626953125
106,35,786.2481079101562,842.1123657226562
106,36,634.3309936523438,600.2315673828125
106,37,650.10986328125,635.9901123046875
106,38,666.4404296875,670.9041137695312
106,39,683.1170654296875,705.0067138671875
106,40,699.5242309570312,738.7343139648438
106,41,715.8632202148438,771.2129516601562
106,42,731.9265747070312,802.8013916015625
106,43,747.7792358398438,833.34326171875
106,44,763.3353881835938,862.6410522460938
106,45,604.2587280273438,616.7428588867188
106,46,620.992919921875,652.97265625
106,47,637.8358154296875,688.9246826171875
106,48,655.0580444335938,723.82373046875
106,49,672.2862548828125,758.08642578125
106,50,689.2183837890625,791.1360473632812
106,51,706.1776123046875,823.0592651367188
106,52,722.9200439453125,854.0947265625
106,53,739.0673828125,883.739501953125
106,54,573.9752807617188,633.7561645507812
106,55,591.349609375,671.0768432617188
106,56,609.0393676757812,707.8330078125
106,57,626.4024658203125,743.497802734375
106,58,644.3162841796875,778.3302001953125
106,59,662.5755615234375,811.9883422851562
106,60,680.0532836914062,844.4738159179688
106,61,697.3499145507812,875.760009765625
106,62,714.951416015625,906.0203247070312
107,4,1035.27783203125,600.046875
107,5,1058.3834228515625,618.173828125
107,6,1080.974853515625,637.045166015625
107,7,1105.3638916015625,657.23828125
107,8,1131.1793212890625,678.471923828125
107,13,1007.7180786132812,612.5067749023438
107,14,1029.1519775390625,630.9786987304688
107,15,1052.82421875,650.9451293945312
107,16,1076.8326416015625,672.6126098632812
107,17,1102.5321044921875,694.7266845703125
107,22,977.966796875,626.3019409179688
107,23,999.8312377929688,645.6165161132812
107,24,1022.3828735351562,666.009521484375
107,25,1046.702392578125,687.8935546875
107,26,1072.111083984375,711.3535766601562
107,30,927.1580200195312,620.7719116210938
107,31,947.7073974609375,640.00634765625
107,32,968.7723388671875,660.3229370117188
107,33,991.3273315429688,681.4413452148438
107,34,1015.1409301757812,704.2705078125
107,35,1040.1622314453125,728.0972290039062
107,38,877.9931640625,615.898681640625
107,39,896.1272583007812,634.0579833984375
107,40,915.7689208984375,653.9459838867188
107,41,936.7310791015625,674.8872680664062
107,42,958.5928344726562,697.2207641601562
107,43,981.8157348632812,720.8421020507812
107,44,1006.492919921875,745.8601684570312
107,46,829.9939575195312,610.8450317382812
107,47,846.746337890625,629.1332397460938
107,48,864.32470703125,648.3583984375
107,49,883.15478515625,668.8137817382812
107,50,903.3253784179688,690.9304809570312
107,51,924.8038330078125,713.8604736328125
107,52,947.6275024414062,738.662109375
107,53,971.8343505859375,764.974609375
107,55,798.06201171875,622.1483154296875
107,56,814.4595336914062,641.5247802734375
107,57,831.42626953125,662.5895385742188
107,58,849.8108520507812,684.1791381835938
107,59,868.888916015625,706.5576782226562
107,60,889.6386108398438,730.9257202148438
107,61,911.8361206054688,756.52001953125
107,62,935.2726440429688,783.1766357421875
108,0,906.9505004882812,600.0576782226562
108,1,928.63720703125,610.4420776367188
108,2,952.30419921875,622.1023559570312
108,3,975.9327392578125,633.06689453125
108,4,1002.1516723632812,645.0205078125
108,5,1028.280029296875,657.1240844726562
108,6,1056.8739013671875,670.2965087890625
108,7,1086.6265869140625,684.2423095703125
108,8,1117.6734619140625,698.5489501953125
108,9,884.3939208984375,621.03955078125
108,10,906.52001953125,632.6168212890625
108,11,929.1130981445312,644.1137084960938
108,12,953.1361694335938,656.0137329101562
108,13,978.150634765625,668.280517578125
108,14,1004.8557739257812,681.3027954101562
108,15,1032.950927734375,695.6016235351562
108,16,1062.7403564453125,710.817626953125
108,17,1093.7774658203125,726.1771850585938
108,18,862.1927490234375,643.5888671875
108,19,883.2269897460938,655.1223754882812
108,20,905.434814453125,667.13330078125
108,21,928.8980102539062,679.7452392578125
108,22,954.029541015625,693.0562744140625
108,23,980.4120483398438,707.1788940429688
108,24,1008.1459350585938,721.9385986328125
108,25,1037.4976806640625,737.8720703125
108,26,1068.8431396484375,754.7926025390625
108,27,838.8543701171875,665.7108764648438
108,28,859.2463989257812,677.7301025390625
108,29,880.9702758789062,690.3731689453125
108,30,904.0992431640625,703.7669067382812
108,31,928.8673095703125,718.2322998046875
108,32,954.962890625,733.55322265625
108,33,982.4383544921875,749.2439575195312
108,34,1011.6339111328125,766.092529296875
108,35,1042.626953125,783.7483520507812
108,36,813.973876953125,687.3379516601562
108,37,834.2093505859375,700.44970703125
108,38,855.8779296875,714.3826293945312
108,39,878.3573608398438,728.5598754882812
108,40,902.6580200195312,743.8253173828125
108,41,928.1478271484375,759.8870239257812
108,42,955.5755004882812,777.069580078125
108,43,984.2438354492188,795.02099609375
108,44,1015.0792846679688,813.916015625
108,45,789.255126953125,709.408935546875
108,46,809.4525146484375,723.9094848632812
108,47,830.3427124023438,738.7572631835938
108,48,852.4990844726562,753.9421997070312
108,49,876.2992553710938,770.3409423828125
108,50,901.4833984375,787.6132202148438
108,51,928.106201171875,805.6936645507812
108,52,956.8616333007812,824.93798828125
108,53,987.18310546875,845.1695556640625
108,57,825.7820434570312,779.418701171875
108,58,849.0040283203125,797.0194702148438
108,59,873.406982421875,814.9359741210938
108,60,899.9649047851562,834.5762939453125
108,61,928.1289672851562,854.9860229492188
108,62,957.580810546875,875.9662475585938
109,0,847.0452270507812,985.68017578125
109,1,864.4019775390625,945.8823852539062
109,2,881.6017456054688,906.33349609375
109,3,898.3638916015625,866.9195556640625
109,4,915.1256103515625,827.889404296875
109,5,931.4463500976562,789.3047485351562
109,6,947.3953857421875,751.7544555664062
109,7,962.8956909179688,715.0049438476562
109,8,978.0242309570312,679.24560546875
109,9,887.6211547851562,1002.7554931640625
109,10,904.810302734375,962.8651733398438
109,11,921.7227172851562,922.7158813476562
109,12,938.2828979492188,882.8629150390625
109,13,954.6541748046875,843.0411987304688
109,14,970.7020263671875,804.0326538085938
109,15,986.2073974609375,765.9910278320312
109,16,1001.3197021484375,728.8673706054688
109,17,1015.6464233398438,692.6970825195312
109,18,928.9531860351562,1019.7349853515625
109,19,945.7406616210938,979.3834838867188
109,20,962.5015258789062,938.9315185546875
109,21,978.6683349609375,898.5780029296875
109,22,994.9970092773438,858.369384765625
109,23,1010.4522705078125,819.0352783203125
109,24,1025.7252197265625,780.3016357421875
109,25,1040.3148193359375,742.53759765625
109,26,1054.3350830078125,706.0808715820312
109,27,970.7091064453125,1036.250732421875
109,28,987.2289428710938,995.5265502929688
109,29,1003.7445678710938,954.62890625
109,30,1019.8114624023438,913.959716796875
109,31,1035.483154296875,873.4161987304688
109,32,1050.7327880859375,833.7484130859375
109,33,1065.189453125,794.7449340820312
109,34,1079.5648193359375,756.3912963867188
109,35,1092.9102783203125,719.2362670898438
109,36,1012.6846923828125,1052.2431640625
109,37,1029.1724853515625,1011.02587890625
109,38,1045.4619140625,970.0809326171875
109,39,1061.1470947265625,929.1182250976562
109,40,1076.5797119140625,888.2261352539062
109,41,1091.3216552734375,848.0784912109375
109,42,1105.45263671875,808.6815795898438
109,43,1119.1124267578125,770.0973510742188
109,44,1131.9737548828125,732.6422729492188
109,45,1054.4716796875,1067.261962890625
109,46,1070.977294921875,1026.218994140625
109,47,1086.7978515625,984.9407958984375
109,48,1102.3099365234375,943.8926391601562
109,49,1117.2833251953125,902.7013549804688
109,50,1131.6015625,862.4005737304688
109,51,1145.1697998046875,822.7176513671875
109,52,1158.1739501953125,783.9583129882812
109,53,1170.1893310546875,746.2005004882812
109,54,1096.7310791015625,1082.1673583984375
109,55,1112.782470703125,1040.6827392578125
109,56,1128.4698486328125,999.2256469726562
109,57,1143.258544921875,958.1102294921875
109,58,1157.849609375,916.6447143554688
109,59,1171.7816162109375,876.1466064453125
109,60,1184.967529296875,836.3692626953125
109,61,1197.256591796875,797.3876342773438
109,62,1209.197021484375,759.1430053710938
110,0,1037.2955322265625,706.743408203125
110,1,1029.9947509765625,731.722412109375
110,2,1022.2791748046875,757.9331665039062
110,3,1014.8475952148438,784.7788696289062
110,4,1006.3322143554688,812.9434204101562
110,5,998.1160888671875,841.89990234375
110,6,989.252685546875,871.8819580078125
110,7,979.864013671875,902.8419189453125
110,8,970.0216674804688,935.02001953125
110,9,1010.6890258789062,693.1202392578125
110,10,1002.8445434570312,718.0409545898438
110,11,994.8299560546875,743.834228515625
110,12,986.3767700195312,770.708740234375
110,13,978.0006103515625,798.6058959960938
110,14,968.8518676757812,827.6073608398438
110,15,958.9794311523438,857.8844604492188
110,16,948.7413330078125,889.1895141601562
110,17,938.2657470703125,921.4068603515625
110,18,983.4500122070312,679.18017578125
110,19,975.1168823242188,703.9827270507812
110,20,966.72607421875,729.4225463867188
110,21,957.7151489257812,756.2190551757812
110,22,948.03369140625,784.3428955078125
110,23,938.3265991210938,813.39306640625
110,24,928.0565795898438,843.347412109375
110,25,917.3634033203125,874.6035766601562
110,26,905.8737182617188,906.914306640625
110,27,956.12939453125,665.028564453125
110,28,947.4185791015625,689.1226806640625
110,29,938.05517578125,714.7791137695312
110,30,928.4356689453125,741.3711547851562
110,31,918.2771606445312,769.4088745117188
110,32,907.5645141601562,798.468994140625
110,33,896.5405883789062,828.3917236328125
110,34,885.1000366210938,859.5858764648438
110,35,873.36669921875,891.9534912109375
110,36,928.5955810546875,649.953857421875
110,37,919.0075073242188,674.2442016601562
110,38,908.9252319335938,699.6397705078125
110,39,898.7650756835938,725.84130859375
110,40,887.919189453125,753.7581787109375
110,41,876.415771484375,782.5908203125
110,42,864.7811889648438,812.738525390625
110,43,852.4391479492188,843.7460327148438
110,44,839.8577880859375,876.1035766601562
110,45,900.7340698242188,635.01123046875
110,46,890.52001953125,659.2719116210938
110,47,879.8112182617188,684.4354248046875
110,48,868.758544921875,710.5797729492188
110,49,857.1100463867188,738.1748046875
110,50,844.7933349609375,767.07373046875
110,51,832.282958984375,796.9571533203125
110,52,819.2719116210938,828.1007080078125
110,53,805.802734375,860.3052368164062
110,54,873.040771484375,619.4547119140625
110,55,862.244873046875,643.2669677734375
110,56,850.6159057617188,668.4165649414062
110,57,838.4683837890625,694.8009643554688
110,58,826.0888671875,722.2298583984375
110,59,813.3101806640625,750.642822265625
110,60,799.8170776367188,780.484375
110,61,786.0653686523438,811.4602661132812
110,62,772.0809936523438,843.3408813476562
111,0,1248.320556640625,498.2168884277344
111,1,1236.2481689453125,539.3775634765625
111,2,1224.4910888671875,579.1480712890625
111,3,1212.2265625,617.5601196289062
111,4,1200.4390869140625,654.577880859375
111,5,1188.4024658203125,689.9110717773438
111,6,1176.744384765625,723.4954833984375
111,7,1165.3284912109375,755.5096435546875
111,8,1154.54833984375,785.837646484375
111,9,1211.6778564453125,482.0511779785156
111,10,1200.80126953125,522.4890747070312
111,11,1189.803955078125,561.6490478515625
111,12,1178.3900146484375,599.5746459960938
111,13,1167.0523681640625,636.211669921875
111,14,1155.9075927734375,671.2474975585938
111,15,1145.336181640625,704.5958862304688
111,16,1135.4459228515625,736.2269287109375
111,17,1125.6046142578125,766.5738525390625
111,18,1177.306640625,467.02691650390625
111,19,1166.9844970703125,506.6257629394531
111,20,1156.205078125,545.1942749023438
111,21,1145.892333984375,582.4771118164062
111,22,1135.61865234375,618.4944458007812
111,23,1125.6849365234375,653.0325927734375
111,24,1115.44482421875,686.2327880859375
111,25,1106.040771484375,717.9896850585938
111,26,1097.19580078125,748.0374755859375
111,27,1143.572265625,453.01043701171875
111,28,1133.8798828125,491.84918212890625
111,29,1124.045166015625,529.669677734375
111,30,1114.2183837890625,566.1182861328125
111,31,1105.0306396484375,601.8417358398438
111,32,1095.9254150390625,635.880615234375
111,33,1086.830078125,668.5628662109375
111,34,1078.0018310546875,700.2166137695312
111,35,1069.4007568359375,729.9151611328125
111,36,1110.47998046875,439.9652099609375
111,37,1101.5118408203125,477.92352294921875
111,38,1092.8564453125,514.978759765625
111,39,1083.966796875,550.8279418945312
111,40,1075.0615234375,585.933837890625
111,41,1066.562255859375,619.5415649414062
111,42,1058.6915283203125,651.8572998046875
111,43,1050.889892578125,683.0328979492188
111,44,1043.32763671875,712.75439453125
111,45,1079.90771484375,427.9210205078125
111,46,1071.869384765625,465.0574035644531
111,47,1063.9229736328125,501.144775390625
111,48,1055.4322509765625,536.4703369140625
111,49,1047.4874267578125,570.886962890625
111,50,1040.0689697265625,603.8394775390625
111,51,1032.6490478515625,635.6569213867188
111,52,1025.6727294921875,666.195556640625
111,53,1018.8819580078125,695.4523315429688
111,54,1049.6253662109375,416.8473815917969
111,55,1041.875244140625,452.9518127441406
111,56,1034.8326416015625,488.3981018066406
111,57,1028.0770263671875,522.9078369140625
111,58,1020.88916015625,556.3912353515625
111,59,1013.1799926757812,589.1163940429688
111,60,1007.3944702148438,620.1939697265625
111,61,1000.8814086914062,650.6129760742188
111,62,994.1286010742188,679.7808227539062
112,0,783.7269287109375,527.025390625
112,1,797.79296875,556.748046875
112,2,811.8070068359375,585.7689208984375
112,3,825.7446899414062,613.7893676757812
112,4,839.4347534179688,640.5635375976562
112,5,853.2001953125,667.4235229492188
112,6,866.4656982421875,693.0919189453125
112,7,879.3121337890625,717.6862182617188
112,8,891.8108520507812,741.4112548828125
112,9,760.3869018554688,544.8314819335938
112,10,775.1974487304688,574.8273315429688
112,11,790.1111450195312,604.1445922851562
112,12,805.1068725585938,632.5320434570312
112,13,819.9437255859375,660.3154296875
112,14,834.3642578125,687.1655883789062
112,15,848.1556396484375,712.7286376953125
112,16,861.2330322265625,737.1083374023438
112,17,874.2650146484375,761.3361206054688
112,18,735.5848999023438,563.396240234375
112,19,751.5742797851562,593.9868774414062
112,20,767.703369140625,623.6300659179688
112,21,783.4254150390625,652.2991943359375
112,22,798.951416015625,680.2864990234375
112,23,813.8754272460938,707.194580078125
112,24,828.89111328125,732.90625
112,25,842.8047485351562,758.1566772460938
112,26,856.2539672851562,782.167236328125
112,27,710.2906494140625,583.0657958984375
112,28,727.5912475585938,613.8880615234375
112,29,744.511474609375,643.9078979492188
112,30,761.1998291015625,673.1161499023438
112,31,777.4058227539062,701.3389282226562
112,32,793.2517700195312,728.2503051757812
112,33,808.4728393554688,754.4299926757812
112,34,823.614501953125,779.5975341796875
112,35,837.8689575195312,803.5262451171875
112,36,685.1524658203125,603.6505737304688
112,37,703.0050048828125,635.1065063476562
112,38,720.573974609375,665.45703125
112,39,738.2032470703125,694.866455078125
112,40,755.5330200195312,723.41552734375
112,41,771.982421875,750.7099609375
112,42,788.0416259765625,776.8939819335938
112,43,803.7022705078125,802.0127563476562
112,44,818.961181640625,826.0210571289062
112,45,658.7033081054688,625.2070922851562
112,46,677.4181518554688,656.9586181640625
112,47,695.929931640625,687.8125610351562
112,48,714.37744140625,717.2705078125
112,49,732.2931518554688,745.9697875976562
112,50,749.5269165039062,773.22021484375
112,51,766.4387817382812,799.5519409179688
112,52,782.8560180664062,824.2030639648438
112,53,798.4571533203125,848.6129150390625
112,54,632.313720703125,647.8062133789062
112,55,652.1298217773438,680.0048828125
112,56,671.4923706054688,711.0912475585938
112,57,690.0191040039062,740.9740600585938
112,58,708.7091064453125,769.75830078125
112,59,727.2672729492188,797.1637573242188
112,60,744.700439453125,823.409912109375
112,61,761.8325805664062,848.430908203125
112,62,778.8705444335938,872.3341674804688
113,0,794.97705078125,574.4013671875
113,1,817.983642578125,594.006591796875
113,2,841.0308227539062,614.0115966796875
113,3,864.6571655273438,633.356689453125
113,4,888.7970581054688,653.2510375976562
113,5,912.9827880859375,672.7799682617188
113,6,937.2009887695312,692.2760009765625
113,7,961.6175537109375,712.130859375
113,8,985.5808715820312,731.7844848632812
113,9,776.2738647460938,590.890869140625
113,10,799.5159912109375,611.2516479492188
113,11,823.1419677734375,631.4523315429688
113,12,847.4284057617188,651.3789672851562
113,13,872.1796875,671.3461303710938
113,14,897.0423583984375,691.2650146484375
113,15,921.7020874023438,711.6392211914062
113,16,946.1950073242188,732.1371459960938
113,17,970.9558715820312,752.1486206054688
113,18,756.466552734375,608.7930908203125
113,19,780.2774047851562,629.3778076171875
113,20,804.6195068359375,649.8685913085938
113,21,829.1975708007812,670.1784057617188
113,22,854.4607543945312,690.8562622070312
113,23,879.7137451171875,711.3766479492188
113,24,905.20849609375,731.9056396484375
113,25,930.5814819335938,752.6522216796875
113,26,955.8176879882812,773.3225708007812
113,27,735.89794921875,627.4535522460938
113,28,760.3345947265625,648.0885620117188
113,29,785.2091064453125,668.9246215820312
113,30,810.470947265625,689.8046875
113,31,836.2720336914062,710.9789428710938
113,32,862.0470581054688,732.2347412109375
113,33,888.0028686523438,753.2681884765625
113,34,914.1688232421875,774.3941040039062
113,35,940.133056640625,795.228515625
113,36,715.1377563476562,645.8552856445312
113,37,739.7584838867188,667.3097534179688
113,38,765.1091918945312,688.8768920898438
113,39,790.9224243164062,710.1632080078125
113,40,817.2592163085938,731.9144897460938
113,41,843.5656127929688,753.6885375976562
113,42,870.0846557617188,775.3200073242188
113,43,896.9390869140625,796.9795532226562
113,44,923.5722045898438,818.236083984375
113,45,693.3822631835938,665.2930908203125
113,46,718.6371459960938,687.3275756835938
113,47,744.240478515625,709.6174926757812
113,48,770.6983032226562,731.6895751953125
113,49,797.3353881835938,753.9632568359375
113,50,824.3038330078125,776.3307495117188
113,51,851.34716796875,798.447265625
113,52,878.6720581054688,820.5393676757812
113,53,905.8853759765625,842.4598999023438
113,54,671.163818359375,684.8836669921875
113,55,696.9605102539062,707.3338012695312
113,56,723.050048828125,730.2769775390625
113,57,749.5900268554688,753.6724853515625
113,58,776.798095703125,776.7561645507812
113,59,804.431640625,799.507080078125
113,60,832.1438598632812,822.3015747070312
113,61,860.0071411132812,844.9628295898438
113,62,888.1497802734375,866.9425048828125
114,0,808.2848510742188,910.4475708007812
114,1,827.9131469726562,887.7455444335938
114,2,847.0348510742188,865.9937744140625
114,3,865.1995239257812,844.209228515625
114,4,883.0153198242188,823.6431274414062
114,5,900.0270385742188,803.1453247070312
114,6,916.7092895507812,783.5248413085938
114,9,835.62451171875,927.5555419921875
114,10,854.9728393554688,904.3385620117188
114,11,873.6907348632812,881.6243286132812
114,12,891.6849975585938,859.2462158203125
114,13,909.0756225585938,837.5492553710938
114,14,926.0269775390625,816.7920532226562
114,15,941.7693481445312,797.003662109375
114,18,863.781494140625,945.5193481445312
114,19,882.8297729492188,921.3482666015625
114,20,901.261962890625,897.661865234375
114,21,918.8339233398438,874.651611328125
114,22,935.8854370117188,852.4573364257812
114,23,952.1798706054688,831.0527954101562
114,24,968.1758422851562,810.3534545898438
114,27,892.71435546875,963.0447387695312
114,28,911.2959594726562,937.8496704101562
114,29,929.261962890625,913.29736328125
114,30,946.6360473632812,889.9564208984375
114,31,963.2000732421875,866.9312744140625
114,32,978.9251708984375,845.3724365234375
114,33,994.1469116210938,824.1528930664062
114,36,922.4453735351562,980.0339965820312
114,37,940.6473388671875,954.3822021484375
114,38,958.2432250976562,929.3760375976562
114,39,975.0645751953125,905.151123046875
114,40,991.43701171875,881.62890625
114,41,1006.6898803710938,859.3649291992188
114,42,1021.2553100585938,837.859619140625
114,43,1035.307861328125,816.9828491210938
114,44,1048.775634765625,797.1301879882812
114,45,952.6658935546875,997.2440795898438
114,46,970.2593383789062,970.9856567382812
114,47,987.4149780273438,945.2850341796875
114,48,1003.9913330078125,920.5668334960938
114,49,1019.6038208007812,896.6552734375
114,50,1034.5810546875,873.7550048828125
114,51,1048.6207275390625,851.6182861328125
114,52,1062.468505859375,830.2900390625
114,53,1074.831787109375,810.0826416015625
114,54,983.435546875,1014.0970458984375
114,55,1000.9097290039062,986.9849243164062
114,56,1017.4362182617188,960.5440673828125
114,57,1033.070556640625,935.6401977539062
114,58,1048.2060546875,911.13232421875
114,59,1062.7928466796875,887.3582153320312
114,60,1076.276123046875,864.994873046875
115,6,1087.334716796875,651.1849975585938
115,7,1111.9766845703125,669.3543701171875
115,8,1137.4039306640625,688.194091796875
115,14,1035.734375,648.2794799804688
115,15,1058.354736328125,666.011962890625
115,16,1082.31298828125,685.3823852539062
115,17,1107.6927490234375,705.2012329101562
115,23,1005.5598754882812,664.0648803710938
115,24,1027.7357177734375,681.9207763671875
115,25,1051.2158203125,701.11962890625
115,26,1076.2012939453125,722.7725830078125
115,32,974.3023071289062,679.2222900390625
115,33,995.7835693359375,698.052734375
115,34,1018.9390869140625,718.7076416015625
115,35,1043.72021484375,740.26220703125
115,40,922.0360717773438,675.7451782226562
115,41,941.7552490234375,694.2994995117188
115,42,962.619140625,714.5812377929688
115,43,984.9888916015625,735.81396484375
115,44,1008.9692993164062,758.6398315429688
115,46,840.0101318359375,639.9163208007812
115,47,855.198486328125,656.0673217773438
115,48,871.9219970703125,673.1624145507812
115,49,889.2730102539062,691.1299438476562
115,50,908.4036865234375,711.0455932617188
115,51,928.518310546875,731.8740844726562
115,52,950.1676635742188,754.3298950195312
115,53,973.587158203125,778.4091186523438
115,55,808.3766479492188,651.8121337890625
115,56,823.2715454101562,669.0849609375
115,57,839.30517578125,687.8387451171875
115,58,856.1122436523438,707.2333374023438
115,59,873.97021484375,727.1411743164062
115,60,893.2678833007812,749.3461303710938
115,61,914.09765625,772.8502197265625
115,62,936.1918334960938,797.205322265625
116,0,777.0671997070312,540.1978149414062
116,1,795.9462280273438,566.5960693359375
116,2,814.2639770507812,592.25146484375
116,3,832.683349609375,617.020751953125
116,4,850.5257568359375,640.9346313476562
116,5,868.2354125976562,664.305908203125
116,6,885.2750244140625,686.9401245117188
116,7,901.8482055664062,708.354248046875
116,8,917.837646484375,729.1780395507812
116,9,755.42529296875,562.4480590820312
116,10,774.9387817382812,588.962646484375
116,11,794.2477416992188,614.7555541992188
116,12,813.5409545898438,639.5057983398438
116,13,832.6512451171875,663.7967529296875
116,14,851.1826782226562,687.06591796875
116,15,868.612548828125,709.4218139648438
116,16,885.4136352539062,731.1107788085938
116,17,901.9683837890625,751.82763671875
116,18,732.500244140625,585.9176635742188
116,19,753.1420288085938,612.4706420898438
116,20,773.8828735351562,638.13916015625
116,21,793.89794921875,663.0611572265625
116,22,813.4848022460938,687.342041015625
116,23,832.4544677734375,710.5250244140625
116,24,850.9330444335938,732.9305419921875
116,25,868.7933349609375,754.4303588867188
116,26,885.7589111328125,775.0382690429688
116,27,709.452880859375,610.012939453125
116,28,731.3236083984375,636.7249755859375
116,29,752.8162231445312,662.6304321289062
116,30,773.7128295898438,687.3936157226562
116,31,794.0870361328125,711.8416748046875
116,32,813.8402099609375,734.8271484375
116,33,832.909423828125,757.1141357421875
116,34,851.27099609375,778.7423706054688
116,35,869.1793212890625,799.006591796875
116,36,686.4327392578125,635.169921875
116,37,708.9920043945312,662.0198364257812
116,38,731.2283325195312,687.9152221679688
116,39,753.1009521484375,712.9837036132812
116,40,774.3551635742188,737.0474243164062
116,41,794.672119140625,760.195556640625
116,42,814.4660034179688,782.4545288085938
116,43,833.6995239257812,803.6058959960938
116,44,852.068115234375,823.8929443359375
116,45,662.93017578125,661.2332763671875
116,46,686.1907348632812,688.2002563476562
116,47,709.1502685546875,713.9493408203125
116,48,731.9285888671875,738.959716796875
116,49,753.8339233398438,762.9258422851562
116,50,774.914794921875,785.9213256835938
116,51,795.502197265625,807.7689208984375
116,52,815.2337036132812,828.8607177734375
116,53,834.1785278320312,848.61083984375
116,54,639.5775756835938,688.190673828125
116,55,663.9252319335938,715.1273193359375
116,56,687.8258666992188,741.0310668945312
116,57,710.3882446289062,765.8483276367188
116,58,733.1483764648438,789.607666015625
116,59,755.309814453125,812.518310546875
116,60,776.2412109375,834.1834716796875
116,61,796.8914184570312,854.8775024414062
116,62,816.833984375,874.6188354492188
117,0,835.6937255859375,947.873046875
117,1,854.0571899414062,908.497802734375
117,2,872.2877807617188,869.5183715820312
117,3,890.2485961914062,830.360595703125
117,4,908.141357421875,791.7469482421875
117,5,925.7060546875,753.3978881835938
117,6,942.7884521484375,716.142822265625
117,7,959.7000122070312,679.6378784179688
117,8,975.9864501953125,644.2052612304688
117,9,875.1397705078125,966.2133178710938
117,10,893.4161987304688,926.599853515625
117,11,911.677978515625,886.7569580078125
117,12,929.332763671875,847.1328735351562
117,13,946.9830932617188,807.711181640625
117,14,964.3046264648438,768.7738647460938
117,15,981.1434326171875,730.9728393554688
117,16,997.697509765625,694.2210693359375
117,17,1013.5491333007812,658.074462890625
117,18,915.6857299804688,984.3973999023438
117,19,933.7807006835938,944.395263671875
117,20,951.7432861328125,904.1107788085938
117,21,969.36376953125,864.03564453125
117,22,986.8726196289062,824.1104736328125
117,23,1003.7857666015625,784.8385620117188
117,24,1020.263427734375,746.2738037109375
117,25,1036.163330078125,708.6942138671875
117,26,1051.7484130859375,672.2175903320312
117,27,956.7420654296875,1002.3987426757812
117,28,974.6236572265625,961.8300170898438
117,29,992.4017333984375,921.1697387695312
117,30,1009.8849487304688,880.6409301757812
117,31,1027.08203125,840.213134765625
117,32,1043.7821044921875,800.6508178710938
117,33,1059.893798828125,761.5914306640625
117,34,1075.616455078125,723.3616333007812
117,35,1090.2684326171875,686.1477661132812
117,36,998.2313232421875,1020.1135864257812
117,37,1016.1761474609375,979.2135009765625
117,38,1033.952880859375,938.2184448242188
117,39,1051.1158447265625,897.2218017578125
117,40,1068.114013671875,856.2593383789062
117,41,1084.2967529296875,816.133544921875
117,42,1100.1256103515625,776.7902221679688
117,43,1115.0703125,738.0328369140625
117,44,1129.6832275390625,700.4337158203125
117,45,1039.8680419921875,1036.8997802734375
117,46,1057.8758544921875,995.962158203125
117,47,1075.2698974609375,954.6749267578125
117,48,1092.359375,913.4465942382812
117,49,1108.914306640625,872.1868286132812
117,50,1124.9052734375,831.909423828125
117,51,1140.003662109375,791.9736938476562
117,52,1154.6971435546875,752.9949951171875
117,53,1168.290771484375,715.0532836914062
117,54,1081.962646484375,1053.809814453125
117,55,1099.5926513671875,1012.25146484375
117,56,1116.9427490234375,970.790771484375
117,57,1133.755859375,929.2207641601562
117,58,1149.920166015625,887.9308471679688
117,59,1165.3109130859375,846.9650268554688
117,60,1180.1982421875,806.8825073242188
117,61,1194.154541015625,767.668212890625
117,62,1207.6885986328125,728.99072265625
118,0,936.0935668945312,488.3674011230469
118,1,952.0646362304688,519.2748413085938
118,2,967.7426147460938,550.547119140625
118,3,984.457763671875,581.7779541015625
118,4,1000.8601684570312,613.623291015625
118,5,1017.7775268554688,644.881591796875
118,6,1034.146240234375,676.424560546875
118,7,1050.77880859375,708.0908203125
118,8,1066.7125244140625,739.5187377929688
118,9,910.0241088867188,496.9533996582031
118,10,926.0189208984375,528.6962280273438
118,11,942.4423828125,560.7532958984375
118,12,959.3870239257812,592.7063598632812
118,13,976.937744140625,625.099853515625
118,14,994.2357788085938,657.3802490234375
118,15,1011.0729370117188,689.928955078125
118,16,1027.678466796875,722.6181030273438
118,17,1044.2454833984375,754.804931640625
118,18,881.884033203125,506.64080810546875
118,19,898.5665283203125,538.9461669921875
118,20,915.9087524414062,571.369384765625
118,21,933.22607421875,604.4364624023438
118,22,950.90869140625,637.8953247070312
118,23,968.4573364257812,671.0306396484375
118,24,986.2356567382812,704.3038940429688
118,25,1003.7883911132812,737.73388671875
118,26,1020.4694213867188,770.8626098632812
118,27,852.8616943359375,516.3101806640625
118,28,870.3248901367188,549.3395385742188
118,29,887.9239501953125,582.8609619140625
118,30,905.7535400390625,616.6652221679688
118,31,923.7510375976562,651.092041015625
118,32,941.7520751953125,685.2976684570312
118,33,959.7562866210938,719.6090087890625
118,34,977.9141845703125,753.8987426757812
118,35,995.8720092773438,787.6656494140625
118,36,823.0779418945312,526.0506591796875
118,37,840.3018798828125,560.1709594726562
118,38,858.126953125,594.9461059570312
118,39,876.4525756835938,629.6698608398438
118,40,895.0645751953125,664.878662109375
118,41,913.5875244140625,700.2987670898438
118,42,931.9843139648438,735.5784301757812
118,43,950.673828125,770.70361328125
118,44,969.0293579101562,805.477294921875
118,45,791.56787109375,536.7283325195312
118,46,809.0960693359375,571.9444580078125
118,47,827.0447998046875,607.6260986328125
118,48,845.7988891601562,643.2971801757812
118,49,864.5144653320312,679.8326416015625
118,50,883.4716796875,716.1651000976562
118,51,902.5960083007812,752.4280395507812
118,52,921.7333374023438,788.4256591796875
118,53,940.380126953125,824.1259155273438
118,54,759.3088989257812,547.291748046875
118,55,777.1389770507812,583.373046875
118,56,795.289794921875,620.34228515625
118,57,813.56884765625,657.6652221679688
118,58,832.7493896484375,695.3139038085938
118,59,852.4090576171875,732.5934448242188
118,60,871.7855834960938,769.8672485351562
118,61,891.3139038085938,806.9451293945312
118,62,911.3699340820312,843.30908203125
119,0,929.429443359375,816.4462890625
119,1,947.493408203125,793.7720947265625
119,2,965.9439697265625,770.386962890625
119,3,984.1932983398438,746.3079833984375
119,4,1003.1857299804688,721.429443359375
119,5,1022.09716796875,696.002197265625
119,6,1041.645263671875,670.0643920898438
119,7,1061.4698486328125,643.7302856445312
119,8,1081.49609375,616.8659057617188
119,9,946.4028930664062,838.306884765625
119,10,965.0044555664062,815.5157470703125
119,11,983.927001953125,791.955810546875
119,12,1002.6544189453125,767.6111450195312
119,13,1021.8739624023438,742.2615356445312
119,14,1041.3236083984375,716.6775512695312
119,15,1061.7418212890625,690.4950561523438
119,16,1082.5052490234375,663.6736450195312
119,17,1103.128173828125,636.2864990234375
119,18,964.68505859375,860.94091796875
119,19,983.373291015625,838.0466918945312
119,20,1002.2991943359375,814.2364501953125
119,21,1021.83349609375,789.8092041015625
119,22,1041.92236328125,764.2223510742188
119,23,1062.1087646484375,738.3682861328125
119,24,1082.714111328125,711.6988525390625
119,25,1103.9969482421875,684.3203735351562
119,26,1125.53662109375,656.8113403320312
119,27,982.8097534179688,884.1820068359375
119,28,1001.9496459960938,861.2021484375
119,29,1021.4987182617188,837.3870849609375
119,30,1041.406494140625,812.8814086914062
119,31,1062.1651611328125,787.0156860351562
119,32,1083.4349365234375,760.9181518554688
119,33,1104.7862548828125,733.9287109375
119,34,1126.4527587890625,706.226806640625
119,35,1148.4637451171875,677.9945068359375
119,36,1000.854248046875,908.416748046875
119,37,1020.9786987304688,885.2354736328125
119,38,1041.3553466796875,861.4419555664062
119,39,1061.96044921875,836.63671875
119,40,1083.189697265625,810.8739013671875
119,41,1105.0465087890625,784.2847290039062
119,42,1127.1337890625,756.9418334960938
119,43,1149.765380859375,728.9801025390625
119,44,1172.38330078125,700.1867065429688
119,45,1019.8223876953125,933.0827026367188
119,46,1040.537109375,910.1106567382812
119,47,1061.7528076171875,885.9856567382812
119,48,1083.0728759765625,861.1240234375
119,49,1105.3072509765625,835.1822509765625
119,50,1127.9581298828125,808.4599609375
119,51,1150.7978515625,780.8544311523438
119,52,1174.1497802734375,752.4965209960938
119,53,1197.68310546875,723.42333984375
119,54,1038.3323974609375,958.6924438476562
119,55,1059.677734375,935.64794921875
119,56,1081.6383056640625,911.5419921875
119,57,1104.7047119140625,886.4755859375
119,58,1127.8023681640625,860.369384765625
119,59,1150.8563232421875,833.5556030273438
119,60,1174.6712646484375,805.7882690429688
119,61,1198.8641357421875,776.9610595703125
119,62,1222.86669921875,747.5198974609375
120,0,728.1591186523438,543.641357421875
120,1,742.5275268554688,575.2557373046875
120,2,757.1054077148438,606.5394287109375
120,3,772.036865234375,637.4700317382812
120,4,786.6373901367188,667.8128051757812
120,5,801.7579956054688,697.3057250976562
120,6,816.236572265625,726.2448120117188
120,7,830.6548461914062,754.671142578125
120,8,844.8333740234375,782.163818359375
120,9,699.741943359375,558.58544921875
120,10,714.7708740234375,590.7373046875
120,11,729.9629516601562,622.5220947265625
120,12,745.6072998046875,653.7310180664062
120,13,761.3525390625,684.4364013671875
120,14,776.9840087890625,714.6288452148438
120,15,791.9765014648438,743.9159545898438
120,16,806.6726684570312,772.4688720703125
120,17,821.287353515625,800.3013305664062
120,18,670.0406494140625,574.1159057617188
120,19,685.888671875,606.8206787109375
120,20,702.0646362304688,639.0394287109375
120,21,718.242431640625,670.722900390625
120,22,734.3591918945312,701.9714965820312
120,23,750.37841796875,732.4324340820312
120,24,766.552978515625,762.0761108398438
120,25,782.1742553710938,791.13818359375
120,26,797.2377319335938,819.210693359375
120,27,640.0217895507812,590.435302734375
120,28,656.519775390625,623.5233764648438
120,29,673.3709716796875,656.2188110351562
120,30,690.16357421875,688.356689453125
120,31,706.9680786132812,720.1537475585938
120,32,723.6268310546875,750.8741455078125
120,33,740.1219482421875,781.0177612304688
120,34,756.5607299804688,810.2913818359375
120,35,772.6177978515625,838.4819946289062
120,36,609.5802001953125,607.2041625976562
120,37,626.4998779296875,641.0111083984375
120,38,643.798583984375,674.2697143554688
120,39,661.222412109375,706.8591918945312
120,40,678.7791748046875,739.08544921875
120,41,696.0323486328125,770.2552490234375
120,42,713.2376098632812,800.5321655273438
120,43,730.269775390625,830.1587524414062
120,44,747.07958984375,858.6011352539062
120,45,578.3082275390625,624.816650390625
120,46,595.8522338867188,658.9556274414062
120,47,613.5094604492188,692.7246704101562
120,48,631.6019897460938,725.9417114257812
120,49,649.6719360351562,758.3153686523438
120,50,667.5968017578125,790.0243530273438
120,51,685.4525146484375,820.5027465820312
120,52,703.1363525390625,850.2235107421875
120,53,720.40869140625,878.9105224609375
120,54,546.8157348632812,642.8704833984375
120,55,564.9085083007812,677.6925048828125
120,56,583.2716064453125,711.9963989257812
120,57,601.3736572265625,745.2981567382812
120,58,620.1183471679688,778.3495483398438
120,59,638.9197998046875,810.22216796875
120,60,657.2338256835938,841.0361328125
120,61,675.7459106445312,870.9925537109375
120,62,694.1113891601562,899.924072265625
121,0,877.7969360351562,1004.643310546875
121,1,890.5177612304688,982.2664794921875
121,2,902.6746215820312,960.1746826171875
121,3,914.6591186523438,938.0889282226562
121,4,926.8603515625,916.333251953125
121,5,938.2446899414062,895.0225219726562
121,6,949.2841796875,874.3306274414062
121,7,960.39599609375,853.6007080078125
121,8,971.1370849609375,833.83642578125
121,9,901.3970336914062,1015.8637084960938
121,10,913.9725952148438,993.1826782226562
121,11,925.9498901367188,970.74658203125
121,12,937.7859497070312,948.4121704101562
121,13,949.6536865234375,926.275146484375
121,14,961.0149536132812,904.412353515625
121,15,972.0995483398438,883.4309692382812
121,16,983.0431518554688,862.6336059570312
121,17,993.5617065429688,842.2889404296875
121,18,925.4652709960938,1027.1995849609375
121,19,937.7445678710938,1004.2884521484375
121,20,949.706298828125,981.1636962890625
121,21,961.379638671875,958.6097412109375
121,22,972.9556884765625,936.4385986328125
121,23,984.0538940429688,914.299560546875
121,24,994.7114868164062,892.8153076171875
121,25,1005.7578735351562,871.7937622070312
121,26,1016.1231689453125,851.03515625
121,27,949.740234375,1038.3719482421875
121,28,961.8604125976562,1014.8944702148438
121,29,973.6690063476562,991.8837280273438
121,30,985.0978393554688,968.6482543945312
121,31,996.3189086914062,946.065185546875
121,32,1007.28857421875,924.138671875
121,33,1018.2015991210938,902.0006103515625
121,34,1028.723876953125,880.478759765625
121,35,1038.7415771484375,859.7864379882812
121,36,974.4711303710938,1049.2484130859375
121,37,986.514892578125,1025.7657470703125
121,38,997.9197387695312,1002.2161254882812
121,39,1009.5123901367188,978.7879638671875
121,40,1020.435302734375,955.841796875
121,41,1031.2607421875,933.3119506835938
121,42,1042.25341796875,911.142333984375
121,43,1052.242919921875,889.6381225585938
121,44,1062.003662109375,868.4212646484375
121,45,999.3847045898438,1060.1009521484375
121,46,1011.14794921875,1036.2158203125
121,47,1022.5807495117188,1012.4656372070312
121,48,1033.7833251953125,988.74951171875
121,49,1044.6514892578125,965.685791015625
121,50,1055.23681640625,942.7891235351562
121,51,1065.6502685546875,920.3113403320312
121,52,1075.50830078125,898.752685546875
121,53,1085.1771240234375,877.0968017578125
121,54,1024.5736083984375,1070.3582763671875
121,55,1036.064453125,1046.3411865234375
121,56,1047.7781982421875,1022.257080078125
121,57,1058.4140625,998.9111328125
121,58,1069.0347900390625,975.5938110351562
121,59,1079.6578369140625,952.2427978515625
121,60,1089.5870361328125,929.7804565429688
121,61,1099.34228515625,907.5142211914062
121,62,1108.7318115234375,885.4421997070312
122,2,947.1251220703125,636.3280029296875
122,3,971.1227416992188,646.1268920898438
122,4,997.22607421875,656.7273559570312
122,5,1023.856201171875,667.351806640625
122,6,1052.3104248046875,679.0696411132812
122,7,1082.193359375,691.2998657226562
122,8,1113.6802978515625,704.1075439453125
122,9,881.2713012695312,640.3951416015625
122,10,903.0883178710938,650.606201171875
122,11,926.1251831054688,660.9810180664062
122,12,949.892578125,671.6836547851562
122,13,975.039306640625,682.5642700195312
122,14,1001.79248046875,694.193115234375
122,15,1030.1734619140625,706.8882446289062
122,16,1060.1494140625,720.6732788085938
122,17,1091.608154296875,734.3080444335938
122,18,861.0692138671875,665.2145385742188
122,19,882.1924438476562,675.6578369140625
122,20,904.3095092773438,686.3596801757812
122,21,927.85009765625,697.7984619140625
122,22,953.0365600585938,709.9673461914062
122,23,979.5831909179688,722.64208984375
122,24,1007.3228759765625,735.9850463867188
122,25,1036.8966064453125,750.281982421875
122,26,1068.414306640625,765.6793823242188
122,27,839.689453125,689.3573608398438
122,28,860.27783203125,700.5692749023438
122,29,881.9405517578125,712.10595703125
122,30,905.15185546875,724.295166015625
122,31,929.9475708007812,737.5009765625
122,32,956.1246948242188,751.3373413085938
122,33,983.6707153320312,765.8290405273438
122,34,1013.1072387695312,781.1301879882812
122,35,1044.1273193359375,797.0531005859375
122,36,817.1133422851562,713.424072265625
122,37,837.652587890625,725.6559448242188
122,38,859.2205200195312,738.45166015625
122,39,881.7216186523438,751.4126586914062
122,40,906.005859375,765.5103759765625
122,41,931.7074584960938,780.231201171875
122,42,959.0908813476562,795.9534301757812
122,43,988.047119140625,812.4723510742188
122,44,1018.9317016601562,829.7676391601562
122,45,794.8607177734375,738.0507202148438
122,46,814.9680786132812,751.2640380859375
122,47,836.1420288085938,764.9376220703125
122,48,858.2119140625,779.095458984375
122,49,882.2028198242188,794.218017578125
122,50,907.5841064453125,810.2242431640625
122,51,934.2678833007812,826.872802734375
122,52,963.038330078125,844.5258178710938
122,53,993.6394653320312,863.1625366210938
122,54,771.6708374023438,762.1345825195312
122,55,790.9451904296875,776.0485229492188
122,56,811.7721557617188,790.6864013671875
122,57,834.2000732421875,806.7962646484375
122,58,857.808349609375,823.0951538085938
122,59,882.2564086914062,839.7696533203125
122,60,908.8143920898438,857.9240112304688
122,61,936.843994140625,876.85107421875
122,62,966.7196655273438,896.2094116210938
123,5,1034.0726318359375,629.0491943359375
123,6,1061.849853515625,643.884765625
123,7,1090.8626708984375,659.7937622070312
123,8,1120.96630859375,675.9593505859375
123,10,912.0237426757812,591.353515625
123,11,933.59375,604.0765380859375
123,14,1008.1983032226562,645.7706909179688
123,15,1035.81787109375,661.6740112304688
123,16,1064.613525390625,679.0445556640625
123,17,1095.13330078125,696.2435302734375
123,18,864.890625,594.5242309570312
123,19,885.013916015625,606.7342529296875
123,20,907.1261596679688,620.3125
123,21,930.1492919921875,633.8619384765625
123,22,954.72802734375,648.9459228515625
123,23,980.666015625,664.5575561523438
123,24,1007.8211059570312,680.7998657226562
123,25,1036.9281005859375,698.008056640625
123,26,1067.265625,717.4712524414062
123,27,837.5768432617188,609.9251708984375
123,28,857.9431762695312,622.7757568359375
123,29,879.2210083007812,636.1090087890625
123,30,901.9981079101562,650.9590454101562
123,31,926.403564453125,666.6094360351562
123,32,951.6731567382812,683.358642578125
123,33,978.64892578125,700.7824096679688
123,34,1007.540771484375,719.461181640625
123,35,1038.187744140625,738.9603271484375
123,36,809.4972534179688,624.5547485351562
123,37,828.9415893554688,638.7266845703125
123,38,850.1673583984375,653.7009887695312
123,39,871.7203979492188,668.4581298828125
123,40,896.1199340820312,685.14697265625
123,41,921.1119995117188,702.5631103515625
123,42,948.0458984375,721.2470092773438
123,43,976.44921875,740.8986206054688
123,44,1006.8377685546875,761.7769165039062
123,45,780.6803588867188,640.2844848632812
123,46,799.8269653320312,655.2824096679688
123,47,820.2364501953125,671.1456298828125
123,48,841.8746337890625,687.30126953125
123,49,865.078369140625,704.8447265625
123,50,889.9640502929688,723.4649658203125
123,51,916.1447143554688,743.0211791992188
123,52,944.3938598632812,764.0253295898438
123,53,974.6694946289062,786.3536376953125
123,55,768.7617797851562,670.7260131835938
123,56,788.9259643554688,687.4746704101562
123,57,810.1616821289062,706.0435180664062
123,58,832.9378051757812,724.8309936523438
123,59,856.6741333007812,743.9638671875
123,60,882.8638916015625,765.194580078125
123,61,910.5313720703125,787.5187377929688
123,62,940.0291137695312,810.4642333984375
124,1,959.78662109375,527.8400268554688
124,2,978.2407836914062,548.1512451171875
124,3,998.177001953125,568.4432373046875
124,4,1018.5765380859375,590.409423828125
124,5,1040.1624755859375,612.6826171875
124,6,1062.0858154296875,635.9612426757812
124,7,1084.9688720703125,660.412841796875
124,8,1108.25732421875,685.6177978515625
124,10,932.5800170898438,537.3460083007812
124,11,951.7843017578125,558.0220336914062
124,12,970.9392700195312,578.8689575195312
124,13,991.6961059570312,600.8176879882812
124,14,1012.9117431640625,623.4678344726562
124,15,1035.033203125,647.9461059570312
124,16,1057.646728515625,673.6463012695312
124,17,1081.297119140625,699.693603515625
124,19,903.8851318359375,547.128662109375
124,20,923.3336791992188,568.0311889648438
124,21,942.8653564453125,589.5825805664062
124,22,963.0322265625,612.572998046875
124,23,984.2612915039062,636.2116088867188
124,24,1006.2402954101562,660.83837890625
124,25,1029.2930908203125,686.8646850585938
124,26,1052.699462890625,714.2361450195312
124,28,875.9620361328125,557.2612915039062
124,29,894.1692504882812,578.1854858398438
124,30,913.2288208007812,600.6461791992188
124,31,933.4591674804688,624.228759765625
124,32,954.443115234375,648.8756103515625
124,33,976.1848754882812,674.434814453125
124,34,999.2077026367188,701.1776733398438
124,35,1022.9133911132812,729.0020751953125
124,36,829.0658569335938,546.3753662109375
124,37,846.1093139648438,567.3466796875
124,38,863.7459106445312,589.3040161132812
124,39,882.3074951171875,611.903076171875
124,40,902.323974609375,636.1007690429688
124,41,923.1644897460938,661.3995971679688
124,42,944.7195434570312,688.0731201171875
124,43,967.5242919921875,715.7565307617188
124,44,991.1942138671875,744.7030639648438
124,45,799.02880859375,556.4531860351562
124,46,815.2699584960938,577.9417724609375
124,47,832.63623046875,600.6566162109375
124,48,850.8984375,624.230712890625
124,49,870.3330078125,649.0028686523438
124,50,890.798583984375,675.3623046875
124,51,912.1178588867188,702.6327514648438
124,52,934.5944213867188,731.5233154296875
124,53,958.01025390625,761.6281127929688
124,54,767.9054565429688,565.4752197265625
124,55,783.510986328125,587.2256469726562
124,56,800.4099731445312,611.1285400390625
124,57,818.183837890625,636.3809814453125
124,58,837.0792846679688,662.41943359375
124,59,857.08984375,689.00732421875
124,60,878.0140991210938,717.750732421875
124,61,900.1026611328125,747.3587646484375
124,62,923.509033203125,778.0309448242188
125,0,937.30029296875,848.7603149414062
125,1,955.3676147460938,824.3154296875
125,2,973.7982788085938,799.8845825195312
125,3,991.83544921875,774.4849243164062
125,4,1010.29833984375,748.3117065429688
125,5,1028.84912109375,721.8150634765625
125,6,1047.5750732421875,694.95751953125
125,7,1066.5623779296875,667.7684326171875
125,8,1085.5029296875,640.2698364257812
125,9,955.8984375,869.1719970703125
125,10,974.4382934570312,844.7958984375
125,11,993.1310424804688,819.7949829101562
125,12,1011.75927734375,793.9729614257812
125,13,1030.4095458984375,767.22607421875
125,14,1049.3619384765625,740.3239135742188
125,15,1068.9432373046875,713.060546875
125,16,1088.71875,685.44873046875
125,17,1108.15625,657.3182983398438
125,18,975.95751953125,890.5227661132812
125,19,994.44482421875,865.8469848632812
125,20,1013.1488037109375,840.372802734375
125,21,1032.3355712890625,814.2631225585938
125,22,1051.9661865234375,787.2557373046875
125,23,1071.624267578125,759.9336547851562
125,24,1091.39208984375,731.9459838867188
125,25,1111.532470703125,703.7315673828125
125,26,1131.917236328125,675.1611938476562
125,27,995.806396484375,912.2274169921875
125,28,1014.7120971679688,887.3280639648438
125,29,1034.075927734375,861.8247680664062
125,30,1053.74267578125,835.232177734375
125,31,1073.967529296875,807.8812255859375
125,32,1094.377685546875,780.03076171875
125,33,1114.885986328125,751.8660278320312
125,34,1135.509521484375,722.7888793945312
125,35,1156.021240234375,693.5775146484375
125,36,1015.5927124023438,935.143798828125
125,37,1035.595703125,909.809814453125
125,38,1055.7799072265625,883.8489379882812
125,39,1075.8892822265625,857.080810546875
125,40,1096.814208984375,829.2767944335938
125,41,1117.8768310546875,801.1117553710938
125,42,1138.9903564453125,772.3198852539062
125,43,1160.260009765625,742.8532104492188
125,44,1181.5794677734375,713.052001953125
125,45,1036.4913330078125,958.2076416015625
125,46,1057.1463623046875,932.996826171875
125,47,1078.1605224609375,906.4678955078125
125,48,1099.0958251953125,879.5311889648438
125,49,1120.724609375,851.4830322265625
125,50,1142.4134521484375,822.930419921875
125,51,1164.1468505859375,793.6869506835938
125,52,1186.182861328125,763.693359375
125,53,1208.0843505859375,733.2904663085938
125,54,1057.096923828125,982.1449584960938
125,55,1078.4046630859375,956.6582641601562
125,56,1100.25244140625,930.2494506835938
125,57,1122.7139892578125,902.799072265625
125,58,1145.0821533203125,874.410888671875
125,59,1167.3118896484375,845.3768920898438
125,60,1190.0887451171875,815.78857421875
125,61,1212.6917724609375,785.3068237304688
125,62,1234.902099609375,754.300048828125
126,0,968.8950805664062,464.95465087890625
126,1,980.4142456054688,499.0779113769531
126,2,991.677490234375,533.8546752929688
126,3,1003.681396484375,568.159423828125
126,4,1015.077880859375,602.5850219726562
126,5,1027.1324462890625,636.7232666015625
126,6,1038.5628662109375,670.6449584960938
126,7,1049.8929443359375,704.1387939453125
126,8,1060.9334716796875,737.1055297851562
126,9,939.1646118164062,472.9643859863281
126,10,950.8179931640625,508.08990478515625
126,11,963.0040283203125,543.167236328125
126,12,975.1849365234375,578.3197631835938
126,13,987.845947265625,613.5607299804688
126,14,999.94775390625,648.3834228515625
126,15,1011.707763671875,683.1182250976562
126,16,1023.0567626953125,717.4185791015625
126,17,1034.4014892578125,751.118896484375
126,18,907.5358276367188,481.8994140625
126,19,919.9888305664062,517.45556640625
126,20,932.548828125,553.2697143554688
126,21,945.3576049804688,588.9260864257812
126,22,958.0247192382812,625.310546875
126,23,970.5882568359375,660.948974609375
126,24,983.1142578125,696.128662109375
126,25,995.2702026367188,731.2725219726562
126,26,1006.79736328125,765.6329956054688
126,27,875.2111206054688,490.8209533691406
126,28,888.0276489257812,527.2999877929688
126,29,901.1351318359375,563.805908203125
126,30,914.0969848632812,600.5463256835938
126,31,927.1437377929688,637.4139404296875
126,32,940.14306640625,674.004638671875
126,33,953.0213012695312,710.0478515625
126,34,965.7577514648438,745.7156982421875
126,35,978.1597900390625,780.672119140625
126,36,842.049560546875,500.0124206542969
126,37,854.7627563476562,537.5362548828125
126,38,867.8814697265625,575.0783081054688
126,39,881.6084594726562,612.487548828125
126,40,895.1160888671875,650.3256225585938
126,41,908.4182739257812,687.6185913085938
126,42,921.7897338867188,724.3714599609375
126,43,934.91845703125,760.7401123046875
126,44,947.8715209960938,796.3801879882812
126,45,807.3729858398438,510.0658264160156
126,46,820.3250732421875,548.3351440429688
126,47,833.76171875,586.8351440429688
126,48,847.6336059570312,625.079833984375
126,49,861.55322265625,663.7239379882812
126,50,875.0388793945312,701.7673950195312
126,51,888.9019775390625,739.139892578125
126,52,902.4935913085938,776.167724609375
126,53,915.7285766601562,812.2930908203125
126,54,771.8021240234375,520.1902465820312
126,55,785.28125,559.3916625976562
126,56,798.9773559570312,598.7866821289062
126,57,812.2420654296875,638.2133178710938
126,58,826.4600830078125,677.6597900390625
126,59,840.9241943359375,716.302001953125
126,60,854.9263305664062,754.4990844726562
126,61,869.0245971679688,792.1123657226562
126,62,883.4390258789062,828.9522094726562
127,0,833.4718017578125,612.7654418945312
127,1,864.121337890625,631.425537109375
127,2,895.4710083007812,650.6202392578125
127,3,927.4293823242188,669.7388305664062
127,4,960.0266723632812,689.2295532226562
127,5,993.0144653320312,708.6920166015625
127,6,1026.18701171875,728.3837890625
127,7,1059.59130859375,748.2490234375
127,8,1092.9427490234375,768.1107177734375
127,9,812.2455444335938,641.23974609375
127,10,842.9938354492188,660.6064453125
127,11,874.5321655273438,680.0709838867188
127,12,906.6736450195312,699.5316772460938
127,13,939.96533203125,719.3662109375
127,14,973.1776733398438,739.2872924804688
127,15,1006.7881469726562,759.6624755859375
127,16,1040.6697998046875,780.1835327148438
127,17,1074.5177001953125,800.2843627929688
127,18,790.5298461914062,670.9835205078125
127,19,821.416748046875,690.5560913085938
127,20,853.172607421875,710.2506103515625
127,21,885.638671875,730.3276977539062
127,22,918.9552001953125,750.8889770507812
127,23,952.6436767578125,771.4241943359375
127,24,986.6242065429688,791.8798217773438
127,25,1021.0466918945312,812.7008056640625
127,26,1055.13232421875,833.2890014648438
127,27,768.2395629882812,700.8031616210938
127,28,799.3272705078125,720.7101440429688
127,29,831.166015625,741.0698852539062
127,30,864.0159301757812,761.7708129882812
127,31,897.5581665039062,782.8206176757812
127,32,931.5286865234375,804.0606079101562
127,33,965.9641723632812,824.984130859375
127,34,1000.7289428710938,846.0579223632812
127,35,1035.587646484375,866.8223266601562
127,36,745.3661499023438,730.5736083984375
127,37,776.6221313476562,751.6613159179688
127,38,808.8119506835938,772.8641357421875
127,39,841.5700073242188,794.0731811523438
127,40,875.51025390625,815.5022583007812
127,41,909.8610229492188,837.0090942382812
127,42,944.46484375,858.6549682617188
127,43,979.8387451171875,880.2059326171875
127,44,1014.9238891601562,901.2900390625
127,45,722.3189086914062,761.3026733398438
127,46,753.9041137695312,782.757080078125
127,47,786.1219482421875,804.7852783203125
127,48,819.3729248046875,826.5438232421875
127,49,853.3160400390625,848.6315307617188
127,50,887.8021850585938,870.7236938476562
127,51,922.8442993164062,892.6505126953125
127,52,958.18212890625,914.525634765625
127,53,993.9188232421875,936.1549682617188
127,54,699.1279907226562,792.0953979492188
127,55,730.6558837890625,814.1024780273438
127,56,763.0797729492188,836.6793823242188
127,57,796.3169555664062,859.3591918945312
127,58,830.5321655273438,882.1547241210938
127,59,865.2852172851562,904.6649169921875
127,60,900.5812377929688,927.1123657226562
127,61,936.2359008789062,949.3820190429688
127,62,972.3743286132812,971.0858154296875
128,0,937.027099609375,828.8824462890625
128,1,955.0093383789062,805.5263671875
128,2,973.2506713867188,781.529052734375
128,3,991.30224609375,757.0623168945312
128,4,1010.0918579101562,731.6689453125
128,5,1028.6314697265625,705.8323974609375
128,6,1047.59130859375,679.3718872070312
128,7,1067.0438232421875,652.842041015625
128,8,1086.2371826171875,625.5252685546875
128,9,954.5159912109375,849.8668823242188
128,10,972.9838256835938,826.5514526367188
128,11,991.7720336914062,802.1580810546875
128,12,1010.1614379882812,777.303955078125
128,13,1029.0654296875,751.3197631835938
128,14,1048.2110595703125,725.1557006835938
128,15,1068.0367431640625,698.3869018554688
128,16,1088.3157958984375,671.3907470703125
128,17,1108.2279052734375,643.773681640625
128,18,973.4547119140625,871.7536010742188
128,19,992.1004638671875,848.0035400390625
128,20,1010.60986328125,823.6539306640625
128,21,1029.8677978515625,798.3502807617188
128,22,1049.5537109375,772.3204345703125
128,23,1069.64013671875,745.6546630859375
128,24,1089.54833984375,718.6917114257812
128,25,1110.127685546875,690.8510131835938
128,26,1131.105712890625,662.8719482421875
128,27,992.0894165039062,894.2498168945312
128,28,1010.9257202148438,870.6607666015625
128,29,1030.282470703125,845.9296264648438
128,30,1050.1318359375,820.3256225585938
128,31,1070.457763671875,794.1245727539062
128,32,1091.16162109375,767.0675659179688
128,33,1112.0274658203125,739.4151611328125
128,34,1133.231689453125,711.2591552734375
128,35,1154.1873779296875,682.565185546875
128,36,1010.6924438476562,917.8928833007812
128,37,1030.4185791015625,893.9224853515625
128,38,1050.8800048828125,868.8646850585938
128,39,1071.0904541015625,843.2310180664062
128,40,1092.1207275390625,816.4505004882812
128,41,1113.425048828125,789.2201538085938
128,42,1135.0604248046875,761.200927734375
128,43,1156.8670654296875,732.6024780273438
128,44,1178.77978515625,703.3516845703125
128,45,1030.23291015625,941.8379516601562
128,46,1050.906005859375,917.6424560546875
128,47,1071.9779052734375,892.447265625
128,48,1092.8685302734375,866.8308715820312
128,49,1114.8040771484375,839.9715576171875
128,50,1136.8343505859375,812.2267456054688
128,51,1159.134521484375,783.8335571289062
128,52,1181.7430419921875,754.79931640625
128,53,1204.3751220703125,725.165771484375
128,54,1049.4915771484375,966.2457275390625
128,55,1070.73291015625,942.2704467773438
128,56,1092.5823974609375,916.9758911132812
128,57,1115.2357177734375,891.0778198242188
128,58,1137.9168701171875,863.8809814453125
128,59,1160.4810791015625,836.0367431640625
128,60,1183.783203125,807.2817993164062
128,61,1207.20751953125,777.8359375
128,62,1230.1441650390625,747.551513671875
129,0,847.3760375976562,575.4088745117188
129,1,874.7147827148438,602.321533203125
129,2,902.0055541992188,629.3662109375
129,3,929.845947265625,655.86083984375
129,4,957.3978271484375,682.373291015625
129,5,984.9017944335938,708.2877807617188
129,6,1011.8385620117188,734.025146484375
129,7,1038.46630859375,759.2913818359375
129,8,1064.573486328125,784.0963745117188
129,9,823.0394287109375,598.6826171875
129,10,850.9942016601562,626.1557006835938
129,11,879.4441528320312,653.5750122070312
129,12,907.9508666992188,680.4512329101562
129,13,936.7047729492188,707.3342895507812
129,14,965.0376586914062,733.7072143554688
129,15,992.6441650390625,760.0674438476562
129,16,1019.6358642578125,785.9593505859375
129,17,1046.50244140625,811.091796875
129,18,797.5712280273438,623.3529663085938
129,19,826.4332275390625,651.220947265625
129,20,855.7692260742188,678.8170166015625
129,21,884.8206176757812,706.359130859375
129,22,914.1917724609375,734.0301513671875
129,23,943.2955322265625,761.0100708007812
129,24,972.040283203125,787.4063720703125
129,25,1000.2730102539062,813.5735473632812
129,26,1027.5489501953125,839.1000366210938
129,27,771.3529663085938,648.7852783203125
129,28,801.0146484375,676.9404907226562
129,29,830.9971923828125,705.1848754882812
129,30,861.1223754882812,733.341796875
129,31,891.19873046875,761.4215698242188
129,32,921.0287475585938,789.001708984375
129,33,950.3786010742188,816.0345458984375
129,34,979.7042846679688,842.3372802734375
129,35,1008.2139282226562,868.051513671875
129,36,744.4495849609375,674.6187744140625
129,37,774.7268676757812,703.9901123046875
129,38,805.2307739257812,733.1354370117188
129,39,836.1292724609375,761.7472534179688
129,40,867.2333374023438,790.2770385742188
129,41,897.9766845703125,818.26318359375
129,42,928.11572265625,845.787109375
129,43,958.2091064453125,872.36572265625
129,44,987.6174926757812,898.2462158203125
129,45,716.6983642578125,701.8220825195312
129,46,747.6446533203125,731.8507080078125
129,47,778.7522583007812,761.6691284179688
129,48,810.303466796875,790.863525390625
129,49,842.1078491210938,820.14404296875
129,50,873.4512939453125,848.6140747070312
129,51,904.6858520507812,876.3107299804688
129,52,935.414306640625,903.3920288085938
129,53,965.4108276367188,929.4960327148438
129,54,688.1180419921875,729.799072265625
129,55,719.9424438476562,760.3056640625
129,56,751.9521484375,790.8980102539062
129,57,783.7327880859375,821.294189453125
129,58,816.2562255859375,850.916748046875
129,59,848.7120361328125,879.8611450195312
129,60,880.4303588867188,908.2164916992188
129,61,912.0870361328125,935.2841186523438
129,62,943.3943481445312,961.4054565429688
130,0,840.9765014648438,570.1875
130,1,867.7455444335938,597.4886474609375
130,2,894.3272094726562,624.788330078125
130,3,921.37109375,651.6847534179688
130,4,948.2153930664062,678.4199829101562
130,5,975.2012329101562,704.7655029296875
130,6,1001.7894897460938,730.7588500976562
130,7,1027.71630859375,756.3325805664062
130,8,1053.388427734375,781.5255126953125
130,9,816.8013916015625,592.13134765625
130,10,844.184814453125,620.1756591796875
130,11,871.8847045898438,647.9153442382812
130,12,899.7069702148438,675.1837158203125
130,13,927.9813842773438,702.340576171875
130,14,955.7503662109375,729.1387939453125
130,15,982.787109375,755.9650268554688
130,16,1009.2847290039062,782.13720703125
130,17,1035.59228515625,807.5563354492188
130,18,791.3630981445312,615.742919921875
130,19,819.6133422851562,644.0282592773438
130,20,848.237548828125,672.029052734375
130,21,877.0470581054688,699.9066772460938
130,22,905.7926025390625,727.9700317382812
130,23,934.2781982421875,755.3930053710938
130,24,962.4597778320312,782.4088134765625
130,25,990.3832397460938,808.9485473632812
130,26,1017.0242919921875,834.8327026367188
130,27,765.2789916992188,639.839599609375
130,28,794.391845703125,668.5692138671875
130,29,823.860107421875,697.2590942382812
130,30,853.4649658203125,725.8575439453125
130,31,882.9552612304688,754.5736083984375
130,32,912.2166137695312,782.6531982421875
130,33,941.3262329101562,810.0310668945312
130,34,970.0466918945312,836.8967895507812
130,35,998.0796508789062,863.0693969726562
130,36,738.4119262695312,664.557373046875
130,37,768.1018676757812,694.2470092773438
130,38,798.1349487304688,723.9701538085938
130,39,828.7138671875,753.1512451171875
130,40,859.2149047851562,782.3563232421875
130,41,889.3980712890625,810.9838256835938
130,42,919.194091796875,838.9734497070312
130,43,948.83642578125,866.3624877929688
130,44,977.8005981445312,892.7028198242188
130,45,710.5259399414062,690.6090087890625
130,46,740.9302978515625,721.2329711914062
130,47,771.6061401367188,751.740234375
130,48,802.8642578125,781.6752319335938
130,49,834.0653076171875,811.52197265625
130,50,865.0358276367188,840.5872192382812
130,51,895.8917236328125,868.8069458007812
130,52,926.3727416992188,896.4320678710938
130,53,955.9441528320312,923.4444580078125
130,54,681.9139404296875,717.314697265625
130,55,713.0560302734375,748.7351684570312
130,56,744.7283935546875,780.015625
130,57,776.1986694335938,811.1385498046875
130,58,808.1661987304688,841.5781860351562
130,59,840.4630737304688,871.0704956054688
130,60,871.86767578125,899.9514770507812
130,61,903.0852661132812,927.9737548828125
130,62,934.3192749023438,954.8446655273438
131,0,784.5963745117188,845.3761596679688
131,1,809.262939453125,814.1365966796875
131,2,833.756103515625,783.3026123046875
131,3,857.5897216796875,752.5899047851562
131,4,881.126220703125,722.6209106445312
131,5,904.1074829101562,692.9915161132812
131,6,926.5394287109375,664.3768310546875
131,7,948.2194213867188,636.6578369140625
131,8,969.4461669921875,609.8292236328125
131,9,816.0775756835938,868.6356811523438
131,10,840.8998413085938,837.0883178710938
131,11,865.126708984375,805.3282470703125
131,12,888.9315185546875,773.9927368164062
131,13,912.3516235351562,742.796630859375
131,14,935.1680908203125,712.5553588867188
131,15,957.5136108398438,683.4524536132812
131,16,979.1067504882812,655.172119140625
131,17,999.942138671875,627.8961791992188
131,18,848.866943359375,892.8023071289062
131,19,873.3004760742188,860.1537475585938
131,20,897.5719604492188,827.6478881835938
131,21,921.09912109375,795.614013671875
131,22,944.6478881835938,763.9172973632812
131,23,967.29248046875,733.0485229492188
131,24,989.2952270507812,703.0707397460938
131,25,1010.6317138671875,673.9562377929688
131,26,1031.2447509765625,646.1336059570312
131,27,882.0759887695312,916.5296020507812
131,28,906.6248168945312,883.277587890625
131,29,930.7349853515625,849.952880859375
131,30,954.4010620117188,817.4508666992188
131,31,977.6032104492188,785.06787109375
131,32,1000.155029296875,753.8267211914062
131,33,1021.8104858398438,723.2081909179688
131,34,1042.8377685546875,693.275634765625
131,35,1063.07275390625,664.410400390625
131,36,916.3670043945312,940.520751953125
131,37,940.9376831054688,906.6021118164062
131,38,964.9789428710938,872.87548828125
131,39,988.3319702148438,839.5402221679688
131,40,1011.4496459960938,806.6139526367188
131,41,1033.638916015625,774.3717041015625
131,42,1055.041748046875,743.263671875
131,43,1075.7872314453125,712.80126953125
131,44,1095.648681640625,683.3929443359375
131,45,951.0783081054688,964.122802734375
131,46,975.4652099609375,929.8018798828125
131,47,999.3464965820312,895.5089111328125
131,48,1022.6434326171875,861.7196655273438
131,49,1045.339599609375,828.12060546875
131,50,1067.2161865234375,795.6612548828125
131,51,1088.35302734375,763.795654296875
131,52,1108.7237548828125,732.7828979492188
131,53,1127.9376220703125,702.8521728515625
131,54,986.4396362304688,987.7774047851562
131,55,1010.71923828125,952.6466674804688
131,56,1034.452880859375,917.97705078125
131,57,1057.4893798828125,883.8651733398438
131,58,1079.9979248046875,849.8677978515625
131,59,1101.489013671875,816.451171875
131,60,1122.254150390625,784.1975708007812
131,61,1142.0198974609375,752.583740234375
131,62,1161.25927734375,721.8594360351562
132,0,948.3722534179688,903.4052734375
132,1,969.120361328125,873.1344604492188
132,2,989.5250854492188,843.2090454101562
132,3,1009.0164794921875,813.2899169921875
132,4,1028.1151123046875,784.1582641601562
132,5,1046.370849609375,755.2601318359375
132,6,1064.094970703125,727.218994140625
132,7,1081.2891845703125,700.07763671875
132,8,1097.883056640625,673.4677124023438
132,9,975.810302734375,917.8529052734375
132,10,997.028564453125,886.4890747070312
132,11,1017.3203125,855.3629150390625
132,12,1036.8609619140625,824.3228149414062
132,13,1055.916748046875,793.5572509765625
132,14,1074.07568359375,763.7354125976562
132,15,1092.01416015625,735.0252685546875
132,16,1109.3653564453125,707.4200439453125
132,17,1125.8358154296875,680.126220703125
132,18,1005.2349853515625,933.1383666992188
132,19,1026.3424072265625,900.505615234375
132,20,1046.5965576171875,867.7103881835938
132,21,1066.18701171875,835.7078857421875
132,22,1085.4906005859375,804.1594848632812
132,23,1103.8482666015625,773.54931640625
132,24,1121.326904296875,743.34326171875
132,25,1138.4061279296875,714.6897583007812
132,26,1154.8809814453125,686.9783325195312
132,27,1035.811279296875,948.5631103515625
132,28,1056.8038330078125,914.276123046875
132,29,1077.2017822265625,880.4617919921875
132,30,1096.8114013671875,847.3413696289062
132,31,1116.1009521484375,814.7734985351562
132,32,1134.5242919921875,783.2556762695312
132,33,1152.1143798828125,752.409423828125
132,34,1168.986083984375,722.4569091796875
132,35,1184.75732421875,693.3895263671875
132,36,1067.345458984375,963.9093627929688
132,37,1088.87841796875,928.741455078125
132,38,1109.5343017578125,893.9304809570312
132,39,1129.1610107421875,859.4063720703125
132,40,1148.409423828125,825.5579223632812
132,41,1166.7193603515625,792.869384765625
132,42,1184.2333984375,760.9470825195312
132,43,1200.782470703125,730.146728515625
132,44,1216.5357666015625,700.26123046875
132,45,1100.7139892578125,979.8549194335938
132,46,1122.5185546875,943.5714721679688
132,47,1143.206298828125,907.6193237304688
132,48,1163.0880126953125,872.1275634765625
132,49,1182.2076416015625,837.0736694335938
132,50,1200.4183349609375,803.376708984375
132,51,1217.6395263671875,770.5
132,52,1233.9503173828125,738.5780639648438
132,53,1249.3348388671875,708.1708984375
132,54,1135.105224609375,995.702392578125
132,55,1156.9130859375,957.9036865234375
132,56,1177.915771484375,920.6785278320312
132,57,1198.18896484375,884.645751953125
132,58,1217.4271240234375,848.6229248046875
132,59,1235.1785888671875,813.442626953125
132,60,1252.3121337890625,779.9970092773438
132,61,1268.203369140625,747.0438232421875
132,62,1283.0501708984375,715.0510864257812
133,0,1300.0477294921875,499.0780029296875
133,1,1288.567138671875,542.2097778320312
133,2,1277.0274658203125,584.1962280273438
133,3,1264.7618408203125,625.272216796875
133,4,1252.5224609375,665.3547973632812
133,5,1239.8394775390625,704.1112670898438
133,6,1227.281982421875,741.1165161132812
133,7,1215.0601806640625,776.8524169921875
133,8,1202.95166015625,810.79150390625
133,9,1263.417236328125,486.0747375488281
133,10,1253.0093994140625,528.0438232421875
133,11,1241.9835205078125,569.1083984375
133,12,1230.1903076171875,609.3156127929688
133,13,1218.1983642578125,648.7190551757812
133,14,1206.3984375,686.6610107421875
133,15,1195.1397705078125,723.1282958984375
133,16,1184.1265869140625,758.108642578125
133,17,1173.0302734375,791.766845703125
133,18,1229.291748046875,474.16143798828125
133,19,1218.8956298828125,514.9353637695312
133,20,1208.101806640625,555.0145263671875
133,21,1197.2567138671875,594.2390747070312
133,22,1186.4637451171875,632.7158813476562
133,23,1175.5784912109375,669.9324340820312
133,24,1164.5648193359375,705.6820068359375
133,25,1154.0616455078125,740.492431640625
133,26,1144.1141357421875,773.6056518554688
133,27,1196.0394287109375,462.9974060058594
133,28,1186.039306640625,502.6219787597656
133,29,1175.887939453125,541.7011108398438
133,30,1165.692138671875,579.9688110351562
133,31,1155.6119384765625,617.6990966796875
133,32,1145.712890625,653.9268188476562
133,33,1135.7945556640625,689.2012939453125
133,34,1125.8179931640625,723.2920532226562
133,35,1115.97998046875,755.9874877929688
133,36,1163.2301025390625,452.5738830566406
133,37,1154.3076171875,491.188232421875
133,38,1144.7774658203125,529.3689575195312
133,39,1135.37109375,566.684814453125
133,40,1125.652099609375,603.3111572265625
133,41,1116.4620361328125,638.9207763671875
133,42,1107.370849609375,673.3910522460938
133,43,1098.4100341796875,707.1046752929688
133,44,1089.6005859375,739.2322387695312
133,45,1133.2242431640625,443.0340881347656
133,46,1124.7882080078125,480.58538818359375
133,47,1116.280029296875,517.8133544921875
133,48,1107.1075439453125,554.0503540039062
133,49,1098.269287109375,590.05078125
133,50,1089.8868408203125,624.5997924804688
133,51,1081.46923828125,658.4867553710938
133,52,1073.204833984375,691.28662109375
133,53,1065.2259521484375,722.8723754882812
133,54,1103.7327880859375,434.0750732421875
133,55,1095.5164794921875,470.7182922363281
133,56,1087.70166015625,506.8421936035156
133,57,1080.1756591796875,542.38623046875
133,58,1071.9822998046875,577.2869873046875
133,59,1063.752685546875,611.2772827148438
133,60,1056.1505126953125,644.363037109375
133,61,1048.6190185546875,676.6896362304688
133,62,1040.4931640625,707.7654418945312
134,0,900.7088623046875,869.982666015625
134,1,926.8836059570312,840.4522094726562
134,2,952.3804931640625,811.6453857421875
134,3,976.6973266601562,782.8463745117188
134,4,1000.4404907226562,755.1903076171875
134,5,1023.066162109375,728.112060546875
134,6,1044.941162109375,702.1680908203125
134,7,1065.63037109375,677.58349609375
134,8,1085.1734619140625,653.8438720703125
134,9,932.2227783203125,891.3536376953125
134,10,958.5057373046875,860.8829956054688
134,11,984.0719604492188,830.7655639648438
134,12,1008.3672485351562,800.9952392578125
134,13,1031.8814697265625,771.7813720703125
134,14,1054.437255859375,743.7515869140625
134,15,1075.847412109375,717.2899780273438
134,16,1096.41552734375,692.1326293945312
134,17,1115.7857666015625,667.5068969726562
134,18,965.5641479492188,914.059326171875
134,19,991.9075927734375,882.1158447265625
134,20,1016.9646606445312,850.2335815429688
134,21,1041.2093505859375,819.6446533203125
134,22,1064.571533203125,789.7222290039062
134,23,1086.6536865234375,761.008544921875
134,24,1107.94091796875,733.0800170898438
134,25,1128.0653076171875,706.7295532226562
134,26,1147.0906982421875,681.5635986328125
134,27,1000.0829467773438,936.5779418945312
134,28,1026.14892578125,903.1441650390625
134,29,1051.2425537109375,870.3912963867188
134,30,1075.1395263671875,838.559326171875
134,31,1098.253173828125,807.6984252929688
134,32,1120.1568603515625,778.10302734375
134,33,1140.9530029296875,749.5872802734375
134,34,1160.737060546875,721.9735107421875
134,35,1179.1715087890625,695.7794799804688
134,36,1035.9871826171875,959.191650390625
134,37,1061.983154296875,924.7391967773438
134,38,1086.92578125,891.061279296875
134,39,1110.6700439453125,857.9822998046875
134,40,1133.454345703125,825.9550170898438
134,41,1154.8839111328125,795.2715454101562
134,42,1175.21826171875,765.9103393554688
134,43,1194.442626953125,737.4986572265625
134,44,1212.4981689453125,710.311279296875
134,45,1072.8359375,982.097412109375
134,46,1098.7037353515625,946.6758422851562
134,47,1123.302734375,911.920166015625
134,48,1146.70947265625,877.8887939453125
134,49,1169.0836181640625,844.9075317382812
134,50,1190.2083740234375,813.3819580078125
134,51,1209.9649658203125,782.98486328125
134,52,1228.52978515625,753.8294677734375
134,53,1246.0794677734375,726.0651245117188
134,54,1110.92236328125,1004.6714477539062
134,55,1136.4967041015625,968.0155029296875
134,56,1160.8572998046875,932.1862182617188
134,57,1183.93408203125,897.8622436523438
134,58,1205.81298828125,864.0504150390625
134,59,1226.251220703125,831.0172119140625
134,60,1245.5994873046875,800.1095581054688
134,61,1263.7020263671875,770.0021362304688
134,62,1280.6353759765625,740.8403930664062
135,0,819.2780151367188,947.2053833007812
135,1,836.9216918945312,924.486083984375
135,2,853.8373413085938,902.0703125
135,3,870.2550048828125,879.960205078125
135,4,886.3286743164062,858.4091796875
135,5,901.6717529296875,837.4713745117188
135,6,916.0523071289062,817.2111206054688
135,7,930.956298828125,797.7279663085938
135,9,845.256103515625,961.8695678710938
135,10,862.6453857421875,938.7080078125
135,11,879.406982421875,915.6431274414062
135,12,895.675048828125,892.8258056640625
135,13,911.2979736328125,870.378662109375
135,14,926.2055053710938,848.8743896484375
135,15,941.1602172851562,828.3766479492188
135,16,954.8338623046875,808.6433715820312
135,18,872.3045043945312,977.2623291015625
135,19,889.2808227539062,952.9532470703125
135,20,905.6823120117188,928.8956909179688
135,21,921.5503540039062,905.7183227539062
135,22,936.8242797851562,882.9564208984375
135,25,980.1693725585938,819.2312622070312
135,27,899.8851318359375,991.9750366210938
135,28,916.502197265625,966.9725952148438
135,29,932.6580810546875,942.2060546875
135,30,948.1634521484375,918.5360717773438
135,31,963.1783447265625,895.2711181640625
135,34,1005.1177978515625,830.235107421875
135,35,1018.2036743164062,809.9868774414062
135,36,927.9483032226562,1006.2720947265625
135,37,944.2584228515625,980.921875
135,38,960.263671875,955.9063720703125
135,39,975.4949340820312,931.3405151367188
135,40,990.3259887695312,907.586669921875
135,41,1004.5164794921875,884.7781372070312
135,42,1018.2915649414062,862.44482421875
135,43,1031.266357421875,841.1179809570312
135,44,1043.9251708984375,820.3388061523438
135,45,956.7947998046875,1020.9674682617188
135,46,972.7998657226562,994.8491821289062
135,47,988.3260498046875,969.3140869140625
135,48,1003.19580078125,944.3954467773438
135,49,1017.6036987304688,920.1415405273438
135,50,1031.52490234375,896.8098754882812
135,51,1044.5899658203125,874.2683715820312
135,52,1057.2755126953125,852.304931640625
135,54,986.0894165039062,1034.8441162109375
135,55,1001.7999267578125,1008.2835693359375
135,56,1016.9072875976562,982.2322387695312
135,57,1031.3804931640625,957.1842651367188
135,58,1045.43212890625,932.3748168945312
135,59,1058.9276123046875,908.500732421875
135,60,1071.45849609375,885.7283325195312
135,61,1083.8941650390625,863.1265258789062
136,0,731.15283203125,540.9672241210938
136,1,745.4589233398438,572.6530151367188
136,2,759.8828735351562,603.7027587890625
136,3,774.3601684570312,634.3784790039062
136,4,789.0448608398438,664.7512817382812
136,5,803.690673828125,694.2490844726562
136,6,818.076171875,723.1427001953125
136,7,832.1124267578125,751.286865234375
136,8,846.0643920898438,778.8139038085938
136,9,702.5989379882812,555.7691040039062
136,10,717.3277587890625,587.9908447265625
136,11,732.33154296875,619.6002807617188
136,12,747.7630615234375,650.7097778320312
136,13,763.2373657226562,681.4662475585938
136,14,778.4522094726562,711.4904174804688
136,15,793.2559204101562,740.6204833984375
136,16,807.6858520507812,768.969482421875
136,17,822.1248168945312,796.7984008789062
136,18,672.5691528320312,571.4898681640625
136,19,688.1466064453125,604.1041259765625
136,20,704.0942993164062,636.122314453125
136,21,720.096923828125,667.7063598632812
136,22,735.9942016601562,698.8971557617188
136,23,751.8175659179688,729.1187744140625
136,24,767.4815063476562,758.668212890625
136,25,782.775634765625,787.4510498046875
136,26,797.7655029296875,815.2388305664062
136,27,642.3181762695312,587.7977905273438
136,28,658.8174438476562,620.764892578125
136,29,675.2633056640625,653.3114624023438
136,30,691.8292846679688,685.2946166992188
136,31,708.2733154296875,716.8939208984375
136,32,724.5181884765625,747.4264526367188
136,33,740.7930297851562,777.236083984375
136,34,756.9589233398438,806.3033447265625
136,35,772.7366943359375,834.3595581054688
136,36,611.6720581054688,604.6202392578125
136,37,628.4336547851562,638.247314453125
136,38,645.4331665039062,671.2260131835938
136,39,662.6394653320312,703.5911865234375
136,40,680.017578125,735.6282958984375
136,41,696.9308471679688,766.5787963867188
136,42,713.7090454101562,796.6229248046875
136,43,730.4181518554688,825.9471435546875
136,44,746.8924560546875,854.181640625
136,45,580.3001098632812,622.0800170898438
136,46,597.7310791015625,656.2022094726562
136,47,615.0852661132812,689.7245483398438
136,48,632.97607421875,722.3773193359375
136,49,650.6708984375,754.690185546875
136,50,668.2394409179688,785.9212036132812
136,51,685.8096313476562,816.1732177734375
136,52,703.0336303710938,845.7116088867188
136,53,720.1348266601562,873.9620361328125
136,54,548.8941040039062,640.18798828125
136,55,566.7927856445312,674.7412719726562
136,56,584.9354858398438,708.7427978515625
136,57,602.6218872070312,741.7615966796875
136,58,621.0361328125,774.3497314453125
136,59,639.5389404296875,805.9755249023438
136,60,657.54150390625,836.351806640625
136,61,675.3705444335938,866.00341796875
136,62,693.5557861328125,894.6841430664062
137,0,1062.53369140625,659.5224609375
137,1,1056.6168212890625,684.3418579101562
137,2,1049.63720703125,710.494873046875
137,3,1042.5196533203125,737.503173828125
137,4,1035.0537109375,766.6990356445312
137,5,1026.9451904296875,796.6698608398438
137,6,1018.285400390625,828.2183227539062
137,7,1009.09619140625,861.9027099609375
137,8,999.3378295898438,896.69970703125
137,9,1029.76171875,655.6807861328125
137,10,1022.4094848632812,679.9139404296875
137,11,1015.0603637695312,705.419921875
137,12,1007.0704956054688,732.2643432617188
137,13,998.5447998046875,760.12890625
137,14,989.4356079101562,789.6264038085938
137,15,979.9818115234375,821.0847778320312
137,16,969.797607421875,854.6215209960938
137,17,959.244384765625,888.977294921875
137,18,997.0440673828125,651.9630126953125
137,19,989.661376953125,675.3057250976562
137,20,980.6735229492188,700.1065063476562
137,21,972.2138671875,726.376708984375
137,22,962.4364624023438,754.4758911132812
137,23,952.5974731445312,783.6199951171875
137,24,942.1004638671875,814.0452880859375
137,25,931.0852661132812,846.705078125
137,26,919.5689697265625,880.7294921875
137,27,965.1566162109375,647.359619140625
137,28,956.4412231445312,670.355712890625
137,29,947.2944946289062,694.84619140625
137,30,937.4328002929688,720.4992065429688
137,31,927.260986328125,748.0647583007812
137,32,916.349365234375,776.9901123046875
137,33,905.07275390625,807.0888061523438
137,34,893.2041015625,838.6868896484375
137,35,880.8106079101562,871.7875366210938
137,36,932.9805908203125,642.7972412109375
137,37,924.173828125,665.4026489257812
137,38,914.0874633789062,689.4752197265625
137,39,903.4851684570312,714.4633178710938
137,40,892.3334350585938,741.2745361328125
137,41,880.9207763671875,769.4901733398438
137,42,868.5476684570312,799.0552368164062
137,43,855.9888916015625,830.1984252929688
137,44,842.85498046875,862.8970947265625
137,45,902.8143920898438,638.1490478515625
137,46,892.6546020507812,660.98583984375
137,47,881.983642578125,684.3729248046875
137,48,870.6815795898438,709.1077270507812
137,49,858.7850341796875,735.3515625
137,50,846.5633544921875,763.3823852539062
137,51,833.8546752929688,792.1891479492188
137,52,820.5156860351562,822.8811645507812
137,53,806.7584838867188,854.9161376953125
137,54,872.2913818359375,632.9496459960938
137,55,861.7028198242188,654.9994506835938
137,56,850.267578125,678.6265258789062
137,57,838.6555786132812,703.4985961914062
137,58,826.2078857421875,729.6536865234375
137,59,813.0938720703125,756.116455078125
137,60,799.7261352539062,784.7965087890625
137,61,785.8269653320312,814.7835693359375
137,62,771.0913696289062,845.5282592773438
138,0,781.7645263671875,801.1048583984375
138,1,807.2053833007812,775.850830078125
138,2,831.9942016601562,751.2322387695312
138,3,855.4766235351562,727.2279663085938
138,4,878.2000122070312,704.4861450195312
138,5,899.6045532226562,682.0390625
138,6,920.1307373046875,660.9838256835938
138,7,940.186767578125,641.2006225585938
138,9,812.343017578125,820.8390502929688
138,10,837.8809814453125,794.6558227539062
138,11,862.1708374023438,768.8489379882812
138,12,885.4087524414062,743.7703857421875
138,13,907.9517211914062,719.1631469726562
138,14,929.0599365234375,696.0880737304688
138,15,949.481201171875,674.8500366210938
138,16,968.9030151367188,654.4304809570312
138,18,844.8710327148438,841.9194946289062
138,19,869.8355712890625,813.9127197265625
138,20,893.9008178710938,786.6025390625
138,21,916.7428588867188,760.3580322265625
138,22,938.8778686523438,735.4193115234375
138,23,959.7637329101562,711.7247314453125
138,24,980.0848388671875,688.8407592773438
138,25,998.5123901367188,667.82568359375
138,27,878.3789672851562,862.2713623046875
138,28,903.1529541015625,832.843505859375
138,29,926.8152465820312,804.5291748046875
138,30,949.3956909179688,777.5376586914062
138,31,970.9827880859375,751.6804809570312
138,32,991.3544311523438,727.2537841796875
138,33,1010.7738037109375,703.912109375
138,34,1029.157958984375,681.7564697265625
138,35,1046.239013671875,660.5040283203125
138,36,913.4644165039062,882.5767822265625
138,37,937.8472290039062,852.28662109375
138,38,961.1365966796875,823.08251953125
138,39,983.136962890625,794.8504638671875
138,40,1004.2706298828125,767.9514770507812
138,41,1024.147705078125,742.7398681640625
138,42,1042.7493896484375,718.5394897460938
138,43,1060.5311279296875,695.665771484375
138,44,1077.288818359375,673.8385009765625
138,45,949.5455322265625,903.2581176757812
138,46,973.39404296875,872.0820922851562
138,47,996.15185546875,841.9562377929688
138,48,1017.808349609375,812.7595825195312
138,49,1038.1622314453125,785.036376953125
138,50,1057.32861328125,758.9312744140625
138,51,1075.399169921875,734.1027221679688
138,52,1092.460205078125,710.4341430664062
138,53,1108.3997802734375,688.2128295898438
138,54,987.0090942382812,923.3978881835938
138,55,1010.3901977539062,890.9441528320312
138,56,1032.5826416015625,859.8987426757812
138,57,1053.2757568359375,830.7316284179688
138,58,1073.035888671875,802.139404296875
138,59,1091.5665283203125,774.7705078125
138,60,1108.8370361328125,749.4259033203125
138,61,1125.219482421875,724.9501953125
138,62,1140.677734375,701.5224609375
139,0,890.8907470703125,481.31939697265625
139,1,905.3199462890625,508.38555908203125
139,2,919.5984497070312,536.0980224609375
139,3,934.7119140625,563.4659423828125
139,4,950.0175170898438,591.3440551757812
139,5,965.3624267578125,618.8735961914062
139,6,980.2799072265625,646.750244140625
139,7,995.55712890625,674.62060546875
139,8,1010.8070068359375,702.2415161132812
139,9,866.0350341796875,490.8116455078125
139,10,880.69921875,518.4625244140625
139,11,895.7063598632812,546.4978637695312
139,12,911.1340942382812,574.3565063476562
139,13,926.9083251953125,602.5408935546875
139,14,942.67578125,630.8912963867188
139,15,958.0021362304688,659.330078125
139,16,973.1028442382812,688.0321044921875
139,17,988.5639038085938,716.3276977539062
139,18,840.075439453125,501.0856628417969
139,19,855.1788940429688,529.1219482421875
139,20,870.6373901367188,557.2222290039062
139,21,886.32177734375,585.7560424804688
139,22,902.0503540039062,614.9374389648438
139,23,918.0806884765625,643.8305053710938
139,24,934.0103149414062,672.7557983398438
139,25,949.9231567382812,701.8355712890625
139,26,965.6022338867188,730.8983154296875
139,27,813.6970825195312,511.1846618652344
139,28,828.9805908203125,539.8058471679688
139,29,844.7813720703125,568.775146484375
139,30,860.5419311523438,597.7168579101562
139,31,876.662109375,627.545166015625
139,32,892.8478393554688,657.1390380859375
139,33,909.152099609375,686.7664184570312
139,34,925.430908203125,716.39111328125
139,35,941.8848876953125,745.9197998046875
139,36,786.4669189453125,521.3864135742188
139,37,801.8073120117188,550.809326171875
139,38,817.5613403320312,580.5408935546875
139,39,833.8767700195312,610.339599609375
139,40,850.1788940429688,640.4323120117188
139,41,866.7880859375,670.8690795898438
139,42,883.348388671875,701.008544921875
139,43,900.0740356445312,731.3775024414062
139,44,916.7127685546875,761.6197509765625
139,45,758.283203125,532.263671875
139,46,773.9407958984375,562.396728515625
139,47,789.6829833984375,592.761474609375
139,48,806.1908569335938,623.3281860351562
139,49,822.7785034179688,654.3612670898438
139,50,839.5824584960938,685.3012084960938
139,51,856.440185546875,716.121337890625
139,52,873.4312744140625,747.130126953125
139,53,890.3807983398438,777.8677978515625
139,54,729.7293701171875,543.1639404296875
139,55,745.4810791015625,573.8756713867188
139,56,761.5235595703125,605.0390625
139,57,777.5006103515625,636.8193969726562
139,58,794.2813110351562,668.5706176757812
139,59,811.6409912109375,700.12744140625
139,60,828.5665893554688,731.728515625
139,61,846.1091918945312,763.285888671875
139,62,863.7881469726562,794.462158203125
140,0,917.7124633789062,459.8598327636719
140,1,928.1046142578125,490.9726867675781
140,2,938.2767333984375,521.5249633789062
140,3,948.6110229492188,551.4779663085938
140,4,958.635498046875,580.51513671875
140,5,968.761962890625,609.0714721679688
140,6,978.2396850585938,636.6331176757812
140,7,987.5897216796875,663.1781616210938
140,8,996.522216796875,689.022705078125
140,9,893.9630126953125,473.0785217285156
140,10,904.977294921875,504.76373291015625
140,11,915.9351196289062,536.10595703125
140,12,927.1114501953125,566.4083862304688
140,13,938.1395874023438,596.2732543945312
140,14,948.8865966796875,625.1554565429688
140,15,958.6364135742188,652.8910522460938
140,16,968.0993041992188,680.1279296875
140,17,977.58544921875,706.03173828125
140,18,868.4036254882812,487.19659423828125
140,19,880.3982543945312,519.6580200195312
140,20,892.5033569335938,551.4404296875
140,21,904.3416748046875,582.4713134765625
140,22,915.8065795898438,612.6813354492188
140,23,927.0770263671875,641.8221435546875
140,24,937.9964599609375,670.2179565429688
140,25,948.19189453125,697.4867553710938
140,26,957.94970703125,723.994873046875
140,27,842.5442504882812,502.2772521972656
140,28,855.6082153320312,535.3088989257812
140,29,868.4093017578125,567.6431884765625
140,30,880.9561157226562,599.0757446289062
140,31,893.0986328125,629.9605102539062
140,32,904.6263427734375,659.3349609375
140,33,916.2134399414062,688.0328979492188
140,34,927.3058471679688,715.7335815429688
140,35,938.0339965820312,742.2130126953125
140,36,816.5264892578125,518.1795043945312
140,37,829.9727172851562,551.9577026367188
140,38,843.033935546875,584.9119262695312
140,39,856.5054321289062,616.9474487304688
140,40,869.5761108398438,647.9473266601562
140,41,881.9368896484375,677.9400634765625
140,42,894.042236328125,706.814697265625
140,43,905.6281127929688,734.8016967773438
140,44,916.8579711914062,761.6486206054688
140,45,789.0618896484375,534.8754272460938
140,46,803.0180053710938,569.2095947265625
140,47,816.9119873046875,602.7272338867188
140,48,830.9163818359375,635.1847534179688
140,49,844.5355224609375,666.7413330078125
140,50,857.5523071289062,697.030517578125
140,51,870.3124389648438,726.1720581054688
140,52,882.85302734375,754.09130859375
140,53,894.41650390625,781.0715942382812
140,54,761.1793823242188,552.7361450195312
140,55,776.170166015625,587.754150390625
140,56,790.8362426757812,621.7337646484375
140,57,804.6827392578125,654.6578979492188
140,58,818.8826904296875,686.396728515625
140,59,832.9873046875,717.120361328125
140,60,846.2570190429688,746.7525024414062
140,61,859.373779296875,774.76806640625
140,62,872.7144165039062,801.7683715820312
141,0,857.4965209960938,988.7993774414062
141,1,871.9329833984375,966.0408325195312
141,2,885.98486328125,943.8005981445312
141,3,899.4786987304688,921.3427734375
141,4,912.6019897460938,899.725830078125
141,5,926.0255737304688,878.0018310546875
141,6,938.6578369140625,856.9628295898438
141,7,951.2083129882812,836.4794921875
141,9,881.8900146484375,1001.2841796875
141,10,895.8482666015625,978.27099609375
141,11,909.7769775390625,955.37841796875
141,12,923.1168212890625,932.678466796875
141,13,936.4862670898438,910.0165405273438
141,14,949.204833984375,888.1311645507812
141,15,961.8884887695312,866.7861938476562
141,16,974.3033447265625,846.2319946289062
141,17,986.091552734375,825.786865234375
141,18,906.68408203125,1014.0595092773438
141,19,920.6497192382812,990.5160522460938
141,20,934.0639038085938,966.9926147460938
141,21,947.2512817382812,943.9720458984375
141,22,960.2238159179688,921.219482421875
141,23,973.19091796875,898.7542114257812
141,24,985.6962890625,876.9047241210938
141,27,931.8548583984375,1026.7342529296875
141,28,945.4432983398438,1002.4129638671875
141,29,959.111328125,978.5747680664062
141,30,972.20263671875,954.9817504882812
141,31,984.8899536132812,931.8499755859375
141,32,997.4270629882812,909.336669921875
141,33,1009.59619140625,887.0962524414062
141,36,957.4773559570312,1038.749755859375
141,37,971.142822265625,1014.2921142578125
141,38,984.385498046875,990.1827392578125
141,39,997.3128051757812,966.235107421875
141,40,1010.0107421875,942.636962890625
141,41,1022.3480224609375,919.718994140625
141,42,1034.169921875,897.1298828125
141,43,1045.66455078125,875.0313720703125
141,44,1056.6981201171875,853.84033203125
141,45,983.6177978515625,1050.974609375
141,46,996.9677124023438,1026.268798828125
141,47,1010.1831665039062,1001.7118530273438
141,48,1022.6241455078125,977.5206298828125
141,49,1035.0977783203125,953.3362426757812
141,50,1047.1131591796875,930.2488403320312
141,51,1058.6429443359375,907.521240234375
141,52,1070.094970703125,884.9451293945312
141,53,1080.658447265625,863.357666015625
141,54,1009.9324340820312,1062.6746826171875
141,55,1023.1185302734375,1037.4876708984375
141,56,1036.0538330078125,1012.6766357421875
141,57,1048.5372314453125,988.3880615234375
141,58,1060.7158203125,964.3206176757812
141,59,1072.4482421875,940.4274291992188
141,60,1083.863525390625,917.5220336914062
141,61,1094.7137451171875,894.79931640625
141,62,1105.263916015625,872.46533203125
142,0,1305.908935546875,501.87823486328125
142,1,1294.10400390625,545.1707153320312
142,2,1282.0621337890625,587.5491943359375
142,3,1269.3546142578125,628.9359741210938
142,4,1256.502197265625,669.3115234375
142,5,1243.43212890625,708.1978759765625
142,6,1230.4046630859375,745.697998046875
142,7,1217.7239990234375,781.5759887695312
142,8,1205.143798828125,815.954345703125
142,9,1269.7161865234375,488.7224426269531
142,10,1258.704833984375,530.9498291015625
142,11,1247.220947265625,572.123779296875
142,12,1235.1075439453125,612.6361694335938
142,13,1222.8453369140625,652.2619018554688
142,14,1210.2332763671875,690.5821533203125
142,15,1198.4814453125,727.219970703125
142,16,1187.18408203125,762.6552124023438
142,17,1175.6220703125,796.3206176757812
142,18,1235.8173828125,476.9017028808594
142,19,1225.1231689453125,517.7431030273438
142,20,1213.86328125,558.0423583984375
142,21,1202.440185546875,597.3298950195312
142,22,1191.2562255859375,635.9962768554688
142,23,1179.952880859375,673.2755126953125
142,24,1168.450927734375,709.4745483398438
142,25,1157.4544677734375,744.3447265625
142,26,1147.075927734375,777.8050537109375
142,27,1202.8961181640625,465.5827331542969
142,28,1192.5615234375,505.3577880859375
142,29,1182.069091796875,544.48828125
142,30,1171.298583984375,582.9573364257812
142,31,1160.92822265625,620.6994018554688
142,32,1150.436767578125,657.3034057617188
142,33,1139.9742431640625,692.5325927734375
142,34,1129.56787109375,727.0797119140625
142,35,1119.343017578125,759.9985961914062
142,36,1170.6917724609375,455.1816711425781
142,37,1160.955810546875,493.8836669921875
142,38,1151.5418701171875,531.8590698242188
142,39,1141.342529296875,569.368896484375
142,40,1131.4627685546875,606.3909912109375
142,41,1121.5885009765625,641.9532470703125
142,42,1112.1141357421875,676.7831420898438
142,43,1102.537841796875,710.3754272460938
142,44,1093.418701171875,742.86279296875
142,45,1141.0667724609375,445.7225341796875
142,46,1132.278076171875,483.34210205078125
142,47,1123.195556640625,520.38916015625
142,48,1113.7176513671875,556.9150390625
142,49,1104.5335693359375,592.7140502929688
142,50,1095.5260009765625,627.6388549804688
142,51,1086.75,661.6266479492188
142,52,1078.0025634765625,694.4367065429688
142,53,1069.7490234375,726.322265625
142,54,1112.005126953125,436.7370910644531
142,55,1103.51416015625,473.2440185546875
142,56,1095.105712890625,509.277587890625
142,57,1087.1290283203125,544.919921875
142,58,1078.565185546875,579.6882934570312
142,59,1069.92431640625,614.0667114257812
142,60,1061.94189453125,647.2349243164062
142,61,1053.839111328125,679.4275512695312
142,62,1045.40673828125,710.89990234375
143,0,787.9269409179688,536.4987182617188
143,1,804.2349243164062,564.318115234375
143,2,820.14013671875,591.5201416015625
143,3,836.4642333984375,617.8384399414062
143,4,852.048583984375,643.1973876953125
143,5,867.8768310546875,667.9258422851562
143,6,882.9500122070312,691.932861328125
143,7,897.3539428710938,714.5955810546875
143,9,766.1373291015625,556.5241088867188
143,10,783.2997436523438,584.6829833984375
143,11,800.247802734375,612.3009643554688
143,12,817.3801879882812,638.7879028320312
143,13,834.2963256835938,664.5022583007812
143,14,850.7736206054688,689.1748046875
143,15,866.1915893554688,713.019287109375
143,16,880.9527587890625,736.064208984375
143,17,895.7421875,758.1546630859375
143,18,742.978515625,577.8248291015625
143,19,761.2742919921875,606.2330932617188
143,20,779.6682739257812,633.7683715820312
143,21,797.5333251953125,660.6383056640625
143,22,814.982666015625,686.449462890625
143,23,832.0201416015625,711.2518920898438
143,24,848.5625,735.2076416015625
143,25,864.3733520507812,758.331787109375
143,26,879.3016967773438,780.1980590820312
143,27,719.42724609375,599.9891967773438
143,28,739.1614990234375,628.819091796875
143,29,758.2750854492188,656.582763671875
143,30,777.2520751953125,683.324951171875
143,31,795.3128051757812,709.470703125
143,32,812.9769287109375,734.3729248046875
143,33,830.1844482421875,758.4017333984375
143,34,846.9490356445312,781.4901123046875
143,35,862.8043212890625,803.2386474609375
143,36,696.04541015625,623.2681274414062
143,37,716.333251953125,652.3388671875
143,38,736.3489379882812,680.3380737304688
143,39,756.179443359375,707.4077758789062
143,40,775.4576416015625,733.5482177734375
143,41,793.898681640625,758.5213012695312
143,42,811.805908203125,782.2274169921875
143,43,828.99072265625,805.400634765625
143,44,845.765625,827.0122680664062
143,45,671.7244873046875,647.5844116210938
143,46,692.892333984375,676.8106689453125
143,47,713.7470703125,704.9081420898438
143,48,734.3319091796875,732.115234375
143,49,754.3510131835938,758.1671752929688
143,50,773.5519409179688,783.0550537109375
143,51,792.1676025390625,806.8482055664062
143,52,810.1384887695312,829.5802001953125
143,53,827.1942749023438,851.2606811523438
143,54,647.6985473632812,672.892333984375
143,55,669.9228515625,702.3414306640625
143,56,691.7357788085938,730.7001953125
143,57,712.3118286132812,757.8079223632812
143,58,733.0651245117188,783.81982421875
143,59,753.3465576171875,808.7854614257812
143,60,772.6184692382812,832.4857177734375
143,61,791.26904296875,854.9943237304688
143,62,809.954345703125,876.6117553710938
144,0,771.4984741210938,523.9723510742188
144,1,785.1497802734375,554.5908813476562
144,2,798.3131713867188,584.4149169921875
144,3,811.9569091796875,613.521728515625
144,4,825.2406616210938,642.1561889648438
144,5,838.6786499023438,670.0982055664062
144,6,851.6395263671875,697.0497436523438
144,7,864.0557250976562,722.8956298828125
144,8,876.583984375,748.0164794921875
144,9,746.5848388671875,540.009521484375
144,10,760.4666748046875,570.957275390625
144,11,774.7863159179688,601.6817016601562
144,12,789.1397094726562,631.0791015625
144,13,803.6464233398438,660.165283203125
144,14,817.8340454101562,688.2815551757812
144,15,831.0975952148438,715.33154296875
144,16,843.8258056640625,741.5330200195312
144,17,856.755126953125,766.8771362304688
144,18,719.830810546875,556.9591064453125
144,19,734.9328002929688,588.5593872070312
144,20,750.405517578125,619.3787841796875
144,21,765.4498291015625,649.369140625
144,22,780.4536743164062,678.7692260742188
144,23,795.0462036132812,707.0527954101562
144,24,809.7630004882812,734.4303588867188
144,25,823.4317016601562,761.0482788085938
144,26,836.4093627929688,786.5090942382812
144,27,692.7457275390625,574.7290649414062
144,28,709.1488037109375,606.8013305664062
144,29,725.206787109375,638.1365356445312
144,30,741.165771484375,668.6006469726562
144,31,756.8510131835938,698.27978515625
144,32,772.134033203125,726.7465209960938
144,33,787.1134033203125,754.4369506835938
144,34,801.8964233398438,781.2073364257812
144,35,816.1043090820312,806.7423706054688
144,36,665.4636840820312,593.287109375
144,37,682.1967163085938,625.9317016601562
144,38,698.9964599609375,657.7129516601562
144,39,715.8728637695312,688.591796875
144,40,732.7328491210938,718.5604858398438
144,41,748.6063232421875,747.449951171875
144,42,764.1558227539062,775.2442626953125
144,43,779.7037353515625,802.1846923828125
144,44,794.6129760742188,827.9989013671875
144,45,637.04931640625,613.043212890625
144,46,654.7496948242188,645.8599853515625
144,47,672.0468139648438,678.0848999023438
144,48,689.63818359375,709.435302734375
144,49,706.9918212890625,739.5896606445312
144,50,723.897216796875,768.79833984375
144,51,740.3639526367188,796.6917114257812
144,52,756.4989624023438,823.79541015625
144,53,771.8792724609375,849.2155151367188
144,54,608.5219116210938,633.161865234375
144,55,627.1485595703125,666.9041748046875
144,56,645.4813842773438,699.3827514648438
144,57,663.173583984375,730.9412841796875
144,58,681.145751953125,761.3674926757812
144,59,699.0010986328125,790.8999633789062
144,60,716.1051025390625,818.8214721679688
144,61,732.9972534179688,845.8440551757812
144,62,749.856201171875,871.6514892578125
145,2,953.7858276367188,614.7742309570312
145,3,977.0621948242188,626.3203125
145,4,1003.3024291992188,639.3585815429688
145,5,1028.9984130859375,652.27587890625
145,6,1057.6068115234375,666.1414184570312
145,7,1087.144775390625,680.9153442382812
145,8,1118.1107177734375,696.3431396484375
145,9,885.6080932617188,611.1964721679688
145,10,907.1843872070312,623.3856811523438
145,11,929.6839599609375,635.4114990234375
145,12,953.5944213867188,648.1178588867188
145,13,978.1243896484375,661.0463256835938
145,14,1005.1331176757812,675.023193359375
145,15,1032.8770751953125,690.08349609375
145,16,1062.7484130859375,706.3112182617188
145,17,1093.5255126953125,722.623046875
145,18,862.0599975585938,632.3484497070312
145,19,883.0942993164062,644.8081665039062
145,20,905.2618408203125,657.1673583984375
145,21,928.6514892578125,670.501953125
145,22,953.6544189453125,684.679443359375
145,23,979.7057495117188,699.4420776367188
145,24,1007.432861328125,715.179443359375
145,25,1036.7530517578125,731.996337890625
145,26,1067.64013671875,749.917724609375
145,27,837.6888427734375,653.3358764648438
145,28,858.1436767578125,665.9683837890625
145,29,879.8386840820312,679.2405395507812
145,30,902.8190307617188,693.3228149414062
145,31,927.3720092773438,708.6130981445312
145,32,953.4759521484375,724.6944580078125
145,33,980.80126953125,741.1552124023438
145,34,1009.9338989257812,758.88720703125
145,35,1040.5882568359375,777.4564208984375
145,36,812.0233764648438,673.8079833984375
145,37,832.1995239257812,687.536376953125
145,38,853.686279296875,702.1238403320312
145,39,876.099365234375,716.8799438476562
145,40,900.1953125,732.8668823242188
145,41,925.7754516601562,749.759033203125
145,42,952.90625,767.7706909179688
145,43,981.6710815429688,786.5335083007812
145,44,1012.121826171875,806.298095703125
145,45,786.3926391601562,694.6467895507812
145,46,806.1653442382812,709.829833984375
145,47,827.2874755859375,725.2069091796875
145,48,849.25048828125,741.1259155273438
145,49,872.7730712890625,758.0565185546875
145,50,897.9857788085938,776.2552490234375
145,51,924.3438720703125,794.9918823242188
145,52,952.9430541992188,815.2545776367188
145,53,983.0650634765625,836.339111328125
145,55,778.6128540039062,730.9474487304688
145,56,799.1378173828125,747.4383544921875
145,57,821.0753173828125,765.4088134765625
145,58,844.4326171875,783.7959594726562
145,59,868.7305908203125,802.331787109375
145,60,895.023193359375,822.8155517578125
145,61,922.9847412109375,844.07763671875
145,62,952.497314453125,865.9757690429688
146,0,938.5181884765625,841.2451171875
146,1,956.3558959960938,817.2528076171875
146,2,974.75537109375,792.8965454101562
146,3,992.72998046875,767.737548828125
146,4,1011.316650390625,741.8336791992188
146,5,1029.83837890625,715.5361328125
146,6,1048.495849609375,688.8699340820312
146,7,1067.519775390625,661.7792358398438
146,8,1086.57373046875,634.3457641601562
146,9,956.7108154296875,861.8189697265625
146,10,975.1034545898438,837.7369995117188
146,11,993.7493286132812,812.9537963867188
146,12,1012.172607421875,787.448486328125
146,13,1030.85791015625,760.8919067382812
146,14,1049.895263671875,734.2843627929688
146,15,1069.4278564453125,707.1312866210938
146,16,1089.3629150390625,679.61181640625
146,17,1108.9906005859375,651.60400390625
146,18,976.067138671875,883.208984375
146,19,994.6656494140625,858.7493896484375
146,20,1013.2428588867188,833.6235961914062
146,21,1032.33203125,807.9771118164062
146,22,1051.9884033203125,781.2049560546875
146,23,1071.786865234375,754.0021362304688
146,24,1091.44140625,726.4218139648438
146,25,1111.7119140625,698.1734619140625
146,26,1132.203857421875,669.788818359375
146,27,995.3958740234375,905.215087890625
146,28,1014.3550415039062,880.6427001953125
146,29,1033.686279296875,855.2678833007812
146,30,1053.306884765625,829.1373901367188
146,31,1073.6370849609375,801.9602661132812
146,32,1094.02392578125,774.4949340820312
146,33,1114.4727783203125,746.3070678710938
146,34,1135.362060546875,717.6818237304688
146,35,1155.9627685546875,688.6080322265625
146,36,1014.7361450195312,928.288330078125
146,37,1034.6768798828125,903.4727783203125
146,38,1054.8402099609375,877.725830078125
146,39,1075.02197265625,851.222900390625
146,40,1095.8809814453125,823.8702392578125
146,41,1116.9522705078125,795.9030151367188
146,42,1138.2432861328125,767.2385864257812
146,43,1159.6839599609375,737.9793701171875
146,44,1181.0328369140625,708.3488159179688
146,45,1035.0811767578125,951.6229858398438
146,46,1055.85205078125,926.6867065429688
146,47,1076.6773681640625,900.6799926757812
146,48,1097.716064453125,873.9860229492188
146,49,1119.235595703125,846.2756958007812
146,50,1141.0645751953125,817.9481201171875
146,51,1162.9664306640625,788.9024047851562
146,52,1185.1685791015625,759.1431884765625
146,53,1207.2550048828125,728.9720458984375
146,54,1055.2822265625,975.7966918945312
146,55,1076.3980712890625,950.6248779296875
146,56,1098.2681884765625,924.5818481445312
146,57,1120.802001953125,897.6795043945312
146,58,1143.2547607421875,869.4541015625
146,59,1165.4578857421875,840.9432373046875
146,60,1188.406494140625,811.4108276367188
146,61,1211.195556640625,781.233642578125
146,62,1233.760009765625,750.39501953125
147,0,1286.2864990234375,501.30126953125
147,1,1275.5675048828125,546.0298461914062
147,2,1264.8564453125,589.2927856445312
147,3,1253.193115234375,631.6528930664062
147,4,1241.8404541015625,672.6363525390625
147,5,1229.8431396484375,712.080078125
147,6,1218.0263671875,749.9068603515625
147,7,1206.3897705078125,785.9185180664062
147,8,1195.4134521484375,820.1943359375
147,9,1250.7628173828125,488.5311279296875
147,10,1241.0830078125,531.6670532226562
147,11,1230.916259765625,574.0477905273438
147,12,1219.947509765625,615.0549926757812
147,13,1208.731201171875,655.260498046875
147,14,1197.6234130859375,693.9557495117188
147,15,1187.0699462890625,730.9022216796875
147,16,1177.1685791015625,766.2858276367188
147,17,1166.9854736328125,800.2261962890625
147,18,1218.055908203125,476.75433349609375
147,19,1208.685791015625,518.6680297851562
147,20,1198.408447265625,559.4251708984375
147,21,1188.3880615234375,599.679931640625
147,22,1178.384033203125,638.721923828125
147,23,1168.2454833984375,676.380859375
147,24,1158.21240234375,712.8650512695312
147,25,1148.4669189453125,747.7413940429688
147,26,1139.46826171875,781.2006225585938
147,27,1186.299072265625,465.971435546875
147,28,1177.23046875,506.4208679199219
147,29,1167.81982421875,546.2808837890625
147,30,1158.451171875,585.1366577148438
147,31,1149.3292236328125,623.3233032226562
147,32,1140.181396484375,660.139892578125
147,33,1130.996337890625,695.6301879882812
147,34,1121.88427734375,730.0833129882812
147,35,1112.989990234375,763.1212158203125
147,36,1155.3726806640625,455.8579406738281
147,37,1147.1217041015625,495.1206359863281
147,38,1138.605712890625,533.7863159179688
147,39,1129.8421630859375,571.6448364257812
147,40,1121.138916015625,608.8954467773438
147,41,1112.6552734375,644.8572387695312
147,42,1104.605712890625,679.5877075195312
147,43,1096.2071533203125,713.1806640625
147,44,1088.3131103515625,745.734130859375
147,45,1127.1329345703125,446.7486267089844
147,46,1119.460205078125,484.6664733886719
147,47,1111.896240234375,522.3653564453125
147,48,1103.70458984375,559.16552734375
147,49,1095.5733642578125,595.3341064453125
147,50,1088.1893310546875,630.3090209960938
147,51,1080.8126220703125,664.244384765625
147,52,1073.350830078125,697.2359008789062
147,53,1066.412109375,728.8203735351562
147,54,1099.3983154296875,438.2867126464844
147,55,1092.1165771484375,475.122802734375
147,56,1085.1903076171875,511.49530029296875
147,57,1078.700927734375,547.3950805664062
147,58,1071.4422607421875,582.623291015625
147,59,1063.842529296875,616.6724243164062
147,60,1057.2861328125,649.7780151367188
147,61,1050.346923828125,681.8711547851562
147,62,1043.2447509765625,713.3692626953125
148,0,782.3388671875,805.2249145507812
148,1,807.7042846679688,777.2487182617188
148,2,832.2879028320312,750.0663452148438
148,3,855.9058227539062,723.0621337890625
148,4,878.7752075195312,697.3550415039062
148,5,900.9148559570312,672.2391357421875
148,6,922.1136474609375,648.3939208984375
148,7,942.6571655273438,625.4872436523438
148,8,962.1515502929688,603.4140014648438
148,9,813.1554565429688,826.37451171875
148,10,838.3947143554688,797.5065307617188
148,11,862.6447143554688,769.2543334960938
148,12,886.099853515625,741.34130859375
148,13,908.9692993164062,714.1766357421875
148,14,930.7053833007812,688.23095703125
148,15,951.6744384765625,663.8865966796875
148,16,971.8731079101562,640.538818359375
148,17,991.0015869140625,618.033203125
148,18,845.4589233398438,848.6350708007812
148,19,870.286865234375,818.4962158203125
148,20,894.2315673828125,788.767333984375
148,21,917.4527587890625,760.0477294921875
148,22,940.2013549804688,732.1737670898438
148,23,961.6509399414062,705.7515869140625
148,24,982.2367553710938,680.11328125
148,25,1002.025146484375,655.783935546875
148,26,1020.6978759765625,632.7808837890625
148,27,878.76708984375,870.6390380859375
148,28,903.3685913085938,839.1282958984375
148,29,927.1761474609375,808.52001953125
148,30,950.0457763671875,778.9459838867188
148,31,972.3180541992188,750.3681030273438
148,32,993.4630737304688,723.107421875
148,33,1013.6778564453125,696.9327392578125
148,34,1032.973876953125,671.6829833984375
148,35,1051.2093505859375,647.6839599609375
148,36,913.1640014648438,892.4132080078125
148,37,937.6427612304688,860.2847290039062
148,38,961.1981811523438,828.7681274414062
148,39,983.8169555664062,798.1680297851562
148,40,1005.667724609375,768.6142578125
148,41,1026.27197265625,740.4711303710938
148,42,1046.115966796875,713.4754028320312
148,43,1064.9005126953125,687.7186889648438
148,44,1082.746826171875,662.9823608398438
148,45,948.4882202148438,914.6071166992188
148,46,972.6533813476562,881.5687866210938
148,47,995.9439697265625,849.2538452148438
148,48,1018.0865478515625,817.9421997070312
148,49,1039.3251953125,787.5606689453125
148,50,1059.5562744140625,758.7243041992188
148,51,1078.718017578125,731.0104370117188
148,52,1097.0203857421875,704.442626953125
148,53,1114.1475830078125,679.1538696289062
148,54,984.9586791992188,936.3356323242188
148,55,1008.7074584960938,902.1865234375
148,56,1031.54345703125,869.1083374023438
148,57,1053.09423828125,837.5831909179688
148,58,1073.9398193359375,806.5680541992188
148,59,1093.7724609375,776.5790405273438
148,60,1112.247802734375,748.225341796875
148,61,1129.8746337890625,721.0225219726562
148,62,1146.5938720703125,694.6563720703125
149,0,911.2537841796875,459.02294921875
149,1,922.2286376953125,489.7042541503906
149,2,933.0328369140625,520.1505737304688
149,3,944.14501953125,549.9964599609375
149,4,954.9922485351562,579.684814453125
149,5,965.9334716796875,608.4954833984375
149,6,976.2429809570312,636.8682861328125
149,7,986.4660034179688,664.3961791992188
149,8,996.6907348632812,691.3070068359375
149,9,886.9238891601562,470.3986511230469
149,10,898.175048828125,501.8254699707031
149,11,909.877197265625,532.8148803710938
149,12,921.7009887695312,563.2786254882812
149,13,933.4640502929688,593.3046264648438
149,14,944.9810180664062,622.7221069335938
149,15,955.7132568359375,651.5228881835938
149,16,965.9776611328125,679.5122680664062
149,17,976.2399291992188,706.8836059570312
149,18,860.7052612304688,482.7048645019531
149,19,873.1131591796875,514.3885498046875
149,20,885.8248901367188,546.07958984375
149,21,898.0470581054688,576.976318359375
149,22,910.1256103515625,607.7304077148438
149,23,921.9270629882812,637.6307373046875
149,24,933.6338500976562,666.8120727539062
149,25,944.7724609375,695.25048828125
149,26,955.2636108398438,722.9234619140625
149,27,834.4691162109375,495.21966552734375
149,28,847.7054443359375,527.8198852539062
149,29,860.6959838867188,560.0076293945312
149,30,873.4136962890625,591.555419921875
149,31,886.142578125,622.8522338867188
149,32,898.3822631835938,653.1910400390625
149,33,910.6610107421875,682.8303833007812
149,34,922.2643432617188,711.7630615234375
149,35,933.9992065429688,739.6891479492188
149,36,807.8814086914062,508.4470520019531
149,37,821.1122436523438,541.8779907226562
149,38,834.2861328125,574.8143920898438
149,39,848.0007934570312,606.962890625
149,40,861.470458984375,638.6602172851562
149,41,874.3268432617188,669.4496459960938
149,42,886.8682861328125,699.6585083007812
149,43,899.460693359375,728.9429931640625
149,44,911.6337280273438,757.2667846679688
149,45,779.7520141601562,522.5362548828125
149,46,793.5877075195312,556.6427612304688
149,47,807.2540893554688,590.0184326171875
149,48,821.5028686523438,622.8671875
149,49,835.1727905273438,655.0797119140625
149,50,848.6358642578125,686.4835205078125
149,51,862.1076049804688,717.0172119140625
149,52,875.1165161132812,746.5257568359375
149,53,887.6525268554688,775.0758666992188
149,54,751.10693359375,537.2682495117188
149,55,765.838134765625,571.954345703125
149,56,780.2871704101562,606.1397705078125
149,57,794.1338500976562,639.6226196289062
149,58,808.3057250976562,672.4063110351562
149,59,822.8057861328125,704.2039184570312
149,60,836.6185913085938,735.0040283203125
149,61,850.2236938476562,764.9765014648438
149,62,864.0631103515625,793.992431640625
150,0,828.8777465820312,624.9014282226562
150,1,858.7478637695312,640.66259765625
150,2,889.3951416015625,656.8709716796875
150,3,920.7930908203125,672.9444580078125
150,4,953.1021118164062,689.4172973632812
150,5,986.1029052734375,706.007080078125
150,6,1019.5833129882812,722.9053344726562
150,7,1053.583740234375,740.2830200195312
150,8,1087.8426513671875,757.599853515625
150,9,809.0155029296875,652.3818359375
150,10,838.9773559570312,668.6627197265625
150,11,869.8009643554688,685.102294921875
150,12,901.4803466796875,701.7596435546875
150,13,934.1727905273438,718.5697021484375
150,14,967.4121704101562,735.8361206054688
150,15,1001.4161987304688,753.5467529296875
150,16,1035.93701171875,771.7069702148438
150,17,1070.6693115234375,789.3636474609375
150,18,788.7938842773438,680.959228515625
150,19,818.6284790039062,697.640869140625
150,20,849.6295776367188,714.25634765625
150,21,881.4848022460938,731.5198974609375
150,22,914.5243530273438,749.2911376953125
150,23,948.2005004882812,767.2127075195312
150,24,982.43505859375,785.2398681640625
150,25,1017.4535522460938,803.7192993164062
150,26,1052.7763671875,822.3391723632812
150,27,767.9090576171875,709.6395874023438
150,28,797.8233642578125,726.6608276367188
150,29,828.9462280273438,744.2166137695312
150,30,860.9773559570312,762.0669555664062
150,31,894.2293090820312,780.5467529296875
150,32,928.2822265625,799.2304077148438
150,33,962.847412109375,817.9800415039062
150,34,998.2233276367188,836.8654174804688
150,35,1034.169921875,855.8153686523438
150,36,745.981689453125,738.3277587890625
150,37,776.192138671875,756.6748046875
150,38,807.5984497070312,775.0037841796875
150,39,839.852294921875,793.613037109375
150,40,873.2877807617188,812.6790161132812
150,41,907.5604248046875,831.9281005859375
150,42,942.468017578125,851.3078002929688
150,43,978.2922973632812,870.8633422851562
150,44,1014.587646484375,890.4149169921875
150,45,724.2997436523438,767.8675537109375
150,46,754.61083984375,786.9659423828125
150,47,786.034912109375,806.21240234375
150,48,818.4275512695312,825.5457763671875
150,49,852.1271362304688,845.3634033203125
150,50,886.5410766601562,865.42626953125
150,51,921.9010620117188,885.2183227539062
150,52,957.9508666992188,905.6070556640625
150,53,994.5794067382812,925.733154296875
150,54,701.7122802734375,797.7020874023438
150,55,731.99560546875,817.0803833007812
150,56,763.6296997070312,837.191650390625
150,57,796.507080078125,857.9776000976562
150,58,830.2849731445312,878.6571655273438
150,59,864.925048828125,899.168212890625
150,60,900.4456176757812,919.9917602539062
150,61,936.8764038085938,940.7357788085938
150,62,973.894775390625,961.0867309570312
151,0,881.3800048828125,869.9794311523438
151,1,909.13525390625,840.2058715820312
151,2,935.6292114257812,811.3616943359375
151,3,960.8045654296875,782.9317016601562
151,4,984.9992065429688,755.7434692382812
151,5,1008.1322631835938,729.1927490234375
151,6,1030.1881103515625,704.0806884765625
151,7,1051.028076171875,680.4024658203125
151,8,1070.882568359375,657.8815307617188
151,9,915.5162353515625,892.9049072265625
151,10,942.9110107421875,862.1741333007812
151,11,969.1126708984375,832.0887451171875
151,12,994.0353393554688,802.52490234375
151,13,1018.010986328125,773.5624389648438
151,14,1040.736328125,746.1360473632812
151,15,1062.3272705078125,720.5654907226562
151,16,1082.729248046875,696.074462890625
151,17,1102.0782470703125,672.8073120117188
151,18,951.01806640625,917.3316650390625
151,19,978.02001953125,884.93701171875
151,20,1003.9093017578125,852.9771118164062
151,21,1028.513671875,822.3671875
151,22,1052.00537109375,792.8751220703125
151,23,1074.33447265625,764.6669311523438
151,24,1095.4779052734375,737.5726928710938
151,25,1115.37744140625,711.9815673828125
151,26,1134.2620849609375,687.8806762695312
151,27,987.806884765625,941.4129028320312
151,28,1014.4786376953125,907.3394775390625
151,29,1039.9359130859375,874.3468627929688
151,30,1064.201904296875,842.5825805664062
151,31,1087.3458251953125,812.0680541992188
151,32,1109.0196533203125,783.105224609375
151,33,1129.560302734375,755.155517578125
151,34,1148.8668212890625,728.586181640625
151,35,1166.989501953125,703.1412963867188
151,36,1025.9482421875,965.2015380859375
151,37,1052.290283203125,930.1537475585938
151,38,1077.3798828125,896.2506103515625
151,39,1101.083251953125,863.2614135742188
151,40,1123.7353515625,831.4745483398438
151,41,1144.8486328125,801.3480834960938
151,42,1164.7337646484375,772.6871948242188
151,43,1183.252685546875,745.1345825195312
151,44,1200.7518310546875,719.0816040039062
151,45,1064.9332275390625,989.3019409179688
151,46,1090.831787109375,953.25927734375
151,47,1115.4002685546875,918.246337890625
151,48,1138.5338134765625,884.189453125
151,49,1160.416259765625,851.6290893554688
151,50,1180.894775390625,820.6353149414062
151,51,1200.0042724609375,790.8126220703125
151,52,1217.9532470703125,762.5551147460938
151,53,1234.54150390625,735.913818359375
151,54,1105.16064453125,1012.8817749023438
151,55,1130.5860595703125,975.6312866210938
151,56,1154.5399169921875,939.5702514648438
151,57,1176.8515625,905.1902465820312
151,58,1198.1453857421875,871.4993286132812
151,59,1217.97900390625,839.107666015625
151,60,1236.1767578125,808.7977294921875
151,61,1253.3231201171875,779.6738891601562
151,62,1269.4444580078125,751.5209350585938
152,0,1258.7861328125,499.80859375
152,1,1246.73974609375,541.4954833984375
152,2,1234.9598388671875,581.6860961914062
152,3,1222.6904296875,620.6373291015625
152,4,1210.59326171875,658.1365966796875
152,5,1198.2506103515625,693.9102172851562
152,6,1186.3050537109375,728.1344604492188
152,7,1174.626953125,760.7786865234375
152,8,1163.6278076171875,791.5277099609375
152,9,1222.5618896484375,484.0141906738281
152,10,1211.584716796875,524.808837890625
152,11,1200.3861083984375,564.4212036132812
152,12,1188.824462890625,602.6744995117188
152,13,1177.1893310546875,639.8772583007812
152,14,1165.8818359375,675.405517578125
152,15,1154.9935302734375,709.1864624023438
152,16,1144.9290771484375,741.238525390625
152,17,1134.7935791015625,772.0110473632812
152,18,1188.3294677734375,469.3895568847656
152,19,1177.8651123046875,509.10791015625
152,20,1167.04052734375,547.9027099609375
152,21,1156.2965087890625,585.6737670898438
152,22,1146.0244140625,621.990966796875
152,23,1135.737060546875,657.0250244140625
152,24,1125.2608642578125,690.7061767578125
152,25,1115.669677734375,722.7479248046875
152,26,1106.6488037109375,753.3533325195312
152,27,1154.933837890625,455.6120300292969
152,28,1145.077880859375,494.6902160644531
152,29,1135.174560546875,532.5289306640625
152,30,1125.1878662109375,569.504638671875
152,31,1115.6053466796875,605.250732421875
152,32,1106.3133544921875,639.6498413085938
152,33,1097.115966796875,673.1224975585938
152,34,1088.0362548828125,704.943359375
152,35,1079.01025390625,735.2161254882812
152,36,1122.262451171875,442.8199157714844
152,37,1113.1075439453125,480.8935241699219
152,38,1104.1763916015625,517.9423217773438
152,39,1095.104248046875,554.2906494140625
152,40,1086.0653076171875,589.6904296875
152,41,1077.282470703125,623.4047241210938
152,42,1069.265869140625,656.1542358398438
152,43,1060.80712890625,687.7392578125
152,44,1053.2076416015625,717.6024169921875
152,45,1091.7869873046875,431.0447082519531
152,46,1083.7259521484375,468.01220703125
152,47,1075.515380859375,504.6171569824219
152,48,1067.1165771484375,539.887451171875
152,49,1058.7801513671875,574.7605590820312
152,50,1051.1329345703125,607.8629150390625
152,51,1043.3450927734375,639.9750366210938
152,52,1036.155029296875,670.8120727539062
152,53,1029.15771484375,700.4224243164062
152,54,1062.0516357421875,420.167236328125
152,55,1054.4405517578125,456.3014831542969
152,56,1046.8773193359375,491.8544921875
152,57,1039.9078369140625,526.319580078125
152,58,1032.67578125,560.2953491210938
152,59,1024.8358154296875,593.056884765625
152,60,1018.2872314453125,624.6403198242188
152,61,1011.6996459960938,655.1309204101562
152,62,1004.7099609375,684.7320556640625
153,0,803.8982543945312,885.5457153320312
153,1,826.28173828125,850.6583251953125
153,2,848.5914306640625,816.2860717773438
153,3,870.2554931640625,781.9927978515625
153,4,891.750244140625,748.2120971679688
153,5,912.7403564453125,714.97900390625
153,6,933.1744995117188,682.7404174804688
153,7,953.175537109375,651.4414672851562
153,8,972.4884643554688,621.253662109375
153,9,838.5995483398438,906.9636840820312
153,10,861.0455932617188,871.6566772460938
153,11,883.2135009765625,836.311767578125
153,12,904.7921142578125,801.2970581054688
153,13,926.0885620117188,766.5137329101562
153,14,946.8582153320312,732.5494995117188
153,15,967.183349609375,699.7786254882812
153,16,986.918212890625,668.0264282226562
153,17,1005.9039916992188,637.117919921875
153,18,874.7416381835938,928.9063110351562
153,19,896.9263305664062,892.7259521484375
153,20,918.7942504882812,856.567138671875
153,21,940.302978515625,820.9620361328125
153,22,961.5923461914062,785.672119140625
153,23,982.133544921875,751.0659790039062
153,24,1002.1221923828125,717.4243774414062
153,25,1021.4314575195312,684.71435546875
153,26,1040.154052734375,653.2757568359375
153,27,911.4511108398438,950.5848999023438
153,28,933.558349609375,913.7057495117188
153,29,955.1776123046875,876.9633178710938
153,30,976.7349243164062,840.6845703125
153,31,997.7371826171875,804.6465454101562
153,32,1018.1095581054688,769.6761474609375
153,33,1037.7237548828125,735.3458251953125
153,34,1056.824951171875,701.9490356445312
153,35,1074.953369140625,669.5697631835938
153,36,948.9664916992188,972.0447998046875
153,37,971.0575561523438,934.7879638671875
153,38,992.7538452148438,897.5675659179688
153,39,1014.0512084960938,860.4064331054688
153,40,1034.8662109375,823.8325805664062
153,41,1054.964111328125,788.12158203125
153,42,1074.26513671875,753.2405395507812
153,43,1092.9483642578125,719.1222534179688
153,44,1110.6722412109375,686.1456909179688
153,45,987.0007934570312,993.5419921875
153,46,1009.0580444335938,955.7091064453125
153,47,1030.738037109375,917.934814453125
153,48,1051.5985107421875,880.371337890625
153,49,1072.0968017578125,843.1336669921875
153,50,1091.8709716796875,806.9379272460938
153,51,1110.7513427734375,771.3629150390625
153,52,1129.01513671875,736.8916015625
153,53,1146.0457763671875,703.4895629882812
153,54,1025.79833984375,1014.6303100585938
153,55,1047.5933837890625,976.1519775390625
153,56,1069.098876953125,937.9586181640625
153,57,1089.81005859375,900.12744140625
153,58,1110.01953125,862.4189453125
153,59,1129.329833984375,825.4071044921875
153,60,1147.8822021484375,789.6307983398438
153,61,1165.4254150390625,754.4414672851562
153,62,1182.36376953125,720.0741577148438
154,0,1127.9117431640625,473.4667053222656
154,1,1122.2447509765625,514.2652587890625
154,2,1116.44189453125,553.7650146484375
154,3,1110.71728515625,592.2679443359375
154,4,1104.90673828125,629.705810546875
154,5,1099.0206298828125,665.9942016601562
154,6,1093.1820068359375,700.235107421875
154,7,1087.8233642578125,733.7465209960938
154,8,1082.2349853515625,765.3958129882812
154,9,1085.9942626953125,469.34564208984375
154,10,1080.854736328125,510.0916748046875
154,11,1075.8017578125,550.1406860351562
154,12,1070.595947265625,589.0387573242188
154,13,1065.80078125,627.2122192382812
154,14,1060.639892578125,663.6781616210938
154,15,1055.737060546875,698.4166870117188
154,16,1050.732177734375,731.542724609375
154,17,1046.02001953125,763.347900390625
154,18,1043.3707275390625,465.11474609375
154,19,1038.8516845703125,506.10736083984375
154,20,1034.411376953125,546.8214111328125
154,21,1030.101318359375,585.9111328125
154,22,1025.5467529296875,623.9762573242188
154,23,1021.5840454101562,660.743896484375
154,24,1017.3594970703125,696.0872192382812
154,25,1013.232421875,729.6791381835938
154,26,1009.0980834960938,761.3673095703125
154,27,1000.0962524414062,461.2204284667969
154,28,996.4065551757812,503.0394592285156
154,29,992.7568359375,543.6453247070312
154,30,989.0852661132812,583.0411987304688
154,31,985.3282470703125,621.4327392578125
154,32,981.8753051757812,658.0396728515625
154,33,978.5628051757812,693.4134521484375
154,34,975.3175048828125,727.44384765625
154,35,972.278564453125,759.6734619140625
154,36,956.6355590820312,457.9950256347656
154,37,953.5027465820312,499.97113037109375
154,38,950.3416748046875,540.592041015625
154,39,947.5271606445312,580.265625
154,40,944.797119140625,619.154052734375
154,41,942.0414428710938,655.83984375
154,42,939.360107421875,691.1426391601562
154,43,936.9901733398438,725.1640014648438
154,44,934.7114868164062,757.4718627929688
154,45,913.3779907226562,455.3025817871094
154,46,911.0277709960938,497.16595458984375
154,47,908.639892578125,537.7662963867188
154,48,906.3705444335938,577.6268310546875
154,49,904.2858276367188,615.9993286132812
154,50,902.4356079101562,652.9458618164062
154,51,900.6556396484375,688.08935546875
154,52,898.9774169921875,722.1338500976562
154,53,897.5121459960938,754.2184448242188
154,54,869.9453735351562,453.3090515136719
154,55,868.0775146484375,495.0770568847656
154,56,866.5281372070312,535.8705444335938
154,57,865.2816162109375,574.9672241210938
154,58,863.8321533203125,613.5372924804688
154,59,862.7894897460938,650.5706787109375
154,60,861.67529296875,685.7679443359375
154,61,860.987548828125,719.6339111328125
154,62,859.9290771484375,752.45654296875
155,0,837.1841430664062,918.7349243164062
155,1,862.2693481445312,884.104248046875
155,2,886.4718017578125,851.1000366210938
155,3,909.5635375976562,818.5159912109375
155,4,931.7644653320312,787.588134765625
155,5,952.7177124023438,757.6497192382812
155,6,972.8352661132812,729.250244140625
155,7,991.6182861328125,702.599609375
155,8,1009.4432373046875,677.6376953125
155,9,876.26025390625,942.0653686523438
155,10,900.880859375,906.8367919921875
155,11,924.330810546875,872.270751953125
155,12,946.8650512695312,839.0254516601562
155,13,968.3080444335938,806.3502197265625
155,14,988.7352294921875,775.4420166015625
155,15,1007.9710083007812,746.7553100585938
155,16,1026.1781005859375,719.431640625
155,17,1043.0194091796875,693.5816040039062
155,18,916.3865356445312,966.0874633789062
155,19,940.2859497070312,929.3779907226562
155,20,963.2533569335938,893.4655151367188
155,21,985.0227661132812,859.1682739257812
155,22,1005.8496704101562,826.098876953125
155,23,1025.2572021484375,794.7425537109375
155,24,1043.82421875,764.5064086914062
155,25,1061.090087890625,736.1484985351562
155,26,1077.4307861328125,709.4652709960938
155,27,957.5740356445312,989.4498291015625
155,28,980.8116455078125,951.3961181640625
155,29,1002.9459838867188,914.6671752929688
155,30,1023.9293823242188,879.4321899414062
155,31,1043.8787841796875,845.4943237304688
155,32,1062.4937744140625,813.4867553710938
155,33,1080.1068115234375,782.6791381835938
155,34,1096.5654296875,753.30517578125
155,35,1112.0318603515625,725.5443115234375
155,36,999.7849731445312,1012.0337524414062
155,37,1022.1781005859375,973.4140625
155,38,1043.52001953125,935.8890991210938
155,39,1063.6551513671875,899.6550903320312
155,40,1082.6724853515625,864.78369140625
155,41,1100.39501953125,831.6903076171875
155,42,1117.1502685546875,800.27880859375
155,43,1132.851318359375,770.2422485351562
155,44,1147.3712158203125,741.8320922851562
155,45,1041.9620361328125,1034.32470703125
155,46,1063.502197265625,994.8330688476562
155,47,1083.984619140625,956.5968627929688
155,48,1103.192138671875,919.6971435546875
155,49,1121.1767578125,884.2214965820312
155,50,1138.1181640625,850.5076904296875
155,51,1153.826171875,818.3156127929688
155,52,1168.511474609375,787.6539916992188
155,53,1182.14453125,758.6981811523438
155,54,1084.87451171875,1055.68310546875
155,55,1105.6727294921875,1015.4000244140625
155,56,1125.230224609375,976.403076171875
155,57,1143.219482421875,939.195556640625
155,58,1160.3232421875,902.9171142578125
155,59,1176.268310546875,868.2059936523438
155,60,1190.9908447265625,835.6488037109375
155,61,1204.8043212890625,804.1015014648438
155,62,1217.8609619140625,774.0354614257812
156,4,1006.9688720703125,606.618408203125
156,5,1032.478271484375,620.0340576171875
156,6,1060.166748046875,634.7198486328125
156,7,1089.1396484375,650.511962890625
156,8,1119.2857666015625,666.740966796875
156,11,933.0933837890625,593.04443359375
156,12,955.9576416015625,607.396484375
156,13,979.267822265625,620.6285400390625
156,14,1006.359375,634.9300537109375
156,15,1034.22802734375,650.7659301757812
156,16,1062.7003173828125,667.9738159179688
156,17,1092.57373046875,685.213134765625
156,21,928.7527465820312,621.7843017578125
156,22,952.7677001953125,636.8485107421875
156,23,978.20458984375,652.0245971679688
156,24,1005.7031860351562,668.1914672851562
156,25,1034.3975830078125,685.2939453125
156,26,1065.125244140625,704.56640625
156,30,899.2288208007812,637.2876586914062
156,31,923.593505859375,652.6898803710938
156,32,949.041259765625,669.2682495117188
156,33,976.21240234375,686.1864013671875
156,34,1004.9189453125,704.80322265625
156,35,1035.4776611328125,724.011962890625
156,38,847.153564453125,638.4967651367188
156,39,868.8047485351562,652.8160400390625
156,40,892.7434692382812,669.4790649414062
156,41,917.5883178710938,686.3328857421875
156,42,944.643310546875,705.0446166992188
156,43,973.1707763671875,724.4546508789062
156,44,1003.769775390625,745.1424560546875
156,47,816.5369262695312,653.8760375976562
156,48,837.9425659179688,670.1920166015625
156,49,860.7379150390625,687.0775146484375
156,50,885.7965087890625,705.6318969726562
156,51,912.177734375,724.8783569335938
156,52,940.3932495117188,745.888671875
156,53,970.5894775390625,768.075927734375
156,56,784.5725708007812,668.7965087890625
156,57,806.042724609375,687.0122680664062
156,58,828.2255249023438,705.6734008789062
156,59,851.7015380859375,724.120849609375
156,60,877.9400024414062,745.3521728515625
156,61,905.4701538085938,767.4166870117188
156,62,935.2525634765625,790.2899169921875
157,0,1020.50537109375,721.5348510742188
157,1,1013.9443969726562,743.9451904296875
157,2,1006.9054565429688,768.7056884765625
157,3,1000.1875,793.1301879882812
157,4,992.7783203125,819.3040771484375
157,5,985.2703857421875,846.041748046875
157,6,977.5618286132812,874.0107421875
157,7,969.004638671875,903.0291137695312
157,8,960.2203979492188,932.9692993164062
157,9,1000.9866943359375,704.3349609375
157,10,993.948974609375,727.5640869140625
157,11,986.6849365234375,750.74951171875
157,12,979.3619995117188,776.3343505859375
157,13,971.6981201171875,801.9390258789062
157,14,963.89013671875,829.2697143554688
157,15,954.95751953125,857.2719116210938
157,16,945.6234130859375,886.8284912109375
157,17,936.1730346679688,917.0076904296875
157,18,980.44140625,687.013916015625
157,19,972.8011474609375,709.4248046875
157,20,965.66943359375,733.5125732421875
157,21,957.735107421875,758.2192993164062
157,22,949.2584228515625,784.6533813476562
157,23,940.5186157226562,812.124267578125
157,24,931.5537719726562,840.0440673828125
157,25,921.854736328125,869.4598999023438
157,26,911.1181640625,900.1956176757812
157,27,959.6287841796875,668.1939697265625
157,28,952.0636596679688,691.2676391601562
157,29,944.0784912109375,714.874755859375
157,30,935.7041015625,739.8187255859375
157,31,926.2750854492188,766.114990234375
157,32,916.7113037109375,793.3779907226562
157,33,906.79931640625,821.6875610351562
157,34,896.5170288085938,851.5692138671875
157,35,885.888671875,882.4359741210938
157,36,938.940185546875,649.3484497070312
157,37,930.4484252929688,671.9144897460938
157,38,921.722412109375,695.695068359375
157,39,912.7468872070312,720.2144165039062
157,40,903.0325927734375,746.5281982421875
157,41,892.833740234375,773.6895751953125
157,42,881.9067993164062,802.3619995117188
157,43,870.787841796875,832.2781982421875
157,44,858.9376831054688,863.5497436523438
157,45,917.4967041015625,629.8834838867188
157,46,908.1817016601562,652.3786010742188
157,47,898.6029663085938,675.7080078125
157,48,888.8750610351562,700.4522705078125
157,49,878.3396606445312,726.6378173828125
157,50,867.0073852539062,754.0029907226562
157,51,855.5823974609375,782.3588256835938
157,52,843.182373046875,812.7978515625
157,53,830.5145874023438,844.0118408203125
157,54,896.14990234375,609.1612548828125
157,55,886.2391357421875,631.2197265625
157,56,875.9324951171875,654.9283447265625
157,57,864.4946899414062,679.6600952148438
157,58,853.0943603515625,705.7781372070312
157,59,841.6386108398438,732.7100219726562
157,60,828.6915283203125,761.5906982421875
157,61,815.6295776367188,791.8558959960938
157,62,802.4880981445312,823.0040283203125
158,0,1149.7808837890625,472.55712890625
158,1,1142.3416748046875,512.9259643554688
158,2,1134.842041015625,552.1597290039062
158,3,1127.33203125,590.4139404296875
158,4,1120.081298828125,627.3204956054688
158,5,1112.8734130859375,663.1824951171875
158,6,1105.62255859375,697.4398193359375
158,7,1098.367431640625,730.1727905273438
158,8,1091.6583251953125,761.4208984375
158,9,1107.862060546875,466.06036376953125
158,10,1100.8055419921875,506.4878234863281
158,11,1094.324951171875,546.3529052734375
158,12,1087.5159912109375,584.7614135742188
158,13,1080.956787109375,622.6435546875
158,14,1074.356689453125,658.746337890625
158,15,1067.9678955078125,693.1199951171875
158,16,1061.5068359375,725.6504516601562
158,17,1055.2894287109375,757.1890258789062
158,18,1065.27685546875,459.7726135253906
158,19,1059.1019287109375,500.56939697265625
158,20,1053.027099609375,540.763916015625
158,21,1047.1668701171875,579.4879760742188
158,22,1041.13330078125,617.281982421875
158,23,1035.3245849609375,653.4419555664062
158,24,1029.6627197265625,688.3499755859375
158,25,1024.2032470703125,721.7449951171875
158,26,1018.7962036132812,752.8903198242188
158,27,1022.4066772460938,453.5998229980469
158,28,1017.05810546875,495.133544921875
158,29,1011.7371826171875,535.2658081054688
158,30,1006.3839721679688,574.1620483398438
158,31,1001.2396240234375,612.1405029296875
158,32,996.1375122070312,648.452880859375
158,33,991.2686157226562,683.4016723632812
158,34,986.6685180664062,716.9851684570312
158,35,982.0446166992188,748.7896728515625
158,36,979.4052734375,448.8039855957031
158,37,974.6853637695312,489.7803039550781
158,38,969.8904418945312,530.1806030273438
158,39,965.3342895507812,569.3363647460938
158,40,960.9925537109375,607.6873779296875
158,41,956.7083740234375,643.9202880859375
158,42,952.5836181640625,678.60791015625
158,43,948.6570434570312,712.3353271484375
158,44,944.919189453125,744.3279418945312
158,45,936.7412109375,443.5800476074219
158,46,932.4143676757812,484.9452819824219
158,47,928.5343627929688,525.0824584960938
158,48,924.701171875,564.385009765625
158,49,921.0241088867188,602.4967651367188
158,50,917.5599975585938,638.6727905273438
158,51,914.4985961914062,673.5728149414062
158,52,911.3680419921875,707.0635986328125
158,53,908.6080322265625,738.9490356445312
158,54,893.9007568359375,439.72821044921875
158,55,890.287841796875,480.85626220703125
158,56,887.031005859375,520.9212646484375
158,57,884.169189453125,559.4862670898438
158,58,881.26220703125,597.5422973632812
158,59,878.58984375,634.1630249023438
158,60,876.0692138671875,668.9468994140625
158,61,873.9613647460938,702.2421875
158,62,871.7694702148438,734.7554931640625
159,0,932.0780639648438,501.7395935058594
159,1,950.08544921875,522.7615356445312
159,2,968.3422241210938,544.9547119140625
159,3,987.6736450195312,567.209228515625
159,4,1007.4566040039062,590.8626098632812
159,5,1028.2069091796875,614.4862670898438
159,6,1049.1187744140625,639.3475341796875
159,7,1070.82763671875,665.1657104492188
159,8,1092.682861328125,691.4993896484375
159,9,906.0410766601562,510.384765625
159,10,923.7396240234375,532.152587890625
159,11,942.118896484375,554.3074951171875
159,12,961.3148193359375,577.38134765625
159,13,981.261474609375,600.8528442382812
159,14,1002.0252685546875,625.4857177734375
159,15,1023.1627807617188,651.24072265625
159,16,1044.7938232421875,678.133056640625
159,17,1067.016357421875,705.3539428710938
159,18,878.7030639648438,520.1229858398438
159,19,896.1133422851562,542.055419921875
159,20,914.8014526367188,564.6127319335938
159,21,934.0106201171875,587.9193115234375
159,22,953.8436889648438,612.5889892578125
159,23,974.4765625,637.9218139648438
159,24,995.6573486328125,664.0523681640625
159,25,1017.6055908203125,691.3729248046875
159,26,1039.8914794921875,719.7800903320312
159,27,850.5462646484375,529.6094970703125
159,28,868.1859741210938,551.71875
159,29,886.5823974609375,574.6109619140625
159,30,905.2755126953125,598.7813110351562
159,31,925.2703247070312,624.186279296875
159,32,945.7120361328125,650.5137939453125
159,33,966.7955932617188,677.4306640625
159,34,988.9380493164062,705.5629272460938
159,35,1011.4678344726562,734.2905883789062
159,36,821.6527709960938,538.5447387695312
159,37,838.8214111328125,561.493408203125
159,38,856.6885986328125,585.4547729492188
159,39,875.6651611328125,609.9671630859375
159,40,895.2607421875,635.9705810546875
159,41,915.56591796875,662.8343505859375
159,42,936.7739868164062,690.8572998046875
159,43,958.726318359375,719.9606323242188
159,44,981.4581298828125,749.872802734375
159,45,792.0921630859375,548.5467529296875
159,46,808.5211791992188,572.0054321289062
159,47,826.1192016601562,596.7770385742188
159,48,844.6632690429688,622.0674438476562
159,49,864.1807250976562,648.8631591796875
159,50,884.248291015625,676.7635498046875
159,51,905.2294921875,705.4725952148438
159,52,927.3306274414062,735.46142578125
159,53,949.8793334960938,766.5638427734375
159,54,761.0979614257812,557.3925170898438
159,55,777.757080078125,581.763427734375
159,56,794.764892578125,607.1176147460938
159,57,812.7705078125,634.240478515625
159,58,831.9008178710938,662.0440063476562
159,59,851.8734130859375,690.2828979492188
159,60,872.67578125,720.392333984375
159,61,894.3510131835938,751.3240356445312
159,62,917.1646728515625,782.7591552734375
160,0,853.2662963867188,999.4978637695312
160,1,871.0355224609375,959.2753295898438
160,2,888.4874877929688,919.8712768554688
160,3,905.2495727539062,880.955810546875
160,4,921.5906982421875,843.2234497070312
160,5,937.3216552734375,806.4928588867188
160,6,952.3246459960938,771.1639404296875
160,7,966.8623046875,737.1994018554688
160,8,980.71044921875,704.7920532226562
160,9,895.5198974609375,1016.0725708007812
160,10,912.8587036132812,975.2117309570312
160,11,929.71044921875,934.9435424804688
160,12,945.9453125,895.4905395507812
160,13,961.5549926757812,856.4227294921875
160,14,976.5921020507812,819.0192260742188
160,15,990.9677124023438,783.24609375
160,16,1004.9407348632812,749.0252685546875
160,17,1018.0659790039062,715.7781372070312
160,18,938.7548828125,1032.5953369140625
160,19,955.5223388671875,990.9993286132812
160,20,971.7783813476562,949.8519897460938
160,21,987.2158203125,909.58154296875
160,22,1002.3945922851562,870.231201171875
160,23,1016.7548828125,832.3279418945312
160,24,1030.5166015625,795.5952758789062
160,25,1043.4786376953125,760.3401489257812
160,26,1055.786865234375,726.8282470703125
160,27,982.6329345703125,1048.4866943359375
160,28,998.8452758789062,1006.0651245117188
160,29,1014.4537353515625,964.2691650390625
160,30,1029.340087890625,923.50732421875
160,31,1043.7847900390625,883.5120849609375
160,32,1057.4178466796875,845.0842895507812
160,33,1070.204345703125,807.9542236328125
160,34,1082.5645751953125,772.0821533203125
160,35,1093.8687744140625,737.9012451171875
160,36,1027.2435302734375,1063.3890380859375
160,37,1042.881103515625,1020.6725463867188
160,38,1057.897705078125,978.4077758789062
160,39,1072.1741943359375,937.0093994140625
160,40,1085.854248046875,896.4115600585938
160,41,1098.6341552734375,857.4845581054688
160,42,1110.7021484375,819.8612670898438
160,43,1122.119384765625,783.5074462890625
160,44,1132.8343505859375,748.77197265625
160,45,1071.6905517578125,1077.82568359375
160,46,1086.8447265625,1034.606201171875
160,47,1101.0985107421875,992.0565185546875
160,48,1114.8150634765625,950.23876953125
160,49,1127.61083984375,909.3121948242188
160,50,1139.6876220703125,870.00390625
160,51,1150.75,831.9445190429688
160,52,1161.39501953125,795.2184448242188
160,53,1171.0908203125,760.2020263671875
160,54,1116.883056640625,1091.253173828125
160,55,1131.0284423828125,1047.8153076171875
160,56,1144.884033203125,1004.5361328125
160,57,1157.4765625,962.8447875976562
160,58,1169.6253662109375,921.6590576171875
160,59,1180.7261962890625,881.6495971679688
160,60,1191.3310546875,843.365478515625
160,61,1200.7591552734375,806.3495483398438
160,62,1209.83642578125,770.4943237304688
161,0,801.3862915039062,530.137451171875
161,1,816.33056640625,557.9192504882812
161,2,831.21240234375,584.8890991210938
161,3,846.2006225585938,610.917236328125
161,4,860.7911376953125,636.2180786132812
161,5,875.283203125,660.6265258789062
161,6,889.2665405273438,684.2354736328125
161,7,902.5836181640625,706.9357299804688
161,8,915.8544311523438,729.1870727539062
161,9,779.4005737304688,549.587890625
161,10,795.3449096679688,577.6047973632812
161,11,811.0143432617188,604.91748046875
161,12,826.9713134765625,631.0409545898438
161,13,842.678955078125,656.7357177734375
161,14,858.0405883789062,681.0505981445312
161,15,872.14697265625,704.800537109375
161,16,885.8831787109375,727.38427734375
161,17,899.3971557617188,749.4413452148438
161,18,756.132568359375,570.2062377929688
161,19,773.0634155273438,598.444091796875
161,20,790.2371826171875,625.9378051757812
161,21,806.7957153320312,652.2280883789062
161,22,823.0877075195312,677.9820556640625
161,23,838.8265991210938,702.4927368164062
161,24,854.3568725585938,726.3834228515625
161,25,868.8892211914062,749.1389770507812
161,26,882.746826171875,770.573974609375
161,27,732.5853881835938,591.6958618164062
161,28,750.89208984375,620.1569213867188
161,29,768.8796997070312,647.7647094726562
161,30,786.3217163085938,674.239990234375
161,31,803.1627807617188,700.1115112304688
161,32,819.8032836914062,724.7583618164062
161,33,835.6317138671875,748.4931640625
161,34,851.2346801757812,771.3032836914062
161,35,866.023193359375,792.948974609375
161,36,708.9833374023438,614.08154296875
161,37,728.0074462890625,642.9771728515625
161,38,746.68359375,670.5723266601562
161,39,765.0897216796875,697.377197265625
161,40,783.0859985351562,723.2919311523438
161,41,800.15380859375,748.0028076171875
161,42,816.7755737304688,771.5517578125
161,43,832.7242431640625,794.2515258789062
161,44,848.4002685546875,816.0560302734375
161,45,684.5181274414062,637.7000122070312
161,46,704.320556640625,666.418212890625
161,47,723.9542846679688,694.3411254882812
161,48,743.1465454101562,721.1610717773438
161,49,761.864990234375,747.0407104492188
161,50,779.656494140625,771.588623046875
161,51,796.9765625,795.1375732421875
161,52,813.7777709960938,817.8128051757812
161,53,829.825439453125,839.1288452148438
161,54,660.2918701171875,661.9901733398438
161,55,681.1472778320312,691.1854248046875
161,56,701.565673828125,719.1875610351562
161,57,720.88818359375,745.849609375
161,58,740.2452392578125,771.5977172851562
161,59,759.2015380859375,796.3175659179688
161,60,777.155517578125,819.6981201171875
161,61,794.514404296875,842.0272216796875
161,62,811.9320068359375,863.3037719726562
162,0,1198.4949951171875,473.7702331542969
162,1,1190.1070556640625,515.0523681640625
162,2,1181.595947265625,554.8909912109375
162,3,1172.909423828125,593.7525634765625
162,4,1164.48583984375,631.1339111328125
162,5,1155.8121337890625,667.1146240234375
162,6,1147.421875,701.3147583007812
162,7,1139.0263671875,733.95849609375
162,8,1131.1583251953125,764.9053344726562
162,9,1156.4681396484375,463.2615051269531
162,10,1148.8714599609375,504.0943908691406
162,11,1141.13916015625,543.9432373046875
162,12,1133.350830078125,582.7850341796875
162,13,1125.505859375,620.3484497070312
162,14,1117.7901611328125,656.3880004882812
162,15,1110.3536376953125,690.470947265625
162,16,1103.2322998046875,722.7002563476562
162,17,1096.0848388671875,753.8526000976562
162,18,1115.380859375,453.1833190917969
162,19,1108.5391845703125,493.7297058105469
162,20,1101.1697998046875,533.660400390625
162,21,1094.20849609375,572.03515625
162,22,1087.3837890625,609.3240966796875
162,23,1080.5426025390625,645.01123046875
162,24,1073.6541748046875,679.3117065429688
162,25,1067.136962890625,712.0215454101562
162,26,1061.2314453125,742.669677734375
162,27,1074.5665283203125,443.57672119140625
162,28,1068.0994873046875,484.22479248046875
162,29,1061.82421875,523.7083740234375
162,30,1055.5694580078125,561.8765258789062
162,31,1049.5379638671875,598.9368286132812
162,32,1043.6839599609375,634.2237548828125
162,33,1037.85888671875,668.29296875
162,34,1032.1468505859375,701.0471801757812
162,35,1026.8214111328125,732.011962890625
162,36,1034.0338134765625,435.0794677734375
162,37,1028.58447265625,475.1478576660156
162,38,1023.15771484375,514.1354370117188
162,39,1017.6282958984375,552.0601196289062
162,40,1012.155517578125,588.9017333984375
162,41,1007.1302490234375,624.1439208984375
162,42,1002.1383666992188,657.8846435546875
162,43,997.2396240234375,690.2887573242188
162,44,992.881591796875,721.2463989257812
162,45,995.2974243164062,427.13494873046875
162,46,990.6945190429688,466.62939453125
162,47,985.9216918945312,505.0919494628906
162,48,981.1320190429688,542.579833984375
162,49,976.4594116210938,579.0851440429688
162,50,972.327392578125,613.8975219726562
162,51,968.1952514648438,647.359619140625
162,52,964.2659301757812,679.2849731445312
162,53,960.7755126953125,709.9765014648438
162,54,957.08544921875,420.1306457519531
162,55,952.7928466796875,458.8860168457031
162,56,948.9732055664062,496.78826904296875
162,57,945.4426879882812,533.5161743164062
162,58,941.6718139648438,569.5307006835938
162,59,937.7521362304688,604.2061157226562
162,60,934.677001953125,637.171875
162,61,931.390625,669.1617431640625
162,62,928.0198364257812,700.1172485351562
163,0,773.8046875,802.1135864257812
163,1,800.1214599609375,773.9249877929688
163,2,825.8886108398438,746.352294921875
163,3,850.6957397460938,719.0661010742188
163,4,875.083251953125,692.8846435546875
163,5,898.3980102539062,667.136962890625
163,6,921.2548217773438,642.7549438476562
163,7,943.0076293945312,619.17919921875
163,8,963.9989013671875,596.737548828125
163,9,804.046142578125,825.37646484375
163,10,830.3713989257812,796.5474243164062
163,11,855.9072265625,767.9187622070312
163,12,880.7745361328125,739.901123046875
163,13,904.8223876953125,712.2343139648438
163,14,928.1370239257812,685.6967163085938
163,15,950.3887939453125,660.7766723632812
163,16,972.10302734375,636.8102416992188
163,17,992.7901611328125,613.7423095703125
163,18,835.4034423828125,849.7884521484375
163,19,861.682373046875,819.6669921875
163,20,887.0084838867188,789.9295043945312
163,21,911.7106323242188,760.940185546875
163,22,935.6990966796875,732.7853393554688
163,23,958.5687255859375,705.7550048828125
163,24,980.6834106445312,679.5955810546875
163,25,1002.0047607421875,654.7056274414062
163,26,1022.228271484375,630.8751831054688
163,27,868.0205688476562,873.9763793945312
163,28,894.0272827148438,842.8366088867188
163,29,919.1124877929688,812.0599365234375
163,30,943.3920288085938,782.3097534179688
163,31,967.2275390625,753.3512573242188
163,32,989.85693359375,725.7164306640625
163,33,1011.752197265625,698.95458984375
163,34,1032.4381103515625,673.1422119140625
163,35,1052.4794921875,648.384765625
163,36,901.3412475585938,898.1343994140625
163,37,927.3479614257812,866.1240234375
163,38,952.2251586914062,834.8217163085938
163,39,976.453125,804.14794921875
163,40,999.848388671875,774.270751953125
163,41,1022.1486206054688,745.7447509765625
163,42,1043.557861328125,718.2713623046875
163,43,1063.979248046875,691.723876953125
163,44,1083.5640869140625,666.2724609375
163,45,935.8097534179688,922.389892578125
163,46,961.2428588867188,889.8310546875
163,47,986.0724487304688,857.698486328125
163,48,1009.8772583007812,826.4193115234375
163,49,1032.842041015625,795.7845458984375
163,50,1054.7247314453125,766.4560546875
163,51,1075.5689697265625,738.2737426757812
163,52,1095.59521484375,710.9942626953125
163,53,1114.357177734375,685.1070556640625
163,54,970.9117431640625,946.3707275390625
163,55,996.20361328125,912.8768920898438
163,56,1020.665771484375,879.9985961914062
163,57,1043.9002685546875,848.4655151367188
163,58,1066.4224853515625,817.2647705078125
163,59,1087.9281005859375,786.9431762695312
163,60,1108.243896484375,758.1640014648438
163,61,1127.7608642578125,730.3093872070312
163,62,1146.164794921875,703.1571655273438
164,0,973.1218872070312,960.6180419921875
164,1,987.0892944335938,931.9705810546875
164,2,1001.1234741210938,902.9080200195312
164,3,1014.710693359375,873.5028076171875
164,4,1028.4892578125,843.5450439453125
164,5,1041.9544677734375,813.2900390625
164,6,1055.315185546875,783.2457275390625
164,7,1068.6978759765625,753.0267944335938
164,8,1081.83447265625,722.7396850585938
164,9,997.03515625,975.772216796875
164,10,1011.37060546875,946.5894775390625
164,11,1025.6405029296875,916.7991943359375
164,12,1039.4603271484375,886.644287109375
164,13,1053.1561279296875,855.8942260742188
164,14,1066.7459716796875,825.0516967773438
164,15,1080.684814453125,794.24755859375
164,16,1094.6640625,763.2557373046875
164,17,1107.9742431640625,732.3782958984375
164,18,1022.4599609375,991.1803588867188
164,19,1036.91943359375,961.6491088867188
164,20,1050.907958984375,931.1250610351562
164,21,1065.2364501953125,900.2976684570312
164,22,1079.46142578125,868.9249877929688
164,23,1093.4842529296875,837.4400634765625
164,24,1107.3109130859375,805.9054565429688
164,25,1121.2996826171875,773.9714965820312
164,26,1135.318115234375,742.3208618164062
164,27,1048.2027587890625,1007.2512817382812
164,28,1062.845458984375,976.9474487304688
164,29,1077.2738037109375,946.0648803710938
164,30,1091.866455078125,914.446533203125
164,31,1106.73974609375,882.3165893554688
164,32,1121.2501220703125,850.1732177734375
164,33,1135.450927734375,817.7835083007812
164,34,1149.5819091796875,784.9617309570312
164,35,1163.1600341796875,752.447998046875
164,36,1074.443603515625,1023.720947265625
164,37,1089.814697265625,992.7899169921875
164,38,1105.0208740234375,961.0966796875
164,39,1119.897705078125,928.969482421875
164,40,1134.873046875,896.1389770507812
164,41,1149.61767578125,863.1114501953125
164,42,1164.2841796875,830.0149536132812
164,43,1178.7330322265625,796.5389404296875
164,44,1192.7017822265625,763.1557006835938
164,45,1101.8433837890625,1040.308349609375
164,46,1117.754150390625,1008.8784790039062
164,47,1133.421875,976.4725341796875
164,48,1148.8431396484375,943.989501953125
164,49,1164.2108154296875,910.4285278320312
164,50,1179.6490478515625,876.7000732421875
164,51,1194.4276123046875,842.8439331054688
164,52,1209.229248046875,808.5286254882812
164,53,1223.5244140625,774.542236328125
164,54,1129.6766357421875,1057.620361328125
164,55,1145.9136962890625,1025.4456787109375
164,56,1162.2557373046875,992.6718139648438
164,57,1178.8275146484375,959.1774291992188
164,58,1194.8236083984375,924.9075317382812
164,59,1210.0526123046875,890.4423217773438
164,60,1225.622802734375,855.7421264648438
164,61,1240.48388671875,820.8184204101562
164,62,1254.667236328125,785.8048095703125
165,0,807.0718383789062,918.3823852539062
165,1,826.5149536132812,896.1419677734375
165,2,845.2261962890625,874.2628173828125
165,3,863.4309692382812,852.8040771484375
165,4,880.9857177734375,832.1205444335938
165,7,929.8663940429688,774.1138305664062
165,9,834.0215454101562,935.4069213867188
165,10,853.09521484375,912.3827514648438
165,11,871.59912109375,890.0335693359375
165,12,889.3133544921875,867.8778686523438
165,13,906.7534790039062,846.0977783203125
165,16,954.1327514648438,786.9166870117188
165,18,861.8045654296875,953.1060791015625
165,19,880.4917602539062,929.281494140625
165,20,898.8309936523438,905.7705078125
165,21,916.0902709960938,882.90283203125
165,22,933.1051635742188,860.7662963867188
165,23,949.2908935546875,839.4232177734375
165,24,964.8857421875,818.7767944335938
165,25,979.9330444335938,799.5313110351562
165,27,890.0670776367188,970.359619140625
165,28,908.6902465820312,945.6001586914062
165,29,926.5352172851562,921.3521118164062
165,30,943.3058471679688,897.9122314453125
165,31,960.2352294921875,875.2761840820312
165,32,975.8465576171875,853.345703125
165,33,991.0931396484375,832.765380859375
165,34,1005.6687622070312,812.1229858398438
165,35,1019.199951171875,792.8606567382812
165,36,919.342041015625,987.2732543945312
165,37,937.472900390625,961.9716796875
165,38,954.8921508789062,937.0912475585938
165,39,971.64013671875,912.9952392578125
165,40,987.8935546875,889.7258911132812
165,41,1002.9629516601562,867.4251098632812
165,42,1017.8309936523438,846.082275390625
165,43,1032.0072021484375,825.4088745117188
165,44,1045.41357421875,805.4932861328125
165,45,949.0593872070312,1004.2828979492188
165,46,966.751220703125,978.14990234375
165,47,983.5723876953125,952.8059692382812
165,48,999.9168701171875,928.420166015625
165,49,1015.6431274414062,904.567626953125
165,50,1030.6024169921875,881.9403686523438
165,51,1044.51953125,859.7872314453125
165,52,1058.2911376953125,838.6034545898438
165,53,1071.15869140625,818.2041625976562
165,54,979.3790893554688,1020.75927734375
165,55,996.4887084960938,994.0076904296875
165,56,1013.0335693359375,968.0107421875
165,57,1028.7987060546875,943.2479248046875
165,58,1044.0523681640625,918.8596801757812
165,59,1058.5423583984375,895.3815307617188
165,60,1072.0308837890625,872.9974975585938
165,61,1085.10986328125,850.9735717773438
165,62,1098.03662109375,829.9237670898438
166,0,914.14599609375,457.413330078125
166,1,924.8479614257812,488.31719970703125
166,2,935.1434326171875,519.0045166015625
166,3,946.14892578125,548.9658813476562
166,4,956.43701171875,578.571533203125
166,5,966.9657592773438,607.5335693359375
166,6,976.912109375,635.9082641601562
166,7,986.9225463867188,663.22509765625
166,8,996.4832763671875,689.852783203125
166,9,889.94921875,468.94903564453125
166,10,901.0115966796875,500.66156005859375
166,11,912.1832885742188,531.7098388671875
166,12,923.82080078125,562.3074340820312
166,13,935.416015625,592.50732421875
166,14,946.3458251953125,621.8284912109375
166,15,956.7008666992188,650.5667114257812
166,16,966.572509765625,678.3646240234375
166,17,976.6128540039062,705.558349609375
166,18,863.9942016601562,481.2626953125
166,19,876.1427001953125,513.371826171875
166,20,888.349853515625,545.1124877929688
166,21,900.3834228515625,576.2551879882812
166,22,912.1062622070312,606.9974975585938
166,23,923.78466796875,636.9258422851562
166,24,934.9779052734375,666.0426635742188
166,25,945.8758544921875,694.417236328125
166,26,955.9864501953125,721.99169921875
166,27,837.8724365234375,494.11236572265625
166,28,850.7783813476562,526.929931640625
166,29,863.6397705078125,559.2322998046875
166,30,876.2432250976562,591.0819091796875
166,31,888.51220703125,622.305908203125
166,32,900.5564575195312,652.639892578125
166,33,912.2561645507812,682.22265625
166,34,923.9107055664062,711.071044921875
166,35,934.9473876953125,738.9148559570312
166,36,811.4310302734375,507.5957946777344
166,37,824.453125,541.3023071289062
166,38,837.5009765625,574.31201171875
166,39,850.9605712890625,606.6091918945312
166,40,863.9434814453125,638.6071166992188
166,41,876.648193359375,669.4234008789062
166,42,888.8624877929688,699.327392578125
166,43,901.013671875,728.4812622070312
166,44,912.870849609375,756.5934448242188
166,45,783.5460815429688,521.99267578125
166,46,797.0790405273438,556.2086791992188
166,47,810.63427734375,589.9540405273438
166,48,824.4169311523438,622.9953002929688
166,49,838.0748291015625,655.23486328125
166,50,851.2464599609375,686.4484252929688
166,51,864.3138427734375,716.9793090820312
166,52,877.0574951171875,746.3630981445312
166,53,889.2890014648438,774.6964721679688
166,54,755.0123901367188,537.0023803710938
166,55,769.5568237304688,572.0214233398438
166,56,783.9418334960938,606.3800048828125
166,57,797.5001220703125,640.0043334960938
166,58,811.488525390625,672.7692260742188
166,59,825.7880859375,704.6018676757812
166,60,839.104248046875,735.2662963867188
166,61,852.4610595703125,765.0602416992188
166,62,866.0409545898438,793.9321899414062
167,0,907.52001953125,462.8020935058594
167,1,919.1229858398438,493.192626953125
167,2,930.2438354492188,523.38330078125
167,3,942.2158813476562,552.9542236328125
167,4,953.7525634765625,582.4501953125
167,5,965.3320922851562,611.1910400390625
167,6,976.2985229492188,639.2732543945312
167,7,987.2322387695312,667.1356201171875
167,8,997.9757690429688,694.109619140625
167,9,882.9628295898438,474.10205078125
167,10,894.9989013671875,505.0865783691406
167,11,907.2196044921875,535.7246704101562
167,12,919.6007080078125,566.0182495117188
167,13,932.0968017578125,595.9390869140625
167,14,944.0949096679688,625.1486206054688
167,15,955.600830078125,653.9454956054688
167,16,966.328369140625,681.9923706054688
167,17,977.6990966796875,709.3224487304688
167,18,856.9161987304688,486.115478515625
167,19,869.8726806640625,517.6597290039062
167,20,882.9234008789062,548.8811645507812
167,21,896.049072265625,579.5376586914062
167,22,908.495361328125,610.1572265625
167,23,921.109619140625,640.0568237304688
167,24,933.4917602539062,669.279541015625
167,25,945.252685546875,697.7339477539062
167,26,956.5311889648438,725.4808349609375
167,27,830.7841186523438,498.6374206542969
167,28,844.2888793945312,530.6781616210938
167,29,857.9273681640625,562.541259765625
167,30,871.3452758789062,594.010498046875
167,31,884.6096801757812,624.9920654296875
167,32,897.3790283203125,655.4138793945312
167,33,910.2310180664062,684.92919921875
167,34,922.6519165039062,713.9874267578125
167,35,934.8621826171875,742.1597290039062
167,36,804.13916015625,511.4930725097656
167,37,817.841064453125,544.4310913085938
167,38,831.656005859375,576.9889526367188
167,39,845.829833984375,608.9609985351562
167,40,859.7769775390625,640.7368774414062
167,41,873.2049560546875,671.3052368164062
167,42,886.4171752929688,701.6178588867188
167,43,899.5650024414062,731.0516357421875
167,44,912.3875122070312,759.4581909179688
167,45,776.1289672851562,525.2525024414062
167,46,790.2496337890625,558.894287109375
167,47,804.422607421875,592.0571899414062
167,48,819.076416015625,624.7202758789062
167,49,833.4901733398438,656.7974853515625
167,50,847.5065307617188,688.2491455078125
167,51,861.4874267578125,718.7861328125
167,52,875.1693115234375,748.5053100585938
167,53,888.2239990234375,777.213134765625
167,54,747.5892944335938,539.6287231445312
167,55,762.53369140625,573.9776000976562
167,56,777.429931640625,607.8109130859375
167,57,791.756103515625,641.0775756835938
167,58,806.5349731445312,673.853759765625
167,59,821.5858154296875,705.7794189453125
167,60,835.8790893554688,736.6023559570312
167,61,850.0198974609375,766.814453125
167,62,864.4679565429688,795.931396484375
168,0,778.4242553710938,540.8834838867188
168,1,797.1009521484375,567.6395263671875
168,2,815.3818359375,593.542236328125
168,3,833.8177490234375,618.5730590820312
168,4,851.4937133789062,642.9085083007812
168,5,869.2276000976562,666.2933959960938
168,6,886.160400390625,688.7916259765625
168,7,902.457275390625,710.9426879882812
168,8,918.3809814453125,731.9210815429688
168,9,756.9679565429688,562.9814453125
168,10,776.2890014648438,589.8925170898438
168,11,795.4588623046875,615.74609375
168,12,814.7039794921875,640.9268188476562
168,13,833.786865234375,665.3112182617188
168,14,852.1859130859375,688.7659912109375
168,15,869.47119140625,711.5595703125
168,16,886.2192993164062,733.2410888671875
168,17,902.6946411132812,754.3651123046875
168,18,734.11279296875,586.0194091796875
168,19,754.5494995117188,612.91650390625
168,20,775.090087890625,639.0803833007812
168,21,795.107177734375,664.244384765625
168,22,814.6474609375,688.6822509765625
168,23,833.6484985351562,712.2976684570312
168,24,852.1923217773438,734.8020629882812
168,25,869.8190307617188,756.7080078125
168,26,886.63232421875,777.6077270507812
168,27,711.0438232421875,609.9935913085938
168,28,732.9293212890625,637.0463256835938
168,29,754.2625732421875,663.2195434570312
168,30,775.0048217773438,688.42822265625
168,31,795.2998046875,713.1840209960938
168,32,814.8316650390625,736.6404418945312
168,33,834.0349731445312,759.14990234375
168,34,852.5308837890625,780.7692260742188
168,35,870.2587890625,801.6294555664062
168,36,688.065185546875,634.986328125
168,37,710.5419311523438,662.2754516601562
168,38,732.6887817382812,688.4771118164062
168,39,754.4840087890625,713.9526977539062
168,40,775.8223876953125,738.2894287109375
168,41,796.0833740234375,761.90185546875
168,42,815.892822265625,784.1057739257812
168,43,834.9376220703125,805.7999267578125
168,44,853.4598388671875,826.248046875
168,45,664.4149780273438,660.8975219726562
168,46,687.837890625,688.1095581054688
168,47,710.5328369140625,714.4425659179688
168,48,733.2471313476562,739.7787475585938
168,49,755.1869506835938,764.0794677734375
168,50,776.1117553710938,787.4175415039062
168,51,796.7967529296875,809.74365234375
168,52,816.5221557617188,830.8894653320312
168,53,835.4522094726562,851.2803344726562
168,54,641.0975952148438,687.802490234375
168,55,665.3389282226562,715.065673828125
168,56,689.2122802734375,741.3287353515625
168,57,711.9168090820312,766.5059204101562
168,58,734.6154174804688,790.75830078125
168,59,756.6161499023438,814.1474609375
168,60,777.880126953125,836.0662231445312
168,61,798.1806030273438,857.1864013671875
168,62,818.2925415039062,877.1581420898438
169,0,1297.6485595703125,506.6915283203125
169,1,1285.92431640625,550.3567504882812
169,2,1274.1328125,593.1763305664062
169,3,1261.6336669921875,634.9352416992188
169,4,1249.2236328125,675.2752075195312
169,5,1236.3282470703125,714.3353881835938
169,6,1223.676025390625,751.8038940429688
169,7,1211.2108154296875,787.4834594726562
169,8,1199.102294921875,821.7193603515625
169,9,1261.7838134765625,493.3706359863281
169,10,1251.1697998046875,535.889404296875
169,11,1240.0306396484375,577.5972290039062
169,12,1228.1219482421875,618.062255859375
169,13,1216.011962890625,657.8883666992188
169,14,1203.9906005859375,696.1007080078125
169,15,1192.51513671875,732.8567504882812
169,16,1181.672119140625,768.0036010742188
169,17,1170.4925537109375,801.6464233398438
169,18,1228.84130859375,481.375732421875
169,19,1218.4927978515625,522.515869140625
169,20,1207.3616943359375,562.9625854492188
169,21,1196.23974609375,602.5198974609375
169,22,1185.4205322265625,641.0983276367188
169,23,1174.2989501953125,678.5401000976562
169,24,1163.3212890625,714.7744750976562
169,25,1152.7076416015625,749.4503784179688
169,26,1142.6671142578125,782.3818359375
169,27,1196.5035400390625,469.9744873046875
169,28,1186.567626953125,509.9156188964844
169,29,1176.318115234375,549.2867431640625
169,30,1165.930419921875,587.8541259765625
169,31,1155.9576416015625,625.5494384765625
169,32,1145.816162109375,662.166015625
169,33,1135.8095703125,697.4649658203125
169,34,1125.6781005859375,731.63134765625
169,35,1115.941650390625,764.3648681640625
169,36,1165.272216796875,459.3056335449219
169,37,1155.8658447265625,498.1790466308594
169,38,1146.687744140625,536.6367797851562
169,39,1136.9349365234375,573.9517822265625
169,40,1127.367431640625,610.9780883789062
169,41,1117.8782958984375,646.3271484375
169,42,1108.797119140625,681.169189453125
169,43,1099.6317138671875,714.4390869140625
169,44,1090.8856201171875,746.9931640625
169,45,1136.47021484375,449.8824157714844
169,46,1128.02197265625,487.59930419921875
169,47,1119.35546875,524.7479858398438
169,48,1110.182373046875,561.2220458984375
169,49,1101.1939697265625,597.061279296875
169,50,1092.8905029296875,631.868896484375
169,51,1084.378662109375,665.6608276367188
169,52,1075.98828125,698.4432983398438
169,53,1068.218994140625,730.1650390625
169,54,1108.100341796875,440.8614501953125
169,55,1100.146240234375,477.5060119628906
169,56,1092.119140625,513.6853637695312
169,57,1084.5880126953125,549.1360473632812
169,58,1076.3280029296875,584.1722412109375
169,59,1068.078857421875,618.1095581054688
169,60,1060.421142578125,651.0767211914062
169,61,1052.749267578125,683.2401123046875
169,62,1044.7381591796875,714.43994140625
170,0,1055.2432861328125,673.0512084960938
170,1,1049.2017822265625,698.1212768554688
170,2,1042.745361328125,724.5838012695312
170,3,1036.0145263671875,751.9390258789062
170,4,1028.671142578125,781.3597412109375
170,5,1020.9190673828125,811.8014526367188
170,6,1012.7511596679688,843.581298828125
170,7,1004.0885009765625,877.2680053710938
170,8,994.7863159179688,912.0007934570312
170,9,1022.7960815429688,667.5440673828125
170,10,1015.906494140625,692.3311157226562
170,11,1008.8466186523438,718.5956420898438
170,12,1000.9425048828125,745.510009765625
170,13,992.8937377929688,774.2779541015625
170,14,984.1871337890625,804.124267578125
170,15,975.12744140625,835.9391479492188
170,16,965.55029296875,869.3001708984375
170,17,955.7138671875,903.8558349609375
170,18,990.5377197265625,662.451416015625
170,19,983.129638671875,686.853759765625
170,20,974.937744140625,712.2930297851562
170,21,966.4545288085938,739.1318969726562
170,22,957.5416870117188,767.7001953125
170,23,948.1288452148438,797.2849731445312
170,24,938.0469360351562,828.100830078125
170,25,927.7400512695312,860.8063354492188
170,26,916.814453125,894.9401245117188
170,27,958.889892578125,657.115478515625
170,28,950.4459228515625,681.0411376953125
170,29,941.8862915039062,705.8749389648438
170,30,932.312744140625,732.2991943359375
170,31,922.6287231445312,760.6447143554688
170,32,912.2579956054688,789.9108276367188
170,33,901.7536010742188,820.4210205078125
170,34,890.2600708007812,852.2992553710938
170,35,878.7933959960938,885.6522827148438
170,36,927.581787109375,651.4703369140625
170,37,918.3966064453125,675.0271606445312
170,38,908.7324829101562,699.610595703125
170,39,898.6590576171875,725.3656005859375
170,40,888.1300659179688,752.8478393554688
170,41,877.0150146484375,781.6400756835938
170,42,865.6668090820312,811.787841796875
170,43,853.6950073242188,843.1790771484375
170,44,841.2402954101562,876.1148681640625
170,45,896.968994140625,645.8644409179688
170,46,886.531005859375,669.4071655273438
170,47,876.7938232421875,693.61474609375
170,48,866.005126953125,719.06005859375
170,49,854.707275390625,746.0008544921875
170,50,843.0479736328125,774.6543579101562
170,51,830.91943359375,804.0076904296875
170,52,818.2447509765625,834.974853515625
170,53,805.3096313476562,867.3195190429688
170,54,866.3880004882812,639.8501586914062
170,55,856.1670532226562,662.666015625
170,56,845.0641479492188,686.927978515625
170,57,833.8787231445312,712.576171875
170,58,821.9126586914062,739.2640380859375
170,59,809.5166015625,766.502685546875
170,60,796.664306640625,795.9632568359375
170,61,783.646484375,826.2677001953125
170,62,769.9694213867188,857.5366821289062
171,0,849.9813842773438,994.44091796875
171,1,868.6438598632812,954.7583618164062
171,2,886.6179809570312,915.911376953125
171,3,904.1592407226562,877.5505981445312
171,4,920.9219970703125,840.3683471679688
171,5,937.1261596679688,804.3823852539062
171,6,952.6034545898438,769.8385620117188
171,7,967.581787109375,736.6697998046875
171,8,981.8409423828125,705.1669311523438
171,9,892.1813354492188,1011.670654296875
171,10,910.2365112304688,971.20361328125
171,11,927.7293090820312,931.2850952148438
171,12,944.4534301757812,892.4627685546875
171,13,960.6361083984375,854.0806884765625
171,14,976.2051391601562,817.3905029296875
171,15,990.9977416992188,782.3687133789062
171,16,1005.2235717773438,748.8419189453125
171,17,1018.4773559570312,716.789306640625
171,18,935.3099975585938,1028.65185546875
171,19,952.7852783203125,987.5860595703125
171,20,969.5009155273438,946.7390747070312
171,21,985.7111206054688,907.0362548828125
171,22,1001.2025146484375,868.3490600585938
171,23,1015.9215698242188,831.1431274414062
171,24,1030.0924072265625,795.150390625
171,25,1043.4903564453125,760.7928466796875
171,26,1056.0235595703125,728.1240844726562
171,27,979.150634765625,1045.2637939453125
171,28,995.99755859375,1003.0704345703125
171,29,1012.1323852539062,961.7710571289062
171,30,1027.5286865234375,921.416259765625
171,31,1042.3709716796875,882.102783203125
171,32,1056.3519287109375,844.3068237304688
171,33,1069.6339111328125,807.9761962890625
171,34,1082.12939453125,772.83056640625
171,35,1093.8670654296875,739.3782348632812
171,36,1023.7826538085938,1060.7781982421875
171,37,1040.0078125,1018.28564453125
171,38,1055.41162109375,976.3351440429688
171,39,1070.1468505859375,935.44873046875
171,40,1084.20751953125,895.5821533203125
171,41,1097.345703125,857.13330078125
171,42,1109.7586669921875,820.3497924804688
171,43,1121.4659423828125,784.673828125
171,44,1132.247802734375,750.7381591796875
171,45,1068.369140625,1075.875732421875
171,46,1083.85302734375,1032.7886962890625
171,47,1098.610107421875,990.5927734375
171,48,1112.518798828125,949.2506713867188
171,49,1125.746826171875,908.8802490234375
171,50,1138.056640625,870.1686401367188
171,51,1149.592041015625,832.786865234375
171,52,1160.2633056640625,796.7249145507812
171,53,1170.0660400390625,762.6589965820312
171,54,1113.4398193359375,1089.8096923828125
171,55,1128.144775390625,1046.494140625
171,56,1142.1707763671875,1003.8320922851562
171,57,1155.1129150390625,962.4073486328125
171,58,1167.574951171875,921.7427978515625
171,59,1179.065673828125,882.2738037109375
171,60,1189.7227783203125,844.7571411132812
171,61,1199.378662109375,808.4114990234375
171,62,1208.7542724609375,773.1309204101562
172,0,853.57861328125,595.9782104492188
172,1,885.190673828125,619.158203125
172,2,916.9628295898438,642.6248168945312
172,3,949.1016235351562,665.6898803710938
172,4,981.1781616210938,689.0167236328125
172,5,1013.5435180664062,711.8994140625
172,6,1045.070068359375,734.6707153320312
172,7,1076.53857421875,757.3779907226562
172,8,1107.4674072265625,779.2877807617188
172,9,830.264892578125,624.9353637695312
172,10,862.2615966796875,648.8335571289062
172,11,894.7445678710938,672.4495849609375
172,12,927.3259887695312,695.8921508789062
172,13,960.4131469726562,719.2786254882812
172,14,993.1771850585938,742.465576171875
172,15,1025.5029296875,765.7669067382812
172,16,1057.246337890625,788.6326293945312
172,17,1088.7337646484375,810.9641723632812
172,18,806.2652587890625,655.4534912109375
172,19,838.7293701171875,679.3344116210938
172,20,871.777099609375,703.0733032226562
172,21,904.9530639648438,726.9569702148438
172,22,938.3230590820312,750.9523315429688
172,23,971.6322021484375,774.5380249023438
172,24,1004.7075805664062,797.7384033203125
172,25,1037.4091796875,820.7969360351562
172,26,1069.1402587890625,843.3198852539062
172,27,781.8624267578125,686.2249145507812
172,28,814.7853393554688,710.3804321289062
172,29,848.1073608398438,734.77294921875
172,30,881.8587646484375,758.9083862304688
172,31,915.8798828125,783.22314453125
172,32,949.6764526367188,807.2411499023438
172,33,983.3114013671875,830.7396850585938
172,34,1016.5305786132812,853.9046020507812
172,35,1049.438720703125,876.4319458007812
172,36,756.8252563476562,717.3787841796875
172,37,790.09033203125,742.4005126953125
172,38,824.0050659179688,767.2852172851562
172,39,858.1532592773438,791.8269653320312
172,40,892.7054443359375,816.4716796875
172,41,927.1299438476562,840.7513427734375
172,42,961.1895141601562,864.5509033203125
172,43,995.1355590820312,887.9611206054688
172,44,1028.5679931640625,910.5426635742188
172,45,731.7608032226562,749.3906860351562
172,46,765.2116088867188,774.839599609375
172,47,799.353759765625,800.31689453125
172,48,834.0307006835938,825.3861083984375
172,49,869.0405883789062,850.2738037109375
172,50,903.7395629882812,874.6831665039062
172,51,938.4605102539062,898.7485961914062
172,52,973.0391845703125,922.1449584960938
172,53,1006.8031616210938,944.8668823242188
172,54,706.0237426757812,781.9244384765625
172,55,740.173095703125,807.6919555664062
172,56,774.5955810546875,833.466552734375
172,57,809.5648193359375,859.1018676757812
172,58,844.9228515625,884.7286376953125
172,59,880.3255615234375,909.3109741210938
172,60,915.25,933.4171142578125
172,61,950.207763671875,957.000732421875
172,62,985.0831909179688,979.7058715820312
173,0,1176.8194580078125,464.9048156738281
173,1,1169.8868408203125,506.0472412109375
173,2,1162.924072265625,546.1538696289062
173,3,1155.932373046875,585.1574096679688
173,4,1148.754638671875,622.9009399414062
173,5,1141.547607421875,659.3388671875
173,6,1134.6253662109375,694.4188232421875
173,7,1127.6962890625,727.8648071289062
173,8,1120.8399658203125,759.69677734375
173,9,1134.2340087890625,457.8428039550781
173,10,1128.0418701171875,498.983642578125
173,11,1121.8763427734375,539.1650390625
173,12,1115.3629150390625,578.295654296875
173,13,1109.0032958984375,616.634033203125
173,14,1102.648681640625,653.1611328125
173,15,1096.5589599609375,688.0894165039062
173,16,1090.3759765625,721.3812255859375
173,17,1084.3662109375,753.4887084960938
173,18,1091.735595703125,450.9700927734375
173,19,1086.1326904296875,492.0335693359375
173,20,1080.55859375,532.5877075195312
173,21,1074.9180908203125,571.5275268554688
173,22,1069.260009765625,609.819091796875
173,23,1063.8701171875,646.1923217773438
173,24,1058.1226806640625,681.6951293945312
173,25,1052.8121337890625,715.3934326171875
173,26,1047.548095703125,747.044921875
173,27,1049.4110107421875,444.5141906738281
173,28,1044.2884521484375,485.8230895996094
173,29,1039.3160400390625,526.1224365234375
173,30,1034.401123046875,565.102294921875
173,31,1029.6226806640625,603.2620849609375
173,32,1024.893798828125,639.8887329101562
173,33,1020.150634765625,675.1004028320312
173,34,1015.6133422851562,708.830810546875
173,35,1011.219970703125,741.0269165039062
173,36,1006.8346557617188,439.2439270019531
173,37,1002.5390625,479.8059387207031
173,38,998.2217407226562,520.0534057617188
173,39,994.1265869140625,559.0895385742188
173,40,989.7843627929688,597.2172241210938
173,41,985.8240356445312,633.7476806640625
173,42,981.817138671875,668.4210815429688
173,43,978.1370849609375,702.4116821289062
173,44,974.6030883789062,734.6077880859375
173,45,965.18603515625,433.6578674316406
173,46,961.6572265625,474.3785095214844
173,47,958.085693359375,514.1808471679688
173,48,954.4205322265625,553.0836791992188
173,49,951.075439453125,591.059814453125
173,50,947.8291625976562,626.9381713867188
173,51,944.8888549804688,661.9354858398438
173,52,941.8597412109375,695.4908447265625
173,53,939.1461791992188,727.466796875
173,54,924.0118408203125,429.3849792480469
173,55,920.8951416015625,469.64825439453125
173,56,918.028076171875,509.36859130859375
173,57,915.5484619140625,547.35400390625
173,58,912.7642211914062,584.9049072265625
173,59,910.2330322265625,621.2451171875
173,60,907.9021606445312,655.8298950195312
173,61,905.6935424804688,689.2013549804688
173,62,903.5485229492188,721.55078125
174,0,779.32421875,829.3955688476562
174,1,804.97216796875,799.2255249023438
174,2,830.201904296875,769.5029907226562
174,3,854.7595825195312,740.0107421875
174,4,878.963134765625,711.1849365234375
174,5,902.36767578125,683.0028076171875
174,6,925.1746215820312,655.9122924804688
174,7,947.3793334960938,629.6968994140625
174,8,968.785888671875,604.2990112304688
174,9,810.427490234375,853.3443603515625
174,10,836.02099609375,822.5974731445312
174,11,861.079833984375,791.9573974609375
174,12,885.5147094726562,761.6656494140625
174,13,909.5860595703125,731.7542114257812
174,14,932.8978271484375,702.8632202148438
174,15,955.644287109375,675.1405029296875
174,16,977.6051025390625,648.6047973632812
174,17,998.5445556640625,622.5347900390625
174,18,842.6890869140625,877.8839111328125
174,19,867.9500732421875,846.1657104492188
174,20,892.9713134765625,814.5803833007812
174,21,917.1949462890625,783.7404174804688
174,22,941.129150390625,753.2982788085938
174,23,964.2439575195312,723.8146362304688
174,24,986.6553955078125,695.1734008789062
174,25,1008.2745971679688,667.43505859375
174,26,1029.127197265625,641.1430053710938
174,27,875.5619506835938,902.4366455078125
174,28,900.760009765625,869.82666015625
174,29,925.576416015625,837.5823364257812
174,30,949.7860107421875,806.0126953125
174,31,973.4867553710938,774.864990234375
174,32,996.4218139648438,744.8282470703125
174,33,1018.404541015625,715.6040649414062
174,34,1039.8355712890625,687.1076049804688
174,35,1060.1551513671875,659.782470703125
174,36,909.27783203125,926.8458251953125
174,37,934.5302124023438,893.6288452148438
174,38,959.2373046875,860.859375
174,39,983.2355346679688,828.4521484375
174,40,1006.7626953125,796.6361694335938
174,41,1029.28564453125,765.8501586914062
174,42,1051.039794921875,736.01708984375
174,43,1071.9112548828125,706.8547973632812
174,44,1092.0330810546875,678.8391723632812
174,45,943.5320434570312,951.2337036132812
174,46,968.6953735351562,917.608154296875
174,47,993.1240234375,884.1800537109375
174,48,1016.8639526367188,851.2412109375
174,49,1040.0594482421875,818.7424926757812
174,50,1062.3284912109375,787.4638671875
174,51,1083.707763671875,756.89306640625
174,52,1104.218505859375,727.1790771484375
174,53,1123.6915283203125,698.7578735351562
174,54,978.6473388671875,975.4158935546875
174,55,1003.5440063476562,941.0148315429688
174,56,1027.8701171875,907.0250854492188
174,57,1051.20556640625,873.8695068359375
174,58,1074.044921875,840.9308471679688
174,59,1095.964111328125,808.6497802734375
174,60,1116.8839111328125,777.687255859375
174,61,1136.889404296875,747.449951171875
174,62,1156.1337890625,717.9140014648438
175,0,892.2879028320312,871.3499145507812
175,1,919.1331176757812,841.7577514648438
175,2,945.0588989257812,812.7745361328125
175,3,969.79931640625,784.023681640625
175,4,993.7765502929688,756.482177734375
175,5,1016.5872192382812,729.5642700195312
175,6,1038.519287109375,703.8526611328125
175,7,1059.195556640625,679.6077270507812
175,8,1079.0594482421875,656.1571044921875
175,9,925.1279296875,893.5634765625
175,10,951.96875,862.82861328125
175,11,977.6473999023438,832.5909423828125
175,12,1002.2125854492188,802.7937622070312
175,13,1026.0347900390625,773.5768432617188
175,14,1048.574951171875,745.7573852539062
175,15,1069.943115234375,719.5781860351562
175,16,1090.57763671875,694.6333618164062
175,17,1109.8052978515625,670.409912109375
175,18,959.5935668945312,916.9241943359375
175,19,986.0053100585938,884.6202392578125
175,20,1011.5451049804688,852.750244140625
175,21,1035.838623046875,821.9613647460938
175,22,1059.25537109375,792.0994873046875
175,23,1081.55859375,763.5126342773438
175,24,1102.7506103515625,735.8291625976562
175,25,1122.6707763671875,709.7120971679688
175,26,1141.8516845703125,684.8624267578125
175,27,995.0946655273438,940.223388671875
175,28,1021.3168334960938,906.2971801757812
175,29,1046.639892578125,873.3551635742188
175,30,1070.7564697265625,841.45556640625
175,31,1093.8692626953125,810.5926513671875
175,32,1115.61865234375,781.0665283203125
175,33,1136.2310791015625,752.7616577148438
175,34,1155.875,725.6193237304688
175,35,1174.115234375,699.6043090820312
175,36,1031.99560546875,963.1660766601562
175,37,1058.1436767578125,928.2918701171875
175,38,1083.2552490234375,894.4116821289062
175,39,1106.8577880859375,861.3115844726562
175,40,1129.5950927734375,829.2745971679688
175,41,1150.8712158203125,798.8547973632812
175,42,1171.0421142578125,769.5615844726562
175,43,1189.9271240234375,741.5643310546875
175,44,1207.8441162109375,714.6320190429688
175,45,1069.888427734375,986.5188598632812
175,46,1095.79345703125,950.787841796875
175,47,1120.381103515625,915.8674926757812
175,48,1143.77783203125,881.8079833984375
175,49,1165.826416015625,848.7039184570312
175,50,1186.5615234375,817.405517578125
175,51,1206.0213623046875,787.2128295898438
175,52,1224.3658447265625,758.2674560546875
175,53,1241.4981689453125,730.9027099609375
175,54,1109.0068359375,1009.6422119140625
175,55,1134.5771484375,972.5463256835938
175,56,1158.6759033203125,936.5808715820312
175,57,1181.420654296875,902.0892944335938
175,58,1203.05615234375,868.1199951171875
175,59,1223.23779296875,835.310302734375
175,60,1242.019775390625,804.6337890625
175,61,1259.749267578125,774.8330688476562
175,62,1276.2099609375,746.047607421875
176,0,834.6922607421875,965.9562377929688
176,1,850.92529296875,943.1015014648438
176,2,866.8826904296875,920.5856323242188
176,3,882.1492919921875,898.2247924804688
176,4,897.0269775390625,876.523681640625
176,5,911.6456909179688,854.9441528320312
176,6,925.623779296875,834.5010375976562
176,7,939.6062622070312,814.3842163085938
176,9,859.9956665039062,979.6507568359375
176,10,876.007568359375,956.3894653320312
176,11,891.8316650390625,933.0922241210938
176,12,906.9312133789062,910.2445068359375
176,13,921.5899658203125,887.725341796875
176,14,935.9447021484375,865.85302734375
176,15,949.8901977539062,844.8179931640625
176,16,963.1078491210938,824.7910766601562
176,17,976.19970703125,804.6124267578125
176,18,886.02001953125,993.9539794921875
176,19,901.9384765625,969.8355102539062
176,20,916.953125,945.8832397460938
176,21,932.0386352539062,922.40380859375
176,22,946.5973510742188,899.6790161132812
176,23,960.7033081054688,877.3025512695312
176,24,974.3690185546875,855.6875610351562
176,25,987.594482421875,834.6864624023438
176,26,1000.7161254882812,814.4942016601562
176,27,912.6715698242188,1007.8167724609375
176,28,928.1787719726562,982.788330078125
176,29,943.3345947265625,958.375244140625
176,30,957.9957275390625,934.5929565429688
176,31,972.33203125,911.08203125
176,32,986.28466796875,888.657958984375
176,33,999.6805419921875,866.447509765625
176,34,1012.3551025390625,844.88916015625
176,35,1024.71240234375,824.3018798828125
176,36,939.9500122070312,1021.0983276367188
176,37,955.1704711914062,995.92138671875
176,38,970.1306762695312,971.0989990234375
176,39,984.5084228515625,946.6292724609375
176,40,998.5637817382812,922.6443481445312
176,41,1012.2071533203125,899.6494140625
176,42,1025.156005859375,877.1339721679688
176,43,1037.796875,855.3051147460938
176,44,1049.9852294921875,833.9588623046875
176,45,967.5982055664062,1034.7412109375
176,46,982.610107421875,1009.0407104492188
176,47,997.1644897460938,983.7275390625
176,48,1011.3888549804688,958.79931640625
176,49,1025.2000732421875,934.4918823242188
176,50,1038.2474365234375,910.98486328125
176,51,1050.926025390625,888.2416381835938
176,52,1063.2283935546875,865.8738403320312
176,53,1074.8922119140625,844.4740600585938
176,54,995.9057006835938,1047.7740478515625
176,55,1010.669921875,1021.5498046875
176,56,1024.8404541015625,995.8372192382812
176,57,1038.7884521484375,970.880859375
176,58,1052.0985107421875,946.2149658203125
176,59,1064.9794921875,922.0900268554688
176,60,1077.3154296875,898.841064453125
176,61,1088.9388427734375,876.2307739257812
176,62,1100.6358642578125,853.922607421875
177,4,919.42333984375,668.173095703125
177,5,946.4494018554688,683.2778930664062
177,6,973.203857421875,699.1070556640625
177,7,1000.7031860351562,715.4921875
177,8,1028.9466552734375,731.6463012695312
177,12,875.4172973632812,669.3383178710938
177,13,902.3189086914062,684.9793701171875
177,14,929.4691772460938,700.8031616210938
177,15,956.9652099609375,717.47900390625
177,16,985.212158203125,734.5991821289062
177,17,1013.9004516601562,751.2538452148438
177,19,804.3792114257812,655.76025390625
177,20,830.6632690429688,671.11669921875
177,21,856.7310180664062,687.0005493164062
177,22,884.1309814453125,703.4048461914062
177,23,911.5560913085938,720.1676635742188
177,24,939.8992919921875,736.9588012695312
177,25,969.0136108398438,754.2400512695312
177,26,998.0631713867188,772.1270141601562
177,29,810.7532348632812,688.6681518554688
177,30,837.4309692382812,705.1320190429688
177,31,864.9424438476562,722.4325561523438
177,32,893.0587158203125,739.9971313476562
177,33,921.987548828125,757.4119873046875
177,34,951.3795166015625,775.4629516601562
177,35,981.3380737304688,793.4771728515625
177,38,790.0255126953125,707.4405517578125
177,39,816.8767700195312,724.288818359375
177,40,844.9104614257812,742.124267578125
177,41,873.3054809570312,760.2860717773438
177,42,902.7965087890625,778.64990234375
177,43,933.0427856445312,797.28564453125
177,44,963.664794921875,816.1765747070312
177,46,741.9061889648438,708.9248046875
177,47,768.07373046875,726.8634643554688
177,48,795.635986328125,744.6483764648438
177,49,823.9883422851562,763.0931396484375
177,50,853.0339965820312,782.1062622070312
177,51,882.7339477539062,801.1534423828125
177,52,913.6981811523438,820.6668090820312
177,53,944.926513671875,840.4672241210938
177,55,718.7616577148438,726.7120361328125
177,56,745.66552734375,745.7106323242188
177,57,773.2061767578125,765.3822631835938
177,58,802.1107177734375,784.8989868164062
177,59,831.4756469726562,804.2589111328125
177,60,861.8894653320312,824.5027465820312
177,61,893.1731567382812,844.8856811523438
177,62,925.2935180664062,864.87939453125
178,5,1060.7198486328125,626.826416015625
178,6,1085.7227783203125,644.5360717773438
178,7,1110.47119140625,663.2593994140625
178,8,1135.9000244140625,682.8495483398438
178,14,1033.801025390625,640.5045166015625
178,15,1057.048095703125,658.974365234375
178,16,1080.9219970703125,678.9697875976562
178,17,1106.5245361328125,699.6893920898438
178,23,1004.0076293945312,656.01708984375
178,24,1026.3681640625,674.6685791015625
178,25,1050.300537109375,694.7124633789062
178,26,1075.4951171875,716.8471069335938
178,32,972.7026977539062,671.2042846679688
178,33,994.6219482421875,690.7109985351562
178,34,1018.0537719726562,711.8530883789062
178,35,1042.8021240234375,734.1298217773438
178,40,920.12109375,666.7594604492188
178,41,940.1007690429688,686.0178833007812
178,42,961.5043334960938,707.00146484375
178,43,984.4690551757812,728.816650390625
178,44,1008.4698486328125,752.3411865234375
178,49,887.6799926757812,682.2286376953125
178,50,906.9799194335938,702.648681640625
178,51,927.8082885742188,724.0870971679688
178,52,949.6859130859375,747.2803344726562
178,53,973.4002075195312,771.7608032226562
178,58,854.1830444335938,698.152587890625
178,59,872.4034423828125,718.5396728515625
178,60,892.229248046875,741.4369506835938
178,61,913.3898315429688,765.4891357421875
178,62,936.2211303710938,790.6602172851562
179,0,842.796875,979.1688842773438
179,1,860.4784545898438,939.6823120117188
179,2,878.07470703125,900.3010864257812
179,3,895.2726440429688,860.9769287109375
179,4,912.4115600585938,821.927978515625
179,5,929.1808471679688,783.3582153320312
179,6,945.7906494140625,745.7401733398438
179,7,961.8124389648438,708.9628295898438
179,8,977.3680419921875,673.0425415039062
179,9,883.057373046875,996.7174072265625
179,10,900.5388793945312,957.0492553710938
179,11,917.949462890625,917.1668090820312
179,12,935.017333984375,877.5222778320312
179,13,951.84228515625,837.7246704101562
179,14,968.28759765625,798.7454833984375
179,15,984.4071044921875,760.6082763671875
179,16,1000.1304321289062,723.5533447265625
179,17,1015.1732177734375,687.1064453125
179,18,924.1242065429688,1014.076171875
179,19,941.2447509765625,974.090576171875
179,20,958.4209594726562,933.9847412109375
179,21,975.174560546875,893.8329467773438
179,22,992.064453125,853.8056640625
179,23,1008.0445556640625,814.4371337890625
179,24,1023.79833984375,775.7518310546875
179,25,1039.00146484375,737.866943359375
179,26,1053.5623779296875,701.3451538085938
179,27,965.377197265625,1030.9661865234375
179,28,982.3789672851562,990.7002563476562
179,29,999.29638671875,950.111083984375
179,30,1015.9835205078125,909.8818359375
179,31,1032.2938232421875,869.4110717773438
179,32,1048.03759765625,829.8726806640625
179,33,1063.2452392578125,790.8192138671875
179,34,1078.0841064453125,752.4501953125
179,35,1091.973876953125,715.2261352539062
179,36,1007.047119140625,1047.6043701171875
179,37,1024.041015625,1006.9036254882812
179,38,1040.7779541015625,966.265380859375
179,39,1056.9749755859375,925.5894775390625
179,40,1073.0914306640625,884.7918701171875
179,41,1088.3262939453125,844.8651733398438
179,42,1103.274658203125,805.5860595703125
179,43,1117.50439453125,766.943603515625
179,44,1131.0531005859375,729.3003540039062
179,45,1048.3363037109375,1063.0616455078125
179,46,1065.1829833984375,1022.5707397460938
179,47,1081.4991455078125,981.7049560546875
179,48,1097.84521484375,940.7830200195312
179,49,1113.3709716796875,899.9642333984375
179,50,1128.371337890625,859.8255615234375
179,51,1142.723388671875,820.1676635742188
179,52,1156.31103515625,781.3197021484375
179,53,1169.0394287109375,743.5296020507812
179,54,1090.08251953125,1078.3612060546875
179,55,1106.7030029296875,1037.706298828125
179,56,1122.98583984375,996.5492553710938
179,57,1138.489990234375,955.6898803710938
179,58,1153.7757568359375,914.5587158203125
179,59,1168.3046875,874.1287231445312
179,60,1182.08251953125,834.4736328125
179,61,1195.166259765625,795.4436645507812
179,62,1207.90087890625,757.1681518554688
180,0,828.6495361328125,630.867431640625
180,1,858.2731323242188,645.4453125
180,2,888.8402709960938,660.6875
180,3,920.1586303710938,675.6386108398438
180,4,952.2645263671875,691.1377563476562
180,5,985.1726684570312,706.6633911132812
180,6,1018.58740234375,722.5193481445312
180,7,1052.7677001953125,738.8849487304688
180,8,1087.1630859375,755.1873168945312
180,9,809.3887329101562,658.140380859375
180,10,839.1407470703125,673.2327270507812
180,11,869.828857421875,688.78271484375
180,12,901.2059936523438,704.3335571289062
180,13,933.822021484375,720.1480712890625
180,14,967.11572265625,736.292724609375
180,15,1001.0059814453125,752.98779296875
180,16,1035.6429443359375,770.170166015625
180,17,1070.6192626953125,787.10791015625
180,18,789.8585205078125,686.4701538085938
180,19,819.5108032226562,702.1747436523438
180,20,850.18798828125,717.8392944335938
180,21,881.9906616210938,733.9876098632812
180,22,914.844970703125,750.8458862304688
180,23,948.3721923828125,767.7457885742188
180,24,982.698974609375,784.6890869140625
180,25,1017.7532958984375,802.1771240234375
180,26,1053.2049560546875,819.9021606445312
180,27,769.50341796875,714.9224853515625
180,28,799.1550903320312,731.0083618164062
180,29,830.07177734375,747.63818359375
180,30,861.9578247070312,764.3783569335938
180,31,895.07421875,781.9135131835938
180,32,928.9697875976562,799.5906982421875
180,33,963.72607421875,817.3226318359375
180,34,999.13232421875,835.2673950195312
180,35,1035.17578125,853.230224609375
180,36,748.2283325195312,743.4537353515625
180,37,778.1255493164062,760.7919921875
180,38,809.4386596679688,778.268310546875
180,39,841.3212890625,795.7570190429688
180,40,874.7508544921875,813.8024291992188
180,41,908.9364013671875,832.1280517578125
180,42,943.9185180664062,850.6082763671875
180,43,979.8942260742188,869.3120727539062
180,44,1016.1814575195312,887.9033813476562
180,45,727.0120849609375,772.8969116210938
180,46,757.1570434570312,790.8804931640625
180,47,788.408935546875,809.28369140625
180,48,820.5172119140625,827.6256103515625
180,49,854.0641479492188,846.5689697265625
180,50,888.50732421875,865.599609375
180,51,923.785400390625,884.6728515625
180,52,959.9771728515625,904.0310668945312
180,53,996.663818359375,923.4057006835938
180,54,705.1005859375,802.4856567382812
180,55,735.1212158203125,821.058349609375
180,56,766.4959106445312,840.1124267578125
180,57,799.1280517578125,859.9989624023438
180,58,832.945068359375,879.8296508789062
180,59,867.329833984375,899.36376953125
180,60,902.9095458984375,919.26025390625
180,61,939.4578247070312,939.0737915039062
180,62,976.6121826171875,958.9336547851562
181,0,845.2371215820312,977.987548828125
181,1,860.8672485351562,955.0305786132812
181,2,875.7307739257812,932.6676025390625
181,3,890.4296264648438,910.2501220703125
181,4,904.582763671875,888.4879150390625
181,5,918.5078735351562,866.9777221679688
181,9,870.1250610351562,990.9953002929688
181,10,885.2316284179688,967.82666015625
181,11,900.0380249023438,944.7694702148438
181,12,914.62353515625,921.9420166015625
181,13,928.55224609375,899.33203125
181,14,942.2719116210938,877.4506225585938
181,15,955.5020141601562,856.3440551757812
181,16,968.3011474609375,836.0382080078125
181,18,895.582763671875,1004.5797119140625
181,19,910.5205688476562,980.65185546875
181,20,925.0223388671875,956.8928833007812
181,21,939.0485229492188,933.64306640625
181,22,952.9678344726562,910.7273559570312
181,23,966.4984130859375,888.4984130859375
181,24,979.6889038085938,866.7566528320312
181,27,921.2705078125,1017.736328125
181,28,936.0874633789062,993.1254272460938
181,29,950.4502563476562,969.064697265625
181,30,964.4121704101562,945.4500732421875
181,31,978.2191772460938,922.0199584960938
181,32,991.1851806640625,899.4440307617188
181,33,1004.1580200195312,877.2609252929688
181,36,947.8507690429688,1030.6156005859375
181,37,962.476318359375,1005.7053833007812
181,38,976.382080078125,981.230224609375
181,39,990.3007202148438,956.9848022460938
181,40,1003.8287353515625,933.0359497070312
181,41,1016.7430419921875,910.1429443359375
181,42,1029.11865234375,887.7520141601562
181,43,1041.1767578125,865.6880493164062
181,44,1052.80126953125,844.3839111328125
181,45,974.5078735351562,1043.3896484375
181,46,988.99072265625,1018.1961059570312
181,47,1002.8887329101562,993.2380981445312
181,48,1016.3579711914062,968.71435546875
181,49,1029.6260986328125,944.4349975585938
181,50,1042.207275390625,921.1075439453125
181,51,1054.369873046875,898.2957763671875
181,52,1066.4486083984375,875.969482421875
181,53,1077.6044921875,854.3037719726562
181,54,1001.99072265625,1055.8355712890625
181,55,1016.1356811523438,1030.075927734375
181,56,1029.8603515625,1004.7142944335938
181,57,1043.056640625,980.277099609375
181,58,1055.948486328125,955.928955078125
181,59,1068.2801513671875,931.8416748046875
181,60,1080.21044921875,908.6907348632812
182,0,907.3255004882812,493.67596435546875
182,1,923.2843017578125,517.1743774414062
182,2,939.955322265625,541.8483276367188
182,3,957.102294921875,566.1927490234375
182,4,974.4710083007812,591.843505859375
182,5,992.6703491210938,617.2506103515625
182,6,1010.8563842773438,643.770751953125
182,7,1029.271240234375,670.5869750976562
182,8,1048.0712890625,697.9591064453125
182,9,882.0570068359375,502.17181396484375
182,10,898.0316162109375,526.2359619140625
182,11,914.6277465820312,550.9905395507812
182,12,931.9713745117188,576.0884399414062
182,13,949.9786376953125,601.8519287109375
182,14,968.1738891601562,628.0697631835938
182,15,986.4080810546875,655.2891845703125
182,16,1004.765380859375,683.1956176757812
182,17,1023.9532470703125,711.115234375
182,18,855.5187377929688,511.3683776855469
182,19,871.6965942382812,535.8495483398438
182,20,888.5191040039062,560.692626953125
182,21,905.8190307617188,586.3262329101562
182,22,923.74658203125,613.0401000976562
182,23,941.9932250976562,640.2354125976562
182,24,960.5692138671875,667.5612182617188
182,25,979.61181640625,695.9874877929688
182,26,998.4661865234375,724.9510498046875
182,27,828.2366333007812,520.4190673828125
182,28,844.5420532226562,545.0745239257812
182,29,861.482666015625,570.481201171875
182,30,878.7381591796875,596.837890625
182,31,896.59716796875,624.197021484375
182,32,914.8596801757812,652.093994140625
182,33,933.65380859375,680.4725952148438
182,34,952.6851196289062,709.5447387695312
182,35,972.210693359375,738.9849243164062
182,36,800.3472290039062,529.1488037109375
182,37,816.3369750976562,554.77685546875
182,38,833.0484619140625,581.0667114257812
182,39,850.4267578125,607.8007202148438
182,40,868.4175415039062,635.8357543945312
182,41,886.7979125976562,664.2863159179688
182,42,905.6493530273438,693.64208984375
182,43,924.808349609375,723.440185546875
182,44,944.5025024414062,753.7906494140625
182,45,771.7920532226562,538.6505126953125
182,46,787.6370239257812,564.9158935546875
182,47,804.0553588867188,592.0263061523438
182,48,821.1416625976562,619.6331787109375
182,49,839.0720825195312,648.2138671875
182,50,857.3382568359375,677.6011352539062
182,51,876.3506469726562,707.54345703125
182,52,895.7166137695312,738.3004760742188
182,53,915.456298828125,769.4195556640625
182,54,742.1808471679688,547.6190795898438
182,55,757.8155517578125,574.4437255859375
182,56,774.1864013671875,602.2374877929688
182,57,790.8486328125,631.4224853515625
182,58,808.7785034179688,661.0255126953125
182,59,827.1123046875,690.789306640625
182,60,845.9821166992188,721.8715209960938
182,61,865.3392333984375,753.2852783203125
182,62,885.6590576171875,784.9425659179688
183,0,1214.7811279296875,492.4293518066406
183,1,1204.0233154296875,532.76416015625
183,2,1193.662353515625,571.4690551757812
183,3,1182.8935546875,609.1641845703125
183,4,1172.5450439453125,645.00048828125
183,5,1162.182861328125,679.5137329101562
183,6,1151.9398193359375,711.9917602539062
183,7,1142.181884765625,743.1824340820312
183,8,1132.8570556640625,772.4826049804688
183,9,1174.8583984375,477.870361328125
183,10,1165.3961181640625,517.7189331054688
183,11,1155.8729248046875,556.525634765625
183,12,1145.9442138671875,593.6975708007812
183,13,1136.230224609375,629.9232788085938
183,14,1126.64013671875,664.26708984375
183,15,1117.64892578125,696.7269897460938
183,16,1109.1846923828125,727.3291015625
183,17,1100.7047119140625,756.8634643554688
183,18,1136.78759765625,464.0265808105469
183,19,1127.9044189453125,503.3729248046875
183,20,1118.7757568359375,541.907470703125
183,21,1109.8922119140625,578.8550415039062
183,22,1101.2183837890625,614.5491943359375
183,23,1092.78173828125,648.5707397460938
183,24,1084.2484130859375,681.2052001953125
183,25,1076.29931640625,712.342041015625
183,26,1069.080810546875,741.3970947265625
183,27,1099.134765625,450.94879150390625
183,28,1090.8935546875,490.06793212890625
183,29,1082.63134765625,528.0479125976562
183,30,1074.6239013671875,564.708984375
183,31,1066.6817626953125,600.2152709960938
183,32,1059.3489990234375,633.8443603515625
183,33,1051.8692626953125,666.2483520507812
183,34,1044.709228515625,697.1854858398438
183,35,1037.9659423828125,726.6130981445312
183,36,1061.997802734375,439.0782165527344
183,37,1054.8026123046875,477.5966491699219
183,38,1047.5089111328125,514.9405517578125
183,39,1040.1954345703125,551.2758178710938
183,40,1033.0869140625,586.3630981445312
183,41,1026.362548828125,619.7744750976562
183,42,1019.9217529296875,651.9092407226562
183,43,1013.7982788085938,682.734619140625
183,44,1007.7990112304688,711.965087890625
183,45,1026.9140625,427.7586669921875
183,46,1020.4466552734375,465.6702575683594
183,47,1014.08056640625,502.39324951171875
183,48,1007.586669921875,538.1881103515625
183,49,1001.1731567382812,572.9364624023438
183,50,995.5918579101562,605.8950805664062
183,51,989.94140625,637.8692016601562
183,52,984.5640869140625,668.077880859375
183,53,979.5264282226562,697.1068115234375
183,54,992.204833984375,417.6244201660156
183,55,986.2340698242188,454.90203857421875
183,56,980.8548583984375,491.00927734375
183,57,975.8372802734375,525.9078979492188
183,58,970.3491821289062,560.0043334960938
183,59,965.0512084960938,592.9637451171875
183,60,960.2048950195312,624.1482543945312
183,61,955.4000244140625,654.3722534179688
183,62,950.711181640625,683.714111328125
184,0,1208.3211669921875,476.9208679199219
184,1,1198.771728515625,517.6881103515625
184,2,1189.185791015625,557.11669921875
184,3,1179.3211669921875,595.60546875
184,4,1169.7987060546875,632.2372436523438
184,5,1160.1859130859375,668.2022094726562
184,6,1150.646728515625,702.1486206054688
184,7,1141.6304931640625,734.3654174804688
184,8,1132.6470947265625,765.07958984375
184,9,1167.0833740234375,464.88836669921875
184,10,1158.2581787109375,505.3022155761719
184,11,1149.689208984375,544.7515869140625
184,12,1140.5107421875,582.8912963867188
184,13,1131.499755859375,620.2521362304688
184,14,1122.8914794921875,655.7406005859375
184,15,1114.395263671875,689.4898071289062
184,16,1106.3424072265625,721.4703369140625
184,17,1098.32666015625,752.2274780273438
184,18,1126.840576171875,453.1476745605469
184,19,1118.82861328125,493.4059143066406
184,20,1110.5367431640625,532.7997436523438
184,21,1102.37548828125,570.7813110351562
184,22,1094.41796875,607.7346801757812
184,23,1086.65087890625,642.8956298828125
184,24,1078.790771484375,676.8560791015625
184,25,1071.17236328125,709.1428833007812
184,26,1064.2646484375,739.6934204101562
184,27,1087.01806640625,442.4241027832031
184,28,1079.708251953125,482.4664001464844
184,29,1072.253173828125,521.3676147460938
184,30,1064.8341064453125,559.0111083984375
184,31,1057.74462890625,595.6736450195312
184,32,1050.819091796875,630.7407836914062
184,33,1044.066650390625,664.2542724609375
184,34,1037.23291015625,696.6572875976562
184,35,1030.8275146484375,727.4169311523438
184,36,1047.8280029296875,432.74041748046875
184,37,1041.0897216796875,472.0225524902344
184,38,1034.58642578125,510.5543518066406
184,39,1027.933837890625,547.9139404296875
184,40,1021.3978271484375,584.4307250976562
184,41,1015.1951904296875,619.1326904296875
184,42,1009.3282470703125,652.3623046875
184,43,1003.4165649414062,684.495849609375
184,44,998.0303344726562,714.999267578125
184,45,1010.2042236328125,423.2939758300781
184,46,1004.266357421875,462.19122314453125
184,47,998.5090942382812,500.0616149902344
184,48,992.6268310546875,537.0187377929688
184,49,986.9056396484375,573.0723876953125
184,50,981.7222290039062,607.2492065429688
184,51,976.5355224609375,640.5084228515625
184,52,971.4900512695312,672.1956787109375
184,53,967.0684204101562,702.5823974609375
184,54,972.938232421875,414.8834228515625
184,55,967.65234375,453.179931640625
184,56,962.6394653320312,490.7189636230469
184,57,957.9974975585938,526.7871704101562
184,58,953.2249145507812,562.246826171875
184,59,948.2657470703125,596.4808959960938
184,60,944.0301513671875,629.166748046875
184,61,939.744140625,660.6126708984375
184,62,935.5175170898438,691.254638671875
185,0,929.9927368164062,494.1692199707031
185,1,946.6394653320312,524.3611450195312
185,2,963.2387084960938,555.0950927734375
185,3,980.7483520507812,585.7654418945312
185,4,997.8923950195312,616.9705810546875
185,5,1015.8370361328125,647.91259765625
185,6,1033.35595703125,678.8569946289062
185,7,1050.6015625,710.0086669921875
185,8,1067.7645263671875,740.9659423828125
185,9,904.5844116210938,502.9841613769531
185,10,921.2235717773438,534.0247192382812
185,11,938.5628662109375,565.4154663085938
185,12,956.5140991210938,596.8338623046875
185,13,974.9080200195312,628.5866088867188
185,14,993.009521484375,660.4651489257812
185,15,1010.823974609375,692.5280151367188
185,16,1028.097900390625,724.72998046875
185,17,1045.8408203125,756.4453125
185,18,876.9078979492188,512.7705078125
185,19,894.4013061523438,544.3327026367188
185,20,912.5650634765625,576.2125244140625
185,21,930.8152465820312,608.5803833007812
185,22,949.2816772460938,641.439453125
185,23,967.9199829101562,674.1956176757812
185,24,986.533203125,706.9860229492188
185,25,1004.9320068359375,740.0355224609375
185,26,1022.8156127929688,772.7230224609375
185,27,848.4989013671875,522.540283203125
185,28,866.5296630859375,554.8718872070312
185,29,885.0254516601562,587.7647705078125
185,30,903.6384887695312,620.92431640625
185,31,922.6776733398438,654.9444580078125
185,32,941.6629028320312,688.735107421875
185,33,960.7982177734375,722.30126953125
185,34,979.8273315429688,756.2423706054688
185,35,998.7328491210938,789.8018798828125
185,36,819.2119140625,532.219482421875
185,37,837.2929077148438,565.7980346679688
185,38,855.9895629882812,599.9006958007812
185,39,875.2665405273438,634.056396484375
185,40,894.6548461914062,668.82958984375
185,41,914.1190795898438,703.8347778320312
185,42,933.6420288085938,738.651123046875
185,43,953.27001953125,773.5255737304688
185,44,972.6031494140625,807.941162109375
185,45,788.2291259765625,543.1224975585938
185,46,806.44287109375,577.6647338867188
185,47,825.4143676757812,612.7203369140625
185,48,844.8680419921875,648.1119995117188
185,49,864.7655639648438,684.0330200195312
185,50,884.6359252929688,719.9523315429688
185,51,904.7528686523438,755.787841796875
185,52,924.7858276367188,791.6995849609375
185,53,944.666015625,827.0726318359375
185,54,756.2990112304688,553.7689208984375
185,55,775.0276489257812,589.2785034179688
185,56,794.1861572265625,625.6255493164062
185,57,813.1962890625,662.656494140625
185,58,833.4638061523438,699.8477783203125
185,59,854.2404174804688,736.5577392578125
185,60,874.50341796875,773.6041259765625
185,61,895.1925659179688,810.4747314453125
185,62,916.2069702148438,846.6716918945312
186,0,1025.9482421875,718.6189575195312
186,1,1018.6439208984375,742.1319580078125
186,2,1011.0118408203125,767.0150146484375
186,3,1003.4592895507812,792.4783935546875
186,4,995.4270629882812,819.1414184570312
186,5,987.1137084960938,846.742919921875
186,6,978.3510131835938,875.1838989257812
186,7,969.1259765625,904.7017211914062
186,8,959.5198364257812,935.205078125
186,9,1004.2088623046875,702.1360473632812
186,10,996.3663940429688,725.9835205078125
186,11,988.34619140625,750.5125122070312
186,12,980.216064453125,776.1598510742188
186,13,971.8922729492188,802.5169067382812
186,14,963.195068359375,830.4981079101562
186,15,953.6015014648438,858.994140625
186,16,943.2211303710938,889.1924438476562
186,17,932.9705200195312,920.0415649414062
186,18,981.5109252929688,685.7487182617188
186,19,973.0919189453125,708.829345703125
186,20,965.0933227539062,733.6288452148438
186,21,956.306640625,759.1611328125
186,22,947.0242309570312,786.1028442382812
186,23,937.3948364257812,813.8790283203125
186,24,927.514892578125,842.693115234375
186,25,916.9285888671875,872.6278686523438
186,26,905.5460815429688,903.9686889648438
186,27,958.4109497070312,668.1719970703125
186,28,950.0446166992188,691.5800170898438
186,29,941.119140625,715.951171875
186,30,931.895263671875,741.4127197265625
186,31,921.7215576171875,768.3347778320312
186,32,911.2913818359375,796.4541015625
186,33,900.6505126953125,825.28955078125
186,34,889.4033203125,855.5614013671875
186,35,877.732177734375,886.8267211914062
186,36,935.4971313476562,650.1265258789062
186,37,926.1345825195312,673.4315795898438
186,38,916.4522094726562,697.7478637695312
186,39,906.58203125,722.9707641601562
186,40,895.9675903320312,749.86865234375
186,41,884.9017333984375,777.6578369140625
186,42,873.20947265625,806.8553466796875
186,43,861.0095825195312,837.2250366210938
186,44,848.693359375,868.7767944335938
186,45,911.7188110351562,631.5878295898438
186,46,901.7262573242188,654.8757934570312
186,47,891.3068237304688,679.0621337890625
186,48,880.4843139648438,704.2457275390625
186,49,869.124267578125,731.0611572265625
186,50,857.0599975585938,759.1326293945312
186,51,844.7492065429688,788.1747436523438
186,52,831.6216430664062,818.6754150390625
186,53,818.0545654296875,850.2265625
186,54,888.0882568359375,612.3348999023438
186,55,877.482666015625,635.2382202148438
186,56,866.2437744140625,659.4150390625
186,57,854.0448608398438,684.921875
186,58,841.8914794921875,711.709716796875
186,59,829.312744140625,739.282470703125
186,60,815.722900390625,768.46923828125
186,61,801.9328002929688,798.9153442382812
186,62,787.947509765625,830.3969116210938
187,0,781.2581176757812,803.9083251953125
187,1,806.9818725585938,778.9049682617188
187,2,831.8157348632812,754.9017944335938
187,3,854.9342041015625,731.12646484375
187,4,877.6275024414062,708.5347900390625
187,5,898.9332885742188,686.5586547851562
187,6,919.2257080078125,665.9367065429688
187,7,939.324462890625,646.465087890625
187,8,957.5018310546875,627.993408203125
187,9,811.8803100585938,823.2811889648438
187,10,837.258056640625,797.4412231445312
187,11,861.3687133789062,772.027587890625
187,12,884.5736083984375,747.3118286132812
187,13,907.1066284179688,723.2681274414062
187,14,928.4917602539062,700.5203857421875
187,15,948.2909545898438,679.321044921875
187,16,967.8504638671875,659.2393798828125
187,17,986.053466796875,640.169677734375
187,18,843.7357177734375,843.9552612304688
187,19,868.8480834960938,816.4544067382812
187,20,892.7791137695312,789.6027221679688
187,21,915.552734375,763.7190551757812
187,22,937.810546875,739.1146850585938
187,23,958.66748046875,715.89697265625
187,24,978.2412109375,693.2100830078125
187,25,997.1710815429688,672.6302490234375
187,26,1015.18408203125,652.3279418945312
187,27,877.0115966796875,864.2554931640625
187,28,901.8697509765625,835.1890869140625
187,29,925.3732299804688,807.2861328125
187,30,947.9630126953125,780.7173461914062
187,31,969.5148315429688,755.1339111328125
187,32,989.9771118164062,731.134033203125
187,33,1009.02978515625,708.1661376953125
187,34,1027.151611328125,686.0565795898438
187,35,1044.58544921875,665.1921997070312
187,36,911.7352905273438,884.2684936523438
187,37,936.1019897460938,854.3812866210938
187,38,959.3528442382812,825.6925659179688
187,39,981.2748413085938,797.8814086914062
187,40,1002.3203735351562,771.2482299804688
187,41,1022.2869262695312,746.374755859375
187,42,1040.983642578125,722.4443359375
187,43,1058.752685546875,700.0533447265625
187,44,1075.452880859375,678.2578735351562
187,45,947.4973754882812,904.7858276367188
187,46,971.28564453125,873.9934692382812
187,47,993.9852294921875,844.2628173828125
187,48,1015.5634155273438,815.5438232421875
187,49,1036.022216796875,788.1390991210938
187,50,1055.2220458984375,762.37744140625
187,51,1073.239990234375,737.8933715820312
187,52,1090.6025390625,714.4695434570312
187,53,1106.1663818359375,692.5906372070312
187,54,984.5065307617188,924.7452392578125
187,55,1007.9259033203125,892.6544799804688
187,56,1030.033447265625,862.1060180664062
187,57,1050.8433837890625,833.1990966796875
187,58,1070.61279296875,805.0425415039062
187,59,1089.094970703125,778.0621948242188
187,60,1106.48974609375,752.8853759765625
187,61,1122.8333740234375,728.9346923828125
187,62,1138.3673095703125,705.5923461914062
188,0,807.0790405273438,904.5057373046875
188,1,826.8345947265625,881.950439453125
188,2,846.1898803710938,859.3017578125
188,3,864.32861328125,837.3164672851562
188,4,882.2227783203125,816.3955078125
188,9,834.5565185546875,921.2769165039062
188,10,854.2239379882812,897.7346801757812
188,11,873.0606079101562,874.6366577148438
188,12,891.0188598632812,852.0595092773438
188,13,908.7341918945312,829.7321166992188
188,18,863.1228637695312,938.7685546875
188,19,882.3812866210938,914.2193603515625
188,20,900.8340454101562,889.9400634765625
188,21,918.6410522460938,866.566650390625
188,22,935.6041870117188,843.9552001953125
188,27,892.3877563476562,955.8068237304688
188,28,911.1853637695312,930.1256103515625
188,29,929.4520263671875,905.158203125
188,30,946.718994140625,881.1337890625
188,31,963.6685180664062,858.0197143554688
188,36,922.6575317382812,972.3818969726562
188,37,941.0949096679688,946.2120361328125
188,38,958.95849609375,920.637939453125
188,39,975.9112548828125,896.060791015625
188,40,992.22900390625,872.07666015625
188,41,1007.7612915039062,849.3638916015625
188,42,1022.3572387695312,827.3839111328125
188,43,1036.81884765625,806.3311157226562
188,44,1050.4390869140625,786.0013427734375
188,45,953.335205078125,989.046142578125
188,46,971.3843994140625,962.2388305664062
188,47,988.6928100585938,936.1751098632812
188,48,1005.1464233398438,910.8638305664062
188,49,1021.1130981445312,886.5781860351562
188,50,1036.094482421875,863.091064453125
188,51,1050.3143310546875,840.7315673828125
188,52,1064.31396484375,818.796630859375
188,53,1077.0325927734375,798.3854370117188
188,54,984.8363037109375,1005.2518920898438
188,55,1002.4271240234375,977.8052978515625
188,56,1019.1251220703125,950.9348754882812
188,57,1034.96923828125,925.3876342773438
188,58,1050.45068359375,900.5538940429688
188,59,1065.0460205078125,876.4362182617188
188,60,1078.92919921875,853.4555053710938
188,61,1091.979248046875,831.2314453125
188,62,1104.6568603515625,809.8515014648438
189,0,829.7493896484375,648.3216552734375
189,1,858.8526000976562,659.796875
189,2,889.1586303710938,671.7145385742188
189,3,920.2937622070312,683.2100219726562
189,4,952.4315795898438,695.4578247070312
189,5,985.2255859375,707.3200073242188
189,6,1018.985595703125,719.9359741210938
189,7,1053.52783203125,732.76318359375
189,8,1088.6961669921875,745.736572265625
189,9,812.4141235351562,675.3036499023438
189,10,841.7700805664062,687.2737426757812
189,11,872.17578125,699.6416625976562
189,12,903.2432861328125,711.7298583984375
189,13,935.8004760742188,724.1434936523438
189,14,969.162353515625,736.7289428710938
189,15,1003.27294921875,750.1514892578125
189,16,1038.422119140625,763.917724609375
189,17,1074.11279296875,777.463134765625
189,18,794.6605834960938,703.4476318359375
189,19,824.05224609375,715.8946533203125
189,20,854.3142700195312,728.1349487304688
189,21,885.89306640625,741.004150390625
189,22,918.7933959960938,754.4680786132812
189,23,952.35302734375,767.9990234375
189,24,986.908447265625,781.6710205078125
189,25,1022.5057983398438,795.8668823242188
189,26,1058.8292236328125,810.21923828125
189,27,776.2115478515625,731.64208984375
189,28,805.4987182617188,744.5028686523438
189,29,836.1439819335938,757.9279174804688
189,30,867.9234619140625,771.28125
189,31,900.8133544921875,785.500244140625
189,32,934.9327392578125,799.8876342773438
189,33,970.0447998046875,814.1026000976562
189,34,1006.0213623046875,828.9315185546875
189,35,1042.7630615234375,843.7060546875
189,36,756.7198486328125,759.9069213867188
189,37,786.3961791992188,773.9833984375
189,38,817.2281494140625,788.2978515625
189,39,849.0651245117188,802.638916015625
189,40,882.4357299804688,817.3170166015625
189,41,916.7860717773438,832.3775024414062
189,42,952.24267578125,847.7118530273438
189,43,988.6841430664062,863.1663818359375
189,44,1025.9063720703125,878.6908569335938
189,45,737.1815795898438,789.0247192382812
189,46,767.028076171875,804.035400390625
189,47,798.1255493164062,819.1705932617188
189,48,830.1217651367188,834.3910522460938
189,49,863.7525024414062,850.1171875
189,50,898.3834228515625,866.0390014648438
189,51,934.0177001953125,882.0504760742188
189,52,970.87548828125,898.311767578125
189,53,1008.5657958984375,914.6533813476562
189,54,716.9964599609375,818.438720703125
189,55,746.6917114257812,833.9822387695312
189,56,777.9291381835938,850.0557861328125
189,57,810.4341430664062,866.8226318359375
189,58,844.4627685546875,883.5946044921875
189,59,879.0568237304688,900.0567016601562
189,60,915.1142578125,916.948486328125
189,61,952.3125,934.0204467773438
189,62,990.2283935546875,950.7672119140625
190,0,1046.0406494140625,684.8737182617188
190,1,1039.984375,709.720703125
190,2,1033.3983154296875,735.669677734375
190,3,1026.5379638671875,762.5120849609375
190,4,1019.1639404296875,791.3423461914062
190,5,1011.4810180664062,820.8416137695312
190,6,1003.4121704101562,851.9124145507812
190,7,994.7944946289062,884.2716674804688
190,8,985.6961059570312,917.965087890625
190,9,1015.2175903320312,675.8477783203125
190,10,1008.1541137695312,700.6253051757812
190,11,1001.0176391601562,726.3248901367188
190,12,993.4366455078125,752.88623046875
190,13,985.19873046875,781.0195922851562
190,14,976.9099731445312,810.2854614257812
190,15,967.9168090820312,841.2338256835938
190,16,958.151611328125,873.82373046875
190,17,948.3446655273438,907.2582397460938
190,18,984.281982421875,667.378662109375
190,19,976.7096557617188,691.527099609375
190,20,968.7158203125,716.7191772460938
190,21,960.3014526367188,743.2406616210938
190,22,951.2301635742188,771.138916015625
190,23,941.98974609375,800.3992919921875
190,24,932.0806274414062,830.5791625976562
190,25,921.81298828125,862.5828857421875
190,26,910.9692993164062,895.9421997070312
190,27,953.6480102539062,658.5252075195312
190,28,945.2374267578125,682.2811889648438
190,29,936.30078125,707.0789184570312
190,30,927.2128295898438,733.1464233398438
190,31,917.3336791992188,760.8615112304688
190,32,907.1644287109375,789.9647827148438
190,33,896.6256713867188,819.9095458984375
190,34,885.457763671875,851.41455078125
190,35,874.0786743164062,883.8958740234375
190,36,922.6954345703125,649.2937622070312
190,37,913.5926513671875,672.7127685546875
190,38,904.1253662109375,697.32177734375
190,39,894.0274658203125,722.9338989257812
190,40,883.593505859375,750.2422485351562
190,41,872.7137451171875,778.5934448242188
190,42,861.149658203125,808.47265625
190,43,849.2982788085938,839.4276733398438
190,44,836.9659423828125,871.6146240234375
190,45,892.3284301757812,640.2831420898438
190,46,882.487548828125,663.5890502929688
190,47,872.3528442382812,687.8592529296875
190,48,861.6886596679688,713.11181640625
190,49,850.2673950195312,739.8934326171875
190,50,838.5692749023438,768.1714477539062
190,51,826.4426879882812,797.4706420898438
190,52,813.8885498046875,828.3173217773438
190,53,800.9725952148438,860.3328247070312
190,54,862.2611083984375,630.6605834960938
190,55,852.0743408203125,653.3828125
190,56,840.816650390625,677.4666748046875
190,57,829.3689575195312,703.148193359375
190,58,817.305908203125,729.7982788085938
190,59,805.0072631835938,757.0213012695312
190,60,792.1206665039062,786.1515502929688
190,61,778.9288330078125,816.3862915039062
190,62,765.0531005859375,847.346923828125
191,0,928.6845703125,885.6820678710938
191,1,946.6609497070312,860.8729248046875
191,2,964.9194946289062,835.8606567382812
191,3,982.9564819335938,809.9738159179688
191,4,1001.5370483398438,783.3875732421875
191,5,1019.7545776367188,756.5087280273438
191,6,1038.2978515625,729.464599609375
191,7,1056.939453125,702.0664672851562
191,8,1075.63916015625,674.2870483398438
191,9,949.4507446289062,905.78466796875
191,10,967.8967895507812,881.0337524414062
191,11,986.3621215820312,855.3623657226562
191,12,1004.8965454101562,829.129150390625
191,13,1023.413330078125,802.0580444335938
191,14,1042.170166015625,774.8394165039062
191,15,1061.4632568359375,747.3491821289062
191,16,1080.8729248046875,719.4078369140625
191,17,1099.8648681640625,691.1368408203125
191,18,971.31884765625,926.707763671875
191,19,989.9396362304688,901.5277099609375
191,20,1008.573486328125,875.6177368164062
191,21,1027.4527587890625,849.1021118164062
191,22,1046.709228515625,821.6829223632812
191,23,1066.175048828125,794.1435546875
191,24,1085.6236572265625,765.8154907226562
191,25,1105.17724609375,737.4173583984375
191,26,1124.942138671875,708.8152465820312
191,27,993.19970703125,947.8568115234375
191,28,1012.2006225585938,922.6143798828125
191,29,1031.2823486328125,896.3004760742188
191,30,1050.813720703125,869.447021484375
191,31,1070.74560546875,841.7930908203125
191,32,1090.72802734375,813.68359375
191,33,1110.6790771484375,785.1515502929688
191,34,1130.74951171875,756.0505981445312
191,35,1150.6788330078125,726.75048828125
191,36,1015.5384521484375,969.9722290039062
191,39,1074.927978515625,890.735107421875
191,40,1095.365478515625,862.5910034179688
191,41,1115.8714599609375,833.9840087890625
191,42,1136.388427734375,805.0441284179688
191,43,1157.0191650390625,775.4971313476562
191,44,1177.4935302734375,745.5777587890625
191,45,1038.3829345703125,992.211669921875
191,48,1099.959228515625,912.148193359375
191,49,1121.00830078125,883.826171875
191,50,1142.12255859375,854.9578857421875
191,51,1163.0927734375,825.5027465820312
191,52,1184.26025390625,795.5225219726562
191,53,1205.3128662109375,765.183349609375
191,54,1061.1695556640625,1015.1565551757812
191,55,1082.3441162109375,989.0863037109375
191,56,1103.6478271484375,962.0146484375
191,57,1125.4156494140625,934.2604370117188
191,58,1147.1422119140625,905.5326538085938
191,59,1168.5399169921875,876.4158325195312
191,60,1190.346923828125,846.51513671875
191,61,1212.0521240234375,816.0354614257812
191,62,1233.2889404296875,785.0491943359375
192,0,843.3843383789062,975.9775390625
192,1,864.011474609375,937.5286865234375
192,2,883.7543334960938,900.176025390625
192,3,902.8245849609375,863.3096313476562
192,4,921.2115478515625,827.91455078125
192,5,938.7891845703125,793.4486694335938
192,6,955.6373291015625,760.5906372070312
192,7,971.8666381835938,729.3038940429688
192,8,987.2217407226562,699.7632446289062
192,9,884.8662719726562,994.968505859375
192,10,904.7953491210938,955.772216796875
192,11,923.9719848632812,917.2568969726562
192,12,942.3613891601562,879.8519897460938
192,13,960.13671875,843.0455932617188
192,14,977.1043090820312,807.9896850585938
192,15,993.1446533203125,774.783447265625
192,16,1008.4542236328125,742.9907836914062
192,17,1022.8924560546875,712.6627807617188
192,18,927.207763671875,1014.0330200195312
192,19,946.5598754882812,973.9364624023438
192,20,965.0686645507812,934.5079345703125
192,21,982.6983642578125,896.1761474609375
192,22,999.8599853515625,858.7890014648438
192,23,1015.9602661132812,823.3634033203125
192,24,1031.317626953125,789.009033203125
192,25,1045.8453369140625,756.337890625
192,26,1059.4359130859375,725.5267333984375
192,27,970.523193359375,1032.494384765625
192,28,989.0149536132812,991.4085083007812
192,29,1006.778076171875,951.2388305664062
192,30,1023.891357421875,912.2523803710938
192,31,1040.092529296875,874.4135131835938
192,32,1055.439697265625,838.2427368164062
192,33,1069.892822265625,803.3631591796875
192,34,1083.6353759765625,770.0745239257812
192,35,1096.3570556640625,738.1737670898438
192,36,1014.42919921875,1049.93603515625
192,37,1032.3321533203125,1008.4165649414062
192,38,1049.386962890625,967.6937866210938
192,39,1065.57666015625,928.0997314453125
192,40,1081.0338134765625,889.4779052734375
192,41,1095.5035400390625,852.6740112304688
192,42,1108.9969482421875,817.35498046875
192,43,1121.9527587890625,783.3421630859375
192,44,1133.84765625,751.0284423828125
192,45,1058.2799072265625,1067.0098876953125
192,46,1075.4918212890625,1024.8602294921875
192,47,1091.7138671875,983.8233032226562
192,48,1107.1282958984375,943.5173950195312
192,49,1121.6982421875,904.6290893554688
192,50,1135.1556396484375,867.2423095703125
192,51,1147.969482421875,831.3779907226562
192,52,1159.7642822265625,797.038818359375
192,53,1170.7584228515625,764.4674682617188
192,54,1102.770751953125,1082.9451904296875
192,55,1119.140380859375,1040.462158203125
192,56,1134.5654296875,998.70947265625
192,57,1148.9403076171875,958.526611328125
192,58,1162.51318359375,919.0775756835938
192,59,1175.2801513671875,881.1646118164062
192,60,1187.06201171875,845.1151733398438
192,61,1197.798095703125,810.1926879882812
192,62,1208.147705078125,776.6062622070312
193,0,792.8388061523438,571.9517822265625
193,1,815.6258544921875,591.9763793945312
193,2,838.5134887695312,612.3515014648438
193,3,862.0518798828125,632.07666015625
193,4,885.9423828125,652.2039794921875
193,5,909.9459228515625,671.8753662109375
193,6,933.7684936523438,691.7078247070312
193,7,957.7111206054688,711.5973510742188
193,8,981.4299926757812,731.1476440429688
193,9,774.2691650390625,588.6834716796875
193,10,797.319580078125,609.35302734375
193,11,820.94970703125,629.987060546875
193,12,844.9735107421875,650.1300659179688
193,13,869.703125,670.3231201171875
193,14,894.24853515625,690.5396728515625
193,15,918.5805053710938,711.0077514648438
193,16,942.8226928710938,731.6015014648438
193,17,966.9945678710938,751.6427001953125
193,18,754.5668334960938,606.7442016601562
193,19,778.3046264648438,627.78173828125
193,20,802.5999145507812,648.4349975585938
193,21,827.2797241210938,669.1177368164062
193,22,852.2508544921875,690.05859375
193,23,877.1808471679688,710.8035278320312
193,24,902.2603759765625,731.3619995117188
193,25,927.491455078125,752.212158203125
193,26,952.2330932617188,772.9085083007812
193,27,734.2158203125,625.587890625
193,28,758.6614990234375,646.4456176757812
193,29,783.5860595703125,667.6486206054688
193,30,808.7317504882812,688.8628540039062
193,31,834.2818603515625,710.3564453125
193,32,859.7601318359375,731.6925048828125
193,33,885.469482421875,752.9490966796875
193,34,911.3157958984375,774.0509643554688
193,35,936.9142456054688,794.9232177734375
193,36,713.6903076171875,644.2344360351562
193,37,738.5015258789062,666.119873046875
193,38,763.7754516601562,687.84228515625
193,39,789.48974609375,709.4141845703125
193,40,815.6799926757812,731.4393310546875
193,41,841.8531494140625,753.279541015625
193,42,868.0623168945312,775.1422119140625
193,43,894.4921264648438,796.77490234375
193,44,920.6749267578125,818.0960693359375
193,45,692.1290893554688,663.9677124023438
193,46,717.5809326171875,686.3063354492188
193,47,743.1416015625,708.9120483398438
193,48,769.518798828125,731.2395629882812
193,49,796.0992431640625,753.7205200195312
193,50,822.846435546875,776.2575073242188
193,51,849.785400390625,798.2806396484375
193,52,876.5946044921875,820.491455078125
193,53,903.4525146484375,842.2034301757812
193,54,670.1668701171875,683.9390869140625
193,55,696.1895751953125,706.6563720703125
193,56,722.3933715820312,730.049560546875
193,57,748.8610229492188,753.4365844726562
193,58,776.1078491210938,776.6725463867188
193,59,803.5480346679688,799.4320678710938
193,60,830.7052001953125,822.4063110351562
193,61,858.3590698242188,844.8853149414062
193,62,886.2291259765625,866.74853515625
194,0,740.2376098632812,543.8935546875
194,1,753.3499755859375,576.3424072265625
194,2,766.3611450195312,608.028564453125
194,3,780.021240234375,639.3967895507812
194,4,793.5614624023438,670.2498168945312
194,5,807.03173828125,700.1160888671875
194,6,820.4190673828125,729.30615234375
194,7,833.3316040039062,757.9916381835938
194,8,846.5386352539062,785.6914672851562
194,9,713.9273071289062,557.3588256835938
194,10,727.690673828125,590.3384399414062
194,11,741.7208862304688,622.9216918945312
194,12,755.9736938476562,654.9043579101562
194,13,770.5713500976562,686.3787231445312
194,14,785.0284423828125,716.7930908203125
194,15,798.7005004882812,746.6224365234375
194,16,812.0328369140625,775.5353393554688
194,17,825.5411376953125,803.6724853515625
194,18,686.142578125,571.756103515625
194,19,700.6232299804688,605.4964599609375
194,20,715.8760375976562,638.6319580078125
194,21,730.922119140625,671.1884155273438
194,22,746.0869750976562,703.2940673828125
194,23,760.8132934570312,734.3527221679688
194,24,775.7554321289062,764.7086181640625
194,25,790.1409301757812,794.12939453125
194,26,803.8958740234375,822.678466796875
194,27,657.5704956054688,586.8377685546875
194,28,673.1473999023438,621.2263793945312
194,29,689.0667114257812,655.1929321289062
194,30,704.858642578125,688.31005859375
194,31,720.48779296875,721.0724487304688
194,32,736.0921630859375,752.7205810546875
194,33,751.60595703125,783.4659423828125
194,34,766.8717651367188,813.3641357421875
194,35,781.8636474609375,842.1473999023438
194,36,628.5817260742188,602.6505126953125
194,37,644.7301025390625,637.9559936523438
194,38,661.0078735351562,672.70751953125
194,39,677.6285400390625,706.43701171875
194,40,694.3120727539062,739.7988891601562
194,41,710.6656494140625,772.0396728515625
194,42,726.7300415039062,803.368896484375
194,43,742.8627319335938,833.6002197265625
194,44,758.6060180664062,862.5266723632812
194,45,598.2202758789062,619.4122924804688
194,46,615.0419311523438,655.3336181640625
194,47,631.9951782226562,690.8425903320312
194,48,649.2395629882812,725.3047485351562
194,49,666.74169921875,759.2366943359375
194,50,683.7652587890625,792.0535278320312
194,51,700.7748413085938,823.5540771484375
194,52,717.617431640625,854.1815185546875
194,53,733.8021850585938,883.5580444335938
194,54,567.556396484375,636.7340087890625
194,55,585.2596435546875,673.6216430664062
194,56,603.0228881835938,709.8296508789062
194,57,620.3917236328125,745.103271484375
194,58,638.3516845703125,779.5809326171875
194,59,656.7238159179688,812.8427734375
194,60,674.1580810546875,844.8926391601562
194,61,691.7945556640625,875.8130493164062
194,62,709.4179077148438,905.64697265625
195,0,837.2052001953125,955.2820434570312
195,1,855.4231567382812,915.8731079101562
195,2,873.4788818359375,876.42431640625
195,3,891.1347045898438,837.0810546875
195,4,908.9107666015625,798.1065063476562
195,5,926.133056640625,759.5578002929688
195,6,943.0487060546875,721.9371337890625
195,7,959.7274780273438,685.0515747070312
195,8,975.8515014648438,649.3391723632812
195,9,877.1996459960938,973.4190673828125
195,10,895.2797241210938,933.682373046875
195,11,913.0355224609375,893.7324829101562
195,12,930.6755981445312,853.9346923828125
195,13,948.0758666992188,814.052001953125
195,14,965.0464477539062,774.9767456054688
195,15,981.7710571289062,736.7958374023438
195,16,998.0040283203125,699.6851806640625
195,17,1013.6723022460938,663.1881713867188
195,18,918.0006713867188,991.4486694335938
195,19,935.941162109375,951.2213745117188
195,20,953.5051879882812,910.8675537109375
195,21,970.9118041992188,870.6484375
195,22,988.1033325195312,830.3271484375
195,23,1004.7894897460938,790.9509887695312
195,24,1021.2052612304688,752.0413208007812
195,25,1036.967041015625,714.121337890625
195,26,1052.1177978515625,677.5503540039062
195,27,959.2675170898438,1009.0383911132812
195,28,976.8896484375,968.5753173828125
195,29,994.5325317382812,927.693359375
195,30,1011.7601318359375,886.9876708984375
195,31,1028.6021728515625,846.3321533203125
195,32,1045.0677490234375,806.6547241210938
195,33,1060.9500732421875,767.3633422851562
195,34,1076.255859375,728.8792724609375
195,35,1090.8785400390625,691.4480590820312
195,36,1000.9442749023438,1026.410400390625
195,37,1018.6918334960938,985.540771484375
195,38,1036.0830078125,944.4186401367188
195,39,1052.972412109375,903.413330078125
195,40,1069.788330078125,862.29345703125
195,41,1085.8134765625,821.9791259765625
195,42,1101.2288818359375,782.4585571289062
195,43,1116.0484619140625,743.4514770507812
195,44,1130.2705078125,705.7340698242188
195,45,1042.6014404296875,1042.823486328125
195,46,1060.3468017578125,1001.826416015625
195,47,1077.5322265625,960.5159912109375
195,48,1094.2874755859375,919.3766479492188
195,49,1110.519287109375,878.05859375
195,50,1126.2032470703125,837.4408569335938
195,51,1141.1717529296875,797.4847412109375
195,52,1155.6416015625,758.3980102539062
195,53,1169.080810546875,720.2075805664062
195,54,1084.65234375,1059.1588134765625
195,55,1102.042724609375,1017.9253540039062
195,56,1119.1512451171875,976.4117431640625
195,57,1135.5159912109375,934.89697265625
195,58,1151.4908447265625,893.3239135742188
195,59,1166.7977294921875,852.4649047851562
195,60,1181.31396484375,812.3442993164062
195,61,1195.0877685546875,772.9122924804688
195,62,1208.1990966796875,734.1220092773438
196,0,847.5405883789062,602.763671875
196,1,879.6941528320312,625.5367431640625
196,2,912.0199584960938,648.4114990234375
196,3,944.7525024414062,671.143798828125
196,4,977.4881591796875,694.0219116210938
196,5,1010.2210083007812,716.509033203125
196,6,1042.529052734375,738.9618530273438
196,7,1074.588134765625,761.194091796875
196,8,1106.03662109375,782.9630126953125
196,9,824.2724609375,633.71875
196,10,856.7830200195312,656.64404296875
196,11,889.5652465820312,679.8235473632812
196,12,922.5340576171875,702.7713623046875
196,13,956.0380249023438,725.8458862304688
196,14,989.2405395507812,748.5300903320312
196,15,1022.0233154296875,771.285888671875
196,16,1054.287841796875,793.6824951171875
196,17,1086.317138671875,815.6649169921875
196,18,800.6592407226562,665.3709106445312
196,19,833.3374633789062,688.6389770507812
196,20,866.4415893554688,711.7879638671875
196,21,899.9083862304688,735.1015014648438
196,22,933.6204833984375,758.533447265625
196,23,967.0828857421875,781.5617065429688
196,24,1000.4668579101562,804.2709350585938
196,25,1033.70068359375,826.63330078125
196,26,1065.85498046875,848.7212524414062
196,27,776.8289794921875,697.3117065429688
196,28,809.8367919921875,720.8047485351562
196,29,843.2111206054688,744.49755859375
196,30,876.9271850585938,768.1239013671875
196,31,910.95263671875,791.8096923828125
196,32,944.87646484375,815.0486450195312
196,33,978.6716918945312,837.8798217773438
196,34,1012.0545654296875,860.3435668945312
196,35,1045.173095703125,882.31591796875
196,36,752.5768432617188,729.5480346679688
196,37,785.791259765625,753.7962036132812
196,38,819.4295654296875,777.9053344726562
196,39,853.3077392578125,801.70654296875
196,40,887.9214477539062,825.5614624023438
196,41,922.1744384765625,848.9263305664062
196,42,956.2308959960938,871.9163208007812
196,43,990.280517578125,894.5826416015625
196,44,1023.7446899414062,916.4525146484375
196,45,728.4661865234375,762.3643188476562
196,46,761.7315063476562,786.725830078125
196,47,795.8021240234375,811.125244140625
196,48,829.83935546875,835.3292236328125
196,49,864.5007934570312,859.3825073242188
196,50,899.023681640625,882.9127197265625
196,51,933.5451049804688,905.9683837890625
196,52,967.8250122070312,928.5526733398438
196,53,1001.5804443359375,950.4397583007812
196,54,703.9577026367188,795.4055786132812
196,55,737.3917846679688,820.1744995117188
196,56,771.6588134765625,844.6170043945312
196,57,806.1084594726562,869.1793212890625
196,58,841.0108642578125,893.5294189453125
196,59,875.9598388671875,917.1911010742188
196,60,910.543701171875,940.2357177734375
196,61,945.0811767578125,962.897216796875
196,62,979.5313720703125,984.7229614257812
197,1,915.4867553710938,550.847900390625
197,2,936.2510986328125,577.33642578125
197,3,957.7606811523438,603.708984375
197,4,979.8623657226562,630.958740234375
197,5,1002.244140625,657.989501953125
197,6,1024.8319091796875,685.4240112304688
197,7,1047.3687744140625,713.5242919921875
197,8,1070.0806884765625,741.3468017578125
197,10,892.67919921875,559.8473510742188
197,11,914.1153564453125,586.9547729492188
197,12,936.3872680664062,614.0471801757812
197,13,959.3760986328125,641.710693359375
197,14,982.4373168945312,669.735595703125
197,15,1005.44580078125,698.5641479492188
197,16,1028.3031005859375,727.6953125
197,17,1051.7066650390625,756.6548461914062
197,18,847.1400756835938,542.3189086914062
197,19,868.3538818359375,569.63037109375
197,20,890.8592529296875,597.012939453125
197,21,913.553466796875,625.0325927734375
197,22,936.9068603515625,654.1195068359375
197,23,960.4925537109375,683.1146850585938
197,24,984.5484008789062,712.4954833984375
197,25,1008.4519653320312,742.5149536132812
197,26,1032.13720703125,772.6514282226562
197,27,821.2086791992188,551.2394409179688
197,28,843.3926391601562,579.1321411132812
197,29,866.1762084960938,607.7236938476562
197,30,889.35302734375,636.73486328125
197,31,913.1989135742188,666.8182373046875
197,32,937.2191772460938,697.0213012695312
197,33,961.8970336914062,727.599365234375
197,34,986.6552124023438,758.6724243164062
197,35,1011.6533813476562,789.5805053710938
197,36,794.757568359375,560.1558227539062
197,37,816.61328125,589.0660400390625
197,38,839.73681640625,618.9271850585938
197,39,863.6158447265625,649.0189819335938
197,40,888.0625,680.0064697265625
197,41,912.8853149414062,711.5523681640625
197,42,937.9473266601562,743.4203491210938
197,43,963.5765991210938,775.6185302734375
197,44,989.1781616210938,807.8876953125
197,45,766.347900390625,569.8610229492188
197,46,788.5443115234375,600.1885375976562
197,47,811.8373413085938,631.2014770507812
197,48,836.072998046875,662.3898315429688
197,49,861.079833984375,694.7433471679688
197,50,886.1488037109375,727.4368896484375
197,51,912.1174926757812,760.5443115234375
197,52,938.2492065429688,794.06982421875
197,53,964.4537963867188,827.6278076171875
197,54,736.8700561523438,579.1517333984375
197,55,759.5635986328125,610.3893432617188
197,56,783.0244140625,642.7273559570312
197,57,806.9009399414062,676.2464599609375
197,58,832.2486572265625,710.1389770507812
197,59,858.4312744140625,743.8597412109375
197,60,884.6896362304688,778.505859375
197,61,911.6409301757812,813.3050537109375
197,62,939.3795166015625,847.7142944335938
198,0,1211.2008056640625,479.6010437011719
198,1,1201.3031005859375,520.3157348632812
198,2,1191.598876953125,559.5668334960938
198,3,1181.45849609375,598.1251831054688
198,4,1172.0023193359375,634.7164916992188
198,5,1161.9505615234375,670.3251953125
198,6,1152.5106201171875,703.9608764648438
198,7,1143.172119140625,736.1083984375
198,8,1134.0089111328125,766.3588256835938
198,9,1170.184326171875,467.13983154296875
198,10,1161.27197265625,507.4617004394531
198,11,1152.30322265625,546.8244018554688
198,12,1143.1474609375,584.8868408203125
198,13,1134.067626953125,621.9972534179688
198,14,1125.1417236328125,657.2289428710938
198,15,1116.556396484375,690.9285278320312
198,16,1108.3470458984375,722.785400390625
198,17,1100.26708984375,753.232421875
198,18,1130.166015625,455.02752685546875
198,19,1122.17431640625,495.2059020996094
198,20,1113.58935546875,534.4100341796875
198,21,1105.3623046875,572.1859130859375
198,22,1097.23876953125,608.8952026367188
198,23,1089.206298828125,643.9249877929688
198,24,1081.2545166015625,677.746826171875
198,25,1073.763916015625,709.7974243164062
198,26,1066.6663818359375,740.0712280273438
198,27,1091.009521484375,443.91033935546875
198,28,1083.3143310546875,483.94305419921875
198,29,1075.720458984375,522.556396484375
198,30,1068.1072998046875,560.0487670898438
198,31,1060.9654541015625,596.4501342773438
198,32,1053.8623046875,631.2067260742188
198,33,1046.86962890625,664.707275390625
198,34,1040.0269775390625,696.8412475585938
198,35,1033.5628662109375,727.3367309570312
198,36,1051.88818359375,433.7652587890625
198,37,1045.16259765625,473.00164794921875
198,38,1038.5126953125,511.24481201171875
198,39,1031.7664794921875,548.423828125
198,40,1025.10009765625,584.640869140625
198,41,1018.7529296875,619.2360229492188
198,42,1012.86181640625,652.216796875
198,43,1006.888671875,684.235107421875
198,44,1001.358154296875,714.61669921875
198,45,1014.8501586914062,424.0708923339844
198,46,1008.8993530273438,462.8275451660156
198,47,1002.8826904296875,500.5101318359375
198,48,996.8607788085938,537.2960205078125
198,49,991.1654052734375,572.9848022460938
198,50,985.6927490234375,607.052001953125
198,51,980.4981689453125,639.9854125976562
198,52,975.4111328125,671.4483032226562
198,53,970.7438354492188,701.5139770507812
198,54,978.0259399414062,415.4027404785156
198,55,972.7843017578125,453.548583984375
198,56,967.5921020507812,490.6614685058594
198,57,962.9279174804688,526.5722045898438
198,58,957.9186401367188,561.869873046875
198,59,952.9904174804688,595.8868408203125
198,60,948.570068359375,628.2846069335938
198,61,944.2260131835938,659.494140625
198,62,939.7875366210938,689.9077758789062
199,0,829.6913452148438,618.931640625
199,1,859.932373046875,635.9103393554688
199,2,890.7738037109375,653.4364624023438
199,3,922.4423828125,670.7136840820312
199,4,955.0606079101562,688.6011962890625
199,5,988.0238037109375,706.3933715820312
199,6,1021.4718627929688,724.5597534179688
199,7,1055.258056640625,743.0828247070312
199,8,1089.251953125,761.5177001953125
199,9,809.0429077148438,646.7682495117188
199,10,839.4601440429688,664.252197265625
199,11,870.6886596679688,682.0964965820312
199,12,902.5245971679688,699.9642333984375
199,13,935.6243896484375,718.0853271484375
199,14,968.942626953125,736.4332885742188
199,15,1002.7822875976562,755.505859375
199,16,1036.9449462890625,774.7196655273438
199,17,1071.6199951171875,793.6245727539062
199,18,788.1643676757812,675.7594604492188
199,19,818.4815063476562,693.6199951171875
199,20,849.9041137695312,711.5912475585938
199,21,882.0526123046875,730.0260009765625
199,22,915.2410888671875,749.0554809570312
199,23,948.9921875,768.21826171875
199,24,983.1390380859375,787.3125
199,25,1018.1013793945312,806.8719482421875
199,26,1053.04638671875,826.57958984375
199,27,766.5762939453125,704.75146484375
199,28,797.0623168945312,723.072509765625
199,29,828.5934448242188,741.8208618164062
199,30,860.9666748046875,760.9763793945312
199,31,894.4025268554688,780.6602783203125
199,32,928.3729858398438,800.4151611328125
199,33,963.1326293945312,820.2252197265625
199,34,998.3660278320312,840.1991577148438
199,35,1033.9716796875,859.9658203125
199,36,744.270751953125,733.8316650390625
199,37,774.938720703125,753.3431396484375
199,38,806.7044067382812,773.0557250976562
199,39,839.2620239257812,792.68505859375
199,40,872.93115234375,812.9569702148438
199,41,907.2819213867188,833.1392822265625
199,42,942.3372192382812,853.7485961914062
199,43,978.0086669921875,874.2356567382812
199,44,1013.9447631835938,894.5803833007812
199,45,721.8953247070312,763.8246459960938
199,46,752.7930908203125,783.9800415039062
199,47,784.6456298828125,804.4572143554688
199,48,817.2813720703125,824.9248657226562
199,49,851.1485595703125,845.9197387695312
199,50,885.7858276367188,866.8849487304688
199,51,921.0518798828125,887.8876342773438
199,52,957.0379638671875,908.8634033203125
199,53,993.2695922851562,929.8196411132812
199,54,698.9056396484375,794.0238647460938
199,55,729.7785034179688,814.7117309570312
199,56,761.7858276367188,835.9302978515625
199,57,794.8599853515625,857.7068481445312
199,58,828.9689331054688,879.2373657226562
199,59,863.7564697265625,900.7158203125
199,60,899.3472900390625,922.5072021484375
199,61,935.4534912109375,944.0468139648438
199,62,972.2285766601562,965.16064453125
200,0,773.9943237304688,814.3998413085938
200,1,800.4716796875,785.2052612304688
200,2,826.5480346679688,756.83154296875
200,3,851.77783203125,728.5469360351562
200,4,876.4247436523438,701.1204223632812
200,5,900.3612060546875,674.33740234375
200,6,923.6448974609375,648.6558837890625
200,7,945.9382934570312,623.9813842773438
200,8,967.5143432617188,600.1843872070312
200,9,804.5831298828125,838.6881103515625
200,10,830.8994750976562,808.94970703125
200,11,856.7964477539062,779.462158203125
200,12,881.9432983398438,750.53955078125
200,13,906.4655151367188,721.8467407226562
200,14,930.211669921875,694.2459716796875
200,15,953.2681274414062,668.0852661132812
200,16,975.4815673828125,642.9556274414062
200,17,996.6231689453125,618.4439697265625
200,18,836.3037109375,863.9342651367188
200,19,862.50146484375,833.1824340820312
200,20,888.123291015625,802.6901245117188
200,21,913.0802612304688,772.8284912109375
200,22,937.5077514648438,743.669677734375
200,23,961.0225830078125,715.4945678710938
200,24,983.7110595703125,688.24267578125
200,25,1005.7499389648438,662.0744018554688
200,26,1026.5675048828125,637.1688232421875
200,27,868.7813110351562,888.9953002929688
200,28,894.7415161132812,857.2169189453125
200,29,920.336181640625,825.90234375
200,30,945.0618896484375,795.3333129882812
200,31,969.3038330078125,765.5181274414062
200,32,992.6432495117188,736.830322265625
200,33,1014.9124145507812,708.8416748046875
200,34,1036.5299072265625,681.8341064453125
200,35,1056.9765625,655.9493408203125
200,36,902.2608032226562,913.9652709960938
200,37,928.1302490234375,881.5985107421875
200,38,953.5469970703125,849.7197875976562
200,39,978.0883178710938,818.32861328125
200,40,1002.10791015625,787.6896362304688
200,41,1024.94189453125,758.0031127929688
200,42,1046.919921875,729.4402465820312
200,43,1068.0465087890625,701.7858276367188
200,44,1088.1617431640625,675.1656494140625
200,45,936.1875610351562,939.0162963867188
200,46,962.0682983398438,906.0081787109375
200,47,987.0415649414062,873.4400634765625
200,48,1011.3494873046875,841.4066162109375
200,49,1034.95361328125,810.0576171875
200,50,1057.498046875,779.970947265625
200,51,1079.033203125,750.7415161132812
200,52,1099.7359619140625,722.3646850585938
200,53,1119.1556396484375,695.35888671875
200,54,971.0288696289062,963.873779296875
200,55,996.6692504882812,930.0287475585938
200,56,1021.5260620117188,896.7850952148438
200,57,1045.3990478515625,864.6013793945312
200,58,1068.4375,832.6207885742188
200,59,1090.70556640625,801.5501708984375
200,60,1111.673583984375,771.7291870117188
200,61,1131.79443359375,742.8806762695312
200,62,1151.08056640625,714.7633056640625
201,0,1169.7357177734375,463.9706115722656
201,1,1162.5687255859375,504.7229309082031
201,2,1155.3251953125,544.2617797851562
201,3,1148.0799560546875,583.1392822265625
201,4,1140.89990234375,620.2434692382812
201,5,1133.6756591796875,656.6906127929688
201,6,1126.716064453125,691.2167358398438
201,7,1119.44970703125,724.5777587890625
201,8,1112.628173828125,756.0621337890625
201,9,1127.6119384765625,457.2872009277344
201,10,1121.02099609375,498.0423889160156
201,11,1114.631591796875,537.9453735351562
201,12,1107.921142578125,576.7318725585938
201,13,1101.4222412109375,614.987548828125
201,14,1095.096435546875,651.1729736328125
201,15,1088.77197265625,685.95654296875
201,16,1082.4385986328125,719.0640869140625
201,17,1076.4207763671875,750.9144897460938
201,18,1085.0224609375,450.5833435058594
201,19,1079.1328125,491.509033203125
201,20,1073.4476318359375,531.9916381835938
201,21,1067.6846923828125,570.8165893554688
201,22,1061.773193359375,608.7755737304688
201,23,1056.2021484375,645.2105712890625
201,24,1050.5694580078125,680.54345703125
201,25,1045.0068359375,713.942626953125
201,26,1039.712890625,745.6860961914062
201,27,1042.3909912109375,444.5709228515625
201,28,1037.3673095703125,485.75567626953125
201,29,1032.2655029296875,525.7708129882812
201,30,1026.9351806640625,564.8792724609375
201,31,1022.0477294921875,603.0853881835938
201,32,1017.12451171875,639.3809814453125
201,33,1012.3006591796875,674.5357055664062
201,34,1007.5548706054688,708.3914184570312
201,35,1003.108642578125,740.58935546875
201,36,999.906005859375,439.5411682128906
201,37,995.15380859375,480.1286315917969
201,38,990.7943725585938,520.328369140625
201,39,986.398193359375,559.6533813476562
201,40,981.91943359375,597.8082275390625
201,41,977.82373046875,634.1812744140625
201,42,973.8150634765625,669.0167236328125
201,43,969.7984619140625,703.0471801757812
201,44,966.16064453125,735.0402221679688
201,45,957.8182373046875,434.0010070800781
201,46,953.764892578125,475.08758544921875
201,47,950.0386962890625,514.9473876953125
201,48,946.2666625976562,554.0978393554688
201,49,942.6740112304688,591.9788208007812
201,50,939.372314453125,628.3836669921875
201,51,936.2085571289062,663.3226928710938
201,52,933.018310546875,696.8013916015625
201,53,930.1942138671875,728.8436889648438
201,54,915.7559204101562,429.9000244140625
201,55,912.3056030273438,470.4652404785156
201,56,909.1497192382812,510.3273010253906
201,57,906.5911254882812,548.8181762695312
201,58,903.670654296875,586.570068359375
201,59,900.987548828125,623.1204223632812
201,60,898.4637451171875,657.8045043945312
201,61,896.2788696289062,691.2518310546875
201,62,893.854248046875,723.7478637695312
202,0,1053.3778076171875,675.5299072265625
202,1,1047.264404296875,700.9619750976562
202,2,1040.8551025390625,727.3325805664062
202,3,1034.069580078125,754.8638916015625
202,4,1026.7955322265625,784.3825073242188
202,5,1019.0601806640625,814.8200073242188
202,6,1010.9095458984375,846.627685546875
202,7,1002.1697998046875,880.0730590820312
202,8,992.9733276367188,914.8430786132812
202,9,1021.1607666015625,669.7229614257812
202,10,1014.1056518554688,694.8356323242188
202,11,1006.9931030273438,721.115234375
202,12,999.3233032226562,748.1831665039062
202,13,991.1282958984375,776.9772338867188
202,14,982.7442016601562,806.8165283203125
202,15,973.6278686523438,838.6412353515625
202,16,963.9744262695312,871.9517822265625
202,17,954.0508422851562,906.3233032226562
202,18,989.15576171875,664.3592529296875
202,19,981.702880859375,688.9065551757812
202,20,973.4852294921875,714.414306640625
202,21,964.8611450195312,741.3731689453125
202,22,955.8909301757812,770.0614624023438
202,23,946.4876098632812,799.6365356445312
202,24,936.7434692382812,830.549560546875
202,25,926.3980102539062,863.1913452148438
202,26,915.557861328125,897.3482666015625
202,27,957.5801391601562,658.5523071289062
202,28,949.0400390625,682.6104736328125
202,29,940.4602661132812,707.8324584960938
202,30,931.0487670898438,734.36181640625
202,31,921.261962890625,762.6974487304688
202,32,911.0599975585938,792.0764770507812
202,33,900.3757934570312,822.6345825195312
202,34,889.1986694335938,854.4891967773438
202,35,877.7522583007812,887.8406982421875
202,36,926.0909423828125,652.9502563476562
202,37,917.0099487304688,676.4434814453125
202,38,907.3732299804688,701.3019409179688
202,39,897.3297119140625,727.0723266601562
202,40,886.7843017578125,754.7353515625
202,41,875.9230346679688,783.5391235351562
202,42,864.384765625,813.6320190429688
202,43,852.6239013671875,845.2387084960938
202,44,840.1618041992188,878.0458984375
202,45,895.6041870117188,646.9957275390625
202,46,885.5233764648438,670.4776611328125
202,47,875.4994506835938,695.0547485351562
202,48,864.6832275390625,720.6981811523438
202,49,853.5546875,747.4959106445312
202,50,841.8595581054688,776.3233642578125
202,51,829.84228515625,805.7869873046875
202,52,817.2421264648438,836.6082763671875
202,53,804.48291015625,869.1940307617188
202,54,865.1083374023438,640.73681640625
202,55,854.7868041992188,663.5599365234375
202,56,843.9371948242188,688.1267700195312
202,57,832.6986083984375,713.678466796875
202,58,820.759033203125,740.539306640625
202,59,808.5076904296875,767.932861328125
202,60,795.8768310546875,797.4385986328125
202,61,782.6621704101562,827.7714233398438
202,62,769.0470581054688,858.93603515625
203,0,1224.734619140625,478.162109375
203,1,1215.72119140625,520.1013793945312
203,2,1206.6439208984375,560.3231811523438
203,3,1197.166015625,599.4315795898438
203,4,1188.03271484375,636.7526245117188
203,5,1178.4027099609375,672.7742309570312
203,6,1169.46826171875,706.770263671875
203,7,1160.5584716796875,739.1480102539062
203,8,1152.000244140625,769.6775512695312
203,9,1185.653076171875,464.558837890625
203,10,1177.7568359375,505.6935119628906
203,11,1169.6790771484375,545.5357666015625
203,12,1160.890625,584.0505981445312
203,13,1152.2962646484375,621.4902954101562
203,14,1143.822265625,656.8858032226562
203,15,1135.7630615234375,690.6698608398438
203,16,1128.2425537109375,722.5350952148438
203,17,1120.50537109375,753.170166015625
203,18,1148.8697509765625,451.6274719238281
203,19,1141.3201904296875,492.0124206542969
203,20,1133.649169921875,531.4034423828125
203,21,1125.922607421875,569.2965087890625
203,22,1118.33154296875,606.0951538085938
203,23,1110.986083984375,641.164306640625
203,24,1103.543701171875,674.8023071289062
203,25,1096.3419189453125,706.9010620117188
203,26,1089.8646240234375,736.9242553710938
203,27,1112.827392578125,439.82513427734375
203,28,1105.879150390625,479.50335693359375
203,29,1098.93115234375,518.1149291992188
203,30,1091.9100341796875,555.1281127929688
203,31,1085.3067626953125,591.7088623046875
203,32,1078.9261474609375,626.2877807617188
203,33,1072.4639892578125,659.6546020507812
203,34,1066.108154296875,691.3983154296875
203,35,1060.1004638671875,721.6454467773438
203,36,1077.4539794921875,428.98736572265625
203,37,1071.29638671875,467.8324279785156
203,38,1065.3328857421875,505.85015869140625
203,39,1059.1170654296875,542.4505004882812
203,40,1053.1171875,578.3134765625
203,41,1047.495849609375,612.3763427734375
203,42,1041.9122314453125,645.1257934570312
203,43,1036.6768798828125,676.8280639648438
203,44,1031.3914794921875,706.552490234375
203,45,1044.3927001953125,419.0096130371094
203,46,1039.2080078125,456.9330749511719
203,47,1033.87646484375,493.9737548828125
203,48,1028.48046875,530.0808715820312
203,49,1023.05029296875,565.2117309570312
203,50,1018.2836303710938,598.7052612304688
203,51,1013.3296508789062,630.8731689453125
203,52,1008.9730834960938,661.9419555664062
203,53,1004.9119262695312,691.833984375
203,54,1011.7786254882812,409.94403076171875
203,55,1007.0626220703125,447.09454345703125
203,56,1002.7257690429688,483.2135009765625
203,57,998.5504150390625,518.3545532226562
203,58,994.068115234375,552.725830078125
203,59,989.3031616210938,585.9728393554688
203,60,985.5833740234375,617.52734375
203,61,981.5925903320312,648.1630859375
203,62,977.4323120117188,677.905517578125
204,0,832.5441284179688,664.9549560546875
204,1,861.372802734375,672.6664428710938
204,2,891.4849243164062,680.90966796875
204,3,922.2711791992188,688.8497314453125
204,4,954.5458984375,697.1213989257812
204,5,987.3220825195312,705.239990234375
204,6,1021.2732543945312,713.85546875
204,7,1056.384765625,722.73291015625
204,8,1092.148193359375,731.724365234375
204,9,817.44287109375,692.4202270507812
204,10,846.435546875,700.9685668945312
204,11,876.4816284179688,709.53125
204,12,907.656494140625,717.883056640625
204,13,939.8732299804688,726.3685913085938
204,14,973.2775268554688,735.2360229492188
204,15,1007.8812866210938,744.5604248046875
204,16,1043.5577392578125,754.7332153320312
204,17,1079.9989013671875,764.2033081054688
204,18,802.1152954101562,721.2225341796875
204,19,831.1331787109375,730.1425170898438
204,20,861.0563354492188,738.853515625
204,21,892.3923950195312,747.9949340820312
204,22,925.1885986328125,757.6447143554688
204,23,958.910888671875,767.2784423828125
204,24,993.7823486328125,777.0751342773438
204,25,1029.8984375,787.2672729492188
204,26,1066.8917236328125,797.9209594726562
204,27,786.0311889648438,750.0289306640625
204,28,814.9225463867188,759.4525146484375
204,29,845.15673828125,768.8921508789062
204,30,876.694091796875,779.0517578125
204,31,909.8331298828125,789.3793334960938
204,32,943.8601684570312,800.055419921875
204,33,979.115234375,810.577392578125
204,34,1015.811279296875,821.39990234375
204,35,1053.3009033203125,832.2483520507812
204,36,768.7536010742188,779.0035400390625
204,37,798.0429077148438,789.598876953125
204,38,828.6627197265625,800.3072509765625
204,39,860.2328491210938,810.9298706054688
204,40,893.4677124023438,822.032958984375
204,41,927.9711303710938,833.4033813476562
204,42,963.7281494140625,844.941650390625
204,43,1000.7037353515625,856.5252685546875
204,44,1038.616943359375,868.3052978515625
204,45,751.5787963867188,808.753662109375
204,46,781.1050415039062,820.2417602539062
204,47,811.8563842773438,832.074462890625
204,48,843.764892578125,843.6426391601562
204,49,877.1278686523438,855.8181762695312
204,50,911.9608764648438,867.9451904296875
204,51,947.95361328125,880.2288818359375
204,52,985.3663940429688,892.7500610351562
204,53,1023.9681396484375,905.4833984375
204,54,733.6353759765625,838.8401489257812
204,55,762.900634765625,850.9194946289062
204,56,793.961669921875,863.6258544921875
204,57,826.478271484375,876.869873046875
204,58,860.4052734375,889.9491577148438
204,59,895.0642700195312,902.865478515625
204,60,931.3912963867188,916.3058471679688
204,61,969.2151489257812,929.7369384765625
204,62,1007.9866943359375,942.8306884765625
205,0,784.1571044921875,535.6217651367188
205,1,801.7783203125,562.5352172851562
205,2,818.660888671875,588.5388793945312
205,3,836.0794677734375,613.98828125
205,4,852.5281372070312,638.3306274414062
205,5,869.1965942382812,662.162109375
205,6,885.2266235351562,685.3016967773438
205,7,900.5277709960938,707.1498413085938
205,8,915.3298950195312,728.2454223632812
205,9,762.1997680664062,556.885009765625
205,10,780.3504028320312,584.1316528320312
205,11,798.62255859375,610.2476196289062
205,12,816.6412963867188,635.8326416015625
205,13,834.4656982421875,660.2677612304688
205,14,851.8087768554688,684.010986328125
205,15,868.095947265625,707.010986328125
205,16,883.8566284179688,729.0061645507812
205,17,899.1430053710938,750.1801147460938
205,18,739.0120849609375,579.1558227539062
205,19,758.2366333007812,606.532470703125
205,20,777.72705078125,633.0017700195312
205,21,796.4202880859375,658.3333740234375
205,22,814.8728637695312,683.0299072265625
205,23,832.7263793945312,706.7974853515625
205,24,850.0758666992188,729.8035278320312
205,25,866.7740478515625,751.697021484375
205,26,882.6295166015625,772.68994140625
205,27,715.3897094726562,602.482421875
205,28,736.1165161132812,629.8387451171875
205,29,756.29833984375,656.29736328125
205,30,775.95947265625,681.9451904296875
205,31,795.04443359375,706.7367553710938
205,32,813.5122680664062,730.2598876953125
205,33,831.6455078125,753.1611328125
205,34,848.935791015625,775.0205078125
205,35,865.723388671875,795.9935913085938
205,36,692.0009765625,626.8268432617188
205,37,713.1873779296875,654.2235107421875
205,38,734.181396484375,680.7689819335938
205,39,754.86181640625,706.3522338867188
205,40,774.9495239257812,731.2047119140625
205,41,794.1181640625,754.7899169921875
205,42,812.6650390625,777.6134033203125
205,43,830.8430786132812,799.2490234375
205,44,848.2012329101562,820.116943359375
205,45,667.90771484375,651.8739624023438
205,46,689.9786376953125,679.1915283203125
205,47,711.65966796875,705.9093017578125
205,48,733.139404296875,731.5296020507812
205,49,753.9686279296875,756.2676391601562
205,50,773.7586059570312,779.7753295898438
205,51,793.14111328125,802.1605834960938
205,52,811.8436889648438,823.802490234375
205,53,829.8197631835938,844.2144775390625
205,54,644.1195068359375,677.8162231445312
205,55,667.0802612304688,705.5171508789062
205,56,689.679443359375,731.9743041992188
205,57,711.1862182617188,757.5047607421875
205,58,732.6422119140625,782.2141723632812
205,59,753.788330078125,805.5776977539062
205,60,773.5525512695312,827.8228149414062
205,61,793.0433959960938,849.0574340820312
205,62,812.023193359375,869.3933715820312
206,0,808.06298828125,893.6951293945312
206,1,830.144775390625,857.889404296875
206,2,852.0159301757812,822.5270385742188
206,3,873.2758178710938,787.3192138671875
206,4,894.4647827148438,752.7460327148438
206,5,915.0394897460938,718.752685546875
206,6,934.9603881835938,685.8547973632812
206,7,954.6373901367188,653.917236328125
206,8,973.48779296875,622.9771728515625
206,9,843.9024047851562,914.6992797851562
206,10,865.9779052734375,878.4014282226562
206,11,887.6676635742188,842.214599609375
206,12,908.8856811523438,806.3271484375
206,13,929.7892456054688,770.5069580078125
206,14,950.033935546875,735.957275390625
206,15,969.9503173828125,702.4094848632812
206,16,989.1614379882812,669.9849853515625
206,17,1007.79150390625,638.4321899414062
206,18,881.0318603515625,936.2603149414062
206,19,902.896484375,899.16064453125
206,20,924.424072265625,862.0569458007812
206,21,945.322265625,825.5469360351562
206,22,966.1710205078125,789.2620849609375
206,23,986.1470336914062,754.0674438476562
206,24,1005.7730102539062,719.6202392578125
206,25,1024.65185546875,686.2371215820312
206,26,1042.7181396484375,654.23486328125
206,27,918.9578857421875,957.5870971679688
206,28,940.5337524414062,919.7421264648438
206,29,961.9089965820312,882.0084838867188
206,30,982.7860717773438,844.7644653320312
206,31,1003.2969970703125,807.9856567382812
206,32,1023.12158203125,772.1432495117188
206,33,1042.0889892578125,737.0418701171875
206,34,1060.685791015625,702.95849609375
206,35,1078.127685546875,670.0199584960938
206,36,957.5552368164062,978.6727294921875
206,37,979.1898193359375,940.18212890625
206,38,1000.4485473632812,902.0772094726562
206,39,1021.0997924804688,864.1582641601562
206,40,1041.28759765625,826.568359375
206,41,1060.8682861328125,790.0922241210938
206,42,1079.54638671875,754.4405517578125
206,43,1097.4793701171875,719.674560546875
206,44,1114.6370849609375,686.1638793945312
206,45,996.6507568359375,999.4837646484375
206,46,1018.2709350585938,960.5883178710938
206,47,1039.15576171875,921.9246215820312
206,48,1059.593994140625,883.4646606445312
206,49,1079.4486083984375,845.41748046875
206,50,1098.59765625,808.36962890625
206,51,1116.7855224609375,772.2078857421875
206,52,1134.2711181640625,736.8796997070312
206,53,1150.7403564453125,702.9910888671875
206,54,1036.60009765625,1020.0032348632812
206,55,1057.7467041015625,980.5493774414062
206,56,1078.7108154296875,941.3217163085938
206,57,1098.7364501953125,902.6812744140625
206,58,1118.1612548828125,864.1181640625
206,59,1136.83984375,826.2742919921875
206,60,1154.6995849609375,789.8269653320312
206,61,1171.502685546875,753.9769287109375
206,62,1187.7281494140625,719.0650634765625
207,0,837.2901000976562,969.4137573242188
207,1,855.4696044921875,930.0813598632812
207,2,873.3460083007812,890.8799438476562
207,3,891.0809936523438,851.7109375
207,4,908.9512939453125,812.8043212890625
207,5,926.21728515625,774.1810302734375
207,6,943.2738647460938,736.4658813476562
207,7,959.9683837890625,699.487060546875
207,8,976.1260986328125,663.5266723632812
207,9,877.3132934570312,987.5824584960938
207,10,895.2741088867188,948.0729370117188
207,11,913.1163330078125,908.2386474609375
207,12,930.7249145507812,868.8142700195312
207,13,948.1013793945312,829.023681640625
207,14,965.2423095703125,790.2173461914062
207,15,981.94287109375,751.955078125
207,16,998.2545776367188,714.7607421875
207,17,1013.96630859375,678.1421508789062
207,18,918.0065307617188,1005.6136474609375
207,19,935.8096923828125,965.857421875
207,20,953.5122680664062,925.6885986328125
207,21,970.80322265625,885.7710571289062
207,22,988.1089477539062,845.7357788085938
207,23,1004.9057006835938,806.3947143554688
207,24,1021.1788940429688,767.6617431640625
207,25,1037.0159912109375,729.6685791015625
207,26,1052.2154541015625,693.1171875
207,27,959.0013427734375,1022.969482421875
207,28,976.621337890625,982.8480224609375
207,29,994.109619140625,942.3897094726562
207,30,1011.330078125,902.3583984375
207,31,1028.2589111328125,861.9402465820312
207,32,1044.7247314453125,822.31005859375
207,33,1060.5657958984375,783.351806640625
207,34,1076.1007080078125,744.9758911132812
207,35,1090.7667236328125,707.5342407226562
207,36,1000.3021240234375,1040.118408203125
207,37,1017.9808959960938,999.8021240234375
207,38,1035.2159423828125,959.30419921875
207,39,1052.224365234375,918.724609375
207,40,1069.0391845703125,878.1174926757812
207,41,1085.0140380859375,838.1180419921875
207,42,1100.59765625,798.761474609375
207,43,1115.484130859375,759.9810180664062
207,44,1129.9173583984375,722.2970581054688
207,45,1041.360107421875,1056.171875
207,46,1058.8876953125,1016.0068969726562
207,47,1076.0172119140625,975.3571166992188
207,48,1092.930908203125,934.7130737304688
207,49,1109.1251220703125,893.9307861328125
207,50,1124.8770751953125,853.7710571289062
207,51,1139.9222412109375,814.0896606445312
207,52,1154.298828125,775.1127319335938
207,53,1167.978271484375,737.3451538085938
207,54,1082.8592529296875,1072.412841796875
207,55,1100.185546875,1031.855224609375
207,56,1117.138671875,990.965576171875
207,57,1133.447998046875,950.1574096679688
207,58,1149.3826904296875,909.1755981445312
207,59,1164.719970703125,868.8115844726562
207,60,1179.3291015625,829.1317749023438
207,61,1193.1876220703125,790.0042114257812
207,62,1206.5565185546875,751.4671020507812
208,1,813.5191650390625,575.104248046875
208,2,833.977783203125,599.2841796875
208,3,854.8271484375,623.0952758789062
208,4,875.37841796875,646.77490234375
208,5,896.1893310546875,669.8248291015625
208,8,956.253173828125,736.3037109375
208,10,796.8390502929688,591.4283447265625
208,11,818.0588989257812,616.0458984375
208,12,839.9218139648438,640.2163696289062
208,13,861.7741088867188,664.0484619140625
208,14,883.1769409179688,687.4135131835938
208,15,904.0125122070312,710.7651977539062
208,16,924.213623046875,733.9182739257812
208,17,944.4630737304688,756.0665893554688
208,18,757.057861328125,583.2311401367188
208,19,779.0313110351562,608.6904296875
208,20,801.7333374023438,633.4661254882812
208,21,824.1104125976562,658.1910400390625
208,22,846.3713989257812,682.7261352539062
208,23,868.5338745117188,706.8057250976562
208,24,890.4056396484375,730.4802856445312
208,25,911.910400390625,753.6798706054688
208,26,932.536376953125,776.3468017578125
208,27,738.0191040039062,600.658203125
208,28,761.1528930664062,626.2623901367188
208,29,784.6032104492188,651.9636840820312
208,30,807.7509765625,677.1746826171875
208,31,830.7864379882812,702.4955444335938
208,32,853.660400390625,727.0892944335938
208,33,876.1560668945312,751.0230712890625
208,34,898.4764404296875,774.517578125
208,35,920.1131591796875,797.6716918945312
208,36,718.7535400390625,618.3534545898438
208,37,742.715087890625,644.9609375
208,38,766.490234375,671.4395751953125
208,39,790.6727294921875,697.2269897460938
208,40,814.6431884765625,722.9152221679688
208,41,838.2145385742188,748.1549682617188
208,42,861.524658203125,772.584228515625
208,43,884.4676513671875,796.74072265625
208,44,906.9800415039062,820.0508422851562
208,45,698.407470703125,637.3893432617188
208,46,722.997314453125,664.9205932617188
208,47,747.5846557617188,691.9814453125
208,48,772.4732666015625,718.6134033203125
208,49,797.1016845703125,744.9632568359375
208,50,821.54443359375,770.396484375
208,51,845.6627197265625,795.5197143554688
208,52,869.4940185546875,819.839599609375
208,53,892.4804077148438,843.6475830078125
208,54,677.7853393554688,657.0535888671875
208,55,703.2096557617188,685.1392211914062
208,56,728.8621215820312,712.9114990234375
208,57,753.8829345703125,740.62109375
208,58,779.3192138671875,767.6482543945312
208,59,804.7439575195312,793.5770874023438
208,60,829.3924560546875,819.1812744140625
208,61,854.05078125,844.0675659179688
208,62,878.3442993164062,867.9534912109375
209,0,977.943115234375,967.0489501953125
209,1,991.9279174804688,937.5498657226562
209,2,1005.7774047851562,907.895263671875
209,3,1018.89208984375,877.6964721679688
209,4,1032.4942626953125,847.1347045898438
209,5,1045.3359375,816.6014404296875
209,6,1058.3968505859375,786.1047973632812
209,7,1071.412353515625,755.4851684570312
209,8,1084.0675048828125,725.1465454101562
209,9,1002.5527954101562,981.2352294921875
209,10,1016.756103515625,951.2176513671875
209,11,1030.943115234375,920.7059936523438
209,12,1044.3011474609375,889.864990234375
209,13,1057.7034912109375,858.3927001953125
209,14,1070.92138671875,827.0023803710938
209,15,1084.3614501953125,795.8189086914062
209,16,1097.80712890625,764.6326904296875
209,17,1110.5130615234375,733.5193481445312
209,18,1028.8616943359375,996.003662109375
209,19,1043.049560546875,965.2109985351562
209,20,1056.84228515625,933.9935302734375
209,21,1070.805419921875,902.37353515625
209,22,1084.638671875,870.2367553710938
209,23,1098.2398681640625,838.2129516601562
209,24,1111.6275634765625,806.2085571289062
209,25,1124.8741455078125,773.9456176757812
209,26,1138.1253662109375,742.2560424804688
209,27,1055.515625,1010.91455078125
209,28,1069.8902587890625,979.6168823242188
209,29,1084.1849365234375,947.7050170898438
209,30,1098.2259521484375,915.3032836914062
209,31,1112.3699951171875,882.4006958007812
209,32,1126.4371337890625,849.72314453125
209,33,1140.0152587890625,816.68603515625
209,34,1153.5181884765625,783.8246459960938
209,35,1166.347412109375,750.9293823242188
209,36,1082.702880859375,1026.560302734375
209,37,1097.703369140625,994.47900390625
209,38,1112.527587890625,961.8607788085938
209,39,1126.8472900390625,928.7902221679688
209,40,1141.3017578125,894.9683837890625
209,41,1155.6417236328125,861.3721313476562
209,42,1169.652099609375,827.6843872070312
209,43,1183.213134765625,793.730712890625
209,44,1196.36376953125,760.1050415039062
209,45,1111.128662109375,1042.2445068359375
209,46,1126.62158203125,1009.5482788085938
209,47,1141.9296875,976.1505126953125
209,48,1156.8507080078125,942.3433837890625
209,49,1171.737060546875,908.0108642578125
209,50,1186.3114013671875,873.4619750976562
209,51,1200.33935546875,838.9459228515625
209,52,1214.1658935546875,804.3052368164062
209,53,1227.721923828125,769.91748046875
209,54,1139.9193115234375,1058.3045654296875
209,55,1155.8109130859375,1024.9141845703125
209,56,1171.6923828125,990.8831176757812
209,57,1187.7135009765625,956.3082275390625
209,58,1202.9739990234375,921.0801391601562
209,59,1217.49072265625,885.8892822265625
209,60,1232.1513671875,850.3441162109375
209,61,1246.111328125,814.9375610351562
209,62,1259.35888671875,779.6136474609375
210,0,792.222412109375,552.3845825195312
210,1,812.951416015625,576.2197265625
210,2,833.9121704101562,599.8955078125
210,3,855.022705078125,623.1019897460938
210,4,876.1586303710938,646.21533203125
210,5,897.357666015625,668.8160400390625
210,6,918.3445434570312,690.7147216796875
210,7,938.7674560546875,713.0160522460938
210,9,774.6345825195312,568.111572265625
210,10,796.1693725585938,592.4691162109375
210,11,817.8733520507812,616.672119140625
210,12,839.8868408203125,640.1610107421875
210,13,862.2073974609375,663.4927368164062
210,14,884.248046875,686.4053344726562
210,15,905.4384155273438,709.3375244140625
210,16,926.0870361328125,732.0357666015625
210,17,947.1565551757812,754.0238647460938
210,18,755.876220703125,585.121337890625
210,19,778.2702026367188,609.9146728515625
210,20,801.1652221679688,634.0472412109375
210,21,824.0826416015625,658.1923217773438
210,22,846.6143798828125,682.280029296875
210,23,869.3676147460938,705.8211059570312
210,24,891.7989501953125,729.0255126953125
210,25,913.7075805664062,751.8261108398438
210,26,934.762939453125,774.3524780273438
210,27,736.7154541015625,602.6207275390625
210,28,760.2340087890625,627.4703979492188
210,29,783.9949340820312,652.3889770507812
210,30,807.3737182617188,677.1408081054688
210,31,830.912109375,701.7959594726562
210,32,854.0697631835938,726.0529174804688
210,33,877.108154296875,749.390869140625
210,34,900.0343627929688,772.6676025390625
210,35,922.1905517578125,795.3914794921875
210,36,717.4765625,620.191650390625
210,37,741.6357421875,646.0919799804688
210,38,765.7109375,671.888916015625
210,39,790.159912109375,697.047607421875
210,40,814.5449829101562,722.3029174804688
210,41,838.5812377929688,746.8638305664062
210,42,862.2255859375,770.99853515625
210,43,885.8325805664062,794.642822265625
210,44,908.7921752929688,817.819580078125
210,45,697.095703125,639.26953125
210,46,721.8516235351562,665.8973388671875
210,47,746.5978393554688,692.4005126953125
210,48,771.9161376953125,718.25634765625
210,49,796.8580322265625,743.95166015625
210,50,821.60107421875,769.167236328125
210,51,846.1578369140625,793.8252563476562
210,52,870.3677978515625,817.945556640625
210,53,894.0859985351562,841.3167724609375
210,54,676.3013305664062,658.5543823242188
210,55,701.989990234375,686.0692138671875
210,56,727.764404296875,713.2412719726562
210,57,752.8553466796875,740.2261962890625
210,58,778.7089233398438,766.6875
210,59,804.5693969726562,792.1952514648438
210,60,829.76123046875,817.5375366210938
210,61,854.8008422851562,841.8894653320312
210,62,879.8685913085938,865.6265869140625
211,0,922.8045043945312,869.9589233398438
211,1,946.9498901367188,840.8050537109375
211,2,970.7320556640625,812.165771484375
211,3,993.2657470703125,783.372314453125
211,4,1015.7266235351562,755.29296875
211,5,1036.95849609375,727.7185668945312
211,6,1057.792724609375,700.80859375
211,7,1077.8641357421875,675.0499267578125
211,8,1096.9755859375,650.2395629882812
211,9,950.8753662109375,888.5823364257812
211,10,975.2695922851562,858.5400390625
211,11,999.1165161132812,828.6261596679688
211,12,1021.9315185546875,798.843017578125
211,13,1044.1351318359375,769.2613525390625
211,14,1065.6090087890625,740.6488037109375
211,15,1086.37158203125,713.2991333007812
211,16,1106.3199462890625,686.83447265625
211,17,1125.3453369140625,661.0382690429688
211,18,980.8265991210938,908.4105224609375
211,19,1005.3154907226562,876.9525756835938
211,20,1028.882080078125,845.5115966796875
211,21,1051.8941650390625,814.7708129882812
211,22,1074.2486572265625,784.4535522460938
211,23,1095.8779296875,755.0514526367188
211,24,1116.4407958984375,726.4966430664062
211,25,1136.3681640625,698.9885864257812
211,26,1155.497802734375,672.3468627929688
211,27,1011.7675170898438,928.3021240234375
211,28,1036.2510986328125,895.541259765625
211,29,1060.1156005859375,863.012451171875
211,30,1083.1634521484375,831.15625
211,31,1105.7132568359375,799.96875
211,32,1127.0897216796875,769.713134765625
211,33,1147.7537841796875,740.2330322265625
211,34,1167.4246826171875,711.5062255859375
211,35,1186.0985107421875,683.9767456054688
211,36,1043.8988037109375,948.3797607421875
211,37,1068.9254150390625,914.6577758789062
211,38,1092.9420166015625,881.1383056640625
211,39,1115.9361572265625,848.1068725585938
211,40,1138.355712890625,815.6238403320312
211,41,1159.8087158203125,784.351318359375
211,42,1180.2408447265625,753.9743041992188
211,43,1199.8721923828125,724.427001953125
211,44,1218.302978515625,695.9341430664062
211,45,1077.4493408203125,969.0176391601562
211,46,1102.6671142578125,934.2508544921875
211,47,1126.7481689453125,899.81005859375
211,48,1150.03515625,865.8025512695312
211,49,1172.22412109375,832.272216796875
211,50,1193.659912109375,800.1298217773438
211,51,1213.8175048828125,768.5887451171875
211,52,1233.115478515625,738.2360229492188
211,53,1251.2088623046875,709.0467529296875
211,54,1112.1484375,989.7145385742188
211,55,1137.3658447265625,953.7041625976562
211,56,1161.771484375,918.1287841796875
211,57,1185.0614013671875,883.5732421875
211,58,1207.4166259765625,849.0972900390625
211,59,1228.367431640625,815.5126953125
211,60,1248.4654541015625,783.44873046875
211,61,1267.27880859375,752.0086669921875
211,62,1285.025146484375,721.276123046875
212,0,831.0579223632812,934.8431396484375
212,1,850.0430297851562,895.9230346679688
212,2,868.932373046875,857.3488159179688
212,3,887.5625610351562,818.719482421875
212,4,905.9931030273438,780.7244873046875
212,5,923.920654296875,743.2119750976562
212,6,941.619873046875,706.5521850585938
212,7,958.895751953125,670.8812866210938
212,8,975.6376953125,636.333984375
212,9,869.8935546875,953.4740600585938
212,10,888.894775390625,914.2798461914062
212,11,907.6329345703125,874.8856811523438
212,12,926.080810546875,836.0042724609375
212,13,944.2130737304688,796.9407958984375
212,14,961.951416015625,758.8125610351562
212,15,979.3838500976562,721.6371459960938
212,16,996.290771484375,685.4746704101562
212,17,1012.556396484375,650.264404296875
212,18,910.0073852539062,972.3190307617188
212,19,928.7617797851562,932.6084594726562
212,20,947.2507934570312,892.7246704101562
212,21,965.5064086914062,852.9977416992188
212,22,983.6312866210938,813.6495361328125
212,23,1000.9951782226562,774.9998779296875
212,24,1017.9631958007812,737.0604248046875
212,25,1034.3199462890625,700.0413818359375
212,26,1050.37548828125,664.5927124023438
212,27,950.5786743164062,990.861328125
212,28,969.095458984375,950.5054321289062
212,29,987.4891357421875,910.1929321289062
212,30,1005.6505126953125,870.09326171875
212,31,1023.2787475585938,830.1380004882812
212,32,1040.5552978515625,791.0590209960938
212,33,1057.0596923828125,752.6613159179688
212,34,1073.2353515625,715.0597534179688
212,35,1088.3121337890625,678.6319580078125
212,36,991.8834838867188,1009.17041015625
212,37,1010.4502563476562,968.3541259765625
212,38,1028.772705078125,927.7557983398438
212,39,1046.530029296875,887.050048828125
212,40,1064.0013427734375,846.6521606445312
212,41,1080.7459716796875,807.0134887695312
212,42,1096.9805908203125,768.0532836914062
212,43,1112.56103515625,729.995361328125
212,44,1127.4439697265625,693.1535034179688
212,45,1033.137451171875,1026.8314208984375
212,46,1051.8519287109375,985.828857421875
212,47,1069.8221435546875,944.7992553710938
212,48,1087.5020751953125,903.8422241210938
212,49,1104.4302978515625,863.0275268554688
212,50,1121.0048828125,822.9609375
212,51,1136.501708984375,783.726806640625
212,52,1151.697265625,745.1659545898438
212,53,1165.613525390625,707.9696044921875
212,54,1075.1136474609375,1044.14306640625
212,55,1093.3896484375,1002.84130859375
212,56,1111.312744140625,961.3712768554688
212,57,1128.589111328125,920.2800903320312
212,58,1145.3802490234375,879.0962524414062
212,59,1161.3006591796875,838.4619750976562
212,60,1176.528076171875,799.0142211914062
212,61,1190.822265625,760.1235961914062
212,62,1204.867919921875,722.1776123046875
213,0,791.3018188476562,553.522216796875
213,1,812.4046630859375,576.86181640625
213,2,833.696533203125,600.1251831054688
213,3,855.045654296875,623.1068115234375
213,6,919.1880493164062,689.722412109375
213,7,940.135986328125,711.897216796875
213,8,960.7659301757812,732.9674072265625
213,9,773.7374877929688,569.4009399414062
213,10,795.3801879882812,593.3822631835938
213,11,817.4066162109375,617.15283203125
213,12,839.8842163085938,640.2238159179688
213,13,862.3160400390625,663.2958984375
213,14,884.6439208984375,686.000732421875
213,15,906.2252807617188,708.46337890625
213,16,927.3497924804688,730.9650268554688
213,17,948.6703491210938,752.6797485351562
213,18,754.8025512695312,586.7003173828125
213,19,777.4117431640625,611.01318359375
213,20,800.5755615234375,634.6010131835938
213,21,823.7363891601562,658.387939453125
213,22,846.6754150390625,682.2273559570312
213,23,869.5123901367188,705.2921142578125
213,24,892.1873779296875,728.180908203125
213,25,914.5526733398438,750.77783203125
213,26,936.0652465820312,772.8782958984375
213,27,735.6818237304688,604.2845458984375
213,28,759.2806396484375,628.81201171875
213,29,783.1343383789062,653.2445068359375
213,30,806.9559936523438,677.5668334960938
213,31,830.5988159179688,701.7948608398438
213,32,854.0695190429688,725.4903564453125
213,33,877.4097290039062,748.8694458007812
213,34,900.5510864257812,771.8560791015625
213,35,923.177490234375,794.2203369140625
213,36,716.1987915039062,622.1663208007812
213,37,740.5407104492188,647.579833984375
213,38,764.74755859375,672.900146484375
213,39,789.3261108398438,697.6139526367188
213,40,814.1072387695312,722.4048461914062
213,41,838.2797241210938,746.6370239257812
213,42,862.2550048828125,770.4966430664062
213,43,886.1144409179688,793.9051513671875
213,44,909.5327758789062,816.59033203125
213,45,695.75,641.3206787109375
213,46,720.5669555664062,667.44482421875
213,47,745.6083374023438,693.4166259765625
213,48,770.8901977539062,718.8317260742188
213,49,796.2578735351562,744.2239990234375
213,50,821.0835571289062,768.9423828125
213,51,846.0639038085938,793.2506713867188
213,52,870.5853881835938,816.90234375
213,53,894.4585571289062,840.25537109375
213,54,674.763671875,660.7431030273438
213,55,700.6936645507812,687.6116943359375
213,56,726.5189819335938,714.3527221679688
213,57,751.9517211914062,740.8965454101562
213,58,777.9674682617188,766.9878540039062
213,59,804.0739135742188,792.1106567382812
213,60,829.323486328125,816.9902954101562
213,61,854.8305053710938,841.1170654296875
213,62,880.0559692382812,864.2647094726562
214,0,912.408935546875,498.0362854003906
214,1,928.9576416015625,521.4873046875
214,2,945.86279296875,545.8615112304688
214,3,963.4198608398438,570.2518310546875
214,4,981.4080200195312,595.6622924804688
214,5,999.943603515625,621.164794921875
214,6,1018.5607299804688,647.3455810546875
214,7,1037.5311279296875,674.4456787109375
214,8,1056.71142578125,701.7630615234375
214,9,887.2322387695312,506.7021484375
214,10,903.3786010742188,530.78662109375
214,11,920.26953125,555.0596923828125
214,12,938.02490234375,580.1968994140625
214,13,956.4118041992188,605.7962646484375
214,14,974.9683227539062,632.05859375
214,15,993.8024291992188,659.211181640625
214,16,1012.6444702148438,687.2505493164062
214,17,1032.2408447265625,715.1844482421875
214,18,860.281982421875,516.194091796875
214,19,876.7138061523438,540.5204467773438
214,20,894.0050659179688,565.1034545898438
214,21,911.680908203125,590.71875
214,22,929.8999633789062,617.2273559570312
214,23,948.3432006835938,644.2734375
214,24,967.6495971679688,671.781494140625
214,25,987.01806640625,700.25537109375
214,26,1006.3353881835938,729.2933959960938
214,27,832.7657470703125,525.5494384765625
214,28,849.2828979492188,550.0513916015625
214,29,866.3754272460938,575.31591796875
214,30,884.1242065429688,601.5255126953125
214,31,902.2943115234375,628.6670532226562
214,32,921.0340576171875,656.5970458984375
214,33,940.1064453125,684.9295043945312
214,34,959.80615234375,714.0682983398438
214,35,979.8460693359375,743.5161743164062
214,36,804.6980590820312,534.4664306640625
214,37,820.8307495117188,559.8928833007812
214,38,837.9038696289062,586.0592041015625
214,39,855.4635009765625,612.6809692382812
214,40,873.8786010742188,640.647705078125
214,41,892.4252319335938,669.1410522460938
214,42,911.6690063476562,698.4046020507812
214,43,931.3136596679688,728.2388305664062
214,44,951.564208984375,758.804443359375
214,45,775.7699584960938,544.2058715820312
214,46,791.7815551757812,570.27197265625
214,47,808.4036254882812,597.1065063476562
214,48,825.876953125,624.694091796875
214,49,844.1266479492188,653.2138671875
214,50,862.70703125,682.571044921875
214,51,882.0008544921875,712.6229858398438
214,52,901.828125,743.3018798828125
214,53,921.901611328125,774.7604370117188
214,54,745.9390258789062,553.4344482421875
214,55,761.7244262695312,580.0397338867188
214,56,778.2297973632812,607.7295532226562
214,57,795.2214965820312,636.66015625
214,58,813.2704467773438,666.24951171875
214,59,832.0222778320312,696.0588989257812
214,60,851.1287841796875,727.0396118164062
214,61,870.9456787109375,758.7061157226562
214,62,891.6893920898438,790.4833984375
215,0,905.3319091796875,465.37518310546875
215,1,917.4757080078125,495.4278869628906
215,2,929.1893920898438,525.3712768554688
215,3,941.5241088867188,554.7887573242188
215,4,953.6394653320312,584.1367797851562
215,5,965.6155395507812,612.8521728515625
215,6,977.1751098632812,641.1998901367188
215,7,988.5072021484375,669.042724609375
215,8,999.97998046875,695.9693603515625
215,9,880.86572265625,476.56585693359375
215,10,893.2969970703125,507.1571350097656
215,11,905.9312133789062,537.611328125
215,12,918.733642578125,567.5858154296875
215,13,931.7949829101562,597.508056640625
215,14,944.1895751953125,626.87939453125
215,15,956.2289428710938,655.4722290039062
215,16,967.9115600585938,683.5517578125
215,17,979.3667602539062,711.2496948242188
215,18,854.825927734375,488.396484375
215,19,868.1708984375,519.6567993164062
215,20,881.5796508789062,550.5274658203125
215,21,894.9656372070312,581.1358032226562
215,22,908.1801147460938,611.636474609375
215,23,921.1319580078125,641.3863525390625
215,24,934.0711669921875,670.6283569335938
215,25,946.2608032226562,699.355712890625
215,26,958.0592041015625,727.1085205078125
215,27,828.7011108398438,500.7112731933594
215,28,842.4353637695312,532.460693359375
215,29,856.432373046875,564.006591796875
215,30,870.3709106445312,595.396728515625
215,31,884.117431640625,626.2997436523438
215,32,897.3853759765625,656.649169921875
215,33,910.6138305664062,686.2308349609375
215,34,923.676025390625,715.4306030273438
215,35,936.3682861328125,743.8720703125
215,36,801.9742431640625,513.513671875
215,37,815.9305419921875,546.0534057617188
215,38,830.110595703125,578.3601684570312
215,39,844.78564453125,610.191650390625
215,40,859.0407104492188,641.727783203125
215,41,873.0183715820312,672.6410522460938
215,42,886.6572265625,702.7293701171875
215,43,900.2652587890625,732.3447875976562
215,44,913.5465698242188,761.0621948242188
215,45,773.9600830078125,527.00830078125
215,46,788.4459838867188,560.30078125
215,47,803.0133056640625,593.2149047851562
215,48,818.00634765625,625.716552734375
215,49,832.6836547851562,657.8323364257812
215,50,847.2218017578125,689.1273803710938
215,51,861.69580078125,719.8641357421875
215,52,875.8638305664062,749.76220703125
215,53,889.32080078125,778.7196044921875
215,54,745.4847412109375,541.0380249023438
215,55,760.6661987304688,575.0411987304688
215,56,775.9212036132812,608.8260498046875
215,57,790.3856201171875,641.9407348632812
215,58,805.7268676757812,674.6432495117188
215,59,821.06103515625,706.4152221679688
215,60,835.8838500976562,737.5250854492188
215,61,850.4620361328125,767.8380126953125
215,62,865.3397216796875,797.1663818359375
216,0,796.6664428710938,872.1875
216,1,819.8322143554688,838.7495727539062
216,2,842.8193359375,805.9111328125
216,3,865.1881713867188,772.9672241210938
216,4,887.5133056640625,740.5597534179688
216,5,909.1922607421875,708.7415771484375
216,6,930.4220581054688,677.6644897460938
216,7,951.2648315429688,647.5722045898438
216,8,971.2457275390625,618.4556274414062
216,9,829.8668212890625,894.360595703125
216,10,853.0684814453125,860.4495849609375
216,11,875.900146484375,826.6758422851562
216,12,898.289306640625,793.15966796875
216,13,920.4203491210938,759.7398071289062
216,14,942.0032348632812,727.14501953125
216,15,963.1350708007812,695.622802734375
216,16,983.7752685546875,665.0133056640625
216,17,1003.5995483398438,635.2303466796875
216,18,864.4196166992188,917.0533447265625
216,19,887.3461303710938,882.343994140625
216,20,910.0842895507812,847.8539428710938
216,21,932.3681640625,813.49951171875
216,22,954.3982543945312,779.6848754882812
216,23,975.808349609375,746.486328125
216,24,996.7938842773438,714.1055908203125
216,25,1017.025390625,682.55615234375
216,26,1036.5123291015625,652.384765625
216,27,899.454345703125,939.5374145507812
216,28,922.32080078125,904.247314453125
216,29,945.009765625,869.010498046875
216,30,967.2649536132812,834.1419067382812
216,31,989.1528930664062,799.6065063476562
216,32,1010.4677734375,765.9857177734375
216,33,1030.9501953125,732.97998046875
216,34,1051.0460205078125,700.7706909179688
216,35,1070.1219482421875,669.5482177734375
216,36,935.2894897460938,961.9627075195312
216,37,958.3262939453125,926.185302734375
216,38,981.0082397460938,890.3712158203125
216,39,1003.0263061523438,854.93798828125
216,40,1024.8043212890625,819.764892578125
216,41,1045.86083984375,785.3389282226562
216,42,1066.1722412109375,751.8130493164062
216,43,1085.86474609375,718.9693603515625
216,44,1104.4801025390625,687.1642456054688
216,45,971.8430786132812,984.24609375
216,46,994.7924194335938,948.0554809570312
216,47,1017.2018432617188,911.899658203125
216,48,1039.117431640625,875.8195190429688
216,49,1060.693115234375,839.968017578125
216,50,1081.4083251953125,805.2313842773438
216,51,1101.2740478515625,770.9739379882812
216,52,1120.6640625,737.6640014648438
216,53,1138.8011474609375,705.3390502929688
216,55,1031.6510009765625,969.442626953125
216,56,1054.1982421875,932.8174438476562
216,57,1075.861083984375,896.4320678710938
216,58,1097.06591796875,860.3165283203125
216,59,1117.4473876953125,824.715087890625
216,60,1137.037109375,790.1364135742188
216,61,1155.889404296875,756.210205078125
216,62,1173.8817138671875,723.1337280273438
217,0,796.5697631835938,852.379638671875
217,1,819.6246337890625,830.2443237304688
217,2,841.8075561523438,808.9440307617188
217,3,862.8541870117188,787.7512817382812
217,4,882.9987182617188,767.7001953125
217,5,902.8921508789062,748.0103149414062
217,9,824.8359375,871.1244506835938
217,10,847.47265625,848.20263671875
217,11,869.2555541992188,825.9569702148438
217,12,890.3230590820312,803.8623657226562
217,13,910.3360595703125,782.4554443359375
217,14,929.4326782226562,762.0072631835938
217,18,854.094482421875,891.060546875
217,19,876.3196411132812,866.9358520507812
217,20,898.0511474609375,842.9918212890625
217,21,918.3486938476562,820.319091796875
217,22,938.2798461914062,798.5203857421875
217,23,956.9689331054688,777.5723876953125
217,27,884.20458984375,910.6651611328125
217,28,906.2594604492188,884.96240234375
217,29,927.4874877929688,860.4898681640625
217,30,947.8672485351562,836.9464721679688
217,31,966.9328002929688,814.2471923828125
217,32,985.13427734375,792.9798583984375
217,33,1002.6317138671875,772.3455810546875
217,36,915.6787719726562,929.7034301757812
217,37,937.4095458984375,903.6078491210938
217,38,958.1188354492188,878.2398681640625
217,39,977.7849731445312,853.8023681640625
217,40,996.7759399414062,830.28955078125
217,41,1014.2847900390625,808.1958618164062
217,42,1031.564208984375,786.8880004882812
217,43,1047.4085693359375,766.5562744140625
217,44,1062.4803466796875,747.072265625
217,45,947.7120971679688,949.1973266601562
217,46,968.8822631835938,922.173095703125
217,47,989.15869140625,896.1482543945312
217,48,1008.246337890625,870.8912353515625
217,49,1026.6131591796875,846.8974609375
217,50,1043.75634765625,823.885498046875
217,51,1060.1802978515625,801.9912109375
217,52,1076.1339111328125,780.8046264648438
217,53,1090.35791015625,761.1370849609375
217,54,980.8048095703125,968.2823486328125
217,55,1001.6073608398438,940.3714599609375
217,56,1021.1787719726562,913.3327026367188
217,57,1039.689697265625,887.9393310546875
217,58,1057.4847412109375,862.8871459960938
217,59,1074.0465087890625,839.0175170898438
217,60,1089.869873046875,816.6959228515625
218,0,903.4878540039062,467.497802734375
218,1,915.9716796875,497.3151550292969
218,2,928.2438354492188,527.10205078125
218,3,940.9813232421875,556.2737426757812
218,4,953.6023559570312,585.7274780273438
218,5,966.0806274414062,614.1409912109375
218,6,978.085693359375,642.4638061523438
218,7,990.00390625,670.193359375
218,8,1001.973388671875,697.3699340820312
218,9,879.0276489257812,478.5528259277344
218,10,891.9866333007812,509.097900390625
218,11,904.887939453125,539.1658325195312
218,12,918.11962890625,569.1588745117188
218,13,931.6075439453125,598.8090209960938
218,14,944.5448608398438,627.9278564453125
218,15,957.0068969726562,656.7402954101562
218,16,969.0068969726562,684.9086303710938
218,17,981.100830078125,712.7269897460938
218,18,852.9254150390625,490.3798828125
218,19,866.6829833984375,521.255126953125
218,20,880.3152465820312,551.939208984375
218,21,894.195556640625,582.516357421875
218,22,907.8423461914062,612.8556518554688
218,23,921.2837524414062,642.4722900390625
218,24,934.6025390625,671.6870727539062
218,25,947.4520874023438,700.3820190429688
218,26,959.7922973632812,728.4482421875
218,27,826.75048828125,502.70574951171875
218,28,840.980712890625,534.0421142578125
218,29,855.2755737304688,565.390869140625
218,30,869.5183715820312,596.4124755859375
218,31,883.6915283203125,627.2306518554688
218,32,897.3917236328125,657.6316528320312
218,33,911.1835327148438,687.2841796875
218,34,924.66748046875,716.46875
218,35,937.9351196289062,744.9658203125
218,36,800.0721435546875,515.17333984375
218,37,814.3751220703125,547.5424194335938
218,38,828.9021606445312,579.5892333984375
218,39,843.8751831054688,611.1665649414062
218,40,858.6331787109375,642.6134033203125
218,41,872.8716430664062,673.3848266601562
218,42,886.976806640625,703.74951171875
218,43,901.0209350585938,733.4098510742188
218,44,914.8267211914062,762.076904296875
218,45,772.0155639648438,528.5072631835938
218,46,786.7464599609375,561.501708984375
218,47,801.639892578125,594.3079833984375
218,48,816.868408203125,626.52685546875
218,49,832.034912109375,658.582275390625
218,50,846.7478637695312,689.9072875976562
218,51,861.6962280273438,720.5866088867188
218,52,876.2599487304688,750.6517333984375
218,53,890.325439453125,779.7103271484375
218,54,743.44775390625,542.3192138671875
218,55,758.912841796875,576.0510864257812
218,56,774.3732299804688,609.4696655273438
218,57,789.3243408203125,642.57568359375
218,58,804.889404296875,675.068115234375
218,59,820.6284790039062,707.0001220703125
218,60,835.771240234375,738.2022094726562
218,61,850.8242797851562,768.5894775390625
218,62,866.166259765625,798.1359252929688
219,0,939.2884521484375,483.95562744140625
219,1,954.6337280273438,515.223876953125
219,2,969.7251586914062,546.778076171875
219,3,985.8814086914062,578.43115234375
219,4,1001.6934204101562,610.59423828125
219,5,1018.046142578125,642.1741943359375
219,6,1033.9920654296875,674.0360107421875
219,7,1049.8768310546875,706.0640869140625
219,8,1065.35205078125,737.6461791992188
219,9,912.6651611328125,492.23681640625
219,10,928.2467041015625,524.376953125
219,11,944.2168579101562,556.8396606445312
219,12,960.7289428710938,589.1056518554688
219,13,977.5843505859375,621.8737182617188
219,14,994.2846069335938,654.5166625976562
219,15,1010.6215209960938,687.3150024414062
219,16,1026.471435546875,720.0985107421875
219,17,1042.6318359375,752.7228393554688
219,18,884.3207397460938,501.6842041015625
219,19,900.653564453125,534.251953125
219,20,917.2591552734375,567.148681640625
219,21,934.1873168945312,600.5565185546875
219,22,951.2291259765625,634.2947998046875
219,23,968.1932373046875,667.9395751953125
219,24,985.446044921875,701.5198974609375
219,25,1002.285400390625,735.247802734375
219,26,1018.4826049804688,768.502685546875
219,27,855.237548828125,511.0682678222656
219,28,871.9329223632812,544.56689453125
219,29,889.1670532226562,578.3032836914062
219,30,906.3176879882812,612.4635620117188
219,31,923.8877563476562,647.2514038085938
219,32,941.0639038085938,681.9075927734375
219,33,958.6058959960938,716.2159423828125
219,34,976.1722412109375,750.9216918945312
219,35,993.427001953125,785.01171875
219,36,825.264404296875,520.432861328125
219,37,841.978515625,555.1613159179688
219,38,858.976318359375,590.034423828125
219,39,876.9293212890625,625.2181396484375
219,40,894.9447021484375,660.9242553710938
219,41,912.909423828125,696.4912719726562
219,42,930.731689453125,732.0576782226562
219,43,948.5978393554688,767.6111450195312
219,44,966.4136352539062,802.5339965820312
219,45,793.5068969726562,530.7821044921875
219,46,810.527099609375,566.6119995117188
219,47,827.8748779296875,602.693115234375
219,48,845.9256591796875,638.698974609375
219,49,864.2696533203125,675.4147338867188
219,50,882.496826171875,712.036376953125
219,51,900.89697265625,748.5401000976562
219,52,919.3741455078125,784.9283447265625
219,53,937.4931640625,820.7993774414062
219,54,760.9190673828125,541.2276000976562
219,55,778.2833251953125,577.7779541015625
219,56,796.009521484375,614.9862670898438
219,57,813.4959716796875,652.8619995117188
219,58,832.1282348632812,690.6528930664062
219,59,851.1753540039062,728.174072265625
219,60,869.9126586914062,765.796630859375
219,61,888.7915649414062,803.1131591796875
219,62,908.201904296875,839.7316284179688
220,0,840.6104736328125,904.6813354492188
220,1,866.7269287109375,871.2070922851562
220,2,891.6804809570312,839.1834106445312
220,3,915.5645141601562,807.9158325195312
220,4,938.1640014648438,778.0289306640625
220,5,959.9719848632812,749.233642578125
220,6,980.2728881835938,721.9971313476562
220,7,999.7376708984375,696.5693359375
220,8,1018.0493774414062,672.380859375
220,9,879.140869140625,928.5608520507812
220,10,904.731689453125,894.1912231445312
220,11,929.0325927734375,861.0172729492188
220,12,952.167236328125,828.5164184570312
220,13,974.5272827148438,797.1290283203125
220,14,995.4190673828125,767.4209594726562
220,15,1015.1229248046875,739.7739868164062
220,16,1033.895751953125,713.5781860351562
220,17,1051.19140625,688.6914672851562
220,18,918.7984008789062,953.4583740234375
220,19,943.6665649414062,917.5901489257812
220,20,967.438720703125,882.7006225585938
220,21,989.9681396484375,849.25048828125
220,22,1011.4022216796875,817.1600952148438
220,23,1031.462890625,786.9274291992188
220,24,1050.5555419921875,757.7442016601562
220,25,1068.5321044921875,730.588623046875
220,26,1085.1588134765625,704.94970703125
220,27,959.5220336914062,977.4759521484375
220,28,983.8119506835938,940.3670654296875
220,29,1006.7755126953125,904.3961791992188
220,30,1028.434814453125,870.0884399414062
220,31,1049.0557861328125,837.0758056640625
220,32,1068.3203125,805.9680786132812
220,33,1086.295166015625,776.2824096679688
220,34,1103.64404296875,748.048828125
220,35,1119.5743408203125,721.2133178710938
220,36,1001.3338623046875,1000.9791259765625
220,37,1024.8238525390625,962.9668579101562
220,38,1046.9971923828125,926.2553100585938
220,39,1067.918701171875,890.92236328125
220,40,1087.770263671875,856.8936767578125
220,41,1106.056884765625,824.8429565429688
220,42,1123.267333984375,794.400390625
220,43,1139.5042724609375,765.296630859375
220,44,1154.4254150390625,737.7743530273438
220,45,1043.513916015625,1024.216796875
220,46,1066.011962890625,985.3424072265625
220,47,1087.1512451171875,947.824462890625
220,48,1107.2406005859375,911.62841796875
220,49,1126.008544921875,877.0628662109375
220,50,1143.42333984375,844.1937866210938
220,51,1159.762451171875,812.823974609375
220,52,1174.90234375,783.0621948242188
220,53,1189.010498046875,755.0213012695312
220,54,1086.3017578125,1046.4957275390625
220,55,1107.986572265625,1006.7418212890625
220,56,1128.3009033203125,968.2385864257812
220,57,1147.106201171875,931.7992553710938
220,58,1164.98193359375,896.16650390625
220,59,1181.6866455078125,862.2300415039062
220,60,1196.9033203125,830.5681762695312
220,61,1211.1533203125,799.9127807617188
220,62,1224.4754638671875,770.7520751953125
221,0,745.7005004882812,532.0057983398438
221,1,759.5698852539062,563.4471435546875
221,2,773.3463745117188,594.3208618164062
221,3,787.342529296875,624.5172729492188
221,4,801.239501953125,654.2645874023438
221,5,815.1296997070312,683.3023071289062
221,6,828.6779174804688,711.36865234375
221,7,842.180908203125,739.0509033203125
221,8,855.3045043945312,765.8036499023438
221,9,717.9498901367188,546.9705200195312
221,10,732.393310546875,578.6926879882812
221,11,746.9114990234375,610.0502319335938
221,12,761.5753173828125,640.8525390625
221,13,776.5057373046875,671.1837158203125
221,14,791.18798828125,700.470947265625
221,15,805.1854858398438,729.037353515625
221,16,818.9315185546875,756.8713989257812
221,17,832.6092529296875,783.5834350585938
221,18,688.9046020507812,562.8568725585938
221,19,704.0206909179688,595.08837890625
221,20,719.522216796875,626.8153686523438
221,21,734.9862670898438,657.9176025390625
221,22,750.3015747070312,688.5494995117188
221,23,765.556396484375,718.2901000976562
221,24,780.5164184570312,747.2620849609375
221,25,795.0755615234375,775.1958618164062
221,26,809.2019653320312,802.1994018554688
221,27,659.3372802734375,579.2122192382812
221,28,675.4839477539062,611.9172973632812
221,29,691.5819091796875,644.1831665039062
221,30,707.77587890625,675.815185546875
221,31,723.6289672851562,706.7433471679688
221,32,739.357421875,736.8256225585938
221,33,755.0288696289062,765.9308471679688
221,34,770.3660278320312,794.2911376953125
221,35,785.45654296875,821.546142578125
221,36,629.5917358398438,596.2986450195312
221,37,646.0488891601562,629.7135009765625
221,38,662.7720336914062,662.293701171875
221,39,679.55712890625,694.2601928710938
221,40,696.2774658203125,725.8236083984375
221,41,712.7283935546875,756.033447265625
221,42,728.9725341796875,785.3751831054688
221,43,745.0199584960938,813.9591674804688
221,44,760.6854858398438,841.4507446289062
221,45,598.94580078125,614.1111450195312
221,46,616.001220703125,647.9217529296875
221,47,633.2413940429688,680.9313354492188
221,48,650.6946411132812,713.3024291992188
221,49,668.008056640625,745.0076904296875
221,50,684.98486328125,775.5209350585938
221,51,702.1346435546875,805.1800537109375
221,52,718.7965087890625,833.9610595703125
221,53,735.1121826171875,861.5042114257812
221,54,568.0471801757812,632.5430297851562
221,55,585.9273071289062,666.8997192382812
221,56,603.8034057617188,700.3781127929688
221,57,621.2749633789062,733.0611572265625
221,58,639.2242431640625,765.0650024414062
221,59,657.4262084960938,796.0158081054688
221,60,674.81494140625,825.8665771484375
221,61,692.256591796875,854.6102905273438
221,62,709.7117919921875,882.2760620117188
222,0,814.2240600585938,905.8416137695312
222,1,835.7022705078125,868.7698364257812
222,2,856.8546142578125,832.1464233398438
222,3,877.5117797851562,795.83837890625
222,4,898.11279296875,760.0128784179688
222,5,917.9297485351562,724.88818359375
222,6,937.23681640625,690.877685546875
222,7,956.1106567382812,657.9132080078125
222,8,974.3626098632812,626.0613403320312
222,9,851.5223388671875,926.385009765625
222,10,872.8989868164062,888.8202514648438
222,11,893.96728515625,851.2793579101562
222,12,914.3562622070312,814.2562255859375
222,13,934.5100708007812,777.2615356445312
222,14,954.1138305664062,741.62939453125
222,15,973.3006591796875,706.9654541015625
222,16,991.8441772460938,673.479248046875
222,17,1009.59912109375,640.9158325195312
222,18,890.0877075195312,947.2603149414062
222,19,911.1774291992188,908.9068603515625
222,20,931.9122314453125,870.6409912109375
222,21,952.16162109375,832.8482666015625
222,22,972.2528686523438,795.3853759765625
222,23,991.4532470703125,759.0618286132812
222,24,1010.1273803710938,723.534912109375
222,25,1028.2158203125,689.0960693359375
222,26,1045.591796875,656.2545166015625
222,27,929.234619140625,967.8120727539062
222,28,950.1826171875,928.7440185546875
222,29,970.6544799804688,889.851806640625
222,30,990.8045043945312,851.4815063476562
222,31,1010.4396362304688,813.353515625
222,32,1029.5062255859375,776.525146484375
222,33,1047.711181640625,740.4166870117188
222,34,1065.3944091796875,705.2798461914062
222,35,1082.0904541015625,671.3689575195312
222,36,969.3356323242188,988.038330078125
222,37,990.12939453125,948.5763549804688
222,38,1010.527587890625,909.2040405273438
222,39,1030.37158203125,870.0252075195312
222,40,1049.6986083984375,831.2462768554688
222,41,1068.2532958984375,793.8096923828125
222,42,1086.10498046875,757.128662109375
222,43,1103.212646484375,721.4237060546875
222,44,1119.442626953125,686.9569091796875
222,45,1009.6907958984375,1008.1270141601562
222,46,1030.4158935546875,968.0712280273438
222,47,1050.4808349609375,928.1771240234375
222,48,1070.0125732421875,888.6011962890625
222,49,1088.8638916015625,849.4577026367188
222,50,1107.08642578125,811.2438354492188
222,51,1124.385498046875,774.0534057617188
222,52,1140.9786376953125,737.9097290039062
222,53,1156.5009765625,703.0374145507812
222,54,1050.757568359375,1027.730712890625
222,55,1071.3165283203125,987.007568359375
222,56,1091.020751953125,946.6265869140625
222,57,1110.1663818359375,906.9166259765625
222,58,1128.7244873046875,867.2852783203125
222,59,1146.2718505859375,828.5924072265625
222,60,1163.1033935546875,790.9262084960938
222,61,1179.0546875,754.2369995117188
222,62,1194.21142578125,718.4356689453125
223,3,1006.30908203125,574.6987915039062
223,4,1028.7333984375,594.67431640625
223,5,1050.5399169921875,614.3321533203125
223,6,1073.618896484375,635.3804931640625
223,7,1097.7685546875,657.6939086914062
223,8,1122.5311279296875,680.8821411132812
223,12,979.99609375,586.5806884765625
223,13,1000.3485717773438,606.0183715820312
223,14,1022.7113647460938,626.4223022460938
223,15,1045.5594482421875,648.5966186523438
223,16,1069.312255859375,672.0087890625
223,17,1094.15673828125,696.0225219726562
223,18,895.5091552734375,543.6759643554688
223,21,950.9221801757812,598.45654296875
223,22,971.6422119140625,618.9925537109375
223,23,993.0982055664062,640.1997680664062
223,24,1015.7415771484375,662.4183959960938
223,25,1039.547607421875,686.3814697265625
223,26,1064.1190185546875,711.7305297851562
223,27,866.0277709960938,554.1832885742188
223,30,920.9092407226562,610.414306640625
223,31,941.047607421875,631.5358276367188
223,32,962.3146362304688,654.0478515625
223,33,984.7197265625,677.1309814453125
223,34,1008.190185546875,701.7981567382812
223,35,1032.9166259765625,727.5188598632812
223,37,853.8043212890625,583.2568969726562
223,38,871.1528930664062,602.93359375
223,39,889.8060913085938,622.8074340820312
223,40,909.4976196289062,644.7254638671875
223,41,930.1200561523438,667.3915405273438
223,42,952.05517578125,691.9534301757812
223,43,975.2899780273438,717.278564453125
223,44,999.7669067382812,744.2396850585938
223,47,839.8801879882812,615.0950317382812
223,48,857.8611450195312,636.2257080078125
223,49,876.8961181640625,658.7335815429688
223,50,897.0300903320312,682.6348266601562
223,51,918.412353515625,707.5648803710938
223,52,941.1950073242188,734.3213500976562
223,53,965.1724243164062,762.4826049804688
223,56,807.298828125,626.679931640625
223,57,824.771240234375,649.4020385742188
223,58,843.2424926757812,673.0250244140625
223,59,862.9037475585938,697.122314453125
223,60,883.4158935546875,723.6351318359375
223,61,905.5660400390625,751.3394165039062
223,62,929.0423583984375,779.8109130859375
224,0,1048.014404296875,680.9488525390625
224,1,1041.9774169921875,705.7801513671875
224,2,1035.4774169921875,731.9273071289062
224,3,1028.57080078125,759.040283203125
224,4,1021.140869140625,788.2371826171875
224,5,1013.3076782226562,817.9168090820312
224,6,1005.1015014648438,849.0639038085938
224,7,996.4640502929688,881.9970092773438
224,8,987.1403198242188,915.9282836914062
224,9,1016.5999145507812,673.5117797851562
224,10,1009.72412109375,698.2366943359375
224,11,1002.4507446289062,723.8875732421875
224,12,994.408203125,751.0265502929688
224,13,986.4188232421875,779.2056274414062
224,14,977.6593627929688,808.5492553710938
224,15,968.5921020507812,839.8228149414062
224,16,958.9448852539062,872.4918823242188
224,17,949.0076904296875,906.3099365234375
224,18,985.2108154296875,666.445068359375
224,19,977.5100708007812,690.6278686523438
224,20,969.224365234375,716.0491943359375
224,21,960.847412109375,742.5720825195312
224,22,951.77978515625,770.6700439453125
224,23,942.355712890625,800.0026245117188
224,24,932.2747192382812,830.4396362304688
224,25,921.9003295898438,862.4951782226562
224,26,911.0519409179688,896.1586303710938
224,27,954.0639038085938,659.119384765625
224,28,945.4920043945312,682.7796020507812
224,29,936.7384033203125,707.7899169921875
224,30,927.2133178710938,734.1843872070312
224,31,917.38330078125,761.9520874023438
224,32,907.1238403320312,790.9580688476562
224,33,896.5596313476562,821.1112060546875
224,34,885.2843627929688,852.5843505859375
224,35,873.7196044921875,885.3738403320312
224,36,922.8734741210938,651.5951538085938
224,37,913.7797241210938,675.0476684570312
224,38,904.0208740234375,699.8939819335938
224,39,894.0078735351562,725.248046875
224,40,883.3209838867188,752.367919921875
224,41,872.3309936523438,781.0947875976562
224,42,860.7711791992188,810.8806762695312
224,43,848.8846435546875,842.1054077148438
224,44,836.3858032226562,874.3750610351562
224,45,892.3168334960938,644.2982788085938
224,46,882.4356689453125,667.487060546875
224,47,872.2293090820312,691.897705078125
224,48,861.2918701171875,717.029541015625
224,49,850.107177734375,743.9146118164062
224,50,838.3019409179688,772.13134765625
224,51,826.3164672851562,801.5089721679688
224,52,813.5238037109375,832.3167114257812
224,53,800.5756225585938,864.2869873046875
224,54,862.2462158203125,636.1470947265625
224,55,851.7748413085938,659.07080078125
224,56,840.6614379882812,683.275634765625
224,57,829.296875,708.8228759765625
224,58,817.2597045898438,735.2024536132812
224,59,804.9520874023438,762.5180053710938
224,60,792.11328125,791.7164916992188
224,61,778.7943725585938,821.8923950195312
224,62,765.0704345703125,852.7075805664062
225,0,828.6852416992188,555.2059326171875
225,1,853.6182250976562,583.29833984375
225,2,878.7109375,611.4640502929688
225,3,904.3075561523438,639.1455688476562
225,4,929.4660034179688,666.91259765625
225,5,955.16162109375,693.849853515625
225,6,979.9408569335938,720.6277465820312
225,7,1004.6292114257812,747.0700073242188
225,8,1028.6527099609375,772.8761596679688
225,9,805.095947265625,574.5361328125
225,10,831.009521484375,603.3385620117188
225,11,857.0084838867188,632.0557250976562
225,12,883.3936157226562,660.3340454101562
225,13,910.2546997070312,688.5712890625
225,14,936.4750366210938,715.9468383789062
225,15,962.0971069335938,743.604248046875
225,16,987.0067138671875,770.880859375
225,17,1012.0874633789062,796.9659423828125
225,18,780.06103515625,595.4360961914062
225,19,806.916259765625,624.7459106445312
225,20,834.1390991210938,653.851318359375
225,21,861.6207885742188,682.8079833984375
225,22,889.0016479492188,711.8025512695312
225,23,916.0667724609375,740.176025390625
225,24,942.9486083984375,768.061279296875
225,25,969.2669067382812,795.6640625
225,26,994.54150390625,822.6355590820312
225,27,754.401123046875,616.9884033203125
225,28,782.3101196289062,646.82080078125
225,29,810.4473266601562,676.790771484375
225,30,838.6141357421875,706.513427734375
225,31,866.8885498046875,736.2822875976562
225,32,894.91796875,765.4283447265625
225,33,922.602783203125,793.9694213867188
225,34,949.8888549804688,821.929931640625
225,35,976.7456665039062,848.924560546875
225,36,728.0546264648438,639.0302734375
225,37,756.3759155273438,670.1251831054688
225,38,785.1983642578125,701.1618041992188
225,39,814.6406860351562,731.6259155273438
225,40,843.9511108398438,761.9879760742188
225,41,872.8602294921875,791.7380981445312
225,42,901.34814453125,820.977783203125
225,43,929.7922973632812,849.5057983398438
225,44,957.5646362304688,877.09521484375
225,45,700.1417846679688,662.5772094726562
225,46,729.431396484375,694.6986694335938
225,47,758.9974365234375,726.7037963867188
225,48,789.1148071289062,758.0220947265625
225,49,819.3554077148438,789.209228515625
225,50,849.204833984375,819.6478271484375
225,51,878.9182739257812,849.2459716796875
225,52,908.1713256835938,878.3084716796875
225,53,936.5812377929688,906.4657592773438
225,54,671.4432373046875,686.8563232421875
225,55,701.8004760742188,719.8265991210938
225,56,732.438720703125,752.6757202148438
225,57,762.88818359375,785.4915771484375
225,58,793.840087890625,817.5946044921875
225,59,825.0364379882812,848.7020874023438
225,60,855.4359741210938,879.0651245117188
225,61,885.7788696289062,908.4762573242188
225,62,915.8665771484375,936.683837890625
226,0,1230.1402587890625,480.5863037109375
226,1,1220.2847900390625,522.2904663085938
226,2,1210.48388671875,562.4347534179688
226,3,1200.2899169921875,601.3378295898438
226,4,1190.2021484375,638.7025756835938
226,5,1180.0546875,674.3933715820312
226,6,1170.109375,708.4105224609375
226,7,1160.5799560546875,740.7777099609375
226,8,1151.31494140625,771.2620849609375
226,9,1192.0587158203125,466.1717834472656
226,10,1183.21044921875,507.1057434082031
226,11,1174.1776123046875,546.8262329101562
226,12,1164.662353515625,585.1551513671875
226,13,1155.2254638671875,622.4799194335938
226,14,1145.9483642578125,657.908447265625
226,15,1137.0894775390625,691.4878540039062
226,16,1128.943359375,723.3689575195312
226,17,1120.555908203125,753.9271850585938
226,18,1155.9375,452.688232421875
226,19,1147.559814453125,492.8387756347656
226,20,1138.9112548828125,531.9066772460938
226,21,1130.3870849609375,569.8253173828125
226,22,1122.0419921875,606.3475341796875
226,23,1113.8905029296875,641.213134765625
226,24,1105.6307373046875,674.8283081054688
226,25,1097.769287109375,706.9088745117188
226,26,1090.591064453125,737.1846923828125
226,27,1120.536376953125,440.22711181640625
226,28,1112.8505859375,479.733154296875
226,29,1104.8944091796875,518.0610961914062
226,30,1097.22900390625,555.1228637695312
226,31,1089.6939697265625,591.1760864257812
226,32,1082.4185791015625,625.7213745117188
226,33,1075.177490234375,658.8843994140625
226,34,1068.0225830078125,690.7281494140625
226,35,1061.2574462890625,720.8084106445312
226,36,1085.883056640625,428.71307373046875
226,37,1079.01318359375,467.270263671875
226,38,1072.1373291015625,504.9366455078125
226,39,1064.9364013671875,541.434814453125
226,40,1058.135498046875,577.0487670898438
226,41,1051.76416015625,610.89501953125
226,42,1045.35498046875,643.7784423828125
226,43,1039.150634765625,675.1712036132812
226,44,1033.3671875,705.1166381835938
226,45,1053.6617431640625,418.0715026855469
226,46,1047.5706787109375,455.894287109375
226,47,1041.30810546875,492.7452697753906
226,48,1035.057373046875,528.5534057617188
226,49,1028.8438720703125,563.41845703125
226,50,1023.2859497070312,596.7850341796875
226,51,1017.5679931640625,628.8441772460938
226,52,1012.4913940429688,659.9117431640625
226,53,1007.5010375976562,689.7726440429688
226,54,1021.7327880859375,408.3786315917969
226,55,1016.177734375,445.2715148925781
226,56,1010.8206787109375,481.2131042480469
226,57,1006.07421875,516.1942749023438
226,58,1000.69482421875,550.3109741210938
226,59,995.0125122070312,583.40234375
226,60,990.6651000976562,615.0791625976562
226,61,985.8670043945312,645.475830078125
226,62,980.8871459960938,675.2639770507812
227,0,799.6559448242188,888.824951171875
227,1,820.469482421875,866.0955810546875
227,2,840.7968139648438,844.0785522460938
227,3,859.9602661132812,822.2320556640625
227,4,878.5906372070312,801.372802734375
227,5,896.7327270507812,780.8922729492188
227,6,914.2193603515625,761.0733032226562
227,9,826.8964233398438,905.8543701171875
227,10,847.3385009765625,882.2246704101562
227,11,867.447265625,859.4296875
227,12,886.24365234375,836.9334106445312
227,13,905.0531005859375,814.8742065429688
227,14,922.9060668945312,793.982421875
227,15,939.8602905273438,774.025390625
227,18,855.108642578125,923.7122192382812
227,19,875.61083984375,899.0564575195312
227,20,895.1096801757812,874.8314208984375
227,21,913.9313354492188,851.7236938476562
227,22,932.166259765625,829.1074829101562
227,27,884.375732421875,940.9906616210938
227,28,904.39794921875,915.3185424804688
227,29,923.760986328125,890.4893798828125
227,30,942.2742919921875,866.7080078125
227,31,960.1763916015625,843.6329345703125
227,36,914.7090454101562,958.1163940429688
227,37,934.360595703125,931.8746337890625
227,38,953.239013671875,906.2730712890625
227,39,971.3934326171875,881.6453247070312
227,40,989.0181274414062,857.8751220703125
227,41,1005.256103515625,835.02197265625
227,42,1021.3421630859375,813.19921875
227,43,1036.188232421875,792.1602783203125
227,44,1051.1934814453125,771.8848876953125
227,45,945.5858154296875,975.4581909179688
227,46,964.8109130859375,948.5192260742188
227,47,983.40087890625,922.4358520507812
227,48,1000.8779296875,896.8973999023438
227,49,1017.8452758789062,872.4696044921875
227,50,1034.134765625,849.0233764648438
227,51,1049.380859375,826.7630615234375
227,52,1064.1326904296875,804.9336547851562
227,53,1077.7694091796875,784.4099731445312
227,54,977.2908325195312,992.2723388671875
227,55,996.0634155273438,964.4622802734375
227,56,1014.1973876953125,937.6039428710938
227,57,1031.3394775390625,911.9844970703125
227,58,1047.8516845703125,886.7551879882812
227,59,1063.431396484375,862.5348510742188
227,60,1078.02685546875,839.76220703125
227,61,1092.235107421875,817.2655639648438
227,62,1105.8458251953125,795.73388671875
228,0,1305.3531494140625,505.8067321777344
228,1,1293.1544189453125,549.1500244140625
228,2,1281.1514892578125,591.599609375
228,3,1268.147216796875,633.0845947265625
228,4,1255.3587646484375,673.3582153320312
228,5,1242.0361328125,712.2754516601562
228,6,1228.9000244140625,749.6880493164062
228,7,1216.0731201171875,785.5759887695312
228,8,1203.5345458984375,819.7613525390625
228,9,1269.232421875,492.4869384765625
228,10,1258.165283203125,534.776123046875
228,11,1246.5684814453125,576.1782836914062
228,12,1234.16357421875,616.4439086914062
228,13,1221.8319091796875,656.0665283203125
228,14,1209.29736328125,694.2203979492188
228,15,1197.4549560546875,730.9019165039062
228,16,1185.918701171875,766.26708984375
228,17,1174.1805419921875,800.0548095703125
228,18,1235.8101806640625,480.43731689453125
228,19,1224.9326171875,521.3585205078125
228,20,1213.4100341796875,561.5639038085938
228,21,1202.048583984375,601.0588989257812
228,22,1190.5599365234375,639.545654296875
228,23,1179.24169921875,676.9136962890625
228,24,1167.6646728515625,713.020751953125
228,25,1156.396240234375,747.8977661132812
228,26,1146.1083984375,781.1651000976562
228,27,1203.0262451171875,469.079833984375
228,28,1192.595947265625,508.8654479980469
228,29,1181.9891357421875,548.0181274414062
228,30,1171.233154296875,586.3602905273438
228,31,1160.6151123046875,624.1887817382812
228,32,1150.0216064453125,660.5640869140625
228,33,1139.3193359375,695.8823852539062
228,34,1128.9417724609375,730.191162109375
228,35,1118.7371826171875,763.0570068359375
228,36,1171.2027587890625,458.5137939453125
228,37,1161.4189453125,497.0518493652344
228,38,1151.615478515625,535.2833251953125
228,39,1141.4688720703125,572.6266479492188
228,40,1131.43798828125,609.412841796875
228,41,1121.572998046875,645.0850219726562
228,42,1112.0208740234375,679.7869873046875
228,43,1102.336181640625,713.2301635742188
228,44,1093.0294189453125,745.7700805664062
228,45,1141.94287109375,448.8817443847656
228,46,1133.00146484375,486.33697509765625
228,47,1123.7420654296875,523.4514770507812
228,48,1114.097412109375,559.8797607421875
228,49,1104.71728515625,595.642578125
228,50,1095.9833984375,630.5350952148438
228,51,1086.8330078125,664.2986450195312
228,52,1078.07470703125,697.19677734375
228,53,1069.8331298828125,728.9397583007812
228,54,1113.04345703125,439.80889892578125
228,55,1104.538818359375,476.138427734375
228,56,1096.0848388671875,512.324462890625
228,57,1087.8955078125,547.826416015625
228,58,1079.393798828125,582.8059692382812
228,59,1070.392822265625,616.8704223632812
228,60,1062.475341796875,649.8194580078125
228,61,1054.323974609375,681.959228515625
228,62,1045.84912109375,713.327392578125
229,24,994.60400390625,723.3453369140625
229,25,1011.1685180664062,738.48046875
229,26,1029.7977294921875,756.3613891601562
229,31,930.6637573242188,705.2993774414062
229,32,943.6140747070312,719.2354125976562
229,33,957.7230224609375,733.9053955078125
229,34,973.3043823242188,750.0422973632812
229,35,990.1231079101562,767.3310546875
229,41,906.6435546875,728.184326171875
229,42,919.5238037109375,743.8226928710938
229,43,933.4028930664062,760.5404663085938
229,44,949.0213012695312,778.8079833984375
229,50,869.4698486328125,738.4646606445312
229,51,881.0332641601562,754.1581420898438
229,52,893.4088134765625,772.0786743164062
229,53,907.1085815429688,791.6046752929688
229,57,813.8204345703125,718.687744140625
229,58,822.2241821289062,732.93701171875
229,59,831.0413208007812,747.5996704101562
229,60,840.9802856445312,764.793212890625
230,0,791.6566772460938,532.8739624023438
230,1,808.023193359375,560.2653198242188
230,2,824.0241088867188,586.8408813476562
230,3,840.4122924804688,612.4871826171875
230,4,856.0302124023438,637.2791137695312
230,5,871.7386474609375,661.5025024414062
230,6,886.8322143554688,684.7792358398438
230,7,901.2708129882812,707.0790405273438
230,8,915.2904052734375,728.6771240234375
230,9,769.5973510742188,553.4097900390625
230,10,786.84765625,580.7672119140625
230,11,803.8468627929688,607.574951171875
230,12,820.945556640625,633.5650024414062
230,13,837.9999389648438,658.72216796875
230,14,854.3379516601562,682.6549682617188
230,15,869.5906372070312,706.09912109375
230,16,884.3770141601562,728.552490234375
230,17,899.0719604492188,749.9081420898438
230,18,746.2260131835938,574.8953247070312
230,19,764.6312255859375,602.54296875
230,20,783.003173828125,629.5679931640625
230,21,800.8170166015625,655.5287475585938
230,22,818.3162231445312,680.713134765625
230,23,835.1978759765625,704.8798828125
230,24,851.8342895507812,728.1766357421875
230,25,867.6040649414062,750.587158203125
230,26,882.5623168945312,772.228515625
230,27,722.771484375,597.3056640625
230,28,742.3216552734375,625.02783203125
230,29,761.5499877929688,652.160888671875
230,30,780.3012084960938,678.3316650390625
230,31,798.4481811523438,703.6277465820312
230,32,815.996826171875,727.7623291015625
230,33,833.0687866210938,751.0795288085938
230,34,849.7418823242188,773.4188842773438
230,35,865.7295532226562,794.578125
230,36,699.176513671875,620.6844482421875
230,37,719.572265625,648.922607421875
230,38,739.4778442382812,675.9396362304688
230,39,759.0939331054688,702.12939453125
230,40,778.1270751953125,727.5105590820312
230,41,796.6780395507812,751.7342529296875
230,42,814.3292846679688,774.7753295898438
230,43,831.5674438476562,797.1187133789062
230,44,848.2318725585938,818.4464721679688
230,45,674.8851928710938,644.9799194335938
230,46,695.990478515625,673.0634765625
230,47,716.7047729492188,700.30908203125
230,48,737.1658935546875,726.4387817382812
230,49,757.1011962890625,751.9290771484375
230,50,776.1181640625,776.0654907226562
230,51,794.640380859375,799.0
230,52,812.5210571289062,820.9591674804688
230,53,829.7197875976562,842.05126953125
230,54,650.7866821289062,670.1734619140625
230,55,672.9564819335938,698.6024780273438
230,56,694.6473999023438,726.0657958984375
230,57,715.1353759765625,752.0586547851562
230,58,735.8656616210938,777.154541015625
230,59,755.9734497070312,801.2601318359375
230,60,774.961181640625,824.2052001953125
230,61,793.5438842773438,845.9331665039062
230,62,811.9295654296875,866.8233032226562
231,0,898.1732788085938,478.31646728515625
231,1,911.8916625976562,507.1893615722656
231,2,925.2111206054688,536.200439453125
231,3,939.2533569335938,564.6530151367188
231,4,952.8058471679688,593.281982421875
231,5,966.8799438476562,621.6564331054688
231,6,980.1228637695312,649.735107421875
231,7,993.8906860351562,677.8670654296875
231,8,1007.0059814453125,705.2459106445312
231,9,873.474365234375,489.0732727050781
231,10,887.12646484375,518.3392333984375
231,11,901.0942993164062,547.607666015625
231,12,915.4260864257812,576.7319946289062
231,13,930.0820922851562,605.772705078125
231,14,944.2763061523438,634.8516845703125
231,15,958.1961059570312,663.43310546875
231,16,971.5785522460938,692.0174560546875
231,17,985.361572265625,720.119384765625
231,18,847.1847534179688,500.3511047363281
231,19,861.6243286132812,530.09814453125
231,20,876.2098999023438,559.7100830078125
231,21,890.8281860351562,589.37109375
231,22,905.8146362304688,619.2349243164062
231,23,920.1776733398438,648.8331298828125
231,24,934.8280029296875,677.8248901367188
231,25,949.0850830078125,706.7633056640625
231,26,962.7693481445312,735.2672729492188
231,27,820.4092407226562,511.8929748535156
231,28,835.3257446289062,542.04443359375
231,29,850.3109130859375,572.3152465820312
231,30,865.4700927734375,602.6771240234375
231,31,880.4962768554688,633.1461181640625
231,32,895.48046875,663.0545654296875
231,33,910.297119140625,692.8990478515625
231,34,925.1968383789062,722.3449096679688
231,35,939.9671020507812,751.2066040039062
231,36,793.4461059570312,523.5394897460938
231,37,808.4290771484375,554.6047973632812
231,38,823.5316772460938,585.6901245117188
231,39,839.0892333984375,616.499755859375
231,40,854.6624145507812,647.434814453125
231,41,870.041748046875,678.1014404296875
231,42,885.2542724609375,708.3507690429688
231,43,900.6063842773438,738.4303588867188
231,44,915.681884765625,767.7764282226562
231,45,765.1963500976562,535.9651489257812
231,46,780.3964233398438,567.7243041992188
231,47,795.8479614257812,599.3611450195312
231,48,811.6405029296875,630.9383544921875
231,49,827.4221801757812,662.4953002929688
231,50,843.2377319335938,693.6292724609375
231,51,858.9785766601562,724.3778076171875
231,52,874.7708129882812,754.9691772460938
231,53,890.1092529296875,784.7717895507812
231,54,736.3206787109375,548.6880493164062
231,55,752.0287475585938,581.0067749023438
231,56,767.976318359375,613.3580932617188
231,57,783.302734375,645.8610229492188
231,58,799.5177001953125,678.115966796875
231,59,816.0061645507812,709.8494873046875
231,60,832.0921020507812,741.1279296875
231,61,848.1627197265625,772.061279296875
231,62,864.6509399414062,802.1663818359375
232,31,923.0104370117188,716.0960083007812
232,32,934.7332763671875,729.8229370117188
232,35,977.080078125,776.8599853515625
232,41,897.0556030273438,735.283447265625
232,44,934.0559692382812,784.3650512695312
232,51,868.9439697265625,757.63916015625
232,52,879.362060546875,774.868896484375
232,53,890.9532470703125,793.430908203125
232,60,828.079345703125,764.9142456054688
232,61,836.6969604492188,782.1774291992188
232,62,846.3314819335938,800.452880859375
233,2,936.6076049804688,755.510498046875
233,3,960.0311279296875,745.5947875976562
233,4,984.211181640625,736.2652587890625
233,5,1009.7031860351562,725.6422119140625
233,6,1036.4700927734375,714.3261108398438
233,7,1065.5914306640625,702.2457885742188
233,8,1095.2188720703125,689.824462890625
233,10,907.5426635742188,792.3880004882812
233,11,930.5020141601562,783.8373413085938
233,12,952.8056640625,775.9697875976562
233,13,977.4054565429688,766.4037475585938
233,14,1002.9627075195312,756.3345947265625
233,15,1030.9232177734375,745.7335205078125
233,16,1060.8375244140625,735.1500244140625
233,17,1091.7052001953125,722.9824829101562
233,19,900.8447875976562,822.9182739257812
233,20,922.6822509765625,814.8236083984375
233,21,946.568603515625,806.5017700195312
233,22,971.123779296875,798.41015625
233,23,997.4202880859375,789.2913818359375
233,24,1025.1146240234375,779.4839477539062
233,25,1055.1732177734375,768.9891967773438
233,26,1087.3907470703125,758.1353759765625
233,29,915.0333862304688,846.3390502929688
233,30,938.5537719726562,838.9788208007812
233,31,963.7393188476562,831.6826782226562
233,32,990.86767578125,823.4774780273438
233,33,1019.2766723632812,814.6604614257812
233,34,1049.969970703125,804.7904052734375
233,35,1082.228271484375,794.4422607421875
233,38,906.9402465820312,878.781494140625
233,39,930.5625,872.4188842773438
233,40,955.9661254882812,865.9498901367188
233,41,982.9702758789062,858.5567626953125
233,42,1012.2822875976562,851.1853637695312
233,43,1043.3087158203125,842.720703125
233,44,1076.7286376953125,833.348876953125
233,47,898.4489135742188,911.9124145507812
233,48,922.4629516601562,907.2026977539062
233,49,948.448486328125,901.627685546875
233,50,976.1951293945312,895.9655151367188
233,51,1005.6549072265625,889.2405395507812
233,52,1037.45361328125,882.2510986328125
233,53,1071.5899658203125,874.2784423828125
233,56,888.062255859375,945.57861328125
233,57,913.3667602539062,942.6039428710938
233,58,940.046142578125,938.5501708984375
233,59,967.4511108398438,933.518798828125
233,60,997.939208984375,928.780517578125
233,61,1030.23046875,923.0570068359375
233,62,1064.53125,916.1148681640625
234,0,848.3410034179688,884.9713134765625
234,1,875.7610473632812,853.5825805664062
234,2,901.7979125976562,823.201171875
234,3,926.678955078125,793.6251220703125
234,4,950.297607421875,765.5247192382812
234,5,972.74365234375,738.27734375
234,6,994.079345703125,712.5784912109375
234,7,1014.1039428710938,688.732177734375
234,8,1032.852783203125,666.0381469726562
234,9,885.9527587890625,909.469482421875
234,10,912.6336669921875,876.857421875
234,11,938.18310546875,845.2294311523438
234,12,962.4610595703125,814.4090576171875
234,13,985.749267578125,784.481689453125
234,14,1007.600341796875,756.316650390625
234,15,1027.9727783203125,730.3016357421875
234,16,1047.242919921875,705.6160888671875
234,17,1065.2890625,682.2452392578125
234,18,924.679443359375,934.8509521484375
234,19,950.8197631835938,900.6786499023438
234,20,975.8088989257812,867.1920776367188
234,21,999.3302001953125,835.3759765625
234,22,1021.8777465820312,804.821533203125
234,23,1042.8994140625,776.0709228515625
234,24,1062.845947265625,748.4622192382812
234,25,1081.3851318359375,722.6155395507812
234,26,1098.8172607421875,698.39453125
234,27,964.5338745117188,959.7537231445312
234,28,990.2908935546875,923.9758911132812
234,29,1014.4083251953125,889.4140014648438
234,30,1037.353759765625,856.4821166992188
234,31,1059.01171875,825.0332641601562
234,32,1079.1719970703125,795.3074951171875
234,33,1098.127685546875,767.0204467773438
234,34,1116.0587158203125,740.0340576171875
234,35,1132.616455078125,714.6182861328125
234,36,1005.9127197265625,984.1231689453125
234,37,1030.6943359375,947.2737426757812
234,38,1054.2337646484375,911.7938842773438
234,39,1076.1768798828125,877.8251953125
234,40,1097.130126953125,845.0835571289062
234,41,1116.36767578125,814.3593139648438
234,42,1134.4715576171875,785.3092041015625
234,43,1151.4410400390625,757.5390014648438
234,44,1167.2296142578125,731.1922607421875
234,45,1047.5751953125,1008.37353515625
234,46,1071.5404052734375,970.6049194335938
234,47,1094.0185546875,934.1876220703125
234,48,1115.2916259765625,899.1104736328125
234,49,1135.138916015625,865.6734008789062
234,50,1153.5880126953125,834.1549072265625
234,51,1170.7806396484375,804.0922241210938
234,52,1186.7882080078125,775.6268920898438
234,53,1201.36865234375,748.8124389648438
234,54,1090.34326171875,1031.6011962890625
234,55,1113.49267578125,992.7830200195312
234,56,1135.12939453125,955.441162109375
234,57,1155.123779296875,920.046142578125
234,58,1173.95751953125,885.663818359375
234,59,1191.61083984375,852.7725830078125
234,60,1207.6455078125,822.2236328125
234,61,1222.6754150390625,792.8421630859375
234,62,1236.8724365234375,764.927001953125
235,0,1049.135986328125,679.9739990234375
235,1,1042.8189697265625,705.0250244140625
235,2,1036.5155029296875,731.1801147460938
235,3,1029.4425048828125,758.4642333984375
235,4,1022.0234985351562,787.751953125
235,5,1014.42333984375,817.6585083007812
235,6,1005.9376220703125,848.859619140625
235,7,997.2308959960938,882.1588134765625
235,8,988.0250244140625,916.4104614257812
235,9,1017.501220703125,672.9777221679688
235,10,1010.3609619140625,697.7977905273438
235,11,1002.9675903320312,723.6665649414062
235,12,995.2698364257812,750.60400390625
235,13,987.0532836914062,779.2142333984375
235,14,978.5387573242188,808.7611694335938
235,15,969.5528564453125,840.2274169921875
235,16,959.8482666015625,873.1339111328125
235,17,949.83544921875,907.0294799804688
235,18,985.828369140625,666.222412109375
235,19,978.1246948242188,690.6091918945312
235,20,969.886962890625,715.9454345703125
235,21,961.3078002929688,742.786865234375
235,22,952.3189697265625,771.2060546875
235,23,942.9641723632812,800.602783203125
235,24,932.9758911132812,831.2070922851562
235,25,922.5261840820312,863.5216674804688
235,26,911.7845458984375,897.189697265625
235,27,954.325439453125,659.3535766601562
235,28,946.066162109375,683.43212890625
235,29,937.139892578125,708.4328002929688
235,30,927.7197875976562,734.7099609375
235,31,917.9942626953125,762.8243408203125
235,32,907.8209228515625,792.00341796875
235,33,897.1163330078125,822.2534790039062
235,34,885.9456176757812,854.0040283203125
235,35,874.27197265625,886.8341064453125
235,36,923.231689453125,652.5391235351562
235,37,914.2117309570312,675.9705810546875
235,38,904.4027709960938,700.8661499023438
235,39,894.47705078125,726.4823608398438
235,40,883.8956909179688,753.90283203125
235,41,872.8766479492188,782.55029296875
235,42,861.3549194335938,812.5374755859375
235,43,849.3109130859375,843.6528930664062
235,44,837.1212768554688,876.22705078125
235,45,892.79833984375,645.5555419921875
235,46,883.0186157226562,668.8629150390625
235,47,872.7061157226562,693.351806640625
235,48,861.7250366210938,718.6483764648438
235,49,850.5580444335938,745.6318359375
235,50,838.9044799804688,774.145263671875
235,51,826.719482421875,803.4638671875
235,52,814.156005859375,834.2330932617188
235,53,801.2860107421875,866.4017333984375
235,54,862.5914306640625,637.97998046875
235,55,852.2064819335938,660.88623046875
235,56,841.1580810546875,685.0992431640625
235,57,829.9047241210938,710.816650390625
235,58,817.9863891601562,737.4585571289062
235,59,805.63525390625,764.7330322265625
235,60,792.763427734375,794.0838623046875
235,61,779.476318359375,824.2915649414062
235,62,765.974365234375,855.3258056640625
236,0,828.5223999023438,634.2796020507812
236,1,858.0005493164062,648.2201538085938
236,2,888.3654174804688,662.8851928710938
236,3,919.6407470703125,676.922607421875
236,4,951.8135986328125,691.997802734375
236,5,984.6810302734375,706.7833862304688
236,6,1018.134521484375,721.9517822265625
236,7,1052.2557373046875,737.6494750976562
236,8,1086.90283203125,753.2891845703125
236,9,809.7526245117188,661.558349609375
236,10,839.1692504882812,676.0908813476562
236,11,869.7442016601562,690.8982543945312
236,12,901.1495971679688,705.8470458984375
236,13,933.7523803710938,720.8877563476562
236,14,966.9708251953125,736.3743286132812
236,15,1000.938232421875,752.3921508789062
236,16,1035.610595703125,768.836669921875
236,17,1070.6905517578125,785.1708374023438
236,18,790.4744873046875,689.9214477539062
236,19,820.007080078125,704.7715454101562
236,20,850.5808715820312,719.84423828125
236,21,882.2739868164062,735.355712890625
236,22,915.0769653320312,751.50146484375
236,23,948.5851440429688,767.6995239257812
236,24,982.997314453125,784.0374145507812
236,25,1018.062255859375,800.871826171875
236,26,1053.7147216796875,817.9185791015625
236,27,770.5414428710938,718.1965942382812
236,28,800.1556396484375,733.768798828125
236,29,830.8616943359375,749.644775390625
236,30,862.7114868164062,765.7779541015625
236,31,895.7805786132812,782.5484008789062
236,32,929.763916015625,799.5352172851562
236,33,964.3945922851562,816.7109375
236,34,999.9700927734375,834.0078125
236,35,1036.0753173828125,851.3380737304688
236,36,749.6473388671875,746.7105102539062
236,37,779.6532592773438,763.1694946289062
236,38,810.593994140625,780.1543579101562
236,39,842.4290771484375,797.0663452148438
236,40,875.815673828125,814.3670654296875
236,41,909.9818725585938,832.1900634765625
236,42,945.0155029296875,850.001220703125
236,43,980.9453125,868.0700073242188
236,44,1017.5007934570312,886.0520629882812
236,45,728.8739624023438,776.0673217773438
236,46,758.806640625,793.484375
236,47,790.0249633789062,811.2037963867188
236,48,822.16015625,828.9771728515625
236,49,855.6904296875,847.0499877929688
236,50,890.0678100585938,865.5736694335938
236,51,925.2762451171875,884.137939453125
236,52,961.5838623046875,902.7578735351562
236,53,998.4728393554688,921.5626220703125
236,54,707.170654296875,805.5648193359375
236,55,737.1054077148438,823.6614379882812
236,56,768.5133056640625,842.0182495117188
236,57,801.1217651367188,861.239990234375
236,58,834.9181518554688,880.4450073242188
236,59,869.2080078125,899.1998291015625
236,60,904.8781127929688,918.7640991210938
236,61,941.4035034179688,938.13916015625
236,62,978.699951171875,957.1947021484375
237,0,771.5460205078125,531.1401977539062
237,1,784.0993041992188,563.0723266601562
237,2,796.574462890625,594.2702026367188
237,3,809.5831909179688,624.7960205078125
237,4,822.3431396484375,654.5198364257812
237,5,835.2327270507812,683.8426513671875
237,6,847.9974365234375,712.2556762695312
237,7,859.9141235351562,739.6356201171875
237,8,872.2815551757812,766.0888061523438
237,9,747.8848266601562,545.0679321289062
237,10,761.0325317382812,577.7216186523438
237,11,774.5289306640625,609.648681640625
237,12,788.3112182617188,640.5191040039062
237,13,802.177001953125,671.2875366210938
237,14,816.1363525390625,700.9573364257812
237,15,828.8796997070312,729.7543334960938
237,16,841.2634887695312,757.8098754882812
237,17,853.974609375,784.62353515625
237,18,722.2359619140625,560.0077514648438
237,19,736.7474365234375,593.3489990234375
237,20,751.6780395507812,625.7968139648438
237,21,765.9990234375,657.612548828125
237,22,780.5785522460938,688.6988525390625
237,23,794.5467529296875,718.903076171875
237,24,808.87548828125,748.1896362304688
237,25,822.1654052734375,776.5377807617188
237,26,835.169921875,803.8909301757812
237,27,696.3441772460938,575.691650390625
237,28,711.9555053710938,609.5988159179688
237,29,727.40234375,642.8797607421875
237,30,742.8258666992188,675.2874145507812
237,31,757.9522094726562,707.2159423828125
237,32,772.79541015625,737.869384765625
237,33,787.5084838867188,767.5890502929688
237,34,801.9939575195312,796.3836669921875
237,35,815.8829956054688,823.8593139648438
237,36,670.1234130859375,592.1666259765625
237,37,686.099609375,627.02392578125
237,38,702.26611328125,661.04736328125
237,39,718.5906372070312,694.2081298828125
237,40,734.773193359375,726.73291015625
237,41,750.4171142578125,757.983642578125
237,42,765.7747192382812,788.0910034179688
237,43,780.8800659179688,817.1273803710938
237,44,795.6922607421875,845.212646484375
237,45,642.4254150390625,609.6571655273438
237,46,659.09228515625,645.1956176757812
237,47,675.8883666992188,680.1577758789062
237,48,692.9837036132812,713.945068359375
237,49,709.8428955078125,747.0060424804688
237,50,726.4537963867188,778.5103149414062
237,51,742.5613403320312,809.1282348632812
237,52,758.58837890625,838.5311889648438
237,53,773.8653564453125,866.706787109375
237,54,614.22314453125,627.911376953125
237,55,631.990234375,664.575927734375
237,56,649.8583984375,700.2659912109375
237,57,666.84228515625,734.8670043945312
237,58,684.4033813476562,768.3223266601562
237,59,702.0333251953125,800.6177978515625
237,60,719.0162963867188,831.5953369140625
237,61,735.6067504882812,861.174560546875
237,62,752.4534301757812,889.5984497070312
238,0,785.6035766601562,804.1689453125
238,1,810.762451171875,777.2517700195312
238,2,834.9904174804688,751.2584838867188
238,3,858.288330078125,725.3538208007812
238,4,880.612548828125,700.9606323242188
238,5,902.2034301757812,677.0509033203125
238,6,922.8883056640625,654.3572387695312
238,7,942.6930541992188,633.0489501953125
238,8,961.3759155273438,612.5045166015625
238,9,816.6343994140625,824.0228271484375
238,10,841.3102416992188,796.0587768554688
238,11,865.6251220703125,768.8284912109375
238,12,888.6611328125,742.1445922851562
238,13,910.8429565429688,716.159912109375
238,14,931.9984130859375,691.3790283203125
238,15,952.3442993164062,668.553955078125
238,16,971.9406127929688,646.6254272460938
238,17,990.2178344726562,625.4248046875
238,18,848.9161987304688,844.8304443359375
238,19,873.7230834960938,815.5604248046875
238,20,897.3720092773438,786.661865234375
238,21,920.0574951171875,759.1126708984375
238,22,942.0303955078125,732.7221069335938
238,23,962.761474609375,707.3515014648438
238,24,982.6378173828125,682.9807739257812
238,25,1001.7822875976562,660.1976318359375
238,26,1019.954833984375,638.7664184570312
238,27,882.5917358398438,865.48876953125
238,28,906.8846435546875,834.7160034179688
238,29,930.2999877929688,805.03564453125
238,30,952.7470703125,776.4385375976562
238,31,974.21435546875,749.0977783203125
238,32,994.3668212890625,723.1734008789062
238,33,1014.1322631835938,698.2470092773438
238,34,1032.86669921875,674.3206176757812
238,35,1050.154296875,651.7342529296875
238,36,917.3693237304688,885.81787109375
238,37,941.625732421875,854.326904296875
238,38,964.5953979492188,823.8763427734375
238,39,986.6415405273438,794.1712036132812
238,40,1007.70166015625,765.7423706054688
238,41,1027.6806640625,738.8243408203125
238,42,1046.4979248046875,713.1881713867188
238,43,1064.4493408203125,688.7617797851562
238,44,1081.5001220703125,665.1883544921875
238,45,953.3912353515625,906.7335205078125
238,46,977.0735473632812,874.2394409179688
238,47,999.7158203125,842.8299560546875
238,48,1021.288818359375,812.2813110351562
238,49,1041.748779296875,783.0474853515625
238,50,1060.97607421875,755.4098510742188
238,51,1079.3514404296875,728.9368286132812
238,52,1096.6810302734375,703.7254028320312
238,53,1112.9599609375,679.9720458984375
238,54,990.5768432617188,927.0213623046875
238,55,1013.9041748046875,893.3578491210938
238,56,1035.9166259765625,860.9881591796875
238,57,1056.9287109375,830.5029907226562
238,58,1076.6722412109375,800.5435791015625
238,59,1095.5234375,771.6018676757812
238,60,1113.20068359375,744.6727294921875
238,61,1129.709716796875,718.6207885742188
238,62,1145.466796875,693.7351684570312
239,0,900.4577026367188,488.4295654296875
239,1,916.3539428710938,512.2830810546875
239,2,932.7036743164062,537.1294555664062
239,3,949.8134765625,562.0285034179688
239,4,966.8894653320312,587.6747436523438
239,5,984.6328735351562,613.35302734375
239,6,1002.5884399414062,639.7528686523438
239,7,1020.7635498046875,666.6784057617188
239,8,1039.02294921875,693.8587036132812
239,9,875.5725708007812,496.8519287109375
239,10,891.5560302734375,521.4213256835938
239,11,907.9688720703125,546.4928588867188
239,12,925.0362548828125,571.8591918945312
239,13,942.9046630859375,597.6943969726562
239,14,960.7466430664062,624.06396484375
239,15,978.6552734375,651.3959350585938
239,16,996.745849609375,679.1839599609375
239,17,1015.2890014648438,707.1607666015625
239,18,849.2744140625,506.2746276855469
239,19,865.302490234375,530.9573974609375
239,20,882.1527099609375,556.1929321289062
239,21,899.3199462890625,582.0687255859375
239,22,917.2084350585938,608.961181640625
239,23,935.010009765625,636.1812133789062
239,24,953.4564208984375,663.80029296875
239,25,972.042236328125,692.0432739257812
239,26,990.64794921875,720.8933715820312
239,27,822.335693359375,515.3525390625
239,28,838.7132568359375,540.5172119140625
239,29,855.5187377929688,566.2142944335938
239,30,872.7412719726562,592.815673828125
239,31,890.4816284179688,620.1586303710938
239,32,908.6358642578125,648.3636474609375
239,33,927.087158203125,676.7301635742188
239,34,945.9874877929688,705.7404174804688
239,35,965.0150756835938,734.9034423828125
239,36,794.8958740234375,524.1214599609375
239,37,810.9779052734375,550.3219604492188
239,38,827.630615234375,576.9894409179688
239,39,844.91943359375,603.9926147460938
239,40,862.8807373046875,632.0689086914062
239,41,880.9232177734375,660.475830078125
239,42,899.58984375,689.9596557617188
239,43,918.7075805664062,719.7841796875
239,44,938.0772094726562,749.8277587890625
239,45,766.566650390625,533.8855590820312
239,46,782.4082641601562,560.6135864257812
239,47,799.0420532226562,588.0579223632812
239,48,816.172607421875,615.8585205078125
239,49,834.0572509765625,644.712158203125
239,50,852.2222290039062,674.0703125
239,51,870.9967041015625,704.01904296875
239,52,890.2111206054688,734.6243896484375
239,53,909.6779174804688,765.6072387695312
239,54,737.3296508789062,543.0653686523438
239,55,753.1781616210938,570.269775390625
239,56,769.6708984375,598.3696899414062
239,57,786.423095703125,627.8384399414062
239,58,804.21826171875,657.5266723632812
239,59,822.7144165039062,687.3455810546875
239,60,841.313720703125,718.389404296875
239,61,860.5827026367188,749.7805786132812
239,62,880.6114501953125,781.2263793945312
240,0,868.1500854492188,869.0359497070312
240,1,896.2379150390625,839.1712646484375
240,2,923.0982666015625,810.4136352539062
240,3,948.5172119140625,782.082763671875
240,4,972.9254760742188,755.042236328125
240,5,996.2362670898438,728.847412109375
240,6,1018.3714599609375,704.08251953125
240,7,1039.01123046875,680.90625
240,8,1058.76318359375,658.8119506835938
240,9,903.3823852539062,892.9035034179688
240,10,931.1581420898438,861.98046875
240,11,957.5093994140625,831.8099975585938
240,12,982.675048828125,802.1824340820312
240,13,1006.7005615234375,773.457763671875
240,14,1029.5145263671875,746.3778686523438
240,15,1050.9732666015625,721.0023803710938
240,16,1071.22265625,697.1094970703125
240,17,1090.3284912109375,674.3062133789062
240,18,939.9811401367188,917.9287719726562
240,19,967.2598266601562,885.31689453125
240,20,993.3251342773438,853.344482421875
240,21,1017.9562377929688,822.756103515625
240,22,1041.5550537109375,793.2973022460938
240,23,1063.733154296875,765.4091186523438
240,24,1084.479248046875,738.5868530273438
240,25,1104.36328125,713.5558471679688
240,26,1122.8212890625,689.9641723632812
240,27,977.842041015625,942.5948486328125
240,28,1004.8344116210938,908.37158203125
240,29,1030.3028564453125,875.3033447265625
240,30,1054.5706787109375,843.4973754882812
240,31,1077.5380859375,813.0696411132812
240,32,1098.864013671875,784.3145751953125
240,33,1119.0460205078125,756.780517578125
240,34,1138.1890869140625,730.4943237304688
240,35,1155.815673828125,705.7677612304688
240,36,1017.3106079101562,967.0138549804688
240,37,1043.6866455078125,931.801513671875
240,38,1068.63232421875,897.6077880859375
240,39,1092.0836181640625,864.626708984375
240,40,1114.4776611328125,832.98486328125
240,41,1135.220947265625,803.0699462890625
240,42,1154.715576171875,774.6934814453125
240,43,1172.90185546875,747.7057495117188
240,44,1189.897216796875,722.0069580078125
240,45,1057.3955078125,991.6849975585938
240,46,1083.1112060546875,955.2242431640625
240,47,1107.3800048828125,920.1027221679688
240,48,1130.2313232421875,886.027587890625
240,49,1151.700927734375,853.5282592773438
240,50,1171.7459716796875,822.7997436523438
240,51,1190.2998046875,793.3270263671875
240,52,1207.851806640625,765.5180053710938
240,53,1223.9205322265625,739.2784423828125
240,54,1098.733642578125,1015.6470947265625
240,55,1123.885986328125,977.9947509765625
240,56,1147.287841796875,941.6607055664062
240,57,1169.2359619140625,907.2579345703125
240,58,1189.8875732421875,873.736328125
240,59,1209.2052001953125,841.5294799804688
240,60,1226.881103515625,811.6380004882812
240,61,1243.435791015625,782.9255981445312
240,62,1258.924072265625,755.176025390625
241,0,939.4030151367188,888.3361206054688
241,1,961.3243408203125,858.340576171875
241,2,982.96728515625,828.822265625
241,3,1003.4088745117188,799.1041259765625
241,4,1023.5257568359375,770.1732788085938
241,5,1043.0257568359375,741.3304443359375
241,6,1061.995849609375,713.4295043945312
241,7,1080.1485595703125,686.4940185546875
241,8,1098.334716796875,660.1163940429688
241,9,966.9930419921875,904.362060546875
241,10,989.133056640625,873.5067138671875
241,11,1010.698974609375,842.7264404296875
241,12,1031.31298828125,811.9788208007812
241,13,1051.4417724609375,781.3731079101562
241,14,1070.8447265625,751.8394165039062
241,15,1090.0498046875,723.2753295898438
241,16,1108.5140380859375,695.7839965820312
241,17,1125.9132080078125,668.6494750976562
241,18,996.27880859375,921.53173828125
241,19,1018.4522094726562,889.330078125
241,20,1039.80908203125,856.9234619140625
241,21,1060.510009765625,825.1905517578125
241,22,1081.023193359375,794.0260009765625
241,23,1100.62451171875,763.52880859375
241,24,1119.3211669921875,733.7656860351562
241,25,1137.7874755859375,704.9669189453125
241,26,1155.4744873046875,677.1771240234375
241,27,1026.5574951171875,938.7910766601562
241,28,1048.7232666015625,905.0499877929688
241,29,1070.4232177734375,871.7592163085938
241,30,1091.267578125,838.8471069335938
241,31,1111.8677978515625,806.6318969726562
241,32,1131.5303955078125,775.2659301757812
241,33,1150.293212890625,744.6801147460938
241,34,1168.3502197265625,714.7938842773438
241,35,1185.4937744140625,686.0150756835938
241,36,1057.9923095703125,956.1397705078125
241,37,1080.6805419921875,921.5546264648438
241,38,1102.67919921875,887.0646362304688
241,39,1123.6595458984375,852.9632568359375
241,40,1144.193603515625,819.4465942382812
241,41,1163.62548828125,787.0484619140625
241,42,1182.5172119140625,755.5179443359375
241,43,1200.359619140625,724.7941284179688
241,44,1217.2989501953125,694.9030151367188
241,45,1090.9813232421875,974.0394897460938
241,46,1113.9493408203125,938.3938598632812
241,47,1136.0986328125,903.0248413085938
241,48,1157.2520751953125,867.8773193359375
241,49,1177.886474609375,833.17041015625
241,50,1197.31884765625,799.902099609375
241,51,1215.9095458984375,767.2041015625
241,52,1233.3719482421875,735.6015014648438
241,53,1250.152099609375,705.1608276367188
241,54,1125.110595703125,991.9398193359375
241,55,1148.1690673828125,954.9954223632812
241,56,1170.568115234375,918.3526611328125
241,57,1192.243896484375,882.7860107421875
241,58,1212.7010498046875,847.251953125
241,59,1231.989013671875,812.3110961914062
241,60,1250.3934326171875,779.0034790039062
241,61,1267.7694091796875,746.2783203125
241,62,1284.090087890625,714.4556884765625
242,6,1088.3690185546875,660.0825805664062
242,7,1112.650634765625,677.5957641601562
242,8,1137.8265380859375,696.4671630859375
242,14,1036.7652587890625,656.8281860351562
242,15,1059.6688232421875,674.923583984375
242,16,1082.706298828125,693.5286865234375
242,17,1107.97705078125,713.1290893554688
242,22,985.7411499023438,655.2528686523438
242,23,1006.071044921875,672.010498046875
242,24,1028.0928955078125,690.014892578125
242,25,1051.734619140625,709.20068359375
242,26,1076.212158203125,730.2425537109375
242,31,954.681640625,668.8409423828125
242,32,974.9708251953125,687.217041015625
242,33,996.1998901367188,705.86376953125
242,34,1019.003662109375,726.1403198242188
242,35,1043.122802734375,747.2327880859375
242,41,941.9913940429688,701.9443969726562
242,42,962.8067626953125,721.8058471679688
242,43,984.941162109375,742.8565673828125
242,44,1008.3436889648438,765.26123046875
242,50,908.77099609375,718.121826171875
242,51,928.7250366210938,738.7023315429688
242,52,949.7492065429688,760.923583984375
242,53,972.8165283203125,784.7261352539062
242,54,797.6359252929688,644.1281127929688
242,55,810.5853271484375,659.3816528320312
242,56,824.9689331054688,676.622802734375
242,57,840.3104248046875,695.01708984375
242,58,856.8040771484375,714.2495727539062
242,59,874.2030029296875,733.9594116210938
242,60,893.0076293945312,755.74609375
242,61,913.0694580078125,778.872802734375
242,62,935.0899658203125,803.0173950195312
243,0,1219.0445556640625,488.7150573730469
243,1,1208.71240234375,529.0790405273438
243,2,1198.4703369140625,568.0615844726562
243,3,1188.1651611328125,606.1345825195312
243,4,1178.0899658203125,642.1814575195312
243,5,1167.8189697265625,677.0115966796875
243,6,1157.8778076171875,710.018798828125
243,7,1148.281982421875,741.2417602539062
243,8,1139.0726318359375,770.9065551757812
243,9,1179.4058837890625,474.1338195800781
243,10,1170.1844482421875,514.1795043945312
243,11,1160.9119873046875,553.119140625
243,12,1151.3433837890625,590.6876831054688
243,13,1141.8797607421875,627.067626953125
243,14,1132.604248046875,661.6102905273438
243,15,1123.8973388671875,694.4212036132812
243,16,1115.5234375,725.234619140625
243,17,1107.1202392578125,755.02880859375
243,18,1141.7213134765625,460.6931457519531
243,19,1133.1568603515625,500.0569763183594
243,20,1124.2518310546875,538.8800659179688
243,21,1115.6910400390625,575.812255859375
243,22,1107.2200927734375,611.6552734375
243,23,1098.9739990234375,645.8731689453125
243,24,1090.7440185546875,678.8900756835938
243,25,1082.9727783203125,710.1314697265625
243,26,1075.83251953125,739.392578125
243,27,1104.621337890625,447.84075927734375
243,28,1096.4940185546875,487.0744323730469
243,29,1088.6270751953125,525.1467895507812
243,30,1081.0020751953125,561.7523803710938
243,31,1073.214111328125,597.2167358398438
243,32,1065.93603515625,631.0696411132812
243,33,1058.7650146484375,663.6775512695312
243,34,1051.7764892578125,694.9087524414062
243,35,1045.0966796875,724.5315551757812
243,36,1067.8856201171875,436.24566650390625
243,37,1060.885009765625,474.7325134277344
243,38,1053.8504638671875,512.0442504882812
243,39,1046.8236083984375,548.3275146484375
243,40,1039.932373046875,583.572509765625
243,41,1033.4805908203125,617.2241821289062
243,42,1027.197998046875,649.3081665039062
243,43,1021.1249389648438,680.1864624023438
243,44,1015.3021850585938,709.5292358398438
243,45,1033.377685546875,425.20977783203125
243,46,1027.2467041015625,462.9288330078125
243,47,1021.0530395507812,499.7332458496094
243,48,1014.768310546875,535.4690551757812
243,49,1008.6770629882812,570.1178588867188
243,50,1003.237548828125,603.1919555664062
243,51,997.5694580078125,635.1630249023438
243,52,992.4113159179688,665.6967163085938
243,53,987.5130615234375,694.7677001953125
243,54,999.3236083984375,415.1103820800781
243,55,993.5186157226562,452.35357666015625
243,56,988.2637939453125,488.5566101074219
243,57,983.6439208984375,523.3770751953125
243,58,978.3101196289062,557.435546875
243,59,973.1008911132812,590.353271484375
243,60,968.5804443359375,621.7643432617188
243,61,963.804931640625,652.06494140625
243,62,959.1434936523438,681.2244262695312
244,0,933.1705322265625,858.2532348632812
244,1,951.5328979492188,833.7188110351562
244,2,970.0294799804688,809.0797119140625
244,3,988.2325439453125,783.4660034179688
244,4,1007.1842651367188,757.2962646484375
244,5,1025.85302734375,730.797607421875
244,6,1044.5931396484375,703.8839111328125
244,7,1063.9547119140625,676.7742309570312
244,8,1082.9232177734375,649.0836791992188
244,9,952.3155517578125,878.6539916992188
244,10,971.0479125976562,854.1915893554688
244,11,990.0965576171875,828.91748046875
244,12,1008.7847900390625,803.0185546875
244,13,1027.78369140625,776.1492919921875
244,14,1046.812744140625,749.236328125
244,15,1066.5152587890625,721.89892578125
244,16,1086.495361328125,694.20947265625
244,17,1106.1263427734375,666.2221069335938
244,18,972.7769775390625,900.05810546875
244,19,991.7890625,875.14697265625
244,20,1010.7177124023438,849.5709838867188
244,21,1030.00244140625,823.2202758789062
244,22,1049.85986328125,796.1712036132812
244,23,1069.724365234375,768.678955078125
244,24,1089.4659423828125,740.826904296875
244,25,1109.7459716796875,712.439208984375
244,26,1130.1871337890625,684.0548095703125
244,27,993.2747802734375,921.87646484375
244,28,1012.5352172851562,896.67578125
244,29,1032.0870361328125,870.8466796875
244,30,1052.0196533203125,844.1553955078125
244,31,1072.3875732421875,816.78564453125
244,32,1092.93603515625,788.86865234375
244,33,1113.5018310546875,760.4434204101562
244,34,1134.20556640625,731.5787963867188
244,35,1154.703125,702.28662109375
244,36,1013.8992309570312,944.6197509765625
244,37,1034.025146484375,919.1482543945312
244,38,1054.3074951171875,892.9075927734375
244,39,1074.7974853515625,866.0827026367188
244,40,1095.8536376953125,838.0977172851562
244,41,1116.8468017578125,809.8466186523438
244,42,1138.0784912109375,780.9935913085938
244,43,1159.3895263671875,751.4733276367188
244,44,1180.69873046875,721.6317138671875
244,45,1035.2579345703125,967.5985107421875
244,46,1056.2169189453125,942.079833984375
244,47,1077.2879638671875,915.4940185546875
244,48,1098.4368896484375,888.3046875
244,49,1120.1060791015625,860.0523071289062
244,50,1141.9522705078125,831.4027709960938
244,51,1163.7467041015625,802.1028442382812
244,52,1185.7625732421875,772.1144409179688
244,53,1207.6436767578125,741.7780151367188
244,54,1056.7232666015625,991.2836303710938
244,55,1078.0181884765625,965.7526245117188
244,56,1100.195068359375,938.8953857421875
244,57,1122.6544189453125,911.3745727539062
244,58,1145.1226806640625,882.8251953125
244,59,1167.3660888671875,853.6529541015625
244,60,1190.0970458984375,824.0121459960938
244,61,1212.6322021484375,793.4115600585938
244,62,1234.7457275390625,762.5057983398438
245,0,851.9405517578125,580.3472290039062
245,1,880.1659545898438,606.83251953125
245,2,908.0731811523438,633.1676635742188
245,3,936.6126708984375,659.293212890625
245,4,965.0082397460938,685.3422241210938
245,5,993.3026733398438,710.8702392578125
245,6,1021.2213134765625,736.0353393554688
245,7,1048.40185546875,761.137451171875
245,8,1075.1651611328125,785.4376831054688
245,9,827.7255249023438,604.5475463867188
245,10,856.3568725585938,631.6410522460938
245,11,885.4091186523438,658.653076171875
245,12,914.6153564453125,685.0023803710938
245,13,944.1739501953125,711.309326171875
245,14,973.2389526367188,737.1499633789062
245,15,1001.6826171875,763.1990356445312
245,16,1029.3741455078125,788.5226440429688
245,17,1056.970947265625,813.0440673828125
245,18,802.1314086914062,630.490478515625
245,19,831.7236328125,657.8473510742188
245,20,861.7142944335938,684.86328125
245,21,891.705322265625,711.811767578125
245,22,921.8184814453125,738.9156494140625
245,23,951.4443359375,765.341552734375
245,24,980.8757934570312,791.4126586914062
245,25,1009.7680053710938,816.9462890625
245,26,1037.84423828125,842.0244750976562
245,27,776.0543212890625,656.8604736328125
245,28,806.4088745117188,684.5805053710938
245,29,837.0175170898438,712.3096313476562
245,30,867.8543090820312,739.8632202148438
245,31,898.6732177734375,767.3396606445312
245,32,929.0055541992188,794.35107421875
245,33,959.1329956054688,820.8002319335938
245,34,988.979736328125,846.6876831054688
245,35,1018.2470092773438,871.73974609375
245,36,749.3623046875,683.9199829101562
245,37,780.2584228515625,712.5624389648438
245,38,811.3955688476562,741.1607055664062
245,39,842.951904296875,769.0795288085938
245,40,874.7127685546875,796.9166870117188
245,41,906.0153198242188,824.3374633789062
245,42,936.9067993164062,851.029296875
245,43,967.4940795898438,877.3351440429688
245,44,997.434814453125,902.7905883789062
245,45,721.8505859375,712.1287231445312
245,46,753.266357421875,741.4329833984375
245,47,784.9926147460938,770.671142578125
245,48,817.1688232421875,799.2440795898438
245,49,849.5921020507812,827.709716796875
245,50,881.4678955078125,855.4406127929688
245,51,913.2926025390625,882.5037231445312
245,52,944.7910766601562,908.8660278320312
245,53,975.3013305664062,934.5050048828125
245,54,693.5753784179688,741.0736083984375
245,55,725.9057006835938,771.0092163085938
245,56,758.4512329101562,800.6446533203125
245,57,790.8845825195312,830.2471923828125
245,58,823.7869873046875,859.30615234375
245,59,856.8295288085938,887.4047241210938
245,60,889.0726318359375,914.8905029296875
245,61,921.300048828125,941.3443603515625
245,62,953.171875,966.9932861328125
246,0,777.3878784179688,802.4976196289062
246,1,803.331298828125,774.2647705078125
246,2,828.47412109375,747.0916748046875
246,3,852.9441528320312,720.09130859375
246,4,876.7171630859375,694.0935668945312
246,5,899.4488525390625,668.8614501953125
246,6,921.3165893554688,644.718505859375
246,7,942.6412353515625,621.7122802734375
246,8,962.9010009765625,599.5711059570312
246,9,808.2401733398438,824.757568359375
246,10,833.9013061523438,795.9209594726562
246,11,858.9524536132812,767.6613159179688
246,12,883.1041259765625,739.7487182617188
246,13,906.7295532226562,712.218994140625
246,14,929.1229248046875,686.204345703125
246,15,950.8367919921875,661.7445678710938
246,16,971.7176513671875,638.1593017578125
246,17,991.6390380859375,615.35498046875
246,18,840.1956787109375,848.2947998046875
246,19,865.7052001953125,818.1178588867188
246,20,890.6228637695312,788.3189086914062
246,21,914.3427124023438,759.6431274414062
246,22,937.5840454101562,731.7837524414062
246,23,959.9530029296875,704.9807739257812
246,24,981.2097778320312,679.1111450195312
246,25,1001.8977661132812,654.7398681640625
246,26,1021.267333984375,631.41455078125
246,27,873.046142578125,871.3314819335938
246,28,898.54638671875,840.1039428710938
246,29,922.9281005859375,809.4622802734375
246,30,946.720947265625,779.9435424804688
246,31,969.71484375,751.216796875
246,32,991.4620361328125,723.7671508789062
246,33,1012.4268188476562,697.3853149414062
246,34,1032.626953125,671.96337890625
246,35,1051.617431640625,647.7192993164062
246,36,907.1345825195312,894.4464721679688
246,37,932.2594604492188,862.4730224609375
246,38,956.6172485351562,831.1019287109375
246,39,980.015869140625,800.6526489257812
246,40,1002.5630493164062,770.8955078125
246,41,1024.0797119140625,742.6339721679688
246,42,1044.61279296875,715.4749755859375
246,43,1064.0762939453125,689.3841552734375
246,44,1082.71923828125,664.3875732421875
246,45,942.0491333007812,917.8991088867188
246,46,966.7686767578125,885.08447265625
246,47,990.8853149414062,852.9563598632812
246,48,1013.8712768554688,821.721435546875
246,49,1035.9344482421875,791.1339111328125
246,50,1057.014404296875,762.2582397460938
246,51,1076.966064453125,734.3751220703125
246,52,1096.0045166015625,707.4838256835938
246,53,1114.0130615234375,682.0635986328125
246,54,977.939453125,940.8809814453125
246,55,1002.4424438476562,907.0302124023438
246,56,1026.0758056640625,874.1203002929688
246,57,1048.4412841796875,842.5518188476562
246,58,1070.206787109375,811.65380859375
246,59,1090.656982421875,781.460693359375
246,60,1110.0689697265625,753.0946655273438
246,61,1128.3917236328125,725.5877685546875
246,62,1146.08740234375,698.9116821289062
247,0,831.3214721679688,654.2979736328125
247,1,860.4194946289062,664.43310546875
247,2,890.5093383789062,675.2647094726562
247,3,921.6030883789062,685.7119140625
247,4,953.8405151367188,696.6325073242188
247,5,986.6369018554688,707.3652954101562
247,6,1020.4757690429688,718.672119140625
247,7,1055.2249755859375,730.2334594726562
247,8,1090.5592041015625,741.9320678710938
247,9,814.519775390625,681.1998291015625
247,10,843.875732421875,692.189697265625
247,11,874.2498168945312,703.1741943359375
247,12,905.2493286132812,714.224365234375
247,13,937.8463134765625,725.2613525390625
247,14,971.165283203125,736.770751953125
247,15,1005.5958251953125,748.81201171875
247,16,1040.8389892578125,761.5355834960938
247,17,1076.6953125,773.916015625
247,18,797.6263427734375,709.4827270507812
247,19,826.8966064453125,720.7445678710938
247,20,857.0543212890625,732.041259765625
247,21,888.5209350585938,743.6911010742188
247,22,921.4734497070312,755.874755859375
247,23,955.2615356445312,768.2205810546875
247,24,989.9214477539062,780.545654296875
247,25,1025.689697265625,793.579345703125
247,26,1062.16845703125,806.7507934570312
247,27,779.7953491210938,737.9373168945312
247,28,808.9376831054688,749.5684814453125
247,29,839.5640258789062,761.8060302734375
247,30,871.1754760742188,774.1006469726562
247,31,904.3348999023438,786.9644165039062
247,32,938.5803833007812,800.05078125
247,33,973.6978759765625,813.2318115234375
247,34,1009.9134521484375,826.829345703125
247,35,1046.9278564453125,840.3408813476562
247,36,760.9534912109375,766.103271484375
247,37,790.5194091796875,779.1112060546875
247,38,821.267822265625,792.296630859375
247,39,852.9921264648438,805.341064453125
247,40,886.4457397460938,819.0455322265625
247,41,920.9063110351562,832.85791015625
247,42,956.5416259765625,846.9968872070312
247,43,993.223876953125,861.1735229492188
247,44,1030.7984619140625,875.55322265625
247,45,742.091552734375,795.4115600585938
247,46,771.98388671875,809.2410888671875
247,47,802.8467407226562,823.4254150390625
247,48,834.8934936523438,837.4508666992188
247,49,868.5237426757812,851.8304443359375
247,50,903.2691040039062,866.6884155273438
247,51,939.007080078125,881.619140625
247,52,976.1207885742188,896.6720581054688
247,53,1014.2449340820312,911.8819580078125
247,54,722.5054931640625,824.8985595703125
247,55,752.1939086914062,839.3073120117188
247,56,783.2774047851562,854.3435668945312
247,57,815.9664916992188,869.9637451171875
247,58,849.97216796875,885.6048583984375
247,59,884.6588134765625,900.9497680664062
247,60,920.9569091796875,916.8392333984375
247,61,958.3192749023438,932.6863403320312
247,62,996.6019897460938,948.2343139648438
248,0,968.6240844726562,934.15625
248,1,986.348876953125,902.6419677734375
248,2,1003.9183959960938,871.3504638671875
248,3,1020.1788940429688,840.1515502929688
248,4,1036.4517822265625,809.6458740234375
248,5,1051.7742919921875,779.2184448242188
248,6,1066.56787109375,749.857177734375
248,7,1081.5831298828125,721.052490234375
248,8,1095.7000732421875,692.885986328125
248,9,996.5174560546875,946.396240234375
248,10,1014.4686889648438,913.7357177734375
248,11,1031.618896484375,881.1828002929688
248,12,1048.3804931640625,848.85595703125
248,13,1064.0008544921875,816.6924438476562
248,14,1079.5054931640625,785.4991455078125
248,15,1094.717041015625,755.4442749023438
248,16,1109.4967041015625,726.182861328125
248,17,1123.189453125,697.464599609375
248,18,1026.330078125,959.1174926757812
248,19,1043.97998046875,925.1482543945312
248,20,1061.0596923828125,891.1266479492188
248,21,1077.4576416015625,857.8480834960938
248,22,1093.8248291015625,824.8463134765625
248,23,1109.0782470703125,792.9259033203125
248,24,1123.8746337890625,761.6829833984375
248,25,1138.249755859375,731.0947875976562
248,26,1152.3148193359375,701.5974731445312
248,27,1057.0047607421875,971.8330688476562
248,28,1074.6748046875,936.3768920898438
248,29,1091.7943115234375,901.6351928710938
248,30,1108.32666015625,866.9653930664062
248,31,1124.51904296875,833.0620727539062
248,32,1140.0386962890625,800.1207275390625
248,33,1154.7366943359375,767.85302734375
248,34,1168.886962890625,736.38427734375
248,35,1182.1004638671875,705.9563598632812
248,36,1088.8731689453125,984.5245971679688
248,37,1106.883056640625,948.1830444335938
248,38,1124.37353515625,912.1593017578125
248,39,1140.6124267578125,876.48193359375
248,40,1156.7236328125,841.0504760742188
248,41,1172.0819091796875,807.1196899414062
248,42,1186.77880859375,773.7368774414062
248,43,1200.6456298828125,741.5930786132812
248,44,1213.896728515625,710.27099609375
248,45,1122.4207763671875,997.615478515625
248,46,1140.6285400390625,960.0903930664062
248,47,1158.120361328125,923.1168823242188
248,48,1174.83935546875,886.0849609375
248,49,1190.6854248046875,850.0106201171875
248,50,1205.942138671875,814.829833984375
248,51,1220.1253662109375,780.69140625
248,52,1233.7388916015625,747.3779907226562
248,53,1246.70849609375,715.3905029296875
248,54,1156.914306640625,1010.4237060546875
248,55,1175.0794677734375,971.5695190429688
248,56,1192.87890625,933.3265991210938
248,57,1209.92919921875,895.9906616210938
248,58,1225.818115234375,858.7254638671875
248,59,1240.593994140625,822.2300415039062
248,60,1254.859375,787.1747436523438
248,61,1267.95556640625,752.9644775390625
248,62,1280.2423095703125,719.538330078125
249,0,856.7119140625,1001.1597290039062
249,1,873.6566162109375,960.6705322265625
249,2,890.23046875,920.6793823242188
249,3,906.304931640625,880.9808959960938
249,4,922.0962524414062,842.1362915039062
249,5,937.44873046875,804.022705078125
249,6,952.2809448242188,767.3292236328125
249,7,966.6500854492188,731.6411743164062
249,8,980.3011474609375,697.24853515625
249,9,898.5674438476562,1017.3870239257812
249,10,915.1336059570312,976.4102172851562
249,11,931.2442016601562,935.53662109375
249,12,946.9083251953125,895.3343505859375
249,13,962.2830200195312,855.4280395507812
249,14,977.0802612304688,816.8033447265625
249,15,991.2283325195312,779.4651489257812
249,16,1005.0520629882812,743.5748291015625
249,17,1018.0930786132812,708.568603515625
249,18,941.344970703125,1033.2490234375
249,19,957.3995361328125,991.7481079101562
249,20,973.1842651367188,950.2555541992188
249,21,988.2591552734375,909.3610229492188
249,22,1003.1697387695312,869.0458374023438
249,23,1017.216796875,830.0977783203125
249,24,1031.04248046875,791.966796875
249,25,1044.1416015625,755.1146850585938
249,26,1056.4876708984375,719.9600830078125
249,27,984.5787963867188,1048.6148681640625
249,28,1000.2343139648438,1006.4956665039062
249,29,1015.640869140625,964.4503784179688
249,30,1030.3155517578125,923.1189575195312
249,31,1044.5419921875,882.43359375
249,32,1058.2083740234375,842.8716430664062
249,33,1071.1258544921875,804.3116455078125
249,34,1083.6182861328125,766.9510498046875
249,35,1095.1395263671875,730.9981079101562
249,36,1028.4730224609375,1063.313720703125
249,37,1043.8809814453125,1020.7222900390625
249,38,1058.6424560546875,978.4185180664062
249,39,1072.861328125,936.6918334960938
249,40,1086.62353515625,895.3418579101562
249,41,1099.59326171875,855.3355712890625
249,42,1111.8502197265625,816.361572265625
249,43,1123.55517578125,778.4221801757812
249,44,1134.487548828125,742.0679931640625
249,45,1072.245361328125,1077.2630615234375
249,46,1087.171875,1034.490966796875
249,47,1101.34765625,991.9047241210938
249,48,1115.284423828125,949.843505859375
249,49,1128.353271484375,908.2227783203125
249,50,1140.5311279296875,867.864990234375
249,51,1152.208251953125,828.4985961914062
249,52,1163.1494140625,790.3888549804688
249,53,1173.2122802734375,753.6029052734375
249,54,1116.5626220703125,1090.525634765625
249,55,1130.8294677734375,1047.4647216796875
249,56,1144.708740234375,1004.4522094726562
249,57,1157.689208984375,962.4109497070312
249,58,1170.107421875,920.440185546875
249,59,1182.016357421875,879.6328735351562
249,60,1192.7918701171875,840.1661987304688
249,61,1202.69921875,801.7192993164062
249,62,1212.452392578125,764.2135620117188
250,0,907.7816772460938,512.2344970703125
250,1,926.6602172851562,539.7850341796875
250,2,946.2386474609375,567.89208984375
250,3,966.3547973632812,595.9468383789062
250,6,1028.1881103515625,682.1389770507812
250,7,1048.86376953125,711.5635986328125
250,8,1069.557373046875,740.8438720703125
250,9,884.0270385742188,520.3798217773438
250,10,903.2899780273438,548.810302734375
250,11,923.6072387695312,577.5603637695312
250,12,944.072265625,606.431396484375
250,13,965.4617309570312,635.7410888671875
250,14,986.8019409179688,665.1312866210938
250,15,1007.9754638671875,695.288330078125
250,16,1028.886474609375,725.8878784179688
250,17,1050.19287109375,756.0082397460938
250,18,858.2548828125,529.5772094726562
250,19,878.29296875,558.5244140625
250,20,899.3433837890625,587.7454833984375
250,21,920.6520385742188,617.4750366210938
250,22,942.1067504882812,648.034912109375
250,23,963.9714965820312,678.67724609375
250,24,986.1556396484375,709.4429321289062
250,25,1008.18896484375,740.8350219726562
250,26,1029.7281494140625,772.1131591796875
250,27,831.9866943359375,538.81591796875
250,28,852.60595703125,568.164306640625
250,29,873.906494140625,598.461181640625
250,30,895.5278930664062,629.1421508789062
250,31,917.7518920898438,660.7240600585938
250,32,939.9667358398438,692.7041015625
250,33,962.681640625,724.4814453125
250,34,985.3447875976562,756.9244384765625
250,35,1008.1181640625,789.1087646484375
250,36,804.5983276367188,547.5292358398438
250,37,825.3600463867188,578.43701171875
250,38,846.783203125,609.9401245117188
250,39,869.1489868164062,641.6350708007812
250,40,891.8470458984375,674.2845458984375
250,41,914.787841796875,707.1674194335938
250,42,937.873046875,740.4710083007812
250,43,961.2166137695312,774.010986328125
250,44,984.6879272460938,807.2764892578125
250,45,775.5680541992188,557.2574462890625
250,46,796.4189453125,589.4580688476562
250,47,818.07177734375,622.194580078125
250,48,840.708251953125,655.0797729492188
250,49,864.044677734375,689.0410766601562
250,50,887.2969360351562,723.1669311523438
250,51,911.13720703125,757.5430908203125
250,52,935.1376342773438,792.20703125
250,53,959.033447265625,826.8082275390625
250,54,745.2825317382812,566.9932250976562
250,55,766.731689453125,600.0062866210938
250,56,788.7156372070312,634.0089111328125
250,57,810.958984375,669.1071166992188
250,58,834.4466552734375,704.354736328125
250,59,858.8148193359375,739.5475463867188
250,60,882.880126953125,775.4617309570312
250,61,907.6758422851562,811.2984619140625
250,62,932.9912109375,846.7626953125
251,0,1135.3909912109375,474.4290771484375
251,1,1128.666259765625,515.142333984375
251,2,1121.9476318359375,554.3773803710938
251,3,1115.34326171875,592.850830078125
251,4,1108.6546630859375,629.8658447265625
251,5,1102.1348876953125,665.914794921875
251,6,1095.6376953125,700.0914916992188
251,7,1089.24560546875,733.0828857421875
251,8,1083.13671875,764.5855102539062
251,9,1093.212646484375,469.153076171875
251,10,1087.2744140625,509.83843994140625
251,11,1081.1806640625,549.6950073242188
251,12,1075.18701171875,588.1857299804688
251,13,1069.4954833984375,626.23828125
251,14,1063.6123046875,662.4867553710938
251,15,1057.9251708984375,696.9761962890625
251,16,1052.2083740234375,729.796875
251,17,1046.8382568359375,761.4009399414062
251,18,1050.5638427734375,463.523193359375
251,19,1045.1712646484375,504.6996154785156
251,20,1039.8482666015625,545.1150512695312
251,21,1034.7376708984375,584.0858154296875
251,22,1029.3953857421875,621.9329833984375
251,23,1024.5748291015625,658.294921875
251,24,1019.66845703125,693.5181274414062
251,25,1014.8697509765625,726.883544921875
251,26,1010.0719604492188,758.2335815429688
251,27,1007.3386840820312,458.8343811035156
251,28,1003.03173828125,500.4523010253906
251,29,998.3832397460938,540.822509765625
251,30,993.730712890625,579.9371337890625
251,31,989.315185546875,618.0888061523438
251,32,984.9968872070312,654.3941650390625
251,33,981.0585327148438,689.5066528320312
251,34,977.04150390625,723.2749633789062
251,35,973.1463623046875,755.3027954101562
251,36,964.136962890625,454.7657470703125
251,37,960.1099853515625,496.0731201171875
251,38,956.077392578125,536.610107421875
251,39,952.4956665039062,576.1419677734375
251,40,948.7817993164062,614.6175537109375
251,41,945.13427734375,651.0820922851562
251,42,941.8908081054688,685.9890747070312
251,43,938.8970336914062,719.8250122070312
251,44,935.6975708007812,751.8406982421875
251,45,921.1821899414062,450.53582763671875
251,46,917.5857543945312,492.0975646972656
251,47,914.5037231445312,532.6402587890625
251,48,911.4290771484375,572.17138671875
251,49,908.6058349609375,610.4279174804688
251,50,905.9586181640625,646.9537353515625
251,51,903.4088134765625,681.9938354492188
251,52,901.1068115234375,715.68701171875
251,53,899.1126708984375,747.37255859375
251,54,877.7198486328125,447.7016296386719
251,55,875.1423950195312,489.22064208984375
251,56,872.7674560546875,529.654052734375
251,57,870.7051391601562,568.269287109375
251,58,868.4896850585938,606.734375
251,59,866.6207885742188,643.4052734375
251,60,864.937744140625,678.2539672851562
251,61,863.3746337890625,711.943603515625
251,62,861.728759765625,744.5142211914062
252,0,1141.7701416015625,474.6412658691406
252,1,1134.6474609375,515.2221069335938
252,2,1127.3719482421875,554.28271484375
252,3,1120.15380859375,592.8053588867188
252,4,1112.9158935546875,629.4381713867188
252,5,1105.9761962890625,665.4800415039062
252,6,1099.0328369140625,699.58740234375
252,7,1092.2332763671875,732.388916015625
252,8,1085.65673828125,763.6881103515625
252,9,1099.818359375,468.77813720703125
252,10,1093.2012939453125,509.1622619628906
252,11,1086.7076416015625,549.0608520507812
252,12,1080.202880859375,587.638427734375
252,13,1073.9052734375,625.3536376953125
252,14,1067.5794677734375,661.5994873046875
252,15,1061.406982421875,695.761962890625
252,16,1055.1937255859375,728.3478393554688
252,17,1049.26220703125,759.7931518554688
252,18,1057.2745361328125,462.87115478515625
252,19,1051.281005859375,503.54779052734375
252,20,1045.4710693359375,543.9703369140625
252,21,1039.70556640625,582.5635986328125
252,22,1034.091796875,620.3404541015625
252,23,1028.647216796875,656.4523315429688
252,24,1023.1878662109375,691.53564453125
252,25,1017.8788452148438,724.81494140625
252,26,1012.7000122070312,756.00439453125
252,27,1014.3004150390625,457.16448974609375
252,28,1009.1153564453125,498.6481628417969
252,29,1003.8935546875,538.8593139648438
252,30,999.044677734375,577.9425048828125
252,31,994.0943603515625,615.8114013671875
252,32,989.3018188476562,652.0220947265625
252,33,984.7435302734375,687.0814819335938
252,34,980.1249389648438,720.5672607421875
252,35,975.8775024414062,752.3951416015625
252,36,971.0791015625,452.53851318359375
252,37,966.5000610351562,493.7388000488281
252,38,962.0125732421875,534.0692749023438
252,39,957.6954956054688,573.409912109375
252,40,953.592041015625,611.5883178710938
252,41,949.719482421875,647.9390258789062
252,42,945.7094116210938,682.8226318359375
252,43,942.20068359375,716.3511962890625
252,44,938.6505126953125,748.3345947265625
252,45,928.0682983398438,447.6485595703125
252,46,924.190673828125,489.26666259765625
252,47,920.5733642578125,529.3279418945312
252,48,916.9317626953125,568.7614135742188
252,49,913.4320068359375,606.9329833984375
252,50,910.41162109375,643.164306640625
252,51,907.4930419921875,678.0647583007812
252,52,904.7001953125,711.7078247070312
252,53,902.17138671875,743.3543090820312
252,54,884.9951171875,443.9730529785156
252,55,881.9392700195312,485.3494873046875
252,56,878.9122924804688,525.6153564453125
252,57,876.3715209960938,564.2769775390625
252,58,873.6248779296875,602.3558959960938
252,59,871.2266845703125,639.1257934570312
252,60,869.0767211914062,673.8377075195312
252,61,867.08642578125,707.3096923828125
252,62,865.1904907226562,739.7329711914062
253,2,1070.033447265625,665.9559936523438
253,3,1062.488525390625,691.1161499023438
253,4,1054.1497802734375,719.37353515625
253,5,1045.576904296875,748.3145141601562
253,6,1035.84521484375,779.5482177734375
253,7,1025.806884765625,813.0133666992188
253,8,1014.5958251953125,848.2568359375
253,11,1034.1917724609375,666.8233032226562
253,12,1025.7598876953125,691.5838623046875
253,13,1016.3904418945312,718.4729614257812
253,14,1006.0354614257812,747.1343994140625
253,15,995.7920532226562,777.8543090820312
253,16,984.477294921875,811.2383422851562
253,17,972.594482421875,845.6546630859375
253,20,999.8140258789062,666.6998291015625
253,21,990.1432495117188,691.6655883789062
253,22,979.888916015625,718.2152709960938
253,23,968.8896484375,746.6576538085938
253,24,957.015869140625,776.283203125
253,25,944.622802734375,808.3342895507812
253,26,931.55224609375,842.511474609375
253,29,965.9589233398438,667.1925048828125
253,30,955.1167602539062,691.590087890625
253,31,944.3284301757812,717.7548217773438
253,32,932.4042358398438,745.802734375
253,33,919.81787109375,774.9071655273438
253,34,906.4266357421875,805.7510375976562
253,35,892.3858642578125,838.6304931640625
253,38,932.5805053710938,667.9862670898438
253,39,921.8026733398438,691.1273803710938
253,40,909.4208374023438,716.6741333007812
253,41,896.813232421875,743.5874633789062
253,42,883.4176025390625,772.259521484375
253,43,869.3461303710938,802.5648803710938
253,44,854.5110473632812,834.42919921875
253,45,923.82861328125,624.5942993164062
253,46,913.5391235351562,645.3035278320312
253,47,901.9002685546875,667.97802734375
253,48,889.240966796875,691.6683349609375
253,49,876.834716796875,716.2489013671875
253,50,863.3765869140625,743.1032104492188
253,51,849.7056884765625,770.6934814453125
253,52,834.7477416992188,800.3933715820312
253,53,819.5303344726562,831.7810668945312
253,54,894.692626953125,624.43896484375
253,55,882.9617309570312,645.1104125976562
253,56,870.0679321289062,667.9306030273438
253,57,858.6148071289062,691.2459106445312
253,58,845.047607421875,715.8236694335938
253,59,831.0906372070312,741.0458374023438
253,60,816.5081787109375,768.8560791015625
253,61,801.3944091796875,797.585205078125
253,62,785.3589477539062,827.2975463867188
254,0,790.9666748046875,569.2113037109375
254,1,813.5808715820312,589.4868774414062
254,2,836.4656982421875,610.2557373046875
254,3,859.8858642578125,630.3286743164062
254,4,883.374267578125,650.7799682617188
254,5,907.0913696289062,670.6710205078125
254,6,930.6627197265625,690.686279296875
254,7,954.1793823242188,710.6130981445312
254,8,977.6360473632812,730.3038330078125
254,9,772.6050415039062,586.1092529296875
254,10,795.6898193359375,607.1029052734375
254,11,819.1925659179688,628.0138549804688
254,12,843.1201171875,648.4322509765625
254,13,867.7335815429688,668.9934692382812
254,14,891.9119262695312,689.3645629882812
254,15,916.0291748046875,709.9736938476562
254,16,939.88134765625,730.6196899414062
254,17,963.7088623046875,750.8169555664062
254,18,753.1312866210938,604.2210693359375
254,19,777.0553588867188,625.5787963867188
254,20,801.2488403320312,646.4591064453125
254,21,825.8488159179688,667.5244140625
254,22,850.631103515625,688.526123046875
254,23,875.4230346679688,709.6566162109375
254,24,900.3399047851562,730.4144897460938
254,25,925.0611572265625,751.2335815429688
254,26,949.399658203125,771.9608764648438
254,27,733.1976318359375,623.1014404296875
254,28,757.8199462890625,644.3544311523438
254,29,782.6357421875,665.9486083984375
254,30,807.6935424804688,687.3024291992188
254,31,833.152099609375,709.0884399414062
254,32,858.4171752929688,730.550048828125
254,33,883.9619750976562,751.9421997070312
254,34,909.381103515625,773.0426025390625
254,35,934.5716552734375,793.8958740234375
254,36,712.8876342773438,641.9586181640625
254,37,737.8068237304688,664.01416015625
254,38,763.0975952148438,686.0806884765625
254,39,788.8460083007812,708.1029052734375
254,40,814.9270629882812,730.172119140625
254,41,840.8943481445312,752.2630004882812
254,42,867.0128173828125,774.12158203125
254,43,893.0889282226562,795.78271484375
254,44,919.0174560546875,817.0377807617188
254,45,691.751220703125,661.704833984375
254,46,717.033447265625,684.452392578125
254,47,743.068115234375,707.25439453125
254,48,769.3125,729.7689208984375
254,49,796.006103515625,752.5361328125
254,50,822.4569091796875,775.11279296875
254,51,849.15869140625,797.417236328125
254,52,875.8207397460938,819.4512939453125
254,53,902.3531494140625,841.2003784179688
254,54,669.9988403320312,681.8363647460938
254,55,696.1444702148438,704.9493408203125
254,56,722.56298828125,728.4636840820312
254,57,748.8800659179688,752.24951171875
254,58,776.1102294921875,775.7333984375
254,59,803.6727905273438,798.5546875
254,60,830.8251953125,821.383056640625
254,61,858.1780395507812,844.0138549804688
254,62,885.7660522460938,865.8131103515625
255,6,1086.1273193359375,677.5108642578125
255,7,1109.8671875,695.0375366210938
255,8,1133.902099609375,713.5557250976562
255,14,1034.5721435546875,672.7802124023438
255,15,1056.2491455078125,690.2440185546875
255,16,1078.30224609375,709.087646484375
255,17,1102.5323486328125,728.48388671875
255,22,983.935302734375,670.0501098632812
255,23,1002.2391357421875,686.199462890625
255,24,1024.1136474609375,703.965087890625
255,25,1046.6744384765625,722.7940673828125
255,26,1069.9219970703125,743.6882934570312
255,31,951.5475463867188,682.0799560546875
255,32,971.16650390625,699.7948608398438
255,33,990.5986938476562,717.9404907226562
255,34,1012.7305908203125,737.8204956054688
255,35,1035.426025390625,758.8335571289062
255,40,919.522216796875,694.46728515625
255,41,937.1720581054688,712.3104248046875
255,42,956.6841430664062,732.0071411132812
255,43,977.3653564453125,752.640625
255,44,999.5075073242188,774.6622314453125
255,47,855.563720703125,674.2939453125
255,48,870.2213745117188,690.2975463867188
255,49,886.0740966796875,708.0091552734375
255,50,903.1402587890625,726.8214111328125
255,51,921.2146606445312,746.6361694335938
255,52,941.1181640625,768.6519775390625
255,53,962.4464721679688,791.9410400390625
255,56,822.74560546875,684.8191528320312
255,57,836.6477661132812,702.7493896484375
255,58,851.622802734375,721.1724243164062
255,59,867.6118774414062,740.173828125
255,60,884.7210083007812,761.7172241210938
255,61,903.4960327148438,784.3731689453125
255,62,923.6190795898438,808.1078491210938
256,2,983.0823974609375,552.8862915039062
256,3,1003.1897583007812,572.2899780273438
256,4,1023.9911499023438,592.779296875
256,5,1045.9627685546875,613.8843994140625
256,6,1068.1033935546875,635.9588623046875
256,7,1091.658203125,659.4244995117188
256,8,1115.9075927734375,683.5560302734375
256,10,937.2305908203125,543.7445068359375
256,11,954.576171875,562.79248046875
256,12,975.5874633789062,582.8056640625
256,13,996.4960327148438,603.2792358398438
256,14,1018.0947265625,624.9024047851562
256,15,1040.3856201171875,648.2789916992188
256,16,1063.783935546875,672.9271240234375
256,17,1088.0506591796875,698.0372314453125
256,19,908.0499877929688,554.03173828125
256,20,927.5277709960938,573.5111083984375
256,21,947.0653686523438,593.6364135742188
256,22,967.5662841796875,615.421875
256,23,988.8563842773438,637.981201171875
256,24,1011.2761840820312,661.3362426757812
256,25,1034.567138671875,686.377197265625
256,26,1058.727783203125,712.907470703125
256,28,880.1593017578125,564.1448364257812
256,29,897.8414306640625,583.9401245117188
256,30,917.1514892578125,604.9429321289062
256,31,937.3536376953125,627.2886352539062
256,32,958.4205932617188,650.8219604492188
256,33,980.3682250976562,675.1844482421875
256,34,1003.7705688476562,700.9971313476562
256,35,1027.966796875,727.9028930664062
256,36,833.181640625,554.7651977539062
256,37,849.9447631835938,574.252685546875
256,38,867.4298095703125,595.21533203125
256,39,886.314453125,616.416259765625
256,40,905.943359375,639.5330810546875
256,41,926.6603393554688,663.5989990234375
256,42,948.4116821289062,689.0535278320312
256,43,971.615966796875,715.7607421875
256,44,995.3909912109375,743.7753295898438
256,45,802.878173828125,564.8286743164062
256,46,819.14404296875,585.442138671875
256,47,836.35595703125,606.7440185546875
256,48,854.2316284179688,629.0780029296875
256,49,873.5458984375,652.6398315429688
256,50,893.8400268554688,677.8814697265625
256,51,915.1099243164062,703.94140625
256,52,937.8175659179688,731.860595703125
256,53,961.359375,760.9490966796875
256,55,787.1974487304688,595.0657348632812
256,56,803.9129638671875,617.5701904296875
256,57,821.1241455078125,641.521240234375
256,58,839.9458618164062,666.2435913085938
256,59,859.69384765625,691.7283325195312
256,60,880.3799438476562,719.1732177734375
256,61,902.5220947265625,747.9405517578125
256,62,926.0552368164062,777.5526123046875
257,0,836.0538330078125,965.9676513671875
257,1,854.1715698242188,926.4439697265625
257,2,872.3265380859375,887.251708984375
257,3,890.2573852539062,848.0126953125
257,4,908.0662841796875,808.931640625
257,5,925.4566040039062,770.4037475585938
257,6,942.4921875,732.77587890625
257,7,959.271728515625,695.753662109375
257,8,975.703125,659.8812866210938
257,9,876.037353515625,984.1460571289062
257,10,894.1348876953125,944.585693359375
257,11,912.041259765625,904.7107543945312
257,12,929.8359985351562,865.0844116210938
257,13,947.2569580078125,825.2802124023438
257,14,964.47314453125,786.28857421875
257,15,981.2689208984375,748.1853637695312
257,16,997.7116088867188,710.9248046875
257,17,1013.293212890625,674.5858154296875
257,18,916.7865600585938,1002.2293090820312
257,19,934.6483764648438,962.457275390625
257,20,952.4364624023438,922.16064453125
257,21,969.81103515625,882.0892944335938
257,22,987.449462890625,842.108154296875
257,23,1004.1248168945312,802.7318725585938
257,24,1020.6884155273438,763.951416015625
257,25,1036.4765625,725.8851318359375
257,26,1051.903076171875,689.3108520507812
257,27,957.9014282226562,1019.9025268554688
257,28,975.73779296875,979.7434692382812
257,29,993.2275390625,939.1542358398438
257,30,1010.5755004882812,898.8555908203125
257,31,1027.5894775390625,858.4368286132812
257,32,1044.0841064453125,818.6980590820312
257,33,1060.0550537109375,779.7510375976562
257,34,1075.74072265625,741.278564453125
257,35,1090.393798828125,703.9362182617188
257,36,999.2755126953125,1037.1265869140625
257,37,1016.9509887695312,996.6984252929688
257,38,1034.6011962890625,955.9915771484375
257,39,1051.7081298828125,915.3128662109375
257,40,1068.4486083984375,874.6668701171875
257,41,1084.4715576171875,834.504638671875
257,42,1100.15283203125,795.1219482421875
257,43,1115.073486328125,756.3865356445312
257,44,1129.55029296875,718.7540893554688
257,45,1040.64599609375,1053.38232421875
257,46,1058.272216796875,1012.9927978515625
257,47,1075.5172119140625,972.2105102539062
257,48,1092.4090576171875,931.3365478515625
257,49,1108.7384033203125,890.5106811523438
257,50,1124.470703125,850.2782592773438
257,51,1139.572998046875,810.5921630859375
257,52,1154.1807861328125,771.5673828125
257,53,1167.742431640625,733.691650390625
257,54,1082.197509765625,1069.7767333984375
257,55,1099.622802734375,1028.9912109375
257,56,1116.653564453125,987.9583129882812
257,57,1132.9794921875,947.0389404296875
257,58,1149.091064453125,905.9741821289062
257,59,1164.558349609375,865.4830932617188
257,60,1179.1234130859375,825.6450805664062
257,61,1193.1859130859375,786.4951171875
257,62,1206.4384765625,747.9177856445312
258,0,1274.4102783203125,496.6327819824219
258,1,1262.5731201171875,538.8693237304688
258,2,1251.0360107421875,579.7459106445312
258,3,1238.8759765625,619.3727416992188
258,4,1227.0262451171875,657.7660522460938
258,5,1214.84765625,694.6484375
258,6,1202.6519775390625,729.981201171875
258,7,1191.0638427734375,763.7850952148438
258,8,1179.5286865234375,795.5924072265625
258,9,1237.6033935546875,482.136962890625
258,10,1226.970458984375,523.2566528320312
258,11,1215.91162109375,563.3313598632812
258,12,1204.3819580078125,602.29833984375
258,13,1192.9478759765625,640.3309936523438
258,14,1181.408447265625,676.783447265625
258,15,1170.4686279296875,711.60546875
258,16,1160.291748046875,744.617431640625
258,17,1149.68017578125,776.588134765625
258,18,1203.010986328125,468.5321960449219
258,19,1192.829345703125,508.65972900390625
258,20,1182.030029296875,547.9515991210938
258,21,1171.3980712890625,586.2418212890625
258,22,1161.13916015625,623.3820190429688
258,23,1150.830078125,659.1995849609375
258,24,1140.2877197265625,693.7915649414062
258,25,1130.199951171875,726.7893676757812
258,26,1121.133056640625,758.3865356445312
258,27,1169.2763671875,455.81573486328125
258,28,1159.6177978515625,495.0141906738281
258,29,1149.7757568359375,533.5226440429688
258,30,1139.8658447265625,570.9537353515625
258,31,1130.0853271484375,607.5142822265625
258,32,1120.8099365234375,642.9393310546875
258,33,1111.1800537109375,676.72021484375
258,34,1102.0810546875,709.4028930664062
258,35,1092.7398681640625,740.5320434570312
258,36,1136.244873046875,443.940185546875
258,37,1127.3004150390625,482.3625793457031
258,38,1118.37255859375,519.916015625
258,39,1109.1212158203125,556.7381591796875
258,40,1100.08935546875,592.688232421875
258,41,1091.4384765625,627.1754760742188
258,42,1083.1016845703125,660.4949340820312
258,43,1074.581787109375,692.8042602539062
258,44,1066.587890625,723.6962890625
258,45,1105.582275390625,433.27001953125
258,46,1097.60302734375,470.61151123046875
258,47,1089.2650146484375,507.3337707519531
258,48,1080.79541015625,543.1680908203125
258,49,1072.2203369140625,578.3194580078125
258,50,1064.6053466796875,612.0714111328125
258,51,1056.780517578125,645.0502319335938
258,52,1049.248046875,676.65185546875
258,53,1042.193115234375,707.154296875
258,54,1075.39111328125,423.1903076171875
258,55,1067.5755615234375,459.6718444824219
258,56,1060.177978515625,495.3238525390625
258,57,1053.3670654296875,530.4067993164062
258,58,1045.68115234375,564.8147583007812
258,59,1038.0093994140625,597.9617919921875
258,60,1031.1759033203125,630.1507568359375
258,61,1024.3671875,661.387451171875
258,62,1017.0325317382812,691.8391723632812
259,0,737.54052734375,536.5626831054688
259,1,751.4979248046875,568.252197265625
259,2,765.4267578125,599.1880493164062
259,3,779.9310913085938,629.8954467773438
259,4,794.0975341796875,659.832275390625
259,5,808.2485961914062,689.23583984375
259,6,822.2635498046875,717.9205322265625
259,7,835.9270629882812,745.9076538085938
259,8,849.45458984375,772.990478515625
259,9,709.028076171875,551.4992065429688
259,10,723.7213134765625,583.5957641601562
259,11,738.4693603515625,615.1256103515625
259,12,753.4542846679688,646.1138916015625
259,13,768.5458374023438,676.7394409179688
259,14,783.455810546875,706.402587890625
259,15,797.8446655273438,735.3421630859375
259,16,811.8897705078125,763.472412109375
259,17,825.9456787109375,790.8827514648438
259,18,679.37548828125,567.2841186523438
259,19,694.6057739257812,599.7067260742188
259,20,710.2355346679688,631.7301635742188
259,21,726.0596313476562,663.1215209960938
259,22,741.6795043945312,694.012939453125
259,23,757.0053100585938,724.1326904296875
259,24,772.4273681640625,753.283935546875
259,25,787.3067626953125,781.7606201171875
259,26,801.7447509765625,809.2880859375
259,27,649.3563232421875,583.5286254882812
259,28,665.412353515625,616.3477172851562
259,29,681.7335205078125,648.8594360351562
259,30,697.9065551757812,680.6593627929688
259,31,714.077880859375,711.9759521484375
259,32,730.0994873046875,742.206298828125
259,33,746.0315551757812,771.9371948242188
259,34,761.7997436523438,800.6304321289062
259,35,777.0382080078125,828.3247680664062
259,36,618.9892578125,600.4164428710938
259,37,635.4730834960938,633.939208984375
259,38,652.1370239257812,666.8373413085938
259,39,669.1399536132812,699.0276489257812
259,40,685.9730834960938,730.7076416015625
259,41,702.6851196289062,761.4153442382812
259,42,719.1368408203125,791.1006469726562
259,43,735.5557250976562,820.1863403320312
259,44,751.5326538085938,848.069580078125
259,45,587.8568115234375,618.089599609375
259,46,604.9061889648438,651.927001953125
259,47,622.1091918945312,685.2579345703125
259,48,639.7697143554688,717.9010009765625
259,49,657.080322265625,749.82275390625
259,50,674.4224853515625,780.64697265625
259,51,691.5617065429688,810.7254028320312
259,52,708.573486328125,839.89990234375
259,53,725.043701171875,867.8372192382812
259,54,556.38818359375,636.1882934570312
259,55,574.1317138671875,670.651123046875
259,56,592.0614013671875,704.3268432617188
259,57,609.6215209960938,737.0634765625
259,58,627.8599853515625,769.5418090820312
259,59,645.9078369140625,800.8035888671875
259,60,663.6087646484375,831.000244140625
259,61,681.207763671875,860.09765625
259,62,698.8590698242188,888.2932739257812
260,0,955.2960815429688,914.49609375
260,1,975.044921875,883.7467651367188
260,2,994.7611694335938,853.44580078125
260,3,1013.0196533203125,823.01953125
260,4,1031.0260009765625,793.6512451171875
260,5,1048.4493408203125,764.1934814453125
260,6,1065.4315185546875,735.6353149414062
260,7,1081.711181640625,708.178466796875
260,8,1096.8975830078125,681.6417846679688
260,9,982.951171875,927.952392578125
260,10,1003.1163330078125,896.2205810546875
260,11,1022.6011352539062,864.5703125
260,12,1041.0885009765625,833.10595703125
260,13,1058.9578857421875,801.7672119140625
260,14,1076.2454833984375,771.6597900390625
260,15,1093.1058349609375,742.5530395507812
260,16,1109.64990234375,714.5714721679688
260,17,1125.023193359375,687.021240234375
260,18,1012.8206176757812,942.150146484375
260,19,1032.7772216796875,909.0449829101562
260,20,1052.017578125,875.9031982421875
260,21,1070.447509765625,843.443603515625
260,22,1088.7208251953125,811.4755249023438
260,23,1106.002685546875,780.3093872070312
260,24,1122.4515380859375,750.0238647460938
260,25,1138.759033203125,720.7022705078125
260,26,1154.192626953125,692.6219482421875
260,27,1043.4892578125,956.4164428710938
260,28,1063.5205078125,921.7651977539062
260,29,1082.7490234375,887.5449829101562
260,30,1101.3868408203125,853.9480590820312
260,31,1119.631591796875,820.7951049804688
260,32,1137.040283203125,788.853759765625
260,33,1153.500732421875,757.6799926757812
260,34,1169.183837890625,727.2756958007812
260,35,1184.2696533203125,698.0545654296875
260,36,1075.3963623046875,970.5616455078125
260,37,1095.883544921875,934.997314453125
260,38,1115.2945556640625,899.7869262695312
260,39,1133.92919921875,864.7570190429688
260,40,1151.9383544921875,830.3120727539062
260,41,1169.164306640625,797.2236938476562
260,42,1185.7703857421875,764.9334106445312
260,43,1201.199462890625,733.9476928710938
260,44,1215.9874267578125,703.9061889648438
260,45,1109.107421875,985.2900390625
260,46,1129.697509765625,948.4612426757812
260,47,1149.3267822265625,912.0589599609375
260,48,1168.0087890625,876.0662841796875
260,49,1185.911376953125,840.6903686523438
260,50,1203.1239013671875,806.4944458007812
260,51,1219.0882568359375,773.287109375
260,52,1234.5263671875,741.2255249023438
260,53,1248.7802734375,710.4036254882812
260,54,1143.804931640625,999.835693359375
260,55,1164.4998779296875,961.4459838867188
260,56,1184.1346435546875,923.9257202148438
260,57,1203.326904296875,887.2872924804688
260,58,1221.339111328125,850.8383178710938
260,59,1238.040283203125,815.3603515625
260,60,1254.0064697265625,781.5232543945312
260,61,1268.90869140625,748.2189331054688
260,62,1282.5927734375,715.7607421875
261,24,996.389404296875,745.013671875
261,25,1027.1705322265625,753.7300415039062
261,33,977.0728149414062,764.5757446289062
261,34,1010.627197265625,773.2352905273438
261,35,1044.1220703125,782.3216552734375
261,42,958.60302734375,784.2332153320312
261,43,991.4181518554688,793.93310546875
261,44,1026.1768798828125,803.95263671875
261,50,906.1152954101562,795.27099609375
261,51,938.5048217773438,804.9852294921875
261,52,971.9695434570312,816.2893676757812
261,53,1006.9527587890625,827.5829467773438
261,58,853.0159301757812,805.6232299804688
261,59,883.4834594726562,815.8142700195312
261,60,916.241455078125,827.706298828125
261,61,950.388916015625,839.2340698242188
261,62,986.2882690429688,850.7770385742188
262,0,926.384765625,812.8208618164062
262,1,944.2462768554688,790.2417602539062
262,2,962.4100952148438,767.1466064453125
262,3,981.1787719726562,743.280029296875
262,4,1000.6054077148438,718.5934448242188
262,5,1019.5198364257812,693.2403564453125
262,6,1039.039306640625,667.5243530273438
262,7,1059.1417236328125,641.2218627929688
262,8,1079.44482421875,614.2696533203125
262,9,942.7528076171875,834.740478515625
262,10,961.2333374023438,812.2984008789062
262,11,980.1497802734375,788.905517578125
262,12,999.1710205078125,764.9796142578125
262,13,1018.3402709960938,739.9490966796875
262,14,1038.11572265625,714.2798461914062
262,15,1058.600341796875,688.207763671875
262,16,1079.6854248046875,661.5595092773438
262,17,1100.561279296875,634.2319946289062
262,18,960.3602294921875,857.8638916015625
262,19,979.1470336914062,835.0422973632812
262,20,998.1339721679688,811.7593383789062
262,21,1017.74951171875,787.353759765625
262,22,1037.9234619140625,762.2028198242188
262,23,1058.300048828125,736.3916625976562
262,24,1079.1326904296875,709.83154296875
262,25,1100.6466064453125,682.6669921875
262,26,1122.5367431640625,655.0830078125
262,27,977.9384155273438,881.4295654296875
262,28,997.0054321289062,858.7779541015625
262,29,1016.686767578125,835.174560546875
262,30,1036.7864990234375,810.7833862304688
262,31,1057.795166015625,785.3839721679688
262,32,1079.0699462890625,759.2906494140625
262,33,1100.7149658203125,732.5048828125
262,34,1122.7166748046875,704.9231567382812
262,35,1144.9691162109375,676.76220703125
262,36,995.3053588867188,906.0786743164062
262,37,1015.351806640625,883.2495727539062
262,38,1035.866943359375,859.6433715820312
262,39,1056.5888671875,834.9424438476562
262,40,1078.127197265625,809.4971313476562
262,41,1100.0570068359375,783.2576904296875
262,42,1122.5299072265625,756.094482421875
262,43,1145.35009765625,728.0579833984375
262,44,1168.3873291015625,699.4926147460938
262,45,1013.4796752929688,930.9532470703125
262,46,1034.395263671875,908.3726196289062
262,47,1055.7708740234375,884.7462768554688
262,48,1077.2166748046875,860.031494140625
262,49,1099.6531982421875,834.4039306640625
262,50,1122.4696044921875,807.8861083984375
262,51,1145.6719970703125,780.5379638671875
262,52,1169.2764892578125,752.3067626953125
262,53,1193.1671142578125,723.320068359375
262,54,1031.31005859375,957.0505981445312
262,55,1052.7808837890625,934.1632690429688
262,56,1074.8743896484375,910.6484985351562
262,57,1098.07958984375,886.1096801757812
262,58,1121.4224853515625,860.0740966796875
262,59,1144.8251953125,833.4967041015625
262,60,1169.0677490234375,805.929443359375
262,61,1193.5880126953125,777.3431396484375
262,62,1217.83447265625,747.9403076171875
263,0,906.5703125,866.5466918945312
263,1,932.7090454101562,837.5175170898438
263,2,957.992431640625,808.9864501953125
263,3,982.1129150390625,780.4044189453125
263,4,1005.653564453125,752.8222045898438
263,5,1028.0726318359375,725.81591796875
263,6,1049.7166748046875,699.88427734375
263,7,1070.4906005859375,675.1235961914062
263,8,1090.2802734375,651.119140625
263,9,937.2595825195312,887.466552734375
263,10,963.4345092773438,857.334228515625
263,11,988.6282958984375,827.5275268554688
263,12,1012.8003540039062,798.0360107421875
263,13,1036.1396484375,768.8941040039062
263,14,1058.4012451171875,740.8916015625
263,15,1080.11962890625,714.490966796875
263,16,1100.674072265625,689.005615234375
263,17,1120.2589111328125,664.46484375
263,18,969.4873657226562,909.5451049804688
263,19,995.5139770507812,878.0316772460938
263,20,1020.5255737304688,846.571044921875
263,21,1044.7869873046875,816.0637817382812
263,22,1068.0313720703125,786.22021484375
263,23,1090.2216796875,757.4701538085938
263,24,1111.6024169921875,729.8309326171875
263,25,1132.00244140625,703.1959228515625
263,26,1151.1920166015625,678.0068359375
263,27,1002.890380859375,931.5899658203125
263,28,1028.791015625,898.4786987304688
263,29,1053.8902587890625,866.13330078125
263,30,1077.8529052734375,834.4415893554688
263,31,1101.0421142578125,803.7786254882812
263,32,1123.14892578125,774.2120361328125
263,33,1144.03369140625,745.7061157226562
263,34,1164.1156005859375,718.0303344726562
263,35,1182.808837890625,691.6014404296875
263,36,1037.5733642578125,953.6486206054688
263,37,1063.6265869140625,919.84521484375
263,38,1088.5863037109375,886.2537231445312
263,39,1112.455322265625,853.4756469726562
263,40,1135.33447265625,821.4622802734375
263,41,1157.1024169921875,790.9658813476562
263,42,1177.8736572265625,761.5238647460938
263,43,1197.35498046875,733.0386962890625
263,44,1215.8406982421875,705.8424682617188
263,45,1073.444091796875,976.2453002929688
263,46,1099.4288330078125,941.205810546875
263,47,1124.18017578125,906.8165283203125
263,48,1147.8743896484375,872.9877319335938
263,49,1170.5263671875,840.1817016601562
263,50,1191.947265625,808.6835327148438
263,51,1212.0498046875,778.260009765625
263,52,1231.1103515625,748.8724975585938
263,53,1249.052001953125,721.1207885742188
263,54,1110.3541259765625,998.6046142578125
263,55,1136.233642578125,962.250732421875
263,56,1160.936279296875,926.8690795898438
263,57,1184.323974609375,892.7074584960938
263,58,1206.6904296875,858.9806518554688
263,59,1227.6881103515625,826.0747680664062
263,60,1247.330322265625,794.9580078125
263,61,1265.95654296875,764.7860717773438
263,62,1283.3258056640625,735.3259887695312
264,0,814.7808837890625,939.8296508789062
264,1,832.8485717773438,917.251220703125
264,2,850.356201171875,895.1439819335938
264,3,867.252685546875,873.3331909179688
264,4,883.4390869140625,852.43408203125
264,9,840.9909057617188,954.8901977539062
264,10,858.7786865234375,931.8339233398438
264,11,875.9974365234375,909.0501708984375
264,12,892.619384765625,886.6280517578125
264,13,908.92724609375,864.5790405273438
264,18,867.88623046875,970.740478515625
264,19,885.5567016601562,946.8174438476562
264,20,902.4698486328125,923.059814453125
264,21,918.7239990234375,899.9976806640625
264,22,934.6229248046875,877.7003784179688
264,23,949.9887084960938,856.0585327148438
264,24,964.1627807617188,834.9295043945312
264,25,978.8915405273438,815.0680541992188
264,27,895.6738891601562,986.1334838867188
264,28,912.742919921875,961.202880859375
264,29,929.5615234375,936.8204956054688
264,30,945.6890869140625,913.2593383789062
264,31,961.1437377929688,890.5623779296875
264,32,976.06103515625,868.5995483398438
264,33,990.3302612304688,846.984375
264,34,1004.3883056640625,826.371826171875
264,35,1017.3612060546875,806.4429931640625
264,36,924.119873046875,1001.0612182617188
264,37,940.9592895507812,975.8427124023438
264,38,957.3538818359375,950.903076171875
264,39,973.0145874023438,926.7816772460938
264,40,988.1967163085938,903.07080078125
264,41,1002.8201904296875,880.755859375
264,42,1016.700439453125,858.6126098632812
264,43,1030.25927734375,837.8434448242188
264,44,1042.7974853515625,817.4539184570312
264,45,953.0032348632812,1016.2672729492188
264,46,969.5631103515625,990.3760375976562
264,47,985.3942260742188,964.9710693359375
264,48,1000.7977294921875,940.3052368164062
264,49,1015.670166015625,916.2672729492188
264,50,1029.7528076171875,893.24169921875
264,51,1043.0780029296875,871.0173950195312
264,52,1056.160888671875,849.2825317382812
264,53,1068.521240234375,828.640869140625
264,54,982.3955078125,1030.823486328125
264,55,998.7312622070312,1004.2972412109375
264,56,1014.2926635742188,978.4737548828125
264,57,1029.04052734375,953.70458984375
264,58,1043.578857421875,929.0982055664062
264,59,1057.1461181640625,905.4006958007812
264,60,1070.1943359375,882.7389526367188
264,61,1082.8031005859375,860.7669677734375
264,62,1094.572509765625,839.1259155273438
265,0,1051.08837890625,678.453369140625
265,1,1044.8814697265625,703.5344848632812
265,2,1038.395263671875,729.8729248046875
265,3,1031.570556640625,757.3090209960938
265,4,1024.0849609375,786.82177734375
265,5,1016.4988403320312,817.1807861328125
265,6,1008.156494140625,848.5994873046875
265,7,999.4646606445312,882.00537109375
265,8,990.2562866210938,916.4711303710938
265,9,1018.96484375,671.8812255859375
265,10,1012.0130615234375,696.8947143554688
265,11,1004.7930297851562,723.199462890625
265,12,997.1573486328125,750.3321533203125
265,13,988.7575073242188,779.0147705078125
265,14,980.3255615234375,808.584228515625
265,15,971.2813720703125,840.295166015625
265,16,961.8203735351562,873.7112426757812
265,17,951.7838134765625,907.72265625
265,18,987.2463989257812,665.9657592773438
265,19,979.6818237304688,690.4713745117188
265,20,971.4415283203125,716.0479125976562
265,21,962.872802734375,742.933837890625
265,22,953.9812622070312,771.599365234375
265,23,944.43017578125,801.1539306640625
265,24,934.664306640625,831.8860473632812
265,25,924.3580322265625,864.36474609375
265,26,913.543701171875,898.203125
265,27,955.7193603515625,659.7381591796875
265,28,947.4299926757812,683.713623046875
265,29,938.491455078125,709.1214599609375
265,30,929.034912109375,735.5283203125
265,31,919.3324584960938,763.681884765625
265,32,909.2235717773438,792.9141845703125
265,33,898.5614624023438,823.4580688476562
265,34,887.3046875,855.1144409179688
265,35,875.91455078125,888.4735717773438
265,36,924.3776245117188,653.7886352539062
265,37,915.24609375,677.0567626953125
265,38,905.8031005859375,702.0875854492188
265,39,895.6779174804688,727.78662109375
265,40,885.1353149414062,755.3274536132812
265,41,874.2904052734375,784.0609130859375
265,42,862.8220825195312,814.3568115234375
265,43,850.9142456054688,845.6266479492188
265,44,838.7059326171875,878.2503662109375
265,45,894.0750732421875,647.1708374023438
265,46,884.0401000976562,670.4614868164062
265,47,873.8162231445312,695.214599609375
265,48,863.094970703125,720.7817993164062
265,49,851.947509765625,747.6874389648438
265,50,840.2088623046875,776.3123168945312
265,51,828.3134765625,805.86572265625
265,52,815.7365112304688,836.7352905273438
265,53,802.84716796875,869.03369140625
265,54,863.6559448242188,640.3267211914062
265,55,853.0924682617188,663.3309326171875
265,56,842.3444213867188,687.6016845703125
265,57,831.0299072265625,713.4500122070312
265,58,819.2630615234375,740.1215209960938
265,59,806.8300170898438,767.5867919921875
265,60,794.2399291992188,796.9515380859375
265,61,781.103759765625,827.3223266601562
265,62,767.569091796875,858.3479614257812
266,0,1244.37109375,493.97918701171875
266,1,1232.62548828125,534.8871459960938
266,2,1221.0565185546875,574.5382690429688
266,3,1209.2374267578125,612.8873291015625
266,4,1197.4381103515625,649.5663452148438
266,5,1185.6826171875,684.9254150390625
266,6,1174.1824951171875,718.4652099609375
266,7,1163.0985107421875,750.4769897460938
266,8,1152.273193359375,780.8529663085938
266,9,1207.361083984375,478.1021423339844
266,10,1196.7021484375,518.4053344726562
266,11,1185.9703369140625,557.4801635742188
266,12,1174.7783203125,595.2451782226562
266,13,1163.5120849609375,632.0194091796875
266,14,1152.5872802734375,666.9573974609375
266,15,1142.23388671875,700.1744995117188
266,16,1132.4969482421875,731.7327270507812
266,17,1122.8245849609375,761.9615478515625
266,18,1172.2958984375,463.3009338378906
266,19,1162.3587646484375,502.89654541015625
266,20,1151.753662109375,541.2129516601562
266,21,1141.491455078125,578.492919921875
266,22,1131.4810791015625,614.5484008789062
266,23,1121.727783203125,649.0321655273438
266,24,1111.8045654296875,682.3779907226562
266,25,1102.4532470703125,714.1665649414062
266,26,1093.8345947265625,744.0307006835938
266,27,1138.1610107421875,449.4815979003906
266,28,1128.4281005859375,488.4198913574219
266,29,1118.706298828125,526.1295776367188
266,30,1109.3878173828125,562.6144409179688
266,31,1100.136962890625,598.2633666992188
266,32,1091.4197998046875,632.3220825195312
266,33,1082.442626953125,665.1361694335938
266,34,1073.9154052734375,696.7198486328125
266,35,1065.511474609375,726.5234375
266,36,1104.279296875,436.86669921875
266,37,1095.694091796875,474.74371337890625
266,38,1087.1112060546875,511.7914733886719
266,39,1078.4022216796875,547.8527221679688
266,40,1069.7337646484375,582.9149780273438
266,41,1061.4410400390625,616.5546875
266,42,1053.78857421875,648.8353881835938
266,43,1046.0592041015625,680.0352783203125
266,44,1038.6826171875,709.6110229492188
266,45,1072.8953857421875,424.90045166015625
266,46,1065.1527099609375,462.04693603515625
266,47,1057.2606201171875,498.3206787109375
266,48,1049.19873046875,533.632080078125
266,49,1041.4075927734375,568.0595703125
266,50,1034.1854248046875,601.1771240234375
266,51,1026.87548828125,632.8441162109375
266,52,1020.2107543945312,663.6575317382812
266,53,1013.8286743164062,693.0038452148438
266,54,1041.985595703125,413.8727111816406
266,55,1034.6507568359375,450.20892333984375
266,56,1027.7841796875,485.80145263671875
266,57,1021.23388671875,520.3736572265625
266,58,1014.135986328125,554.0241088867188
266,59,1006.9821166992188,586.7737426757812
266,60,1001.0029296875,617.8814086914062
266,61,994.7708740234375,648.2933959960938
266,62,988.0841674804688,677.691650390625
267,0,911.9207153320312,864.0821533203125
267,1,937.6815795898438,835.1691284179688
267,2,962.3687133789062,806.9476928710938
267,3,986.3905029296875,778.6781005859375
267,4,1009.876708984375,751.0995483398438
267,5,1032.1749267578125,724.2408447265625
267,6,1053.76611328125,698.258544921875
267,7,1074.6317138671875,673.2271728515625
267,8,1094.195068359375,648.9227294921875
267,9,941.1604614257812,884.1265258789062
267,10,966.9544677734375,854.2921142578125
267,11,992.0936279296875,824.892333984375
267,12,1016.0579833984375,795.5032348632812
267,13,1039.3289794921875,766.5601806640625
267,14,1061.743408203125,738.6192626953125
267,15,1083.2137451171875,712.0904541015625
267,16,1104.1231689453125,686.608154296875
267,17,1123.7646484375,661.6837768554688
267,18,972.25537109375,905.5559692382812
267,19,998.0633544921875,874.3917846679688
267,20,1022.840576171875,843.412109375
267,21,1046.9622802734375,812.970458984375
267,22,1070.2783203125,783.2119140625
267,23,1092.6085205078125,754.6868896484375
267,24,1114.018310546875,726.67431640625
267,25,1134.5548095703125,700.0333862304688
267,26,1154.306396484375,674.6077880859375
267,27,1004.4476928710938,927.043701171875
267,28,1030.2537841796875,894.4749755859375
267,29,1055.1575927734375,862.2870483398438
267,30,1079.19677734375,830.81689453125
267,31,1102.550048828125,800.1761474609375
267,32,1124.611328125,770.7820434570312
267,33,1145.9427490234375,742.052490234375
267,34,1166.0782470703125,714.1737670898438
267,35,1185.149658203125,687.5121459960938
267,36,1037.8359375,948.5877075195312
267,37,1063.7607421875,915.0034790039062
267,38,1088.8148193359375,881.89990234375
267,39,1112.8143310546875,849.2327270507812
267,40,1136.1798095703125,817.2684936523438
267,41,1158.01220703125,786.7886352539062
267,42,1178.95263671875,757.2523803710938
267,43,1198.92724609375,728.6854858398438
267,44,1217.800537109375,700.9668579101562
267,45,1072.544677734375,970.6807250976562
267,46,1098.599609375,936.1116943359375
267,47,1123.619384765625,902.0097045898438
267,48,1147.548095703125,868.3386840820312
267,49,1170.4122314453125,835.5274047851562
267,50,1192.1651611328125,803.9871826171875
267,51,1212.806640625,773.4172973632812
267,52,1232.3497314453125,743.93212890625
267,53,1250.7603759765625,715.7908325195312
267,54,1108.2457275390625,992.6722412109375
267,55,1134.309814453125,956.7907104492188
267,56,1159.317626953125,921.6348876953125
267,57,1183.2349853515625,887.57666015625
267,58,1206.107666015625,853.8873901367188
267,59,1227.421875,820.8845825195312
267,60,1247.8243408203125,789.7114868164062
267,61,1266.898681640625,759.2672119140625
267,62,1284.78125,729.560791015625
268,3,1011.2792358398438,578.015869140625
268,4,1031.40478515625,596.3069458007812
268,5,1053.318359375,615.060302734375
268,6,1076.7938232421875,635.3162841796875
268,7,1101.0667724609375,656.8773193359375
268,8,1126.4814453125,679.0830078125
268,12,982.1251831054688,589.6207275390625
268,13,1004.0179443359375,608.1638793945312
268,14,1025.4906005859375,627.6405639648438
268,15,1048.67236328125,648.8985595703125
268,16,1072.5247802734375,671.7601928710938
268,17,1097.8209228515625,694.8365478515625
268,20,933.8319702148438,583.819580078125
268,21,953.9827270507812,602.0265502929688
268,22,974.0800170898438,621.6351318359375
268,23,996.1380615234375,642.0614013671875
268,24,1018.6173095703125,663.3759765625
268,25,1042.60302734375,686.5230102539062
268,26,1067.7513427734375,711.03173828125
268,29,904.031005859375,595.5098266601562
268,30,923.4796142578125,614.4688110351562
268,31,943.5823364257812,634.8020629882812
268,32,964.916259765625,656.3629760742188
268,33,987.479248046875,678.7581787109375
268,34,1011.2257080078125,702.486572265625
268,35,1036.240966796875,727.3829345703125
268,38,873.8549194335938,608.05322265625
268,39,892.5845947265625,627.3612060546875
268,40,912.0543212890625,648.2420654296875
268,41,932.796630859375,670.2811889648438
268,42,954.8318481445312,693.914306640625
268,43,978.2139892578125,718.307861328125
268,44,1002.85693359375,744.6649780273438
268,45,809.0425415039062,582.7393798828125
268,46,825.6527709960938,601.5990600585938
268,47,842.8215942382812,620.9584350585938
268,48,860.3681030273438,641.158447265625
268,49,879.4067993164062,662.7783813476562
268,50,899.8079223632812,685.9559326171875
268,51,921.2775268554688,710.0606689453125
268,52,944.0496826171875,736.0052490234375
268,53,968.2001342773438,763.3060913085938
268,55,794.1422119140625,612.68310546875
268,56,810.0685424804688,633.0048828125
268,57,827.3014526367188,655.0872802734375
268,58,845.9237670898438,677.74853515625
268,59,865.1327514648438,701.0121459960938
268,60,886.1672973632812,726.6393432617188
268,61,908.4024658203125,753.497314453125
268,62,931.8992309570312,781.1914672851562
269,0,889.4552001953125,482.22259521484375
269,1,904.3359375,508.8274230957031
269,2,919.1154174804688,535.8114624023438
269,3,934.6437377929688,562.6498413085938
269,4,950.1578979492188,590.0556030273438
269,5,966.103759765625,617.2229614257812
269,6,981.9054565429688,644.8839721679688
269,7,997.5693359375,672.6336669921875
269,8,1013.3427734375,700.1915893554688
269,9,864.9382934570312,491.1482238769531
269,10,879.8755493164062,518.3175048828125
269,11,895.2054443359375,545.787109375
269,12,910.9772338867188,573.1610107421875
269,13,927.2792358398438,600.8987426757812
269,14,943.4188232421875,628.9069213867188
269,15,959.2176513671875,657.1636352539062
269,16,975.0931396484375,685.8790893554688
269,17,991.2074584960938,713.9861450195312
269,18,839.0839233398438,501.0986022949219
269,19,854.5127563476562,528.540283203125
269,20,870.23388671875,556.1279296875
269,21,886.2737426757812,584.1900024414062
269,22,902.5340576171875,612.9727783203125
269,23,918.8739013671875,641.591064453125
269,24,935.5027465820312,670.2123413085938
269,25,951.9057006835938,699.1989135742188
269,26,968.03076171875,728.291015625
269,27,812.8305053710938,510.83251953125
269,28,828.318115234375,538.8755493164062
269,29,844.4467163085938,567.09326171875
269,30,860.6160278320312,595.765869140625
269,31,877.1995849609375,624.9755249023438
269,32,893.7415771484375,654.5149536132812
269,33,910.45849609375,683.8027954101562
269,34,927.3847045898438,713.4168701171875
269,35,944.2901611328125,742.97412109375
269,36,785.7211303710938,520.5509643554688
269,37,801.4113159179688,549.3099365234375
269,38,817.3597412109375,578.50390625
269,39,833.9986572265625,607.7496948242188
269,40,850.6529541015625,637.68701171875
269,41,867.7188110351562,667.7651977539062
269,42,884.6271362304688,697.9037475585938
269,43,901.9423217773438,728.2130126953125
269,44,919.203125,758.4025268554688
269,45,757.878173828125,530.9042358398438
269,46,773.4461669921875,560.3579711914062
269,47,789.6478271484375,590.3452758789062
269,48,806.0689697265625,620.362060546875
269,49,823.2333984375,651.0762329101562
269,50,840.3018188476562,681.8939208984375
269,51,857.7428588867188,712.5778198242188
269,52,875.2208251953125,743.6286010742188
269,53,892.7723999023438,774.4298095703125
269,54,729.1265869140625,541.1376342773438
269,55,745.1640625,571.2286987304688
269,56,761.2715454101562,601.9720458984375
269,57,777.5532836914062,633.3789672851562
269,58,794.6614990234375,664.9093627929688
269,59,812.1356201171875,696.2373046875
269,60,829.8136596679688,727.9063110351562
269,61,847.65771484375,759.455078125
269,62,865.9203491210938,790.8810424804688
270,0,772.2430419921875,805.2620849609375
270,1,798.9923095703125,776.8698120117188
270,2,824.9607543945312,749.05029296875
270,3,850.253662109375,721.4638671875
270,4,875.0201416015625,694.837890625
270,5,898.9508666992188,668.8037109375
270,6,922.0781860351562,643.85400390625
270,7,944.375732421875,619.9652709960938
270,8,965.833740234375,596.970947265625
270,9,802.52392578125,829.3721923828125
270,10,828.9343872070312,800.1782836914062
270,11,855.0097045898438,771.47265625
270,12,880.1563720703125,743.0951538085938
270,13,904.7904663085938,715.0477294921875
270,14,928.535888671875,688.2293701171875
270,15,951.4298095703125,662.8345336914062
270,16,973.4622802734375,638.482421875
270,17,994.693359375,614.7601318359375
270,18,834.0068969726562,854.6527709960938
270,19,860.2780151367188,824.2362060546875
270,20,886.0967407226562,794.2244873046875
270,21,911.0411987304688,764.9644775390625
270,22,935.549560546875,736.608642578125
270,23,958.95703125,709.0505981445312
270,24,981.6530151367188,682.537353515625
270,25,1003.4043579101562,657.1271362304688
270,26,1024.1553955078125,632.990234375
270,27,866.228759765625,879.3153686523438
270,28,892.6148681640625,847.9954223632812
270,29,918.04833984375,817.1304931640625
270,30,942.781494140625,787.1722412109375
270,31,967.0723876953125,757.975341796875
270,32,990.2012329101562,729.8968505859375
270,33,1012.4031372070312,702.7975463867188
270,34,1033.9466552734375,676.460205078125
270,35,1054.349609375,651.3172607421875
270,36,899.2386474609375,904.1456298828125
270,37,925.7036743164062,872.10546875
270,38,950.9923095703125,840.7063598632812
270,39,975.572265625,809.8896484375
270,40,999.5377807617188,779.7206420898438
270,41,1022.3487548828125,750.8294677734375
270,42,1044.20703125,723.0005493164062
270,43,1065.3250732421875,695.9332275390625
270,44,1085.39501953125,670.1312255859375
270,45,933.2806396484375,929.0853881835938
270,46,959.2845458984375,896.4027709960938
270,47,984.4557495117188,864.2279663085938
270,48,1008.7952270507812,832.7584838867188
270,49,1032.27783203125,801.9488525390625
270,50,1054.696044921875,772.38818359375
270,51,1076.1123046875,743.7748413085938
270,52,1096.7550048828125,716.1327514648438
270,53,1116.117919921875,689.8270874023438
270,54,968.2404174804688,953.768310546875
270,55,993.8906860351562,920.1844482421875
270,56,1018.7308959960938,887.5146484375
270,57,1042.5242919921875,855.7088623046875
270,58,1065.7974853515625,824.2302856445312
270,59,1087.9105224609375,793.6677856445312
270,60,1108.7283935546875,764.6376953125
270,61,1128.770751953125,736.33544921875
270,62,1147.796142578125,708.7202758789062
271,0,790.1007690429688,556.1953125
271,1,811.9315185546875,578.8372192382812
271,2,833.464599609375,601.3663940429688
271,3,855.3977661132812,623.36279296875
271,4,877.611328125,645.4738159179688
271,5,899.8046264648438,667.0538940429688
271,6,921.7738037109375,688.252197265625
271,7,943.1596069335938,709.6273803710938
271,8,964.7026977539062,730.688720703125
271,9,772.3519897460938,572.3143310546875
271,10,794.55712890625,595.5830078125
271,11,816.9193115234375,618.6422729492188
271,12,839.9038696289062,640.8810424804688
271,13,863.0952758789062,663.1787109375
271,14,886.0086669921875,685.2173461914062
271,15,908.17578125,707.1588745117188
271,16,930.1964111328125,728.9624633789062
271,17,952.1123657226562,750.2592163085938
271,18,753.3425903320312,589.9152221679688
271,19,776.4338989257812,613.4044189453125
271,20,800.140625,636.4081420898438
271,21,823.471435546875,659.3020629882812
271,22,847.1015625,682.3341064453125
271,23,870.4906616210938,704.8436279296875
271,24,893.9498291015625,727.0218505859375
271,25,916.8682250976562,749.1127319335938
271,26,939.1671142578125,770.8656005859375
271,27,734.026611328125,608.0146484375
271,28,757.9495239257812,631.6376342773438
271,29,782.2509765625,655.1576538085938
271,30,806.4253540039062,678.68017578125
271,31,830.728759765625,702.2298583984375
271,32,854.8612060546875,725.1865844726562
271,33,878.6488037109375,747.9390869140625
271,34,902.40869140625,770.3030395507812
271,35,925.940185546875,792.2636108398438
271,36,714.2987670898438,626.1443481445312
271,37,738.8045043945312,650.6840209960938
271,38,763.674072265625,675.1121215820312
271,39,788.7561645507812,698.93212890625
271,40,813.9522094726562,722.9553833007812
271,41,838.6018676757812,746.493408203125
271,42,863.2078247070312,769.8082885742188
271,43,887.7542724609375,792.6583862304688
271,44,911.8385009765625,814.9818725585938
271,45,693.735107421875,645.6314697265625
271,46,718.7811889648438,670.817626953125
271,47,744.203857421875,695.918212890625
271,48,770.0718994140625,720.4291381835938
271,49,795.7529296875,745.025634765625
271,50,821.1476440429688,769.1027221679688
271,51,846.6107788085938,792.7438354492188
271,52,871.9005737304688,815.9478149414062
271,53,896.4743041992188,838.7054443359375
271,54,672.723876953125,665.2853393554688
271,55,698.7116088867188,691.0515747070312
271,56,724.8215942382812,716.8298950195312
271,57,750.5940551757812,742.6182861328125
271,58,777.0665283203125,767.9304809570312
271,59,803.7307739257812,792.2489624023438
271,60,829.6307373046875,816.5713500976562
271,61,855.596435546875,840.1943969726562
271,62,881.3809204101562,863.0921630859375
272,0,936.606689453125,503.1985778808594
272,1,954.629638671875,523.147705078125
272,2,973.1514282226562,544.7763061523438
272,3,992.8355712890625,566.4912109375
272,4,1013.06396484375,589.2235107421875
272,5,1034.1605224609375,612.310302734375
272,6,1055.7105712890625,636.4552001953125
272,7,1077.8349609375,661.8094482421875
272,8,1100.6953125,687.7240600585938
272,9,910.0478515625,512.1142578125
272,10,927.9600219726562,533.0284423828125
272,11,946.7962646484375,554.7406005859375
272,12,966.0445556640625,576.5703735351562
272,13,986.4673461914062,599.4705200195312
272,14,1007.5468139648438,623.251953125
272,15,1029.06982421875,648.590087890625
272,16,1051.2420654296875,675.0569458007812
272,17,1074.159912109375,701.8815307617188
272,18,882.5906982421875,522.0687255859375
272,19,900.1613159179688,542.915283203125
272,20,918.8677368164062,564.6742553710938
272,21,938.3082275390625,587.240966796875
272,22,958.4349365234375,611.2357788085938
272,23,979.2916870117188,635.9801635742188
272,24,1000.9125366210938,661.3015747070312
272,25,1023.3028564453125,688.3566284179688
272,26,1046.1805419921875,716.3317260742188
272,27,854.1548461914062,531.5697631835938
272,28,872.0264892578125,552.8800659179688
272,29,890.1926879882812,574.986572265625
272,30,909.221435546875,598.2468872070312
272,31,929.20654296875,623.0283203125
272,32,949.9967041015625,648.7481689453125
272,33,971.6404418945312,675.1067504882812
272,34,994.00830078125,702.6721801757812
272,35,1017.2828369140625,731.0480346679688
272,36,825.0540771484375,540.7716674804688
272,37,842.2100219726562,562.86669921875
272,38,860.0733032226562,585.9658203125
272,39,878.99462890625,609.7482299804688
272,40,898.8089599609375,634.9838256835938
272,41,919.1708984375,661.2470703125
272,42,940.8184204101562,688.722900390625
272,43,963.0652465820312,717.2900390625
272,44,986.3634033203125,746.8065795898438
272,45,795.0394897460938,550.3214721679688
272,46,811.7630004882812,573.5232543945312
272,47,829.1917114257812,597.357177734375
272,48,847.7040405273438,622.0438232421875
272,49,867.113525390625,647.9668579101562
272,50,887.4960327148438,675.2719116210938
272,51,908.8284912109375,703.46435546875
272,52,930.9531860351562,733.0037841796875
272,53,953.996337890625,763.6992797851562
272,54,764.200927734375,559.8955078125
272,55,780.5530395507812,583.2006225585938
272,56,797.278076171875,607.991455078125
272,57,815.3809814453125,634.3659057617188
272,58,834.2987060546875,661.3138427734375
272,59,854.4678344726562,688.96240234375
272,60,875.3683471679688,718.4891967773438
272,61,897.2476196289062,748.899169921875
272,62,920.4202270507812,780.0638427734375
273,0,789.9581909179688,559.0498046875
273,1,811.8857421875,580.9536743164062
273,2,833.9462280273438,603.0499877929688
273,3,856.3526000976562,624.4620971679688
273,4,878.844970703125,646.1502075195312
273,5,901.6275634765625,667.136962890625
273,6,924.0596923828125,688.2225341796875
273,7,946.2008666992188,709.1326293945312
273,8,968.0760498046875,729.7645874023438
273,9,771.9616088867188,575.19140625
273,10,794.4559936523438,597.9725341796875
273,11,817.3438720703125,620.2432250976562
273,12,840.6131591796875,642.1537475585938
273,13,864.1453247070312,663.993896484375
273,14,887.4775390625,685.5053100585938
273,15,910.25830078125,707.1519775390625
273,16,932.809814453125,728.7376098632812
273,17,955.3287963867188,749.5638427734375
273,18,752.9320678710938,593.0330200195312
273,19,776.3665161132812,615.910888671875
273,20,800.18505859375,638.302490234375
273,21,824.02978515625,660.619873046875
273,22,848.0322875976562,683.1263427734375
273,23,871.8429565429688,705.1924438476562
273,24,895.7822875976562,727.0816650390625
273,25,919.1900024414062,748.8965454101562
273,26,942.15087890625,770.2247924804688
273,27,733.3649291992188,611.1897583007812
273,28,757.7265014648438,634.0667114257812
273,29,782.1795043945312,657.1279907226562
273,30,806.802001953125,680.0919189453125
273,31,831.3226318359375,703.1544799804688
273,32,855.8477783203125,725.8364868164062
273,33,880.26904296875,748.0708618164062
273,34,904.5689086914062,770.181640625
273,35,928.4727783203125,791.7794189453125
273,36,713.6345825195312,629.4701538085938
273,37,738.3277587890625,653.2814331054688
273,38,763.2665405273438,677.1825561523438
273,39,788.6345825195312,700.4044189453125
273,40,814.1902465820312,724.0693359375
273,41,839.3865966796875,747.0910034179688
273,42,864.4636840820312,770.0643310546875
273,43,889.5269775390625,792.535400390625
273,44,914.116943359375,814.45849609375
273,45,692.77978515625,648.9400024414062
273,46,718.0604858398438,673.5762329101562
273,47,743.7542724609375,697.9036865234375
273,48,769.8131103515625,721.8826293945312
273,49,795.9750366210938,746.0355224609375
273,50,821.6719970703125,769.7274780273438
273,51,847.5939331054688,792.9853515625
273,52,873.3008422851562,815.8419799804688
273,53,898.4307250976562,838.2864379882812
273,54,671.7246704101562,668.8844604492188
273,55,697.8795166015625,693.8012084960938
273,56,724.2310791015625,718.857421875
273,57,750.2845458984375,744.2791137695312
273,58,776.9658203125,768.9168090820312
273,59,803.943603515625,792.876953125
273,60,830.3085327148438,816.741943359375
273,61,856.58203125,840.1749267578125
273,62,883.0598754882812,862.80029296875
274,0,984.2860107421875,967.9970703125
274,1,998.2045288085938,937.0833129882812
274,2,1011.999267578125,906.16015625
274,3,1025.02197265625,874.8455810546875
274,4,1038.390625,843.3834838867188
274,5,1050.9130859375,812.102294921875
274,6,1063.525390625,781.0053100585938
274,7,1075.9560546875,750.5150146484375
274,8,1087.9478759765625,720.0525512695312
274,9,1010.1620483398438,980.5844116210938
274,10,1024.3505859375,949.024169921875
274,11,1038.2086181640625,916.9749145507812
274,12,1051.4278564453125,884.93359375
274,13,1064.41943359375,852.388916015625
274,14,1077.197265625,820.5340576171875
274,15,1090.11865234375,788.6632080078125
274,16,1102.83056640625,757.2349243164062
274,17,1114.861572265625,726.1047973632812
274,18,1037.96630859375,993.966064453125
274,19,1052.0576171875,961.3522338867188
274,20,1065.6182861328125,928.4044799804688
274,21,1079.0069580078125,895.4917602539062
274,22,1092.41796875,862.1942749023438
274,23,1105.45361328125,829.328125
274,24,1118.029541015625,796.4244384765625
274,25,1130.7584228515625,764.052734375
274,26,1143.1038818359375,732.2927856445312
274,27,1066.0753173828125,1007.22607421875
274,28,1080.242431640625,973.8690795898438
274,29,1094.1114501953125,940.1145629882812
274,30,1107.8939208984375,906.1737670898438
274,31,1121.4512939453125,872.1478881835938
274,32,1134.760009765625,838.2946166992188
274,33,1147.5423583984375,804.681396484375
274,34,1160.033447265625,771.3024291992188
274,35,1171.9962158203125,738.3257446289062
274,36,1094.9857177734375,1020.9577026367188
274,37,1109.57763671875,986.7448120117188
274,38,1124.0699462890625,952.0951538085938
274,39,1137.950439453125,917.2706298828125
274,40,1151.77880859375,882.0355834960938
274,41,1164.996826171875,847.3416137695312
274,42,1178.03125,812.846923828125
274,43,1190.3682861328125,778.52783203125
274,44,1202.5355224609375,744.7722778320312
274,45,1125.1512451171875,1034.916015625
274,46,1140.3104248046875,999.8543701171875
274,47,1155.1697998046875,964.419677734375
274,48,1169.44091796875,928.6360473632812
274,49,1183.4075927734375,892.713623046875
274,50,1196.9368896484375,856.9013671875
274,51,1209.85302734375,821.5736694335938
274,52,1222.36328125,786.3792724609375
274,53,1234.2796630859375,751.9088745117188
274,54,1156.1431884765625,1049.03564453125
274,55,1171.528076171875,1013.1338500976562
274,56,1186.774658203125,976.6652221679688
274,57,1201.8770751953125,940.2360229492188
274,58,1216.169189453125,903.2282104492188
274,59,1229.5006103515625,866.6708984375
274,60,1242.7847900390625,830.1632690429688
274,61,1255.025634765625,794.3623657226562
274,62,1267.0242919921875,758.3012084960938
275,5,962.1426391601562,688.7977905273438
275,6,988.8250732421875,702.4061279296875
275,7,1017.184326171875,716.501953125
275,8,1046.8450927734375,730.2864379882812
275,14,944.0527954101562,706.078125
275,15,972.77880859375,720.2957153320312
275,16,1002.0176391601562,735.3558349609375
275,17,1031.8021240234375,750.1005859375
275,20,843.5281372070312,682.9264526367188
275,21,870.1141967773438,696.53662109375
275,22,897.9236450195312,710.6307983398438
275,23,926.2363891601562,724.9531860351562
275,24,955.45458984375,739.7681274414062
275,25,985.67578125,754.725341796875
275,26,1016.1407470703125,770.6126098632812
275,29,823.0185546875,700.3910522460938
275,30,850.645751953125,714.4080810546875
275,31,878.5303344726562,729.2964477539062
275,32,907.642578125,744.6845092773438
275,33,937.02734375,759.9766235351562
275,34,967.986572265625,775.779541015625
275,35,999.4147338867188,791.7972412109375
275,39,830.0303344726562,733.1775512695312
275,40,858.4293823242188,748.7736206054688
275,41,887.57177734375,764.787841796875
275,42,918.2079467773438,780.9442749023438
275,43,949.5823364257812,797.4468383789062
275,44,981.6119384765625,814.2708129882812
275,49,837.2811889648438,769.498291015625
275,50,867.18701171875,786.3607177734375
275,51,897.87939453125,803.2835083007812
275,52,929.9256591796875,820.9456176757812
275,53,962.6685180664062,838.642578125
275,55,730.949462890625,739.818359375
275,58,815.29296875,791.1156005859375
275,59,845.3876953125,808.38330078125
275,60,876.6660766601562,826.47021484375
275,61,909.297119140625,844.8779907226562
275,62,942.5547485351562,863.124755859375
276,0,1203.8216552734375,474.2731018066406
276,1,1194.8297119140625,515.2536010742188
276,2,1185.8214111328125,554.9850463867188
276,3,1176.6611328125,593.7151489257812
276,4,1167.788330078125,630.7546997070312
276,5,1158.5782470703125,666.6680297851562
276,6,1149.7076416015625,700.76611328125
276,7,1140.9964599609375,733.2605590820312
276,8,1132.56201171875,764.1217651367188
276,9,1162.10595703125,462.97735595703125
276,10,1153.8880615234375,503.6801452636719
276,11,1145.8353271484375,543.4010009765625
276,12,1137.4610595703125,581.86865234375
276,13,1129.0069580078125,619.3024291992188
276,14,1120.81396484375,654.9990844726562
276,15,1112.899658203125,689.0006713867188
276,16,1105.3214111328125,721.2550659179688
276,17,1097.9158935546875,752.2650756835938
276,18,1121.440185546875,452.2438049316406
276,19,1113.970703125,492.5806884765625
276,20,1106.2041015625,532.2612915039062
276,21,1098.7891845703125,570.610595703125
276,22,1091.352294921875,607.6515502929688
276,23,1084.027099609375,643.1243286132812
276,24,1076.7353515625,677.2335205078125
276,25,1069.798095703125,709.8042602539062
276,26,1063.3582763671875,740.4351806640625
276,27,1081.0594482421875,442.021728515625
276,28,1074.1893310546875,482.51336669921875
276,29,1067.28564453125,521.6682739257812
276,30,1060.646728515625,559.6417236328125
276,31,1054.1055908203125,596.4605712890625
276,32,1047.7440185546875,631.7457275390625
276,33,1041.166748046875,665.4288940429688
276,34,1035.2392578125,698.2438354492188
276,35,1029.21337890625,728.99755859375
276,36,1041.131591796875,432.9831237792969
276,37,1035.054931640625,472.8103942871094
276,38,1029.1951904296875,511.3512268066406
276,39,1023.082763671875,549.2191162109375
276,40,1017.1446533203125,585.892578125
276,41,1011.71337890625,620.8890991210938
276,42,1006.0960083007812,654.4852294921875
276,43,1000.993896484375,686.8775024414062
276,44,995.8558959960938,717.5918579101562
276,45,1002.8896484375,424.4137268066406
276,46,997.74609375,463.6839904785156
276,47,992.44580078125,501.7869567871094
276,48,987.1388549804688,539.0264892578125
276,49,982.0659790039062,575.3572998046875
276,50,977.3433227539062,609.9151611328125
276,51,972.8172607421875,643.2919921875
276,52,968.3004150390625,675.2053833007812
276,53,964.3575439453125,705.6859741210938
276,54,965.13232421875,416.6776428222656
276,55,960.5462646484375,455.3595275878906
276,56,955.9523315429688,493.0204162597656
276,57,952.1362915039062,529.3800659179688
276,58,947.74267578125,565.167236328125
276,59,943.2863159179688,599.8025512695312
276,60,939.679443359375,632.5474853515625
276,61,935.9569702148438,664.2783203125
276,62,932.11669921875,695.1026000976562
277,0,855.6663818359375,591.6995849609375
277,1,885.8988037109375,616.3404541015625
277,2,916.0516967773438,641.0985107421875
277,3,946.7680053710938,665.510009765625
277,4,977.2422485351562,690.073486328125
277,5,1007.9666137695312,714.1172485351562
277,6,1037.9583740234375,738.0159301757812
277,7,1067.7608642578125,761.7252807617188
277,8,1096.958984375,784.8034057617188
277,9,831.7940063476562,618.6256713867188
277,10,862.4029541015625,643.8184814453125
277,11,893.4698486328125,668.84423828125
277,12,924.7626342773438,693.5977172851562
277,13,956.414794921875,718.3021850585938
277,14,987.7718505859375,742.908935546875
277,15,1018.3701171875,767.22802734375
277,16,1048.588134765625,791.32666015625
277,17,1078.4613037109375,814.7230834960938
277,18,806.88330078125,646.9890747070312
277,19,838.2095336914062,672.3939208984375
277,20,870.0358276367188,697.6156616210938
277,21,901.958740234375,722.88134765625
277,22,934.097900390625,748.2258911132812
277,23,965.9551391601562,773.15966796875
277,24,997.6688232421875,797.6708984375
277,25,1028.8131103515625,821.8756713867188
277,26,1059.0997314453125,845.5618286132812
277,27,781.49951171875,675.8484497070312
277,28,813.3983764648438,701.6063842773438
277,29,845.8826293945312,727.3997802734375
277,30,878.424560546875,753.1038818359375
277,31,911.2032470703125,778.9063110351562
277,32,943.7152709960938,804.2196655273438
277,33,975.9904174804688,829.0125732421875
277,34,1008.00634765625,853.5791625976562
277,35,1039.3037109375,877.1604614257812
277,36,755.6031494140625,705.242431640625
277,37,788.0203857421875,731.857421875
277,38,820.7841796875,758.4102783203125
277,39,854.0194091796875,784.6019897460938
277,40,887.5478515625,810.5652465820312
277,41,920.8244018554688,836.2431640625
277,42,953.7145385742188,861.5667114257812
277,43,986.4727172851562,886.11962890625
277,44,1018.4252319335938,910.0535888671875
277,45,729.1168212890625,735.7706909179688
277,46,762.0052490234375,762.799560546875
277,47,795.1898193359375,789.957763671875
277,48,829.0570678710938,816.744873046875
277,49,863.1331787109375,843.154052734375
277,50,896.9295043945312,869.0624389648438
277,51,930.4844970703125,894.56982421875
277,52,963.8123779296875,919.3588256835938
277,53,996.4564819335938,943.4645385742188
277,54,702.19384765625,766.5006103515625
277,55,735.41015625,794.3310546875
277,56,769.6376953125,821.8419189453125
277,57,803.478515625,849.3217163085938
277,58,838.0476684570312,876.2415161132812
277,59,872.6403198242188,902.6831665039062
277,60,906.7267456054688,928.4922485351562
277,61,940.6575927734375,953.4118041992188
277,62,974.4805297851562,977.4411010742188
278,0,853.9456176757812,583.5447387695312
278,1,882.6266479492188,609.6124877929688
278,2,911.205322265625,635.6514892578125
278,3,940.3301391601562,661.301025390625
278,4,969.2194213867188,687.0486450195312
278,5,998.1118774414062,712.2244873046875
278,6,1026.3646240234375,737.178955078125
278,7,1054.40087890625,761.9117431640625
278,8,1081.7899169921875,785.830078125
278,9,829.7372436523438,608.6439819335938
278,10,858.9760131835938,635.0974731445312
278,11,888.426025390625,661.6517944335938
278,12,918.2020263671875,687.6473388671875
278,13,948.2713623046875,713.70751953125
278,14,977.9431762695312,739.1620483398438
278,15,1006.9406127929688,764.839599609375
278,16,1035.296142578125,789.8665161132812
278,17,1063.3651123046875,814.1082763671875
278,18,804.2679443359375,635.1514282226562
278,19,834.252685546875,662.0062255859375
278,20,864.80615234375,688.6717529296875
278,21,895.2283325195312,715.2158203125
278,22,925.870361328125,741.8486938476562
278,23,956.0947265625,767.9493408203125
278,24,986.132568359375,793.6395263671875
278,25,1015.5398559570312,818.87255859375
278,26,1044.093505859375,843.602294921875
278,27,778.190673828125,662.2268676757812
278,28,809.081787109375,689.442138671875
278,29,840.1862182617188,716.7955932617188
278,30,871.4644165039062,743.7991943359375
278,31,902.7554321289062,770.9586181640625
278,32,933.6766357421875,797.583251953125
278,33,964.29345703125,823.6181030273438
278,34,994.7570190429688,849.0132446289062
278,35,1024.396240234375,873.910888671875
278,36,751.6939697265625,689.972412109375
278,37,782.9778442382812,718.1613159179688
278,38,814.5993041992188,746.1830444335938
278,39,846.6235961914062,773.6759643554688
278,40,878.8518676757812,801.1031494140625
278,41,910.5742797851562,828.1566772460938
278,42,942.0060424804688,854.3026733398438
278,43,973.1671142578125,880.2841796875
278,44,1003.5384521484375,905.2569580078125
278,45,724.4288940429688,718.8731689453125
278,46,756.1102294921875,747.7178344726562
278,47,788.4810791015625,776.2825317382812
278,48,820.9607543945312,804.5667724609375
278,49,853.8759155273438,832.3938598632812
278,50,886.1630859375,859.8050537109375
278,51,918.5081176757812,886.228515625
278,52,950.271484375,912.2998657226562
278,53,981.3607177734375,937.3659057617188
278,54,696.4071044921875,748.4479370117188
278,55,729.028076171875,777.6529541015625
278,56,762.0037841796875,806.8365478515625
278,57,794.8513793945312,835.958984375
278,58,828.2129516601562,864.2511596679688
278,59,861.6069946289062,892.0327758789062
278,60,894.4307250976562,918.9486083984375
278,61,926.9271240234375,945.1968383789062
278,62,959.3193969726562,970.292236328125
279,0,909.3102416992188,460.7395324707031
279,1,920.6201782226562,491.23760986328125
279,2,931.4765014648438,521.6770629882812
279,3,943.0717163085938,551.4690551757812
279,4,954.1221923828125,580.9441528320312
279,5,965.3229370117188,609.7965087890625
279,6,976.1728515625,637.9695434570312
279,7,986.6792602539062,665.7053833007812
279,8,997.1122436523438,692.505859375
279,9,884.8775024414062,472.10858154296875
279,10,896.5662841796875,503.2950134277344
279,11,908.3516235351562,534.1675415039062
279,12,920.4772338867188,564.5363159179688
279,13,932.5745239257812,594.574462890625
279,14,944.2395629882812,623.8084716796875
279,15,955.3712158203125,652.645263671875
279,16,965.9879150390625,680.655517578125
279,17,976.72607421875,707.9525756835938
279,18,858.72265625,484.21527099609375
279,19,871.3515014648438,516.0200805664062
279,20,884.15966796875,547.2332763671875
279,21,896.8482055664062,578.15771484375
279,22,909.1956176757812,608.8583984375
279,23,921.27880859375,638.6077880859375
279,24,933.233642578125,667.9385375976562
279,25,944.79296875,696.344482421875
279,26,955.6737670898438,724.1355590820312
279,27,832.4025268554688,496.86114501953125
279,28,845.7933349609375,529.1253051757812
279,29,859.0547485351562,561.0777587890625
279,30,872.1975708007812,592.7711181640625
279,31,885.1043701171875,623.8258056640625
279,32,897.7406005859375,654.1223754882812
279,33,910.1994018554688,683.8016357421875
279,34,922.3109130859375,712.755126953125
279,35,934.1620483398438,740.761962890625
279,36,805.878662109375,509.9742126464844
279,37,819.1988525390625,542.9876708984375
279,38,832.6932373046875,575.8232421875
279,39,846.664794921875,607.8291625976562
279,40,860.2970581054688,639.5443115234375
279,41,873.5132446289062,670.4013061523438
279,42,886.3339233398438,700.534423828125
279,43,899.20849609375,729.9341430664062
279,44,911.6565551757812,758.3145751953125
279,45,777.8278198242188,523.8131103515625
279,46,791.8178100585938,557.546630859375
279,47,805.680419921875,590.9454345703125
279,48,820.0533447265625,623.7000732421875
279,49,834.0614013671875,655.8862915039062
279,50,847.895751953125,687.1708984375
279,51,861.4285278320312,717.7251586914062
279,52,874.6622924804688,747.488525390625
279,53,887.6492919921875,776.0673828125
279,54,749.1236572265625,538.3265380859375
279,55,764.0037231445312,572.94677734375
279,56,778.6317749023438,606.8472900390625
279,57,792.6444091796875,640.1937866210938
279,58,807.0798950195312,672.9339599609375
279,59,821.837890625,704.8232421875
279,60,835.9210205078125,735.65625
279,61,849.7506713867188,765.7322387695312
279,62,863.9708251953125,794.8704223632812
280,0,1287.1851806640625,494.0025939941406
280,1,1276.0301513671875,536.7139282226562
280,2,1265.027099609375,578.1158447265625
280,3,1253.1795654296875,618.6781616210938
280,4,1241.45556640625,657.8881225585938
280,5,1229.337158203125,695.7653198242188
280,6,1217.572998046875,732.0757446289062
280,7,1205.953125,766.947021484375
280,8,1194.540771484375,799.9824829101562
280,9,1250.1929931640625,480.7201232910156
280,10,1239.99267578125,522.28515625
280,11,1229.5010986328125,562.992919921875
280,12,1218.2730712890625,602.7301635742188
280,13,1206.9647216796875,641.3826904296875
280,14,1195.7750244140625,678.7841186523438
280,15,1184.952392578125,714.419921875
280,16,1174.7279052734375,748.673583984375
280,17,1164.34765625,781.4530029296875
280,18,1215.2611083984375,468.2842712402344
280,19,1205.435546875,508.7951965332031
280,20,1195.0523681640625,548.6455078125
280,21,1184.9290771484375,587.42626953125
280,22,1174.603271484375,625.421630859375
280,23,1164.3929443359375,662.0762939453125
280,24,1154.0360107421875,697.341552734375
280,25,1144.1318359375,731.2665405273438
280,26,1134.873779296875,763.8057861328125
280,27,1181.2579345703125,456.8690490722656
280,28,1171.787353515625,496.40557861328125
280,29,1162.239501953125,535.2067260742188
280,30,1152.59375,573.2189331054688
280,31,1143.3048095703125,610.5009765625
280,32,1133.9136962890625,646.3018798828125
280,33,1124.489990234375,680.9948120117188
280,34,1115.2613525390625,714.7023315429688
280,35,1106.3201904296875,746.887939453125
280,36,1147.8743896484375,445.9295349121094
280,37,1139.2484130859375,484.658203125
280,38,1130.61083984375,522.4927978515625
280,39,1121.712890625,559.6538696289062
280,40,1112.84521484375,596.297119140625
280,41,1103.9775390625,631.4592895507812
280,42,1095.7127685546875,665.4121704101562
280,43,1087.1793212890625,698.4872436523438
280,44,1079.260009765625,730.2135009765625
280,45,1117.1160888671875,436.07672119140625
280,46,1109.2022705078125,473.77740478515625
280,47,1101.2100830078125,510.8468017578125
280,48,1092.8729248046875,547.0774536132812
280,49,1084.4925537109375,582.7374267578125
280,50,1076.950439453125,617.3573608398438
280,51,1068.989013671875,650.6690673828125
280,52,1061.5452880859375,682.9293212890625
280,53,1054.4144287109375,714.376708984375
280,54,1086.7706298828125,426.9134826660156
280,55,1079.0789794921875,463.6674499511719
280,56,1071.8961181640625,499.74530029296875
280,57,1064.9949951171875,535.216552734375
280,58,1057.5799560546875,569.8367309570312
280,59,1049.8140869140625,603.7243041992188
280,60,1043.04833984375,636.5079345703125
280,61,1036.0966796875,668.2898559570312
280,62,1028.67578125,699.3578491210938
281,0,1043.658203125,694.961181640625
281,1,1037.008056640625,720.2933959960938
281,2,1029.963134765625,746.6007080078125
281,3,1022.84228515625,773.8076171875
281,4,1015.3683471679688,802.6658935546875
281,5,1007.329345703125,832.0768432617188
281,6,999.1336669921875,862.6957397460938
281,7,990.2798461914062,894.744140625
281,8,980.9849243164062,927.4939575195312
281,9,1014.6650390625,683.38330078125
281,10,1007.4276123046875,708.490478515625
281,11,999.8372802734375,734.4693603515625
281,12,991.9849243164062,761.7567749023438
281,13,983.996337890625,789.9940795898438
281,14,975.3555297851562,819.1388549804688
281,15,966.1467895507812,850.0362548828125
281,16,956.2090454101562,882.267822265625
281,17,946.3961791992188,915.1945190429688
281,18,985.3103637695312,672.0650024414062
281,19,977.412353515625,696.521240234375
281,20,969.3854370117188,722.2765502929688
281,21,960.7307739257812,749.1041259765625
281,22,951.7667846679688,777.5608520507812
281,23,942.3007202148438,807.0286254882812
281,24,932.5353393554688,837.2360229492188
281,25,922.3330688476562,869.0232543945312
281,26,911.2874755859375,902.2503051757812
281,27,955.9667358398438,660.0034790039062
281,28,947.5558471679688,684.21337890625
281,29,938.6657104492188,709.7072143554688
281,30,929.3856811523438,736.4129638671875
281,31,919.461669921875,764.5188598632812
281,32,909.29296875,794.0198364257812
281,33,898.6790771484375,824.0674438476562
281,34,887.7189331054688,855.743896484375
281,35,876.2140502929688,888.3367919921875
281,36,926.3397827148438,647.4992065429688
281,37,917.1047973632812,671.5980224609375
281,38,907.6600341796875,696.93359375
281,39,897.8019409179688,723.088623046875
281,40,887.1257934570312,750.951416015625
281,41,876.2183227539062,779.9578857421875
281,42,864.7769165039062,810.1322021484375
281,43,852.8220825195312,841.5414428710938
281,44,840.5875854492188,873.9794921875
281,45,896.9563598632812,635.192626953125
281,46,886.972900390625,659.12841796875
281,47,876.633544921875,684.318603515625
281,48,866.0362548828125,710.2162475585938
281,49,854.6986694335938,737.7037963867188
281,50,842.9335327148438,766.7681274414062
281,51,830.84326171875,796.5867919921875
281,52,818.0953369140625,827.837890625
281,53,805.162841796875,860.2615966796875
281,54,867.69091796875,622.33154296875
281,55,856.906494140625,645.8837890625
281,56,845.9193725585938,670.7958374023438
281,57,834.2019653320312,696.9583740234375
281,58,822.1434936523438,724.29296875
281,59,809.8749389648438,752.3816528320312
281,60,796.8265991210938,782.3563842773438
281,61,783.3423461914062,813.3616943359375
281,62,769.797119140625,844.9899291992188
282,0,788.0377807617188,531.435791015625
282,1,802.9926147460938,560.333984375
282,2,817.5845336914062,588.5472412109375
282,3,832.3995361328125,615.869873046875
282,4,846.7449340820312,642.2327880859375
282,5,861.1748046875,667.876220703125
282,6,874.9751586914062,692.651123046875
282,7,888.4283447265625,716.5679931640625
282,8,901.7239990234375,739.0042114257812
282,9,765.5006103515625,550.2386474609375
282,10,781.0519409179688,579.5293579101562
282,11,796.7505493164062,608.017578125
282,12,812.5131225585938,635.6297607421875
282,13,828.1065063476562,662.4169921875
282,14,843.4247436523438,688.1162719726562
282,15,857.5404663085938,713.0908813476562
282,16,871.1951293945312,736.332275390625
282,17,884.8341674804688,759.9429321289062
282,18,741.4476318359375,570.0947265625
282,19,758.3741455078125,599.8070068359375
282,20,775.2557983398438,628.7401733398438
282,21,791.8234252929688,656.4276123046875
282,22,808.0467529296875,683.4078369140625
282,23,823.7066040039062,709.2435302734375
282,24,839.1063842773438,734.34765625
282,25,853.81103515625,758.3988037109375
282,26,867.6830444335938,781.4046630859375
282,27,717.2462768554688,590.8216552734375
282,28,735.56201171875,620.8636474609375
282,29,753.1754150390625,650.0189819335938
282,30,770.6552734375,678.126220703125
282,31,787.4956665039062,705.3126220703125
282,32,803.900634765625,731.379150390625
282,33,819.804931640625,756.3773803710938
282,34,835.5377197265625,780.6883544921875
282,35,850.216796875,803.5057373046875
282,36,692.7987060546875,612.7260131835938
282,37,711.5943603515625,643.1738891601562
282,38,730.157470703125,672.3923950195312
282,39,748.666259765625,700.82861328125
282,40,766.609619140625,728.100341796875
282,41,783.6519775390625,754.386962890625
282,42,800.3246459960938,779.3314208984375
282,43,816.4846801757812,803.6594848632812
282,44,832.2079467773438,826.762451171875
282,45,667.6480102539062,635.5381469726562
282,46,687.1495361328125,666.240234375
282,47,706.5440063476562,695.8008422851562
282,48,725.7352905273438,724.3884887695312
282,49,744.4464721679688,751.78564453125
282,50,762.2814331054688,777.982421875
282,51,779.7721557617188,802.9805908203125
282,52,796.8027954101562,827.031982421875
282,53,812.7775268554688,849.7708129882812
282,54,642.3020629882812,659.5411987304688
282,55,663.0205688476562,690.3983764648438
282,56,683.3296508789062,720.2283935546875
282,57,702.6431884765625,748.9202270507812
282,58,721.9347534179688,776.3955078125
282,59,741.0728149414062,802.7252807617188
282,60,759.1786499023438,827.8421020507812
282,61,776.7084350585938,851.5140991210938
282,62,794.1679077148438,874.27685546875
283,0,762.1473388671875,525.668212890625
283,1,775.7037353515625,556.4450073242188
283,2,788.9067993164062,587.0042114257812
283,3,802.7908325195312,616.6552734375
283,4,816.1038208007812,645.727294921875
283,5,829.6484985351562,673.9176635742188
283,6,842.76318359375,701.5188598632812
283,7,855.5066528320312,728.1224975585938
283,8,868.2330322265625,754.0135498046875
283,9,735.8712768554688,541.092529296875
283,10,749.957275390625,572.3797607421875
283,11,764.2207641601562,603.4595947265625
283,12,778.6746826171875,633.3969116210938
283,13,793.1620483398438,663.0603637695312
283,14,807.4639282226562,691.6599731445312
283,15,821.0348510742188,719.3510131835938
283,16,834.13916015625,746.482177734375
283,17,847.1947631835938,772.2315673828125
283,18,708.195068359375,557.4310913085938
283,19,723.2969970703125,589.27197265625
283,20,738.572998046875,620.6377563476562
283,21,753.7734375,651.0670776367188
283,22,768.869140625,680.9932861328125
283,23,783.5673217773438,709.950439453125
283,24,798.1541137695312,738.0341186523438
283,25,812.2078247070312,765.3275146484375
283,26,825.6615600585938,791.503662109375
283,27,679.9488525390625,574.3864135742188
283,28,696.1217651367188,606.908447265625
283,29,712.177734375,638.58056640625
283,30,728.0654907226562,669.5416259765625
283,31,743.8171997070312,699.8026123046875
283,32,759.2101440429688,729.0924072265625
283,33,774.296630859375,757.3736572265625
283,34,789.42578125,784.8091430664062
283,35,803.8621215820312,811.2108764648438
283,36,651.4492797851562,592.0853881835938
283,37,668.0820922851562,625.235595703125
283,38,684.792236328125,657.3840942382812
283,39,701.585693359375,688.78369140625
283,40,718.2101440429688,719.4801635742188
283,41,734.2953491210938,749.1513061523438
283,42,750.0679321289062,777.6962890625
283,43,765.7792358398438,805.319580078125
283,44,780.9190673828125,831.70654296875
283,45,622.185546875,610.826904296875
283,46,639.4869995117188,644.224853515625
283,47,656.7645874023438,676.9779052734375
283,48,674.0827026367188,708.6680908203125
283,49,691.4382934570312,739.7002563476562
283,50,708.3833618164062,769.46337890625
283,51,724.9484252929688,798.1760864257812
283,52,741.2188110351562,826.031982421875
283,53,756.9556274414062,852.3201904296875
283,54,592.643310546875,630.2650756835938
283,55,610.675537109375,664.2463989257812
283,56,628.9349365234375,697.283935546875
283,57,646.353271484375,729.4049072265625
283,58,664.259521484375,760.595458984375
283,59,682.1670532226562,790.8564453125
283,60,699.273681640625,819.71337890625
283,61,716.3466186523438,847.4851684570312
283,62,733.3464965820312,874.1909790039062
284,0,831.2109985351562,614.9595336914062
284,1,861.8405151367188,632.9412841796875
284,2,892.8981323242188,651.39404296875
284,3,924.8572387695312,669.7973022460938
284,4,957.5000610351562,688.5940551757812
284,5,990.4500732421875,707.3058471679688
284,6,1023.7741088867188,726.5027465820312
284,7,1057.3642578125,745.9207153320312
284,8,1091.020263671875,765.09521484375
284,9,810.3414916992188,643.1524047851562
284,10,840.9567260742188,661.788330078125
284,11,872.4503784179688,680.5315551757812
284,12,904.5182495117188,699.3536376953125
284,13,937.6171264648438,718.4237060546875
284,14,970.9697265625,737.8221435546875
284,15,1004.7434692382812,757.5845947265625
284,16,1038.6988525390625,777.6265258789062
284,17,1072.9473876953125,797.1666870117188
284,18,789.0432739257812,672.614013671875
284,19,819.7120361328125,691.40771484375
284,20,851.3021240234375,710.4820556640625
284,21,883.6593627929688,729.96484375
284,22,916.9181518554688,749.7973022460938
284,23,950.6537475585938,769.7446899414062
284,24,984.828125,789.73486328125
284,25,1019.534912109375,809.9879760742188
284,26,1053.9798583984375,830.2181396484375
284,27,766.96630859375,701.9827880859375
284,28,797.9808959960938,721.259521484375
284,29,829.6045532226562,740.9276123046875
284,30,862.2172241210938,761.1064453125
284,31,895.8986206054688,781.6829223632812
284,32,929.8829956054688,802.1721801757812
284,33,964.338134765625,822.7685546875
284,34,999.3308715820312,843.3592529296875
284,35,1034.5933837890625,863.7614135742188
284,36,744.2936401367188,731.6044921875
284,37,775.3758544921875,752.02978515625
284,38,807.4163818359375,772.5736694335938
284,39,840.164306640625,793.0808715820312
284,40,874.0023803710938,814.0833740234375
284,41,908.3602905273438,835.1897583007812
284,42,943.2504272460938,856.2817993164062
284,43,978.7634887695312,877.3639526367188
284,44,1014.2814331054688,898.2865600585938
284,45,721.6516723632812,761.9329833984375
284,46,752.8778686523438,782.9822998046875
284,47,785.011474609375,804.2505493164062
284,48,818.0838623046875,825.6419677734375
284,49,852.0371704101562,847.16162109375
284,50,886.5407104492188,868.8339233398438
284,51,921.7582397460938,890.37353515625
284,52,957.4745483398438,911.9774780273438
284,53,993.3446655273438,933.259765625
284,54,698.4685668945312,792.5431518554688
284,55,729.4482421875,814.0928955078125
284,56,761.951416015625,836.0001220703125
284,57,795.2341918945312,858.3145751953125
284,58,829.4791259765625,880.6929931640625
284,59,864.2479858398438,902.8082275390625
284,60,899.6929931640625,924.9063720703125
284,61,935.7074584960938,946.9786987304688
284,62,972.0850219726562,968.4410400390625
285,0,895.9760131835938,487.7060852050781
285,1,911.6949462890625,512.256103515625
285,2,927.7337036132812,537.3234252929688
285,3,944.0723266601562,562.451171875
285,4,960.9495849609375,588.4502563476562
285,5,978.2196655273438,614.5302124023438
285,6,995.7079467773438,641.1197509765625
285,7,1013.2449340820312,668.2012939453125
285,8,1031.075927734375,695.5578002929688
285,9,871.2742309570312,495.9078063964844
285,10,886.8984375,520.9054565429688
285,11,902.9991455078125,546.4160766601562
285,12,919.758056640625,572.1411743164062
285,13,937.1519775390625,598.301513671875
285,14,954.7107543945312,625.0953369140625
285,15,972.09619140625,652.6368408203125
285,16,989.7767333984375,680.6788940429688
285,17,1007.8594360351562,708.6580200195312
285,18,845.17578125,504.9508056640625
285,19,860.8555297851562,530.1106567382812
285,20,877.650390625,555.8522338867188
285,21,894.2542114257812,582.078125
285,22,911.8056640625,609.281494140625
285,23,929.3765869140625,636.744140625
285,24,947.2411499023438,664.749755859375
285,25,965.3685302734375,693.0979614257812
285,26,983.43701171875,722.1632080078125
285,27,818.2910766601562,513.7957763671875
285,28,834.623779296875,539.411376953125
285,29,851.0289916992188,565.5814819335938
285,30,867.8966064453125,592.6419677734375
285,31,885.5368041992188,620.4598388671875
285,32,903.0990600585938,648.8225708007812
285,33,921.1030883789062,677.4006958007812
285,34,939.7575073242188,706.6414794921875
285,35,958.3555297851562,735.9442749023438
285,36,791.1751098632812,522.359375
285,37,807.0170288085938,548.9749145507812
285,38,823.2742919921875,576.021240234375
285,39,840.3787231445312,603.475341796875
285,40,858.1176147460938,631.9669799804688
285,41,876.027587890625,660.9514770507812
285,42,894.1724853515625,690.4776000976562
285,43,912.834228515625,720.3799438476562
285,44,931.7471923828125,750.6304931640625
285,45,762.9288330078125,531.89501953125
285,46,778.5059814453125,558.9642944335938
285,47,794.9688110351562,586.833251953125
285,48,811.917236328125,615.10302734375
285,49,829.6290893554688,644.3197021484375
285,50,847.3770141601562,674.1070556640625
285,51,865.9432373046875,704.192138671875
285,52,884.7891845703125,735.065673828125
285,53,903.783447265625,766.108154296875
285,54,733.9119873046875,540.7406005859375
285,55,749.6924438476562,568.4053955078125
285,56,765.9572143554688,597.06591796875
285,57,782.4115600585938,626.85498046875
285,58,799.9979248046875,657.0186157226562
285,59,818.2380981445312,687.1812133789062
285,60,836.5619506835938,718.3795776367188
285,61,855.5095825195312,749.988525390625
285,62,875.1027221679688,781.6519165039062
286,0,891.625,486.13568115234375
286,1,907.1022338867188,511.079833984375
286,2,922.7261352539062,536.7893676757812
286,3,939.1407470703125,562.42822265625
286,4,955.6399536132812,588.697021484375
286,5,972.8554077148438,615.0106811523438
286,6,989.67578125,641.8435668945312
286,7,1006.6849975585938,669.0975952148438
286,8,1024.00927734375,696.442626953125
286,9,867.2467041015625,494.5172119140625
286,10,882.4072265625,519.8899536132812
286,11,898.55224609375,545.892578125
286,12,915.09375,572.0633544921875
286,13,932.0989379882812,598.6207275390625
286,14,949.396484375,625.6923217773438
286,15,966.5557861328125,653.2305908203125
286,16,983.77783203125,681.5992431640625
286,17,1001.2240600585938,709.5676879882812
286,18,841.3374633789062,503.53692626953125
286,19,856.9835205078125,529.1312866210938
286,20,873.4590454101562,555.3947143554688
286,21,890.0784912109375,582.1154174804688
286,22,907.10302734375,609.8041381835938
286,23,924.5191650390625,637.3992309570312
286,24,942.2001342773438,665.5713500976562
286,25,959.9324340820312,694.1864624023438
286,26,977.5769653320312,723.1242065429688
286,27,814.8182373046875,512.34716796875
286,28,830.9845581054688,538.4963989257812
286,29,847.2881469726562,565.271484375
286,30,864.1038818359375,592.7354736328125
286,31,881.2264404296875,621.0211181640625
286,32,898.7066040039062,649.6715698242188
286,33,916.5283203125,678.288818359375
286,34,934.7157592773438,707.6773071289062
286,35,953.0557861328125,737.1494140625
286,36,787.8069458007812,521.011962890625
286,37,803.6067504882812,548.1090087890625
286,38,819.984619140625,575.8218383789062
286,39,836.89599609375,603.6776733398438
286,40,854.388671875,632.556884765625
286,41,872.096923828125,661.9144287109375
286,42,890.1685791015625,691.5443725585938
286,43,908.5347900390625,721.6216430664062
286,44,927.0431518554688,751.8584594726562
286,45,759.8309326171875,530.4915771484375
286,46,775.5122680664062,558.189453125
286,47,791.8582763671875,586.822509765625
286,48,808.845703125,615.3974609375
286,49,826.406005859375,645.1011962890625
286,50,844.1293334960938,675.1668701171875
286,51,862.4005126953125,705.3807373046875
286,52,880.9883422851562,736.3301391601562
286,53,899.7594604492188,767.3118896484375
286,54,730.8948364257812,539.5543823242188
286,55,746.7910766601562,567.8837890625
286,56,763.1810302734375,597.1199340820312
286,57,779.8123168945312,627.280517578125
286,58,797.16650390625,657.8886108398438
286,59,815.3902587890625,688.4244384765625
286,60,833.6663818359375,719.8572998046875
286,61,852.3450317382812,751.4271240234375
286,62,871.8214111328125,782.968505859375
287,0,781.6419677734375,540.255615234375
287,1,799.6548461914062,567.298095703125
287,2,817.2354125976562,593.5073852539062
287,3,835.1726684570312,619.0172119140625
287,4,852.490478515625,643.7338256835938
287,5,869.5826416015625,667.3489990234375
287,6,886.23095703125,690.3316040039062
287,7,902.1275024414062,712.5448608398438
287,8,917.8353271484375,733.773681640625
287,9,759.927978515625,561.7815551757812
287,10,778.7820434570312,588.9063720703125
287,11,797.4012451171875,615.3048095703125
287,12,816.141845703125,640.8712158203125
287,13,834.765380859375,665.7565307617188
287,14,852.7542724609375,689.736572265625
287,15,869.6337890625,712.5973510742188
287,16,886.0360107421875,734.7901611328125
287,17,901.924072265625,756.047607421875
287,18,737.0713500976562,584.256591796875
287,19,757.0505981445312,611.7131958007812
287,20,777.0791015625,638.1957397460938
287,21,796.5693969726562,663.8604125976562
287,22,815.6642456054688,688.9027709960938
287,23,834.1734619140625,712.6395263671875
287,24,852.2099609375,735.8887939453125
287,25,869.4136352539062,757.8995971679688
287,26,885.8173828125,779.2406005859375
287,27,713.8929443359375,607.815673828125
287,28,735.230712890625,635.4195556640625
287,29,756.1452026367188,662.07275390625
287,30,776.4309692382812,687.774658203125
287,31,796.2290649414062,712.772216796875
287,32,815.251220703125,736.7345581054688
287,33,834.028076171875,759.6707763671875
287,34,852.03076171875,781.8724975585938
287,35,869.4271240234375,802.8279418945312
287,36,690.7012939453125,632.3442993164062
287,37,712.7236938476562,660.1345825195312
287,38,734.4508666992188,686.7843017578125
287,39,755.8458251953125,712.7410888671875
287,40,776.6524658203125,737.884033203125
287,41,796.4323120117188,761.5616455078125
287,42,815.8316040039062,784.3019409179688
287,43,834.4515380859375,806.4346313476562
287,44,852.489013671875,827.1732788085938
287,45,666.954345703125,657.9004516601562
287,46,689.8388061523438,685.6390991210938
287,47,712.2131958007812,712.4691162109375
287,48,734.35302734375,738.3141479492188
287,49,755.856201171875,763.21044921875
287,50,776.4349975585938,786.8618774414062
287,51,796.6914672851562,809.7883911132812
287,52,816.0194702148438,831.3991088867188
287,53,834.4829711914062,852.1953735351562
287,54,643.4014892578125,684.268310546875
287,55,667.2529907226562,712.2052612304688
287,56,690.5028076171875,738.9113159179688
287,57,712.8717651367188,764.9093627929688
287,58,735.126953125,789.5867309570312
287,59,756.9375610351562,813.3656005859375
287,60,777.5396118164062,835.876708984375
287,61,797.523681640625,857.45458984375
287,62,817.3553466796875,878.0111694335938
288,0,926.3355102539062,501.4967956542969
288,1,944.0662231445312,523.8221435546875
288,2,961.781982421875,546.9481201171875
288,3,980.4268188476562,569.9563598632812
288,4,999.7578735351562,594.3565063476562
288,5,1019.78271484375,618.8515014648438
288,6,1039.9456787109375,644.3064575195312
288,7,1060.6087646484375,670.67724609375
288,8,1081.833984375,697.6387939453125
288,9,900.52734375,509.96466064453125
288,10,917.9143676757812,532.9092407226562
288,11,935.9835815429688,556.1827392578125
288,12,954.7305908203125,579.9345703125
288,13,974.2243041992188,604.4740600585938
288,14,994.314208984375,629.8426513671875
288,15,1014.6712036132812,656.1911010742188
288,16,1035.3851318359375,683.6896362304688
288,17,1056.7706298828125,711.3298950195312
288,18,873.738037109375,519.7007446289062
288,19,891.0030517578125,542.6272583007812
288,20,909.2471313476562,566.0601196289062
288,21,927.8504028320312,590.33056640625
288,22,947.3746337890625,616.0184936523438
288,23,967.3810424804688,642.12109375
288,24,988.0457763671875,668.8822631835938
288,25,1009.041259765625,696.8093872070312
288,26,1030.2962646484375,725.6312866210938
288,27,845.8414916992188,528.980712890625
288,28,863.1936645507812,552.103515625
288,29,881.21923828125,576.1337280273438
288,30,899.8814697265625,601.1451416015625
288,31,919.30126953125,627.5374755859375
288,32,939.3907470703125,654.5380859375
288,33,959.9194946289062,682.1646118164062
288,34,981.183837890625,710.8255004882812
288,35,1003.114013671875,740.0847778320312
288,36,817.3645629882812,537.8926391601562
288,37,834.242431640625,561.9591674804688
288,38,852.1341552734375,586.8624877929688
288,39,870.7081298828125,612.365966796875
288,40,890.2081298828125,639.1026611328125
288,41,910.061279296875,666.85302734375
288,42,930.6236572265625,695.5072021484375
288,43,952.008544921875,725.0433959960938
288,44,973.9306030273438,755.3145751953125
288,45,788.0525512695312,547.3818969726562
288,46,804.603271484375,572.3260498046875
288,47,822.0866088867188,598.10595703125
288,48,840.4055786132812,624.3089599609375
288,49,859.7412719726562,652.0111694335938
288,50,879.5134887695312,680.7305908203125
288,51,900.0964965820312,709.9901733398438
288,52,921.4801025390625,740.5535278320312
288,53,943.2916259765625,771.8302001953125
288,54,757.5369873046875,556.5272216796875
288,55,774.1091918945312,581.942138671875
288,56,791.1648559570312,608.4440307617188
288,57,809.087158203125,636.4271240234375
288,58,828.127197265625,665.0736083984375
288,59,847.8984985351562,694.23828125
288,60,868.3011474609375,724.8436889648438
288,61,889.6336669921875,756.2303466796875
288,62,911.90966796875,787.9320678710938
289,0,983.904052734375,960.9909057617188
289,1,998.4964599609375,929.29833984375
289,2,1013.0324096679688,897.7286987304688
289,3,1026.693115234375,865.9603881835938
289,4,1040.4388427734375,834.325439453125
289,5,1053.5478515625,802.85107421875
289,6,1066.14892578125,772.0557861328125
289,7,1078.9100341796875,741.6911010742188
289,8,1091.1605224609375,711.8502807617188
289,9,1010.75830078125,972.9760131835938
289,10,1025.75390625,940.3295288085938
289,11,1040.105712890625,907.7303466796875
289,12,1054.035400390625,874.9680786132812
289,13,1067.294677734375,842.1033325195312
289,14,1080.3304443359375,809.811279296875
289,15,1093.675048828125,778.24609375
289,16,1106.5576171875,747.1253662109375
289,17,1118.6409912109375,716.637939453125
289,18,1039.55029296875,985.4217529296875
289,19,1054.2811279296875,951.8779907226562
289,20,1068.525146484375,917.908203125
289,21,1082.43017578125,884.2538452148438
289,22,1096.1751708984375,850.7088623046875
289,23,1109.282470703125,817.6475830078125
289,24,1122.19189453125,784.8272705078125
289,25,1134.927978515625,752.6752319335938
289,26,1147.2110595703125,721.2556762695312
289,27,1069.067138671875,997.932861328125
289,28,1083.83203125,963.173828125
289,29,1098.136962890625,928.5018310546875
289,30,1112.0753173828125,893.963134765625
289,31,1126.0462646484375,859.2454833984375
289,32,1139.5079345703125,825.1221923828125
289,33,1152.306396484375,791.5941772460938
289,34,1164.947021484375,758.2876586914062
289,35,1176.3116455078125,726.0792846679688
289,36,1099.2843017578125,1010.6052856445312
289,37,1114.4447021484375,975.0116577148438
289,38,1129.228515625,939.2891235351562
289,39,1143.314697265625,903.5936279296875
289,40,1157.23388671875,867.9304809570312
289,41,1170.659423828125,832.916015625
289,42,1183.56005859375,798.3308715820312
289,43,1195.9117431640625,764.0772705078125
289,44,1207.720703125,730.836181640625
289,45,1131.05078125,1023.6104125976562
289,46,1146.6622314453125,987.0385131835938
289,47,1161.7923583984375,950.3330078125
289,48,1176.114013671875,913.7673950195312
289,49,1189.704345703125,877.1854858398438
289,50,1203.4827880859375,840.9532470703125
289,51,1216.180419921875,805.4935302734375
289,52,1228.4656982421875,770.3993530273438
289,53,1240.0089111328125,736.5068359375
289,54,1163.6890869140625,1036.4918212890625
289,55,1179.380615234375,998.9193115234375
289,56,1194.762939453125,961.1388549804688
289,57,1209.675048828125,923.8192749023438
289,58,1223.976318359375,886.1908569335938
289,59,1236.9696044921875,849.0662841796875
289,60,1250.02978515625,812.4860229492188
289,61,1262.0150146484375,776.6503295898438
289,62,1273.1890869140625,741.0814208984375
290,0,1035.7557373046875,452.00018310546875
290,1,1039.3841552734375,490.43218994140625
290,2,1042.98095703125,528.5308837890625
290,3,1046.8917236328125,566.4263305664062
290,4,1050.2579345703125,603.4959106445312
290,5,1053.9234619140625,639.8113403320312
290,6,1057.1839599609375,674.9054565429688
290,7,1060.3739013671875,709.3572998046875
290,8,1063.061767578125,742.9263916015625
290,9,999.6150512695312,456.7436218261719
290,10,1003.7678833007812,495.9295654296875
290,11,1007.9766845703125,534.583740234375
290,12,1012.1095581054688,572.8253784179688
290,13,1016.7201538085938,610.9181518554688
290,14,1020.6205444335938,647.7625732421875
290,15,1024.2908935546875,683.3865356445312
290,16,1027.2218017578125,717.9993286132812
290,17,1030.845458984375,751.8308715820312
290,18,961.914306640625,461.90179443359375
290,19,966.6161499023438,501.7137145996094
290,20,971.6736450195312,541.18896484375
290,21,976.4012451171875,579.9102172851562
290,22,980.8919067382812,618.0896606445312
290,23,985.5057983398438,655.30615234375
290,24,989.9378662109375,691.8134155273438
290,25,994.1261596679688,727.0532836914062
290,26,997.6450805664062,761.0311279296875
290,27,923.4447021484375,467.5534362792969
290,28,928.8264770507812,507.91961669921875
290,29,934.1652221679688,547.7349853515625
290,30,939.3900146484375,587.285400390625
290,31,944.5604248046875,626.0214233398438
290,32,949.4313354492188,663.6348266601562
290,33,954.4865112304688,700.4806518554688
290,34,959.205810546875,736.1566162109375
290,35,963.88720703125,770.3009033203125
290,36,884.3577880859375,473.6187438964844
290,37,889.9028930664062,514.6393432617188
290,38,895.6178588867188,555.1798095703125
290,39,901.4588623046875,594.7551879882812
290,40,907.1312866210938,634.3668823242188
290,41,912.7745971679688,672.5116577148438
290,42,918.1494750976562,709.411865234375
290,43,923.3421020507812,745.510986328125
290,44,928.5250854492188,780.1719360351562
290,45,844.2138671875,480.2154541015625
290,46,850.0438232421875,521.6060791015625
290,47,856.2360229492188,562.4696655273438
290,48,862.5936889648438,602.9114379882812
290,49,868.7633056640625,642.549072265625
290,50,874.850341796875,681.0277709960938
290,51,880.8782348632812,718.21142578125
290,52,886.8638305664062,754.5130004882812
290,53,892.4756469726562,789.1483154296875
290,54,803.8069458007812,487.3717041015625
290,55,809.9852294921875,529.1672973632812
290,56,816.5470581054688,570.6083374023438
290,57,822.8584594726562,610.9327392578125
290,58,829.518310546875,651.1930541992188
290,59,836.3541259765625,689.9967041015625
290,60,843.1094360351562,727.5426635742188
290,61,849.4573974609375,763.94384765625
290,62,856.3359985351562,799.3561401367188
291,3,999.1091918945312,846.8032836914062
291,4,1015.1696166992188,818.8772583007812
291,5,1030.812744140625,790.5304565429688
291,6,1046.574462890625,761.9956665039062
291,7,1062.5330810546875,733.25341796875
291,8,1078.3023681640625,704.3155517578125
291,9,973.1973876953125,945.1173095703125
291,12,1021.7969970703125,863.118408203125
291,15,1070.3023681640625,776.6661987304688
291,16,1086.888671875,747.1864013671875
291,17,1103.071533203125,717.6043090820312
291,18,996.15869140625,963.4928588867188
291,19,1012.4796142578125,936.3662719726562
291,20,1028.7227783203125,908.4308471679688
291,21,1045.078369140625,880.1137084960938
291,24,1095.0960693359375,791.85205078125
291,25,1111.9852294921875,761.5718994140625
291,26,1128.685546875,731.4291381835938
291,27,1019.0370483398438,982.2637329101562
291,28,1035.799072265625,954.8322143554688
291,29,1052.4805908203125,926.5372314453125
291,30,1069.3726806640625,897.7320556640625
291,31,1086.8543701171875,867.9036865234375
291,32,1104.0595703125,837.9376831054688
291,33,1121.0281982421875,807.6130981445312
291,34,1138.1397705078125,776.8316040039062
291,35,1154.9493408203125,745.806884765625
291,36,1042.4288330078125,1001.77734375
291,37,1059.921142578125,973.9360961914062
291,38,1077.4342041015625,944.9961547851562
291,39,1094.8370361328125,915.7619018554688
291,40,1112.42333984375,885.4788208007812
291,41,1130.1485595703125,855.0172729492188
291,42,1147.873046875,823.961669921875
291,43,1165.3643798828125,792.3111572265625
291,44,1182.7537841796875,760.5940551757812
291,45,1066.880615234375,1021.597900390625
291,46,1084.8958740234375,993.3390502929688
291,47,1103.09130859375,964.1566772460938
291,48,1121.1002197265625,934.2669067382812
291,49,1139.2784423828125,903.683349609375
291,50,1157.709716796875,872.4509887695312
291,51,1175.6419677734375,840.7843017578125
291,52,1193.791259765625,808.7086791992188
291,53,1211.6927490234375,776.28662109375
291,54,1091.2698974609375,1042.053466796875
291,55,1109.766845703125,1013.4955444335938
291,56,1128.716796875,983.8169555664062
291,57,1148.0888671875,953.4896850585938
291,58,1167.0450439453125,922.093994140625
291,59,1185.614013671875,890.4194946289062
291,60,1204.391845703125,858.2864379882812
291,61,1222.8826904296875,825.4183349609375
291,62,1240.8675537109375,792.28466796875
292,0,790.3884887695312,566.5187377929688
292,1,812.9451293945312,587.3807373046875
292,2,835.783447265625,608.3975219726562
292,3,858.7552490234375,628.8917846679688
292,4,882.2215576171875,649.5838012695312
292,5,905.6978759765625,669.7554931640625
292,6,929.0308837890625,689.9314575195312
292,7,952.184326171875,710.1522216796875
292,8,975.2178344726562,730.0635375976562
292,9,772.1319580078125,583.3294677734375
292,10,795.1237182617188,604.86767578125
292,11,818.5746459960938,626.0533447265625
292,12,842.412841796875,646.9201049804688
292,13,866.7176513671875,667.7383422851562
292,14,890.7980346679688,688.342529296875
292,15,914.5978393554688,709.1810302734375
292,16,938.10888671875,730.0443725585938
292,17,961.7992553710938,750.3904418945312
292,18,752.8784790039062,601.5882568359375
292,19,776.4656372070312,623.1361083984375
292,20,800.8536987304688,644.5213012695312
292,21,825.2338256835938,665.8488159179688
292,22,849.993896484375,687.3118896484375
292,23,874.5799560546875,708.6177368164062
292,24,899.3623657226562,729.5782470703125
292,25,923.712890625,750.5538330078125
292,26,947.8114013671875,771.5865478515625
292,27,732.881103515625,620.240234375
292,28,757.6069946289062,641.9395141601562
292,29,782.4051513671875,663.8554077148438
292,30,807.441162109375,685.6552124023438
292,31,832.7661743164062,707.6261596679688
292,32,857.9344482421875,729.3862915039062
292,33,883.1337890625,750.9560546875
292,34,908.4312133789062,772.2984619140625
292,35,933.3511962890625,793.2051391601562
292,36,712.906494140625,638.931396484375
292,37,737.8923950195312,661.5010375976562
292,38,763.1204833984375,684.034423828125
292,39,788.8452758789062,706.2617797851562
292,40,814.8396606445312,728.7542114257812
292,41,840.8275756835938,751.0042114257812
292,42,866.5143432617188,772.9960327148438
292,43,892.4879760742188,794.9193115234375
292,44,918.1692504882812,816.3311157226562
292,45,691.8780517578125,658.8368530273438
292,46,717.2813720703125,681.927734375
292,47,743.1351318359375,705.1676025390625
292,48,769.6068115234375,727.9659423828125
292,49,796.046630859375,751.0093994140625
292,50,822.483154296875,773.92041015625
292,51,848.9788208007812,796.333984375
292,52,875.6873779296875,818.5340576171875
292,53,901.8479614257812,840.4653930664062
292,54,670.3466186523438,678.704345703125
292,55,696.52880859375,702.521240234375
292,56,722.925048828125,726.2455444335938
292,57,749.5098266601562,750.474609375
292,58,776.5830688476562,774.2716674804688
292,59,803.9563598632812,797.2149658203125
292,60,830.9620361328125,820.4011840820312
292,61,858.232177734375,843.13623046875
292,62,885.56640625,865.1246337890625
293,0,1291.3310546875,502.3557434082031
293,1,1280.2606201171875,546.6831665039062
293,2,1269.177734375,589.9291381835938
293,3,1257.2047119140625,632.000244140625
293,4,1245.5062255859375,672.7833251953125
293,5,1233.14404296875,712.0703125
293,6,1221.1304931640625,749.8656616210938
293,7,1209.259765625,785.8609619140625
293,8,1197.7635498046875,820.0245361328125
293,9,1255.69970703125,489.5014343261719
293,10,1245.6175537109375,532.461181640625
293,11,1235.041748046875,574.550537109375
293,12,1223.8240966796875,615.4776611328125
293,13,1212.1981201171875,655.471923828125
293,14,1200.8531494140625,694.0079956054688
293,15,1190.03369140625,730.9365234375
293,16,1179.70654296875,766.2325439453125
293,17,1169.0938720703125,800.1116333007812
293,18,1222.7337646484375,477.7320251464844
293,19,1213.0296630859375,519.1368408203125
293,20,1202.4307861328125,560.1384887695312
293,21,1192.2713623046875,600.0458984375
293,22,1181.820068359375,639.0860595703125
293,23,1171.396728515625,676.4501342773438
293,24,1160.9027099609375,712.9058837890625
293,25,1150.7337646484375,747.7476806640625
293,26,1141.4447021484375,781.1337890625
293,27,1190.84521484375,466.8580322265625
293,28,1181.2938232421875,507.07464599609375
293,29,1171.720947265625,546.698486328125
293,30,1161.9395751953125,585.57958984375
293,31,1152.4703369140625,623.559814453125
293,32,1143.0782470703125,660.21875
293,33,1133.4249267578125,695.7793579101562
293,34,1124.0086669921875,730.1040649414062
293,35,1114.925048828125,763.07177734375
293,36,1159.652587890625,456.525390625
293,37,1151.027587890625,495.5898742675781
293,38,1142.18359375,534.3223876953125
293,39,1133.1156005859375,572.045166015625
293,40,1123.9998779296875,608.9951171875
293,41,1115.302001953125,644.8035888671875
293,42,1106.7999267578125,679.6030883789062
293,43,1098.3040771484375,713.249755859375
293,44,1089.9744873046875,745.7316284179688
293,45,1131.1087646484375,447.1563415527344
293,46,1123.1920166015625,485.12725830078125
293,47,1115.164306640625,522.7088623046875
293,48,1106.7335205078125,559.3553466796875
293,49,1098.3975830078125,595.5748291015625
293,50,1090.68115234375,630.4142456054688
293,51,1082.7357177734375,664.3128051757812
293,52,1074.9437255859375,697.2155151367188
293,53,1067.634033203125,728.7347412109375
293,54,1103.2015380859375,438.82379150390625
293,55,1095.6746826171875,475.5162048339844
293,56,1088.26123046875,511.839111328125
293,57,1081.26416015625,547.4501342773438
293,58,1073.823974609375,582.5435180664062
293,59,1065.910400390625,616.6819458007812
293,60,1058.9935302734375,649.8422241210938
293,61,1052.0137939453125,682.1104736328125
293,62,1044.326171875,713.4523315429688
294,0,780.1234741210938,800.8411865234375
294,1,806.0557861328125,776.812744140625
294,2,830.87158203125,753.941162109375
294,3,854.3016967773438,730.849365234375
294,4,877.1536865234375,709.3384399414062
294,5,898.8130493164062,688.2957763671875
294,6,919.38427734375,668.4386596679688
294,9,810.302978515625,820.0076904296875
294,10,836.0628662109375,795.0182495117188
294,11,860.4397583007812,770.6704711914062
294,12,884.0632934570312,746.9014892578125
294,13,906.3651123046875,723.8442993164062
294,14,927.364990234375,701.961181640625
294,15,947.7736206054688,681.8074340820312
294,18,842.0924072265625,840.6776123046875
294,19,867.2775268554688,814.0303955078125
294,20,891.3461303710938,788.0021362304688
294,21,914.4454956054688,763.1832885742188
294,22,936.775634765625,739.7208251953125
294,23,957.7111206054688,717.2403564453125
294,24,977.3914794921875,695.749267578125
294,25,996.3922119140625,675.835205078125
294,27,874.9911499023438,860.7703247070312
294,28,900.1174926757812,832.7552490234375
294,29,923.8258056640625,805.609375
294,30,946.6082763671875,779.9375610351562
294,31,968.1627197265625,755.4409790039062
294,32,988.6088256835938,732.3938598632812
294,33,1007.992919921875,710.258544921875
294,34,1026.2930908203125,689.0400390625
294,35,1043.466796875,669.30029296875
294,36,909.6578979492188,880.733154296875
294,37,934.1907958984375,851.7858276367188
294,38,957.51220703125,823.866455078125
294,39,979.8529052734375,796.993408203125
294,40,1000.8880004882812,771.3628540039062
294,41,1020.8510131835938,747.3711547851562
294,42,1039.8194580078125,724.453125
294,43,1057.3775634765625,702.908935546875
294,44,1074.3238525390625,682.356689453125
294,45,945.0823364257812,901.1890258789062
294,46,969.2762451171875,871.2723999023438
294,47,992.06494140625,842.4556884765625
294,48,1013.8923950195312,814.6536254882812
294,49,1034.2652587890625,788.1652221679688
294,50,1053.5418701171875,763.350341796875
294,51,1071.7171630859375,739.82177734375
294,52,1088.853515625,717.3478393554688
294,53,1104.777587890625,696.326904296875
294,54,982.1017456054688,921.0330200195312
294,55,1005.8636474609375,889.930419921875
294,56,1028.05029296875,860.1259765625
294,57,1049.0089111328125,832.17236328125
294,58,1068.7298583984375,805.0145263671875
294,59,1087.3619384765625,778.864013671875
294,60,1104.7125244140625,754.7035522460938
294,61,1120.86865234375,731.5740966796875
294,62,1136.3751220703125,709.1419067382812
295,0,845.0479125976562,606.391845703125
295,1,876.5094604492188,628.6594848632812
295,2,908.32568359375,651.042724609375
295,3,940.6683959960938,673.1963500976562
295,4,973.0255126953125,695.5698852539062
295,5,1005.4732666015625,717.8599853515625
295,6,1037.6365966796875,739.90576171875
295,7,1069.678466796875,762.035888671875
295,8,1101.0631103515625,783.5824584960938
295,9,822.1221313476562,636.6072387695312
295,10,853.9054565429688,659.1838989257812
295,11,886.16015625,681.8013916015625
295,12,918.6294555664062,704.3078002929688
295,13,951.6357421875,726.9172973632812
295,14,984.4398803710938,749.4390258789062
295,15,1016.9235229492188,771.7943115234375
295,16,1049.268798828125,794.0779418945312
295,17,1081.218505859375,815.8042602539062
295,18,798.8994750976562,667.8837890625
295,19,830.9075927734375,690.5529174804688
295,20,863.3953857421875,713.20947265625
295,21,896.1962280273438,736.0899658203125
295,22,929.474365234375,759.012451171875
295,23,962.574951171875,781.891845703125
295,24,995.6956176757812,804.3370361328125
295,25,1028.547607421875,826.7474365234375
295,26,1060.9256591796875,848.5362548828125
295,27,775.3355712890625,699.0421752929688
295,28,807.5941772460938,722.1359252929688
295,29,840.2275390625,745.2633666992188
295,30,873.4390258789062,768.4118041992188
295,31,906.9122314453125,791.818115234375
295,32,940.3814086914062,814.7741088867188
295,33,973.9678955078125,837.4342041015625
295,34,1007.1715087890625,859.8956298828125
295,35,1040.107177734375,881.8115844726562
295,36,751.3411865234375,730.5980834960938
295,37,783.7435302734375,754.378662109375
295,38,816.68701171875,777.94384765625
295,39,850.1749267578125,801.3333129882812
295,40,883.9478759765625,824.8413696289062
295,41,917.9007568359375,848.2700805664062
295,42,951.3689575195312,870.88916015625
295,43,985.4013671875,893.6744384765625
295,44,1018.5944213867188,915.3676147460938
295,45,727.4755249023438,762.5894775390625
295,46,760.0980834960938,786.5724487304688
295,47,793.2572021484375,810.5769653320312
295,48,826.71435546875,834.4332275390625
295,49,860.9471435546875,858.18310546875
295,50,894.840576171875,881.4802856445312
295,51,929.0357055664062,904.5702514648438
295,52,962.9047241210938,927.1088256835938
295,53,996.477294921875,949.0735473632812
295,54,703.2106323242188,794.8217163085938
295,55,736.1114501953125,819.0734252929688
295,56,769.3858032226562,843.3286743164062
295,57,803.0620727539062,867.8793334960938
295,58,837.664794921875,891.824951171875
295,59,871.97216796875,915.2666015625
295,60,906.1039428710938,938.322021484375
295,61,940.3555908203125,960.9312133789062
295,62,974.4544067382812,982.9174194335938
296,34,1031.3790283203125,723.7025146484375
296,35,1062.856201171875,740.4177856445312
296,42,984.1508178710938,713.6158447265625
296,43,1014.9703369140625,730.389892578125
296,44,1048.4041748046875,748.9274291992188
296,51,966.0916748046875,720.949951171875
296,52,998.9876098632812,739.8267822265625
296,53,1032.5032958984375,758.6478271484375
296,60,946.981201171875,728.8836059570312
296,61,980.5003051757812,748.2274780273438
296,62,1015.7598266601562,767.6043090820312
297,0,840.4535522460938,963.7962646484375
297,1,862.038818359375,926.130615234375
297,2,882.8704223632812,889.6866455078125
297,3,902.905517578125,853.7396240234375
297,4,922.23828125,819.231201171875
297,5,940.5517578125,785.8795166015625
297,6,958.131103515625,753.9761352539062
297,7,975.04345703125,723.6468505859375
297,8,990.9429931640625,694.9998168945312
297,9,881.3673706054688,983.7703857421875
297,10,902.3405151367188,945.391845703125
297,11,922.5452880859375,907.8460693359375
297,12,942.02099609375,871.133056640625
297,13,960.6224365234375,835.33740234375
297,14,978.3109741210938,801.2060546875
297,15,995.2374267578125,768.8964233398438
297,16,1011.190673828125,738.211669921875
297,17,1026.3697509765625,708.6675415039062
297,18,923.2608642578125,1004.0654907226562
297,19,943.6004638671875,964.6158447265625
297,20,963.162841796875,925.8739624023438
297,21,981.8382568359375,888.4398193359375
297,22,999.7955932617188,852.1698608398438
297,23,1016.6966552734375,817.4345703125
297,24,1032.8546142578125,783.9781494140625
297,25,1048.10205078125,752.2725830078125
297,26,1062.2388916015625,722.2651977539062
297,27,966.009521484375,1023.6104736328125
297,28,985.6337890625,983.093994140625
297,29,1004.4508056640625,943.6874389648438
297,30,1022.4607543945312,905.5598754882812
297,31,1039.4478759765625,868.5374145507812
297,32,1055.6326904296875,833.2027587890625
297,33,1070.795654296875,799.322265625
297,34,1085.31787109375,766.7462158203125
297,35,1098.655029296875,735.853271484375
297,36,1009.5833129882812,1042.2747802734375
297,37,1028.3992919921875,1001.35009765625
297,38,1046.4957275390625,961.3258056640625
297,39,1063.646484375,922.3855590820312
297,40,1079.9183349609375,884.563232421875
297,41,1095.21435546875,848.6327514648438
297,42,1109.571044921875,814.1946411132812
297,43,1122.9949951171875,781.1007690429688
297,44,1135.656982421875,749.7152099609375
297,45,1053.0509033203125,1060.455078125
297,46,1071.1744384765625,1019.0103149414062
297,47,1088.3431396484375,978.443603515625
297,48,1104.7607421875,939.0020141601562
297,49,1120.0263671875,900.7698974609375
297,50,1134.35791015625,864.2454223632812
297,51,1147.8914794921875,829.2025146484375
297,52,1160.3992919921875,795.7077026367188
297,53,1171.801025390625,763.9382934570312
297,54,1097.1236572265625,1077.6126708984375
297,55,1114.4051513671875,1035.6771240234375
297,56,1130.9156494140625,994.5916748046875
297,57,1145.988525390625,955.0078125
297,58,1160.542236328125,916.30615234375
297,59,1174.0516357421875,879.0155639648438
297,60,1186.4637451171875,843.8483276367188
297,61,1198.1182861328125,809.5933837890625
297,62,1209.1141357421875,776.818359375
298,0,945.0722045898438,477.7488098144531
298,1,959.5736694335938,510.0057678222656
298,2,973.72705078125,542.0933837890625
298,3,988.8668823242188,574.4695434570312
298,4,1003.7318115234375,607.2199096679688
298,5,1018.8933715820312,639.5281372070312
298,6,1033.7435302734375,671.8072509765625
298,7,1048.517578125,704.3358764648438
298,8,1063.06591796875,736.206298828125
298,9,918.1417236328125,485.9566345214844
298,10,932.68115234375,518.8060302734375
298,11,947.7462768554688,551.7540283203125
298,12,963.1682739257812,584.8204345703125
298,13,979.098876953125,618.2584838867188
298,14,994.5843505859375,651.4672241210938
298,15,1009.804931640625,684.8672485351562
298,16,1024.4532470703125,718.210205078125
298,17,1039.471923828125,751.0564575195312
298,18,889.1409301757812,495.1866149902344
298,19,904.3655395507812,528.4385986328125
298,20,920.2114868164062,562.009765625
298,21,936.12451171875,595.9928588867188
298,22,952.0587768554688,630.4968872070312
298,23,967.9508056640625,664.7210693359375
298,24,983.9794311523438,698.7546997070312
298,25,999.6758422851562,732.9105224609375
298,26,1014.6137084960938,766.5301513671875
298,27,859.369140625,504.327880859375
298,28,875.2362060546875,538.5025634765625
298,29,891.3153686523438,572.9140625
298,30,907.5829467773438,607.8344116210938
298,31,923.9395141601562,643.177978515625
298,32,940.1515502929688,678.3941040039062
298,33,956.5614013671875,713.23828125
298,34,972.8994750976562,748.3154907226562
298,35,988.956787109375,782.7324829101562
298,36,828.7254028320312,513.553955078125
298,37,844.5968017578125,548.9332275390625
298,38,860.7826538085938,584.5440063476562
298,39,877.4935302734375,620.3624877929688
298,40,894.3825073242188,656.5853271484375
298,41,911.2606811523438,692.8521728515625
298,42,927.8887939453125,728.781982421875
298,43,944.6771240234375,764.6131591796875
298,44,961.3163452148438,799.9132080078125
298,45,796.54833984375,523.5584106445312
298,46,812.3724365234375,559.9874267578125
298,47,828.9136352539062,596.6298828125
298,48,845.87109375,633.4989624023438
298,49,863.05029296875,670.8325805664062
298,50,880.241943359375,707.911865234375
298,51,897.478515625,744.8482666015625
298,52,914.7053833007812,781.5239868164062
298,53,931.653564453125,817.6827392578125
298,54,763.306640625,533.7860717773438
298,55,779.755615234375,571.1082763671875
298,56,796.423583984375,608.9765014648438
298,57,812.9132690429688,647.2205200195312
298,58,830.344482421875,685.590087890625
298,59,848.4058837890625,723.6654052734375
298,60,865.8627319335938,761.5805053710938
298,61,883.602783203125,799.128662109375
298,62,901.857421875,836.035400390625
299,0,889.3450317382812,484.065185546875
299,1,904.5056762695312,509.5382080078125
299,2,919.7633666992188,535.892578125
299,3,935.698486328125,562.0504150390625
299,4,951.8695068359375,588.9368286132812
299,5,968.412109375,615.5848388671875
299,6,984.7291870117188,642.7578735351562
299,7,1001.1890869140625,670.1810302734375
299,8,1017.9373779296875,697.84912109375
299,9,865.1069946289062,492.427734375
299,10,880.0941162109375,518.7864990234375
299,11,895.9393310546875,545.3514404296875
299,12,912.0596923828125,572.0452270507812
299,13,928.7938842773438,599.1710815429688
299,14,945.5740356445312,626.7171020507812
299,15,962.1046752929688,654.653564453125
299,16,978.6859130859375,683.0730590820312
299,17,995.5615234375,711.1051635742188
299,18,839.1742553710938,501.7575988769531
299,19,854.8375244140625,528.3365478515625
299,20,870.9697265625,555.1171875
299,21,887.3384399414062,582.5258178710938
299,22,904.109130859375,610.6867065429688
299,23,921.0422973632812,638.7929077148438
299,24,938.2238159179688,667.1365966796875
299,25,955.327392578125,696.0521850585938
299,26,972.3928833007812,724.9795532226562
299,27,813.0107421875,510.95977783203125
299,28,828.8026123046875,537.9833984375
299,29,845.0986328125,565.5096435546875
299,30,861.73681640625,593.4319458007812
299,31,878.5728149414062,622.1588134765625
299,32,895.7911376953125,651.1766357421875
299,33,913.0094604492188,680.2648315429688
299,34,930.5220947265625,709.736328125
299,35,948.2474365234375,739.1775512695312
299,36,786.0266723632812,519.9775390625
299,37,801.8755493164062,547.8478393554688
299,38,818.0718994140625,576.2242431640625
299,39,834.9600219726562,604.7593383789062
299,40,852.022705078125,634.1680908203125
299,41,869.53466796875,663.950439453125
299,42,887.0007934570312,693.9014892578125
299,43,904.9715576171875,724.023681640625
299,44,922.9159545898438,754.2752075195312
299,45,758.26171875,529.6431884765625
299,46,773.8748168945312,558.298828125
299,47,790.2542114257812,587.3665771484375
299,48,806.9498291015625,616.8158569335938
299,49,824.3635864257812,647.0973510742188
299,50,841.982666015625,677.424072265625
299,51,859.8904418945312,708.0492553710938
299,52,877.991455078125,739.0318603515625
299,53,896.0968017578125,770.0302124023438
299,54,729.489990234375,539.125
299,55,745.4507446289062,568.3388061523438
299,56,761.7236938476562,598.42529296875
299,57,778.293701171875,629.1881103515625
299,58,795.6881103515625,660.2711181640625
299,59,813.62939453125,691.1812744140625
299,60,831.546142578125,722.7781982421875
299,61,849.9005737304688,754.4234619140625
299,62,868.8523559570312,785.907958984375
300,0,786.4600219726562,807.5470581054688
300,1,811.2265014648438,779.77001953125
300,2,835.4019775390625,752.697509765625
300,3,858.5071411132812,725.9431762695312
300,4,880.90185546875,700.270263671875
300,5,902.4191284179688,675.4409790039062
300,6,923.2130737304688,651.7818603515625
300,7,943.1524658203125,629.2344360351562
300,8,962.0387573242188,607.4408569335938
300,9,817.361083984375,827.724365234375
300,10,842.0202026367188,798.9210815429688
300,11,865.9799194335938,770.7999267578125
300,12,888.8597412109375,743.0728149414062
300,13,911.0492553710938,716.0772094726562
300,14,932.3137817382812,690.3458251953125
300,15,952.8812866210938,666.1921997070312
300,16,972.2811279296875,643.1358032226562
300,17,990.952880859375,620.9488525390625
300,18,849.9043579101562,848.8991088867188
300,19,874.1725463867188,818.865966796875
300,20,897.8735961914062,789.0466918945312
300,21,920.3723754882812,760.6620483398438
300,22,942.2462158203125,732.9837036132812
300,23,963.2225952148438,706.7492065429688
300,24,983.3142700195312,681.2258911132812
300,25,1002.5184326171875,657.2421875
300,26,1020.6398315429688,634.6099243164062
300,27,883.1898193359375,869.8952026367188
300,28,907.3121948242188,838.2717895507812
300,29,930.70361328125,807.824951171875
300,30,953.0238037109375,778.4370727539062
300,31,974.7864990234375,750.0264892578125
300,32,995.2369384765625,722.9913940429688
300,33,1014.8650512695312,697.0032958984375
300,34,1033.627685546875,672.046630859375
300,35,1051.3087158203125,648.2837524414062
300,36,918.0021362304688,890.6347045898438
300,37,941.9315185546875,858.367431640625
300,38,964.9521484375,827.0099487304688
300,39,986.9895629882812,796.547607421875
300,40,1008.1640625,767.0253295898438
300,41,1028.21630859375,739.1783447265625
300,42,1047.4412841796875,712.4153442382812
300,43,1065.7176513671875,686.90576171875
300,44,1082.9676513671875,662.385009765625
300,45,953.8378295898438,911.8209228515625
300,46,977.3023071289062,878.7476806640625
300,47,999.8536376953125,846.3544311523438
300,48,1021.5322875976562,814.9898681640625
300,49,1042.19189453125,784.9932250976562
300,50,1061.879638671875,756.3590698242188
300,51,1080.3336181640625,728.8639526367188
300,52,1098.0159912109375,702.265869140625
300,53,1114.483642578125,677.5536499023438
300,54,990.5719604492188,932.4428100585938
300,55,1013.8301391601562,898.2942504882812
300,56,1035.977294921875,865.2135009765625
300,57,1056.93603515625,833.7152709960938
300,58,1077.18603515625,802.8721313476562
300,59,1096.11083984375,772.9715576171875
300,60,1114.1763916015625,744.9478759765625
300,61,1131.0291748046875,717.9876098632812
300,62,1147.1641845703125,691.8237915039062
301,0,802.4111328125,897.9482421875
301,1,822.6620483398438,875.2320556640625
301,2,842.2442626953125,852.9566040039062
301,3,861.2644653320312,831.0209350585938
301,4,879.3672485351562,809.9698486328125
301,9,829.8399047851562,914.8883056640625
301,10,850.0026245117188,891.2866821289062
301,11,869.1102294921875,868.3164672851562
301,12,887.8555908203125,845.7635498046875
301,13,905.92919921875,823.6455078125
301,18,858.1255493164062,932.747802734375
301,19,877.969970703125,908.0982666015625
301,20,896.8689575195312,883.9089965820312
301,21,915.2166748046875,860.57568359375
301,22,932.8577880859375,838.1248779296875
301,23,949.7599487304688,816.3570556640625
301,24,966.6790771484375,795.1077880859375
301,27,887.2838745117188,950.0241088867188
301,28,906.8443603515625,924.2171020507812
301,29,925.5633544921875,899.2869873046875
301,30,943.2999877929688,875.46826171875
301,31,960.7338256835938,852.308837890625
301,32,977.0345458984375,830.1004638671875
301,33,992.9423217773438,808.944091796875
301,36,917.5355224609375,966.9431762695312
301,37,936.583740234375,940.8469848632812
301,38,954.8668212890625,915.2347412109375
301,39,972.3192749023438,890.4677124023438
301,40,989.2217407226562,866.5342407226562
301,41,1005.3898315429688,844.0239868164062
301,42,1020.873046875,822.1052856445312
301,43,1035.2900390625,800.8842163085938
301,44,1049.1842041015625,780.26318359375
301,45,948.2271118164062,984.0919799804688
301,46,966.7664794921875,957.2666015625
301,47,984.7168579101562,931.1470947265625
301,48,1001.8602294921875,905.868408203125
301,49,1018.2521362304688,881.4192504882812
301,50,1033.5999755859375,858.0439453125
301,51,1048.5552978515625,835.5490112304688
301,52,1062.9276123046875,813.9487915039062
301,53,1076.06005859375,793.22119140625
301,54,979.81640625,1000.7416381835938
301,55,997.9501953125,973.0782470703125
301,56,1015.2177124023438,946.3367919921875
301,57,1031.85302734375,920.6364135742188
301,58,1047.771240234375,895.7145385742188
301,59,1062.693359375,871.42578125
301,60,1076.854736328125,848.6881713867188
301,61,1090.6219482421875,826.293212890625
301,62,1103.88623046875,804.6422729492188
302,0,929.628662109375,864.3270874023438
302,1,947.9828491210938,839.9231567382812
302,2,966.7376098632812,815.080322265625
302,3,985.2742309570312,789.5890502929688
302,4,1004.3726196289062,763.4154052734375
302,5,1023.12890625,736.7740478515625
302,6,1042.15625,709.9966430664062
302,7,1061.5953369140625,682.8463134765625
302,8,1080.646240234375,655.440673828125
302,9,949.1149291992188,884.8502807617188
302,10,968.1775512695312,860.3692626953125
302,11,987.1342163085938,835.0464477539062
302,12,1006.1404418945312,809.1672973632812
302,13,1025.2208251953125,782.4212036132812
302,14,1044.5306396484375,755.4500732421875
302,15,1064.4053955078125,728.2091064453125
302,16,1084.52978515625,700.6067504882812
302,17,1104.2467041015625,672.6268310546875
302,18,970.0567626953125,906.2899780273438
302,19,989.12109375,881.2900390625
302,20,1008.2008056640625,855.8421630859375
302,21,1027.7734375,829.6014404296875
302,22,1047.7685546875,802.5442504882812
302,23,1067.739990234375,775.0830688476562
302,24,1087.7030029296875,747.2166137695312
302,25,1108.0269775390625,718.9702758789062
302,26,1128.5655517578125,690.7474365234375
302,27,990.9225463867188,928.310546875
302,28,1010.2382202148438,902.98291015625
302,29,1029.974853515625,877.260986328125
302,30,1050.1209716796875,850.6142578125
302,31,1070.6673583984375,823.1356811523438
302,32,1091.2796630859375,795.2618408203125
302,33,1112.0257568359375,766.9984741210938
302,34,1132.821044921875,738.2058715820312
302,35,1153.531494140625,709.1281127929688
302,36,1011.828857421875,950.9468383789062
302,37,1032.091796875,925.5266723632812
302,38,1052.6553955078125,899.225341796875
302,39,1073.18896484375,872.45849609375
302,40,1094.2889404296875,844.576416015625
302,41,1115.5321044921875,816.3245239257812
302,42,1136.8951416015625,787.5450439453125
302,43,1158.106201171875,758.1651000976562
302,44,1179.6229248046875,728.4646606445312
302,45,1033.775146484375,973.8514404296875
302,46,1054.7178955078125,948.35595703125
302,47,1075.9752197265625,921.88330078125
302,48,1097.212158203125,894.7118530273438
302,49,1118.98974609375,866.5747680664062
302,50,1140.889892578125,837.92041015625
302,51,1162.806884765625,808.6974487304688
302,52,1184.783447265625,778.9498901367188
302,53,1206.6756591796875,748.8212890625
302,54,1055.511962890625,997.5733032226562
302,55,1077.13818359375,971.8243408203125
302,56,1099.0948486328125,945.217041015625
302,57,1121.8057861328125,917.7539672851562
302,58,1144.321044921875,889.2099609375
302,59,1166.6063232421875,860.2080078125
302,60,1189.3570556640625,830.66943359375
302,61,1211.9664306640625,800.4058837890625
302,62,1234.066162109375,769.4613647460938
303,1,1010.9022216796875,746.23779296875
303,2,1004.3778686523438,770.12548828125
303,3,997.7689208984375,793.343505859375
303,4,991.79296875,819.9186401367188
303,5,984.5146484375,845.990966796875
303,6,977.645263671875,873.6397094726562
303,7,969.907470703125,902.2554321289062
303,8,961.8118286132812,931.8483276367188
303,10,992.5721435546875,729.16943359375
303,11,985.8043212890625,751.9692993164062
303,12,979.2164916992188,776.9605102539062
303,13,972.1604614257812,801.6553344726562
303,14,965.00146484375,828.9443969726562
303,15,956.9795532226562,856.8764038085938
303,16,948.14453125,885.7490844726562
303,17,939.2097778320312,915.7268676757812
303,18,980.0321044921875,688.4695434570312
303,19,973.0485229492188,710.5922241210938
303,20,966.4114379882812,734.1708984375
303,21,959.1680297851562,758.8478393554688
303,22,951.5016479492188,784.2489013671875
303,23,943.254638671875,810.984375
303,24,935.0150756835938,838.834228515625
303,25,926.1332397460938,867.8319702148438
303,26,916.0838012695312,898.4156494140625
303,27,960.5963134765625,669.2362670898438
303,28,953.8973999023438,691.767822265625
303,29,946.497314453125,714.5375366210938
303,30,938.659423828125,739.257080078125
303,31,930.169189453125,765.1256103515625
303,32,921.177490234375,792.0538330078125
303,33,912.139404296875,819.896240234375
303,34,902.4597778320312,849.444091796875
303,35,892.4962768554688,880.0607299804688
303,37,933.90380859375,671.4913940429688
303,38,925.7811279296875,695.0436401367188
303,39,917.2655639648438,718.5958251953125
303,40,908.4271240234375,744.962890625
303,41,898.9219970703125,771.4334106445312
303,42,888.84326171875,800.0502319335938
303,43,878.400146484375,829.3692626953125
303,44,867.285400390625,860.427734375
303,46,913.1541137695312,651.3458862304688
303,47,904.208984375,674.205078125
303,48,895.2907104492188,698.578369140625
303,49,885.396728515625,723.8936157226562
303,50,874.8558959960938,751.2099609375
303,51,864.2049560546875,779.2167358398438
303,52,852.54345703125,809.1583862304688
303,53,840.3952026367188,840.3318481445312
303,54,902.0990600585938,608.0673217773438
303,55,892.895751953125,629.5855712890625
303,56,883.1859130859375,652.746826171875
303,57,872.4724731445312,676.8600463867188
303,58,861.92919921875,702.6113891601562
303,59,851.1671752929688,728.9830932617188
303,60,838.925537109375,757.6144409179688
303,61,826.3744506835938,787.3173217773438
303,62,814.13818359375,818.53515625
304,0,1194.6295166015625,473.07666015625
304,1,1186.63232421875,514.4773559570312
304,2,1178.6524658203125,554.5159301757812
304,3,1170.410400390625,593.5309448242188
304,4,1162.5145263671875,631.0594482421875
304,5,1154.272216796875,667.1419677734375
304,6,1146.2716064453125,701.596435546875
304,7,1138.3837890625,734.4227294921875
304,8,1130.8707275390625,765.437744140625
304,9,1152.1893310546875,463.1698303222656
304,10,1144.9898681640625,504.13385009765625
304,11,1137.88720703125,544.2140502929688
304,12,1130.4586181640625,583.147705078125
304,13,1123.0684814453125,621.025146484375
304,14,1115.77587890625,657.05224609375
304,15,1108.7467041015625,691.3704833984375
304,16,1102.0577392578125,723.688232421875
304,17,1095.3875732421875,754.874755859375
304,18,1110.57763671875,453.5750732421875
304,19,1104.3521728515625,494.40667724609375
304,20,1097.5487060546875,534.5791015625
304,21,1091.0416259765625,573.108154296875
304,22,1084.594482421875,610.6010131835938
304,23,1078.3275146484375,646.4452514648438
304,24,1071.7779541015625,680.910400390625
304,25,1065.8692626953125,713.8079223632812
304,26,1060.0626220703125,744.3980102539062
304,27,1069.47412109375,444.7111511230469
304,28,1063.6700439453125,485.5960388183594
304,29,1057.74169921875,525.2211303710938
304,30,1052.06396484375,563.5565795898438
304,31,1046.6265869140625,600.8848266601562
304,32,1041.02587890625,636.357421875
304,33,1035.51025390625,670.63232421875
304,34,1030.2493896484375,703.4224243164062
304,35,1025.2491455078125,734.6279907226562
304,36,1028.5645751953125,436.7740173339844
304,37,1023.4494018554688,477.130126953125
304,38,1018.6561889648438,516.2000732421875
304,39,1013.613037109375,554.4637451171875
304,40,1008.6911010742188,591.4747924804688
304,41,1004.1288452148438,626.9384155273438
304,42,999.6318359375,660.7672119140625
304,43,995.1766967773438,693.3305053710938
304,44,991.0767211914062,724.3884887695312
304,45,989.3836669921875,429.3701171875
304,46,985.2813720703125,469.0977783203125
304,47,981.051025390625,507.757568359375
304,48,976.655029296875,545.5205078125
304,49,972.486328125,582.1304931640625
304,50,968.8282470703125,617.1134033203125
304,51,965.1161499023438,650.8145141601562
304,52,961.5909423828125,682.9984741210938
304,53,958.5655517578125,713.734375
304,54,950.6790771484375,422.8132019042969
304,55,947.0362548828125,461.9059753417969
304,56,943.7018432617188,500.2124328613281
304,57,940.5133056640625,537.05029296875
304,58,937.2066040039062,573.1732177734375
304,59,933.7425537109375,608.1388549804688
304,60,931.0648803710938,641.2221069335938
304,61,928.4393310546875,673.379150390625
304,62,925.37646484375,704.4237060546875
305,0,1180.1702880859375,468.4687194824219
305,1,1173.087158203125,509.79071044921875
305,2,1166.086669921875,549.977783203125
305,3,1158.794189453125,589.153564453125
305,4,1151.773681640625,626.6397705078125
305,5,1144.511962890625,663.4140014648438
305,6,1137.420654296875,698.1392822265625
305,7,1130.27197265625,731.469482421875
305,8,1123.361572265625,763.0800170898438
305,9,1137.341064453125,460.79644775390625
305,10,1131.28369140625,502.0026550292969
305,11,1124.8355712890625,542.2044677734375
305,12,1118.382080078125,581.3109741210938
305,13,1111.91064453125,619.6139526367188
305,14,1105.5303955078125,656.2095336914062
305,15,1099.1336669921875,690.9640502929688
305,16,1093.109130859375,723.9801025390625
305,17,1086.9364013671875,755.7721557617188
305,18,1095.1790771484375,453.38153076171875
305,19,1089.428955078125,494.35015869140625
305,20,1083.643310546875,534.7588500976562
305,21,1078.1722412109375,573.7490844726562
305,22,1072.3433837890625,611.9029541015625
305,23,1066.8216552734375,648.2047119140625
305,24,1061.0791015625,683.4109497070312
305,25,1055.6717529296875,716.9779052734375
305,26,1050.6309814453125,748.348388671875
305,27,1052.9061279296875,446.2826232910156
305,28,1047.8594970703125,487.6247863769531
305,29,1042.906005859375,527.7634887695312
305,30,1037.769287109375,566.4965209960938
305,31,1033.0513916015625,604.5616455078125
305,32,1028.025146484375,640.7367553710938
305,33,1023.3798828125,675.718994140625
305,34,1018.806640625,709.3867797851562
305,35,1014.5222778320312,741.3003540039062
305,36,1010.6964721679688,440.3882141113281
305,37,1006.5191040039062,481.2423095703125
305,38,1002.085693359375,520.9511108398438
305,39,997.8222045898438,559.787841796875
305,40,993.6016235351562,597.76220703125
305,41,989.6550903320312,633.8302612304688
305,42,985.661376953125,668.3617553710938
305,43,981.9619750976562,701.9725952148438
305,44,978.3915405273438,734.043212890625
305,45,969.6931762695312,434.6151123046875
305,46,966.0662231445312,474.9682922363281
305,47,962.607177734375,514.5409545898438
305,48,958.9658203125,553.08154296875
305,49,955.4402465820312,590.599365234375
305,50,952.3460693359375,626.3765869140625
305,51,949.2176513671875,661.04443359375
305,52,946.3148193359375,694.1634521484375
305,53,943.640869140625,725.7073974609375
305,54,929.095947265625,429.6675109863281
305,55,925.982177734375,469.6175842285156
305,56,923.1481323242188,508.8443603515625
305,57,920.7722778320312,546.7119140625
305,58,917.9431762695312,583.9774169921875
305,59,915.3656616210938,619.7461547851562
305,60,913.119384765625,653.95751953125
305,61,911.1287841796875,686.9241943359375
305,62,908.6677856445312,718.9368286132812
306,0,789.049560546875,856.4075317382812
306,1,813.1945190429688,824.4798583984375
306,2,836.9917602539062,792.908447265625
306,3,860.2941284179688,761.2399291992188
306,4,883.4636840820312,730.3121948242188
306,5,905.9755859375,699.9347534179688
306,6,928.0484008789062,670.2448120117188
306,7,949.4758911132812,641.688720703125
306,8,970.3098754882812,613.8646850585938
306,9,821.1234741210938,879.3392333984375
306,10,845.1875610351562,846.9674682617188
306,11,868.9951782226562,814.4853515625
306,12,892.3304443359375,782.3309936523438
306,13,915.293701171875,750.200927734375
306,14,937.7283325195312,719.072021484375
306,15,959.6162719726562,689.0231323242188
306,16,980.900634765625,659.8831176757812
306,17,1001.4708251953125,631.4365234375
306,18,854.4210205078125,902.9452514648438
306,19,878.3889770507812,869.6793823242188
306,20,901.9860229492188,836.4312744140625
306,21,925.1131591796875,803.5995483398438
306,22,948.1326904296875,771.0626831054688
306,23,970.3175659179688,739.3380737304688
306,24,992.0601196289062,708.3632202148438
306,25,1013.0829467773438,678.2456665039062
306,26,1033.233154296875,649.41259765625
306,27,888.3073120117188,926.3341674804688
306,28,912.2373046875,892.2949829101562
306,29,935.7338256835938,858.4017333984375
306,30,958.94189453125,825.05615234375
306,31,981.7333984375,791.8485717773438
306,32,1003.81689453125,759.72412109375
306,33,1025.20849609375,728.0575561523438
306,34,1045.9075927734375,697.2880859375
306,35,1065.6826171875,667.4856567382812
306,36,923.0716552734375,949.8381958007812
306,37,947.0093383789062,915.086181640625
306,38,970.6392822265625,880.8506469726562
306,39,993.5018920898438,846.6196899414062
306,40,1016.08544921875,812.895751953125
306,41,1038.003173828125,779.97802734375
306,42,1059.0562744140625,747.8321533203125
306,43,1079.4376220703125,716.32861328125
306,44,1099.0045166015625,686.000732421875
306,45,958.3580932617188,972.9481201171875
306,46,982.2310180664062,937.8670654296875
306,47,1005.482666015625,903.0415649414062
306,48,1028.421875,868.3939208984375
306,49,1050.784912109375,834.0645141601562
306,50,1072.2437744140625,800.784912109375
306,51,1092.98681640625,767.8836059570312
306,52,1113.039794921875,736.0986328125
306,53,1132.026123046875,705.1962280273438
306,54,994.2195434570312,996.0451049804688
306,55,1017.9345703125,960.4054565429688
306,56,1041.239013671875,925.0050659179688
306,57,1063.8048095703125,890.1146850585938
306,58,1086.01806640625,855.2860107421875
306,59,1107.1036376953125,821.095947265625
306,60,1127.5130615234375,788.034423828125
306,61,1147.0064697265625,755.560791015625
306,62,1165.8468017578125,723.7709350585938
307,0,848.0191650390625,601.4902954101562
307,1,880.3175659179688,623.904052734375
307,2,912.9808959960938,646.5634155273438
307,3,945.972412109375,669.0322265625
307,4,979.0779418945312,691.5408935546875
307,5,1012.1790771484375,713.8309936523438
307,6,1044.9202880859375,735.9724731445312
307,7,1077.372802734375,758.0103149414062
307,8,1109.197509765625,779.6279907226562
307,9,825.0321044921875,632.6434936523438
307,10,857.7079467773438,655.2642822265625
307,11,890.8231811523438,678.158447265625
307,12,924.0857543945312,700.8479614257812
307,13,957.9105834960938,723.54150390625
307,14,991.3043212890625,746.125732421875
307,15,1024.505859375,768.5685424804688
307,16,1057.2451171875,790.80029296875
307,17,1089.72216796875,812.3262329101562
307,18,801.6302490234375,664.5762939453125
307,19,834.4733276367188,687.49951171875
307,20,867.9788208007812,710.3981323242188
307,21,901.6681518554688,733.3038330078125
307,22,935.662353515625,756.5526733398438
307,23,969.6659545898438,779.4782104492188
307,24,1003.38818359375,801.923828125
307,25,1036.89208984375,824.1473388671875
307,26,1069.4532470703125,846.0188598632812
307,27,777.9631958007812,696.7284545898438
307,28,811.1875,720.0907592773438
307,29,844.7864379882812,743.4108276367188
307,30,878.9149780273438,766.7308959960938
307,31,913.215576171875,790.1026611328125
307,32,947.372802734375,813.0735473632812
307,33,981.5762329101562,835.8065795898438
307,34,1015.5881958007812,858.1194458007812
307,35,1048.8350830078125,879.8755493164062
307,36,754.0457153320312,729.2032470703125
307,37,787.41943359375,752.976806640625
307,38,821.1875,776.9105224609375
307,39,855.5579223632812,800.5497436523438
307,40,890.2933959960938,824.0459594726562
307,41,925.0169677734375,847.374755859375
307,42,959.4630737304688,870.1385498046875
307,43,993.9301147460938,892.6196899414062
307,44,1027.6728515625,914.3220825195312
307,45,730.004150390625,762.2700805664062
307,46,763.5849609375,786.4032592773438
307,47,797.7570190429688,810.621337890625
307,48,832.2063598632812,834.205810546875
307,49,867.137939453125,858.3311767578125
307,50,902.0732421875,881.704345703125
307,51,937.0015258789062,904.411376953125
307,52,971.4861450195312,926.896484375
307,53,1005.7825317382812,948.6702880859375
307,54,705.7338256835938,795.5759887695312
307,55,739.4100341796875,819.9819946289062
307,56,773.9533081054688,844.24267578125
307,57,808.563232421875,868.750732421875
307,58,843.8433227539062,892.74853515625
307,59,879.210205078125,916.2515258789062
307,60,914.1718139648438,939.2178955078125
307,61,949.0682983398438,961.689697265625
307,62,983.9179077148438,983.3109741210938
308,0,847.305419921875,604.443359375
308,1,879.2896728515625,627.310791015625
308,2,911.5391235351562,650.3479614257812
308,3,943.9193115234375,673.1202392578125
308,4,976.5171508789062,696.0897827148438
308,5,1009.0452270507812,718.6959228515625
308,6,1041.12939453125,741.1631469726562
308,7,1072.8975830078125,763.4954833984375
308,8,1104.2047119140625,785.2500610351562
308,9,824.103271484375,635.298583984375
308,10,856.3015747070312,658.4067993164062
308,11,888.8654174804688,681.6227416992188
308,12,921.752197265625,704.6395263671875
308,13,954.8597412109375,727.7066040039062
308,14,987.883544921875,750.5947265625
308,15,1020.447021484375,773.415283203125
308,16,1052.436279296875,795.780029296875
308,17,1084.2032470703125,817.7725219726562
308,18,800.3985595703125,666.8619384765625
308,19,832.9037475585938,690.15771484375
308,20,865.9238891601562,713.366455078125
308,21,899.0906982421875,736.799560546875
308,22,932.4741821289062,760.3133544921875
308,23,965.8505859375,783.4002075195312
308,24,998.8682861328125,806.129638671875
308,25,1031.70458984375,828.6577758789062
308,26,1063.684326171875,850.6198120117188
308,27,776.6041870117188,698.7437744140625
308,28,809.3878784179688,722.2477416992188
308,29,842.5875854492188,745.9302368164062
308,30,875.995361328125,769.7176513671875
308,31,909.8486938476562,793.1797485351562
308,32,943.40869140625,816.6422119140625
308,33,976.7393188476562,839.6075439453125
308,34,1010.0803833007812,862.0177612304688
308,35,1042.8055419921875,883.9620971679688
308,36,752.2841796875,730.7486572265625
308,37,785.2952270507812,754.8844604492188
308,38,818.7196044921875,778.9843139648438
308,39,852.2612915039062,803.0076293945312
308,40,886.6387939453125,826.8462524414062
308,41,920.7747192382812,850.2227172851562
308,42,954.3836669921875,873.2743530273438
308,43,988.2462158203125,895.8951416015625
308,44,1021.2186889648438,917.9078979492188
308,45,728.054931640625,763.1144409179688
308,46,761.2922973632812,787.776611328125
308,47,794.9544677734375,812.1563720703125
308,48,828.821533203125,836.3045043945312
308,49,863.1339721679688,860.4486694335938
308,50,897.607421875,883.9913330078125
308,51,931.8399658203125,906.9896850585938
308,52,965.6494750976562,929.6488647460938
308,53,999.0419311523438,951.3660278320312
308,54,703.9002685546875,796.0321655273438
308,55,737.0626220703125,820.7630004882812
308,56,770.8497314453125,845.4112548828125
308,57,805.0010375976562,870.08349609375
308,58,839.7691650390625,894.3308715820312
308,59,874.3930053710938,918.0478515625
308,60,908.673828125,941.0831298828125
308,61,942.8302001953125,963.7092895507812
308,62,976.9029541015625,985.3698120117188
